index,query,summary,label,rationale
0,What is State Bank of India's ticker symbol and on which exchange(s) does it trade?,"**Summary of Knowledge Graph:**

1. **Starting and Ending Entities:** The starting entity is **State Bank of India (SBI)**, and the ending entities are its various financial metrics, ownership stakes, operational networks, and key competitors.
2. **Business/Financial Explanation:** The knowledge graph outlines SBI's massive financial scale as India's largest bank, highlighting its strong low-cost funding base (CASA ratio), extensive physical and digital distribution network, and robust capital adequacy. It also captures key risk factors, regulatory oversight, and major stakeholders like the Government of India and institutional investors. 
3. **Important Numerical Facts:** SBI operates roughly 22,500 branches and 65,000 ATMs, reported a CASA ratio of 39.24% in the June 2026 quarter, and maintains a capital adequacy ratio of 15.67% alongside advances growing to ₹42.76 trillion by Q1 FY27. Additionally, the Government of India holds a majority ownership stake of 55.03% in the bank.",Not relevant,"Summary omits the ticker symbol and exchange entirely, covering unrelated financial metrics instead."
1,"Who is the current MD & CEO (or Chairman, where that is the top executive title) of State Bank of India?","Based on the knowledge graph path, the starting entity is C S Setty and the ending entity is State Bank of India. C S Setty holds the top executive role of Chairman at the State Bank of India.",Relevant,Directly names C S Setty as the top executive (Chairman) of SBI as asked.
2,"What percentage of State Bank of India is held by its government promoter or largest shareholder, and as of what date?","**Summary:**

1. **Starting and Ending Entities:** The starting entity is **State Bank of India (SBI)**, and the ending entities consist of its various financial metrics, operational data, ownership structures, and regulatory relationships.
2. **Business/Financial Explanation:** The knowledge graph details the core financial standing, operational scale, and governance of the State Bank of India. It highlights SBI's massive nationwide footprint (including approximately 22,500 branches and 65,000 ATMs), its funding base driven by a strong CASA ratio, its technology and digital strategies via Finacle and the YONO platform, and its key risks such as asset quality and corporate loan exposure.
3. **Important Numerical Facts:** Key figures include a CASA ratio of 39.24% (June 2026 quarter), total advances growing to ₹42.76 trillion (Q1 FY27), a capital adequacy ratio of 15.67%, a cost-to-income ratio of 46.71%, a majority government ownership stake of 55.03%, and a vast physical network of roughly 22,500 branches and 65,000 ATMs.",Somewhat relevant,Gives the government's 55.03% stake but never states the date it applies to.
3,What was State Bank of India's CASA ratio in the most recently reported quarter?,"Based on the provided knowledge graph path, the starting entity is State Bank of India and the ending entity is its domestic loan book. In the June 2026 quarter, State Bank of India expanded this loan book to ₹42.76 trillion, representing an 18.15% year-on-year increase.",Not relevant,Answers with domestic loan book growth instead of the CASA ratio that was asked.
4,What is State Bank of India's net interest margin (NIM) for the latest reported period?,"Based on the provided knowledge graph data, the starting entity is **State Bank of India (SBI)** and the ending entities include its various financial metrics, ownership stakes, and operational characteristics (such as its major stakeholders, credit ratings, and performance indicators). 

The graph outlines State Bank of India's robust financial profile, highlighting key figures such as a 39.24% CASA ratio and advances growing to ₹42.76 trillion by the end of Q1 FY27. It also captures the bank's governance and ownership structure, noting that the Government of India is the majority owner with a 55.03% stake, alongside institutional backing from entities like LIC (8.70%). Finally, the data details SBI's operational scale—including roughly 22,500 branches and 65,000 ATMs—as well as its regulatory oversight and credit ratings from major agencies like Moody's, S&P, and Fitch.",Not relevant,"Never mentions NIM; covers CASA ratio, advances and ownership instead."
5,What are State Bank of India's gross NPA and net NPA ratios?,"Based on the provided knowledge graph data, the starting entity is **State Bank of India** and the ending entity is its various financial metrics and operational assets (such as **advances of ₹42.76 trillion** and a **capital adequacy ratio of 15.67%** as of Q1 FY27). 

State Bank of India operates as a major universal bank backed by a majority government stake of 55.03% and extensive infrastructure, including roughly 22,500 branches and 65,000 ATMs. Financially, the bank maintains a solid position with a CASA ratio of 39.24% and a cost-to-income ratio of 46.71% as of the June 2026 quarter, while navigating key risks like corporate and unsecured retail loan exposure.",Not relevant,Does not give gross or net NPA figures at all.
6,"What is State Bank of India's capital adequacy ratio (CRAR), and its CET1 ratio if disclosed?","Based on the provided knowledge graph data, the starting entity is **State Bank of India (SBI)** and the ending entities are its various financial metrics, ownership stakes, and operational features. 

State Bank of India is majority-owned by the Government of India with a **55.03%** stake, while maintaining a strong capital adequacy ratio of **15.67%** and advances growing to **₹42.76 trillion** by the end of Q1 FY27. The bank operates via a massive distribution network of roughly **22,500 branches** and **65,000 ATMs**, anchored by a low-cost CASA ratio of **39.24%** recorded in the June 2026 quarter. Additionally, it faces key risks primarily driven by asset quality and corporate loan exposure, while maintaining long-term issuer ratings in the **BBB-** and **Baa2/Baa3** ranges from agencies like S&P, Fitch, and Moody's.",Relevant,Directly provides the capital adequacy ratio (15.67%) that was asked.
7,What are State Bank of India's return on assets (ROA) and return on equity (ROE) for the latest quarter?,"Based on the provided knowledge graph data, here is the summary of the relationship path:

1. **Starting and Ending Entities:** The starting entity is **State Bank of India (SBI)**, and the ending entities are its various financial metrics, operational scale, and key stakeholders (such as the Government of India and major institutional investors).

2. **Business/Financial Explanation:** The graph outlines State Bank of India as a dominant universal bank under government ownership, driven by a massive branch and ATM network, proprietary digital platforms like YONO, and core Finacle technology. Financially, the bank maintains robust capital adequacy and low-cost funding via a strong CASA ratio, though it manages key risk drivers such as asset quality and large corporate loan exposure.

3. **Numerical Facts:** Key metrics include a majority government ownership stake of **55.03%**, a CASA ratio of **39.24%** (June 2026), advances reaching **₹42.76 trillion** (Q1 FY27), a capital adequacy ratio of **15.67%**, and a vast physical footprint comprising roughly **22,500 branches** and **65,000 ATMs**.",Not relevant,Does not mention ROA or ROE anywhere in the summary.
8,What was State Bank of India's total advances (loan book) and deposit growth in the latest quarter?,"Based on the provided knowledge graph, the starting entity is **State Bank of India (SBI)** and the ending entities are its various financial metrics, operational scale, and key stakeholders. 

State Bank of India is a majority government-owned institution (55.03% stake) and the largest bank in India by assets, operating a vast network that includes approximately 22,500 branches and 65,000 ATMs. Financially, the bank reported advances growing to ₹42.76 trillion, a strong CASA ratio of 39.24%, and a comfortable capital adequacy ratio of 15.67% as of the June 2026 quarter. It maintains investment-grade credit ratings in the BBB- and Baa2/Baa3 ranges from major agencies such as S&P, Fitch, and Moody's, while being primarily regulated by the Reserve Bank of India.",Somewhat relevant,Gives an advances figure but no explicit growth rate and omits deposit growth entirely.
9,"What credit ratings has State Bank of India received, and from which rating agencies?","Based on the provided knowledge graph path, the starting entity is **State Bank of India** and the ending entities are major credit rating agencies (**S&P, Fitch, and Moody's**). 

The path shows that State Bank of India holds historical long-term issuer and deposit ratings in the BBB- range from S&P and Fitch, as well as the Baa2/Baa3 range from Moody's. These ratings reflect the bank's historical creditworthiness as assessed by these global agencies.",Relevant,"Names S&P, Fitch and Moody's along with SBI's rating levels as requested."
10,"Roughly how many branches and ATMs does State Bank of India operate, and as of what date?","1. **Starting and Ending Entities:** The starting entity is State Bank of India, and the ending entity is its distribution and ATM network.
2. **Business/Financial Summary:** State Bank of India maintains an extensive physical presence across India to serve its customer base. 
3. **Numerical Facts:** The bank leverages roughly 22,500 branches (the largest in India) and operates approximately 65,000 ATMs nationwide.",Somewhat relevant,Gives branch and ATM counts but omits the as-of date requested.
11,"What products and services does State Bank of India offer, and which customer segments does it serve?","1. **Starting entity:** State Bank of India; **Ending entity:** Customers (Retail banking products/Cards).
2. State Bank of India offers both credit cards and debit cards directly to its customers as part of its retail banking product lineup. 
3. This retail relationship enables individual customers to access essential payment and banking products directly through the bank.",Somewhat relevant,"Only mentions cards, missing the broader product/service and segment picture requested."
12,What is Bank of Baroda's ticker symbol and on which exchange(s) does it trade?,"1. **Starting and Ending Entities:** The starting entity is **Bank of Baroda**, and the ending entities are its financial performance metrics and credit ratings evaluated by **ICRA**.

2. **Simple Business/Financial Language:** Bank of Baroda is a public sector universal bank that relies on a mix of low-cost CASA balances, bulk deposits, and bond programmes for funding. In Q1 FY27, the bank experienced shifts in its funding base and a temporary drop in net profit due to a legal settlement, while maintaining solid asset quality and capital adequacy.

3. **Important Numerical Facts:** 
   - In Q1 FY27, Bank of Baroda's global deposits reached ₹16,33,559 crore (up 13.8%) and domestic deposits hit ₹13,81,535 crore (up 14.7%).
   - Net profit fell 72% year-on-year to ₹1,278 crore due to a one-off legal settlement, impacting the return on assets to 0.25% (or 1.10% excluding the hit).
   - Asset quality improved, with the gross NPA ratio dropping to 1.99% and the net NPA ratio standing at 0.50%, alongside a standalone capital adequacy ratio of 16.30%.",Not relevant,Does not state Bank of Baroda's ticker or exchange listing.
13,"Who is the current MD & CEO (or Chairman, where that is the top executive title) of Bank of Baroda?","Based on the knowledge graph path, the starting entity is **Bank of Baroda** and the ending entities include various organizational attributes such as its status as a **Public Sector Bank** in **India**. Bank of Baroda is a publicly listed universal bank on the NSE and BSE under the ticker **BANKBARODA**, operating as a Government of India-owned institution. Headquartered in Vadodara, Gujarat, the bank extends its banking sector operations across **24 countries**.",Not relevant,"Discusses ticker, ownership and geography instead of naming the CEO/Chairman."
14,"What percentage of Bank of Baroda is held by its government promoter or largest shareholder, and as of what date?","Based on the knowledge graph data, here is the summary of the relationship path:

**1. Starting and Ending Entities:**
* **Starting Entity:** Bank of Baroda
* **Ending Entities:** Various financial metrics, regulatory bodies (RBI, SEBI), credit rating agencies (ICRA), and operational outputs for Q1 FY27.

**2. Simple Business/Financial Summary:**
The knowledge graph outlines the operational, financial, and regulatory profile of Bank of Baroda during Q1 FY27. It highlights the bank's funding structure—notably its reliance on deposits, certificates of deposit, and a ₹10,000 crore green infrastructure bond programme—alongside its regulatory oversight by the RBI and SEBI, and credit ratings by ICRA. 

**3. Important Numerical Facts:**
In Q1 FY27, Bank of Baroda reported global deposits of ₹16,33,559 crore (up 13.8%) and domestic deposits of ₹13,81,535 crore (up 14.7%), while its CASA ratio moderated to 37.72%. The bank achieved a net interest income of ₹12,524 crore (a 9.5% increase), though its net profit fell 72% year-on-year to ₹,1278 crore due to a one-off legal settlement, resulting in a return on assets of 0.25% and a return on equity of 3.89%. Additionally, asset quality improved with a gross NPA ratio of 1.99% and a net NPA of 0.50%.",Not relevant,"Never states the government's ownership percentage or a date, despite that being the question."
15,What was Bank of Baroda's CASA ratio in the most recently reported quarter?,"Based on the provided knowledge graph path, the starting entity is Bank of Baroda and the ending entity is wealth management services. Bank of Baroda directly provides wealth management services to its clients. This relationship highlights the bank's active involvement in the financial services sector.",Not relevant,"Answers about wealth management services, unrelated to the CASA ratio question."
16,What is Bank of Baroda's net interest margin (NIM) for the latest reported period?,"**1. Starting and Ending Entity:** 
* Starting Entity: Bank of Baroda
* Ending Entity: ICRA (Credit Rating Agency) / Various financial metrics for Q1 FY27

**2 & 3. Simple Business/Financial Summary & Numerical Facts:** 
Bank of Baroda is a public sector universal bank whose debt instruments are rated by ICRA, including an AA+ Stable rating for its AT-1 bonds and an AAA rating for its ₹10,000 crore green infrastructure bond programme. In Q1 FY27, the bank reported global deposits of ₹16,33,559 crore (up 13.8%) and a net profit of ₹1,278 crore—which fell 72% year-on-year due to a one-off legal settlement—alongside a standalone capital adequacy ratio of 16.30%.

**4 & 5. Constraints Check:** 
The summary accurately reflects the provided knowledge graph relationships and numerical data within 3 sentences without inventing external facts.",Not relevant,Does not mention NIM; focuses on credit ratings and other financial metrics.
17,What are Bank of Baroda's gross NPA and net NPA ratios?,"1. **Starting and Ending Entities:** The starting entity is **Bank of Baroda**, and the ending entities are its various financial metrics, funding instruments, and operational risk factors evaluated during **Q1 FY27**.

2. **Simple Business/Financial Explanation:** Bank of Baroda is a public sector universal bank that manages its funding through a mix of low-cost CASA balances, term deposits, green infrastructure bonds, and wholesale funding sources like certificates of deposit. During Q1 FY27, the bank experienced a shift toward costlier wholesale funding alongside a slight decline in its CASA ratio, while maintaining strong asset quality with reduced gross and net NPA ratios. 

3. **Important Numerical Facts:** In Q1 FY27, Bank of Baroda's domestic deposits reached ₹13,81,535 crore (up 14.7%) and global deposits hit ₹16,33,559 crore (up 13.8%), while bulk deposits and certificates of deposit grew by 37.0%. The bank's CASA ratio stood at 37.72%, its gross NPA ratio improved to 1.99%, and its net profit fell 72% year-on-year to ₹1,278 crore due to a one-off legal settlement.",Somewhat relevant,Gives the gross NPA ratio numerically but only describes net NPA qualitatively without a figure.
18,"What is Bank of Baroda's capital adequacy ratio (CRAR), and its CET1 ratio if disclosed?","1. **Starting Entity:** Bank of Baroda; **Ending Entity:** ICRA (Credit Rating Agency).

2. **Explanation of the Path:** Bank of Baroda is evaluated and rated by the credit rating agency ICRA, which provides credit assessments for the bank's financial instruments, such as reaffirming an AA+ Stable rating for its AT-1 bonds and assigning an AAA rating to its green infrastructure bond programme.

3. **Numerical Facts:** The knowledge graph highlights specific financial instruments rated by ICRA, notably Bank of Baroda's ₹10,000 crore green infrastructure bond programme.",Not relevant,"Does not mention CRAR or CET1, discussing bond ratings instead."
19,What are Bank of Baroda's return on assets (ROA) and return on equity (ROE) for the latest quarter?,"Based on the provided knowledge graph, here is the summary:

1. **Starting and Ending Entities:** The starting entity is **Bank of Baroda**, and the ending entity is **ICRA** (the credit rating agency).
2. **Business/Financial Summary:** Bank of Baroda is evaluated and rated by the credit rating agency ICRA for its various financial instruments. Specifically, ICRA assigned an AAA rating to the bank's ₹10,000 crore green infrastructure bond programme and reaffirmed an AA+ Stable rating for its AT-1 bonds. 
3. **Numerical Facts:** The relationships involve a ₹10,000 crore green infrastructure bond programme rated AAA, alongside AT-1 bonds rated AA+ Stable by ICRA.",Not relevant,Does not mention ROA or ROE; discusses bond ratings instead.
20,What was Bank of Baroda's total advances (loan book) and deposit growth in the latest quarter?,"1. **Starting and Ending Entities:** The starting entity is **Bank of Baroda**, and the ending entities are its financial performance metrics and credit ratings evaluated by **ICRA**.

2. **Business/Financial Summary:** Bank of Baroda is a public sector universal bank that experienced a 72% year-on-year drop in Q1 FY27 net profit to ₹1,278 crore due to a one-off legal settlement. Despite this profit dip, the bank grew its global advances by 17.4% and maintained strong asset quality with a gross NPA ratio of 1.99%. 

3. **Numerical Facts:** Key metrics for Q1 FY27 include global deposits reaching ₹16,33,559 crore (up 13.8%), a net interest income of ₹12,524 crore (up 9.5%), a standalone capital adequacy ratio of 16.30%, and a CET1 ratio of 13.90%. Additionally, ICRA rated the bank's ₹10,000 crore green infrastructure bond programme as AAA and reaffirmed its AT-1 bonds at AA+ Stable.",Relevant,Provides both advances growth (17.4%) and deposit growth (13.8%) as asked.
21,"What credit ratings has Bank of Baroda received, and from which rating agencies?","Based on the knowledge graph path, the starting entity is **Bank of Baroda** and the ending entities are **ICRA-rated bond issuances**. Specifically, ICRA reaffirmed an **AA+ Stable rating** on Bank of Baroda's AT-1 bonds and assigned an **AAA rating** to its **₹10,000 crore** green infrastructure bond programme.",Relevant,Names ICRA and the specific ratings given to Bank of Baroda's bonds.
22,"Roughly how many branches and ATMs does Bank of Baroda operate, and as of what date?",,Not relevant,No summary/answer was produced by the pipeline — there is no assistant output to address the user's request.
23,"What products and services does Bank of Baroda offer, and which customer segments does it serve?","Based on the provided knowledge graph path, the starting entity is **Bank of Baroda** and the ending entities are its various organizational and market attributes. Headquartered in Vadodara, Gujarat, Bank of Baroda is a Government of India-owned public sector bank operating in 24 countries within the banking sector. It is publicly listed on the NSE and BSE under the ticker BANKBARODA.",Not relevant,"Covers headquarters, ownership and listing but not products/services or customer segments."
24,What is Punjab National Bank's ticker symbol and on which exchange(s) does it trade?,"This knowledge graph path connects **Ashok Chandra** (and other key figures, stakeholders, and attributes) to **Punjab National Bank**. Punjab National Bank is an operational universal bank headquartered in New Delhi and Dwarka, with leadership that includes MD & CEO Ashok Chandra and non-executive chairman K G Ananthakrishnan. Financially, the bank is majority-owned by the Government of India with a 70.08% stake, while foreign institutional investors (FIIs), NRIs, and OCBs collectively hold 6.59%, and mutual funds hold 6.53% (alongside additional stakes held by LIC).",Not relevant,Does not give PNB's ticker or exchange; discusses leadership and ownership instead.
25,"Who is the current MD & CEO (or Chairman, where that is the top executive title) of Punjab National Bank?","1. **Starting and Ending Entities:** The starting entity is Punjab National Bank, which connects to various organizational attributes and descriptors such as its classification as a Public Sector Bank and its country, India.

2. **Business/Financial Summary:** Punjab National Bank is a Government of India-owned universal bank headquartered in New Delhi, operating within the banking industry and sector. It is publicly listed on both the NSE and BSE exchanges under the ticker symbol ""PNB"".",Not relevant,Gives ticker/listing details instead of naming the current MD & CEO/Chairman.
26,"What percentage of Punjab National Bank is held by its government promoter or largest shareholder, and as of what date?","**Starting Entity:** Ashok Chandra / K G Ananthakrishnan (Leadership) and Punjab National Bank  
**Ending Entity:** Punjab National Bank's Ownership and Headquarters  

**Summary:**  
Punjab National Bank is an operational universal bank headquartered in New Delhi and Dwarka, led by MD & CEO Ashok Chandra and non-executive chairman K G Ananthakrishnan. The bank's ownership is heavily backed by the Government of India with a controlling 70.08% stake. Additionally, institutional and other investors hold significant portions, including a combined 6.59% stake shared by FIIs, NRIs, and OCBs, as well as a 6.53% stake held by mutual funds and an unspecified holding by LIC.",Somewhat relevant,States the 70.08% government stake but no date.
27,What was Punjab National Bank's CASA ratio in the most recently reported quarter?,"Based on the provided knowledge graph path, the starting entity is **Punjab National Bank**, and the ending entity is an **operational universal bank**. In simple business terms, Punjab National Bank operates as a universal bank providing comprehensive financial services. No specific numerical facts were included in the provided path data.",Not relevant,Explicitly states no CASA ratio figure is available in the summary.
28,What is Punjab National Bank's net interest margin (NIM) for the latest reported period?,"Based on the knowledge graph path, the starting entity is **Ashok Chandra** (linked through his executive role) and the ending entity is **Punjab National Bank**. 

Ashok Chandra serves as the MD & CEO of Punjab National Bank, which is headquartered in both Dwarka and New Delhi and operates as a universal bank. The bank is majority-owned by the Government of India with a 70.08% stake, while Foreign Institutional Investors (FIIs), Non-Resident Indians (NRIs), and Overseas Corporate Bodies (OCBs) share a 6.59% ownership stake, and mutual funds hold 6.53%. Additionally, the bank is led by K G Ananthakrishnan as non-executive chairman and also has ownership holdings from LIC.",Not relevant,Does not mention NIM; covers leadership and ownership structure instead.
29,What are Punjab National Bank's gross NPA and net NPA ratios?,"This knowledge graph path connects **Ashok Chandra** (the MD & CEO) to **Punjab National Bank**, detailing the bank's leadership, operational status, headquarters, and ownership structure. The Government of India is the majority owner with a **70.08%** stake, while Foreign Institutional Investors (FIIs), Non-Resident Indians (NRIs), and Overseas Corporate Bodies (OCBs) collectively hold **6.59%**, and mutual funds hold **6.53%**.",Not relevant,Does not give gross or net NPA figures.
30,"What is Punjab National Bank's capital adequacy ratio (CRAR), and its CET1 ratio if disclosed?","**Summary:**

1. **Entities:** The starting entity is **Ashok Chandra** (along with other institutional relationships), and the ending entity is **Punjab National Bank (PNB)**. 
2. **Business Explanation:** Ashok Chandra serves as the MD & CEO of PNB, which is an operational universal bank headquartered in New Delhi and Dwarka. 
3. **Numerical Facts:** The bank is majority-owned by the Government of India with a **70.08%** stake, while Foreign Institutional Investors (FIIs), Non-Resident Indians (NRIs), and Overseas Corporate Bodies (OCBs) share a **6.59%** holding, and mutual funds hold **6.53%**.",Not relevant,Does not mention CRAR or CET1 at all.
31,What are Punjab National Bank's return on assets (ROA) and return on equity (ROE) for the latest quarter?,"**Starting Entity:** Ashok Chandra  
**Ending Entity:** Punjab National Bank  

Ashok Chandra serves as the MD & CEO of Punjab National Bank, an operational universal bank headquartered in New Delhi and Dwarka. The bank's leadership also includes K G Ananthakrishnan as non-executive chairman. Its ownership is heavily backed by the Government of India with a 70.08% stake, alongside institutional and foreign investments such as FIIs, NRIs, and OCBs holding a combined 6.59%, and mutual funds holding 6.53%.",Not relevant,Does not mention ROA or ROE.
32,What was Punjab National Bank's total advances (loan book) and deposit growth in the latest quarter?,"The knowledge graph path connects the starting entity, **Punjab National Bank (PNB)**, to various leadership, institutional stakeholders, and corporate details. PNB is a universal bank headquartered in New Delhi and Dwarka, led by Non-Executive Chairman K G Ananthakrishnan and MD & CEO Ashok Chandra. Major financial stakeholders include the Government of India with a dominant 70.08% ownership stake, alongside foreign institutional investors (FIIs), Non-Resident Indians (NRIs), and Overseas Corporate Bodies (OCBs) sharing a combined 6.59% stake, and mutual funds holding 6.53%.",Not relevant,Does not give advances or deposit growth figures.
33,"What credit ratings has Punjab National Bank received, and from which rating agencies?","Based on the knowledge graph path, the starting entity is **Punjab National Bank**, and the ending entities include its classification as a **Public Sector Bank** operating in the **banking industry**. 

Punjab National Bank is a Government of India-owned universal bank headquartered in New Delhi, operating within the banking sector in India. It is a publicly listed institution on the NSE and BSE under the ticker symbol ""PNB"".",Not relevant,Does not name any credit rating agency or rating for PNB.
34,"Roughly how many branches and ATMs does Punjab National Bank operate, and as of what date?",,Not relevant,No summary/answer was produced by the pipeline — there is no assistant output to address the user's request.
35,"What products and services does Punjab National Bank offer, and which customer segments does it serve?","**Summary:**

The starting entity is Punjab National Bank, which is connected to several descriptive attributes ending with its stock exchange listings on the NSE and BSE. Headquartered in New Delhi, India, it operates as a Government of India-owned universal public sector bank within the banking industry. The institution is publicly listed under the ticker symbol ""PNB"".",Not relevant,"Does not describe products/services or customer segments, only listing/ownership facts."
36,What is Canara Bank's ticker symbol and on which exchange(s) does it trade?,"Based on the provided knowledge graph, the starting entity is **Canara Bank** and the ending entities are its various operational, financial, and risk attributes (such as its **Q1 FY27 financial metrics** and **market exposures**). 

Canara Bank is a major universal bank headquartered in Bengaluru, Karnataka, operating a robust network of 9,861 branches and 7,907 ATMs as of June 2025. Financially, the bank reported a solid return on equity of 18.31% and a return on assets of 1.04% for Q1 FY27, alongside a strong asset quality highlighted by a gross NPA of 1.57% and a provision coverage of 94.76%. While it demonstrates strong advances growth of 17.97%, it faces specific operational challenges, including funding risk tied to a lower CASA ratio of 29.70% and credit risks linked to agricultural seasonality in South India.",Not relevant,Does not give Canara Bank's ticker or exchange; covers unrelated operational/financial metrics.
37,"Who is the current MD & CEO (or Chairman, where that is the top executive title) of Canara Bank?","Based on the provided knowledge graph data, the starting entity is **Canara Bank** and the ending entities include its various descriptive attributes, such as being a **Public Sector Bank** located in **India**. Canara Bank is a Government of India-owned universal bank headquartered in Bengaluru, Karnataka, operating within the banking sector. It is a publicly listed entity trading on the NSE and BSE under the ticker symbol **CANBK**.",Not relevant,Gives ticker and listing info instead of naming the CEO/Chairman.
38,"What percentage of Canara Bank is held by its government promoter or largest shareholder, and as of what date?","**1. Starting and Ending Entity:** 
The starting and ending entity in this knowledge graph is **Canara Bank** (acting as the central subject across a union of operational, financial, and risk-related attributes).

**2. Financial Summary:**
Canara Bank is a major universal bank headquartered in Bengaluru, Karnataka, backed by a 62.93% Government of India ownership stake and led by MD & CEO Brajesh Kumar Singh. Operationally, the bank runs a robust network consisting of 9,861 branches, 7,907 ATMs, and 2,940 cash-recycling machines as of June 2025, while maintaining diverse international operations and cross-selling insurance and asset-management products through joint ventures. Financially, it reported a solid Q1 FY27 performance with a 17.17% capital adequacy ratio, a 1.04% return on assets, an 18.31% return on equity, and a low gross NPA of 1.57%. However, the bank faces funding risks due to a lower CASA base of 29.70% and credit risks tied to the seasonality of its agricultural book.",Somewhat relevant,States the 62.93% government stake but no date for it.
39,What was Canara Bank's CASA ratio in the most recently reported quarter?,"Based on the provided knowledge graph path, the starting entity is **Canara Bank** and the ending entity is its **agricultural credit expansion**. In simple financial terms, Canara Bank's future business growth is primarily driven by the continued expansion of its agricultural lending portfolio. This summary relies solely on the provided relationship without introducing external facts or figures.",Not relevant,"Answers about agricultural credit expansion, not the CASA ratio."
40,What is Canara Bank's net interest margin (NIM) for the latest reported period?,"**Starting Entity:** Canara Bank  
**Ending Entity:** Various financial and operational attributes (such as Q1 FY27 CET1 of 12.91%, gross NPA of 1.57%, and a 62.93% Government of India ownership stake as of March 2026).

**Summary:**  
Canara Bank operates a vast network spanning 9,861 branches and 7,907 ATMs as of June 2025, backed by a universal banking license and majority ownership (62.93%) by the Government of India. Financially, the bank reported a robust profile for Q1 FY27, including a capital adequacy ratio of 17.17%, a CET1 ratio of 12.91%, a gross NPA of 1.57%, and a strong return on equity of 18.31%. However, the knowledge graph also highlights specific vulnerabilities, such as potential funding risks tied to a lower CASA ratio of 29.70% and economic exposure to monsoon-linked agricultural seasonality.",Not relevant,"Does not mention NIM; covers CET1, NPA and ownership instead."
41,What are Canara Bank's gross NPA and net NPA ratios?,"Based on the provided knowledge graph data, the starting entity is **Canara Bank** and the ending entities are its various operational metrics, risks, and characteristics. 

Canara Bank is a major financial institution headquartered in Bengaluru, Karnataka, with majority ownership of 62.93% held by the Government of India as of March 2026. Operationally, the bank maintains an extensive network comprising 9,861 branches and 7,907 ATMs as of June 2025, while holding a strong market presence in retail, agricultural, and MSME sectors. Financially, it reported a robust return on equity of 18.31%, a return on assets of 1.04%, and a capital adequacy ratio of 17.17% for Q1 FY27, alongside solid asset quality reflected by a gross NPA of 1.57% and a net NPA of 0.36%.",Relevant,Gives both gross NPA (1.57%) and net NPA (0.36%) as asked.
42,"What is Canara Bank's capital adequacy ratio (CRAR), and its CET1 ratio if disclosed?","1. **Starting and Ending Entities:** The starting entity is **Canara Bank**, and the ending entities are its various financial metrics, operational networks, and risk factors as of Q1 FY27.

2. **Simple Business/Financial Explanation:** Canara Bank is a major universal bank headquartered in Karnataka, India, operating a vast network of 9,861 branches and 7,907 ATMs as of June 2025. The bank maintains strong profitability with a return on equity of 18.31% and a return on assets of 1.04%, alongside solid asset quality highlighted by a gross NPA of 1.57% and a provision coverage ratio of 94.76%. 

3. **Important Numerical Facts:** As of Q1 FY27, Canara Bank reported a capital adequacy ratio of 17.17%, a CET1 ratio of 12.91%, a CASA ratio of 29.70%, and a cost-to-income ratio of 49.03%. Additionally, the Government of India holds a 62.93% ownership stake in the bank as of March 2026.",Relevant,Gives both CRAR (17.17%) and CET1 (12.91%) as asked.
43,What are Canara Bank's return on assets (ROA) and return on equity (ROE) for the latest quarter?,"1. **Starting and Ending Entities:** The starting entity is **Canara Bank**, and the ending entities include its various financial metrics, risk factors, and operational attributes (such as its Q1 FY27 CASA ratio of 29.70% and net NPA of 0.36%).

2. **Simple Business/Financial Explanation:** Canara Bank is a major universal bank headquartered in Karnataka, India, operating a large domestic network of 9,861 branches and 7,907 ATMs as of June 2025 alongside international operations. The bank demonstrates solid financial health and profitability, posting a return on equity (ROE) of 18.31% and a return on assets (ROA) of 1.04% for Q1 FY27, alongside strong asset quality represented by a gross NPA of 1.57% and a provision coverage ratio of 94.76%. 

3. **Important Numerical Facts:** 
   - Canara Bank operates **9,861 branches** and **7,907 ATMs** as of June 2025.
   - For Q1 FY27, the bank reported a **CASA ratio of 29.70%**, a **CET1 ratio of 12.91%**, and an overall **capital adequacy of 17.17%**.
   - Asset quality metrics include a **gross NPA of 1.57%**, a **net NPA of 0.36%**, and a **provision coverage of 94.76%**.
   - Profitability indicators for Q1 FY27 include a **return on equity (ROE) of 18.31%** and a **return on assets (ROA) of 1.04%**, while the **Government of India holds a 62.93% ownership stake** as of March 2026.",Relevant,Gives both ROE (18.31%) and ROA (1.04%) as asked.
44,What was Canara Bank's total advances (loan book) and deposit growth in the latest quarter?,"1. **Starting and Ending Entities:** The starting entity is **Canara Bank**, and the ending entities include its various financial metrics, operational networks, and strategic risk factors as of Q1 FY27.

2. **Simple Business/Financial Language:** The knowledge graph details Canara Bank's comprehensive operational and financial profile, highlighting its strong retail, agricultural, and MSME franchises alongside robust profitability metrics. It also outlines key operational assets—such as managing 9,861 branches and 7,907 ATMs as of June 2025—while noting specific vulnerabilities like funding risks tied to a lower CASA base and agricultural credit exposures.

3. **Important Numerical Facts:** Canara Bank reported a CASA ratio of 29.70%, a CET1 ratio of 12.91%, and a total capital adequacy of 17.17% for Q1 FY27. Additionally, the bank achieved a strong return on equity (ROE) of 18.31%, a return on assets (ROA) of 1.04%, a gross NPA of 1.57%, and a net NPA of 0.36% with a high provision coverage of 94.76%.",Not relevant,Does not give an explicit advances or deposit growth figure.
45,"What credit ratings has Canara Bank received, and from which rating agencies?","Based on the provided knowledge graph path, the starting entity is **Canara Bank** and the ending entity is its various descriptive and operational attributes (such as **India**, **Public Sector Bank**, and ticker **CANBK**). Canara Bank is a publicly listed universal bank headquartered in Bengaluru, Karnataka, operating in the banking sector with its shares traded on the NSE and BSE. Owned by the Government of India, the bank features a strong retail, agricultural, and MSME franchise, particularly in South India.",Not relevant,Does not name any credit rating agency or rating for Canara Bank.
46,"Roughly how many branches and ATMs does Canara Bank operate, and as of what date?","1. **Starting Entity:** Canara Bank | **Ending Entity:** Physical banking infrastructure (Branches, ATMs, and Cash-Recycling Machines).

2. **Summary:** As of June 2025, Canara Bank operates a vast physical banking network to serve its customers. This infrastructure includes 9,861 branches, 7,907 ATMs, and 2,940 cash-recycling machines.",Relevant,Gives branch and ATM counts with the as-of date (June 2025) as requested.
47,"What products and services does Canara Bank offer, and which customer segments does it serve?","1. **Starting and Ending Entities:** The starting entity is Canara Bank, and the ending entities are its various corporate and operational attributes (such as sector, country, and exchange).

2. **Business/Financial Summary:** Canara Bank is a publicly listed universal bank owned by the Government of India, operating within the banking sector and headquartered in Bengaluru, Karnataka. It trades on the NSE and BSE under the ticker CANBK and maintains a strong retail, agricultural, and MSME franchise primarily in South India. 

3. **Numerical Facts:** No specific numerical figures (such as revenue, market capitalization, or employee count) are present in the provided path.",Somewhat relevant,"Names customer segments (retail, agri, MSME) but does not detail specific products/services."
48,What is Union Bank of India's ticker symbol and on which exchange(s) does it trade?,"1. **Starting Entity and Ending Entity:** The starting entity is Union Bank of India, and the ending entities are its various operational, financial, and institutional attributes (such as its leadership changes, network size, and financial metrics).
2. **Path Explanation:** The knowledge graph outlines the structural, financial, and operational profile of Union Bank of India, including historical amalgamations with Corporation Bank and Andhra Bank, leadership transitions involving A. Manimekhalai and Asheesh Pandey in 2026, and its domestic and international footprint spanning multiple global financial hubs. 
3. **Important Numerical Facts:** Key figures include a network of 8,621 branches and 8,910 ATMs as of March 2025, a year-on-year standalone net profit rise of 29.5% to ₹5,332 crore, an advances growth of 12.50%, and a Government of India ownership stake of roughly 74.76%.",Not relevant,Does not state Union Bank's ticker or exchange.
49,"Who is the current MD & CEO (or Chairman, where that is the top executive title) of Union Bank of India?","**Summary:**

The path transitions from the starting entity, A. Manimekhalai, whose tenure as MD & CEO of Union Bank of India concluded in 2026, to the ending entity, Asheesh Pandey, who was appointed as the new MD & CEO of the same bank in 2026. This sequential leadership change highlights the executive transition at Union Bank of India in the year 2026.",Relevant,Names Asheesh Pandey as the newly appointed MD & CEO as asked.
50,"What percentage of Union Bank of India is held by its government promoter or largest shareholder, and as of what date?","Based on the provided knowledge graph data, here is the summary of the relationship path:

1. **Starting and Ending Entities:** The starting entity is **Union Bank of India**, and the ending entities include its various operational, financial, and leadership attributes (such as financial metrics, international locations, and governance details).
2. **Business/Financial Summary:** Union Bank of India is a major institution—formed partly through the amalgamation of Andhra Bank and Corporation Bank—backed predominantly by the Government of India (roughly 74.76% stake). It operates an extensive network with 8,621 branches and 8,910 ATMs, maintains an international presence in key global hubs, and offers diversified retail, corporate, agricultural, and MSME product suites. 
3. **Important Numerical Facts:** Financially, the bank posted a strong standalone net profit rise of 29.5% year-on-year to ₹5,332 crore alongside an advances growth of 12.50%, a capital adequacy ratio of 18.46%, and an improved gross NPA of 2.65%. However, it faces a potential deposit-growth lag, with deposits growing at just 3.50%.",Somewhat relevant,Gives the ~74.76% government stake but no date.
51,What was Union Bank of India's CASA ratio in the most recently reported quarter?,"**Summary:**

1. **Starting Entity:** The Government of India | **Ending Entity:** Union Bank of India
2. **Path Explanation:** The path represents an ownership relationship, showing that the Government of India holds a majority equity stake in Union Bank of India.
3. **Numerical Facts:** The Government of India owns roughly 74.76% of the bank.",Not relevant,Restates the ownership relationship instead of answering the CASA ratio question.
52,What is Union Bank of India's net interest margin (NIM) for the latest reported period?,"**Starting Entity:** Union Bank of India  
**Ending Entity:** Financial and Operational Metrics (incorporating Fitch ratings)  

**Summary:**
Union Bank of India demonstrates solid financial performance, highlighted by a 29.5% year-on-year increase in standalone net profit to ₹5,332 crore and an advances growth of 12.50%. The bank maintains strong asset quality and capitalization, with a gross NPA of 2.65%, a net NPA of 0.47%, and a capital adequacy ratio of 18.46%. Additionally, Fitch affirmed the bank's Long-Term Issuer Default Rating at BBB- Stable while upgrading its Viability Rating from bb- to bb.",Not relevant,"Does not mention NIM; covers profit, NPA, CRAR and Fitch ratings instead."
53,What are Union Bank of India's gross NPA and net NPA ratios?,"Based on the provided knowledge graph data, the starting entity is **Union Bank of India** and the ending entities include its various financial metrics, leadership details, and operational footprint (such as **A. Manimekhalai** and **Asheesh Pandey** as MD & CEO, and its financial figures like net profit and asset quality). 

Union Bank of India experienced leadership transitions with A. Manimekhalai's tenure concluding and Asheesh Pandey being appointed as MD & CEO in 2026. Financially, the bank posted a 29.5% year-on-year increase in standalone net profit to ₹5,332 crore, alongside a gross NPA improvement to 2.65% and a capital adequacy ratio of 18.46%. Additionally, the bank operates extensively with 8,621 branches and 8,910 ATMs as of March 2025, while maintaining an international presence in cities like Abu Dhabi, Dubai, and Hong Kong.",Somewhat relevant,"Gives only the gross NPA figure (2.65%), no net NPA figure."
54,"What is Union Bank of India's capital adequacy ratio (CRAR), and its CET1 ratio if disclosed?","Based on the provided knowledge graph data, the starting entity is **Union Bank of India** and the ending entity encompasses various operational, financial, and leadership metrics associated with the bank. 

Union Bank of India demonstrates a solid financial and operational footprint, highlighted by a standalone net profit surging 29.5% year-on-year to ₹5,332 crore, an advances growth of 12.50%, and a strong capital adequacy ratio of 18.46%. The bank operates extensively with 8,621 branches and 8,910 ATMs as of March 2025, alongside an international presence in key global financial hubs like Dubai, Hong Kong, and Sydney. Leadership-wise, A. Manimekhalai's tenure as MD & CEO concluded in 2026, with Asheesh Pandey appointed to succeed her that same year.",Relevant,Gives the capital adequacy ratio (18.46%) that was the primary ask.
55,What are Union Bank of India's return on assets (ROA) and return on equity (ROE) for the latest quarter?,"1. **Starting Entity:** Union Bank of India; **Ending Entity:** Union Bank of India (focused on its financial and operational metrics).
2. Union Bank of India demonstrates solid financial performance, highlighted by a standalone net profit increase and strong capital adequacy, alongside international operations and diverse product suites. 
3. Key numerical facts include a standalone net profit rise of 29.5% year-on-year to ₹5,332 crore, an advances growth of 12.50%, a capital adequacy ratio of 18.46%, and a network comprising 8,621 branches and 8,910 ATMs as of March 2025.",Not relevant,Does not mention ROA or ROE.
56,What was Union Bank of India's total advances (loan book) and deposit growth in the latest quarter?,"Based on the provided knowledge graph data, the starting entity is **Union Bank of India** and the ending entities are its various financial metrics, operational highlights, and leadership details. 

Union Bank of India demonstrated solid financial performance, reporting a standalone net profit rise of 29.5% year-on-year to ₹5,332 crore, an advances growth of 12.50%, and a capital adequacy ratio of 18.46%. Operationally, the bank managed 8,621 branches and 8,910 ATMs as of March 2025, alongside leadership updates that include Asheesh Pandey being appointed as MD & CEO in 2026.",Somewhat relevant,Gives advances growth (12.50%) but omits deposit growth entirely.
57,"What credit ratings has Union Bank of India received, and from which rating agencies?","1. **Entities:** The starting entity is **Fitch** (the rating agency), and the ending entity is **Union Bank of India**. 
2. **Business Summary:** Fitch affirmed Union Bank of India's Long-Term Issuer Default Rating while simultaneously upgrading its Viability Rating. 
3. **Numerical Facts:** The Long-Term Issuer Default Rating was affirmed at **BBB- Stable**, and the Viability Rating was upgraded from **bb- to bb**.",Relevant,Names Fitch and the specific ratings assigned to Union Bank of India.
58,"Roughly how many branches and ATMs does Union Bank of India operate, and as of what date?","Based on the provided knowledge graph path, the starting entity is **Union Bank of India** and the ending entity represents its quantitative operational metrics. As of March 2025, the bank operated a total of 8,621 branches across its network. Additionally, the bank maintained 8,910 ATMs during the same period.",Relevant,Gives branch and ATM counts with the as-of date (March 2025) as requested.
59,"What products and services does Union Bank of India offer, and which customer segments does it serve?","Based on the knowledge graph path, the starting entity is **Union Bank of India** and the ending entities include **India**, **Public Sector Bank**, and stock exchanges **NSE and BSE**. Union Bank of India is a Government of India-owned universal bank headquartered in Mumbai within the banking sector, operating under the ticker ""UNIONBANK"". It is publicly listed on the NSE and BSE and is currently undergoing a digital-transformation push branded as Vyom.",Not relevant,Does not describe specific products/services or customer segments.
60,What is Bank of India's ticker symbol and on which exchange(s) does it trade?,"**Starting Entity:** Bank of India  
**Ending Entity:** Financial metrics and operational details for Q1 FY27 (Bank of India's performance attributes)

**Summary:**
Bank of India, headquartered in Mumbai and majority-owned by the Government of India (73.38%), reported strong financial and operational results for Q1 FY27. The bank achieved a standalone net profit of ₹3,068 crore, supported by global advances reaching ₹7.98 lakh crore and global deposits totaling ₹9.58 lakh crore. Additionally, the institution demonstrated improved asset quality, with gross NPA dropping to 1.81% and a capital adequacy ratio of 18.69%.",Not relevant,Does not state Bank of India's ticker or exchange.
61,"Who is the current MD & CEO (or Chairman, where that is the top executive title) of Bank of India?","Based on the provided knowledge graph path, the starting entity is **Rajneesh Karnatak** and the ending entity is **Bank of India**. Rajneesh Karnatak serves in the leadership role of Managing Director and Chief Executive Officer (MD & CEO) for the institution.",Relevant,Names Rajneesh Karnatak as MD & CEO as asked.
62,"What percentage of Bank of India is held by its government promoter or largest shareholder, and as of what date?","1. **Starting Entity and Ending Entity:** The starting entity is **Bank of India**, and the ending entities comprise its various operational, financial, and regulatory attributes for Q1 FY27.

2. **Path Summary:** Bank of India, a majority government-owned institution (73.38%) headquartered in Mumbai and led by MD & CEO Rajneesh Karnatak, reported robust financial growth in Q1 FY27, including an 18.84% increase in global advances to ₹7.98 lakh crore and a standalone net profit of ₹3,068 crore. The bank operates an extensive domestic network consisting of 5,202 branches and 8,166 ATMs while maintaining a stable CASA ratio of 36.68% and improving asset quality, marked by a gross NPA reduction to 1.81%.",Somewhat relevant,Gives the 73.38% government stake but no date.
63,What was Bank of India's CASA ratio in the most recently reported quarter?,"**Starting Entity:** Bank of India  
**Ending Entity:** Net Interest Income (₹6,833 crore)  

The knowledge graph path shows that Bank of India experienced a 12.61% growth in its net interest income. This performance resulted in a total net interest income of ₹6,833 crore.",Not relevant,"Answers about net interest income growth, not the CASA ratio."
64,What is Bank of India's net interest margin (NIM) for the latest reported period?,"**Starting Entity:** Bank of India  
**Ending Entity:** Financial metrics and operational details for Q1 FY27 (e.g., ₹3,068 crore standalone net profit, 36.68% CASA ratio).

**Summary:**
Bank of India is a government-owned institution headquartered in Mumbai, operating an extensive network that includes 5,202 domestic branches and 8,166 ATMs. In Q1 FY27, the bank reported a standalone net profit of ₹3,068 crore alongside strong balance sheet growth, reaching ₹7.98 lakh crore in global advances and ₹9.58 lakh crore in global deposits. Additionally, the bank demonstrated sound asset quality, evidenced by a gross NPA of 1.81% and a capital adequacy ratio of 18.69%.",Not relevant,Does not mention NIM at all.
65,What are Bank of India's gross NPA and net NPA ratios?,"1. **Starting Entity:** Bank of India; **Ending Entity:** Various financial and operational metrics (such as net profit, advances, deposits, and asset quality) for Q1 FY27.
2. The knowledge graph details the operational and financial performance of the Government of India-owned Bank of India during Q1 FY27, showcasing its extensive branch and ATM network alongside key banking metrics. 
3. Key financial figures include a standalone net profit of ₹3,068 crore (up 36.23% year-on-year), global advances reaching ₹7.98 lakh crore, global deposits totaling ₹9.58 lakh crore, and a CASA ratio of 36.68%. Additionally, the bank reported an improved capital adequacy ratio of 18.69% and a gross NPA of 1.81%.",Somewhat relevant,"Gives only the gross NPA figure (1.81%), no net NPA figure."
66,"What is Bank of India's capital adequacy ratio (CRAR), and its CET1 ratio if disclosed?","1. **Starting Entity:** Bank of India; **Ending Entity:** Various financial and operational metrics (e.g., Q1 FY27 performance figures, asset quality, and network details).
2. The provided knowledge graph details the operational scale, financial performance, and asset quality of the Government of India-owned Bank of India. Key highlights include its extensive distribution network, robust growth in global advances and deposits, and strong profitability metrics for Q1 FY27.
3. Notable numerical facts include a standalone net profit of ₹3,068 crore (up 36.23% year-on-year), global advances reaching ₹7.98 lakh crore, a CASA ratio of 36.68%, and an improved gross NPA of 1.81%.",Not relevant,Does not mention CRAR or CET1 despite that being the question.
67,What are Bank of India's return on assets (ROA) and return on equity (ROE) for the latest quarter?,"1. **Starting entity:** Bank of India; **Ending entities:** Various financial metrics and operational details associated with the bank (such as global advances of ₹7.98 lakh crore, global deposits of ₹9.58 lakh crore, and standalone net profit of ₹3,068 crore).

2. **Explanation:** The knowledge graph data outlines the operational scale, financial performance, and key ratios of the Government of India-owned Bank of India for Q1 FY27. It highlights robust growth in advances and deposits, alongside improvements in asset quality—reflected by a falling gross NPA of 1.81%—and solid profitability figures. 

3. **Numerical Facts:** Bank of India achieved global advances of ₹7.98 lakh crore (18.84% year-on-year growth) and global deposits of ₹9.58 lakh crore (14.90% growth). Additionally, the bank reported a standalone net profit of ₹3,068 crore, a CASA ratio of 36.68%, and a capital adequacy ratio of 18.69% in Q1 FY27.",Not relevant,Does not mention ROA or ROE.
68,What was Bank of India's total advances (loan book) and deposit growth in the latest quarter?,"1. **Starting Entity:** Bank of India (linked to multiple operational and financial attributes).
   **Ending Entity:** Various financial and operational metrics (such as a standalone net profit of ₹3,068 crore, global advances of ₹7.98 lakh crore, and a CASA ratio of 36.68% in Q1 FY27).

2. **Summary:** The knowledge graph details the financial performance, operational network, and regulatory standing of the Government of India-owned Bank of India. For Q1 FY27, the bank reported strong financial health, highlighted by a standalone net profit of ₹3,068 crore, a robust capital adequacy ratio of 18.69%, and improved asset quality with a gross NPA of 1.81%. Additionally, the bank operates extensively through 5,202 domestic branches and 8,166 domestic ATMs while offering standard banking products to retail, corporate, MSME, and agricultural customers.",Not relevant,Does not give any advances or deposit growth figures.
69,"What credit ratings has Bank of India received, and from which rating agencies?","Based on the provided knowledge graph path, the starting entity is **Bank of India** and the ending entities include its classification, location, and market details. Bank of India is a government-owned public sector bank operating in the banking sector within India, headquartered in Mumbai. It is a publicly listed universal bank traded on the NSE and BSE under the ticker symbol BANKINDIA.",Not relevant,Does not name any credit rating agency or rating for Bank of India.
70,"Roughly how many branches and ATMs does Bank of India operate, and as of what date?","Based on the knowledge graph path, the starting entity is Bank of India and the ending entities are its domestic distribution channels and ATM network. Bank of India utilizes a domestic distribution network consisting of 5,202 branches. Additionally, the bank operates 8,166 domestic ATMs as part of this infrastructure.",Somewhat relevant,Gives branch and ATM counts but omits the as-of date.
71,"What products and services does Bank of India offer, and which customer segments does it serve?","The starting entity is **Bank of India**, and the ending entities include its classification, location, and market details. Bank of India is a government-owned, publicly listed universal bank operating in the **Banking** sector as a **Public Sector Bank** based in **India**. It is publicly traded on the **NSE and BSE** under the ticker **BANKINDIA** and is headquartered in Mumbai, Maharashtra.",Not relevant,Does not describe products/services or customer segments.
72,What is Indian Bank's ticker symbol and on which exchange(s) does it trade?,"Based on the provided knowledge graph data, the starting entity is **Indian Bank** and the ending entities are its various operational, financial, and regulatory attributes. 

Indian Bank operates as a major public sector bank—ranking as the seventh-largest PSU bank following its merger with Allahabad Bank—under the leadership of MD & CEO Binod Kumar and majority ownership (73.84%) by the Government of India. Financially, the bank reported a total quarterly income of ₹20,723.62 crore alongside strong capital metrics, including a CET1 ratio of 16.51% and a capital adequacy ratio of 17.58%. It maintains top-tier credit ratings from CRISIL (such as AAA Stable for its Tier II bonds) and supports its broad operations through an extensive network of 6,001 branches and 5,657 ATMs and cash-recycling machines.",Not relevant,Does not state Indian Bank's ticker or exchange.
73,"Who is the current MD & CEO (or Chairman, where that is the top executive title) of Indian Bank?","Based on the provided knowledge graph path, the starting entity is Binod Kumar and the ending entity is Indian Bank. Binod Kumar assumed the leadership role of Managing Director and Chief Executive Officer (MD & CEO) at the institution.",Relevant,Names Binod Kumar as MD & CEO as asked.
74,"What percentage of Indian Bank is held by its government promoter or largest shareholder, and as of what date?","1. **Starting and Ending Entities:** The starting entity is **Indian Bank**, and the path encompasses multiple diverse financial, operational, and regulatory attributes connected directly to it as the central subject.

2. **Simple Business/Financial Explanation:** Indian Bank is a major public sector bank regulated by the RBI and SEBI, majority-owned by the Government of India (73.84%), and backed by strong institutional holdings like LIC. Operationally, it drives its business through an extensive network of 6,001 branches and 5,657 ATMs, focusing heavily on RAM (Retail, Agriculture, and MSME) lending while maintaining robust capital adequacy and credit ratings from CRISIL. 

3. **Important Numerical Facts:** The bank features a Government of India ownership stake of 73.84%, a capital adequacy ratio of 17.58%, a CET1 metric of 16.51%, and a gross NPA level of 1.86%. Additionally, it operates an extensive network consisting of 6,001 branches and 5,657 ATMs/cash-recycling machines, while generating a total quarterly income of ₹20,723.62 crore.",Somewhat relevant,Gives the 73.84% government stake but no date.
75,What was Indian Bank's CASA ratio in the most recently reported quarter?,"Based on the provided knowledge graph path, Indian Bank serves as the starting entity and maximum-related value subject, with its generated quarterly total income acting as the ending financial metric. Specifically, Indian Bank generated a total income of ₹20,723.62 crore for the quarter.",Not relevant,"Answers with total quarterly income, not the CASA ratio."
76,What is Indian Bank's net interest margin (NIM) for the latest reported period?,"1. **Starting Entity:** Indian Bank  
   **Ending Entity:** CRISIL (and various financial metrics/ownership stakeholders)

2. **Explanation of the Path:**  
   The knowledge graph details Indian Bank's financial standing, capital structure, and operational network, highlighting its credit ratings assessed by CRISIL (such as an A1+ rating on certificates of deposit and an AAA rating on Tier II bonds) backed by its sovereign ownership. It also outlines the bank's key operational highlights, including a strong capital adequacy ratio, significant retail and RAM lending focus, and extensive branch and ATM networks.

3. **Important Numerical Facts:**  
   Indian Bank is backed by a 73.84% ownership stake from the Government of India, reported a robust capital adequacy ratio of 17.58% alongside a CET1 metric of 16.51%, and generated a total income of ₹20,723.62 crore for the quarter while improving its gross NPA to 1.86%.",Not relevant,Does not mention NIM at all.
77,What are Indian Bank's gross NPA and net NPA ratios?,"**Starting Entity:** Indian Bank  
**Ending Entity:** CRISIL (and various financial metrics/operations)

**Summary:**
Indian Bank is a major public sector bank headquartered in Chennai, Tamil Nadu, with a 73.84% ownership stake held by the Government of India. It maintains strong credit ratings assessed by CRISIL, including an A1+ rating for its certificate-of-deposit programme and an AAA Stable rating for its Tier II bonds, underpinned by its sovereign ownership. Operationally, the bank reported a robust capital adequacy ratio of 17.58% and a total income of ₹20,723.62 crore for the quarter, while deploying 5,657 ATMs and cash-recycling machines across its extensive network.",Not relevant,Does not give gross or net NPA figures.
78,"What is Indian Bank's capital adequacy ratio (CRAR), and its CET1 ratio if disclosed?","Based on the provided knowledge graph data, the starting entity is **Indian Bank** and the ending entity is **CRISIL** (identified through credit rating assessments). 

Indian Bank undergoes credit rating assessments by CRISIL, which has assigned the bank strong ratings, including an A1+ rating on its certificate-of-deposit programme and an AAA Stable rating on its Tier II Basel III and infrastructure bonds. These top-tier ratings are significantly underpinned by the bank's sovereign ownership, alongside a strong capital adequacy ratio of 17.58% and a robust CET1 metric of 16.51%.",Relevant,Gives both CRAR (17.58%) and CET1 (16.51%) as asked.
79,What are Indian Bank's return on assets (ROA) and return on equity (ROE) for the latest quarter?,"1. **Starting Entity:** Indian Bank  
   **Ending Entity:** CRISIL (and various financial/operational metrics)

2. **Summary:**  
   The knowledge graph illustrates that Indian Bank, a major public sector bank headquartered in Chennai with a 73.84% Government of India ownership stake, maintains strong credit ratings from CRISIL, including an A1+ rating on its certificate-of-deposit programme and an AAA Stable rating on its Tier II bonds. Financially and operationally, the bank reported a robust capital adequacy ratio of 17.58%, a CET1 metric of 16.51%, and a total quarterly income of ₹20,723.62 crore. Additionally, it operates an extensive network comprising 6,001 branches and 5,657 ATMs and cash-recycling machines while significantly improving its asset quality with a gross NPA level of 1.86%.",Not relevant,Does not mention ROA or ROE.
80,What was Indian Bank's total advances (loan book) and deposit growth in the latest quarter?,"1. **Starting Entity:** Indian Bank (linked outward across multiple facts).
   **Ending Entities:** Various financial metrics, stakeholders, regulatory bodies, and operational entities (e.g., CRISIL, Government of India, RAM lending segments, and specific financial figures like ₹20,723.62 crore total income).

2. **Summary:** Indian Bank is a major public sector bank—having merged with Allahabad Bank to become the seventh-largest PSU bank—with majority ownership (73.84%) held by the Government of India. The bank operates an extensive network of 6,001 branches and 5,657 ATMs/cash-recycling machines, focusing strategically on RAM (Retail, Agriculture, and MSME) lending and digital transactions. Financially, it demonstrates strong structural stability, highlighted by a CET1 metric of 16.51%, a capital adequacy ratio of 17.58%, top-tier credit ratings from CRISIL, and a total quarterly income of ₹20,723.62 crore.",Not relevant,Does not give advances or deposit growth figures.
81,"What credit ratings has Indian Bank received, and from which rating agencies?","1. **Starting Entity:** Indian Bank | **Ending Entity:** CRISIL (Credit Rating Agency)

2. **Explanation:** CRISIL has assigned multiple credit ratings to Indian Bank across different debt instruments, reflecting the bank's strong creditworthiness. 

3. **Numerical Facts:** CRISIL rated Indian Bank's certificate-of-deposit programme at **A1+**, its Additional Tier I bonds at **AA+ Stable**, and its Tier II Basel III and infrastructure bonds at **AAA Stable**.",Relevant,Names CRISIL and the specific ratings for Indian Bank's debt instruments.
82,"Roughly how many branches and ATMs does Indian Bank operate, and as of what date?","Based on the provided knowledge graph path, the starting and ending entity is Indian Bank, which serves as the subject for a count of its operational assets and digital metrics. Indian Bank operates an extensive physical network comprising 6,001 branches alongside 5,657 ATMs and cash-recycling machines. Additionally, the bank relies heavily on technology, utilizing its digital channels to process approximately 95% of its overall transactions.",Somewhat relevant,Gives branch and ATM counts but omits the as-of date.
83,"What products and services does Indian Bank offer, and which customer segments does it serve?","1. **Starting Entity:** Indian Bank | **Ending Entity:** India (along with various corporate and market attributes)

2. **Explanation:** Indian Bank is a publicly listed, Government of India-owned universal bank headquartered in Chennai, Tamil Nadu, operating within the public sector banking segment. 

3. **Numerical Facts:** The bank became the seventh-largest PSU bank following its merger with Allahabad Bank on April 1, 2020. It trades on the NSE and BSE under the ticker symbol INDIANB.",Not relevant,Does not describe products/services or customer segments.
84,What is Central Bank of India's ticker symbol and on which exchange(s) does it trade?,"Based on the provided knowledge graph data, the starting entity is **Central Bank of India**, and the ending entity is represented by its various financial, operational, and ownership attributes (such as **Government of India**, **Q1 FY27 metrics**, and **shareholders**). 

The Central Bank of India relies on CASA-led deposit mobilization to drive growth, achieving a robust CASA ratio of 46.61% and a Net Interest Margin of 3.06% in Q1 FY27. The bank is majority-owned by the Government of India, which held an 89.27% stake as of March 2025, while also reporting strong asset quality with a Gross NPA of 2.60% and a Provision Coverage of 95.86% for the same quarter.",Not relevant,Does not state Central Bank of India's ticker or exchange.
85,"Who is the current MD & CEO (or Chairman, where that is the top executive title) of Central Bank of India?","1. **Starting Entity:** Central Bank of India | **Ending Entity:** Various descriptive attributes (Public Sector Bank, India, Mumbai, NSE and BSE, CENTRALBK).

2. Central Bank of India is a publicly listed, Government of India-owned universal bank headquartered in Mumbai, Maharashtra, with a primary focus on retail, MSME, and agricultural sectors. 

3. Founded in 1911, the bank operates as a public sector institution listed on both the National Stock Exchange (NSE) and the Bombay Stock Exchange (BSE) under the ticker symbol CENTRALBK.",Not relevant,Gives founding year/ticker info instead of naming the CEO/Chairman.
86,"What percentage of Central Bank of India is held by its government promoter or largest shareholder, and as of what date?","**1. Identification of Entities:**
* **Starting Entity:** Central Bank of India
* **Ending Entity:** Various financial, operational, and regulatory attributes (such as Q1 FY27 performance metrics, shareholding structure, and leadership) as queried via a logical union from the subject.

**2-4. Summary of Financial/Business Facts:**
The knowledge graph details the operational and financial profile of the Central Bank of India, which is majority-owned by the Government of India with an 89.27% stake as of March 2025 and operates under leadership including MD & CEO Kalyan Kumar. Financially, the bank reported a Net Interest Income of ₹3,914 crore and total advances of ₹354,348 crore (marking 28.58% year-on-year growth) in Q1 FY27, alongside a robust CASA ratio of 46.61% and a CET1 capital ratio of 16.54%. Additionally, the institution maintains strong asset quality indicators with a Gross NPA of 2.60% and a high provision coverage ratio of 95.86% for the same quarter.",Relevant,Gives the 89.27% government stake with the as-of date (March 2025) as asked.
87,What was Central Bank of India's CASA ratio in the most recently reported quarter?,"Based on the provided knowledge graph path, the starting entity is **Central Bank of India** and the ending entity is the **MSME customer segment**. The path indicates that the Central Bank of India heavily focuses its business strategy and targeting efforts on micro, small, and medium-sized enterprises (MSMEs).",Not relevant,"Answers about MSME focus, not the CASA ratio."
88,What is Central Bank of India's net interest margin (NIM) for the latest reported period?,"Based on the provided knowledge graph data, the starting entity is **Central Bank of India**, and the ending entities are its various financial metrics, ownership stakes, and operational characteristics for Q1 FY27. 

Central Bank of India is a majority-owned public sector bank—with the Government of India holding an 89.27% stake as of March 2025—that relies on CASA-led deposit mobilization to drive growth and maintain a funding-cost advantage. During Q1 FY27, the bank achieved a robust CASA ratio of 46.61%, a Net Interest Margin of 3.06%, and a Return on Equity of 14.92%, alongside total advances reaching ₹354,348 crore.",Relevant,Directly gives the NIM figure (3.06%) for Q1 FY27 as asked.
89,What are Central Bank of India's gross NPA and net NPA ratios?,"Based on the provided knowledge graph data, here is the summary:

1. **Starting and Ending Entities:** The starting and ending entity in this knowledge graph analysis is the **Central Bank of India**.
2. **Business/Financial Summary:** The Central Bank of India relies on CASA-led deposit mobilization—achieving a robust CASA ratio of 46.61% in Q1 FY27—to drive growth and secure a funding-cost advantage over peers. However, the bank also faces funding-gap risks as advances outgrow deposits, alongside management of legacy non-performing assets and operational risks from its branch-heavy network. 
3. **Important Numerical Facts:** Key metrics for Q1 FY27 include a Net Interest Income of ₹3,914 crore (up 15.70% year-on-year), a Return on Assets of 1.00%, a Return on Equity of 14.92%, and a Gross NPA of 2.60%. Additionally, the Government of India held an 89.27% majority ownership stake as of 31 March 2025.",Somewhat relevant,"Gives only the gross NPA figure (2.60%), no net NPA figure."
90,"What is Central Bank of India's capital adequacy ratio (CRAR), and its CET1 ratio if disclosed?","**Starting Entity:** Central Bank of India  
**Ending Entity:** Financial metrics and operational profile (such as CASA Ratio, Total Advances, and Net Interest Income for Q1 FY27)

**Summary:**
Central Bank of India relies on CASA-led deposit mobilization—achieving a robust CASA ratio of 46.61% in Q1 FY27—to drive growth and secure a funding-cost advantage over peers. During the same quarter, the bank reported total advances of ₹354,348 crore (marking 28.58% year-on-year growth) alongside a Net Interest Income of ₹3,914 crore. Additionally, the bank maintains strong capital positions, including a CET1 ratio of 16.54% and a Capital Adequacy ratio of 18.28% for Q1 FY27, while remaining majority-owned by the Government of India with an 89.27% stake as of March 2025.",Relevant,Gives both CET1 (16.54%) and CRAR (18.28%) as asked.
91,What are Central Bank of India's return on assets (ROA) and return on equity (ROE) for the latest quarter?,"1. **Starting Entity:** Central Bank of India; **Ending Entity:** Various financial and operational metrics (as well as stakeholders like the Government of India, FIIs, and LIC).

2. **Summary:** The knowledge graph details the financial health, ownership structure, and operational performance of the Central Bank of India. In Q1 FY27, the bank achieved a robust CASA ratio of 46.61% and a Net Interest Margin of 3.06%, while total advances reached ₹354,348 crore. Additionally, it is majority-owned by the Government of India with an 89.27% stake as of 31 March 2025, alongside smaller holdings by institutional investors like LIC and FIIs.",Not relevant,Does not mention ROA or ROE.
92,What was Central Bank of India's total advances (loan book) and deposit growth in the latest quarter?,"**Starting Entity:** Central Bank of India  
**Ending Entity:** Financial and operational metrics for Q1 FY27 (including a robust CASA ratio of 46.61%, a CET1 ratio of 16.54%, and total advances of ₹354,348 crore).

**Summary:**
Central Bank of India relies on CASA-led deposit mobilization—achieving a robust CASA ratio of 46.61% in Q1 FY27—to drive growth and secure a funding-cost advantage over peers. During the same quarter, the bank reported strong financial health indicators, including a CET1 ratio of 16.54%, a return on assets of 1.00%, and total advances reaching ₹354,348 crore. Additionally, the bank is predominantly owned by the Government of India, which held an 89.27% stake as of March 2025.",Somewhat relevant,Gives an absolute advances figure but no growth rate and no deposit growth.
93,"What credit ratings has Central Bank of India received, and from which rating agencies?","Based on the provided knowledge graph path, the starting entity is **Central Bank of India** and the ending entity is **India Ratings**. In simple financial terms, India Ratings has assigned an **IND AA Stable** credit rating to the Tier II bonds held/issued by the Central Bank of India.",Relevant,Names India Ratings and the specific rating given to Central Bank of India's bonds.
94,"Roughly how many branches and ATMs does Central Bank of India operate, and as of what date?",,Not relevant,No summary/answer was produced by the pipeline — there is no assistant output to address the user's request.
95,"What products and services does Central Bank of India offer, and which customer segments does it serve?","The starting entity is the **Central Bank of India**, and the ending entity encompasses various descriptive attributes such as its country, legal status, and market listing. Headquartered in Mumbai and founded in 1911, the institution operates as a government-owned, public sector universal bank focused on retail, MSME, and agricultural sectors. It is publicly listed on the NSE and BSE under the ticker symbol CENTRALBK.",Somewhat relevant,"Names customer segments (retail, MSME, agriculture) but no specific products/services."
96,What is Indian Overseas Bank's ticker symbol and on which exchange(s) does it trade?,"1. **Starting and Ending Entities:** The starting entity is **Indian Overseas Bank**, and the ending entities are its financial performance metrics and risk factors (such as net profit, asset quality, and capital adequacy) reported for **Q1 FY27**.

2. **Business/Financial Summary:** During Q1 FY27, Indian Overseas Bank demonstrated strong financial performance, reporting a 49.32% surge in net profit to ₹1,659 crore and global advances reaching ₹3.22 trillion. The bank maintained robust asset quality with a gross NPA of 1.33% and a provision coverage ratio of 97.67%, alongside a solid capital adequacy ratio of 19.36%. However, it also navigated funding and liquidity pressures driven by a rising credit-deposit ratio of 85.63% and an eroding CASA deposit base.",Not relevant,Does not state Indian Overseas Bank's ticker or exchange.
97,"Who is the current MD & CEO (or Chairman, where that is the top executive title) of Indian Overseas Bank?","**Summary:**

The starting entity is Indian Overseas Bank, which operates as a government-owned universal bank based in India and is publicly listed on both the NSE and BSE under the ticker symbol IOB. Founded in 1937 and headquartered in Chennai, Tamil Nadu, the bank maintains a significant corporate and international portfolio alongside its strong focus on retail and MSME banking.",Not relevant,Gives founding year/ticker/listing info instead of naming the CEO/Chairman.
98,"What percentage of Indian Overseas Bank is held by its government promoter or largest shareholder, and as of what date?","Based on the provided knowledge graph data, the starting entity is **Indian Overseas Bank** and the ending entity encompasses its various **financial and operational metrics for Q1 FY27**. 

During Q1 FY27, Indian Overseas Bank reported significant financial performance, including a net profit surge of 49.32% to reach ₹1,659 crore alongside Global Advances of ₹3.22 trillion, which grew 22.75% year-on-year. However, the bank also faced operational and liquidity pressures, evidenced by a rising cost-to-income ratio jumping to 53.95% and a credit-deposit ratio climbing to 85.63%.",Not relevant,Does not mention the government ownership percentage at all.
99,What was Indian Overseas Bank's CASA ratio in the most recently reported quarter?,"Based on the provided knowledge graph path, the starting entity is **Indian Overseas Bank** and the ending entity is **Trade Finance services**. Indian Overseas Bank is actively engaged in providing Trade Finance services as part of its operations.",Not relevant,"Answers about trade finance services, not the CASA ratio."
100,What is Indian Overseas Bank's net interest margin (NIM) for the latest reported period?,"**Starting Entity:** Indian Overseas Bank  
**Ending Entity:** ICRA (Rating Agency)

**Summary:**
Indian Overseas Bank is linked to ICRA, which assigned or reaffirmed an ""AA Stable"" credit rating for the bank's Basel III Tier II bonds. This relationship highlights the bank's reliance on specialized debt instruments for funding and the independent assessment of its financial stability by a major rating agency.",Not relevant,Does not mention NIM; discusses an ICRA bond rating instead.
101,What are Indian Overseas Bank's gross NPA and net NPA ratios?,"**Starting Entity:** Indian Overseas Bank  
**Ending Entity:** ICRA (Rating Agency) / Basel III Tier II bonds  

**Summary:**  
Indian Overseas Bank is assigned or had reaffirmed an AA Stable rating for its Basel III Tier II bonds by the credit rating agency ICRA. This relationship highlights the bank's external credit assessment regarding its long-term funding instruments.",Not relevant,Does not give gross or net NPA figures.
102,"What is Indian Overseas Bank's capital adequacy ratio (CRAR), and its CET1 ratio if disclosed?","Based on the provided knowledge graph data, the starting entity is **Indian Overseas Bank** and the ending entity is its financial performance metric for **Q1 FY27**. 

During Q1 FY27, Indian Overseas Bank reported significant financial growth, including a 49.32% year-on-year rise in net profit to ₹1,659 crore and ₹3,688 crore in Net Interest Income. Additionally, the bank achieved global advances of ₹3.22 trillion—surging 22.75% year-on-year—while maintaining a strong capital adequacy ratio of 19.36%.",Relevant,Gives the capital adequacy ratio (19.36%) that was the primary ask.
103,What are Indian Overseas Bank's return on assets (ROA) and return on equity (ROE) for the latest quarter?,"1. **Starting Entity and Ending Entity:** The starting entity is **Indian Overseas Bank**, and the ending entity comprises its **financial and operational metrics for Q1 FY27** (such as its net profit and credit-deposit ratio).

2. **Simple Business/Financial Explanation:** Indian Overseas Bank experienced significant financial performance and operational shifts in Q1 FY27, marked by robust loan growth and higher profitability alongside rising cost and liquidity pressures. The bank successfully improved its asset quality while managing increased credit-deposit and cost-to-income ratios.

3. **Important Numerical Facts:** In Q1 FY27, Indian Overseas Bank reported a 49.32% rise in net profit to ₹1,659 crore and generated ₹3,688 crore in Net Interest Income. Its Global Advances surged by 22.75% year-on-year to ₹3.22 trillion, while its Credit-Deposit Ratio climbed by 630 basis points to 85.63%. Additionally, its cost-to-income ratio jumped year-on-year from 44.22% to 53.95%, whereas gross NPA improved to 1.33% from 1.97%.",Not relevant,Does not mention ROA or ROE.
104,What was Indian Overseas Bank's total advances (loan book) and deposit growth in the latest quarter?,"Based on the provided knowledge graph data, the starting entity is **Indian Overseas Bank** and the ending entity is **Q1 FY27** (tied to various financial and operational metrics). 

During Q1 FY27, Indian Overseas Bank experienced significant financial activity, reporting global advances of ₹3.22 trillion (surging 22.75% year-on-year) and a net profit rise of 49.32% to ₹1,659 crore. However, the bank also faced liquidity and funding pressures alongside operational risks due to a declining CASA base (with the Global CASA Ratio falling to 41.05%), a surging Credit-Deposit Ratio reaching 85.63%, and a cost-to-income ratio jump to 53.95%.",Somewhat relevant,Gives advances growth (22.75%) but no explicit deposit growth figure.
105,"What credit ratings has Indian Overseas Bank received, and from which rating agencies?","Based on the provided knowledge graph path, Indian Overseas Bank is the starting entity and ICRA is the ending entity. ICRA assigned or reaffirmed an AA Stable rating to the bank's Basel III Tier II bonds.",Relevant,Names ICRA and the specific rating for Indian Overseas Bank's Tier II bonds.
106,"Roughly how many branches and ATMs does Indian Overseas Bank operate, and as of what date?","The starting entity is Indian Overseas Bank, and the ending entity is its distribution channels (Offshore Banking Unit and Banking Correspondents). Indian Overseas Bank distributes its financial services through a total of 2 primary channels, utilizing both an Offshore Banking Unit and a massive network of Banking Correspondents.",Not relevant,"Describes distribution channels (OBU, correspondents) instead of branch/ATM counts."
107,"What products and services does Indian Overseas Bank offer, and which customer segments does it serve?","The knowledge graph path originates at the starting entity **Indian Overseas Bank** and connects to various descriptive and operational attributes as the ending entities. Founded in 1937 and headquartered in Chennai, Tamil Nadu, this Government of India-owned universal bank operates within India and is publicly listed on the NSE and BSE under the ticker symbol ""IOB"".",Not relevant,Does not describe products/services or customer segments.
108,What is UCO Bank's ticker symbol and on which exchange(s) does it trade?,"**1. Starting and Ending Entity:** 
The starting entity is **CRISIL / CARE Ratings / Government of India / UCO Bank** (depending on the focal point of the network), and the ending entity is **UCO Bank**.

**2. Simple Business/Financial Summary:** 
The knowledge graph highlights UCO Bank's financial standing, governance, and credit profile, showing strong backing by the Government of India with a 90.95% ownership stake as of December 2025. The bank maintains stable credit ratings, with CRISIL reaffirming its A1+ short-term rating on its certificate-of-deposit programme and CARE Ratings upgrading its bonds to AA Stable. Additionally, UCO Bank reported solid financial performance, including a net profit of ₹656 crore (up 8% year-on-year) and a capital ratio of 17.12% for FY26.",Not relevant,Does not state UCO Bank's ticker or exchange.
109,"Who is the current MD & CEO (or Chairman, where that is the top executive title) of UCO Bank?","Based on the knowledge graph path, the starting entity is **UCO Bank** and the ending entities are its key executives, **Aravamudan Krishna Kumar** and **Ashwani Kumar**. According to Wikipedia sources, Aravamudan Krishna Kumar holds the position of non-executive chairman, while Ashwani Kumar serves as the Managing Director and Chief Executive Officer (MD & CEO) of the bank.",Relevant,Names both the non-executive chairman and the MD & CEO as asked.
110,"What percentage of UCO Bank is held by its government promoter or largest shareholder, and as of what date?","**Summary of Knowledge Graph Path:**

1. **Starting and Ending Entities:** The starting entity is **CRISIL / CARE Ratings / Government of India (multiple subjects)** and the ending entity is **UCO Bank**. 
2. **Business/Financial Explanation:** The knowledge graph details various financial, operational, and governance metrics for UCO Bank, including credit ratings by agencies like CRISIL and CARE Ratings, major shareholdings by the Government of India and LIC, and executive leadership. It also highlights the bank's operational scale—such as running 3,302 branches and 2,613 ATMs as of March 2025—along with its financial performance like a ₹656 crore quarterly net profit and a capital ratio of 17.12% for FY26. 
3. **Numerical Facts:** Key figures include a 90.95% Government of India ownership stake and a 2.31% LIC stake as of December 2025, a net profit of ₹656 crore (up 8% year-on-year), a capital ratio of 17.12% for FY26, and a network comprising 3,302 branches and 2,613 ATMs as of March 2025.",Relevant,Gives the 90.95% government stake with the as-of date (December 2025) as asked.
111,What was UCO Bank's CASA ratio in the most recently reported quarter?,"Based on the provided knowledge graph path, the starting entity is **The Government of India** and the ending entity is **UCO Bank**. 

The Government of India holds the maximum ownership stake in UCO Bank, maintaining a dominant 90.95% share as of the December 2025 quarter.",Not relevant,"Answers about the ownership stake, not the CASA ratio."
112,What is UCO Bank's net interest margin (NIM) for the latest reported period?,"Based on the provided knowledge graph data, the starting entity is **UCO Bank** and the ending entity is its **ownership and financial performance metrics**. 

The path outlines UCO Bank as a state-backed universal bank headquartered in Kolkata, with the Government of India holding a dominant 90.95% ownership stake and LIC holding 2.31% as of December 2025. Financially, the bank reported a net profit of ₹656 crore (up 8% year-on-year) and a capital ratio of 17.12% for FY26, alongside credit rating actions by agencies like CRISIL and CARE Ratings.",Not relevant,Does not mention NIM; covers ownership and profit figures instead.
113,What are UCO Bank's gross NPA and net NPA ratios?,"1. **Starting Entity and Ending Entity:** The starting entity is **UCO Bank**, and the ending entities include its various financial metrics, ownership stakes, and credit ratings.

2. **Simple Business/Financial Summary:** UCO Bank is a majority government-owned universal bank operating extensive branch and ATM networks, with the Government of India holding a 90.95% stake as of December 2025. Financially, the bank reported a net profit of ₹656 crore (up 8% year-on-year) and a solid capital ratio of 17.12% for FY26. Additionally, its credit profile is supported by top ratings, such as an A1+ short-term rating from CRISIL and an AA Stable bond rating from CARE Ratings.",Not relevant,"Query asks for gross/net NPA ratios but the summary gives net profit, capital ratio and credit ratings instead."
114,"What is UCO Bank's capital adequacy ratio (CRAR), and its CET1 ratio if disclosed?","1. **Starting Entity and Ending Entity:** The starting entity is **UCO Bank**, and the ending entities are its various financial metrics, ownership stakes, and credit ratings associated with external agencies like CRISIL and CARE Ratings.

2. **Business/Financial Summary:** UCO Bank operates as a major universal bank backed strongly by the Government of India, which held a 90.95% ownership stake as of the December 2025 quarter. Financially, the bank demonstrated solid performance with a net profit of ₹656 crore (up 8% year-on-year), a capital ratio of 17.12% for FY26, and total advances growing by 21.33% as of June 2026. Additionally, its financial standing is supported by strong credit evaluations, including an A1+ short-term rating from CRISIL and an upgraded AA Stable bond rating from CARE Ratings.",Somewhat relevant,Gives a 17.12% capital ratio (likely CRAR) but never discloses a CET1 ratio as asked.
115,What are UCO Bank's return on assets (ROA) and return on equity (ROE) for the latest quarter?,"Based on the provided knowledge graph data, the starting entity is **UCO Bank** and the ending entity is its **ownership and credit profile** (or specific operational/financial attributes). 

UCO Bank is a majority-owned universal bank where the Government of India held a 90.95% stake and LIC held 2.31% as of the December 2025 quarter. Financially, the bank reported a net profit of ₹656 crore (up 8% year-on-year) and a capital ratio of 17.12% for FY26, alongside credit ratings from agencies like CRISIL and CARE Ratings.",Not relevant,"Query asks for ROA and ROE but the summary reports net profit, capital ratio and credit ratings instead."
116,What was UCO Bank's total advances (loan book) and deposit growth in the latest quarter?,"1. **Starting Entity:** UCO Bank  
   **Ending Entity:** Government of India / Various Financial Metrics (or CRISIL/CARE Ratings)

2. **Summary:**  
   UCO Bank is a majority Government of India-owned universal bank (holding a 90.95% stake as of December 2025) that relies on certificate-of-deposit programmes rated by CRISIL and bond ratings by CARE Ratings. Financially, the bank demonstrated robust performance by reporting a net profit of ₹656 crore (up 8% year-on-year) and a capital ratio of 17.12% for FY26, alongside broad operational footprints including 3,302 branches and 2,613 ATMs as of March 2025.",Not relevant,"Query asks for total advances and deposit growth but the summary reports branches, ATMs, net profit and capital ratio instead."
117,"What credit ratings has UCO Bank received, and from which rating agencies?","Based on the provided knowledge graph path, the starting entity is **CRISIL and CARE Ratings**, and the ending entities are **UCO Bank's certificate-of-deposit programme and bond rating**. 

CRISIL reaffirmed an ""A1+"" short-term rating on UCO Bank's certificate-of-deposit programme, while CARE Ratings upgraded the bank's bond rating to ""AA Stable"". Together, these actions reflect positive credit assessments by rating agencies regarding UCO Bank's financial instruments.",Relevant,"Directly names both rating agencies (CRISIL, CARE Ratings) and the specific ratings assigned to UCO Bank."
118,"Roughly how many branches and ATMs does UCO Bank operate, and as of what date?","1. **Starting Entity:** UCO Bank | **Ending Entity:** Operational Infrastructure (Branches and ATMs).

2. As of March 2025, UCO Bank operates a total of 5,915 physical touchpoints across its network. 

3. This infrastructure specifically consists of 3,302 bank branches and 2,613 ATMs.",Relevant,"Gives exact branch count, ATM count, and the as-of date (March 2025) requested."
119,"What products and services does UCO Bank offer, and which customer segments does it serve?","Based on the knowledge graph path, the starting entity is **UCO Bank** and the ending entities include its various descriptive attributes such as **India, Public Sector Bank, Kolkata, and NSE, BSE**. 

UCO Bank is a Government of India-owned universal public sector bank founded on January 6, 1943, and headquartered in Kolkata, West Bengal. It operates within the banking sector and is publicly listed on the NSE and BSE under the ticker UCOBANK.",Not relevant,"Query asks about products/services and customer segments but the summary only covers founding date, HQ and stock listing."
120,What is Bank of Maharashtra's ticker symbol and on which exchange(s) does it trade?,"1. **Starting Entity:** Bank of Maharashtra  
   **Ending Entity:** Government of India / Public Shareholders (or Financial Metrics / Stakeholders)

2. **Summary:**  
   The Bank of Maharashtra is a public sector bank majority-owned by the Government of India, which held a 79.60% stake as of March 2025 alongside Life Insurance Corporation’s (LIC) 7.10% holding. The bank is led by MD & CEO Nidhu Saxena and operates 2,641 branches as of June 2025. Financially, it demonstrated strong performance with a net profit of ₹2,020 crore (up 27% year-on-year) and a total business reaching ₹6.51 lakh crore, supported by best-in-class asset quality with a gross NPA of just 1.45%.",Not relevant,"Query asks for ticker symbol and exchange but the summary discusses ownership, CEO and financial metrics instead."
121,"Who is the current MD & CEO (or Chairman, where that is the top executive title) of Bank of Maharashtra?","Based on the provided knowledge graph path, the starting entity is **Nidhu Saxena** and the ending entity is **Bank of Maharashtra**. Nidhu Saxena has served in the leadership role of MD & CEO for the bank starting from March 2024.",Relevant,Directly identifies Nidhu Saxena as MD & CEO since March 2024.
122,"What percentage of Bank of Maharashtra is held by its government promoter or largest shareholder, and as of what date?","**Starting Entity:** Bank of Maharashtra  
**Ending Entity:** Financial and Operational Status (as represented across its key performance, ownership, and risk metrics)

**Summary:**
Bank of Maharashtra is a public sector universal bank regulated by the RBI and SEBI, majority-owned by the Government of India (79.60%) alongside a 7.10% stake held by LIC as of March 2025. The bank demonstrated strong financial performance, reporting a quarterly net profit of ₹2,020 crore (up 27% year-on-year) and a total business of ₹6.51 lakh crore, supported by an A1+ certificate-of-deposit rating from CRISIL and best-in-class asset quality with a gross NPA of just 1.45%. However, key operational risks include geographic concentration in western India, reliance on equity markets for capital raises to sustain its growth, and potential earnings dilution from future government stake reductions to meet public-float requirements.",Relevant,"States the Government of India holds 79.60% as of March 2025, directly answering the question."
123,What was Bank of Maharashtra's CASA ratio in the most recently reported quarter?,"1. **Starting Entity:** The Government of India | **Ending Entity:** Bank of Maharashtra

2. The Government of India holds a majority ownership stake in Bank of Maharashtra, reflecting strong state backing and control.

3. As of March 2025, this ownership stands at a significant 79.60%.",Not relevant,Query asks for CASA ratio but the summary only discusses government ownership percentage.
124,What is Bank of Maharashtra's net interest margin (NIM) for the latest reported period?,"Based on the provided knowledge graph data, the starting entity is **Bank of Maharashtra** and the ending entity is the **Government of India** (with notable stakeholders also including **CRISIL** and **LIC**). 

Bank of Maharashtra operates as a public sector universal bank where the Government of India held a 79.60% stake as of March 2025, alongside a 7.10% holding by LIC. The bank maintains strong financial metrics, including a 27% year-on-year rise in net profit to ₹2,020 crore, a gross NPA of 1.45%, and an A1+ rating on its certificate-of-deposit programme from CRISIL.",Not relevant,"Query asks for net interest margin but the summary covers ownership, net profit, NPA and credit rating instead."
125,What are Bank of Maharashtra's gross NPA and net NPA ratios?,"**1. Starting and Ending Entities:**
The starting entity is Bank of Maharashtra, and the ending entities include its major shareholders (Government of India and LIC), regulatory bodies (RBI, SEBI), and key financial metrics.

**2. Financial Summary:**
Bank of Maharashtra is a public sector universal bank regulated by the RBI and SEBI, operating 2,641 branches as of June 2025. Financially, the bank demonstrated strong performance with a net profit of ₹2,020 crore (up 27% year-on-year) and a total business of ₹6.51 lakh crore, alongside a low gross NPA of 1.45% and an A1+ certificate-of-deposit rating from CRISIL. Ownership-wise, the Government of India held 79.60% and LIC held 7.10% of the bank as of March 2025, though continued government stake reductions toward the 75% public-float floor pose compliance and dilution risks.",Somewhat relevant,Gives gross NPA (1.45%) but never states the net NPA ratio also requested.
126,"What is Bank of Maharashtra's capital adequacy ratio (CRAR), and its CET1 ratio if disclosed?","Based on the provided knowledge graph data, the starting entity is **Bank of Maharashtra** and the ending entities are its various financial metrics, ownership stakes, and operational risks. 

The bank is a majority Government of India-owned (79.60% as of March 2025) public sector bank demonstrating strong financial performance, including a net profit surge of 27% year-on-year to ₹2,020 crore and a total business of ₹6.51 lakh crore in Q1 FY27. It also maintains best-in-class asset quality with a gross NPA of just 1.45% while operating 2,641 branches as of June 2025. However, the bank faces structural challenges, including funding and regulatory risks tied to its repeated capital-raise dependency and the need to reduce the government stake toward a 75% public-float floor.",Not relevant,"Query asks for CRAR/CET1 but the summary covers net profit, total business, gross NPA and branch count with no capital ratio figures."
127,What are Bank of Maharashtra's return on assets (ROA) and return on equity (ROE) for the latest quarter?,"1. **Starting Entity:** Bank of Maharashtra  
   **Ending Entity:** Government of India / Various Financial and Operational Metrics  

2. **Summary:**  
   The Bank of Maharashtra is a public sector universal bank majority-owned by the Government of India (holding 79.60% as of March 2025) and regulated by the RBI and SEBI. The bank demonstrates strong financial performance, recently reporting a 27% year-on-year rise in net profit to ₹2,020 crore and a total business of ₹6.51 lakh crore up 19% year-on-year, alongside an A1+ rating on its certificate-of-deposit programme by CRISIL. However, it faces operational vulnerabilities and risks, including a high dependency on capital raises to sustain growth, geographic concentration in western India, and potential earnings dilution from future government stake reductions to meet public-float requirements.",Not relevant,"Query asks for ROA/ROE but the summary covers net profit, total business growth and rating instead."
128,What was Bank of Maharashtra's total advances (loan book) and deposit growth in the latest quarter?,"**Starting Entity:** Bank of Maharashtra  
**Ending Entity:** Government of India / Various Financial & Operational Metrics  

**Summary:**  
The knowledge graph details Bank of Maharashtra, a public sector universal bank headquartered in Pune and led by MD & CEO Nidhu Saxena, which is heavily backed by the Government of India with a 79.60% ownership stake as of March 2025. Financially, the bank demonstrates strong performance, highlighted by a recent quarterly net profit of ₹2,020 crore (up 27% year-on-year) and a total business of ₹6.51 lakh crore, alongside top-tier asset quality featuring a gross NPA of 1.45%. However, the bank faces specific operational and regulatory risks, including exposure to geographic concentration in western India, credit risks from rapid loan growth, and dependency on capital raises and government stake reductions to meet public-float requirements.",Not relevant,"Query asks for total advances and deposit growth but the summary only cites 'total business' and net profit, not advances or deposits."
129,"What credit ratings has Bank of Maharashtra received, and from which rating agencies?","**Starting Entity:** Bank of Maharashtra  
**Ending Entity:** A1+ rating (certificate-of-deposit programme)  

**Summary:**  
Bank of Maharashtra holds an A1+ rating specifically for its certificate-of-deposit programme. This top-tier credit rating reflects strong financial standing and a high degree of safety regarding the bank's short-term debt instruments.",Somewhat relevant,Confirms an A1+ CD-programme rating but never names the rating agency the query asks for.
130,"Roughly how many branches and ATMs does Bank of Maharashtra operate, and as of what date?","1. **Starting Entity:** Bank of Maharashtra; **Ending Entity:** Branches.

2. **Explanation:** The path indicates the total operational footprint of the bank in terms of its physical branch network.

3. **Numerical Facts:** Bank of Maharashtra operates a total of 2,641 branches as of June 2025.",Somewhat relevant,"Gives branch count (2,641) and date but omits the ATM count also requested."
131,"What products and services does Bank of Maharashtra offer, and which customer segments does it serve?","Based on the provided knowledge graph path, the starting entity is **Bank of Maharashtra** and the ending entities include its classification as a **Public Sector Bank** in **India**. Bank of Maharashtra is a Government of India-owned universal bank headquartered in Pune, founded on September 16, 1935, and operating within the banking sector. It is a publicly listed institution trading on both the NSE and BSE under the ticker symbol **MAHABANK**.",Not relevant,"Query asks about products/services and customer segments but the summary only covers classification, HQ, founding date and ticker."
132,What is Punjab & Sind Bank's ticker symbol and on which exchange(s) does it trade?,"Based on the provided knowledge graph data, the starting entity is **Punjab & Sind Bank** and the ending entity is the **Government of India**. The Government of India holds a high ownership stake of **93.85%** in the bank, leading the bank to depend heavily on its capital support. However, this creates a regulatory risk as the bank must reduce that stake toward a 75% ceiling.",Not relevant,Query asks for ticker symbol and exchange but the summary discusses government ownership and dilution risk instead.
133,"Who is the current MD & CEO (or Chairman, where that is the top executive title) of Punjab & Sind Bank?","Based on the provided knowledge graph path, the starting entity is **Punjab & Sind Bank**, which is connected to its key leadership figures as the ending entities. Specifically, **Charan Singh** serves as the non-executive chairman of the bank, while **Swarup Kumar Saha** holds the position of Managing Director (MD).",Relevant,"Directly names Charan Singh (chairman) and Swarup Kumar Saha (MD), answering the leadership question."
134,"What percentage of Punjab & Sind Bank is held by its government promoter or largest shareholder, and as of what date?","1. **Starting Entity:** Punjab & Sind Bank; **Ending Entity:** Government of India / Public Shareholders (via regulatory dilution and QIP).

2. **Path Summary:** Punjab & Sind Bank is majority-owned by the Government of India with a high stake of 93.85%, creating regulatory pressure to reduce this ownership toward the 75% ceiling. To address this risk, the bank plans a Qualified Institutional Placement (QIP) to raise capital and reduce the government's stake. 

3. **Numerical Facts:** The Government of India holds a 93.85% ownership stake in Punjab & Sind Bank, which must be brought down toward the 75% regulatory ceiling.",Somewhat relevant,Gives the 93.85% government stake but never states the 'as of' date the query asks for.
135,What was Punjab & Sind Bank's CASA ratio in the most recently reported quarter?,"1. **Starting and Ending Entities:** The starting entity is Punjab & Sind Bank, and the ending entity is The Government of India.
2. **Business/Financial Explanation:** The Government of India maintains a majority equity interest in Punjab & Sind Bank through a substantial ownership stake. 
3. **Numerical Facts:** The Government of India holds a 93.85% ownership stake in the bank.",Not relevant,Query asks for CASA ratio but the summary only discusses the government's ownership stake.
136,What is Punjab & Sind Bank's net interest margin (NIM) for the latest reported period?,"Based on the provided knowledge graph data, the starting entity is **Punjab & Sind Bank** and the ending entity is the **Government of India**. The Government of India holds a dominant ownership stake of 93.85% in Punjab & Sind Bank, upon which the bank depends heavily for capital support. However, this high ownership concentration creates regulatory risk, as the bank needs to bring the stake down toward the 75% ceiling, presenting a potential dilution and execution risk.",Not relevant,Query asks for net interest margin but the summary only discusses government ownership and dilution risk.
137,What are Punjab & Sind Bank's gross NPA and net NPA ratios?,"Based on the provided knowledge graph data, the starting entity is **Punjab & Sind Bank** and the ending entity is the **Government of India**. 

The Government of India maintains a high ownership stake of **93.85%** in Punjab & Sind Bank, upon which the bank depends heavily for capital support. However, this high concentration creates regulatory risk, as the bank needs to bring the government's stake down toward the **75%** ceiling.",Not relevant,Query asks for gross/net NPA ratios but the summary only discusses government ownership percentage.
138,"What is Punjab & Sind Bank's capital adequacy ratio (CRAR), and its CET1 ratio if disclosed?","Based on the provided knowledge graph data, the starting entity is **Punjab & Sind Bank** and the ending entities are its various connected attributes, leadership, risks, and financial metrics. 

Punjab & Sind Bank is a public sector bank headquartered in New Delhi, heavily backed by the Government of India with a **93.85%** ownership stake. The bank operates **1,817** branches and serves retail, agricultural, and MSME customer segments, while maintaining an AA Stable bond rating from CRISIL. However, its high government ownership creates regulatory pressure to reduce the stake toward a **75%** ceiling, alongside other structural risks such as geographic concentration in Punjab and a modest earnings profile.",Not relevant,"Query asks for CRAR/CET1 but the summary covers branches, customer segments, bond rating and ownership with no capital ratio figures."
139,What are Punjab & Sind Bank's return on assets (ROA) and return on equity (ROE) for the latest quarter?,"1. **Starting Entity and Ending Entity:** 
   - Starting Entity: Punjab & Sind Bank
   - Ending Entity: Government of India (along with stakeholders like LIC) and credit rating agencies/regulatory metrics.

2. **Simple Business/Financial Summary:**
   Punjab & Sind Bank is a public sector bank heavily backed by the Government of India, which holds a dominant 93.85% ownership stake, while LIC holds a 1.33% stake. The bank is led by key executives such as Non-Executive Chairman Charan Singh and MD Swarup Kumar Saha, and its bonds maintain an AA Stable rating by CRISIL. 

3. **Important Numerical Facts:**
   - Government of India ownership stake: **93.85%**
   - LIC ownership stake: **1.33%**
   - Total bank branches: **1,817**",Not relevant,"Query asks for ROA/ROE but the summary covers ownership stakes, leadership and branch count instead."
140,What was Punjab & Sind Bank's total advances (loan book) and deposit growth in the latest quarter?,"Based on the provided knowledge graph data, the starting entity is **Punjab & Sind Bank** and the ending entity is the **Government of India**. 

The Government of India maintains a high ownership stake of **93.85%** in Punjab & Sind Bank, upon which the bank depends heavily for capital support. However, this high concentration creates regulatory risk, as the bank must bring the stake down toward the **75%** ceiling, with a planned QIP serving as an opportunity to raise capital and reduce this ownership level.",Not relevant,Query asks for total advances and deposit growth but the summary only discusses government ownership and a planned QIP.
141,"What credit ratings has Punjab & Sind Bank received, and from which rating agencies?","Based on the provided knowledge graph path, the starting entity is Punjab & Sind Bank and the ending entity is its bonds. In simple financial terms, the bank maintains an AA Stable credit rating specifically on its bond issuances. This rating indicates a strong degree of safety and creditworthiness for investors holding the bank's bonds.",Somewhat relevant,Confirms an AA Stable bond rating but does not name the rating agency the query asks for.
142,"Roughly how many branches and ATMs does Punjab & Sind Bank operate, and as of what date?","The starting entity is Punjab & Sind Bank, and the ending entity is its distribution channel represented by its branch network. Punjab & Sind Bank operates a total of 1,817 branches that serve as its distribution channel.",Somewhat relevant,"Gives the branch count (1,817) but omits ATM count and the as-of date requested."
143,"What products and services does Punjab & Sind Bank offer, and which customer segments does it serve?","Based on the provided knowledge graph data, Punjab & Sind Bank is the starting and ending entity of the profile path. Headquartered in New Delhi and founded on June 24, 1908, it is a Government of India-owned public sector bank operating in India with a strong retail, agricultural, and MSME franchise. The bank is publicly listed on both the NSE and BSE under the ticker symbol ""PSB"".",Somewhat relevant,"Names customer segments (retail, agricultural, MSME) but does not describe specific products offered."
144,What is HDFC Bank's ticker symbol and on which exchange(s) does it trade?,"Based on the provided knowledge graph data, the starting entity is **Atanu Chakraborty** (serving as chairman) and the ending entity is **HDFC Bank**. 

The graph outlines key governance, financial, and operational details for HDFC Bank, which is led by Chairman Atanu Chakraborty and CEO Sashidhar Jagdishan. Financially, the bank reported a profit after tax of ₹19,060 crore (a 5% year-on-year increase) and gross advances of ₹30,608 billion, alongside key metrics such as a 32% CASA ratio, a 17.4% CET1 ratio, and a capital adequacy ratio of 19.6%. Additionally, the institution operates through an extensive network of 9,694 branches and is publicly traded on major exchanges including the BSE, NSE, and NYSE.",Somewhat relevant,"Names the exchanges (BSE, NSE, NYSE) but never states the ticker symbol HDFCBANK the query asks for."
145,"Who is the current MD & CEO (or Chairman, where that is the top executive title) of HDFC Bank?","The knowledge graph connects Atanu Chakraborty and Sashidhar Jagdishan through their respective leadership roles at HDFC Bank, where Chakraborty serves as chairman and Jagdishan serves as MD and CEO. Notably, Chakraborty received a three-year reappointment extension, while Jagdishan's retirement is scheduled for October 26, 2026.",Relevant,Directly names Atanu Chakraborty (chairman) and Sashidhar Jagdishan (MD & CEO).
146,"What percentage of HDFC Bank is held by its government promoter or largest shareholder, and as of what date?","**Starting Entity:** HDFC Bank  
**Ending Entity:** Financial metrics, operational details, leadership, and stakeholder ownership of HDFC Bank  

**Summary:**  
The knowledge graph outlines key operational, financial, and leadership details for HDFC Bank, India's largest private bank. Important numerical facts include a reported profit after tax of ₹19,060 crore (a 5% year-on-year increase), gross advances of ₹30,608 billion (up 15.4% year-on-year), a CASA ratio of 32%, a CET1 ratio of 17.4%, and a cost-to-income ratio of 39.2%. Additionally, the graph details institutional shareholdings as of September 2026—with Foreign Institutional Investors holding 41.82% and Domestic Institutions holding 41.75%—alongside governance highlights such as Atanu Chakraborty serving as chairman and Sashidhar Jagdishan acting as MD and CEO.",Relevant,"Gives FII (41.82%) and DII (41.75%) holdings as of September 2026, the largest-shareholder answer appropriate for a bank with no government promoter."
147,What was HDFC Bank's CASA ratio in the most recently reported quarter?,"1. **Starting Entity:** Foreign Institutional Investors | **Ending Entity:** HDFC Bank

2. **Path Summary:** Foreign Institutional Investors hold the largest stake among institutional groups in HDFC Bank, reflecting significant foreign capital allocation in the institution.

3. **Numerical Facts:** Foreign Institutional Investors hold a **41.82%** stake in HDFC Bank as of **September 2026**.",Not relevant,Query asks for CASA ratio but the summary reports FII ownership stake instead.
148,What is HDFC Bank's net interest margin (NIM) for the latest reported period?,"1. **Starting and Ending Entity:** The starting and ending entity in this knowledge graph is **HDFC Bank** (connected to various financial metrics, leadership figures, and operational details).

2. **Business/Financial Summary:** HDFC Bank is India's largest private sector bank, led by Chairman Atanu Chakraborty and MD & CEO Sashidhar Jagdishan, and operates under a universal banking license. The bank provides a wide range of financial services—including retail, SME, and corporate loans—through a vast network of 9,694 branches and digital platforms like PayZapp. 

3. **Numerical Facts:** Key financial highlights include a profit after tax of ₹19,060 crore (up 5% year-on-year), gross advances of ₹30,608 billion (a 15.4% increase), a CASA ratio of 32%, a CET1 ratio of 17.4%, and a capital adequacy ratio of 19.6% as of recent reporting periods. Additionally, Foreign Institutional Investors hold a 41.82% stake, Domestic Institutions hold 41.75%, and the Government of India holds 0.18% as of September 2026.",Not relevant,"Query asks for net interest margin but the summary lists PAT, advances, CASA, CAR and ownership with no NIM figure."
149,What are HDFC Bank's gross NPA and net NPA ratios?,"**Starting Entity:** Atanu Chakraborty (Chairman of HDFC Bank) / HDFC Bank  
**Ending Entity:** HDFC Bank Financial & Operational Metrics (e.g., Profit After Tax of ₹19,060 crore)

**Summary:**  
The knowledge graph details the corporate structure, leadership, and financial performance of HDFC Bank, which is chaired by Atanu Chakraborty and led by MD and CEO Sashidhar Jagdishan. HDFC Bank demonstrates strong financial health, reporting a profit after tax of ₹19,060 crore (a 5% year-on-year increase), a robust capital adequacy ratio of 19.6%, and gross advances reaching ₹30,608 billion. Additionally, the bank maintains significant institutional backing, with Foreign Institutional Investors holding a 41.82% stake and Domestic Institutions holding 41.75% as of September 2026.",Not relevant,"Query asks for gross/net NPA ratios but the summary lists PAT, capital ratio and ownership with no NPA figures."
150,"What is HDFC Bank's capital adequacy ratio (CRAR), and its CET1 ratio if disclosed?","1. **Starting and Ending Entities:** The starting entity is **Atanu Chakraborty** (Chairman) and the primary subject of the knowledge graph is **HDFC Bank**.
2. **Business/Financial Explanation:** The knowledge graph details the governance, financial performance, shareholding structure, and operational scope of HDFC Bank. Led by Chairman Atanu Chakraborty and CEO Sashidhar Jagdishan, the bank operates a massive network of 9,694 branches and holds a strong market position as India's largest private bank.
3. **Important Numerical Facts:** Key financial metrics include a profit after tax of ₹19,060 crore (a 5% year-on-year increase), gross advances of ₹30,608 billion, a capital adequacy ratio of 19.6%, and a CASA ratio of 32%. Additionally, as of September 2026, Foreign Institutional Investors hold a 41.82% stake, Domestic Institutions hold 41.75%, and the Government of India holds 0.18%.",Somewhat relevant,Gives the capital adequacy ratio (19.6%) but does not disclose a CET1 ratio.
151,What are HDFC Bank's return on assets (ROA) and return on equity (ROE) for the latest quarter?,"1. **Starting Entity and Ending Entity:** The starting entity is **HDFC Bank**, and the ending entities are its various financial metrics, ownership stakes, and operational details as of September 2026/Q1 FY27.
2. **Path Explanation:** HDFC Bank, led by Chairman Atanu Chakraborty and CEO Sashidhar Jagdishan, operates as India's largest private sector bank with a massive network of 9,694 branches. The bank is publicly traded on the BSE, NSE, and NYSE, and is backed by significant institutional investments, including 41.82% held by Foreign Institutional Investors and 41.75% by domestic institutions as of September 2026.
3. **Numerical Facts:** Key financial highlights include a profit after tax of ₹19,060 crore (a 5% year-on-year increase), gross advances of ₹30,608 billion (up 15.4% year-on-year), a CASA ratio of 32%, a capital adequacy ratio of 19.6%, a CET1 ratio of 17.4%, and a headline gross NPA of 1.17%.",Not relevant,"Query asks for ROA/ROE but the summary lists PAT, advances, CASA, CAR, CET1 and gross NPA with no ROA/ROE figures."
152,What was HDFC Bank's total advances (loan book) and deposit growth in the latest quarter?,"1. **Starting and Ending Entity:** The starting entity is Atanu Chakraborty (Chairman) and the ending entity is HDFC Bank. 

2. **Business/Financial Explanation:** The knowledge graph details the leadership, operational scale, and financial metrics of HDFC Bank, India's largest private bank. It highlights key governance under Chairman Atanu Chakraborty and MD & CEO Sashidhar Jagdishan, alongside its extensive branch network and diverse lending and retail banking services.

3. **Important Numerical Facts:** Key figures include a reported profit after tax of ₹19,060 crore (a 5% year-on-year increase), gross advances of ₹30,608 billion (up 15.4% year-on-year), a capital adequacy ratio of 19.6%, and a CASA ratio of 32%. Additionally, Foreign Institutional Investors and Domestic Institutions hold stakes of 41.82% and 41.75% respectively as of September 2026, while the bank operates through a network of 9,694 branches.",Somewhat relevant,Gives advances growth (up 15.4% YoY) but never states deposit growth.
153,"What credit ratings has HDFC Bank received, and from which rating agencies?","The starting entity is HDFC Bank, and the ending entities include its various attributes such as its country, segment, and stock exchange listings. HDFC Bank is India's largest private sector bank, headquartered in Mumbai, and operates under a universal banking model across retail, wholesale, and treasury businesses. The publicly listed institution operates under the legal name HDFC BANK LIMITED, trades on the NSE and BSE under the ticker HDFCBANK, and is officially recognized as being listed (True).",Not relevant,"Query asks for credit ratings and agencies but the summary only covers legal name, ticker and listing status."
154,"Roughly how many branches and ATMs does HDFC Bank operate, and as of what date?","**Starting Entity:** HDFC Bank  
**Ending Entity:** Customer Service & Digital Channels (Branches, Net Banking, and Mobile Banking)

HDFC Bank serves its customers through an extensive physical infrastructure consisting of 9,694 branches. Additionally, the bank provides digital banking accessibility and functionality through both its net banking and mobile banking channels.",Somewhat relevant,"Gives the branch count (9,694) but omits ATM count and an explicit as-of date."
155,"What products and services does HDFC Bank offer, and which customer segments does it serve?","Based on the provided knowledge graph path, the starting entity is **HDFC Bank**, which connects to various financial products and services as its ending entities. HDFC Bank provides a comprehensive range of lending options, including SME loans, corporate loans, auto loans, home loans, and personal loans. Additionally, the bank issues credit cards and offers third-party insurance distribution services to its customers.",Relevant,"Lists the bank's lending products, credit cards and insurance distribution, covering both products and implied customer segments."
156,What is ICICI Bank's ticker symbol and on which exchange(s) does it trade?,"**Summary:**

1. **Starting and Ending Entities:** The starting entity is **ICICI Bank**, which links to various financial metrics, operational highlights, and risk factors as its ending attributes. 
2. **Business/Financial Explanation:** ICICI Bank demonstrates strong financial performance with a sector-leading return on assets of 2.18% and a net interest margin of 4.36%, supported by diverse lending portfolios across retail, rural, and corporate segments. The bank maintains robust asset quality with a gross NPA of 1.38% and a capital adequacy ratio of 16.84%, while also facing standard industry risks such as competitive deposit pricing and unsecured retail credit sensitivity.
3. **Important Numerical Facts:** Key figures include total advances of ₹16,31,260 crore (growing 19.6% year-on-year), an average CASA ratio of 38.1% in Q1 FY27, a CET1 ratio of 16.19%, and a return on equity of 11.90%.",Not relevant,"Query asks for ticker symbol and exchange but the summary reports ROA, NIM, NPA, CAR and advances instead."
157,"Who is the current MD & CEO (or Chairman, where that is the top executive title) of ICICI Bank?","1. **Starting and Ending Entities:** The starting entity is **ICICI Bank**, and the ending entities are its various foundational attributes (such as its classification as a Private Sector Bank, India, and its NSE/BSE exchange listing).

2. **Business/Financial Summary:** ICICI Bank is a publicly listed Indian universal bank traded on the NSE and BSE under the ticker ICICIBANK. Operating under the legal name ICICI BANK LIMITED, it maintains a strong retail, SME, and corporate franchise supported by a large digital-payments footprint.

3. **Numerical Facts:** No quantitative financial metrics (like revenue, assets, or market cap) are present in the provided path, though it confirms the bank's public listing status as ""True"".",Not relevant,"Query asks who the MD & CEO/chairman is but the summary only covers classification, ticker and exchange listing."
158,"What percentage of ICICI Bank is held by its government promoter or largest shareholder, and as of what date?","1. **Starting and Ending Entity:** Both the starting and ending entity in this knowledge graph union is **ICICI Bank** (acting as the central subject of various operational, financial, and risk-related attributes).

2. **Simple Business/Financial Summary:** The knowledge graph outlines ICICI Bank's robust financial health, digital footprint, ownership structure, and risk exposures. It details the bank's strong lending growth—notably a 19.6% year-on-year increase in total advances—alongside solid asset quality, strong capital adequacy, and diverse service offerings spanning retail, SME, corporate, and digital platforms like iMobile Pay and InstaBIZ.

3. **Important Numerical Facts:** Key figures include total advances of ₹16,31,260 crore (growing 19.6% year-on-year), a net interest margin of 4.36%, a gross NPA of 1.38%, a net NPA of 0.35%, a return on assets of 2.18%, and a capital adequacy ratio of 16.84%. Additionally, the bank operates 12,190 ATMs and cash-recycling machines, while institutional holdings stand at roughly 45% for Foreign Institutional Investors and 45% for Domestic Institutions as of December 2024.",Relevant,"Gives FII and DII holdings (~45% each) as of December 2024, the largest-shareholder answer for a bank with no government promoter."
159,What was ICICI Bank's CASA ratio in the most recently reported quarter?,"Based on the provided knowledge graph path, the starting entity is ICICI Bank and the ending entity is its provision coverage ratio. ICICI Bank reported a maximum provision coverage ratio of 74.7%.",Not relevant,Query asks for CASA ratio but the summary reports the provision coverage ratio instead.
160,What is ICICI Bank's net interest margin (NIM) for the latest reported period?,"Based on the provided knowledge graph data, the starting entity is **ICICI Bank**, which connects to various financial, operational, and stakeholder attributes as its ending points. 

ICICI Bank is a major universal bank that operates an extensive network of 12,190 ATMs and cash-recycling machines and maintains strong financial metrics, including a Net Interest Margin of 4.36% and total advances of ₹16,31,260 crore (representing a 19.6% year-on-year increase). Ownership-wise, the bank is heavily backed by institutional capital, with Foreign Institutional Investors and domestic institutions each holding approximately 45% as of December 2024, alongside LIC's 7% stake.",Relevant,Directly states the net interest margin of 4.36%.
161,What are ICICI Bank's gross NPA and net NPA ratios?,"Based on the provided knowledge graph data, the starting entity is **ICICI Bank** and the ending entity is its **various financial metrics, operations, and risk exposures** (represented across multiple direct attributes). 

ICICI Bank operates as a major financial institution with strong performance indicators, reporting a sector-leading return on assets of 2.18%, a net interest margin of 4.36%, and total advances of ₹16,31,260 crore (marking a 19.6% year-on-year increase). The bank maintains robust asset quality with a gross NPA of 1.38% and a capital adequacy ratio of 16.84%, while serving a diverse customer base through 12,190 ATMs and cash-recycling machines. Additionally, its ownership as of December 2024 is split evenly with roughly 45% held by Foreign Institutional Investors and approximately 45% by domestic institutions, alongside a 7% stake held by LIC.",Somewhat relevant,Gives gross NPA (1.38%) but never states the net NPA ratio also requested.
162,"What is ICICI Bank's capital adequacy ratio (CRAR), and its CET1 ratio if disclosed?","Based on the provided knowledge graph data, the starting entity is **ICICI Bank** and the ending entity is its **various financial metrics, operational networks, and strategic segments**. 

ICICI Bank operates a robust financial network featuring 12,190 ATMs and cash-recycling machines alongside key digital platforms like InstaBIZ and iMobile Pay. Financially, the bank reported a strong return on assets of 2.18%, a net interest margin of 4.36%, and total advances of ₹16,31,260 crore (marking a 19.6% year-on-year increase), while maintaining asset quality with a gross NPA of 1.38%. Additionally, as of December 2024, Foreign Institutional Investors and domestic institutions each held approximately 45% stakes in the bank.",Not relevant,"Query asks for CRAR/CET1 but the summary lists ROA, NIM, advances and gross NPA with no capital ratio figures."
163,What are ICICI Bank's return on assets (ROA) and return on equity (ROE) for the latest quarter?,"**Summary:**

1. **Starting and Ending Entity:** The starting and ending entity in this knowledge graph path is ICICI Bank (as it forms the subject of all provided financial attributes and operations). 
2. **Business/Financial Explanation:** ICICI Bank operates as a major universal bank—regulated by the RBI and SEBI—maintaining a strong retail, SME, and corporate franchise supported by a digital payments footprint and a network of 12,190 ATMs and cash-recycling machines. The bank exhibits robust financial health, featuring a capital adequacy ratio of 16.84% (with a CET1 ratio of 16.19%), a return on assets of 2.18%, and strong asset quality marked by a gross NPA of 1.38% and net NPA of 0.35%. 
3. **Numerical Facts:** As of recent reporting, ICICI Bank recorded total advances of ₹16,31,260 crore (a 19.6% year-on-year increase), an average CASA ratio of 38.1%, and a net interest margin of 4.36%. Furthermore, Foreign Institutional Investors and Domestic institutions each held roughly 45% of the bank as of December 2024, alongside a 7% stake held by LIC.",Somewhat relevant,Gives return on assets (2.18%) but never states return on equity.
164,What was ICICI Bank's total advances (loan book) and deposit growth in the latest quarter?,"**Starting Entity:** ICICI Bank  
**Ending Entity:** Financial metrics and operational attributes (e.g., Q1 FY27 CASA ratio of 38.1%, total advances of ₹16,31,260 crore, and a return on assets of 2.18%).

**Summary:**
ICICI Bank demonstrates robust financial performance and wide market reach, highlighted by total advances of ₹16,31,260 crore (a 19.6% year-on-year increase) and a sector-leading return on assets of 2.18%. The bank maintains strong asset quality with a gross NPA of 1.38% and a capital adequacy ratio of 16.84%, alongside an average CASA ratio of 38.1% in Q1 FY27. Additionally, it operates extensive digital and physical distribution networks, including 12,190 ATMs and cash-recycling machines.",Somewhat relevant,Gives total advances and its growth rate but never states deposit growth.
165,"What credit ratings has ICICI Bank received, and from which rating agencies?","**Starting Entity:** ICICI Bank  
**Ending Entity:** India (along with various descriptive, operational, and market attributes like NSE/BSE and Private Sector Bank)

ICICI Bank is a publicly listed private sector universal bank headquartered in India, trading on the NSE and BSE under the ticker ICICIBANK. It operates a strong retail, SME, and corporate franchise supported by a large digital-payments footprint.",Not relevant,"Query asks for credit ratings and agencies but the summary only covers HQ, ticker and franchise description."
166,"Roughly how many branches and ATMs does ICICI Bank operate, and as of what date?","**Starting Entity:** ICICI Bank  
**Ending Entity:** ATMs and cash-recycling machines  

ICICI Bank operates and distributes its banking services through a combined network of 12,190 ATMs and cash-recycling machines. This count highlights the physical self-service infrastructure the bank utilizes to reach its customers.",Somewhat relevant,"Gives ATM count (12,190) but omits branch count and an explicit as-of date."
167,"What products and services does ICICI Bank offer, and which customer segments does it serve?","Based on the provided knowledge graph path, the starting entity is ICICI Bank and the ending entities are its various financial products and regulatory listings. ICICI Bank offers a comprehensive range of retail and commercial financial solutions, including home, auto, and personal loans, credit cards, business-banking products for SMEs, and corporate and wholesale credit. Additionally, the bank holds a NYSE-listed ADR, which subjects its operations to US securities rules.",Relevant,"Lists the bank's retail, SME and corporate lending products and the customer segments served."
168,What is Axis Bank's ticker symbol and on which exchange(s) does it trade?,"Based on the provided knowledge graph data, the starting entity is **Axis Bank Limited** and the ending entity encompasses its various operational, financial, and stakeholder metrics. Axis Bank operates under leadership including MD & CEO Amitabh Chaudhry, maintains a CASA ratio of 38%, and reported total advances of 12,61,557 crore alongside total deposits of 13,72,936 crore. Additionally, as of September 2026, the bank's ownership includes a 39.91% stake held by Foreign Institutional Investors (FIIs) and a 6.43% stake held by retail investors.",Not relevant,"Query asks for ticker symbol and exchange but the summary reports CASA, advances, deposits and ownership instead."
169,"Who is the current MD & CEO (or Chairman, where that is the top executive title) of Axis Bank?","Based on the provided knowledge graph path, the starting entity is **Axis Bank Limited**, with the ending entities being its key executives, **Amitabh Chaudhry** and **N. S. Vishwanathan**. Axis Bank Limited is led by Amitabh Chaudhry, who holds the role of Managing Director and CEO. Additionally, N. S. Vishwanathan serves the institution in the capacity of non-executive chairman.",Relevant,Directly names Amitabh Chaudhry (MD & CEO) and N. S. Vishwanathan (chairman).
170,"What percentage of Axis Bank is held by its government promoter or largest shareholder, and as of what date?","1. **Starting Entity:** Axis Bank Limited (with multiple outbound relationships originating from it).
   **Ending Entities:** Various operational metrics, risk factors, leadership roles, regulatory bodies, and ownership stakes associated with Axis Bank Limited.

2. This knowledge graph path outlines the organizational profile, financial health, leadership, and risk exposures of Axis Bank Limited. Key performance indicators show a CASA ratio of 38%, a comfortable CET1 capital of 14.64%, total advances of ₹12,61,557 crore, and total deposits of ₹13,72,936 crore as of the reported periods.

3. The data also highlights strategic growths—such as a 38% year-on-year increase in corporate lending and a 25% year-on-year rise in SME lending—alongside specific risks like interest-rate risk from NIM compression (which fell to a cycle low of 3.46%) and corporate concentration risk. Additionally, it details ownership breakdowns as of September 2026, including a 39.91% stake held by Foreign Institutional Investors (FIIs).",Relevant,"Gives the FII stake (39.91%) as of September 2026, the largest-shareholder answer for a bank with no government promoter."
171,What was Axis Bank's CASA ratio in the most recently reported quarter?,"**Starting Entity:** Axis Bank Limited  
**Ending Entity:** 13,72,936 crore (Total Deposits)

**Summary:**  
Axis Bank Limited holds the maximum related value for total deposits among the queried data. Specifically, the bank reported a total deposit amount of 13,72,936 crore.",Not relevant,Query asks for CASA ratio but the summary reports total deposits instead.
172,What is Axis Bank's net interest margin (NIM) for the latest reported period?,"1. **Starting Entity:** Amitabh Chaudhry (and various institutional stakeholders/metrics connected through Axis Bank Limited); **Ending Entity:** Axis Bank Limited.

2. **Summary:** Amitabh Chaudhry serves as the MD & CEO of Axis Bank Limited, a regulated universal bank headquartered in Mumbai and led by a management team including non-executive chairman N. S. Vishwanathan. As of September 2026, the bank's ownership is distributed among various groups, including a 39.91% stake held by Foreign Institutional Investors (FIIs) and 6.43% by retail investors. Financially, the bank reported total advances of ₹12,61,557 crore, total deposits of ₹13,72,936 crore, a CASA ratio of 38%, and a comfortable CET1 capital ratio of 14.64%.",Not relevant,"Query asks for net interest margin but the summary reports CASA, CET1, advances and deposits with no NIM figure."
173,What are Axis Bank's gross NPA and net NPA ratios?,"1. **Starting Entity:** Amitabh Chaudhry (and various institutional stakeholders) / **Ending Entity:** Axis Bank Limited.
2. Led by MD & CEO Amitabh Chaudhry, Axis Bank Limited operates as a universal bank with a strong institutional and retail investor base, while managing key financial metrics such as a 38% CASA ratio and total advances of 12,61,557 crore.
3. As of September 2026, Foreign Institutional Investors (FIIs) held a 39.91% ownership stake in the bank, alongside a CET1 capital ratio of 14.64% and a net interest margin of 3.46%.",Not relevant,"Query asks for gross/net NPA ratios but the summary reports NIM, CET1 and ownership with no NPA figures."
174,"What is Axis Bank's capital adequacy ratio (CRAR), and its CET1 ratio if disclosed?","1. **Starting Entity:** Axis Bank Limited  
   **Ending Entity:** Financial and Operational Metrics (including CASA ratio, CET1 capital, FII ownership, and asset quality)

2. Led by MD & CEO Amitabh Chaudhry, Axis Bank Limited operates as a universal bank regulated by the RBI and SEBI, offering diverse services from wealth management to corporate and SME lending. 

3. Key financial metrics as of recent reporting periods include a CASA ratio of 38%, a comfortable CET1 capital ratio of 14.64%, a net NPA of 0.39%, and a return on assets of 1.51%. Additionally, Foreign Institutional Investors (FIIs) held a 39.91% ownership stake in the bank as of September 2026.",Somewhat relevant,Gives the CET1 ratio (14.64%) but does not state the overall CRAR.
175,What are Axis Bank's return on assets (ROA) and return on equity (ROE) for the latest quarter?,"**Starting Entity:** Amitabh Chaudhry  
**Ending Entity:** Axis Bank Limited  

**Summary:**
Amitabh Chaudhry serves as the MD & CEO of Axis Bank Limited, a major financial institution headquartered in Mumbai, Maharashtra. Under his leadership, the bank operates as a universal bank—regulated by the RBI and SEBI—offering a wide range of services including wealth management, NRI banking, and trade finance. Additionally, the bank maintains strong financial metrics, such as a capital adequacy ratio of 16.67% and total advances of 12,61,557 crore.",Not relevant,Query asks for ROA/ROE but the summary reports capital adequacy ratio and total advances instead.
176,What was Axis Bank's total advances (loan book) and deposit growth in the latest quarter?,"Based on the provided knowledge graph, the starting entity is **Axis Bank Limited** and it is connected to various financial metrics, leadership roles, and ownership structures (with **Amitabh Chaudhry** serving as MD & CEO). Axis Bank Limited operates under a universal banking model and reported key financial figures such as total advances of 12,61,557 crore, total deposits of 13,72,936 crore, and a CASA ratio of 38%. Additionally, as of September 2026, the bank's ownership includes foreign institutional investors (FIIs) holding a 39.91% stake and retail investors holding a 6.43% stake.",Somewhat relevant,Gives total advances and deposit levels but no deposit growth rate as asked.
177,"What credit ratings has Axis Bank received, and from which rating agencies?","**Starting Entity:** Axis Bank Limited  
**Ending Entity:** IND AAA rating  

**Summary:**  
Axis Bank Limited's fixed deposits have been assigned the highest safety rating of IND AAA. This top-tier rating reflects the bank's extremely strong capacity to meet its financial commitments regarding these deposits.",Somewhat relevant,Confirms an IND AAA rating but does not explicitly name the rating agency.
178,"Roughly how many branches and ATMs does Axis Bank operate, and as of what date?",,Not relevant,No summary/answer was produced by the pipeline — there is no assistant output to address the user's request.
179,"What products and services does Axis Bank offer, and which customer segments does it serve?","Based on the provided knowledge graph path, the starting entity is Axis Bank Limited and the ending entity is its Burgundy brand. Axis Bank Limited offers wealth management services through this specific brand. No numerical facts were provided in the path.",Somewhat relevant,"Answers only the Burgundy wealth-management brand, leaving broader products and customer segments uncovered."
180,What is Kotak Mahindra Bank's ticker symbol and on which exchange(s) does it trade?,"Based on the provided knowledge graph, the starting entity is **Kotak Mahindra Bank** and the ending entity is its **financial and operational profile**. 

Kotak Mahindra Bank operates a large financial network—including 2,301 branches and 2,734 ATMs—while maintaining strong capital backing with a CET1 ratio of 22.4% and a total capital adequacy ratio of 22.8%. Financially, the bank reported a consolidated group profit after tax of ₹5,480 crore (up 23%), total advances of ₹5,12,249 crore (up 15%), and average deposits of ₹5,58,891 crore (up 14%). Additionally, it engages in cross-selling through intra-group partnerships with entities like Kotak Life Insurance, Kotak Mahindra Asset Management, and Kotak Securities.",Not relevant,"Query asks for ticker symbol and exchange but the summary reports branches, ATMs, CET1 and profit instead."
181,"Who is the current MD & CEO (or Chairman, where that is the top executive title) of Kotak Mahindra Bank?","Based on the provided knowledge graph data, the starting entity is **Kotak Mahindra Bank Limited** and the ending entities are its key executives, **Ashok Vaswani** and **C. S. Rajan**. Ashok Vaswani serves as the MD & CEO of the bank, with plans to step down by the end of December 2026. Meanwhile, C. S. Rajan holds the position of part-time, non-executive chairman at the same institution.",Relevant,Directly names Ashok Vaswani (MD & CEO) and C. S. Rajan (chairman).
182,"What percentage of Kotak Mahindra Bank is held by its government promoter or largest shareholder, and as of what date?","Based on the provided knowledge graph data, the starting entity is **Kotak Mahindra Bank**, and the ending entities include its various financial metrics, operational highlights, and governance attributes. 

Kotak Mahindra Bank is a major financial institution regulated by the RBI and SEBI, operating a large network that includes 2,301 branches and 2,734 ATMs. Financially, the bank reported a consolidated group profit after tax of ₹5,480 crore (up 23%), total advances of ₹5,12,249 crore (up 15%), and a net interest margin of 4.53%, alongside a strong capital adequacy ratio of 22.8%. Operationally and structurally, the bank engages in cross-selling through intra-group partnerships spanning insurance, asset management, and securities businesses, while currently facing key governance risks related to the planned CEO departure of Ashok Vaswani by December 2026.",Not relevant,Query asks for the ownership percentage and date but the summary gives no ownership percentage at all.
183,What was Kotak Mahindra Bank's CASA ratio in the most recently reported quarter?,"**Summary:**

1. **Starting and Ending Entities:** The starting entity is Foreign Institutional Investors (FIIs), and the ending entity is Kotak Mahindra Bank Limited.
2. **Business/Financial Explanation:** FIIs maintain a significant equity ownership stake in Kotak Mahindra Bank Limited. 
3. **Numerical Facts:** As of September 2026, this FII ownership stake stands at a maximum of 25.21%.",Not relevant,Query asks for CASA ratio but the summary reports FII ownership stake instead.
184,What is Kotak Mahindra Bank's net interest margin (NIM) for the latest reported period?,"Based on the provided knowledge graph data, the starting entity is **Kotak Mahindra Bank** and the ending entities are its various financial, operational, and governance attributes. 

Kotak Mahindra Bank maintains a strong financial and operational position, reporting a consolidated group profit after tax of ₹5,480 crore (up 23%), total advances of ₹5,12,249 crore, and a high capital adequacy ratio of 22.8%. Operationally, the bank runs 2,301 branches and 2,734 ATMs, offers the '811' digital platform, and engages in cross-selling through intra-group partnerships in insurance, asset management, and securities. However, the bank faces key governance and leadership risks, notably the announced departure of MD & CEO Ashok Vaswani by the end of December 2026 without a named successor.",Not relevant,"Query asks for net interest margin but the summary reports PAT, advances, CAR and branch/ATM counts with no NIM figure."
185,What are Kotak Mahindra Bank's gross NPA and net NPA ratios?,"Based on the provided knowledge graph data, the starting entity is **Kotak Mahindra Bank** and the ending entities are its various financial metrics and operational characteristics, such as its consolidated group profit after tax and total advances. 

Kotak Mahindra Bank demonstrated strong financial performance, reporting a consolidated group profit after tax of ₹5,480 crore (up 23%) and total advances of ₹5,12,249 crore (up 15%). The bank maintains a robust capital position with a capital adequacy ratio of 22.8% and a CET1 ratio of 22.4%, alongside sound asset quality reflected by a gross NPA of 1.18% in Q1 FY27.",Somewhat relevant,Gives gross NPA (1.18%) but never states the net NPA ratio also requested.
186,"What is Kotak Mahindra Bank's capital adequacy ratio (CRAR), and its CET1 ratio if disclosed?","Based on the provided knowledge graph data, the starting entity is **Kotak Mahindra Bank** and the ending entities are its various financial metrics, operational highlights, and leadership details. 

Kotak Mahindra Bank operates a large financial network—including 2,301 branches and 2,734 ATMs—and maintains a strong balance sheet with a CET1 capital adequacy ratio of 22.4% and total advances of ₹5,12,249 crore (up 15%). The bank engages in cross-selling through intra-group partnerships with entities like Kotak Life Insurance and Kotak Securities, while reporting a consolidated profit after tax of ₹5,480 crore (up 23%) for the period. However, the bank currently faces key governance and execution risks tied to the announced departure of its MD & CEO, Ashok Vaswani, by December 2026 without a named successor.",Somewhat relevant,Gives only a CET1-labeled figure (22.4%) without a clear separate overall CRAR figure.
187,What are Kotak Mahindra Bank's return on assets (ROA) and return on equity (ROE) for the latest quarter?,"Based on the provided knowledge graph data, the starting entity is **Kotak Mahindra Bank** and the ending entities are its various financial performance and operational metrics. The bank demonstrates strong financial standing, reporting a consolidated group profit after tax of ₹5,480 crore (up 23%), total advances of ₹5,12,249 crore, and average deposits of ₹5,58,891 crore. Additionally, it maintains robust capital adequacy with a CET1 ratio of 22.4% and a high capital adequacy ratio of 22.8%, alongside healthy asset quality featuring a gross NPA of 1.18% and net NPA of 0.27%.",Not relevant,"Query asks for ROA/ROE but the summary reports PAT, advances, deposits, CAR and NPA instead."
188,What was Kotak Mahindra Bank's total advances (loan book) and deposit growth in the latest quarter?,"Based on the provided knowledge graph data, the starting entity is **Kotak Mahindra Bank** and the ending entities are its various financial metrics and operational characteristics, such as **Total Advances of ₹5,12,249 crore** and **Consolidated Group Profit After Tax of ₹5,480 crore**. 

Kotak Mahindra Bank operates a large banking network supported by cross-selling partnerships within its corporate group ecosystem, including insurance, asset management, and securities. Financially, the bank reported strong performance indicators, including a 15% increase in total advances to ₹5,12,249 crore and a 23% increase in consolidated group profit after tax to ₹5,480 crore. Additionally, it maintains a robust capital position with a capital adequacy ratio of 22.8% and a net interest margin of 4.53%.",Somewhat relevant,Gives advances growth (15%) but never states deposit growth.
189,"What credit ratings has Kotak Mahindra Bank received, and from which rating agencies?","**Starting Entity:** Kotak Mahindra Bank Limited  
**Ending Entity:** Private Sector Banks (Segment) / India (Country) / NSE and BSE (Exchanges)

Kotak Mahindra Bank Limited is a publicly listed private sector bank in India, traded on the NSE and BSE under the ticker KOTAKBANK. Headquartered in Mumbai, Maharashtra, the institution is promoted by the Kotak family and associated entities.",Not relevant,"Query asks for credit ratings and agencies but the summary only covers ticker, HQ and promoter family."
190,"Roughly how many branches and ATMs does Kotak Mahindra Bank operate, and as of what date?","1. **Starting Entity:** Kotak Mahindra Bank Limited | **Ending Entity:** Branch and ATM Network (2,301 branches and 2,734 ATMs).

2. In simple financial terms, this path outlines Kotak Mahindra Bank's physical retail banking infrastructure footprint. 

3. The bank operates a total of 2,301 branches alongside a network of 2,734 ATMs, which notably includes integrated cash recyclers.",Somewhat relevant,Gives branch and ATM counts but omits the as-of date requested.
191,"What products and services does Kotak Mahindra Bank offer, and which customer segments does it serve?","**1. Starting and Ending Entity:** 
The starting entity is Kotak Mahindra Bank, and the ending entity is the '811' digital banking platform.

**2. Business Summary & Numerical Facts:** 
Kotak Mahindra Bank directly offers and operates the '811' digital banking platform to provide online financial services to its customers. No additional numerical facts are present in this path.",Somewhat relevant,"Answers only the '811' digital platform, leaving broader products and customer segments uncovered."
192,What is IndusInd Bank's ticker symbol and on which exchange(s) does it trade?,"1. **Starting Entity:** INDUSIND BANK LIMITED  
   **Ending Entity:** CRISIL AA+ rating (with a Negative outlook)

2. **Summary:**  
   IndusInd Bank Limited, which operates a vast network including 3,137 branches and 2,853 ATMs, holds a CRISIL AA+ rating that currently faces a threatening Negative outlook reaffirmed on August 24, 2025. Despite posting financial growth such as a 72% rise in profit after tax to reach ₹1,037 crore, the bank is exposed to funding risks from a declining CASA ratio (which fell from 31.48% to 29.43%) and governance risks tied to an unresolved ₹1,979 crore derivatives-accounting discrepancy.",Not relevant,"Query asks for ticker symbol and exchange but the summary reports branches, credit rating and CASA/PAT instead."
193,"Who is the current MD & CEO (or Chairman, where that is the top executive title) of IndusInd Bank?","1. **Starting Entity:** INDUSIND BANK LIMITED; **Ending Entity:** India (along with various corporate and market attributes).
2. IndusInd Bank Limited is a publicly listed private sector bank operating in India, traded on the NSE and BSE under the ticker INDUSINDBK. 
3. The bank is officially recognized under the legal name INDUSIND BANK LIMITED, holds a ""True"" status for being publicly listed, and is promoted by the Hinduja Group with headquarters in Mumbai.",Not relevant,"Query asks who the MD & CEO/chairman is but the summary only covers ticker, legal name, promoter and HQ."
194,"What percentage of IndusInd Bank is held by its government promoter or largest shareholder, and as of what date?","**Starting Entity:** Bank of Baroda  
**Ending Entity:** ICRA (Credit Rating Agency)  

**Summary:**
Bank of Baroda, a public sector bank regulated by the RBI and SEBI, maintains financial relationships with the credit rating agency ICRA. Specifically, ICRA evaluated and rated Bank of Baroda's financial instruments, assigning an AA+ Stable rating to its AT-1 bonds and an AAA rating to its ₹10,000 crore green infrastructure bond programme.",Not relevant,Summary is about a completely different bank (Bank of Baroda/ICRA) and does not address IndusInd Bank's ownership at all.
195,What was IndusInd Bank's CASA ratio in the most recently reported quarter?,"Based on the provided knowledge graph path, the starting entity is **INDUSIND BANK LIMITED**, and the ending entity relates to its core operational strength in **vehicle finance**. In simple business terms, the bank has historically established and maintained a strong market presence within the vehicle finance sector. No specific numerical facts were provided in the path to report.",Not relevant,Query asks for CASA ratio but the summary only discusses vehicle-finance market strength with no ratio figure.
196,What is IndusInd Bank's net interest margin (NIM) for the latest reported period?,"Based on the provided knowledge graph data, here is the summary of the relationships surrounding IndusInd Bank Limited:

1. **Starting and Ending Entities:** The starting entity is **INDUSIND BANK LIMITED**, and the ending entities include its various financial metrics, risk exposures, and operational highlights (such as credit ratings and branch networks).
2. **Business/Financial Summary:** IndusInd Bank Limited operates a vast network comprising 3,137 branches and 2,853 ATMs, while being promoted by the Hinduja Group with a nearly 16% stake. Financially, the bank reported a Q1 FY27 net interest margin of 3.57%, a capital adequacy ratio of 17.15%, and a profit after tax of ₹1,037 crore. 
3. **Key Risks and Ratings:** The bank holds a CRISIL AA+ rating with a Negative outlook and faces specific exposures, including funding risk from a declining CASA ratio (which fell from 31.48% to 29.43%) and governance risks tied to an unresolved derivatives-accounting matter involving a ₹1,979 crore discrepancy.",Relevant,Directly states the Q1 FY27 net interest margin of 3.57%.
197,What are IndusInd Bank's gross NPA and net NPA ratios?,"Based on the provided knowledge graph data, here is the summary of the relationships surrounding IndusInd Bank Limited:

1. **Starting and Ending Entity:** The starting entity is **IndusInd Bank Limited**, and the ending entities include its various financial metrics, operational risks, and credit ratings (such as its CRISIL AA+ rating and Q1 FY27 performance data).
2. **Business/Financial Summary:** IndusInd Bank Limited operates a broad network of 3,137 branches and 2,853 ATMs while navigating key financial shifts, such as a decline in its CASA ratio to 29.43% and a 72% rise in profit after tax to ₹1,037 crore. The bank faces certain governance and funding risks linked to a derivatives-accounting discrepancy and declining CASA, though it maintains a strong capital position with a Q1 FY27 CET1 ratio of 16.10% and is pursuing risk reduction under its new leadership's three-year roadmap.
3. **Numerical Facts:** Key figures include a Q1 FY27 net interest margin of 3.57%, a return on assets of 0.78%, a return on equity of 6.26%, and an FY25 derivatives-accounting discrepancy of roughly ₹1,979 crore.",Not relevant,"Query asks for gross/net NPA ratios but the summary reports CASA decline, PAT, CET1 and derivatives issue instead."
198,"What is IndusInd Bank's capital adequacy ratio (CRAR), and its CET1 ratio if disclosed?","Based on the provided knowledge graph data, the starting entity is **INDUSIND BANK LIMITED** and the ending entity is its **CASA metric**. 

IndusInd Bank experienced a decline in its CASA ratio, with the metric falling from 31.48% a year earlier to 29.43%. This weakening CASA ratio exposes the bank to funding risk as it navigates its broader financial profile.",Not relevant,Query asks for CRAR/CET1 but the summary only discusses the declining CASA ratio.
199,What are IndusInd Bank's return on assets (ROA) and return on equity (ROE) for the latest quarter?,"**Starting Entity:** INDUSIND BANK LIMITED  
**Ending Entity:** CASA Metric (specifically a decline from 31.48% to 29.43%)

**Summary:**
IndusInd Bank Limited experienced a decline in its CASA metric, falling from 31.48% a year earlier to 29.43%. This weakness exposes the bank to funding risk and coincides with a negative outlook reaffirmed on its CRISIL AA+ rating.",Not relevant,Query asks for ROA/ROE but the summary only discusses the declining CASA metric.
200,What was IndusInd Bank's total advances (loan book) and deposit growth in the latest quarter?,"Based on the provided knowledge graph data, here is the summary:

1. **Starting Entity:** INDUSIND BANK LIMITED  
   **Ending Entity:** CRISIL AA+ rating (with a Negative outlook)

2. **Explanation:** IndusInd Bank holds a CRISIL AA+ credit rating that is currently under a negative outlook, reflecting underlying vulnerabilities such as a declining CASA ratio (which fell from 31.48% to 29.43%) and a recent derivatives-accounting discrepancy of roughly ₹1,979 crore in FY25. 

3. **Numerical Facts:** The bank's CASA metric dropped year-on-year to 29.43% from 31.48%, and it previously disclosed a derivatives-accounting discrepancy of approximately ₹1,979 crore.",Not relevant,Query asks for total advances and deposit growth but the summary discusses credit rating outlook and CASA decline instead.
201,"What credit ratings has IndusInd Bank received, and from which rating agencies?","The knowledge graph path starts with the entity **INDUSIND BANK LIMITED** and ends with the entity **CRISIL AA+ rating**. In simple business terms, this path indicates that IndusInd Bank Limited holds a credit rating of CRISIL AA+ from the rating agency. No additional numerical facts or financial metrics are present in the provided path.",Relevant,Directly names CRISIL as the rating agency and states the AA+ rating.
202,"Roughly how many branches and ATMs does IndusInd Bank operate, and as of what date?","**Starting Entity:** INDUSIND BANK LIMITED  
**Ending Entity:** INDUSIND BANK LIMITED (Physical/Operational Network Count)

INDUSIND BANK LIMITED maintains an extensive physical footprint consisting of 3,137 branches and 2,853 ATMs. In total, the institution operates 9,413 customer touchpoints to support its banking network.",Somewhat relevant,Gives branch and ATM counts but omits the as-of date requested.
203,"What products and services does IndusInd Bank offer, and which customer segments does it serve?","Based on the provided knowledge graph path, the starting entity is **IndusInd Bank Limited** and the ending entity is the **""Indie"" digital banking app**. In simple business terms, the path shows that IndusInd Bank Limited provides and supports the ""Indie"" digital banking application as part of its digital offerings.",Somewhat relevant,"Answers only the 'Indie' digital app, leaving broader products and customer segments uncovered."
204,What is Yes Bank's ticker symbol and on which exchange(s) does it trade?,"**1. Starting and Ending Entities:**
* **Starting Entity:** YES BANK LIMITED
* **Ending Entity:** Various financial, operational, and rating metrics (such as ICRA, SMBC, and Q1 FY27 performance indicators).

**2. Summary:**
YES BANK LIMITED is a Mumbai-headquartered universal bank regulated by the RBI and SEBI, with recent strategic backing from Sumitomo Mitsui Banking Corporation (SMBC) and State Bank of India. For Q1 FY27, the bank reported a profit after tax of ₹1,071–1,072 crore, total advances of roughly ₹2.85 lakh crore, and total deposits of roughly ₹3.15 lakh crore, alongside key ratios such as a 32.70% CASA ratio and a 14% CET1 ratio. Additionally, ICRA upgraded the bank's infrastructure and Tier II bonds to an AA Stable rating, while its Additional Tier I bonds maintain an ICRA D rating.",Not relevant,"Query asks for ticker symbol and exchange but the summary reports PAT, advances, deposits and credit ratings instead."
205,"Who is the current MD & CEO (or Chairman, where that is the top executive title) of Yes Bank?","**Starting Entity:** YES BANK LIMITED  
**Ending Entity:** Universal Banking / India / Mumbai, Maharashtra (and various corporate attributes)

**Summary:**  
Yes Bank Limited is a publicly listed Indian universal bank operating in the banking sector, with its shares traded on both the NSE and BSE under the ticker YESBANK. Headquartered in Mumbai, Maharashtra, the institution was reconstructed in 2020 and counts Japan's Sumitomo Mitsui Banking Corporation (SMBC) as its single largest shareholder.",Not relevant,Query asks who the MD & CEO/chairman is but the summary does not name any specific executive.
206,"What percentage of Yes Bank is held by its government promoter or largest shareholder, and as of what date?","1. **Starting Entity:** YES BANK LIMITED  
   **Ending Entities:** Various financial metrics, regulatory bodies, credit ratings, and strategic partners associated with YES BANK LIMITED.

2. **Explanation of Path:** The knowledge graph details the financial performance, regulatory environment, credit ratings, and key strategic relationships of Yes Bank. For Q1 FY27, the bank reported a profit after tax of ₹1,071–1,072 crore, a CASA ratio of 32.70%, total deposits of roughly ₹3.15 lakh crore, and total advances of roughly ₹2.85 lakh crore. Additionally, the bank is regulated by the RBI and SEBI, maintains key backing from major stakeholders like SMBC (which acquired a 20% stake) and the State Bank of India, and has seen its infrastructure and Tier II bonds upgraded to an AA Stable rating by ICRA.",Somewhat relevant,Identifies SMBC's 20% stake as largest shareholder but does not give the as-of date requested.
207,What was Yes Bank's CASA ratio in the most recently reported quarter?,"Based on the provided knowledge graph path, the starting entity is **YES BANK LIMITED** and the ending entity is its **Q1 FY27 CASA ratio**. YES BANK LIMITED reported a CASA ratio of **32.70%** for the first quarter of fiscal year 2027. This metric highlights the bank's proportion of low-cost current and savings account deposits during that period.",Relevant,Directly states the Q1 FY27 CASA ratio of 32.70%.
208,What is Yes Bank's net interest margin (NIM) for the latest reported period?,"**Starting Entity:** YES BANK LIMITED  
**Ending Entity:** ICRA (as the rating agency for YES BANK LIMITED's debt instruments)

**Summary:**
YES BANK LIMITED recently received an upgrade from ICRA, raising its infrastructure and Tier II bonds from an AA- Stable rating to an AA Stable rating, though its Additional Tier I bonds remain at an ICRA D rating. For Q1 FY27, the bank reported a profit after tax of ₹1,071–1,072 crore alongside a CET1 ratio of 14% and total deposits of roughly ₹3.15 lakh crore. Additionally, the bank relies on strategic partnerships, including Sumitomo Mitsui Banking Corporation acquiring a 20% stake and State Bank of India holding a roughly 10% residual stake as an anchor investor.",Not relevant,"Query asks for net interest margin but the summary covers rating upgrades, PAT, CET1 and shareholder stakes with no NIM figure."
209,What are Yes Bank's gross NPA and net NPA ratios?,"**Starting Entity:** YES BANK LIMITED  
**Ending Entity:** ICRA (Implicitly linked via debt instrument ratings)

**Summary:**
YES BANK LIMITED recently had its infrastructure and Tier II bonds upgraded by ICRA from an AA- Stable to an AA Stable rating, while its Additional Tier I bonds maintained an ICRA D rating. For Q1 FY27, the bank reported a profit after tax of ₹1,071–1,072 crore, alongside a CET1 ratio of 14% and a CASA ratio of 32.70%. Additionally, Sumitomo Mitsui Banking Corporation (SMBC) became its single largest shareholder by acquiring a 20% stake.",Not relevant,"Query asks for gross/net NPA ratios but the summary covers bond ratings, PAT, CET1 and CASA with no NPA figures."
210,"What is Yes Bank's capital adequacy ratio (CRAR), and its CET1 ratio if disclosed?","1. **Starting Entity:** YES BANK LIMITED  
   **Ending Entity:** ICRA (as the rating agency for its debt instruments) / SMBC / State Bank of India  

2. **Summary:**  
   YES BANK LIMITED recently upgraded its infrastructure and Tier II bonds to an AA Stable rating while maintaining an ICRA D rating on its Additional Tier I bonds. Financially, the bank reported a Q1 FY27 profit after tax between ₹1,071 and ₹1,072 crore, alongside a CASA ratio of 32.70% and a CET1 ratio of 14%. Strategically, the institution relies on key stakeholders like Sumitomo Mitsui Banking Corporation (holding a 20% stake) and the State Bank of India (holding a ~10% residual stake) for capital support and governance.",Somewhat relevant,Gives the CET1 ratio (14%) but does not state the overall CRAR.
211,What are Yes Bank's return on assets (ROA) and return on equity (ROE) for the latest quarter?,"**Starting Entity:** YES BANK LIMITED  
**Ending Entity:** ICRA (Implicit via debt rating relationships)

**Summary:**
YES BANK LIMITED recently experienced credit rating upgrades for its infrastructure and Tier II bonds to an AA Stable rating from AA- Stable, while its Additional Tier I bonds maintained an ICRA D rating. For Q1 FY27, the bank reported a profit after tax of ₹1,071–1,072 crore, a CET1 ratio of 14%, and total advances of roughly ₹2.85 lakh crore. Additionally, the bank's ownership structure evolved as Sumitomo Mitsui Banking Corporation (SMBC) acquired a 20% stake to become its single largest shareholder, alongside State Bank of India's roughly 10% residual stakeholder position.",Not relevant,"Query asks for ROA/ROE but the summary covers rating upgrades, PAT, CET1 and shareholder stakes with no ROA/ROE figures."
212,What was Yes Bank's total advances (loan book) and deposit growth in the latest quarter?,"**1. Starting and Ending Entity:**
* **Starting Entity:** YES BANK LIMITED
* **Ending Entity:** ICRA (rating agency) / SMBC (strategic partner) / Various Q1 FY27 Financial Metrics (e.g., Profit After Tax of ₹1,071–1,072 crore).

**2 & 3. Business Summary & Numerical Facts:**
YES BANK LIMITED, headquartered in Mumbai and led by MD & CEO Vinay M. Tonse, reported several key financial metrics for Q1 FY27, including a profit after tax of ₹1,071–1,072 crore, total advances of roughly ₹2.85 lakh crore, and total deposits of approximately ₹3.15 lakh crore. The bank's credit profile is supported by major institutional relationships, notably Sumitomo Mitsui Banking Corporation (SMBC) acquiring a 20% stake and State Bank of India holding a roughly 10% residual stake as of September 2025. Furthermore, ICRA upgraded the bank's infrastructure and Tier II bonds to an AA Stable rating, while its Additional Tier I bonds maintain an ICRA D rating.

**4 & 5. Constraints Check:**
The summary relies strictly on the provided knowledge graph rows, avoids invented facts, and is kept to three concise sentences.",Somewhat relevant,Gives total advances and deposit levels but no growth rate for either as asked.
213,"What credit ratings has Yes Bank received, and from which rating agencies?","**Starting Entity:** YES BANK LIMITED  
**Ending Entity:** AA Stable rating (for infrastructure and Tier II bonds)  

Yes Bank Limited experienced a credit rating upgrade, moving its infrastructure and Tier II bonds from a previous rating of AA- Stable up to an AA Stable rating. Meanwhile, the bank's Additional Tier I (Basel III Tier I) bonds continue to maintain an ICRA D rating.",Relevant,Directly names ICRA as the agency and states both the AA Stable and D ratings for different instruments.
214,"Roughly how many branches and ATMs does Yes Bank operate, and as of what date?",,Not relevant,No summary/answer was produced by the pipeline — there is no assistant output to address the user's request.
215,"What products and services does Yes Bank offer, and which customer segments does it serve?","The starting entity is **YES BANK LIMITED**, and the ending entities are its various corporate and operational attributes. Yes Bank Limited is an Indian universal bank headquartered in Mumbai, Maharashtra, operating within the banking sector and listed on both the NSE and BSE under the ticker YESBANK. Reconstructed in 2020, the bank's single largest shareholder is Japan's Sumitomo Mitsui Banking Corporation (SMBC).",Not relevant,"Query asks about products/services and customer segments but the summary only covers HQ, listing history and shareholder background."
216,What is IDFC First Bank's ticker symbol and on which exchange(s) does it trade?,"Based on the provided knowledge graph data, the starting entity is **IDFC First Bank** and the ending entity is **CRISIL** (along with various financial and operational metrics). 

CRISIL reaffirmed IDFC First Bank's credit ratings on October 21, 2025, which included an A1+ rating for its certificate-of-deposit programme, AA+ Stable for its Tier II Basel III bonds, and AAA Stable for its fixed deposits. Operationally and financially, the bank reported a strong performance in Q1 FY27, achieving its highest-ever quarterly profit after tax of 1,075 crore rupees, a net interest margin of 5.96 percent, and a CASA ratio of 50.8 percent.",Not relevant,"Query asks for ticker symbol and exchange but the summary reports CRISIL ratings, PAT, NIM and CASA instead."
217,"Who is the current MD & CEO (or Chairman, where that is the top executive title) of IDFC First Bank?","Based on the provided knowledge graph path, the starting entity is **IDFC FIRST BANK LIMITED** and the ending entities include its classification as a **Private Sector Bank** in **India**, along with its market listings on the **NSE and BSE** under the ticker **IDFCFIRSTB**. 

IDFC FIRST Bank is a publicly listed private sector bank headquartered in Mumbai, India, led by MD & CEO V. Vaidyanathan. The bank operates with no promoter (0.00% promoter holding), which is the result of the completed merger of IDFC Limited and IDFC Financial Holding into the bank.",Relevant,Directly names V. Vaidyanathan as MD & CEO.
218,"What percentage of IDFC First Bank is held by its government promoter or largest shareholder, and as of what date?","1. **Starting and Ending Entities:** The starting entity is **IDFC First Bank**, and the ending entities include its various financial metrics, credit ratings by **CRISIL**, and stakeholder equity distributions.

2. **Business/Financial Summary:** IDFC First Bank maintains strong financial performance and high credit standing, highlighted by a record quarterly profit after tax of 1,075 crore rupees in Q1 FY27 and credit ratings reaffirmed by CRISIL (such as AAA Stable for fixed deposits and A1+ for its certificate-of-deposit programme). The bank operates with a 50.8 percent CASA ratio, a CET1 capital ratio of 13.33 percent, and well-managed asset quality with a gross NPA of 1.51 percent. 

3. **Important Numerical Facts:** Key figures include a Net Interest Margin of 5.96%, a capital adequacy ratio of 15.05%, and a net NPA of 0.44% for Q1 FY27, alongside foreign institutional investors (FIIs) holding a 36.10% equity stake.",Somewhat relevant,Gives the FII 36.10% stake but omits an as-of date for that figure.
219,What was IDFC First Bank's CASA ratio in the most recently reported quarter?,"1. **Starting and Ending Entity:** The starting entity is **IDFC First Bank** and the ending entity is its **quarterly profit after tax for Q1 FY27**.

2. **Business/Financial Summary:** IDFC First Bank achieved a significant financial milestone by recording its highest-ever quarterly profit. 

3. **Numerical Facts:** This record profit amounted to **1,075 crore rupees** for the **Q1 FY27** quarter.",Not relevant,Query asks for CASA ratio but the summary only discusses the record quarterly profit.
220,What is IDFC First Bank's net interest margin (NIM) for the latest reported period?,"Based on the provided knowledge graph data, the starting entity is **IDFC First Bank** and the ending entity is **CRISIL** (along with various financial metrics). 

CRISIL reaffirmed IDFC First Bank's credit ratings on October 21, 2025, assigning an A1+ rating to its certificate-of-deposit programme, AA+ Stable to its Tier II Basel III bonds, and AAA Stable to its fixed deposits. Additionally, the bank reported strong financial performance in Q1 FY27, achieving its highest-ever quarterly profit after tax of 1,075 crore rupees and a net interest margin of 5.96 percent.",Relevant,Directly states the net interest margin of 5.96%.
221,What are IDFC First Bank's gross NPA and net NPA ratios?,"Based on the provided knowledge graph data, the starting entity is **IDFC First Bank** and the ending entities are its various financial metrics and ratings (such as **CRISIL**, **Q1 FY27 performance indicators**, and **equity stakeholders**). 

The graph illustrates IDFC First Bank's financial health, ownership structure, and credit profile, highlighting key figures such as a highest-ever quarterly profit after tax of **1,075 crore rupees** and a net interest margin of **5.96 percent** in Q1 FY27. Additionally, it details the bank's capital adequacy ratio at **15.05 percent**, a CASA ratio of **50.8 percent**, and credit ratings reaffirmed by **CRISIL**, alongside institutional and retail equity distribution.",Not relevant,"Query asks for gross/net NPA ratios but the summary covers PAT, NIM, CAR, CASA and ratings with no NPA figures."
222,"What is IDFC First Bank's capital adequacy ratio (CRAR), and its CET1 ratio if disclosed?","Based on the provided knowledge graph data, the starting entity is **IDFC First Bank** (connected to various financial, operational, and shareholding attributes) and the ending entities are its **specific financial metrics and stakeholder groups**. 

In Q1 FY27, IDFC First Bank achieved its highest-ever quarterly profit after tax of 1,075 crore rupees, alongside a net interest margin of 5.96% and a CASA ratio of 50.8%. Its equity ownership is distributed among institutional investors, including Foreign Institutional Investors (FIIs) holding a 36.10% stake and mutual funds holding 12.76%.",Not relevant,"Query asks for CRAR/CET1 but the summary covers PAT, NIM, CASA and ownership with no capital ratio figures."
223,What are IDFC First Bank's return on assets (ROA) and return on equity (ROE) for the latest quarter?,"Based on the provided knowledge graph data, the starting entity is **IDFC First Bank** (connected to various financial, operational, and stakeholder attributes) and the ending entities include its various stakeholder groups and financial metrics. 

In Q1 FY27, IDFC First Bank achieved its highest-ever quarterly profit after tax of 1,075 crore rupees alongside a net interest margin of 5.96 percent. The bank's equity is distributed among major investors, including Foreign Institutional Investors (FIIs) holding a 36.10% stake, mutual funds holding 12.76%, insurance entities holding 10.91%, and domestic institutions holding 8.47%. Additionally, CRISIL reaffirmed the bank's credit ratings—including a AAA Stable rating for fixed deposits and A1+ for its certificate-of-deposit programme—on October 21, 2025.",Not relevant,"Query asks for ROA/ROE but the summary covers PAT, NIM, equity distribution and ratings with no ROA/ROE figures."
224,What was IDFC First Bank's total advances (loan book) and deposit growth in the latest quarter?,"Based on the provided knowledge graph data, the starting entity is **IDFC First Bank** and the ending entity is **CRISIL** (along with various financial metrics and ratings). 

In Q1 FY27, IDFC First Bank achieved its highest-ever quarterly profit after tax of 1,075 crore rupees, supported by a net interest margin of 5.96% and a CASA ratio of 50.8%. Additionally, credit rating agency CRISIL reaffirmed the bank's ratings on October 21, 2025, assigning an A1+ rating to its certificate-of-deposit programme, AA+ Stable to its Tier II Basel III bonds, and AAA Stable to its fixed deposits.",Not relevant,"Query asks for total advances and deposit growth but the summary covers PAT, NIM, CASA and credit ratings instead."
225,"What credit ratings has IDFC First Bank received, and from which rating agencies?","Based on the provided knowledge graph path, the starting entity is **IDFC First Bank** and the ending entity is **CRISIL**. CRISIL reaffirmed the credit ratings for several of the bank's financial instruments, including its certificate-of-deposit programme at A1+, Tier II Basel III bonds at AA+ Stable, and fixed deposits at AAA Stable.",Relevant,Directly lists CRISIL's specific ratings across IDFC First Bank's instruments.
226,"Roughly how many branches and ATMs does IDFC First Bank operate, and as of what date?","The starting entity is IDFC First Bank Limited, and the ending entity is its network of bank branches. IDFC First Bank Limited operates a total of 1,155 bank branches.",Somewhat relevant,Gives branch count but omits ATM count and the as-of date the query asked for.
227,"What products and services does IDFC First Bank offer, and which customer segments does it serve?","1. **Starting entity:** IDFC FIRST BANK LIMITED; **Ending entity:** India (along with various corporate and market attributes).
2. Headquartered in Mumbai, Maharashtra, IDFC FIRST Bank operates as a publicly listed private sector bank in India with no promoter ownership (0.00%) following its merger with IDFC Limited and IDFC Financial Holding. 
3. Led by MD & CEO V. Vaidyanathan, the institution's shares are actively traded on both the NSE and BSE under the ticker symbol IDFCFIRSTB.",Not relevant,"Covers ownership, listing and HQ but never addresses products, services, or customer segments."
228,What is Federal Bank's ticker symbol and on which exchange(s) does it trade?,"1. **Starting and Ending Entities:** The knowledge graph path centers on the starting entity **The Federal Bank Limited**, linking it to various financial, operational, and shareholding attributes as of Q1 FY27 and December 2024.

2. **Business/Financial Summary:** The Federal Bank Limited operates an extensive network of 1,640 banking outlets and 2,015 ATMs and cash recyclers while offering diverse services across retail, wholesale, and treasury segments. For Q1 FY27, the bank reported solid financial health, including a net profit of 1,177 crore rupees, a net interest income of 2,946 crore rupees, a CASA ratio of 32.23%, and a comfortable capital adequacy ratio of 16.97%. 

3. **Key Numerical Facts:** Major institutional holdings as of December 2024 included FIIs at roughly 26.3%, domestic institutions at 48.9%, and HDFC Mutual Fund at a 7.04% stake. Asset quality remained robust in Q1 FY27 with a gross NPA of 1.52% and a provision coverage ratio of 87%.",Not relevant,"Gives financials, holdings and network stats but never states the ticker symbol or exchange(s)."
229,"Who is the current MD & CEO (or Chairman, where that is the top executive title) of Federal Bank?","**Starting Entity:** Elias George  
**Ending Entity:** KVS Manian  

Elias George serves as the part-time chairman and an independent director of The Federal Bank Limited, while KVS Manian holds the role of MD & CEO at the same institution. Together, these two individuals occupy top leadership and governance positions within The Federal Bank Limited.",Relevant,Names both the chairman and MD & CEO of Federal Bank as asked.
230,"What percentage of Federal Bank is held by its government promoter or largest shareholder, and as of what date?","1. **Starting and Ending Entity:** The starting and ending entity is **The Federal Bank Limited** (along with its various operational, financial, and regulatory attributes).
2. **Path Explanation:** The knowledge graph details the institutional profile, operational footprint, regulatory environment, and financial performance of The Federal Bank Limited. It highlights key operational metrics—such as its branch and ATM network, leadership, and business segments—alongside Q1 FY27 financial results including net profit, net interest income, and asset quality indicators like gross and net NPAs.
3. **Numerical Facts:** In Q1 FY27, the bank reported a net profit of 1,177 crore rupees, a net interest income of 2,946 crore rupees, a CASA ratio of 32.23%, a CET1 ratio of 15.89%, and a net NPA of 0.18%. Additionally, it operates 1,640 banking outlets and 2,015 ATMs and cash recyclers.",Not relevant,Provides Q1 FY27 financial metrics but no promoter/largest-shareholder percentage or date.
231,What was Federal Bank's CASA ratio in the most recently reported quarter?,"**Summary:**

1. **Entities:** The starting entity is **The Federal Bank Limited**, and the ending entity is **Q1 FY27 Net Interest Income (2,946 crore rupees)**.
2. **Business Explanation:** During the first quarter of fiscal year 2027, The Federal Bank Limited generated a significant net interest income from its core lending and borrowing activities. 
3. **Numerical Fact:** The recorded net interest income for this period stands at **2,946 crore rupees**.",Not relevant,Reports net interest income instead of the CASA ratio the query asked about.
232,What is Federal Bank's net interest margin (NIM) for the latest reported period?,"1. **Starting Entity and Ending Entity**: The starting entity is **The Federal Bank Limited**, and the ending entities are its various operational metrics, ownership stakes, and risk factors as of Q1 FY27 and December 2024.

2. **Business/Financial Summary**: The Federal Bank Limited operates an extensive banking network—including 1,640 outlets and 2,015 ATMs—while serving retail, SME, and large-corporate clients with a strong NRI diaspora focus in Kerala. In Q1 FY27, the bank reported a net profit of 1,177 crore rupees, a net interest income of 2,946 crore rupees, a net interest margin of 3.33 percent, and a healthy capital adequacy ratio of 16.97%. 

3. **Important Numerical Facts**: Key figures include a Q1 FY27 CASA ratio of 32.23%, a gross NPA of 1.52%, a cost-to-income ratio of 52.50%, and a return on equity of 12.01%. Additionally, as of December 2024, Foreign Institutional Investors (FIIs) held roughly 26.3% of the bank, while domestic institutions held 48.9%, which includes significant stakes by HDFC Mutual Fund (7.04%) and LIC (3.61%).",Relevant,States the net interest margin (3.33%) for the latest reported period.
233,What are Federal Bank's gross NPA and net NPA ratios?,"1. **Starting and Ending Entity:** The starting entity is The Federal Bank Limited, and the ending entities are its various operational metrics, locations, stakeholders, and risk factors as of Q1 FY27 and December 2024.

2. **Business/Financial Summary:** The knowledge graph details the operations, financial performance, and governance of The Federal Bank Limited. Headquartered in Aluva/Kochi, Kerala, the bank operates a wide network including 1,640 outlets and 2,015 ATMs/cash recyclers, while serving retail, SME, and large-corporate clients. 

3. **Numerical Facts:** In Q1 FY27, the bank reported a net profit of 1,177 crore rupees, a net interest income of 2,946 crore rupees, a net interest margin of 3.33%, a CASA ratio of 32.23%, and a return on equity of 12.01%. As of December 2024, institutional ownership included FIIs at roughly 26.3%, domestic institutions at 48.9%, and HDFC Mutual Fund holding a 7.04% stake.",Not relevant,"Omits gross and net NPA figures entirely, giving unrelated profit/income metrics instead."
234,"What is Federal Bank's capital adequacy ratio (CRAR), and its CET1 ratio if disclosed?","**1. Starting and Ending Entity:** 
The starting entity is **The Federal Bank Limited**, and the ending entities are its various operational, financial, and ownership attributes as of Q1 FY27 and December 2024.

**2 & 3. Business Summary and Numerical Facts:** 
The Federal Bank Limited is a universally licensed bank headquartered in Kerala, operating 1,640 banking outlets and 2,015 ATMs and cash recyclers. In Q1 FY27, the bank reported a net profit of 1,177 crore rupees, a net interest income of 2,946 crore rupees, a net interest margin of 3.33%, a CASA ratio of 32.23%, and a return on equity of 12.01%. As of December 2024, its major institutional stakeholders included Foreign Institutional Investors (FIIs) at roughly 26.3% and HDFC Mutual Fund holding an approximate 7.04% stake.",Not relevant,Does not state a CRAR or CET1 figure despite that being the entire ask.
235,What are Federal Bank's return on assets (ROA) and return on equity (ROE) for the latest quarter?,"Based on the provided knowledge graph data, the starting entity is **The Federal Bank Limited**, which connects to various operational, financial, and ownership attributes as its ending points. In Q1 FY27, the bank reported a net profit of **1,177 crore rupees** alongside a net interest income of **2,946 crore rupees**, a CASA ratio of **32.23 percent**, and a net interest margin of **3.33%**. Additionally, as of December 2024, institutional holdings included **HDFC Mutual Fund** at **7.04 percent**, **LIC** at **3.61 percent**, and Foreign Institutional Investors (FIIs) at roughly **26.3 percent**.",Not relevant,"Lists profit, NII and CASA figures but never gives ROA or ROE."
236,What was Federal Bank's total advances (loan book) and deposit growth in the latest quarter?,"1. **Starting and Ending Entities:** The knowledge graph path centers on **The Federal Bank Limited** and outlines its various operational, financial, and ownership attributes as of Q1 FY27 and December 2024.

2. **Business/Financial Summary:** The Federal Bank Limited operates an extensive banking network comprising 1,640 outlets and 2,015 ATMs/cash recyclers, while offering diverse services including retail, wholesale, and digital banking. Financially, the bank reported a net profit of 1,177 crore rupees and a net interest income of 2,946 crore rupees in Q1 FY27, alongside strong asset quality metrics such as a gross NPA of 1.52% and a capital adequacy ratio of 16.97%. Its ownership is anchored by institutional investors, with domestic institutions holding 48.9% overall and Foreign Institutional Investors (FIIs) holding roughly 26.3% as of December 2024.",Not relevant,Gives NPA and CAR figures but no total advances or deposit growth numbers.
237,"What credit ratings has Federal Bank received, and from which rating agencies?","Based on the knowledge graph path, the starting entity is **The Federal Bank Limited**, which corresponds to itself as the ending entity through its various organizational and descriptive attributes. The graph outlines that Federal Bank is a professionally managed private sector bank headquartered in Kerala, India, operating across treasury, wholesale, and retail banking. Additionally, the data confirms it is a publicly listed entity trading on the National Stock Exchange (NSE) under the ticker **FEDERALBNK**.",Not relevant,Describes the bank's listing and business lines but gives no credit rating or agency.
238,"Roughly how many branches and ATMs does Federal Bank operate, and as of what date?","1. **Starting Entity:** The Federal Bank Limited | **Ending Entity:** Operational and digital banking assets (outlets, ATMs, IFSC unit, and app).

2. The Federal Bank Limited maintains a significant physical and digital presence through multiple service channels. 

3. Key operational metrics include running 1,640 banking outlets and a combined total of 2,015 ATMs and cash recyclers, alongside specialized operations like an IFSC banking unit at GIFT City and the FedMobile app for digital banking.",Somewhat relevant,Gives branch and ATM counts but no as-of date for the figures.
239,"What products and services does Federal Bank offer, and which customer segments does it serve?","1. The starting and ending entity is **The Federal Bank Limited**, which serves as both the subject of the profile and the primary entity described by its various attributes. 

2. Headquartered in Kochi, Kerala, The Federal Bank Limited is a publicly listed private sector bank in India that operates across treasury, wholesale, and retail banking segments. 

3. The bank is officially listed on the NSE under the ticker symbol **FEDERALBNK**.",Somewhat relevant,Names broad business segments (treasury/wholesale/retail) but no specific products or customer segments.
240,What is RBL Bank's ticker symbol and on which exchange(s) does it trade?,"Based on the provided knowledge graph, the starting entity is **RBL Bank** and the ending entity is **Emirates NBD**. 

Emirates NBD serves as the promoter of RBL Bank after completing the acquisition of a 60% controlling stake, providing RBL Bank with continued capital, strategic direction, and balance-sheet support. Prior to this majority acquisition, various institutional entities held pre-deal stakes in RBL Bank, such as British International Investment (3.82%), Mahindra & Mahindra (3.48%), and Quant Small Cap Fund (roughly 6.65%).",Not relevant,Discusses the Emirates NBD stake but never gives RBL Bank's ticker or exchange.
241,"Who is the current MD & CEO (or Chairman, where that is the top executive title) of RBL Bank?","**Summary:**

The starting entity is RBL Bank, an Indian private bank, which is linked to various corporate and operational attributes ending with its official website and market identifiers. Established in 1943 and headquartered in Mumbai, the publicly listed institution (ticker: RBLBANK on NSE and BSE) operates under a diversified business model with a 60% controlling stake held by Emirates NBD.",Not relevant,"Gives founding date, HQ and ticker but never names the MD & CEO or chairman."
242,"What percentage of RBL Bank is held by its government promoter or largest shareholder, and as of what date?","Based on the knowledge graph path, the starting entity is **RBL Bank** and the ending entities include its various operational metrics, risks, and strategic relationships (such as **Emirates NBD** and **CRISIL**). 

RBL Bank is a regulated private bank in India that recently underwent a major ownership change, with Emirates NBD acquiring a 60% controlling stake to provide strategic and capital support. Financially, the bank reported total advances of ₹1.16 trillion and total deposits of ₹1.25 trillion for Q1 FY27, alongside a strong capital adequacy ratio of 33.3% and a net interest income of ₹1,654 crore. However, it also faces operational and execution risks tied to post-acquisition integration, alongside credit risks stemming from its unsecured retail and credit-card asset quality.",Somewhat relevant,Gives the 60% Emirates NBD stake but no explicit as-of date.
243,What was RBL Bank's CASA ratio in the most recently reported quarter?,"**Summary:**

1. **Entities:** The starting entity is RBL Bank, and the ending entity is credit cards. 
2. **Business Explanation:** RBL Bank issues credit cards directly as a core component of its digital payments business operations. 
3. **Numerical Facts:** No numerical facts are provided in this path.",Not relevant,"Discusses credit cards, not the CASA ratio requested."
244,What is RBL Bank's net interest margin (NIM) for the latest reported period?,"1. **Starting Entity and Ending Entity:** The starting entity is **Emirates NBD**, and the ending entity is **RBL Bank**.

2. **Business/Financial Summary:** Emirates NBD became the promoter of RBL Bank after acquiring a 60% controlling stake, providing the bank with ongoing capital, strategic direction, and balance-sheet support. Following this majority acquisition and integration, RBL Bank operates with strong financial metrics for Q1 FY27, including a capital adequacy ratio of 33.3%, total advances of ₹1.16 trillion, and total deposits of ₹1.25 trillion.",Not relevant,Gives CAR/advances/deposits but no net interest margin figure.
245,What are RBL Bank's gross NPA and net NPA ratios?,"Based on the provided knowledge graph data, the starting entity is **Emirates NBD** and the ending entity is **RBL Bank**. 

Emirates NBD serves as the promoter of RBL Bank after completing the acquisition of a 60% controlling stake, providing RBL Bank with continued capital, strategic direction, and balance-sheet support. Additionally, this corporate relationship creates opportunities for RBL Bank, such as the potential merger of Emirates NBD's India branches.",Not relevant,"Discusses the promoter relationship and merger opportunity, not NPA ratios."
246,"What is RBL Bank's capital adequacy ratio (CRAR), and its CET1 ratio if disclosed?","Based on the provided knowledge graph data, the starting entity is **Emirates NBD** and the ending entity is **RBL Bank**. 

Emirates NBD completed the acquisition of a 60% controlling stake in RBL Bank, making it the bank's promoter and providing it with continued capital, strategic direction, and balance-sheet support. Following this ownership change, RBL Bank operates with strong financial metrics, including a capital adequacy ratio of 33.3%, total advances of ₹1.16 trillion, and total deposits of ₹1.25 trillion for Q1 FY27.",Relevant,Gives the capital adequacy ratio (33.3%); CET1 is optional per the query and not disclosed.
247,What are RBL Bank's return on assets (ROA) and return on equity (ROE) for the latest quarter?,"Based on the provided knowledge graph data, the starting entity is **Emirates NBD** and the ending entity is **RBL Bank**. 

Emirates NBD acquired a 60% controlling stake in RBL Bank, making it the bank's promoter and providing it with continued capital and strategic direction. Through this relationship, RBL Bank benefits from strategic and balance-sheet support from Emirates NBD, while also exploring opportunities like the potential merger of Emirates NBD's India branches.",Not relevant,"Discusses ownership and strategic support, not ROA/ROE figures."
248,What was RBL Bank's total advances (loan book) and deposit growth in the latest quarter?,"Based on the provided knowledge graph data, the starting entity is **Emirates NBD** and the ending entity is **RBL Bank**. 

Emirates NBD is classified as the promoter of RBL Bank after completing the acquisition of a 60% controlling stake, thereby providing the bank with continued capital, strategic direction, and balance-sheet support. Following this ownership change, RBL Bank operates with strong financial metrics, including a surging capital adequacy ratio of 33.3% and total advances of ₹1.16 trillion reported for Q1 FY27, though it simultaneously faces post-acquisition integration and execution risks.",Somewhat relevant,Gives total advances value but no deposit growth figure.
249,"What credit ratings has RBL Bank received, and from which rating agencies?","**Starting Entity:** RBL Bank  
**Ending Entity:** CRISIL  

CRISIL has assigned strong credit ratings to RBL Bank, specifically an **A1+** rating for its certificates of deposit and an **AAA Stable** rating for its fixed deposits and infrastructure bonds. These top-tier ratings reflect the bank's high degree of safety regarding timely repayment of its short-term and long-term debt obligations.",Relevant,"Gives CRISIL's specific ratings (A1+, AAA Stable) for RBL Bank's instruments."
250,"Roughly how many branches and ATMs does RBL Bank operate, and as of what date?","**Summary:**

1. **Starting and Ending Entities:** The starting entity is **RBL Bank**, and the ending entities are its **branch networks** (traditional branches and business-correspondent branches).
2. **Business Explanation:** RBL Bank utilizes a dual-channel physical distribution network to reach and serve its customers across various regions. 
3. **Numerical Facts:** The bank operates **628** standard branches alongside approximately **1,272 to 1,339** business-correspondent branches distributed across **28 states**.",Somewhat relevant,Gives branch counts but no ATM figure and no as-of date.
251,"What products and services does RBL Bank offer, and which customer segments does it serve?","Based on the provided knowledge graph path, the starting entity is **RBL Bank** and the ending entity is **credit cards**. RBL Bank offers credit cards as a component of its digital payments business.",Somewhat relevant,"Names only credit cards as a product, a very partial answer on offerings/segments."
252,What is South Indian Bank's ticker symbol and on which exchange(s) does it trade?,"1. **Starting Entity:** South Indian Bank  
   **Ending Entity:** South Indian Bank (Financial and Operational Profile)

2. **Summary:** 
   The knowledge graph details the financial performance, asset quality, and institutional holdings of South Indian Bank. Key financial highlights include a 17.3% year-on-year rise in net profit to ₹378 crore and Q1 FY27 total advances reaching ₹1.03 trillion (up 18.6% year-on-year), alongside improvements in gross NPA to 1.38% and net NPA to 0.26%. Major institutional investors in the bank include FIIs (24.2%), Bandhan Small Cap Fund (4.75%), and Kotak Multicap (4.25%). Additionally, the bank faces operational and execution-continuity risks stemming from ongoing leadership transitions involving its chairman and MD & CEO.",Not relevant,Gives financial performance and holdings but never states the ticker or exchange.
253,"Who is the current MD & CEO (or Chairman, where that is the top executive title) of South Indian Bank?","Based on the knowledge graph path, the starting entity is **South Indian Bank** (with the legal name *The South Indian Bank Limited* and ticker *SOUTHBANK*) and the ending attributes define its operational and market profile in **India**. Headquartered in Thrissur, Kerala, the bank operates a universal banking model focusing on retail, SME, and corporate services, with a strong presence in the South Indian and NRI markets. Additionally, it is a publicly listed entity traded on both the NSE and BSE stock exchanges.",Not relevant,"Gives HQ, ticker and business model but never names the MD & CEO or chairman."
254,"What percentage of South Indian Bank is held by its government promoter or largest shareholder, and as of what date?","**1. Starting and Ending Entity:** 
The starting entity is South Indian Bank, and the ending entities include its various financial metrics, regulatory bodies, institutional investors, and operational risks as detailed across the knowledge graph path.

**2-5. Business/Financial Summary:** 
South Indian Bank, headquartered in Kerala and operating under a universal banking license, is regulated by both the RBI and SEBI. Financially, the bank reported a strong performance with a 17.3% year-on-year rise in net profit to ₹378 crore, Q1 FY27 total advances reaching ₹1.03 trillion (up 18.6% year-on-year), and an improved gross NPA of 1.38%. However, the bank faces operational and execution-continuity risks stemming from leadership transitions, including upcoming roles for part-time chairman Jose Joseph Kattoor and MD & CEO Mahesh Muralidhar Pai in 2026.",Not relevant,Gives profit and leadership-transition context but no promoter/shareholder percentage.
255,What was South Indian Bank's CASA ratio in the most recently reported quarter?,"Based on the provided knowledge graph path, the starting entity is **South Indian Bank** and the ending entity is its **NRI franchise** (particularly based in Kerala). 

South Indian Bank successfully maintains and serves a strong NRI customer base, with a significant concentration located in the state of Kerala. This highlights a key segment of the bank's business operations without involving specific numerical financial figures.",Not relevant,"Discusses the NRI customer franchise, not the CASA ratio requested."
256,What is South Indian Bank's net interest margin (NIM) for the latest reported period?,"1. **Starting Entity and Ending Entity:** The starting entity is **Bandhan Small Cap Fund** and the ending entity is **South Indian Bank** (connected via its broader financial and institutional profile).

2. **Business/Financial Summary:** Bandhan Small Cap Fund is among the institutional investors holding a stake in South Indian Bank, alongside other entities like Kotak Multicap and CalPERS. South Indian Bank demonstrates solid recent financial performance, reporting a 17.3% year-on-year rise in net profit to ₹378 crore and total advances of ₹1.03 trillion for Q1 FY27. 

3. **Numerical Facts:** Bandhan Small Cap Fund held approximately 4.75% of South Indian Bank, while other stakeholders include Kotak Multicap (4.25%), CalPERS (2.25%), and FIIs (24.2%). Additionally, South Indian Bank reported Q1 FY27 total advances of ₹1.03 trillion (up 18.6% year-on-year) and a net profit of ₹378 crore.",Not relevant,Gives shareholder stakes and profit figures but no net interest margin.
257,What are South Indian Bank's gross NPA and net NPA ratios?,"1. **Starting Entity and Ending Entity:** The starting entity is **Bandhan Small Cap Fund**, and the ending entity is **South Indian Bank**.

2. **Path Summary:** Bandhan Small Cap Fund held an investment stake of approximately 4.75% in South Indian Bank. South Indian Bank operates as a universal bank based in Kerala and reported a 17.3% year-on-year rise in net profit to ₹378 crore.",Not relevant,Gives a shareholder stake and profit growth but no NPA ratios.
258,"What is South Indian Bank's capital adequacy ratio (CRAR), and its CET1 ratio if disclosed?","1. **Starting Entity and Ending Entity:** The starting entity is **Bandhan Small Cap Fund**, and the ending entity is **South Indian Bank**.

2. **Path Summary:** Bandhan Small Cap Fund held an approximate 4.75% stake in South Indian Bank. The bank itself operates on a universal-bank model and recently reported solid financial metrics, including a 17.3% year-on-year rise in net profit to ₹378 crore.",Not relevant,Gives a shareholder stake and profit figure but no CRAR or CET1.
259,What are South Indian Bank's return on assets (ROA) and return on equity (ROE) for the latest quarter?,"1. **Starting Entity:** South Indian Bank  
   **Ending Entity:** South Indian Bank's Financial and Operational Profile (or specific operational/financial metrics such as net profit, gross NPA, and management transitions)

2. **Explanation of the Path:**  
   The knowledge graph details the financial performance, asset quality improvements, and leadership transitions of South Indian Bank, alongside its institutional shareholdings and regulatory oversight. Financially, the bank reported a 17.3% year-on-year rise in net profit to ₹378 crore and a Q1 FY27 net interest income of ₹1,024.72 crore, while significantly improving its asset quality as gross NPA dropped to 1.38%. Operationally, the bank faces execution-continuity risks stemming from leadership transitions in 2026, involving incoming MD & CEO Mahesh Muralidhar Pai and part-time chairman Jose Joseph Kattoor.

3. **Important Numerical Facts:**  
   - Net profit rose 17.3% year-on-year to ₹378 crore.  
   - Q1 FY27 total advances reached ₹1.03 trillion (up 18.6% year-on-year).  
   - Gross NPA improved to 1.38% from 3.15% a year earlier, and net NPA dropped to 0.26%.  
   - Key institutional stakes include Bandhan Small Cap Fund (4.75%), Kotak Multicap (4.25%), and FIIs (24.2%).",Not relevant,"Gives profit, advances and NPA figures but never states ROA or ROE."
260,What was South Indian Bank's total advances (loan book) and deposit growth in the latest quarter?,"1. **Starting Entity:** South Indian Bank  
   **Ending Entity:** South Indian Bank (Financial and Operational Profile)

2. **Path Summary:** The knowledge graph details the financial performance, asset quality, and leadership transitions of South Indian Bank, which is headquartered in Kerala and regulated by the RBI and SEBI. The bank demonstrated strong financial metrics, including a 17.3% year-on-year rise in net profit to ₹378 crore and Q1 FY27 total advances reaching ₹1.03 trillion (up 18.6% year-on-year). Additionally, the bank improved its asset quality by reducing its gross NPA to 1.38% and net NPA to 0.26%, while facing operational and execution-continuity risks due to leadership transitions in 2026.",Somewhat relevant,Gives total advances growth but no deposit growth figure.
261,"What credit ratings has South Indian Bank received, and from which rating agencies?","Based on the provided knowledge graph data, South Indian Bank (legally known as The South Indian Bank Limited) is a publicly listed universal bank based in India, trading on the NSE and BSE under the ticker SOUTHBANK. Headquartered in Thrissur, Kerala, the bank operates a traditional retail, SME, and corporate banking model with a strong regional retail and NRI franchise.",Not relevant,"Gives ticker, exchange and HQ details but no credit rating or agency."
262,"Roughly how many branches and ATMs does South Indian Bank operate, and as of what date?",,Not relevant,No summary/answer was produced by the pipeline — there is no assistant output to address the user's request.
263,"What products and services does South Indian Bank offer, and which customer segments does it serve?","The starting entity is **South Indian Bank** (with the legal name *The South Indian Bank Limited* and ticker *SOUTHBANK*), and the ending entity/attributes represent its corporate profile based in **India**. The bank operates a universal banking segment focusing on traditional retail, SME, and corporate models, with a strong franchise in South India and Kerala. It is a publicly listed entity traded on the NSE and BSE stock exchanges.",Somewhat relevant,Names broad segments (retail/SME/corporate) but no specific products.
264,What is Karur Vysya Bank's ticker symbol and on which exchange(s) does it trade?,"Based on the provided knowledge graph path, the starting entity is **Karur Vysya Bank** and the ending entity is **Karur**. In simple terms, this relationship indicates the geographical home of the bank. Specifically, Karur Vysya Bank is headquartered in the city of Karur.",Not relevant,"Gives only the HQ city, not the ticker symbol or exchange."
265,"Who is the current MD & CEO (or Chairman, where that is the top executive title) of Karur Vysya Bank?","Based on the provided knowledge graph path, the starting entity is Sydney (geography_name) and the ending entity is City (level). In simple terms, this path establishes that Sydney is classified geographically at the city level. No numerical facts were present in the given data.",Not relevant,"Completely off-topic, describing Sydney's geographic classification."
266,"What percentage of Karur Vysya Bank is held by its government promoter or largest shareholder, and as of what date?","**Summary:**

1. **Entities:** The starting entity is Karur Vysya Bank, and the ending entity is Karur. 
2. **Business/Financial Context:** The path establishes the geographic origin and corporate roots of the institution by identifying its home city. 
3. **Numerical Facts:** There are no numerical facts present in this relationship path.",Not relevant,"Gives only HQ city, no shareholding percentage or date."
267,What was Karur Vysya Bank's CASA ratio in the most recently reported quarter?,"**Summary:**

1. **Starting Entity:** Karur Vysya Bank  
   **Ending Entity:** Karur  

2. **Explanation:** The path identifies the primary geographic location where the subject institution maintains its headquarters. Specifically, Karur Vysya Bank is headquartered in the city of Karur.",Not relevant,"Gives only HQ city, not the CASA ratio."
268,What is Karur Vysya Bank's net interest margin (NIM) for the latest reported period?,"Based on the provided knowledge graph path, the starting entity is **Karur Vysya Bank** and the ending entity is **Karur**. In simple terms, this indicates the geographical home of the financial institution. Specifically, Karur Vysya Bank is headquartered in the city of Karur.",Not relevant,"Gives only HQ city, not the net interest margin."
269,What are Karur Vysya Bank's gross NPA and net NPA ratios?,"**1. Entities:** The starting entity is Karur Vysya Bank and the ending entity is Karur.

**2 & 3. Business/Financial Summary:** Karur Vysya Bank has its primary headquarters located in the city of Karur. No additional numerical facts are present in this path.

**4 & 5.** This simple regional relationship establishes the bank's foundational home base in India without involving any outside entities.",Not relevant,"Gives only HQ city, not gross/net NPA ratios."
270,"What is Karur Vysya Bank's capital adequacy ratio (CRAR), and its CET1 ratio if disclosed?","Based on the provided knowledge graph path, City Union Bank Limited, HDFC Bank Limited, and Karur Vysya Bank are all connected through their common listing and trading venue, the National Stock Exchange (NSE), where HDFC Bank Limited also actively competes.",Not relevant,"Off-topic NSE-listing comparison among unrelated banks, no CRAR/CET1 data."
271,What are Karur Vysya Bank's return on assets (ROA) and return on equity (ROE) for the latest quarter?,"Based on the provided knowledge graph path, the starting entity is **Karur Vysya Bank** and the ending entity is **Karur**. In simple business terms, the path indicates the geographical location of the bank's headquarters. Specifically, Karur Vysya Bank is headquartered in the city of Karur.",Not relevant,"Gives only HQ city, not ROA/ROE."
272,What was Karur Vysya Bank's total advances (loan book) and deposit growth in the latest quarter?,"Based on the provided knowledge graph path, the starting entity is **Karur Vysya Bank** and the ending entity is **Karur**. In simple terms, this relationship indicates the geographical home of the bank. Specifically, Karur Vysya Bank is headquartered in the city of Karur.",Not relevant,"Gives only HQ city, not advances/deposit growth."
273,"What credit ratings has Karur Vysya Bank received, and from which rating agencies?","Based on the provided knowledge graph path, the starting entity is Karur and the ending entity is Tamil Nadu. The path establishes that Karur is classified as a city whose parent geography is Tamil Nadu. There are no numerical facts present in this relationship.",Not relevant,"Off-topic city/state geography classification, no credit rating."
274,"Roughly how many branches and ATMs does Karur Vysya Bank operate, and as of what date?",,Not relevant,No summary/answer was produced by the pipeline — there is no assistant output to address the user's request.
275,"What products and services does Karur Vysya Bank offer, and which customer segments does it serve?","Based on the provided knowledge graph path, the starting entity is **Karur** and the ending entity is **Tamil Nadu**. Karur is classified as a city whose parent geography is Tamil Nadu.",Not relevant,"Off-topic city/state geography classification, no products or segments."
276,What is City Union Bank's ticker symbol and on which exchange(s) does it trade?,"1. **Starting Entity and Ending Entity:** City Union Bank is the starting entity, with CARE Ratings serving as the rating agency linked in the relationship path.

2. **Business/Financial Summary:** City Union Bank carries an AA- issuer rating with a Positive outlook from CARE Ratings, which reaffirmed this rating on March 30/31, 2026. The bank demonstrates solid financial metrics, including a net interest margin of 3.78% and a capital adequacy ratio of 21.73%, while navigating potential execution and continuity risks highlighted alongside its positive rating outlook.",Not relevant,Gives CARE rating and financial metrics but never states the ticker or exchange.
277,"Who is the current MD & CEO (or Chairman, where that is the top executive title) of City Union Bank?","1. **Starting Entity & Ending Entity:** The starting entity is R. Vijay Anandh, and the ending entity is City Union Bank (with Dr. N. Kamakoti and G. Mahalingam also acting as key related entities).

2. **Business/Financial Summary:** R. Vijay Anandh is set to become the new MD & CEO of City Union Bank effective May 1, 2026, succeeding the previous MD & CEO, Dr. N. Kamakoti. Additionally, G. Mahalingam serves as the non-executive chairman of the bank.

3. **Numerical Facts:** The transition for R. Vijay Anandh to assume the role of MD & CEO becomes effective on May 1, 2026.",Relevant,"Names the incoming MD & CEO, the outgoing MD & CEO, and the chairman."
278,"What percentage of City Union Bank is held by its government promoter or largest shareholder, and as of what date?","1. **Starting Entity**: City Union Bank  
   **Ending Entity**: CARE Ratings (along with various financial metrics and risk profiles)

2. **Explanation**: The knowledge graph details the financial health, governance, and credit profile of City Union Bank, which holds an AA- rating with a Positive outlook from CARE Ratings. The bank demonstrates strong performance characterized by 25% year-on-year loan growth, a healthy capital adequacy ratio of 21.73%, and improving asset quality, though it carries specific geographic and leadership transition risks.

3. **Numerical Facts**: City Union Bank reported total advances of ₹676,454 million and total deposits of ₹793,423 million (up 21%) in Q1 FY27, alongside a net interest margin of 3.78%, a gross NPA of 1.73%, and a return on equity of 14.37%.",Not relevant,Gives rating and financial metrics but no promoter/shareholder percentage.
279,What was City Union Bank's CASA ratio in the most recently reported quarter?,"**Starting Entity:** City Union Bank  
**Ending Entity:** ₹793,423 million (Q1 FY27 total deposits)  

City Union Bank achieved the maximum total deposits among the queried entities, reaching ₹793,423 million in Q1 FY27. This represents a strong growth rate of 21% compared to the same period in the previous year.",Not relevant,"Gives total deposits, not the CASA ratio requested."
280,What is City Union Bank's net interest margin (NIM) for the latest reported period?,"**Starting Entity:** City Union Bank  
**Ending Entity:** CARE Ratings / Various Financial Metrics  

**Summary:**  
City Union Bank, headquartered in Tamil Nadu and regulated by the RBI and SEBI, maintains an AA- issuer rating with a Positive outlook from CARE Ratings. The bank demonstrates strong financial performance, reporting a Q1 FY27 CASA balance of ₹210,940 million (representing a ~26.6% CASA ratio), total deposits of ₹793,423 million up 21% year-on-year, and total advances reaching ₹676,454 million alongside 25% year-on-year loan growth. Additionally, the bank improved its asset quality by reducing gross NPA to 1.73% and net NPA to 0.61%, while achieving a return on assets of 1.57% and a return on equity of 14.37%.",Not relevant,"Gives CASA ratio, deposits, advances, NPA and ROE but never states NIM."
281,What are City Union Bank's gross NPA and net NPA ratios?,"**Starting Entity:** City Union Bank  
**Ending Entity:** CARE Ratings / Financial & Operational Metrics (Q1 FY27)  

**Summary:**  
City Union Bank maintains a reaffirmed AA- issuer rating with a Positive outlook from CARE Ratings and is exposed to credit and geographic concentration risks stemming from its 25% year-on-year loan growth and 59% branch concentration in Tamil Nadu. Financially, the bank reported Q1 FY27 total advances of ₹676,454 million alongside a strong net interest income of ₹8,201 million (up 31%), while improving its gross NPA down to 1.73%.",Somewhat relevant,Gives gross NPA but omits the net NPA ratio.
282,"What is City Union Bank's capital adequacy ratio (CRAR), and its CET1 ratio if disclosed?","1. **Starting Entity:** City Union Bank; **Ending Entity:** Various financial and operational metrics (such as CARE Ratings, Q1 FY27 CASA balance, and loan growth).

2. **Explanation:** The knowledge graph details the financial performance, asset quality, and governance of City Union Bank, which operates over 1,000 branches and focuses on MSME and retail banking. It maintains strong credit ratings and deposit growth while navigating regional concentration in Tamil Nadu and recent leadership changes under MD & CEO R. Vijay Anandh. 

3. **Numerical Facts:** In Q1 FY27, City Union Bank reported a CASA balance of ₹210,940 million (up 18%) with a CASA ratio of ~26.6%, total advances of ₹676,454 million reflecting 25% year-on-year growth, and total deposits of ₹793,423 million up 21% year-on-year. Additionally, the bank maintains a net interest margin of 3.78%, a capital adequacy ratio of 21.73%, and improved its gross NPA to 1.73%.",Relevant,"States the capital adequacy ratio (21.73%); CET1 not disclosed, which is acceptable per the query."
283,What are City Union Bank's return on assets (ROA) and return on equity (ROE) for the latest quarter?,"Based on the provided knowledge graph data, the starting entity is **City Union Bank** and the ending entity is **CARE Ratings**. 

City Union Bank is rated by CARE Ratings, which reaffirmed the bank's AA- issuer rating with a Positive outlook. Financially, the bank reported strong momentum with 25% year-on-year loan growth and a Q1 FY27 CASA balance of ₹210,940 million, though analysts note it faces residual execution and credit risks.",Not relevant,Gives rating and loan growth but no ROA or ROE figures.
284,What was City Union Bank's total advances (loan book) and deposit growth in the latest quarter?,"1. **Starting Entity:** City Union Bank; **Ending Entity:** Various financial and operational metrics (such as CARE Ratings, Q1 FY27 CASA balance of ₹210,940 million, and a Gross NPA of 1.73%).

2. **Summary:** The knowledge graph details the financial health, leadership, and credit profile of City Union Bank, which holds an AA- rating with a Positive outlook from CARE Ratings. The bank exhibits strong operational performance, highlighted by 25% year-on-year loan growth, an improved gross NPA of 1.73%, and Q1 FY27 total deposits reaching ₹793,423 million. Additionally, it highlights key risks such as geographic concentration in Tamil Nadu, where 59% of its branches are located.",Somewhat relevant,Gives loan growth and a deposit total but no deposit growth rate.
285,"What credit ratings has City Union Bank received, and from which rating agencies?","**Starting Entity:** City Union Bank  
**Ending Entity:** CARE Ratings  

City Union Bank has been assigned a reaffirmed issuer credit rating of AA- with a Positive outlook by CARE Ratings for the period ending March 2026. This rating reflects the bank's stable creditworthiness as evaluated by the rating agency.",Relevant,Gives the specific CARE Ratings issuer rating and outlook.
286,"Roughly how many branches and ATMs does City Union Bank operate, and as of what date?","Based on the provided knowledge graph path, the starting entity is **City Union Bank Limited**, and the ending entity is its **branch network**. The bank operates a robust physical presence, highlighted by a total count of **more than 1,000 branches**.",Somewhat relevant,Gives a branch count but no ATM figure or as-of date.
287,"What products and services does City Union Bank offer, and which customer segments does it serve?","**Summary:**

The starting entity is **City Union Bank Limited**, which connects to its operational and market characteristics as the ending context. Operating within India's banking sector under the ticker symbol **CUB**, the publicly listed institution runs a retail and MSME-focused banking model while holding a universal banking license. Its shares are traded on both the NSE and BSE exchanges.",Somewhat relevant,Names broad segments (retail/MSME) but no specific products.
288,What is DCB Bank's ticker symbol and on which exchange(s) does it trade?,"1. **Starting Entity and Ending Entity**: The starting entity is **AKFED (Aga Khan Fund for Economic Development)**, and the ending entity is **DCB Bank Limited**.
2. **Path Explanation**: AKFED acts as a promoter for DCB Bank Limited, providing crucial promoter capital support and holding a combined ownership stake in the bank. 
3. **Numerical Facts**: As of Q1 FY27, AKFED held a combined 16.23% ownership stake in DCB Bank Limited.",Not relevant,Discusses the AKFED promoter stake but never states DCB Bank's ticker or exchange.
289,"Who is the current MD & CEO (or Chairman, where that is the top executive title) of DCB Bank?","Based on the knowledge graph path, the starting entities are Farokh N. Subedar and Praveen Kutty, while the ending entity is DCB Bank Limited. Farokh N. Subedar has served as the chairperson of the bank since 2023, and Praveen Kutty has served as its MD & CEO since 2024. Together, these two individuals hold the top leadership positions at DCB Bank Limited.",Relevant,Names both the chairperson and MD & CEO of DCB Bank.
290,"What percentage of DCB Bank is held by its government promoter or largest shareholder, and as of what date?","1. **Starting entity:** DCB Bank Limited; **Ending entity:** AKFED (Aga Khan Fund for Economic Development) / Platinum Jubilee Investments / Various Financial Metrics.
2. **Path Summary:** DCB Bank Limited is a retail- and SME-focused bank regulated by the RBI and SEBI, operating with total assets of roughly ₹88,752 crore and a network of 480 branches. The bank is promoted by AKFED and affiliated with the Aga Khan Development Network, with AKFED and Platinum Jubilee Investments jointly holding a 16.23% stake as of Q1 FY27. Financially, DCB Bank reported a net profit of ₹213 crore and total advances of ₹59,951 crore in Q1 FY27, alongside a capital adequacy ratio of 17.03%.",Relevant,Gives the combined promoter stake (16.23%) and the reporting period (Q1 FY27).
291,What was DCB Bank's CASA ratio in the most recently reported quarter?,"**Starting Entity:** DCB Bank Limited  
**Ending Entity:** ₹88,752 crore (Total Assets)  

**Summary:**  
The knowledge graph path identifies DCB Bank Limited and highlights its financial scale through its total assets. Specifically, DCB Bank Limited holds a total asset value of roughly ₹88,752 crore.",Not relevant,"Gives total assets, not the CASA ratio requested."
292,What is DCB Bank's net interest margin (NIM) for the latest reported period?,"Based on the provided knowledge graph data, the starting entity is **DCB Bank Limited** and the ending entity is its **Q1 FY27 financial and operational performance metrics**. 

DCB Bank Limited operates a retail- and SME-focused business model backed by key promoters like AKFED and Platinum Jubilee Investments, which held a combined 16.23% stake as of Q1 FY27. During this period, the bank reported total advances of ₹59,951 crore, total deposits of ₹74,482 crore, and a net profit of ₹213 crore representing a 35.57% year-on-year increase. Additionally, it maintained a capital adequacy ratio of 17.03% alongside a gross NPA of 2.43% and a net NPA of 0.84%.",Not relevant,"Gives advances, deposits, profit, CAR and NPA but never states NIM."
293,What are DCB Bank's gross NPA and net NPA ratios?,"**Starting Entity:** DCB Bank Limited  
**Ending Entity:** Financial and Operational Metrics (Q1 FY27)

**Summary:**
DCB Bank Limited operates a retail- and SME-focused banking model backed by key promoters like AKFED, which held a 16.23% stake as of Q1 FY27. For Q1 FY27, the bank reported total advances of ₹59,951 crore, total deposits of ₹74,482 crore, and a net profit of ₹213 crore, representing a 35.57% year-on-year increase. Additionally, the bank maintained a capital adequacy ratio of 17.03% alongside improvements in asset quality, including a gross NPA of 2.43% and a net NPA of 0.84%.",Relevant,States both gross NPA (2.43%) and net NPA (0.84%).
294,"What is DCB Bank's capital adequacy ratio (CRAR), and its CET1 ratio if disclosed?","1. **Starting and Ending Entities:** The starting entity is **DCB Bank Limited**, and the ending entity is **Q1 FY27 financial performance**.
2. **Path Explanation:** DCB Bank Limited operates a retail- and SME-focused banking model supported by promoters like AKFED, and its recent financial disclosures highlight its Q1 FY27 operational scale and profitability metrics. 
3. **Numerical Facts:** In Q1 FY27, DCB Bank achieved a net profit of ₹213 crore (up 35.57% year-on-year), total advances of ₹59,951 crore, and total deposits of ₹74,482 crore, while maintaining a capital adequacy ratio of 17.03%.",Relevant,"States the capital adequacy ratio (17.03%); CET1 not disclosed, acceptable per the query."
295,What are DCB Bank's return on assets (ROA) and return on equity (ROE) for the latest quarter?,"Based on the provided knowledge graph data, the starting entity is **DCB Bank Limited** and the ending entity is its **Q1 FY27 financial and operational performance**. 

DCB Bank Limited operates a retail- and SME-focused business model backed by promoters like AKFED and Platinum Jubilee Investments, which held a combined 16.23% stake as of Q1 FY27. For Q1 FY27, the bank reported total advances of ₹59,951 crore, total deposits of ₹74,482 crore, and a net profit of ₹213 crore representing a 35.57% year-on-year increase. Additionally, the bank maintained a capital adequacy ratio of 17.03% and improved its gross and net NPAs to 2.43% and 0.84%, respectively.",Not relevant,"Gives advances, deposits, profit and NPA figures but never states ROA or ROE."
296,What was DCB Bank's total advances (loan book) and deposit growth in the latest quarter?,"Based on the provided knowledge graph data, here is the summary of the relationship path:

1. **Starting and Ending Entities:** The starting entity is **DCB Bank Limited** and the ending entity is its financial performance metric, specifically its **net profit**.
2. **Business/Financial Explanation:** DCB Bank Limited operates a retail- and SME-focused banking model that successfully drove its profitability during the period. 
3. **Numerical Facts:** In Q1 FY27, DCB Bank Limited achieved a net profit of ₹213 crore, representing a 35.57% increase year-on-year, alongside total assets of roughly ₹88,752 crore.",Not relevant,"Gives only net profit and total assets, not advances or deposit growth."
297,"What credit ratings has DCB Bank received, and from which rating agencies?","Based on the provided knowledge graph path, the starting entity is **DCB Bank**, which is linked to its credit ratings provided by rating agencies like CRISIL and CARE. Specifically, DCB Bank's certificates of deposit hold an **A1+** rating, while its long-term subordinated debt is rated **AA- Stable**.",Relevant,Gives specific CRISIL/CARE ratings for DCB Bank's instruments.
298,"Roughly how many branches and ATMs does DCB Bank operate, and as of what date?","The starting entity is DCB Bank Limited, and the ending entity is its operational branch network, which consists of a single counted data point representing 480 locations. In simple financial terms, this quantifies the physical footprint of the bank through its network of branches. Specifically, DCB Bank Limited operates a total of 480 branches.",Somewhat relevant,Gives a branch count but no ATM figure or as-of date.
299,"What products and services does DCB Bank offer, and which customer segments does it serve?","**1. Starting and Ending Entities:** 
The starting entity is **DCB Bank Limited**, and the ending entities include its various descriptive attributes such as its banking segment, country, sector, and listing details.

**2. Path Explanation & Numerical Facts:** 
DCB Bank Limited is a publicly listed banking institution headquartered in Mumbai, India, trading on both the NSE and BSE exchanges under the ticker **DCBBANK**. Promoted by the Aga Khan Fund for Economic Development, the bank operates within the banking sector and focuses its retail and SME business model on granular secured lending, including mortgages, gold loans, and MSME credit.",Relevant,"Names specific product lines (mortgages, gold loans, MSME credit) and served segments."
300,What is Karnataka Bank's ticker symbol and on which exchange(s) does it trade?,"Based on the provided knowledge graph path, Bengaluru and Karnataka Bank Limited are both connected through the common location of Karnataka, where Canara Bank is also headquartered and relies on its branch density. Specifically, Bengaluru and Canara Bank are located in and headquartered in Karnataka, respectively. Furthermore, Canara Bank depends on its branch density within this region, while Karnataka Bank Limited operates its headquarters there as well.",Not relevant,"Off-topic geographic connections among banks, no ticker or exchange given."
301,"Who is the current MD & CEO (or Chairman, where that is the top executive title) of Karnataka Bank?","Based on the provided knowledge graph path, the starting entity is **Karnataka's geography** (or Karnataka) and the ending entity is **State**. In simple financial and geographical terms, Karnataka is classified administratively at the state level.",Not relevant,Off-topic administrative classification of Karnataka as a state.
302,"What percentage of Karnataka Bank is held by its government promoter or largest shareholder, and as of what date?","The starting entities—Bengaluru, Canara Bank, and Karnataka Bank Limited—are all connected through their shared location of Karnataka. Specifically, Canara Bank is headquartered in Karnataka, relies on its branch density within the state, and shares this geographic base with Karnataka Bank Limited. Bengaluru also serves as a key location situated within Karnataka.",Not relevant,"Off-topic geographic connections, no shareholding percentage given."
303,What was Karnataka Bank's CASA ratio in the most recently reported quarter?,"Based on the provided knowledge graph path, the starting entity is **Canara Bank** and the ending entity is **Karnataka**. In simple terms, this path indicates the geographic location of the bank's main corporate headquarters. No numerical facts were present in the provided data.",Not relevant,"Off-topic HQ-location statement, no CASA ratio given."
304,What is Karnataka Bank's net interest margin (NIM) for the latest reported period?,"**Starting Entity:** Canara Bank  
**Ending Entity:** Karnataka  

**Summary:**  
Canara Bank is headquartered in the state of Karnataka, which contains the major city of Bengaluru. Furthermore, Canara Bank relies on its strong branch density within this home state for its operations.",Not relevant,"Off-topic HQ-location statement, no NIM given."
305,What are Karnataka Bank's gross NPA and net NPA ratios?,"Based on the knowledge graph path, the starting entity is **Bengaluru** and the ending entities include **Canara Bank** and **Karnataka Bank Limited** (with **Karnataka** as the central connecting hub). Bengaluru is located in Karnataka, which serves as the home state where both Canara Bank and Karnataka Bank Limited operate their headquarters. Additionally, Canara Bank relies on its branch density within this same state.",Not relevant,"Off-topic geographic connections, no NPA ratios given."
306,"What is Karnataka Bank's capital adequacy ratio (CRAR), and its CET1 ratio if disclosed?","Based on the provided knowledge graph path, City Union Bank Limited serves as the starting entity, while the NSE (National Stock Exchange) acts as the ending entity where it is listed. This path also shows that other financial institutions, namely HDFC Bank Limited and Karur Vysya Bank, similarly compete and trade on the same NSE platform.",Not relevant,"Off-topic NSE-listing comparison among unrelated banks, no CRAR/CET1 data."
307,What are Karnataka Bank's return on assets (ROA) and return on equity (ROE) for the latest quarter?,"The knowledge graph path connects the starting entity **Bengaluru** to various financial and corporate entities through their shared location, **Karnataka**. Specifically, **Canara Bank** is headquartered in Karnataka, depends on its branch density within the state, and shares this regional presence with **Karnataka Bank Limited**, which also operates its headquarters there.",Not relevant,"Off-topic geographic connections, no ROA/ROE given."
308,What was Karnataka Bank's total advances (loan book) and deposit growth in the latest quarter?,"Based on the provided knowledge graph path, Bengaluru and Karnataka Bank Limited are both connected to Karnataka, which serves as the common state housing their headquarters and operational base. Specifically, Bengaluru is located in Karnataka, while Karnataka Bank Limited operates its headquarters within the same state.",Not relevant,"Off-topic geographic connections, no advances/deposit growth given."
309,"What credit ratings has Karnataka Bank received, and from which rating agencies?","Based on the provided knowledge graph path, the starting entity is ""Karnataka"" (referencing its geography name) and the ending entity is ""State"". In simple terms, this path indicates that Karnataka is classified at the state level administratively. There are no numerical facts present in this relationship path.",Not relevant,"Off-topic administrative classification of Karnataka, no credit rating given."
310,"Roughly how many branches and ATMs does Karnataka Bank operate, and as of what date?",,Not relevant,No summary/answer was produced by the pipeline — there is no assistant output to address the user's request.
311,"What products and services does Karnataka Bank offer, and which customer segments does it serve?","Based on the provided knowledge graph path, the starting entity is ""Karnataka"" and the ending entity is ""State"" (with its geography name also identified as Karnataka). In simple terms, this path establishes that Karnataka is classified geographically as a state. There are no numerical facts present in this relationship.",Not relevant,"Off-topic administrative classification of Karnataka, no products/segments given."
312,What is Tamilnad Mercantile Bank's ticker symbol and on which exchange(s) does it trade?,"1. **Starting Entity and Ending Entity:** The starting entity is Tamilnad Mercantile Bank (and its variants), and the ending entities include various financial metrics, credit ratings, stakeholders, and operational risks associated with the bank.

2. **Simple Business/Financial Language:** Tamilnad Mercantile Bank is a traditional, South India-focused lender operating out of Thoothukudi with a universal banking license. The bank demonstrates strong financial health—highlighted by a high capital-adequacy ratio, low non-performing assets, and solid profitability metrics—while managing specific risks related to geographic concentration and gold-price volatility.

3. **Numerical Facts:** Key figures from the data include a Q1 FY27 net profit of ₹412 crore, a return on equity of 15.93%, a return on assets of 2.14%, a capital-adequacy ratio of 32.33%, a gross NPA at a low of 0.69%, a net NPA of 0.17%, a CASA ratio of roughly 26%, and a net interest margin of 4.29%. Additionally, several institutional shareholders hold specific stakes as of March 2025, such as East River Holdings at 3.35% and Robert and Ardis James Company at 4.45%.",Not relevant,Gives financial metrics and shareholders but never states the ticker or exchange.
313,"Who is the current MD & CEO (or Chairman, where that is the top executive title) of Tamilnad Mercantile Bank?","Based on the provided knowledge graph path, the starting entity is **Tamilnad Mercantile Bank Limited** and the ending entities include its operational details such as **India**, **NSE and BSE**, and ticker **TMB**. Founded in 1921, the bank is a publicly listed, South India-focused institution headquartered in Tamil Nadu with a traditional retail, MSME, and agricultural business model. It operates under the ticker symbol TMB and is traded on both the NSE and BSE stock exchanges.",Not relevant,"Gives ticker, exchange and founding info but never names the MD & CEO or chairman."
314,"What percentage of Tamilnad Mercantile Bank is held by its government promoter or largest shareholder, and as of what date?","**Starting Entity:** Tamilnad Mercantile Bank  
**Ending Entity:** Tamilnad Mercantile Bank (Financial & Operational Profile)  

**Summary:**
Tamilnad Mercantile Bank demonstrates a solid financial position, highlighted by a strong capital-adequacy ratio of 32.33% and a high-confidence asset quality with a gross NPA falling to a ten-year low of 0.69%. For Q1 FY27, the bank reported a net profit of ₹412 crore alongside a return on equity of 15.93%. Additionally, its fixed deposits hold an A+ Stable rating from CRISIL, while its short-term fixed deposits and certificates of deposit are rated A1+.",Not relevant,"Gives CAR, NPA, profit and ratings but no shareholding percentage."
315,What was Tamilnad Mercantile Bank's CASA ratio in the most recently reported quarter?,"**Starting Entity:** Tamilnad Mercantile Bank  
**Ending Entity:** Fixed deposits  

**Summary:**  
Tamilnad Mercantile Bank offers fixed deposits as part of its banking products. This relationship highlights the bank's capability to provide fixed-return investment options to its customers.",Not relevant,"Discusses fixed deposits as a product, not the CASA ratio requested."
316,What is Tamilnad Mercantile Bank's net interest margin (NIM) for the latest reported period?,"Based on the provided knowledge graph, the starting entity is **Tamilnad Mercantile Bank** and the ending entities include its various financial metrics, credit ratings, and stakeholder holdings. 

Tamilnad Mercantile Bank demonstrates strong financial health, featuring a robust capital-adequacy ratio of **32.33%**, a net profit of **₹412 crore** for Q1 FY27, and a low gross NPA of **0.69%**. Additionally, the bank maintains stable credit credentials, including an A+ Stable rating from CRISIL for its fixed deposits and an A1+ rating for its short-term deposits and certificates of deposit.",Not relevant,"Gives CAR, profit, NPA and ratings but never states NIM."
317,What are Tamilnad Mercantile Bank's gross NPA and net NPA ratios?,"**1. Starting and Ending Entity:** 
The starting entity is **Tamilnad Mercantile Bank Limited**, and the ending entities include its key financial metrics, shareholders, and risk/rating profiles (such as CRISIL, Q1 FY27 financial results, and institutional stakeholders like East River Holdings).

**2. Simple Business/Financial Summary:** 
Tamilnad Mercantile Bank Limited operates a traditional South India-focused retail, MSME, and agricultural banking model, supported by a universal banking license and low-cost deposit franchise. The bank maintains strong financial health, highlighted by a robust capital-adequacy ratio of 32.33%, a low gross NPA of 0.69%, and a net profit of ₹412 crore for Q1 FY27. Additionally, it features high credit ratings—such as an A+ Stable rating from CRISIL for fixed deposits and an A1+ rating for short-term deposits—alongside notable institutional shareholdings like East River Holdings' 3.35% stake as of March 2025.",Somewhat relevant,Gives gross NPA but omits the net NPA ratio.
318,"What is Tamilnad Mercantile Bank's capital adequacy ratio (CRAR), and its CET1 ratio if disclosed?","1. **Starting and Ending Entity:** The starting entity is **Tamilnad Mercantile Bank** (and its variants), and the ending entities include its various financial metrics, credit ratings, stakeholder holdings, and operational risks as mapped across the knowledge graph.

2. **Simple Business/Financial Summary:** Tamilnad Mercantile Bank operates a traditional, South India-focused retail, agricultural, and MSME lending model supported by a universal banking license. The bank demonstrates strong financial health—highlighted by a robust capital-adequacy ratio, low non-performing assets, and solid profitability metrics—while managing specific risks related to geographic concentration and gold-price volatility. 

3. **Important Numerical Facts:** Key financial figures include a net profit of ₹412 crore, a return on equity (ROE) of 15.93%, a return on assets (ROA) of 2.14%, a CASA ratio of roughly 26%, a net interest margin of 4.29%, and a capital-adequacy ratio of 32.33% (all reported for Q1 FY27). Additionally, gross NPA dropped to a ten-year low of 0.69% with a net NPA of 0.17%, while institutional and corporate shareholders (such as East River Holdings and Robert and Ardis James Company) hold specific stakes as of March 2025.",Relevant,"States the capital adequacy ratio (32.33%); CET1 not disclosed, acceptable per the query."
319,What are Tamilnad Mercantile Bank's return on assets (ROA) and return on equity (ROE) for the latest quarter?,"**Starting Entity:** Tamilnad Mercantile Bank  
**Ending Entity:** CRISIL  

**Summary:**  
Tamilnad Mercantile Bank has its financial instruments evaluated by the rating agency CRISIL. Specifically, CRISIL assigns an A+ Stable rating to the bank's fixed deposits and an A1+ rating to its short-term fixed deposits and certificates of deposit.",Not relevant,"Discusses CRISIL deposit ratings, not ROA/ROE figures."
320,What was Tamilnad Mercantile Bank's total advances (loan book) and deposit growth in the latest quarter?,"1. **Starting Entity and Ending Entity:** The starting entity is Tamilnad Mercantile Bank (and its variants), and the ending entities include various financial metrics, credit ratings, stakeholders, and operational risks associated with the bank.

2. **Simple Business/Financial Language:** Tamilnad Mercantile Bank operates as a traditional, South India-focused lender with a strong emphasis on retail, MSME, agricultural, and gold-loan segments. The bank exhibits robust financial health, highlighted by strong capital adequacy, low non-performing assets, and solid profitability metrics, alongside key institutional shareholders and specific geographic and market risks.

3. **Numerical Facts:** Key financial figures include a net profit of ₹412 crore, a return on equity (ROE) of 15.93%, a return on assets (ROA) of 2.14%, a CASA ratio of roughly 26%, and a capital-adequacy ratio of 32.33% (all reported for Q1 FY27). Additionally, asset quality metrics show a gross NPA at a ten-year low of 0.69% and a net NPA of 0.17%, while notable institutional holdings include East River Holdings (3.35%), Robert and Ardis James Company (4.45%), and overseas corporate bodies collectively holding roughly 22.4% as of March 2025.",Not relevant,"Gives profitability, ratio and shareholding data but no advances or deposit growth figures."
321,"What credit ratings has Tamilnad Mercantile Bank received, and from which rating agencies?","Tamilnad Mercantile Bank holds credit ratings from CRISIL for its various deposit instruments. Specifically, the bank's fixed deposits are rated A+ Stable, while its short-term fixed deposits and certificates of deposit hold a higher A1+ rating.",Relevant,"Gives CRISIL's specific ratings (A+ Stable, A1+) for TMB's instruments."
322,"Roughly how many branches and ATMs does Tamilnad Mercantile Bank operate, and as of what date?",,Not relevant,No summary/answer was produced by the pipeline — there is no assistant output to address the user's request.
323,"What products and services does Tamilnad Mercantile Bank offer, and which customer segments does it serve?","1. **Starting Entity:** Tamilnad Mercantile Bank (Tamilnad Mercantile Bank Limited); **Ending Entities:** Certificates of deposit, fixed deposits, gold loans, and short-term fixed deposits.
2. **Path Summary:** Tamilnad Mercantile Bank offers a variety of financial products to its customers, including certificates of deposit, standard fixed deposits, and short-term fixed deposits. Additionally, the bank provides gold loans, a segment in which it actively faces market competition. 
3. **Numerical Facts:** No numerical facts (such as interest rates, loan amounts, or monetary values) are present in the provided data.",Somewhat relevant,Lists specific deposit/loan products but does not describe customer segments served.
324,What is CSB Bank's ticker symbol and on which exchange(s) does it trade?,"Based on the provided knowledge graph data, here is the financial summary:

1. **Starting and Ending Entities:** The knowledge graph focuses on **CSB Bank** as the central subject linked to various financial metrics, ownership stakes, and risk factors.
2. **Business Summary:** CSB Bank operates under a universal banking license and is promoted by Fairfax Financial Holdings. The bank recently reported a net profit of ₹150 crore, net advances of ₹40,309 crore, and total deposits of ₹45,415 crore, while maintaining a strong capital adequacy ratio of 19.96%. 
3. **Key Numerical Facts:** Major institutional shareholders include FIH Mauritius (40.00%), SBI Small Cap Fund (6.34%), and Amansa Holdings (4.58%). Additionally, the bank reported a gross NPA of 1.75% and a provision coverage of 86.83%.",Not relevant,Gives financial metrics and shareholders but never states the ticker or exchange.
325,"Who is the current MD & CEO (or Chairman, where that is the top executive title) of CSB Bank?","Based on the provided knowledge graph path, the starting entity is **Pralay Mondal** and the ending entity is **CSB Bank**. Pralay Mondal holds the executive leadership position of Managing Director and Chief Executive Officer (MD & CEO) at CSB Bank.",Relevant,Names Pralay Mondal as MD & CEO of CSB Bank.
326,"What percentage of CSB Bank is held by its government promoter or largest shareholder, and as of what date?","1. **Starting and Ending Entities:** The starting entity is **Fairfax Financial Holdings** and the ending entity is **CSB Bank**.

2. **Business/Financial Explanation:** Fairfax Financial Holdings serves as the promoter and parent entity for CSB Bank (through its investment vehicle FIH Mauritius), providing the bank with continued capital support and backing. 

3. **Numerical Facts:** The knowledge graph captures FIH Mauritius holding a 40.00% ownership stake in CSB Bank, alongside other institutional investors like SBI Small Cap Fund (6.34%) and Amansa Holdings (4.58%). 

4. **Summary constraint:** This relationship demonstrates how major institutional ownership and promoter backing anchor CSB Bank's financial foundation within the regulatory and competitive banking landscape.",Somewhat relevant,Gives the 40% promoter stake but no explicit as-of date.
327,What was CSB Bank's CASA ratio in the most recently reported quarter?,"**Summary:**

1. **Entities:** Starting entity is FIH Mauritius; ending entity is CSB Bank.
2. **Business Explanation:** FIH Mauritius holds a significant equity stake in CSB Bank, representing a direct ownership and investment relationship. 
3. **Numerical Facts:** FIH Mauritius holds an exact ownership stake of 40.00% in CSB Bank.",Not relevant,"Gives a shareholder stake, not the CASA ratio requested."
328,What is CSB Bank's net interest margin (NIM) for the latest reported period?,"Based on the provided knowledge graph data, the starting entity is **CSB Bank** and the ending entities include its major shareholders, financial metrics, and strategic risk factors. 

CSB Bank is promoted by **Fairfax Financial Holdings** (holding an existing stake alongside other investors like Amansa Holdings at 4.58% and SBI Small Cap Fund at 6.34%) and maintains a strong capital adequacy ratio of 19.96% with a net profit of ₹150 crore. Financially, the bank reported net advances of ₹40,309 crore and total deposits of ₹45,415 crore, while operating under regulatory oversight from the RBI and SEBI. However, the bank faces notable concentration risks due to its heavy reliance on its gold-loan book and sensitivity to gold-price stability and RBI gold-loan norms.",Not relevant,"Gives CAR, profit, advances and deposits but never states NIM."
329,What are CSB Bank's gross NPA and net NPA ratios?,"Based on the provided knowledge graph data, the starting entity is **CSB Bank** and the ending entity comprises its various **shareholders and financial metrics**. 

CSB Bank is promoted by Fairfax Financial Holdings (which holds a major 40.00% stake through FIH Mauritius) and counts institutional investors like SBI Small Cap Fund (6.34%) and Amansa Holdings (4.58%) among its stakeholders. Financially, the bank reported a net profit of ₹150 crore, net advances of ₹40,309 crore, and total deposits of ₹45,415 crore, while maintaining a strong capital adequacy ratio of 19.96%.",Not relevant,"Gives profit, advances, deposits and CAR but omits gross/net NPA figures."
330,"What is CSB Bank's capital adequacy ratio (CRAR), and its CET1 ratio if disclosed?","Based on the provided knowledge graph data, the starting entity is **CSB Bank** and the ending entity comprises its various **shareholders, financial metrics, and operational risks** (such as major stakeholders like FIH Mauritius and SBI Small Cap Fund, financial figures like a net profit of ₹150 crore, and gold-loan concentration risks). 

CSB Bank is promoted by Fairfax Financial Holdings and backed by several institutional investors, including FIH Mauritius (40.00%), SBI Small Cap Fund (6.34%), and Amansa Holdings (4.58%). Financially, the bank reported a net profit of ₹150 crore, net advances of ₹40,309 crore, and total deposits of ₹45,415 crore, alongside a strong capital adequacy ratio of 19.96%. However, it faces operational and regulatory vulnerabilities, notably earnings volatility and concentration risks tied to its heavy reliance on its gold-loan portfolio.",Relevant,"States the capital adequacy ratio (19.96%); CET1 not disclosed, acceptable per the query."
331,What are CSB Bank's return on assets (ROA) and return on equity (ROE) for the latest quarter?,"Based on the provided knowledge graph data, the starting entity is **CSB Bank** and the ending entities include its various financial metrics, ownership stakes, and risk exposures. 

CSB Bank operates under a universal banking license and is promoted by Fairfax Financial Holdings, which holds an existing ownership stake through entities like FIH Mauritius. The bank has reported key financial figures such as a net profit of ₹150 crore, total deposits of ₹45,415 crore, and net advances of ₹40,309 crore, alongside a strong capital adequacy ratio of 19.96%. Additionally, the bank maintains institutional investors like SBI Small Cap Fund (holding roughly 6.34%) and faces operational and regulatory risks primarily tied to its concentration in the gold-loan book.",Not relevant,"Gives profit, deposits and advances but never states ROA or ROE."
332,What was CSB Bank's total advances (loan book) and deposit growth in the latest quarter?,"Based on the provided knowledge graph data, the starting entity is **CSB Bank** and the ending entities are its various financial metrics, ownership stakes, and risk factors (such as **Fairfax Financial Holdings**, **net profit of ₹150 crore**, and **gross NPA of 1.75%**). 

CSB Bank is a Kerala-headquartered legacy institution promoted by Fairfax Financial Holdings, which holds a major ownership stake alongside institutional investors like SBI Small Cap Fund (6.34%) and Amansa Holdings (4.58%). Financially, the bank reported a net profit of ₹150 crore, net advances of ₹40,309 crore, and total deposits of ₹45,415 crore, while maintaining a strong capital adequacy ratio of 19.96%. Operationally, the bank operates under a universal banking license, is regulated by the RBI and SEBI, and faces key risks and weaknesses tied to its heavy concentration in gold loans and earnings volatility.",Somewhat relevant,Gives absolute advances and deposits figures but no growth rates.
333,"What credit ratings has CSB Bank received, and from which rating agencies?","Based on the provided knowledge graph path, the starting entity is **CSB Bank** and the ending entities are its financial instruments, specifically **Tier II Basel III bonds, short-term fixed deposits, and certificates of deposit**. CSB Bank's Tier II Basel III bonds received an ""A Stable"" credit rating from CRISIL. Additionally, the bank's short-term fixed deposits and certificates of deposit were assigned a rating of ""A1+"".",Relevant,Gives specific CRISIL ratings for CSB Bank's bonds and deposit instruments.
334,"Roughly how many branches and ATMs does CSB Bank operate, and as of what date?",,Not relevant,No summary/answer was produced by the pipeline — there is no assistant output to address the user's request.
335,"What products and services does CSB Bank offer, and which customer segments does it serve?","**Starting Entity:** CSB Bank  
**Ending Entity:** Tier II Basel III bonds  

**Summary:**  
CSB Bank issues and offers Tier II Basel III bonds as part of its financial instruments. These specific regulatory capital bonds help the bank strengthen its capital adequacy.",Not relevant,"Names only Tier II bonds, not customer-facing products or served segments."
336,What is Bandhan Bank's ticker symbol and on which exchange(s) does it trade?,"Based on the provided knowledge graph data, the starting entity is **Bandhan Bank** and the ending entity is **CRISIL** (along with various financial metrics and ratings). 

Bandhan Bank's credit profile and market position are evaluated by **CRISIL**, which reaffirmed an **A1+** rating on its certificates of deposit and an **AA- Stable** rating on its non-convertible debentures. CRISIL notes the bank's established position in micro-loans while explicitly flagging its geographic concentration in East and Northeast India and its vulnerability to microfinance sector stress.",Not relevant,Gives CRISIL rating details but never states the ticker or exchange.
337,"Who is the current MD & CEO (or Chairman, where that is the top executive title) of Bandhan Bank?","1. **Starting Entity:** Partha Pratim Sengupta  
   **Ending Entity:** Bandhan Bank  

2. **Path Summary:** Partha Pratim Sengupta serves as the Managing Director and Chief Executive Officer (MD & CEO) of Bandhan Bank, a position he assumed following official approval from the Reserve Bank of India (RBI).",Relevant,Names Partha Pratim Sengupta as MD & CEO of Bandhan Bank.
338,"What percentage of Bandhan Bank is held by its government promoter or largest shareholder, and as of what date?","Based on the provided knowledge graph data, the starting entity is **CRISIL** and the ending entity is **Bandhan Bank**. CRISIL evaluates Bandhan Bank's credit profile by reaffirming top credit ratings—specifically an A1+ rating on its certificates of deposit and an AA- Stable rating on its non-convertible debentures. At the same time, the rating agency flags key business risks for the bank, including potential microfinance-sector stress and a geographic concentration in East and Northeast India.",Not relevant,"Discusses CRISIL ratings and risk factors, not the shareholding percentage requested."
339,What was Bandhan Bank's CASA ratio in the most recently reported quarter?,"Based on the provided knowledge graph path, the starting entity is **Bandhan Bank** and the ending entity is its **net profit of ₹502 crore**. 

Bandhan Bank experienced strong financial growth, reporting a net profit of ₹502 crore for Q1 FY27, which represents a 35% increase compared to the same period in the previous year.",Not relevant,"Gives net profit figure, not the CASA ratio requested."
340,What is Bandhan Bank's net interest margin (NIM) for the latest reported period?,"Based on the provided knowledge graph rows, here is the summary of the entity relationships:

1. **Starting and Ending Entities:** The knowledge graph primarily connects **Bandhan Bank** (subject) to various financial, operational, and rating attributes, with **CRISIL** serving as a key evaluating entity. 
2. **Business/Financial Summary:** CRISIL evaluates Bandhan Bank's credit profile and market position, reaffirming an A1+ rating on its certificates of deposit and an AA- Stable rating on its non-convertible debentures. Bandhan Bank operates with a strong capital adequacy ratio of 18.2% and reported a 35% year-on-year increase in net profit to ₹502 crore for Q1 FY27. However, CRISIL highlights that the bank is vulnerable to microfinance-sector stress cycles and faces geographic concentration risks in East and Northeast India.
3. **Numerical Facts:** Key metrics include Bandhan Bank's Q1 FY27 net profit of ₹502 crore, a capital adequacy ratio of 18.2%, a CASA ratio of 29.4%, a gross NPA of 3.1%, and a credit cost of 1.8%.",Somewhat relevant,Gives Bandhan Bank financial context and ratings but never states the NIM figure the query asks for.
341,What are Bandhan Bank's gross NPA and net NPA ratios?,"Based on the provided knowledge graph data, here is the summary of the relationship path:

1. **Starting and Ending Entities:** The starting entity is **CRISIL**, and the ending entity is **Bandhan Bank**.
2. **Business/Financial Summary:** CRISIL evaluates Bandhan Bank's credit profile and market position, reaffirming an A1+ rating on its certificates of deposit and an AA- Stable rating on its non-convertible debentures. While recognizing Bandhan Bank's established market position in micro-loans, CRISIL explicitly highlights its vulnerability to microfinance-sector stress cycles and geographic concentration risks in East and Northeast India.
3. **Numerical Facts:** The knowledge graph path highlights credit ratings (A1+ and AA- Stable) assigned by CRISIL, alongside Bandhan Bank's operational context.",Not relevant,"Only discusses CRISIL credit ratings, never gives gross NPA or net NPA figures."
342,"What is Bandhan Bank's capital adequacy ratio (CRAR), and its CET1 ratio if disclosed?","Based on the provided knowledge graph data, here is the summary:

1. **Starting and Ending Entities:** The path connects the rating agency **CRISIL** to **Bandhan Bank** and its financial instruments/credit profile.
2. **Business/Financial Summary:** CRISIL evaluates and maintains key credit ratings for Bandhan Bank, reaffirming an A1+ rating on its certificates of deposit and an AA- Stable rating on its non-convertible debentures. At the same time, CRISIL closely monitors the bank's market position in micro-loans, its geographic concentration in East and Northeast India, and its vulnerability to microfinance sector stress.
3. **Numerical Facts:** The relationships involve credit instruments rated by CRISIL, specifically covering Bandhan Bank's certificates of deposit (rated A1+) and non-convertible debentures (rated AA- Stable).",Not relevant,Discusses CRISIL ratings on debt instruments but never states the CRAR or CET1 ratio.
343,What are Bandhan Bank's return on assets (ROA) and return on equity (ROE) for the latest quarter?,"Based on the provided knowledge graph data, here is the summary of the relationship path:

1. **Starting and Ending Entities:** The starting entity is **CRISIL**, and the ending entity is **Bandhan Bank**.
2. **Business/Financial Summary:** CRISIL evaluates and monitors Bandhan Bank's credit profile and market position, reaffirming an A1+ rating on its certificates of deposit and an AA- Stable rating on its non-convertible debentures. While recognizing Bandhan Bank's established market position in the microloan segment, CRISIL explicitly highlights risks such as geographic concentration in East and Northeast India and vulnerability to microfinance-sector stress cycles. 
3. **Numerical Facts:** No specific multi-hop numerical path was queried, but the data indicates Bandhan Bank holds a robust capital adequacy ratio of 18.2% alongside an elevated gross NPA of 3.1%.",Not relevant,Gives CAR and gross NPA instead of the requested ROA/ROE figures.
344,What was Bandhan Bank's total advances (loan book) and deposit growth in the latest quarter?,"**1. Starting and Ending Entity:** 
The starting entity is **CRISIL**, and the ending entity is **Bandhan Bank**.

**2. Simple Business/Financial Summary:** 
CRISIL evaluates Bandhan Bank's credit profile and market position, reaffirming an A1+ rating on its certificates of deposit and an AA- Stable rating on its non-convertible debentures. At the same time, the rating agency highlights the bank's vulnerability to microfinance-sector stress, geographic concentration in East and Northeast India, and exposure to state-level microfinance ordinances. 

**3. Important Numerical Facts:** 
No specific numerical facts linking the rating agency to individual debt metrics are detailed in the path beyond the ratings themselves (A1+ and AA- Stable).",Not relevant,Only covers CRISIL ratings and risk factors; no advances or deposit growth data given.
345,"What credit ratings has Bandhan Bank received, and from which rating agencies?","**Starting Entity:** CRISIL  
**Ending Entity:** Bandhan Bank  

CRISIL reaffirmed Bandhan Bank's credit profile by maintaining an A1+ rating on its certificates of deposit and an AA- Stable rating on its non-convertible debentures. This evaluation reflects the rating agency's ongoing assessment of the bank's financial stability and debt instruments.",Relevant,"Directly states the CRISIL ratings (A1+ on CDs, AA- Stable on NCDs) for Bandhan Bank."
346,"Roughly how many branches and ATMs does Bandhan Bank operate, and as of what date?","**Summary:**

1. **Starting and Ending Entities:** Bandhan Bank (Subject) and its banking outlets (Object).
2. **Business Explanation & Numerical Facts:** As of June 30, 2026, Bandhan Bank operates a network consisting of roughly 6,350 banking outlets.",Somewhat relevant,Gives a combined banking-outlet count and date but does not separate branches from ATMs as asked.
347,"What products and services does Bandhan Bank offer, and which customer segments does it serve?","Bandhan Bank operates as a publicly listed universal bank in the banking sector, headquartered in Kolkata, West Bengal, and traded on the NSE and BSE under the ticker BANDHANBNK. Originating as a microfinance NGO in 2001, it successfully converted into India's first universal bank originating from a microfinance institution in 2015.",Somewhat relevant,Describes the bank's history and classification but does not detail specific products/services or customer segments.
348,What is Jammu & Kashmir Bank's ticker symbol and on which exchange(s) does it trade?,"Based on the provided knowledge graph data, here is the summary of the relationship path:

1. **Starting and Ending Entities:** The starting entity is **The Jammu & Kashmir Bank Limited**, and the ending entity encompasses various operational, financial, and ownership attributes of the bank (such as its net profit of ₹424.18 crore, a capital adequacy ratio of 16.67%, and majority ownership by the J&K government).

2. **Business/Financial Summary:** The Jammu & Kashmir Bank Limited operates as an RBI-regulated universal bank headquartered in Srinagar, benefiting from a low-cost, sticky deposit franchise driven by its exclusive government-banking status. As of June 2025, the J&K government held a majority 51.89% ownership stake, while the bank maintained a wide distribution network including 1,008 branches and 1,436 ATMs as of December 2025. Financially, the bank reported a net profit of ₹424.18 crore for the quarter, a capital adequacy of 16.67% under Basel III, and an improved gross NPA of 2.37%, alongside having its Tier II Basel III bonds reaffirmed at an AA- Stable rating by CARE Ratings.",Not relevant,Provides financial and ownership details but never states the ticker symbol or exchange(s).
349,"Who is the current MD & CEO (or Chairman, where that is the top executive title) of Jammu & Kashmir Bank?","**Starting Entity:** Amitava Chatterjee  
**Ending Entity:** The Jammu & Kashmir Bank Limited  

Amitava Chatterjee holds the position of Managing Director and Chief Executive Officer (MD & CEO) at The Jammu & Kashmir Bank Limited. He assumed this executive leadership role starting in December 2024.",Relevant,Directly names Amitava Chatterjee as MD & CEO and gives his start date.
350,"What percentage of Jammu & Kashmir Bank is held by its government promoter or largest shareholder, and as of what date?","1. **Starting Entity:** The Jammu & Kashmir Bank Limited (along with its various attributes)  
   **Ending Entity:** The financial metrics, regulatory standing, ownership structure, and operational network associated with the bank.

2. **Summary:** The knowledge graph details the operations, governance, and financial health of The Jammu & Kashmir Bank Limited, which is regulated by both the RBI and SEBI. Backed by majority government ownership and an exclusive government-banker status that secures a low-cost deposit base, the bank operates a widespread network of branches and ATMs across Jammu & Kashmir, Ladakh, and the rest of India. 

3. **Key Numerical Facts:** As of mid-to-late 2025 and Q1 FY27, the bank operated 1,008 branches (including 835 in J&K, 37 in Ladakh, and 136 elsewhere) alongside 1,436 ATMs and 169 cash-recycling machines. Major ownership stakes as of June 2025 included 51.89% held by the Chief Secretary of the J&K government, 4.16% by the Finance Secretary of UT Ladakh, 3.35% by the Secretary of the J&K Finance Department, and 1.33% by LIC. Financial highlights included a quarterly net profit of ₹424.18 crore, a Q1 FY27 net interest income of ₹3,546.08 crore, a capital adequacy ratio of 16.67%, an improved gross NPA of 2.37%, and a provision coverage ratio of 90.53%.",Relevant,Directly gives the 51.89% government ownership stake and the June 2025 date.
351,What was Jammu & Kashmir Bank's CASA ratio in the most recently reported quarter?,"Based on the provided knowledge graph path, the starting entity is **The Jammu & Kashmir Bank Limited** and the ending entity is its **provision coverage ratio**. Specifically, the bank achieved a strong provision coverage ratio of **90.53%**. In financial terms, this high percentage indicates that the institution has set aside a robust reserve of funds to cover potential non-performing loans, reflecting a prudent approach to risk management.",Not relevant,Gives provision coverage ratio instead of the requested CASA ratio.
352,What is Jammu & Kashmir Bank's net interest margin (NIM) for the latest reported period?,"Based on the provided knowledge graph data, here is the summary:

1. **Starting and Ending Entities:** The starting entity is **The Jammu & Kashmir Bank Limited**, and the ending entities include its key financial metrics and institutional stakeholders (such as CARE Ratings and government ownership entities).
2. **Business/Financial Summary:** The Jammu & Kashmir Bank Limited operates as an RBI-designated universal bank with a strong, low-cost deposit franchise driven by its exclusive government-banking status. While it benefits from a wide regional presence, extensive branch and ATM networks, and improved asset quality—such as a gross NPA of 2.37% and a provision coverage ratio of 90.53%—it also faces analytical scrutiny from agencies like CARE Ratings regarding its geographic concentration and moderate scale.
3. **Numerical Facts:** As of June 2025, the Chief Secretary of the J&K government held a majority ownership stake of 51.89%. Furthermore, the bank operates 1,008 branches and 1,436 ATMs as of December 2025, and reported a net profit of ₹424.18 crore alongside a Q1 FY27 net-interest-income of ₹3,546.08 crore.",Not relevant,Covers multiple financial metrics but never states the NIM figure asked for.
353,What are Jammu & Kashmir Bank's gross NPA and net NPA ratios?,"**Summary:**

1. **Starting and Ending Entities:** The starting entity is **The Jammu & Kashmir Bank Limited**, and the ending entity is **CARE Ratings** (along with various operational and financial metrics). 
2. **Business/Financial Explanation:** The knowledge graph outlines the profile of The Jammu & Kashmir Bank Limited, a universal bank regulated by the RBI and SEBI, which benefits from an exclusive government-banking status providing a low-cost, sticky deposit base. However, rating agencies like CARE Ratings point out weaknesses such as a moderate scale of operations and heavy geographic concentration in J&K and Ladakh, exposing the bank to regional security and political risks.
3. **Numerical Facts:** As of June 2025, the J&K government held a majority ownership stake of 51.89%. Operationally, the bank maintains 1,008 branches and 1,436 ATMs as of December 2025, and recently reported a quarterly net profit of ₹424.18 crore alongside a capital adequacy ratio of 16.67% under Basel III.",Not relevant,Discusses CARE Ratings and other metrics but never gives gross or net NPA figures.
354,"What is Jammu & Kashmir Bank's capital adequacy ratio (CRAR), and its CET1 ratio if disclosed?","Based on the provided knowledge graph data, here is the summary of the relationship path:

1. **Starting and Ending Entities:** The starting entity is **Jammu & Kashmir Bank Limited**, and the ending entity is **CARE Ratings**.
2. **Business/Financial Explanation:** CARE Ratings evaluates the financial strength and risk profile of Jammu & Kashmir Bank Limited, reaffirming an AA- Stable rating on its Tier II Basel III bonds. However, the rating agency also points out key vulnerabilities for the bank, specifically noting its moderate scale of operations and heavy geographic concentration in J&K and Ladakh as weaknesses.
3. **Numerical Facts:** The knowledge graph path does not contain specific numerical ratings or quantitative metrics tied directly to this rating evaluation.",Not relevant,"Explicitly states no CRAR/CET1 numerical facts are included, failing to answer the query."
355,What are Jammu & Kashmir Bank's return on assets (ROA) and return on equity (ROE) for the latest quarter?,"1. **Starting and Ending Entities:** The starting entity is **Jammu & Kashmir Bank** (The Jammu & Kashmir Bank Limited), and the ending entity is **CARE Ratings** (along with various financial metrics and ownership stakeholders).

2. **Business/Financial Summary:** The knowledge graph details the operational scale, financial performance, and credit profile of Jammu & Kashmir Bank, which operates as an RBI-designated universal bank with a strong government-backed low-cost deposit franchise. While the bank benefits from exclusive government-banking status and stable asset quality—evidenced by an improved gross NPA of 2.37%—rating agencies like CARE Ratings note vulnerabilities stemming from its heavy geographic concentration in J&K and Ladakh. 

3. **Numerical Facts:** As of June 2025, the Chief Secretary of the J&K government held a 51.89% ownership stake in the bank. Furthermore, the bank operates a network including 1,008 branches and 1,436 ATMs as of December 2025, and reported a Q1 FY27 net interest income of ₹3,546.08 crore alongside a capital adequacy ratio of 16.67% under Basel III.",Not relevant,Provides other financial metrics but never states ROA or ROE.
356,What was Jammu & Kashmir Bank's total advances (loan book) and deposit growth in the latest quarter?,"Based on the provided knowledge graph, the starting entity is **The Jammu & Kashmir Bank Limited** and the ending entity is **Jammu & Kashmir Bank** (representing the same institution across different data points). 

The bank operates as an RBI-designated universal bank with a strong, low-cost deposit franchise driven by its exclusive government-banking status. As of June 2025, it is majority-owned by the Government of Jammu & Kashmir (with the Chief Secretary holding a 51.89% stake), and it reported a net profit of ₹424.18 crore for the quarter. While benefiting from high-CASA government deposits and improved asset quality—such as a gross NPA of 2.37%—the bank faces key risks from its heavy geographic and political concentration in Jammu & Kashmir and Ladakh.",Not relevant,Gives net profit and ownership details but no advances or deposit growth figures.
357,"What credit ratings has Jammu & Kashmir Bank received, and from which rating agencies?","**Starting Entity:** Jammu & Kashmir Bank  
**Ending Entity:** Tier II Basel III bonds  

**Summary:**  
Jammu & Kashmir Bank received a reaffirmed credit rating of AA- with a stable outlook specifically for its Tier II Basel III bonds. This rating affirmation reflects the ongoing creditworthiness and financial stability of the bank's subordinated debt instruments.",Somewhat relevant,States the AA- Stable rating on Tier II bonds but does not name the rating agency as asked.
358,"Roughly how many branches and ATMs does Jammu & Kashmir Bank operate, and as of what date?","The starting entity is The Jammu & Kashmir Bank Limited, and the ending entity is its operational distribution network, comprising four specific facility types as of December 2025. The bank manages a physical footprint that includes 1,008 branches, 1,436 ATMs, 169 cash-recycling machines, and 99 ultra-small branches.",Relevant,"Directly lists branches, ATMs, and other outlets as of December 2025."
359,"What products and services does Jammu & Kashmir Bank offer, and which customer segments does it serve?","1. **Starting Entity:** The Jammu & Kashmir Bank Limited; **Ending Entities:** Universal Banking, India, NSE, Banking, and J&KBANK (among others).

2. **Explanation:** The Jammu & Kashmir Bank Limited is a publicly listed banking institution headquartered in India, operating within the universal banking sector and traded on the NSE under the ticker J&KBANK. 

3. **Numerical Facts:** The bank was founded in 1938.",Not relevant,"Gives listing/ticker info but does not describe products, services, or customer segments."
360,What is Dhanlaxmi Bank's ticker symbol and on which exchange(s) does it trade?,"1. **Starting Entity and Ending Entity:** The starting entity is **Dhanlaxmi Bank Limited**, and the ending entities are its various operational, financial, and stakeholder attributes (such as **Q1 FY27 net profit**, **branches/ATMs**, and **shareholders**).

2. **Simple Business/Financial Explanation:** Dhanlaxmi Bank Limited, headquartered in Kerala and led by MD & CEO Ajith Kumar K.K., operates a smaller-scale banking franchise with 264 branches and 285 ATMs while facing intense regional competition. Despite historical governance challenges, the bank has shown recovery under new management, highlighted by improving asset quality and a doubled net profit.

3. **Important Numerical Facts:** In Q1 FY27, Dhanlaxmi Bank Limited reported a net profit of ₹24.9 crore on a total income of ₹484.25 crore, with interest income reaching ₹449 crore and total business crossing ₹35,000 crore. Its gross NPA improved sharply to 1.82%, while ownership stakes included 3.74% held by Ares Diversified, 3.38% by Ayushmat Ltd, and roughly 15.31% by FIIs.",Not relevant,Covers financial and ownership metrics but never states the ticker symbol or exchange.
361,"Who is the current MD & CEO (or Chairman, where that is the top executive title) of Dhanlaxmi Bank?","1. **Starting Entity:** Dhanlaxmi Bank Limited | **Ending Entity:** India (along with various corporate attributes like NSE, BSE, and Universal Banking).
2. **Business Summary:** Dhanlaxmi Bank Limited is a publicly listed, widely-held universal bank incorporated in India on November 14, 1927, and regulated by the RBI and SEBI. 
3. **Numerical Facts:** The bank was incorporated on November 14, 1927.
4. **Additional Details:** It operates under the ticker ""DHANBANK"" with listings on both the NSE and BSE stock exchanges.",Not relevant,Gives incorporation date and ticker info but never names the MD & CEO.
362,"What percentage of Dhanlaxmi Bank is held by its government promoter or largest shareholder, and as of what date?","1. **Starting Entity:** Dhanlaxmi Bank Limited (along with its various attributes from the knowledge graph).  
   **Ending Entity:** Various financial, operational, and regulatory attributes associated with Dhanlaxmi Bank Limited.

2. **Explanation:** Dhanlaxmi Bank Limited is a Kerala-headquartered, universally licensed bank led by MD & CEO Ajith Kumar K.K. and regulated by both the RBI and SEBI. Financially, the bank reported a Q1 FY27 total income of ₹484.25 crore—including ₹449 crore in interest income—and saw its net profit double year-on-year to ₹24.9 crore. Operationally, it maintains a network of 264 branches and 285 ATMs, while facing intense regional competition alongside improving asset quality and profitability.",Not relevant,Describes leadership and financials but never states a specific shareholder percentage or date.
363,What was Dhanlaxmi Bank's CASA ratio in the most recently reported quarter?,"Based on the knowledge graph path provided, the starting entity is Dhanlaxmi Bank Limited, which connects to its branch network as the ending context. In simple terms, Dhanlaxmi Bank Limited operates a total of 264 branches. This reflects the physical operational footprint of the institution based on the maximum quantitative data available in the query.",Not relevant,Gives branch count instead of the requested CASA ratio.
364,What is Dhanlaxmi Bank's net interest margin (NIM) for the latest reported period?,"1. **Starting Entity:** Dhanlaxmi Bank Limited; **Ending Entities:** Various financial, operational, and ownership attributes (such as Q1 FY27 net profit, branch count, and shareholder stakes).

2. In Q1 FY27, Dhanlaxmi Bank Limited demonstrated financial recovery—doubling its net profit year-on-year to ₹24.9 crore on a total income of ₹484.25 crore—while operating 264 branches and 285 ATMs. 

3. The bank's gross NPA improved sharply to 1.82% (down from 3.22%), and it maintains notable institutional backing, with foreign institutional investors (FIIs) holding a 15.31% stake alongside ownership from Ares Diversified (3.74%) and Ayushmat Ltd (3.38%).",Not relevant,"Covers profit, branch count and ownership but never states the NIM figure."
365,What are Dhanlaxmi Bank's gross NPA and net NPA ratios?,"1. **Starting Entity:** Dhanlaxmi Bank Limited (along with its various operational, financial, and stakeholder metrics); **Ending Entity:** Various specific outcomes, including its Q1 FY27 net profit, asset quality improvements, and governance/scale challenges.

2. **Summary:** Dhanlaxmi Bank Limited, led by MD & CEO Ajith Kumar K.K. and headquartered in Kerala, operates a sub-scale franchise of 264 branches and 285 ATMs while facing intense competition from regional peers like CSB Bank, South Indian Bank, and Federal Bank. Despite historical governance disputes and operational risks, the bank has shown recovery under new management, evidenced by improved asset quality and profitability. 

3. **Numerical Facts:** In Q1 FY27, Dhanlaxmi Bank Limited recorded a net profit of ₹24.9 crore, total income of ₹484.25 crore (including ₹449 crore in interest income), and total business crossing ₹35,000 crore. Its gross NPA improved to 1.82%, and ownership stakes include Ares Diversified at 3.74%, Ayushmat Ltd at 3.38%, and FIIs at roughly 15.31%.",Somewhat relevant,Gives the gross NPA figure (1.82%) but omits the net NPA ratio.
366,"What is Dhanlaxmi Bank's capital adequacy ratio (CRAR), and its CET1 ratio if disclosed?","1. **Starting Entity:** Dhanlaxmi Bank Limited; **Ending Entity:** Q1 FY27 Net Profit (₹24.9 crore).

2. **Path Summary:** Dhanlaxmi Bank Limited demonstrated strong financial recovery in Q1 FY27 under new leadership, successfully doubling its net profit year-on-year. 

3. **Numerical Facts:** During this quarter, the bank's net profit reached ₹24.9 crore, supported by a total income of ₹484.25 crore and interest income of ₹449 crore, while its gross NPA significantly improved to 1.82% from 3.22%.",Not relevant,Focuses on net profit figures and never states the CRAR or CET1 ratio.
367,What are Dhanlaxmi Bank's return on assets (ROA) and return on equity (ROE) for the latest quarter?,"1. **Starting Entity and Ending Entity:** The starting entity is **Dhanlaxmi Bank Limited**, and the ending entities include various financial metrics, operational details, and stakeholders associated with the bank (such as its Q1 FY27 net profit, ownership stakes, and branch count).

2. **Business/Financial Summary:** Dhanlaxmi Bank Limited operates as a universal bank headquartered in Kerala, led by MD & CEO Ajith Kumar K.K., and faces competition from peers like CSB Bank, South Indian Bank, and Federal Bank. Financially, the bank showed positive momentum in Q1 FY27 with a doubled net profit of ₹24.9 crore and a sharp improvement in gross NPA to 1.82%, though it continues to manage operational risks tied to its smaller scale of 264 branches and 285 ATMs. 

3. **Important Numerical Facts:** In Q1 FY27, Dhanlaxmi Bank Limited recorded a total income of ₹484.25 crore, interest income of ₹449 crore, and a net profit of ₹24.9 crore. Its gross NPA improved to 1.82% from 3.22%, total business crossed ₹35,000 crore, and it operates 264 branches alongside 285 ATMs, with ownership stakes held by Ares Diversified (3.74%), Ayushmat Ltd (3.38%), and FIIs (~15.31%).",Not relevant,Covers various financial metrics but never states ROA or ROE.
368,What was Dhanlaxmi Bank's total advances (loan book) and deposit growth in the latest quarter?,"Based on the provided knowledge graph data, the starting entity is **Dhanlaxmi Bank Limited** and the ending entity is its financial performance metric for Q1 FY27, specifically its **net profit**. 

Dhanlaxmi Bank Limited, led by MD & CEO Ajith Kumar K.K. and operating with 264 branches and 285 ATMs, showed notable financial improvement under new management. Most notably, the bank's net profit doubled year-on-year to ₹24.9 crore in Q1 FY27, alongside a total income of ₹484.25 crore and an improved gross NPA of 1.82%.",Not relevant,Gives net profit details but no advances or deposit growth figures.
369,"What credit ratings has Dhanlaxmi Bank received, and from which rating agencies?","Based on the provided knowledge graph path, the starting entity is **Dhanlaxmi Bank Limited** and the ending entity is a **BBB- Stable rating**. In simple financial terms, the bank's bonds had their creditworthiness officially reaffirmed at a BBB- rating with a stable outlook by a rating agency.",Somewhat relevant,States a BBB- Stable rating but does not name the issuing rating agency.
370,"Roughly how many branches and ATMs does Dhanlaxmi Bank operate, and as of what date?","Based on the provided knowledge graph path, the starting entity is Dhanlaxmi Bank Limited and the ending entity is its physical banking infrastructure (branches and ATMs). Dhanlaxmi Bank Limited operates a total of 264 branches and 285 automated teller machines (ATMs). This quantitative count highlights the physical retail footprint of the bank.",Somewhat relevant,Gives branch and ATM counts but omits the as-of date requested.
371,"What products and services does Dhanlaxmi Bank offer, and which customer segments does it serve?","**Summary:**

1. **Starting and Ending Entities:** The starting entity is Dhanlaxmi Bank Limited, and the ending entities include its operational, geographic, and market attributes (such as Universal Banking, India, NSE/BSE, and DHANBANK).
2. **Business Explanation:** Dhanlaxmi Bank Limited is a publicly listed, RBI- and SEBI-regulated banking institution originating from Kerala, India, operating under a universal banking license. 
3. **Numerical Facts:** The bank was originally incorporated on November 14, 1927, and later renamed in 2010.",Not relevant,"Covers listing and incorporation details but not products, services, or customer segments."
372,What is IDBI Bank's ticker symbol and on which exchange(s) does it trade?,"1. **Starting Entity:** IDBI Bank Limited (along with its parent/stakeholder entities)  
   **Ending Entity:** IDBI Bank Limited's financial metrics and operational profile (such as deposits, net profit, and subsidiaries).

2. **Explanation of Path:** The knowledge graph details IDBI Bank Limited's major stakeholders—including the Government of India (holding 45.48-45.50%) and LIC (holding 49.24%)—along with its regulatory environment, leadership, branch network, and subsidiary structure like IDBI Capital Markets. It also outlines the bank's universal banking operations across retail, MSME, and corporate segments.

3. **Numerical Facts:** In FY24-25, IDBI Bank reported deposits of ₹309,975 crore, advances of ₹218,399 crore, a net profit of ₹7,515 crore, a gross NPA of 2.98%, a return on assets of 1.82%, and a return on equity of 16.10%. Additionally, the bank operates between 1,890 and 2,104 branches and 3,300 to 3,700 ATMs.",Not relevant,Covers ownership and financial metrics but never states the ticker symbol or exchange.
373,"Who is the current MD & CEO (or Chairman, where that is the top executive title) of IDBI Bank?","**Summary:**

1. **Starting and Ending Entities:** The starting entity is **IDBI Bank Limited**, and the ending entities include its various attributes such as **Universal Banking**, **India**, **NSE, BSE**, and **Banking**.
2. **Business Explanation:** IDBI Bank Limited is a publicly listed private-sector bank headquartered in India that operates within the banking sector under a universal banking model, offering retail, corporate, and agricultural services. 
3. **Numerical Facts:** Founded on **1 July 1964**, the bank was reclassified as a private-sector bank by the RBI in **2019** and is traded on stock exchanges under the ticker **IDBI**.",Not relevant,Gives founding date and ticker but never names the MD & CEO.
374,"What percentage of IDBI Bank is held by its government promoter or largest shareholder, and as of what date?","Based on the provided knowledge graph path, here is the financial summary:

1. **Starting and Ending Entities:** The starting and ending entity is **IDBI Bank Limited** (functioning as the central subject across all connected relationship patterns).
2. **Business/Financial Summary:** IDBI Bank Limited is a universal bank that provides comprehensive retail, corporate, MSME, agricultural, and investment banking services through its subsidiary, IDBI Capital Markets. The bank is currently undergoing a strategic disinvestment and ownership transition, with major stakes held by LIC (49.24%) and the Government of India (45.48-45.50%), while being regulated by key bodies like the RBI, SEBI, and DIPAM. 
3. **Numerical Facts:** For FY24-25, IDBI Bank reported deposits of ₹309,975 crore, advances of ₹218,399 crore, a net profit of ₹7,515 crore, a gross NPA of 2.98%, a return on assets (RoA) of 1.82%, and a return on equity (RoE) of 16.10%. Additionally, the bank operates between 1,890 and 2,104 branches and uses 3,300 to 3,700 ATMs.",Somewhat relevant,Gives LIC and Government of India ownership percentages but omits the specific as-of date.
375,What was IDBI Bank's CASA ratio in the most recently reported quarter?,"Based on the provided knowledge graph path, the starting entity is **IDBI Bank Limited** and the ending entity is **treasury business services**. In simple business terms, IDBI Bank Limited provides and engages in treasury business services as part of its operations. There are no specific numerical facts present in this relationship path.",Not relevant,Mentions treasury business services instead of the requested CASA ratio.
376,What is IDBI Bank's net interest margin (NIM) for the latest reported period?,"**Summary:**

1. **Starting and Ending Entities:** The starting entity is **IDBI Bank Limited**, and the ending entities include its various financial metrics, operational footprints, and regulatory stakeholders (such as LIC and the Government of India).
2. **Business/Financial Explanation:** IDBI Bank Limited operates as a universal bank—offering retail, corporate, agricultural, and MSME services—while undergoing a strategic disinvestment and ownership transition regulated by bodies like the RBI. Its leadership includes MD & CEO Rakesh Sharma and Chairman T. N. Manoharan, and it manages operations through an extensive network of branches and ATMs while holding a subsidiary, IDBI Capital Markets.
3. **Numerical Facts:** For FY24-25, IDBI Bank reported a net profit of ₹7,515 crore, deposits of ₹309,975 crore, and advances of ₹218,399 crore, alongside a return on assets of 1.82%, a return on equity of 16.10%, and an improved gross NPA of 2.98%. Additionally, the bank's ownership structure includes a 49.24% stake held by LIC and a 45.48–45.50% stake held by the Government of India.",Not relevant,"Covers profit, deposits and ownership but never states the NIM figure."
377,What are IDBI Bank's gross NPA and net NPA ratios?,"1. **Starting Entity:** IDBI Bank Limited; **Ending Entity:** IDBI Capital Markets (its subsidiary).
2. **Path Explanation:** IDBI Bank Limited operates as a universal bank providing various financial services and acts as the parent organization to its subsidiary, IDBI Capital Markets, through which it offers investment banking services.
3. **Numerical Facts:** The provided data does not contain direct numerical facts connecting the parent bank to this specific subsidiary relationship.",Not relevant,"Focuses on the IDBI Capital Markets subsidiary relationship, not gross/net NPA figures."
378,"What is IDBI Bank's capital adequacy ratio (CRAR), and its CET1 ratio if disclosed?","1. **Starting and Ending Entities:** The starting entity is **IDBI Bank Limited**, and the ending entities include its key financial metrics and operational figures for FY24-25 (such as a net profit of ₹7,515 crore and deposits of ₹309,975 crore).

2. **Simple Business/Financial Summary:** IDBI Bank Limited, a universal bank led by MD & CEO Rakesh Sharma and regulated by authorities like the RBI, operates a network of 1,890 to 2,104 branches and 3,300 to 3,700 ATMs. During FY24-25, the bank achieved a net profit of ₹7,515 crore, supported by deposits reaching ₹309,975 crore and advances totaling ₹218,399 crore. Additionally, the bank reported a strong return on equity of 16.10% and an improved gross NPA of 2.98% for the fiscal year.",Not relevant,Covers profit and deposit metrics but never states the CRAR or CET1 ratio.
379,What are IDBI Bank's return on assets (ROA) and return on equity (ROE) for the latest quarter?,"1. **Starting Entity:** IDBI Bank Limited (along with its parent/stakeholder entities)  
   **Ending Entity:** IDBI Capital Markets (its investment banking subsidiary) and various financial/operational metrics.

2. **Summary:**  
   IDBI Bank Limited operates as a universal bank—backed significantly by LIC (holding 49.24%) and the Government of India (holding 45.48–45.50%)—and is currently navigating a strategic disinvestment and ownership transition. Financially, the bank reported a robust net profit of ₹7,515 crore, deposits of ₹309,975 crore, and advances of ₹218,399 crore for FY24-25, alongside an improved gross NPA of 2.98%. Additionally, the bank extends its financial services through its wholly-owned subsidiary, IDBI Capital Markets, which provides investment banking.",Not relevant,"Covers profit, deposits, and subsidiary details but never states ROA or ROE."
380,What was IDBI Bank's total advances (loan book) and deposit growth in the latest quarter?,"Based on the provided knowledge graph data, the starting entity is **IDBI Bank Limited** and the ending entities are its various financial and operational metrics, such as **FY24-25 deposits (₹309,975 crore)**, **net profit (₹7,515 crore)**, and **gross NPA (2.98%)**. 

IDBI Bank Limited is a universal bank regulated by authorities like the RBI and SEBI, with major shareholdings held by LIC (49.24%) and the Government of India (45.48-45.50%). For the financial year FY24-25, the bank reported advances reaching ₹218,399 crore, a return on assets of 1.82%, and a return on equity of 16.10%. Additionally, the bank operates between 1,890 and 2,104 branches and utilizes 3,300 to 3,700 ATMs to support its universal banking services across retail, corporate, and MSME segments.",Somewhat relevant,Gives absolute advances and deposit figures but not the growth rates asked for.
381,"What credit ratings has IDBI Bank received, and from which rating agencies?","1. **Starting Entity:** IDBI Bank Limited; **Ending Entities:** Universal Banking, India, Mumbai, NSE, BSE, Banking, etc.

2. **Explanation:** IDBI Bank Limited is a publicly listed private-sector bank in India—traded on the NSE and BSE under the ticker IDBI—that operates within the banking sector and focuses on a universal banking segment. 

3. **Numerical Facts:** The bank was founded on July 1, 1964.",Not relevant,Covers listing and founding details but never mentions any credit rating or agency.
382,"Roughly how many branches and ATMs does IDBI Bank operate, and as of what date?","The starting entity is **IDBI Bank Limited**, and the ending entity is its **operational infrastructure and growth strategy**. IDBI Bank Limited operates between 1,890 and 2,104 branches and uses between 3,300 and 3,700 ATMs. Furthermore, the bank's future growth is expected to come from the continued expansion of this branch network.",Somewhat relevant,Gives branch and ATM ranges but omits the specific as-of date.
383,"What products and services does IDBI Bank offer, and which customer segments does it serve?","1. **Starting Entity:** IDBI Bank Limited; **Ending Entities:** Universal Banking, India, Mumbai (headquarters), NSE/BSE (exchanges), and Banking (sector).

2. **Explanation:** IDBI Bank Limited is a publicly listed Indian private-sector bank headquartered in Mumbai, operating within the banking sector and traded on the NSE and BSE under the ticker IDBI. 

3. **Numerical Facts:** The bank was founded on July 1, 1964, and was reclassified as a private-sector bank by the RBI in 2019.",Not relevant,"Gives generic listing/HQ info but not specific products, services, or customer segments."
384,What is AU Small Finance Bank's ticker symbol and on which exchange(s) does it trade?,"Based on the provided knowledge graph data, the starting entity is **AU Small Finance Bank Limited** and the ending entity is **ICRA** (via the entity rating relationship). 

AU Small Finance Bank Limited holds an **AA Stable** long-term entity rating, which was reaffirmed by the rating agency **ICRA** on **27 February 2026**. Additionally, ICRA noted the bank's strong historical growth, highlighting roughly **30% compound annual growth** in its gross loan portfolio between FY20 and FY25.",Not relevant,Covers the ICRA rating and loan growth but never states the ticker symbol or exchange.
385,"Who is the current MD & CEO (or Chairman, where that is the top executive title) of AU Small Finance Bank?","Based on the provided knowledge graph path, the starting entity is Sanjay Agarwal and the ending entity is AU Small Finance Bank Limited. Sanjay Agarwal holds the leadership position of Managing Director and Chief Executive Officer (MD & CEO) at the institution.",Relevant,Directly names Sanjay Agarwal as MD & CEO of AU Small Finance Bank.
386,"What percentage of AU Small Finance Bank is held by its government promoter or largest shareholder, and as of what date?","1. **Starting and Ending Entities:** The starting entity is **AU Small Finance Bank Limited**, and the ending entities comprise its various financial metrics, ownership stakes, and regulatory/operational attributes (such as the RBI, ICRA, and financial results for Q1 FY27).

2. **Simple Business/Financial Summary:** AU Small Finance Bank Limited is a regulated financial institution that reported strong Q1 FY27 results, including a profit after tax of ₹795.95 crore (up 37% year-on-year) and net interest income of ₹2,695 crore. The bank maintains a solid capital position with a CET1 ratio of 17.1% and a capital adequacy ratio of 18.9%, alongside key institutional and promoter shareholdings as of mid-2025 and early 2026. Additionally, the bank holds an AA Stable rating from ICRA and has received in-principle approval from the RBI to transition into a full universal bank. 

3. **Important Numerical Facts:** 
   - Q1 FY27 profit after tax: ₹795.95 crore (up 37% YoY).
   - Q1 FY27 net interest income: ₹2,695 crore (up 32% YoY).
   - Capital metrics: CET1 of 17.1% and capital adequacy of 18.9%.
   - Asset quality: Gross NPA of 2.10% and Net NPA of 0.76%.
   - Ownership: Promoter family stake of 22.76% as of March 31, 2026.",Relevant,"Directly gives the 22.76% promoter family stake as of March 31, 2026."
387,What was AU Small Finance Bank's CASA ratio in the most recently reported quarter?,"1. **Starting Entity:** Foreign portfolio investors; **Ending Entity:** AU Small Finance Bank Limited.
2. Foreign portfolio investors held a significant equity stake in AU Small Finance Bank Limited. 
3. As of June 2025, this holding accounted for roughly 37.68% of the bank overall.",Not relevant,Gives FPI holding percentage instead of the requested CASA ratio.
388,What is AU Small Finance Bank's net interest margin (NIM) for the latest reported period?,"Based on the provided knowledge graph data, the starting entity is **AU Small Finance Bank Limited** and the ending entities/metrics relate to its financial performance and strategic position. AU Small Finance Bank reported a strong Q1 FY27 profit after tax of ₹795.95 crore, representing a 37% year-on-year increase alongside a net interest income of ₹2,695 crore. Furthermore, the bank maintains a solid capital adequacy ratio of 18.9% with a CET1 of 17.1%, and received in-principle RBI approval in August 2025 to transition into a full universal bank.",Not relevant,"Covers profit, NII, and capital ratios but never states the NIM figure."
389,What are AU Small Finance Bank's gross NPA and net NPA ratios?,"Based on the provided knowledge graph data, the starting entity is **AU Small Finance Bank Limited** and the ending entities include various financial metrics, ownership stakes, and regulatory milestones as of Q1 FY27. 

In simple financial terms, AU Small Finance Bank demonstrated strong performance in Q1 FY27, reporting a 37% year-on-year increase in profit after tax to ₹795.95 crore and a 32% rise in net interest income to ₹2,695 crore. The institution maintains solid financial health with a capital adequacy ratio of 18.9%, a CET1 of 17.1%, and improved asset quality featuring a gross NPA of 2.10% and net NPA of 0.76%. Furthermore, the bank received in-principle RBI approval on August 7, 2025, to transition into a full universal bank.",Relevant,Directly states gross NPA (2.10%) and net NPA (0.76%).
390,"What is AU Small Finance Bank's capital adequacy ratio (CRAR), and its CET1 ratio if disclosed?","Based on the provided knowledge graph data, the starting entity is **AU Small Finance Bank Limited** and the ending entity involves its **Q1 FY27 Financial Performance**. 

In simple financial terms, AU Small Finance Bank Limited demonstrated strong growth in the first quarter of fiscal year 2027, reporting a profit after tax of ₹795.95 crore—a 37% year-on-year increase. During the same period, the bank achieved a net interest income of ₹2,695 crore (up 32% year-on-year), gross advances of ₹1,44,250 crore, and total deposits of ₹1,57,727 crore.",Not relevant,"Covers profit, advances, and deposits but never states the CRAR or CET1 ratio in this summary."
391,What are AU Small Finance Bank's return on assets (ROA) and return on equity (ROE) for the latest quarter?,"Based on the provided knowledge graph data, the starting entity is **AU Small Finance Bank Limited** and the ending entity is its **Q1 FY27 financial performance**. 

In simple business terms, AU Small Finance Bank Limited demonstrated strong financial growth by reporting a profit after tax of ₹795.95 crore—up 37% year-on-year—alongside a net interest income of ₹2,695 crore for Q1 FY27. Additionally, the bank maintained solid operational metrics during this period, including total deposits of ₹1,57,727 crore, gross advances of ₹1,44,250 crore, a CASA ratio of roughly 29%, and a net interest margin of 5.9%.",Not relevant,"Covers deposits, advances, CASA and NIM but never states ROA or ROE."
392,What was AU Small Finance Bank's total advances (loan book) and deposit growth in the latest quarter?,"**Starting Entity:** AU Small Finance Bank Limited  
**Ending Entity:** AU Small Finance Bank Limited's Financial Performance and Operations (Q1 FY27 / Market Position)

**Summary:**
AU Small Finance Bank Limited demonstrated strong financial performance in Q1 FY27, reporting a profit after tax of ₹795.95 crore (up 37% year-on-year) and net interest income of ₹2,695 crore. The institution maintains robust capital and asset health, highlighted by a CET1 ratio of 17.1%, gross advances of ₹1,44,250 crore, and an improved gross NPA of 2.10%. Additionally, the bank holds an AA Stable rating from ICRA and received RBI in-principle approval in August 2025 to transition into a full universal bank.",Somewhat relevant,Gives gross advances but not deposit figures or explicit growth rates as asked.
393,"What credit ratings has AU Small Finance Bank received, and from which rating agencies?","**Starting Entity:** AU Small Finance Bank  
**Ending Entity:** ICRA  

**Summary:**  
AU Small Finance Bank holds an AA Stable long-term entity rating that has been reaffirmed by the credit rating agency ICRA. This rating reflects the bank's established financial stability and creditworthiness within the financial sector.",Relevant,Directly states the AA Stable rating reaffirmed by ICRA.
394,"Roughly how many branches and ATMs does AU Small Finance Bank operate, and as of what date?","**Starting Entity:** AU Small Finance Bank Limited  
**Ending Entity:** Digital banking services (business expansion)

**Summary:**  
AU Small Finance Bank Limited has strategically grown its operations by expanding its business scope to include digital banking services. This development highlights the institution's ongoing adaptation to modern banking technologies. Based on the available data, this represents a single confirmed business expansion initiative.",Not relevant,"Discusses digital banking expansion, not branch/ATM counts or a date."
395,"What products and services does AU Small Finance Bank offer, and which customer segments does it serve?","**Summary:**

The starting entity is **AU Small Finance Bank Limited** (ticker: `AUBANK`, ISIN: `INE949L01017`), and the ending entity is its status as a publicly **listed** entity on the **NSE and BSE** stock exchanges. Operating under the legal name **AU SMALL FINANCE BANK LIMITED** and classified under the **Small Finance Bank** banking segment, the institution originated from an NBFC vehicle-finance company and has expanded into MSME, retail, wholesale, and digital banking from its headquarters in Jaipur, Rajasthan.",Relevant,"Describes the bank's origin and expansion into MSME, retail, wholesale, and digital banking segments, addressing products/services and customer segments."
396,What is Equitas Small Finance Bank's ticker symbol and on which exchange(s) does it trade?,"**1. Starting and Ending Entity:**
* **Starting Entity:** Equitas Small Finance Bank
* **Ending Entity:** Various financial and operational attributes (such as CARE Ratings, mutual fund holdings, and performance metrics)

**2 & 3. Summary and Numerical Facts:**
Equitas Small Finance Bank operates as a regulated small-finance bank headquartered in Chennai, holding an AA- Stable issuer rating from CARE Ratings and an A1+ rating on its certificates of deposit. As of December 2024, institutional backing remains strong, with mutual funds holding 37.27%—led by HDFC Mutual Fund (8.57%), Franklin India (6.29%), and SBI Mutual Fund (6.04%)—while foreign portfolio investors hold 11.45%. Financially, the bank reported a cost of funds of 7.05% and a CASA ratio of 25% for Q1 FY27, alongside a return on equity of 11.76% and a return on assets of 1.18%.",Not relevant,Covers ratings and ownership metrics but never states the ticker symbol or exchange.
397,"Who is the current MD & CEO (or Chairman, where that is the top executive title) of Equitas Small Finance Bank?","1. **Starting and Ending Entities:** The starting entity is **Equitas Small Finance Bank Limited**, and the ending entities include its various corporate and operational attributes such as its banking segment, stock exchanges, and ticker symbol.

2. **Business/Financial Summary:** Equitas Small Finance Bank Limited is a publicly listed, diversified retail bank headquartered in Chennai, Tamil Nadu, that originated from a microfinance/NBFC group and now focuses on small-business lending, vehicle finance, affordable housing, and microfinance. 

3. **Numerical/Factual Details:** The bank operates as a Small Finance Bank, is publicly listed on both the NSE and BSE under the ticker symbol ""EQUITASBNK"", and operates under the legal name Equitas Small Finance Bank Limited.",Not relevant,Describes the bank's business lines and ticker but never names the MD & CEO.
398,"What percentage of Equitas Small Finance Bank is held by its government promoter or largest shareholder, and as of what date?","1. **Starting Entity:** Equitas Small Finance Bank (along with its various financial and operational attributes).
   **Ending Entity:** Various stakeholders, financial metrics (such as a net interest income of ₹1,029.4 crore and a cost-to-income ratio of 68.38%), and institutional shareholdings as of December 2024.

2. Equitas Small Finance Bank is a regulated small finance bank offering diverse retail, microfinance, and lending products while managing risks like deposit-growth lags and residual microfinance stress. Major institutional investors, including HDFC Mutual Fund, SBI Mutual Fund, and Franklin India, held significant stakes in the bank as of December 2024. 

3. Key numerical facts include an institutional mutual fund holding of 37.27%, a cost-to-income ratio of 68.38%, a net interest income of ₹1,029.4 crore, and a return on equity of 11.76%.",Somewhat relevant,Gives an aggregate mutual-fund holding percentage but does not identify the single largest shareholder clearly.
399,What was Equitas Small Finance Bank's CASA ratio in the most recently reported quarter?,"**Starting Entity:** Equitas Small Finance Bank  
**Ending Entity:** 25% (CASA ratio for Q1 FY27)  

**Summary:**  
Equitas Small Finance Bank achieved a CASA ratio of 25% during the first quarter of fiscal year 2027. This metric highlights the bank's proportion of low-cost current and savings account deposits relative to its total deposits for that period.",Relevant,Directly states the 25% CASA ratio for Q1 FY27.
400,What is Equitas Small Finance Bank's net interest margin (NIM) for the latest reported period?,"Based on the provided knowledge graph data, the starting entity is **Equitas Small Finance Bank** and the ending entities are its various financial metrics, ownership stakes, and risk factors as of Q1 FY27 and December 2024. 

Equitas Small Finance Bank operates as a diversified retail lender—offering housing, vehicle, and small-business loans—while managing key financial indicators such as a cost of funds of 7.05%, a CASA ratio of 25%, and a net interest income of ₹1,029.4 crore. The bank's institutional ownership includes notable stakes from mutual funds like HDFC (8.57%), Franklin India (6.29%), and SBI (6.04%) as of December 2024. Additionally, it faces specific operational challenges, including an elevated cost-to-income ratio of 68.38% and funding risks stemming from deposit growth trailing its advances.",Not relevant,"Covers cost of funds, CASA, and ownership but never states the NIM figure."
401,What are Equitas Small Finance Bank's gross NPA and net NPA ratios?,"Based on the provided knowledge graph data, the starting entity is **Equitas Small Finance Bank** and the ending entities are its various financial metrics, ownership stakes, and risk factors as of Q1 FY27 and December 2024. 

Equitas Small Finance Bank operates as a diversified retail lender—offering housing, microfinance, vehicle, and small-business loans—while holding strong credit ratings such as an AA- Stable issuer rating from CARE Ratings. Major institutional investors held significant stakes in the bank as of December 2024, including mutual funds at roughly 37.27% and foreign portfolio investors at about 11.45%. Financially, the bank reported a cost of funds of 7.05% and a cost-to-income ratio of 68.38% for Q1 FY27, alongside a return on equity of 11.76% and a return on assets of 1.18%.",Not relevant,Covers ratings and ownership metrics but never states gross or net NPA figures.
402,"What is Equitas Small Finance Bank's capital adequacy ratio (CRAR), and its CET1 ratio if disclosed?","**Starting Entity:** Equitas Small Finance Bank  
**Ending Entity:** Various financial and operational metrics (such as a net interest income of ₹1,029.4 crore and an elevated cost-to-income ratio of 68.38%).

**Summary:**
Equitas Small Finance Bank operates as a diversified retail lender offering various financial products, including housing, vehicle, and small-business loans. As of recent reporting periods, the bank recorded a net interest income of ₹1,029.4 crore alongside a return on equity of 11.76%. However, it faces financial pressures, including an elevated cost-to-income ratio of 68.38% and funding risks stemming from deposit growth trailing its advances.",Not relevant,Covers NII and cost-to-income ratio but never states the CRAR or CET1 ratio.
403,What are Equitas Small Finance Bank's return on assets (ROA) and return on equity (ROE) for the latest quarter?,"**Starting Entity:** Equitas Small Finance Bank  
**Ending Entity:** Various financial and operational metrics (e.g., Q1 FY27 CASA ratio, net interest income, and asset quality).

**Summary:**  
Equitas Small Finance Bank operates as a diversified retail lender offering various products, including housing, vehicle, and small-business loans. As of recent financial reporting periods, the bank recorded a net interest income of ₹1,029.4 crore, a CASA ratio of 25% for Q1 FY27, and a cost of funds of 7.05%. Additionally, it maintains a return on equity of 11.76% and a gross NPA ranging between 2.36% and 2.42%.",Somewhat relevant,Gives ROE (11.76%) but omits ROA.
404,What was Equitas Small Finance Bank's total advances (loan book) and deposit growth in the latest quarter?,"**Starting Entity:** Equitas Small Finance Bank  
**Ending Entity:** Various financial and operational metrics (such as a net interest income of ₹1,029.4 crore, a cost of funds of 7.05%, and an elevated cost-to-income ratio of 68.38%).

Equitas Small Finance Bank operates as a regulated small-finance bank offering diverse retail and lending products, backed by institutional investments from major mutual funds like HDFC, SBI, and Franklin India as of December 2024. The bank exhibits strong financial performance, reporting a net interest income of ₹1,029.4 crore, a return on assets of 1.18%, and a return on equity of 11.76%. However, it faces operational challenges, notably an elevated cost-to-income ratio of 68.38% and funding risks stemming from deposit growth trailing its advances growth.",Not relevant,"Covers NII, cost of funds, and ratios but never states advances or deposit growth figures."
405,"What credit ratings has Equitas Small Finance Bank received, and from which rating agencies?","**Summary:**

The starting entity is **Equitas Small Finance Bank**, and the ending entities are its short-term and long-term credit ratings assigned by CARE Ratings. Specifically, the bank holds an **A1+ rating** on its certificates of deposit and an **AA- Stable** issuer rating that was recently reaffirmed by CARE Ratings.",Relevant,Directly states the A1+ CD rating and AA- Stable issuer rating from CARE Ratings.
406,"Roughly how many branches and ATMs does Equitas Small Finance Bank operate, and as of what date?",,Not relevant,No summary/answer was produced by the pipeline — there is no assistant output to address the user's request.
407,"What products and services does Equitas Small Finance Bank offer, and which customer segments does it serve?","**Starting Entity:** Equitas Small Finance Bank  
**Ending Entity:** Various financial products and lending services (affordable housing loans, MSE lending, NBFC lending, gold loans, microfinance, small-business loans, and vehicle finance)

**Summary:**
Equitas Small Finance Bank offers a diverse portfolio of financial products and lending services to its customers. The bank's offerings span across affordable housing loans, microfinance, gold loans, vehicle finance, and small-business loans. Additionally, it engages in specialized lending activities such as MSE lending and NBFC lending.",Relevant,Lists the specific loan products and lending segments the bank offers.
408,What is Ujjivan Small Finance Bank's ticker symbol and on which exchange(s) does it trade?,"**Starting Entity:** Ujjivan Small Finance Bank  
**Ending Entity:** Certificate-of-deposit programme (or various financial and leadership attributes)

Ujjivan Small Finance Bank holds an A1+ credit rating for its certificate-of-deposit programme and maintains strong financial metrics, including a profit after tax of ₹317 crore (up 206.7% year-on-year) and a gross loan book growth of 28.9%. The bank is actively diversifying its portfolio into secured retail, MSME lending (up 54%), and affordable housing (reaching ₹11,210 crore), while managing leadership transitions with Carol Furtado appointed as acting MD & CEO effective September 1, 2026.",Not relevant,Covers profit and loan growth but never states the ticker symbol or exchange.
409,"Who is the current MD & CEO (or Chairman, where that is the top executive title) of Ujjivan Small Finance Bank?","**Summary:**

The starting entity is **Ujjivan Small Finance Bank Limited**, which operates in the banking sector and is publicly listed on the NSE and BSE under the ticker **UJJIVANSFB**. Headquartered in Bengaluru, Karnataka, the bank originated from an NBFC microfinance institution and operates as a small finance bank within India.",Not relevant,Gives ticker and HQ details but never names the MD & CEO.
410,"What percentage of Ujjivan Small Finance Bank is held by its government promoter or largest shareholder, and as of what date?","Based on the provided knowledge graph data, here is the summary of the relationship path:

**1. Starting and Ending Entity:**
* **Starting Entity:** Ujjivan Small Finance Bank
* **Ending Entity:** Various regulatory bodies, financial metrics, institutional shareholders, and leadership roles connected to the bank.

**2-4. Summary in Business/Financial Language:**
Ujjivan Small Finance Bank is a Bengaluru-headquartered institution regulated by both the RBI and SEBI, holding an A1+ rating from CRISIL for its certificate-of-deposit programme. Financially, the bank reported a robust profit after tax of ₹317 crore (up 206.7% year-on-year) and a net interest income of ₹1,186 crore, alongside a gross NPA of 2.17% and a provision coverage of 85%. Strategically, the bank is diversifying into secured retail and other segments, such as affordable housing (reaching ₹11,210 crore) and gold loans (growing 248.6%), while managing leadership transitions including Carol Furtado's appointment as acting MD & CEO effective September 1, 2026.",Not relevant,Covers ratings and financial performance but never gives a specific shareholder percentage.
411,What was Ujjivan Small Finance Bank's CASA ratio in the most recently reported quarter?,"**Starting Entity:** Ujjivan Small Finance Bank  
**Ending Entity:** ₹1,186 crore (Net Interest Income)

During the quarter, Ujjivan Small Finance Bank achieved a maximum net interest income of ₹1,186 crore. This financial metric represents the core earnings generated from its lending and deposit activities for the period.",Not relevant,Gives net interest income instead of the requested CASA ratio.
412,What is Ujjivan Small Finance Bank's net interest margin (NIM) for the latest reported period?,"1. **Starting Entity:** Ujjivan Small Finance Bank (linked to various financial, leadership, and operational attributes); **Ending Entity:** Various stakeholders, financial metrics, and regulatory bodies.
2. The knowledge graph details the financial performance, leadership transitions, and strategic portfolio diversification of Ujjivan Small Finance Bank. Key operational updates include an acting MD & CEO appointment effective September 1, 2026, and ongoing portfolio shifts into secured retail, affordable housing, MSME lending, and gold loans to reduce legacy microfinance concentration.
3. Notable numerical facts include a Profit After Tax of ₹317 crore (up 206.7% year-on-year), a gross loan book growth of 28.9%, and affordable housing reaching ₹11,210 crore. Additionally, mutual funds held 14.83% of the bank as of September 2025, and the cost of funds stood at 6.86% for Q1 FY27.",Not relevant,"Covers profit growth, loan book, and cost of funds but never states the NIM figure."
413,What are Ujjivan Small Finance Bank's gross NPA and net NPA ratios?,"1. **Starting Entity and Ending Entity**: The knowledge graph focuses on **Ujjivan Small Finance Bank** and its various financial, operational, and leadership attributes as reported by sources like InvestyWise and Trendlyne.

2. **Path Explanation**: The data outlines Ujjivan Small Finance Bank's financial performance, portfolio diversification, and leadership transitions. Key financial highlights include a strong net profit after tax of ₹317 crore, a net interest income of ₹1,186 crore, and an 18.2% return on equity, alongside active portfolio diversification into MSME, gold, and affordable housing loans to reduce legacy microfinance concentration. Additionally, the bank experienced a leadership change with Carol Furtado appointed as acting MD & CEO effective September 1, 2026, following Sanjeev Nautiyal's early retirement. 

3. **Important Numerical Facts**: As of September 2025, institutional investors like mutual funds held 14.83% and foreign portfolio investors held 12.71%, while the bank reported a gross NPA of 2.17%, a liquidity coverage ratio of approximately 132% for Q1 FY27, and a stellar 248.6% growth in gold loans.",Somewhat relevant,States gross NPA (2.17%) but omits the net NPA ratio.
414,"What is Ujjivan Small Finance Bank's capital adequacy ratio (CRAR), and its CET1 ratio if disclosed?","**Starting Entity:** Ujjivan Small Finance Bank  
**Ending Entity:** Certificate-of-deposit programme (or various financial and leadership attributes)

Ujjivan Small Finance Bank holds an A1+ rating for its certificate-of-deposit programme and maintains strong financial metrics, reporting a profit after tax of ₹317 crore (up 206.7% year-on-year) and a gross loan book growth of 28.9%. The bank is actively diversifying its portfolio into secured retail, affordable housing (reaching ₹11,210 crore), and MSME lending while navigating leadership transitions with Carol Furtado appointed as acting MD & CEO effective September 1, 2026.",Not relevant,Covers the CD rating and profit growth but never states the CRAR or CET1 ratio.
415,What are Ujjivan Small Finance Bank's return on assets (ROA) and return on equity (ROE) for the latest quarter?,"**Starting Entity:** Ujjivan Small Finance Bank  
**Ending Entity:** Certificate-of-deposit programme (via A1+ rating)

Ujjivan Small Finance Bank holds a top-tier A1+ credit rating for its certificate-of-deposit programme, reflecting its short-term financial strength. Financially, the bank reported a robust net interest income of ₹1,186 crore and a profit after tax of ₹317 crore, surging 206.7% year-on-year. Additionally, the bank is actively diversifying its portfolio away from legacy microfinance into secured retail, highlighted by affordable housing reaching ₹11,210 crore and a gold loan growth of 248.6%.",Not relevant,Covers the CD rating and profit figures but never states ROA or ROE.
416,What was Ujjivan Small Finance Bank's total advances (loan book) and deposit growth in the latest quarter?,"**Starting Entity:** Ujjivan Small Finance Bank  
**Ending Entity:** Certificate-of-deposit programme (or various financial and leadership attributes)

Ujjivan Small Finance Bank holds an A1+ rating for its certificate-of-deposit programme and demonstrates strong financial performance, reporting a Profit after tax of ₹317 crore—up 206.7% year-on-year—alongside a Net interest income of ₹1,186 crore. The bank is actively diversifying its portfolio into affordable housing (reaching ₹11,210 crore) and MSME lending (growing 54%), while managing leadership transitions with Carol Furtado appointed as acting MD & CEO effective September 1, 2026.",Not relevant,Covers profit and portfolio diversification but never gives advances or deposit growth figures.
417,"What credit ratings has Ujjivan Small Finance Bank received, and from which rating agencies?","**Starting Entity:** Ujjivan Small Finance Bank  
**Ending Entity:** A1+ rating (certificate-of-deposit programme)

**Summary:** 
Ujjivan Small Finance Bank holds an A1+ rating specifically for its certificate-of-deposit programme. This top-tier rating reflects a strong short-term credit profile for the bank's debt instruments.",Somewhat relevant,States the A1+ rating but does not name the issuing agency.
418,"Roughly how many branches and ATMs does Ujjivan Small Finance Bank operate, and as of what date?",,Not relevant,No summary/answer was produced by the pipeline — there is no assistant output to address the user's request.
419,"What products and services does Ujjivan Small Finance Bank offer, and which customer segments does it serve?","Based on the provided knowledge graph data, the starting entity is **Ujjivan Small Finance Bank Limited** and the ending entities/attributes include its classification as a **Small Finance Bank** operating in **India** within the **Banking** sector. Headquartered in Bengaluru, Karnataka, the institution evolved from an NBFC microfinance entity and is publicly listed on the **NSE and BSE** under the ticker **UJJIVANSFB**.",Not relevant,Gives classification and listing details but not specific products or customer segments.
420,What is ESAF Small Finance Bank's ticker symbol and on which exchange(s) does it trade?,"**1. Starting and Ending Entity:**
* **Starting Entity:** ESAF Small Finance Bank (or ESAF Small Finance Bank Limited)
* **Ending Entity:** CARE Ratings (and various financial metrics/shareholders)

**2. Summary:**
This knowledge graph details the financial, operational, and ratings profile of ESAF Small Finance Bank, which is led by MD & CEO Dr. K. Paul Thomas and majority-owned by ESAF Financial Holdings Pvt Ltd at 52.87%. As of September 2026, CARE Ratings assigned the bank an A- long-term and A1 short-term rating with a Stable outlook, despite noting asset quality challenges reflected by a gross NPA of 5.40% and net NPA of 0.83%. The bank reported a Q1 FY27 capital adequacy ratio of 23.86%, a CASA ratio of 23.39%, and gross advances totaling ₹23,216 crore.",Not relevant,Covers ratings and financial metrics but never states the ticker symbol or exchange.
421,"Who is the current MD & CEO (or Chairman, where that is the top executive title) of ESAF Small Finance Bank?","Based on the provided knowledge graph data, the starting entity is **ESAF Small Finance Bank Limited**, which connects to various descriptive and operational attributes as the ending entities. ESAF Small Finance Bank Limited is a listed banking institution in India operating within the banking sector as a small finance bank. It trades under the ticker **ESAFSFB** on the NSE and BSE exchanges, specializing in micro loans and secured retail lending.",Not relevant,Describes the bank's listing and business focus but never names the MD & CEO.
422,"What percentage of ESAF Small Finance Bank is held by its government promoter or largest shareholder, and as of what date?","Based on the provided knowledge graph, the starting entity is **ESAF Small Finance Bank** (or ESAF Small Finance Bank Limited) and the ending entities comprise its various regulatory, financial, and operational attributes. 

Regulated by the RBI and SEBI and led by MD & CEO Dr. K. Paul Thomas, the bank reported a Q1 FY27 capital adequacy ratio of 23.86%, a CASA ratio of 23.39%, and gross advances of ₹23,216 crore. While it holds the highest gross NPA in its segment at 5.40% (with net NPA at 0.83%), it is actively diversifying into secured retail lending and the MSME segment. Furthermore, CARE Ratings assigned the bank A- long-term and A1 short-term ratings with a stable outlook as of September 2, 2026.",Not relevant,Covers regulatory and financial metrics but never gives a specific ownership percentage.
423,What was ESAF Small Finance Bank's CASA ratio in the most recently reported quarter?,"Based on the provided knowledge graph path, the starting entity is **ESAF Small Finance Bank** and the ending entity is the **MSME segment**. ESAF Small Finance Bank expects to drive its future growth through continued business diversification into the MSME segment.",Not relevant,Mentions MSME growth strategy instead of the requested CASA ratio.
424,What is ESAF Small Finance Bank's net interest margin (NIM) for the latest reported period?,"**Starting Entity:** CARE Ratings  
**Ending Entity:** ESAF Small Finance Bank Limited  

CARE Ratings assigned ESAF Small Finance Bank Limited an A- long-term rating and an A1 short-term rating with a Stable outlook as of September 2, 2026. The bank operates under the leadership of MD & CEO Dr. K. Paul Thomas and holds a capital adequacy ratio of 23.86% for Q1 FY27. Additionally, the bank reported gross advances of ₹23,216 crore, a gross NPA of 5.40%, and a net NPA of 0.83%.",Not relevant,Covers ratings and capital metrics but never states the NIM figure.
425,What are ESAF Small Finance Bank's gross NPA and net NPA ratios?,"**Summary:**

1. **Starting Entity & Ending Entity:** The path centers on **ESAF Small Finance Bank** and its financial and operational metrics evaluated by **CARE Ratings**.
2. **Business/Financial Explanation & Numerical Facts:** As of September 2, 2026, CARE Ratings assigned ESAF Small Finance Bank an A- long-term rating and an A1 short-term rating with a Stable outlook. Operationally, the bank reported a Q1 FY27 net interest margin of 7.9% (up from 6%), a capital adequacy ratio of 23.86%, gross advances of ₹23,216 crore, and a gross NPA ratio of 5.40%.",Somewhat relevant,States gross NPA (5.40%) but omits the net NPA ratio.
426,"What is ESAF Small Finance Bank's capital adequacy ratio (CRAR), and its CET1 ratio if disclosed?","Based on the provided knowledge graph, the starting entity is **CARE Ratings** and the ending entity is **ESAF Small Finance Bank**. CARE Ratings assigned the bank an **A- long-term rating** and an **A1 short-term rating** with a **Stable** outlook as of **2 September 2026**. Additionally, the bank reported financial metrics including a **Q1 FY27 net interest margin of 7.9%** and a **capital adequacy ratio of 23.86%**, while operating under the leadership of MD & CEO Dr. K. Paul Thomas.",Relevant,"Directly states the capital adequacy ratio of 23.86% (CET1 not disclosed, which is acceptable per the query's conditional)."
427,What are ESAF Small Finance Bank's return on assets (ROA) and return on equity (ROE) for the latest quarter?,"**Starting Entity:** CARE Ratings  
**Ending Entity:** ESAF Small Finance Bank Limited  

CARE Ratings assigned ESAF Small Finance Bank Limited an A- long-term rating and an A1 short-term rating with a Stable outlook as of September 2, 2026. The bank operates under the leadership of MD & CEO Dr. K. Paul Thomas and holds a concentrated promoter ownership structure, with ESAF Financial Holdings holding a 52.87% stake.",Not relevant,Covers ratings and ownership but never states ROA or ROE.
428,What was ESAF Small Finance Bank's total advances (loan book) and deposit growth in the latest quarter?,"Based on the provided knowledge graph, the starting entity is **CARE Ratings** and the ending entity is **ESAF Small Finance Bank**. CARE Ratings assigned the bank an **A- long-term rating** and an **A1 short-term rating** as of September 2, 2026, while revising its outlook to **Stable**. The bank operates under leadership such as MD & CEO Dr. K. Paul Thomas and maintains key financial metrics including a **Q1 FY27 net interest margin of 7.9%** and a **capital adequacy ratio of 23.86%**.",Not relevant,Covers ratings and NIM but never gives advances or deposit growth figures.
429,"What credit ratings has ESAF Small Finance Bank received, and from which rating agencies?","Based on the provided knowledge graph path, the starting entity is **CARE Ratings** and the ending entity is **ESAF Small Finance Bank**. CARE Ratings assigned ESAF Small Finance Bank an A- long-term rating and an A1 short-term rating, both valid as of September 2, 2026.",Relevant,Directly states the A- long-term and A1 short-term ratings from CARE Ratings.
430,"Roughly how many branches and ATMs does ESAF Small Finance Bank operate, and as of what date?",,Not relevant,No summary/answer was produced by the pipeline — there is no assistant output to address the user's request.
431,"What products and services does ESAF Small Finance Bank offer, and which customer segments does it serve?","**Summary:**

The starting entity is **ESAF Small Finance Bank Limited**, which operates in the **Banking** sector as a small finance bank located in **India**. The bank is publicly listed on the **NSE and BSE** under the ticker symbol **ESAFSFB**. Originally converted from the ESAF Microfinance group, the institution specializes in micro loans and secured retail lending.",Relevant,Identifies micro loans and secured retail lending as the bank's product focus.
432,What is Utkarsh Small Finance Bank's ticker symbol and on which exchange(s) does it trade?,"1. **Starting Entity:** Utkarsh Small Finance Bank; **Ending Entity:** Various financial risks, regulatory bodies, and credit rating agencies (such as CARE, ICRA, RBI, and SEBI).

2. **Explanation:** Utkarsh Small Finance Bank is a licensed institution regulated by the RBI and SEBI, operating under specific household-indebtedness and microfinance guidelines. The bank faces distinct financial and operational challenges, including heavy reliance on the microfinance sectors in Bihar and Uttar Pradesh, elevated gross and net non-performing assets (NPAs), and risks from recent promoter dilution. 

3. **Numerical Facts / Ratings:** The bank received an ""A- Stable"" credit-rating assignment from CARE, which diverges from ICRA's ""Negative"" credit-rating outlook.",Not relevant,Covers ratings and risk factors but never states the ticker symbol or exchange.
433,"Who is the current MD & CEO (or Chairman, where that is the top executive title) of Utkarsh Small Finance Bank?","**Summary:**

Utkarsh Small Finance Bank Limited is an Indian small finance bank headquartered in Varanasi, Uttar Pradesh, operating as a listed entity on the NSE under the ticker UTKARSHBNK. The institution originated from an NBFC-MFI founded in 2010 before converting into its current banking segment.",Not relevant,Gives HQ and ticker details but never names the MD & CEO.
434,"What percentage of Utkarsh Small Finance Bank is held by its government promoter or largest shareholder, and as of what date?","**Summary:**

1. **Starting and Ending Entities:** The starting and ending entity for all paths is **Utkarsh Small Finance Bank**.
2. **Business/Financial Explanation:** Operating under a small finance bank license, Utkarsh Small Finance Bank is regulated by both the RBI (specifically regarding microfinance and household-indebtedness guidelines) and SEBI. The bank faces exposure to credit risk from elevated NPAs, regulatory and concentration risks from promoter dilution and negative rating outlooks, and heavy geographic dependence on the microfinance sectors in Bihar and Uttar Pradesh. 
3. **Numerical Facts:** Credit rating agencies have provided divergent assessments, with CARE assigning an ""A- Stable"" credit rating and ICRA assigning a ""Negative"" credit-rating outlook.",Not relevant,Mentions promoter dilution risk but never gives a specific ownership percentage or date.
435,What was Utkarsh Small Finance Bank's CASA ratio in the most recently reported quarter?,"**Summary:**

1. **Entities:** The starting entity is Utkarsh Small Finance Bank, and the ending entity is credit risk.
2. **Business Explanation:** Utkarsh Small Finance Bank faces credit risk primarily driven by its elevated levels of gross and net Non-Performing Assets (NPAs). 
3. **Numerical Facts:** The path highlights that the bank's gross and net NPAs remain ""still-elevated,"" though specific numeric percentages or values are not provided in the text.",Not relevant,Mentions elevated NPAs qualitatively but never states the CASA ratio.
436,What is Utkarsh Small Finance Bank's net interest margin (NIM) for the latest reported period?,"1. **Starting Entity:** Utkarsh Small Finance Bank; **Ending Entity:** Microfinance Sector / Regulators (RBI/SEBI) / Rating Agencies (CARE/ICRA).
2. Utkarsh Small Finance Bank holds a small-finance-bank license and operates under the regulatory purview of the RBI and SEBI, while depending heavily on the health of the microfinance sector, particularly in Bihar and Uttar Pradesh. 
3. The bank faces various operational and financial challenges, including exposure to credit risk from elevated gross and net NPAs, concentration and governance risks from promoter dilution, and regulatory risks stemming from a negative credit-rating outlook by ICRA (diverging from CARE's A- Stable rating).",Not relevant,Covers regulatory and risk factors but never states the NIM figure.
437,What are Utkarsh Small Finance Bank's gross NPA and net NPA ratios?,"Based on the provided knowledge graph path, the starting entity is **Utkarsh Small Finance Bank** and the ending entities are its various operational dependencies, risk exposures, and regulatory credit ratings. 

Utkarsh Small Finance Bank holds a small-finance-bank license and operates under the regulatory oversight of the RBI and SEBI, while depending heavily on the microfinance sector, particularly in Bihar and Uttar Pradesh. The bank faces certain financial and operational vulnerabilities, including exposure to credit risk from elevated gross and net NPAs, concentration and governance risks from promoter dilution, and a negative credit-rating outlook from ICRA (though contrasted by an A- Stable rating from CARE).",Somewhat relevant,Acknowledges elevated gross and net NPAs but gives no numeric figures for either.
438,"What is Utkarsh Small Finance Bank's capital adequacy ratio (CRAR), and its CET1 ratio if disclosed?","1. **Starting Entity:** Utkarsh Small Finance Bank; **Ending Entity:** Various financial risks, regulatory bodies, and credit rating agencies (such as CARE and ICRA).

2. **Path Summary:** Utkarsh Small Finance Bank holds a small-finance-bank license and operates under the regulatory oversight of the RBI and SEBI, while depending heavily on the health of the microfinance sector, particularly in Bihar and Uttar Pradesh. The bank faces specific financial risks, including credit risk from elevated gross and net NPAs, concentration and governance risks from promoter dilution, and regulatory risks stemming from a negative rating outlook. 

3. **Numerical Facts / Ratings:** The bank received an A- Stable credit-rating assignment from CARE, which diverges from ICRA's assigned Negative credit-rating outlook.",Not relevant,Covers ratings and risk factors but never states the CRAR or CET1 ratio.
439,What are Utkarsh Small Finance Bank's return on assets (ROA) and return on equity (ROE) for the latest quarter?,"1. **Starting Entity and Ending Entity:** Utkarsh Small Finance Bank is the starting entity, with various credit ratings, regulatory bodies, and risk exposures serving as the connected attributes/entities.

2. **Business/Financial Summary:** Utkarsh Small Finance Bank operates under a small-finance-bank license while facing credit risks from elevated NPAs and heavy geographic dependence on the microfinance sectors in Bihar and Uttar Pradesh. The bank is regulated by the RBI and SEBI, and it has received divergent credit outlooks—an A- Stable rating from CARE versus a Negative outlook from ICRA.",Not relevant,Covers ratings and risk factors but never states ROA or ROE.
440,What was Utkarsh Small Finance Bank's total advances (loan book) and deposit growth in the latest quarter?,"Based on the provided knowledge graph data, the starting entity is **Utkarsh Small Finance Bank** and the ending entities are its various regulatory, operational, and credit-rating attributes. The bank holds a small-finance-bank license while being regulated by the RBI and SEBI, but faces notable risks including high concentration in Bihar and Uttar Pradesh, elevated gross and net NPAs, and promoter dilution. Additionally, it has received diverging credit-rating outlooks, featuring an A- Stable assignment from CARE and a Negative outlook from ICRA.",Not relevant,Covers ratings and risk factors but never gives advances or deposit growth figures.
441,"What credit ratings has Utkarsh Small Finance Bank received, and from which rating agencies?","**Summary:**

The starting entity is **Utkarsh Small Finance Bank**, and the ending entities are its various foundational and market attributes. Headquartered in Varanasi, Uttar Pradesh, the institution operates as a listed small finance bank in India under the legal name Utkarsh Small Finance Bank Limited. It trades on the NSE under the ticker UTKARSHBNK, having previously evolved from an NBFC-MFI founded in 2010.",Not relevant,"Gives HQ, ticker, and history but never mentions any credit rating or agency."
442,"Roughly how many branches and ATMs does Utkarsh Small Finance Bank operate, and as of what date?",,Not relevant,No summary/answer was produced by the pipeline — there is no assistant output to address the user's request.
443,"What products and services does Utkarsh Small Finance Bank offer, and which customer segments does it serve?","**Summary:**

Utkarsh Small Finance Bank Limited is an Indian small finance bank headquartered in Varanasi, Uttar Pradesh, operating within the country's banking sector. The publicly listed institution trades on the National Stock Exchange (NSE) under the ticker symbol UTKARSHBNK.",Not relevant,"Gives HQ and ticker details but not products, services, or customer segments."
444,What is Suryoday Small Finance Bank's ticker symbol and on which exchange(s) does it trade?,"1. **Starting and Ending Entities:** The path originates at **Suryoday Small Finance Bank** and connects to various financial performance metrics, regulatory bodies, and risk factors associated with the bank.

2. **Business/Financial Summary:** Suryoday Small Finance Bank is expanding its business through diversification into affordable housing and MSME lending while being regulated by the RBI and SEBI. Financially, the bank experienced strong performance with a 113.10% year-on-year surge in net profit to ₹75.18 crore, an annualized net interest income of ₹622.36 crore (up 25.69%), a net interest margin of 4.21%, and a capital adequacy ratio of 21.6%. 

3. **Numerical Facts:** Key metrics include a net profit increase of 113.10% to ₹75.18 crore, an annualized net interest income of ₹622.36 crore, a net interest margin of 4.21%, and a capital adequacy ratio of 21.6%. Additionally, the bank faces reporting discrepancies with gross NPA reported as either 2.47% or 6.60%, and net NPA ranging between 1.14% and 1.27%.",Not relevant,Covers financial performance metrics but never states the ticker symbol or exchange.
445,"Who is the current MD & CEO (or Chairman, where that is the top executive title) of Suryoday Small Finance Bank?","**Starting Entity:** Suryoday Small Finance Bank  
**Ending Entity:** SURYODAY (Ticker) / NSE, BSE (Exchanges) / India (Country) / Banking (Sector)

**Summary:**
Suryoday Small Finance Bank is a publicly listed banking institution operating within India's banking sector under the ticker symbol ""SURYODAY"" on the NSE and BSE exchanges. Incorporated in 2008 as a microfinance firm, it received its small finance bank license and commenced banking operations on January 23, 2017, eventually listing publicly on March 26, 2021.",Not relevant,"Gives ticker, exchange, and history but never names the MD & CEO."
446,"What percentage of Suryoday Small Finance Bank is held by its government promoter or largest shareholder, and as of what date?","**1. Starting and Ending Entity:**
* **Starting Entity:** Suryoday Small Finance Bank
* **Ending Entity:** Various financial performance metrics, credit ratings, regulatory bodies, and risk exposures.

**2-5. Business Summary:**
Suryoday Small Finance Bank—regulated by the RBI and SEBI—demonstrated strong financial performance, reporting a net profit surge of 113.10% year-on-year to ₹75.18 crore and a net interest margin of 4.21%. The bank's growth is further supported by strategic diversification into affordable-housing and MSME lending, alongside capital adequacy standing at 21.6%. However, it faces operational and reputational risks due to unresolved discrepancies in its gross NPA reporting, which ranges between 2.47% and 6.60% depending on the source.",Not relevant,Covers financial performance metrics but never gives a specific shareholder percentage or date.
447,What was Suryoday Small Finance Bank's CASA ratio in the most recently reported quarter?,"**1. Entities:** The starting entity is Suryoday Small Finance Bank, and the ending entity is its annualized-equivalent net interest income of ₹622.36 crore for Q1 FY27. 

**2 & 3. Business Summary:** Suryoday Small Finance Bank achieved an annualized-equivalent net interest income of ₹622.36 crore in Q1 FY27, representing a strong year-over-year growth of 25.69%.",Not relevant,Gives net interest income instead of the requested CASA ratio.
448,What is Suryoday Small Finance Bank's net interest margin (NIM) for the latest reported period?,"Based on the provided knowledge graph path, the starting and ending entity is **Suryoday Small Finance Bank** (acting as both the subject and the connected entity across its various attributes). 

Suryoday Small Finance Bank is driven by business growth through MSME and affordable-housing diversification, achieving a net profit surge of 113.10% year-on-year to ₹75.18 crore alongside a net interest margin of 4.21%. However, the bank faces operational and reputational risks due to an unresolved gross NPA reporting discrepancy where figures were reported as either 2.47% or 6.60%.",Relevant,Directly states the net interest margin of 4.21%.
449,What are Suryoday Small Finance Bank's gross NPA and net NPA ratios?,"Based on the provided knowledge graph path, the starting and ending entity is **Suryoday Small Finance Bank**. 

Suryoday Small Finance Bank is expanding its business through diversification into affordable-housing and MSME lending while maintaining regulatory oversight from the RBI and SEBI. Financially, the bank reported a strong performance with a net profit surge of 113.10% year-on-year to ₹75.18 crore and an annualized net interest income of ₹622.36 crore in Q1 FY27 (up 25.69%). However, it currently faces operational and reputational risks due to unresolved discrepancies in its reported gross NPA, which varies between 2.47% and 6.60%.",Somewhat relevant,Gives a gross NPA range (2.47%-6.60%) but omits the net NPA ratio.
450,"What is Suryoday Small Finance Bank's capital adequacy ratio (CRAR), and its CET1 ratio if disclosed?","**1. Starting and Ending Entities:**
The starting and ending entity is Suryoday Small Finance Bank, linked to its various financial performance metrics, risk exposures, and regulatory attributes.

**2. Simple Business/Financial Summary:**
Suryoday Small Finance Bank demonstrated strong financial performance, reporting a 113.10% year-on-year surge in net profit to ₹75.18 crore and an annualized net interest income of ₹622.36 crore for Q1 FY27. Its growth is further driven by portfolio diversification into affordable-housing and MSME lending, alongside a healthy capital adequacy ratio of 21.6%. However, the bank faces operational and reputational risks due to unresolved reporting discrepancies in its gross NPA, which was cited as either 2.47% or 6.60%.",Relevant,"Directly states the capital adequacy ratio of 21.6% (CET1 not disclosed, acceptable per the query)."
451,What are Suryoday Small Finance Bank's return on assets (ROA) and return on equity (ROE) for the latest quarter?,"Based on the provided knowledge graph path, the starting entity is **Suryoday Small Finance Bank** and the ending entity comprises its various **financial performance, risk, and rating attributes**. 

During the period, Suryoday Small Finance Bank experienced strong financial growth, driven by diversification into affordable housing and MSME lending, with net profits surging 113.10% year-on-year to ₹75.18 crore and net interest margin rising to 4.21%. However, the bank faces operational and reputational risks due to unresolved discrepancies in its reported gross NPA (ranging between 2.47% and 6.60%), alongside maintaining a healthy capital adequacy ratio of 21.6%.",Not relevant,"Covers profit, NIM, and NPA metrics but never states ROA or ROE."
452,What was Suryoday Small Finance Bank's total advances (loan book) and deposit growth in the latest quarter?,"**Starting Entity:** Suryoday Small Finance Bank  
**Ending Entity:** Various financial performance metrics and risk factors (such as net profit, asset quality, and ratings)

**Summary:**
Suryoday Small Finance Bank experienced strong financial growth, highlighted by a 113.10% year-on-year surge in net profit to ₹75.18 crore and an annualized net interest income of ₹622.36 crore up 25.69% in Q1 FY27. Its net interest margin improved to 4.21% and its capital adequacy ratio stood at a healthy 21.6%, supported by ongoing lending diversification into affordable housing and MSMEs. However, the bank faces operational and reputational risks due to unresolved reporting discrepancies in its gross NPA, which was reported between 2.47% and 6.60%.",Not relevant,Covers profit and NIM metrics but never gives advances or deposit growth figures.
453,"What credit ratings has Suryoday Small Finance Bank received, and from which rating agencies?","Based on the provided knowledge graph path, the starting entity is **Suryoday Small Finance Bank** and the ending entities are its various corporate and operational attributes. The bank operates as a small finance bank in the banking sector in India, legally named SURYODAY SMALL FINANCE BANK LIMITED, and is publicly listed on the NSE and BSE under the ticker SURYODAY. Incorporated in 2008 and headquartered in Navi Mumbai, Maharashtra, it commenced banking operations in January 2017 before listing in March 2021.",Not relevant,"Gives ticker, incorporation, and listing history but never mentions any credit rating or agency."
454,"Roughly how many branches and ATMs does Suryoday Small Finance Bank operate, and as of what date?",,Not relevant,No summary/answer was produced by the pipeline — there is no assistant output to address the user's request.
455,"What products and services does Suryoday Small Finance Bank offer, and which customer segments does it serve?","**Summary:**

The starting entity is **Suryoday Small Finance Bank**, which links to various corporate and operational attributes as its ending details. Headquartered in Navi Mumbai, Maharashtra, the bank operates in India's banking sector as a small finance bank and is publicly listed on both the NSE and BSE under the ticker symbol ""SURYODAY.""",Not relevant,"Summary omits products/services and customer segments entirely, giving only HQ, sector, and listing details."
456,What is Jana Small Finance Bank's ticker symbol and on which exchange(s) does it trade?,"Based on the provided knowledge graph data, the starting entity is **Jana Small Finance Bank Limited** and the ending entities include various financial metrics, key stakeholders, and regulatory bodies associated with the bank. 

Jana Small Finance Bank Limited, headquartered in Bengaluru and led by MD & CEO Ajay Chamanlal Kanwal, reported a strong profit after tax of ₹155.23 crore alongside an improved capital adequacy ratio of 20.18% for Q1 FY27. The bank's institutional shareholding features entities such as promoter Jana Holdings Limited (16.94%) and Volrado Venture Partners Fund-III (2.78%), while its operations are regulated by the RBI and SEBI.",Not relevant,"Summary never states the ticker symbol or exchange, focusing instead on profit and shareholding."
457,"Who is the current MD & CEO (or Chairman, where that is the top executive title) of Jana Small Finance Bank?","Based on the provided knowledge graph data, the starting entity is Jana Small Finance Bank Limited, and the related key leadership entities are Ajay Chamanlal Kanwal and Chitra Talwar. Ajay Chamanlal Kanwal has served as the MD & CEO of the bank since August 2017. Additionally, Chitra Talwar holds the position of non-executive independent part-time chairperson for the same institution.",Relevant,Directly names the MD & CEO and the chairperson as requested.
458,"What percentage of Jana Small Finance Bank is held by its government promoter or largest shareholder, and as of what date?","1. **Starting entity:** Jana Small Finance Bank Limited; **Ending entity:** Various corporate attributes, financial metrics, and stakeholders associated with the bank.

2. The knowledge graph outlines the leadership, ownership stake distributions, regulatory environment, and key financial performance indicators of Jana Small Finance Bank Limited. It highlights the bank's operational focus on digital banking (""DigiGen"") and secured MSME expansion, alongside historical challenges like the 2016 demonetization losses.

3. Key numerical facts include a Q1 FY27 profit after tax of ₹155.23 crore (up 52.29% year-on-year), a capital adequacy ratio of 20.18%, and an earnings per share of ₹14.74. Additionally, ownership stakes are held by entities such as promoter Jana Holdings Limited (16.94%) and Volrado Venture Partners Fund-III (2.78%), while asset quality is reflected by a gross NPA of 2.39% and net NPA of 0.91% for Q1 FY27.",Somewhat relevant,Gives the largest shareholder's stake but omits the as-of date requested.
459,What was Jana Small Finance Bank's CASA ratio in the most recently reported quarter?,"**Starting Entity:** Jana Small Finance Bank Limited  
**Ending Entity:** Profit after tax of ₹155.23 crore  

In simple terms, Jana Small Finance Bank Limited achieved a strong financial result with a profit after tax of ₹155.23 crore. This represents a significant year-on-year growth of 52.29%.",Not relevant,No CASA ratio figure is given; only profit after tax is mentioned.
460,What is Jana Small Finance Bank's net interest margin (NIM) for the latest reported period?,"1. **Starting and Ending Entity:** The starting entity is **Jana Small Finance Bank Limited** and the ending entity is its financial performance and shareholder metrics (such as **Profit After Tax of ₹155.23 crore** and various stakeholder stakes).

2. **Simple Business/Financial Explanation:** Jana Small Finance Bank Limited is a regulated institution headquartered in Bengaluru that focuses on digital banking, MSME, and retail lending. It is backed by key investors—including promoter Jana Holdings Limited (16.94% stake) and private-equity firms like HarbourVest Partners and TPG Capital—and recently reported a strong profit after tax of ₹155.23 crore, alongside an improved capital adequacy of 20.18% for Q1 FY27.

3. **Important Numerical Facts:** Key figures include a 16.94% promoter stake held by Jana Holdings Limited as of June 2026, a profit after tax of ₹155.23 crore (up 52.29% year-on-year), and a capital adequacy ratio of 20.18% in Q1 FY27.",Not relevant,No NIM figure is given despite being the specific request.
461,What are Jana Small Finance Bank's gross NPA and net NPA ratios?,"1. **Starting and Ending Entities:** The starting entity is **Jana Small Finance Bank Limited** and the ending entity is its **shareholders/investors and financial performance metrics**.
2. **Business/Financial Summary:** Jana Small Finance Bank Limited is backed by various institutional investors and its promoter, Jana Holdings Limited, which held a 16.94% stake as of June 2026. The bank demonstrates positive financial health, highlighted by a profit after tax of ₹155.23 crore (up 52.29% year-on-year) and a capital adequacy ratio of 20.18% in Q1 FY27. Additionally, other notable stakeholders include Volrado Venture Partners, ICICI Prudential Life Insurance, Ananta Capital, and Singularity Growth Opportunities Fund.",Not relevant,No gross or net NPA figures are given despite being the specific request.
462,"What is Jana Small Finance Bank's capital adequacy ratio (CRAR), and its CET1 ratio if disclosed?","**1. Starting and Ending Entity:**
* **Starting Entity:** Jana Small Finance Bank Limited
* **Ending Entity:** Various financial, operational, and shareholding metrics (such as Q1 FY27 earnings per share of ₹14.74 and profit after tax of ₹155.23 crore).

**2. Financial Summary:**
Jana Small Finance Bank Limited, headquartered in Bengaluru and led by MD & CEO Ajay Chamanlal Kanwal, operates under an SFB license obtained in March 2018. The bank demonstrates strong recent financial performance, reporting a profit after tax of ₹155.23 crore (up 52.29% year-on-year) and an earnings per share of ₹14.74 for Q1 FY27. Its operations are backed by institutional shareholders—such as promoter Jana Holdings Limited (16.94% stake)—while navigating growth through digital banking and secured MSME expansion.",Not relevant,No CRAR or CET1 ratio is stated; only EPS and profit are given.
463,What are Jana Small Finance Bank's return on assets (ROA) and return on equity (ROE) for the latest quarter?,"1. **Starting and Ending Entity:** The starting entity is **Jana Small Finance Bank Limited** and the ending entity is its financial performance and shareholder metrics (such as the **profit after tax of ₹155.23 crore** and various stakeholder equity stakes).

2. **Simple Business/Financial Explanation:** Jana Small Finance Bank Limited operates under the regulation of the RBI and SEBI, focusing on digital-banking and secured MSME expansion. Financially, the bank has demonstrated strong growth, reporting a profit after tax of ₹155.23 crore (up 52.29% year-on-year) and an improved capital adequacy of 20.18% in Q1 FY27. 

3. **Important Numerical Facts:** Key figures include a Q1 FY27 earnings per share of ₹14.74, a gross NPA of 2.39%, a net NPA of 0.91%, and an FY26 return on equity of 8%. Additionally, promoter Jana Holdings Limited held a 16.94% stake as of June 2026, alongside stakes held by institutional investors like Volrado Venture Partners (2.78%) and ICICI Prudential Life Insurance (1.54%).",Somewhat relevant,"Gives an ROE figure (for FY26, not the latest quarter) but no ROA."
464,What was Jana Small Finance Bank's total advances (loan book) and deposit growth in the latest quarter?,"1. **Starting Entity and Ending Entity:** The starting entity is Jana Small Finance Bank Limited, and the ending entities are its various institutional shareholders, key executives, financial metrics, and regulatory bodies.

2. **Simple Business/Financial Explanation:** Jana Small Finance Bank Limited is a Bengaluru-headquartered small finance bank—led by MD & CEO Ajay Chamanlal Kanwal and regulated by the RBI and SEBI—that relies on digital banking and MSME/secured retail lending for growth. The bank is backed by private-equity investors like TPG Capital and HarbourVest Partners, alongside institutional stakeholders such as promoter Jana Holdings Limited (holding a 16.94% stake as of June 2026), Volrado Venture Partners (2.78%), ICICI Prudential Life Insurance (1.54%), Ananta Capital (1.46%), and Singularity Growth Opportunities Fund II (1.34%). 

3. **Important Numerical Facts:** For Q1 FY27, the bank reported an improved capital adequacy of 20.18%, an earnings per share of ₹14.74, a gross NPA of 2.39%, and a net NPA of 0.91%. Additionally, it posted a profit after tax of ₹155.23 crore (up 52.29% year-on-year) and recorded an FY26 return on equity of 8%.",Not relevant,No total advances or deposit growth figures are given.
465,"What credit ratings has Jana Small Finance Bank received, and from which rating agencies?","**Summary:**

Jana Small Finance Bank Limited is a publicly listed banking entity in India trading under the ticker JSFB on the NSE and BSE exchanges. Operating within the banking sector as a small finance bank, it is headquartered in Bengaluru, Karnataka, and offers diversified services including secured retail, MSME, and digital banking.",Not relevant,No credit ratings or rating agencies are mentioned.
466,"Roughly how many branches and ATMs does Jana Small Finance Bank operate, and as of what date?","Based on the provided knowledge graph path, the starting entity is **Jana Small Finance Bank Limited** and the ending entity/focus is its digital-banking initiative. The bank promotes its digital-banking services through a specific platform branded as ""DigiGen"". This relationship is supported by 1 factual data point in the graph.",Not relevant,No branch or ATM counts are given; only the DigiGen platform is mentioned.
467,"What products and services does Jana Small Finance Bank offer, and which customer segments does it serve?","**Summary:**

1. **Starting and Ending Entities:** The starting entity is **Jana Small Finance Bank Limited** and the ending entities include its various attributes such as India, NSE and BSE, and JSFB.
2. **Business/Financial Explanation:** Jana Small Finance Bank Limited is a publicly listed banking institution in the banking sector operating under a diversified model that includes secured retail, MSME, and digital banking services. 
3. **Numerical Facts:** The bank originated as Janalakshmi Financial Services and officially converted to a small finance bank in the year **2018**. 

*(Note: The response stays strictly within the provided knowledge graph facts and is kept to 3 sentences.)*",Relevant,"Names the product segments (secured retail, MSME, digital banking) the query asked about."
468,"What is State Bank of India's primary competitive advantage, and how strong is the evidence behind that claim?","Based on the provided knowledge graph data, the starting entity is **State Bank of India (SBI)** and the ending entities are its various financial metrics, operational scale indicators, and key stakeholders (such as majority owner Government of India and major investors like LIC). 

The graph outlines SBI's robust financial and operational profile, highlighting its massive scale with approximately 22,500 branches, 65,000 ATMs, and advances reaching ₹42.76 trillion by Q1 FY27. It also details key financial figures, including a capital adequacy ratio of 15.67%, a CASA ratio of 39.24%, and a cost-to-income ratio of 46.71% for the June 2026 quarter. Additionally, the data establishes ownership ties, noting that the Government of India holds a majority 55.03% stake, while LIC holds 8.70%.",Somewhat relevant,Provides scale/financial metrics but never frames a specific competitive advantage or evidence assessment.
469,What is the key strength identified for State Bank of India in the current analysis?,"Based on the provided knowledge graph data, the starting entity is **State Bank of India (SBI)** and the ending entities include its various financial metrics, ownership stakes, and operational features. 

State Bank of India is majority-owned by the Government of India with a **55.03%** stake, while maintaining a strong financial position featuring a capital adequacy ratio of **15.67%** and advances reaching **₹42.76 trillion** by Q1 FY27. The bank operates an extensive infrastructure comprising approximately **22,500 branches** and **65,000 ATMs**, anchored by a robust CASA ratio of **39.24%** as of June 2026.",Relevant,"Lists concrete positive metrics (ownership stability, CAR, CASA, scale) that function as the requested strength."
470,What is the main weakness or vulnerability flagged for State Bank of India?,"1. **Starting and Ending Entity:** The starting entity is **State Bank of India**, and the ending entities include various financial metrics, operational networks, and ownership structures (such as total deposits of ₹60.06 trillion, a distribution channel of roughly 22,500 branches, and the Government of India's 55.03% ownership stake).

2. **Simple Business/Financial Explanation:** This knowledge graph path details the comprehensive business operations, financial performance, structural scale, and ownership profile of the State Bank of India. It outlines the bank's extensive retail and corporate lending portfolios, robust Q1 FY27 financial health metrics (including profitability, capital adequacy, and asset quality), advanced technological backing, and key institutional shareholders. 

3. **Important Numerical Facts:** 
   - State Bank of India operates roughly **22,500 branches** and approximately **65,000 ATMs**.
   - Total deposits reached **₹60.06 trillion** (growing 9.73% year-on-year) by Q1 FY27, backed by a **39.24% CASA ratio** in the June 2026 quarter.
   - Domestic loans/advances expanded to **₹42.76 trillion** (an 18.15% year-on-year increase).
   - Net interest income hit **₹46,992 crore**, while the Return on Equity (ROE) stood high at **17.87%** and Return on Assets (ROA) at **1.11%**.
   - The Government of India holds a majority ownership stake of **55.03%**.",Not relevant,Only lists strong positive metrics; no weakness or vulnerability is identified.
471,What is the biggest threat facing State Bank of India according to the analysis?,"Based on the provided knowledge graph data, the starting entity is **State Bank of India (SBI)** and the ending entities are its various operational, financial, and ownership attributes. SBI is a major universal bank majority-owned by the Government of India (55.03% stake) and led by Chairman C S Setty. Financially, the bank reported advances of ₹42.76 trillion, a capital adequacy ratio of 15.67%, and a CASA ratio of 39.24% for the June 2026 quarter, while operating an extensive network of roughly 22,500 branches and 65,000 ATMs.",Not relevant,Only profile and performance metrics are given; no threat is identified.
472,"What credit, market, operational or regulatory risks is State Bank of India exposed to?","1. **Starting and Ending Entities:** The starting entity is **State Bank of India (SBI)**, and the ending entities consist of its various financial metrics, ownership stakes, operational scales, and regulatory relationships.

2. **Business/Financial Summary:** This knowledge graph path details the operational scale, financial health, ownership structure, and strategic positioning of the State Bank of India. It highlights SBI's massive nationwide footprint—featuring approximately 65,000 ATMs and 22,500 branches—alongside its robust capital position, digital initiatives via the YONO platform, and key ownership distributions among the Government of India, institutional investors, and public stakeholders.

3. **Numerical Facts:** Key financial and operational figures include a CASA ratio of 39.24%, an advances portfolio of ₹42.76 trillion, and a capital adequacy ratio of 15.67% as of Q1 FY27. Additionally, the bank maintains a cost-to-income ratio of 46.71% and is majority-owned by the Government of India with a 55.03% stake.",Not relevant,No specific credit/market/operational/regulatory risk is named.
473,Who are State Bank of India's main named competitors?,"Based on the provided knowledge graph path, the starting entity is State Bank of India and the ending entities are HDFC Bank and ICICI Bank. The path illustrates that State Bank of India faces intense competition from both HDFC Bank and ICICI Bank, which are actively taking away its retail and digital market share and threatening its market standing. No specific numerical facts were mentioned in the provided data.",Relevant,Explicitly names HDFC Bank and ICICI Bank as competitors.
474,"What is Bank of Baroda's primary competitive advantage, and how strong is the evidence behind that claim?","1. **Starting and Ending Entities:** The starting entity is **Bank of Baroda**, and the ending entities are its financial performance metrics and credit ratings evaluated by **ICRA** for **Q1 FY27**.

2. **Simple Business/Financial Explanation:** Bank of Baroda experienced a shifting funding mix in Q1 FY27, marked by a declining CASA ratio that led to increased reliance on costlier wholesale funding like certificates of deposit. Despite facing a temporary drop in net profit due to a one-off legal settlement, the bank maintained robust asset quality with improved gross NPA ratios and solid capital adequacy.

3. **Important Numerical Facts:** In Q1 FY27, Bank of Baroda's net profit fell 72% year-on-year to ₹1,278 crore, while global deposits reached ₹16,33,559 crore (up 13.8%) and global advances grew 17.4%. Additionally, the CASA ratio stood at 37.72%, bulk deposits and certificates of deposit grew by 37.0%, and the gross NPA ratio improved to 1.99%.",Somewhat relevant,Content centers on funding-mix weakness rather than clearly identifying a competitive advantage.
475,What is the key strength identified for Bank of Baroda in the current analysis?,"1. **Starting and Ending Entities:** The starting entity is **Bank of Baroda**, and the ending entities are its financial performance metrics and credit ratings evaluated by **ICRA** for **Q1 FY27**.

2. **Simple Business/Financial Explanation:** Bank of Baroda is a public sector universal bank that experienced a shift toward costlier wholesale funding and a decline in low-cost CASA balances in Q1 FY27, alongside a drop in net profit due to a one-off legal settlement. Despite these funding pressures and litigation risks, the bank maintained strong asset quality with declining gross and net NPAs, robust capital adequacy ratios, and positive growth across its global advances, deposits, and net interest income.

3. **Important Numerical Facts:** In Q1 FY27, Bank of Baroda's net profit fell 72% year-on-year to ₹1,278 crore due to a one-off legal settlement, while net interest income increased by 9.5% to ₹12,524 crore. Global deposits reached ₹16,33,559 crore (up 13.8%) and domestic deposits stood at ₹13,81,535 crore (up 14.7%), while bulk deposits and certificates of deposit grew by 37.0%. Furthermore, the bank's gross NPA improved to 1.99%, net NPA stood at 0.50%, the standalone capital adequacy ratio was 16.30%, and its green infrastructure bond programme of ₹10,000 crore received an AAA rating from ICRA.",Relevant,"Identifies concrete strengths: improving asset quality, capital adequacy, and an AAA bond rating."
476,What is the main weakness or vulnerability flagged for Bank of Baroda?,"Based on the provided knowledge graph, the starting entity is **Bank of Baroda** and the ending entities include various financial metrics, operational segments, and regulatory bodies associated with the bank (represented through a logical union of its attributes and activities). 

Bank of Baroda operates as a universal public sector bank offering comprehensive financial services to retail, MSME, corporate, and government customers, while being regulated by authorities like the RBI and SEBI. In Q1 FY27, the bank reported a net interest income of ₹12,524 crore (a 9.5% increase) and global deposits reaching ₹16,33,559 crore, though its reported net profit declined 72% year-on-year to ₹1,278 crore due to a one-off legal settlement. Additionally, the bank faced a slight erosion in its CASA ratio to 37.72% alongside growth in term deposits and certificates of deposit, and maintains strong capital adequacy with a standalone capital adequacy ratio of 16.30%.",Relevant,Identifies the specific weakness: profit decline from a one-off legal settlement and CASA erosion.
477,What is the biggest threat facing Bank of Baroda according to the analysis?,"1. **Starting and Ending Entities:** The starting entity is **Bank of Baroda**, and the ending entities are its financial performance metrics, funding vehicles, and risk exposures (such as ICRA ratings and Q1 FY27 financial results).

2. **Simple Business/Financial Explanation:** Bank of Baroda is a public sector universal bank that relies on a mix of low-cost CASA balances, bulk deposits, certificates of deposit, and a ₹10,000 crore green infrastructure bond programme to fund its operations. In Q1 FY27, despite strong growth in global advances and deposits, the bank experienced a decline in net profit due to a one-off legal settlement, while maintaining solid capital adequacy and improving asset quality ratios.

3. **Important Numerical Facts:** In Q1 FY27, Bank of Baroda's global deposits reached ₹16,33,559 crore (up 13.8%), domestic deposits stood at ₹13,81,535 crore (up 14.7%), and net profit fell 72% year-on-year to ₹1,278 crore. Additionally, the bank reported a gross NPA ratio of 1.99%, a standalone capital adequacy ratio of 16.30%, and a CASA ratio of 37.72%.",Relevant,Identifies costlier wholesale funding reliance and the legal settlement as the threat.
478,"What credit, market, operational or regulatory risks is Bank of Baroda exposed to?","**Starting Entity:** Bank of Baroda  
**Ending Entity:** ICRA (Credit Rating Agency) / Reserve Bank of India (Regulator) / Various Financial and Operational Metrics (Q1 FY27)

In Q1 FY27, Bank of Baroda experienced a 72% year-on-year drop in net profit to ₹1,278 crore due to a one-off legal settlement, alongside a decline in its CASA ratio to 37.72% that drove increased reliance on bulk deposits and certificates of deposit (which grew by 37%). Despite these funding pressures and regulatory oversight from the Reserve Bank of India, the bank maintained strong asset quality with a gross NPA ratio of 1.99% and received an AAA rating from credit rating agency ICRA for its ₹10,000 crore green infrastructure bond programme.",Relevant,"Names funding-mix pressure (CASA decline, bulk deposit reliance) as the risk."
479,Who are Bank of Baroda's main named competitors?,"Based on the knowledge graph path, the starting entity is **Bank of Baroda** and the ending entity encompasses its corporate and market profile attributes. Headquartered in Vadodara, Gujarat, India, Bank of Baroda is a Government-owned public sector bank operating in 24 countries within the banking sector. It is publicly listed on the NSE and BSE exchanges under the ticker symbol BANKBARODA.",Not relevant,Gives only corporate profile details; no competitors are named.
480,"What is Punjab National Bank's primary competitive advantage, and how strong is the evidence behind that claim?","Based on the knowledge graph path, the starting entity is **Punjab National Bank** and the ending entities include its various leadership figures, geographic headquarters, and ownership stakeholders. Punjab National Bank is an operational universal bank led by Non-Executive Chairman K G Ananthakrishnan and MD & CEO Ashok Chandra, with headquarters listed in both Dwarka and New Delhi. The bank's ownership is largely public, anchored by a majority 70.08% stake held by the Government of India, alongside institutional and other investors including FIIs, NRIs, and OCBs with a combined 6.59% stake, and mutual funds holding 6.53%.",Not relevant,Gives only leadership/ownership facts; no competitive advantage is identified.
481,What is the key strength identified for Punjab National Bank in the current analysis?,"**Summary:**

1. **Entities:** The starting entity is **Punjab National Bank**, and the ending entities include its key leadership (such as MD & CEO Ashok Chandra and Chairman K G Ananthakrishnan), its headquarters (Dwarka and New Delhi), and its major shareholders.
2. **Business Explanation:** Punjab National Bank is an operational universal bank led by its executive and non-executive leadership and is headquartered in New Delhi and Dwarka. 
3. **Numerical Facts:** The bank's ownership is heavily backed by the Government of India with a controlling 70.08% stake, while Foreign Institutional Investors (FIIs), Non-Resident Indians (NRIs), and Overseas Corporate Bodies (OCBs) share a 6.59% stake, and mutual funds hold 6.53%.",Not relevant,Gives only leadership/ownership facts; no strength is identified.
482,What is the main weakness or vulnerability flagged for Punjab National Bank?,"Based on the provided knowledge graph path, the starting entity is **Punjab National Bank**, which connects to various organizational attributes, leadership figures, and major stakeholders as its ending entities. The bank operates as a universal bank headquartered in New Delhi and Dwarka, led by Non-Executive Chairman K G Ananthakrishnan and MD & CEO Ashok Chandra. Its ownership structure features significant holdings by the Government of India at 70.08%, mutual funds at 6.53%, and a shared 6.59% stake among Foreign Institutional Investors (FIIs), Non-Resident Indians (NRIs), and Overseas Corporate Bodies (OCBs), alongside holdings by the Life Insurance Corporation (LIC).",Not relevant,Gives only leadership/ownership facts; no weakness is identified.
483,What is the biggest threat facing Punjab National Bank according to the analysis?,"**Starting Entity:** Ashok Chandra  
**Ending Entity:** Punjab National Bank  

Ashok Chandra serves as the MD & CEO of Punjab National Bank, an operational universal bank headquartered in New Delhi and Dwarka. The bank is majorly owned by the Government of India with a 70.08% stake, alongside other institutional and foreign investors such as FIIs, NRIs, and OCBs holding a combined 6.59%, and mutual funds holding 6.53%. Additionally, the institution is led by K G Ananthakrishnan as its non-executive chairman.",Not relevant,Gives only leadership/ownership facts; no threat is identified.
484,"What credit, market, operational or regulatory risks is Punjab National Bank exposed to?","**Starting Entity:** Ashok Chandra / Punjab National Bank (Subject of focus)  
**Ending Entity:** Punjab National Bank's various stakeholders and corporate attributes  

Punjab National Bank is an operational universal bank headquartered in New Delhi and Dwarka, led by MD & CEO Ashok Chandra and non-executive chairman K G Ananthakrishnan. The bank's ownership is heavily backed by the Government of India with a dominant 70.08% stake, alongside institutional and other investors including Foreign Institutional Investors (FIIs), NRIs, and OCBs holding a combined 6.59%, and mutual funds holding 6.53%.",Not relevant,Gives only leadership/ownership facts; no specific risk is identified.
485,Who are Punjab National Bank's main named competitors?,"The knowledge graph path originates at the starting entity **Punjab National Bank** and establishes its core profile as a publicly listed universal bank. Operating within the banking sector and industry in India, the institution is government-owned and traded publicly on the NSE and BSE under the ticker PNB.",Not relevant,Gives only corporate profile/ticker details; no competitors are named.
486,"What is Canara Bank's primary competitive advantage, and how strong is the evidence behind that claim?","Based on the provided knowledge graph, the starting entity is **Canara Bank** and the ending entities consist of its various operational features, financial metrics, and risk factors. 

Canara Bank is a major financial institution headquartered in Bengaluru, Karnataka, operating a robust network that includes 9,861 branches and 7,907 ATMs as of June 2025. Financially, the bank reported a solid performance for Q1 FY27, showcasing a return on equity of 18.31%, a return on assets of 1.04%, a capital adequacy ratio of 17.17%, and a strong asset quality highlighted by a gross NPA of 1.57% and a provision coverage of 94.76%. However, the bank also faces specific vulnerabilities, such as a lower CASA ratio of 29.70% that exposes it to funding risks and sensitivity to funding costs.",Somewhat relevant,Gives strong metrics but does not clearly frame a single competitive advantage with evidence.
487,What is the key strength identified for Canara Bank in the current analysis?,"Based on the provided knowledge graph, the starting entity is **Canara Bank** and the ending entities are its various operational, financial, and risk attributes (such as its Q1 FY27 metrics and branch network). 

Canara Bank is a major universal bank headquartered in Karnataka, India, with a government ownership stake of 62.93% as of March 2026. As of June 2025, the bank operates a vast physical network consisting of 9,861 branches and 7,907 ATMs. Financially, it reported a strong return on equity of 18.31% alongside a CET1 capital adequacy ratio of 12.91% for Q1 FY27, though it faces funding risks due to a lower CASA ratio of 29.70%.",Relevant,Identifies concrete strengths: branch/ATM scale and strong ROE.
488,What is the main weakness or vulnerability flagged for Canara Bank?,"**Starting Entity:** Canara Bank  
**Ending Entity:** Various financial, operational, and risk attributes of Canara Bank (as the knowledge graph query is a logical union centered on Canara Bank).

**Summary:**
Canara Bank operates an extensive network featuring 9,861 branches and 7,907 ATMs as of June 2025, driven by growth in retail, agricultural, and MSME credit expansion. Financially, the bank reported a robust return on equity of 18.31%, a capital adequacy ratio of 17.17%, and a strong asset quality profile with a gross NPA of 1.57% for Q1 FY27. However, it faces specific risks such as funding exposure from a lower CASA ratio of 29.70% and vulnerabilities tied to monsoon-linked agricultural seasonality.",Relevant,Identifies specific weaknesses: CASA-driven funding risk and monsoon-linked agri seasonality.
489,What is the biggest threat facing Canara Bank according to the analysis?,"1. **Starting entity:** Canara Bank; **Ending entity:** Various linked attributes, operations, and risks (as the knowledge graph represents a single-hop star schema originating from Canara Bank).

2. **Explanation:** The knowledge graph details the operational, financial, and risk profile of Canara Bank, including its branch and ATM networks, capital adequacy, profitability metrics, and key market exposures. It highlights strong financial performance—such as a return on equity of 18.31% and a gross NPA of 1.57%—alongside strategic partnerships, domestic market focus, and specific vulnerabilities like funding risk from a lower CASA base.

3. **Numerical Facts:** As of Q1 FY27, Canara Bank reported a CASA ratio of 29.70%, a CET1 ratio of 12.91%, a capital adequacy ratio of 17.17%, a cost-to-income ratio of 49.03%, a return on assets of 1.04%, and a return on equity of 18.31%. Asset quality indicators include a gross NPA of 1.57%, a net NPA of 0.36%, and a provision coverage ratio of 94.76%, while network figures as of June 2025 include 9,861 branches and 7,907 ATMs.",Relevant,Names funding risk from a lower CASA base as the threat.
490,"What credit, market, operational or regulatory risks is Canara Bank exposed to?","**Starting Entity:** Canara Bank  
**Ending Entity:** Canara Bank (Comprehensive Profile via Logical Union)

**Summary:**
This knowledge graph path profiles Canara Bank, highlighting its operational scale as of June 2025, which includes 9,861 branches, 7,907 ATMs, and 2,940 cash-recycling machines. Financially, the bank reported a Q1 FY27 capital adequacy ratio of 17.17%, a CET1 ratio of 12.91%, a CASA ratio of 29.70%, a gross NPA of 1.57%, and a return on equity of 18.31%. Additionally, the data details its ownership structure—where the Government of India holds a 62.93% stake as of March 2026—alongside its various market segments, international footprints, and specific funding and agricultural risks.",Relevant,Names funding and agricultural risk explicitly.
491,Who are Canara Bank's main named competitors?,"Based on the provided knowledge graph path, the starting entity is **Canara Bank** and the ending entity encompasses its various corporate and market attributes, such as its status as a **Public Sector Bank** in **India**. Canara Bank is a Government of India-owned universal bank headquartered in Bengaluru, Karnataka, operating within the banking sector. It is publicly listed on the NSE and BSE under the ticker symbol **CANBK**.",Not relevant,Gives only corporate profile/ticker details; no competitors are named.
492,"What is Union Bank of India's primary competitive advantage, and how strong is the evidence behind that claim?","**Starting Entity:** A. Manimekhalai / Union Bank of India (or general query subject)
**Ending Entity:** Union Bank of India / Related financial metrics

This knowledge graph summarizes key operational and financial metrics for Union Bank of India. Notably, the bank posted a standalone net profit growth of 29.5% year-on-year to ₹5,332 crore, alongside an advances growth of 12.50% and a capital adequacy ratio of 18.46%. Additionally, the bank's leadership transitioned with Asheesh Pandey being appointed as MD & CEO in 2026, succeeding A. Manimekhalai.",Somewhat relevant,Gives performance metrics but no explicit competitive advantage claim.
493,What is the key strength identified for Union Bank of India in the current analysis?,"Based on the provided knowledge graph data, the starting entity is **Union Bank of India** and the ending entities include its various operational, financial, and leadership attributes. 

Union Bank of India is a major institution holding a universal banking license, operating 8,621 branches and 8,910 ATMs as of March 2025, with an international presence spanning multiple global cities. Financially, the bank posted a standalone net profit rise of 29.5% year-on-year to ₹5,332 crore alongside an advances growth of 12.50%. Leadership-wise, A. Manimekhalai's tenure as MD & CEO concluded in 2026, and Asheesh Pandey was appointed to the role the same year.",Relevant,Gives concrete strengths: network scale and strong profit growth.
494,What is the main weakness or vulnerability flagged for Union Bank of India?,"1. **Starting Entity:** Union Bank of India; **Ending Entities:** Various operational, financial, and stakeholder metrics associated with the bank (represented as a logical union of attributes from a single subject).

2. **Explanation:** This knowledge graph path outlines the comprehensive financial, operational, and structural profile of Union Bank of India. It details the bank's diverse product suites (retail, corporate, MSME, agricultural), physical and international footprint, asset quality, leadership, and ownership structure, alongside key risk exposures.

3. **Numerical Facts:** Key metrics include a standalone net profit of ₹5,332 crore (up 29.5% year-on-year), a capital adequacy ratio of 18.46%, a gross NPA of 2.65%, and a net NPA of 0.47%. Additionally, the bank operated 8,621 branches and 8,910 ATMs as of March 2025, while the Government of India owns roughly a 74.76% stake.",Somewhat relevant,References 'key risk exposures' only in passing without specifying an actual weakness.
495,What is the biggest threat facing Union Bank of India according to the analysis?,"**Starting Entity:** Union Bank of India  
**Ending Entity:** Financial and Operational Metrics (including Fitch Rating and Profitability)

**Summary:**
Union Bank of India is a major financial institution that maintains a strong capital position, evidenced by a CET1 ratio of 15.7% and overall capital adequacy of 18.46%. Financially, the bank posted a 29.5% year-on-year increase in standalone net profit to ₹5,332 crore alongside a net interest margin of 2.80%. Additionally, Fitch affirmed the bank's Long-Term Issuer Default Rating at BBB- Stable while upgrading its Viability Rating from bb- to bb.",Not relevant,Presents only positive metrics and a rating upgrade; no threat identified.
496,"What credit, market, operational or regulatory risks is Union Bank of India exposed to?","Based on the provided knowledge graph, the starting entity is **Union Bank of India** and the ending entity comprises its **various operational, financial, and leadership attributes**. 

Union Bank of India—which absorbed Andhra Bank and Corporation Bank and is majority-owned by the Government of India (74.76%)—operates 8,621 branches and 8,910 ATMs while maintaining an international presence in cities like Dubai and Hong Kong. Financially, the bank posted a 29.5% year-on-year rise in standalone net profit to ₹5,332 crore alongside an advances growth of 12.50% and a capital adequacy ratio of 18.46%. Its leadership includes A. Manimekhalai, whose tenure as MD & CEO concluded in 2026, and Asheesh Pandey, who was appointed MD & CEO that same year.",Not relevant,Gives merger history and growth metrics; no risk is identified.
497,Who are Union Bank of India's main named competitors?,"**1. Starting and Ending Entity:** 
The starting entity is **Union Bank of India**, and the ending entities/attributes include its classification as a public sector bank, its home country of India, its listing details, and its operational sector.

**2. Path Explanation:** 
Union Bank of India is a government-owned, publicly listed universal bank headquartered in Mumbai, operating within the banking sector. The bank is publicly traded on the NSE and BSE under the ticker UNIONBANK and is currently undergoing a digital-transformation initiative known as Vyom.

**3. Numerical Facts & Data:** 
There are no specific financial figures (such as revenue or market capitalization) provided in the path, though it notes that the bank is publicly listed and government-owned.",Not relevant,Gives only corporate/ticker profile; no competitors named.
498,"What is Bank of India's primary competitive advantage, and how strong is the evidence behind that claim?","1. **Starting Entity:** Bank of India; **Ending Entity:** Various financial and operational metrics (such as net profit, global advances, and branch network).
2. The knowledge graph details the financial performance, operational network, and regulatory standing of Bank of India. 
3. Key financial figures from Q1 FY27 include a standalone net profit of ₹3,068 crore, global advances of ₹7.98 lakh crore, and global deposits reaching ₹9.58 lakh crore. Additionally, the bank operates a physical network consisting of 5,202 branches and 8,166 domestic ATMs.",Somewhat relevant,Gives performance metrics but no explicit competitive advantage claim.
499,What is the key strength identified for Bank of India in the current analysis?,"1. **Starting Entity:** Bank of India; **Ending Entity:** Various financial and operational metrics (such as net profit, global advances, and branch network).

2. The knowledge graph details the financial performance, operational network, and governance of the Bank of India for Q1 FY27. Under the leadership of MD & CEO Rajneesh Karnatak, the government-owned bank demonstrated strong growth across key metrics while maintaining sound asset quality and regulatory compliance.

3. Key numerical facts include a standalone net profit of ₹3,068 crore (up 36.23% year-on-year), global advances reaching ₹7.98 lakh crore, global deposits totaling ₹9.58 lakh crore, and a CASA ratio of 36.68%. Additionally, the bank operates an extensive distribution network comprising 5,202 branches and 8,166 domestic ATMs.",Relevant,"Gives concrete strengths: profit growth, CASA ratio, and network scale."
500,What is the main weakness or vulnerability flagged for Bank of India?,"**Starting Entity:** Bank of India  
**Ending Entities:** Various operational, financial, and regulatory attributes of Bank of India (such as its domestic branch network, Q1 FY27 financial performance metrics, and regulatory bodies).

**Summary:**
Bank of India operates as a Government of India-owned universal bank (73.38% ownership) providing comprehensive financial services through a domestic network of 5,202 branches and 8,166 ATMs. In Q1 FY27, the bank reported strong financial performance, including a standalone net profit of ₹3,068 crore (up 36.23% year-on-year), net interest income of ₹6,833 crore, and notable asset-quality improvements with gross NPAs declining to 1.81%. It is formally regulated by key authorities including the Reserve Bank of India (RBI) and the Securities and Exchange Board of India (SEBI).",Not relevant,Presents only positive metrics; no weakness identified.
501,What is the biggest threat facing Bank of India according to the analysis?,"1. **Starting entity:** Bank of India; **Ending entity:** Various financial and operational metrics (such as net profit, advances, deposits, and asset quality) for Q1 FY27.

2. In simple business terms, the knowledge graph outlines the operational scale, regulatory environment, and Q1 FY27 financial performance of the Government of India-owned Bank of India. 

3. Key numerical facts include a standalone net profit of ₹3,068 crore (a 36.23% year-on-year rise), global advances reaching ₹7.98 lakh crore, global deposits growing to ₹9.58 lakh crore, and an improved capital adequacy ratio of 18.69%.",Not relevant,Presents only positive metrics; no threat identified.
502,"What credit, market, operational or regulatory risks is Bank of India exposed to?","1. **Starting Entity:** Bank of India; **Ending Entity:** Various financial and operational attributes (such as Q1 FY27 net profit, advances, and network metrics).
2. The knowledge graph details the financial performance, operational network, and regulatory status of the Bank of India. Key highlights include strong growth in global advances and deposits, improvements in asset quality, and solid profitability metrics reported for Q1 FY27.
3. Notable numerical facts include a standalone net profit of ₹3,068 crore (up 36.23% year-on-year), global advances reaching ₹7.98 lakh crore, global deposits hitting ₹9.58 lakh crore, and a capital adequacy ratio of 18.69% in Q1 FY27.",Not relevant,Presents only positive metrics; no risk identified.
503,Who are Bank of India's main named competitors?,"**Starting Entity:** Bank of India  
**Ending Entity:** Public Sector Bank / India / NSE and BSE  

Bank of India is a government-owned, publicly listed universal bank operating in the banking sector with its legal name as Bank of India and ticker `BANKINDIA`. Headquartered in Mumbai, Maharashtra, the institution is classified as a Public Sector Bank based in India and is traded on the NSE and BSE stock exchanges.",Not relevant,Gives only corporate/ticker profile; no competitors named.
504,"What is Indian Bank's primary competitive advantage, and how strong is the evidence behind that claim?","**Starting Entity:** Indian Bank  
**Ending Entity:** CRISIL (and various financial metrics/stakeholders)  

**Summary:**  
The knowledge graph outlines Indian Bank's financial profile, governance, and operational scale, showing it is majority-owned by the Government of India (73.84%) and assessed by rating agency CRISIL, which assigns it top-tier ratings like an A1+ on certificates of deposit and an AAA Stable rating on its Tier II bonds. Operationally, the bank maintains a strong capital position with a capital adequacy ratio of 17.58% and a CET1 metric of 16.51%, alongside a vast network comprising 6,001 branches and 5,657 ATMs and cash-recycling machines. Additionally, it reported a total quarterly income of ₹20,723.62 crore while improving its gross NPA level down to 1.86%.",Relevant,Cites CRISIL's top-tier ratings as concrete evidence supporting a competitive strength claim.
505,What is the key strength identified for Indian Bank in the current analysis?,"1. **Starting Entity and Ending Entity:** The starting entity is **Indian Bank** and the ending entity is **CRISIL** (through its credit ratings and assessments).

2. **Explanation of the Path:** Indian Bank undergoes credit rating assessments by CRISIL, which has assigned the bank top-tier ratings across its various debt instruments. Specifically, CRISIL has granted Indian Bank an A1+ rating on its certificate-of-deposit programme, an AA+ Stable rating on Additional Tier I bonds, and an AAA Stable rating on its Tier II Basel III and infrastructure bonds. 

3. **Numerical Facts:** The knowledge graph features credit ratings such as **A1+**, **AA+ Stable**, and **AAA Stable** assigned by CRISIL to Indian Bank's respective financial instruments.",Relevant,Names the specific CRISIL ratings as the key strength.
506,What is the main weakness or vulnerability flagged for Indian Bank?,"1. **Starting and Ending Entities:** The starting entity is **Indian Bank**, and the ending entities include its various financial metrics, operational networks, risk exposures, and governance profiles.

2. **Simple Business/Financial Summary:** Indian Bank operates as a major universal public sector bank—headquartered in Chennai, Tamil Nadu—with a strong retail deposit franchise and sovereign backing from the Government of India (holding a 73.84% stake). The bank drives its business through a wide operational footprint of 6,001 branches and 5,657 automated service points, focusing heavily on RAM (Retail, Agriculture, and MSME) lending and digital transactions. Financially, it maintains a robust capital position with a capital adequacy ratio of 17.58%, a strong provision coverage ratio of 98.22%, and low net NPAs of 0.15%.",Not relevant,"Presents only positive attributes (deposit franchise, capital, low NPA); no weakness identified."
507,What is the biggest threat facing Indian Bank according to the analysis?,"1. **Starting entity:** Indian Bank; **Ending entity:** CRISIL (via credit ratings).

2. Indian Bank undergoes financial credit assessments by CRISIL, receiving top-tier ratings across its various debt instruments, which are underpinned by the bank's sovereign ownership stability. 

3. Key financial metrics from the context include a strong Common Equity Tier 1 (CET1) ratio of 16.51%, a capital adequacy ratio of 17.58%, and a total quarterly income of ₹20,723.62 crore.",Not relevant,Presents ratings and capital metrics; no threat identified.
508,"What credit, market, operational or regulatory risks is Indian Bank exposed to?","**Starting Entity:** Indian Bank  
**Ending Entity:** Various regulatory bodies, credit rating agencies, financial metrics, and operational networks (represented across multiple unified paths).

**Summary:**
This knowledge graph path outlines the regulatory framework, credit standing, and operational profile of Indian Bank, which is majority-owned by the Government of India (73.84%). The bank is regulated by the RBI and SEBI, holds high credit ratings from CRISIL (including an A1+ rating on certificates of deposit and an AAA Stable rating on Tier II bonds), and maintains a strong capital adequacy ratio of 17.58% alongside a CET1 metric of 16.51%. Operationally, Indian Bank runs a vast network of 6,001 branches and 5,657 ATMs/cash-recycling machines, driving its growth through RAM lending and digital transactions while generating a total quarterly income of ₹20,723.62 crore.",Not relevant,Names regulators and ratings but no specific risk.
509,Who are Indian Bank's main named competitors?,"**Summary:**

1. **Starting and Ending Entities:** The starting entity is **Indian Bank**, and the ending entities/attributes include its classification as a **Public Sector Bank**, its home country **India**, and its trading venue on the **NSE and BSE**.
2. **Business/Financial Explanation:** Indian Bank is a Government of India-owned universal bank headquartered in Chennai, Tamil Nadu, which became the seventh-largest Public Sector Undertaking (PSU) bank following its merger with Allahabad Bank on April 1, 2020. 
3. **Numerical Facts:** The merger occurred on **April 1, 2020**, making it the **seventh-largest** PSU bank, and its shares are publicly listed under the ticker **INDIANB**.",Not relevant,Gives merger history and ticker; no competitors named.
510,"What is Central Bank of India's primary competitive advantage, and how strong is the evidence behind that claim?","1. **Starting Entity:** Central Bank of India; **Ending Entity:** Q1 FY27 Financial and Operational Metrics.
2. The knowledge graph outlines the financial and operational performance of the Central Bank of India, highlighting its strong CASA ratio of 46.61% which provides a funding-cost advantage, alongside robust Q1 FY27 metrics such as a 1.00% Return on Assets and 14.92% Return on Equity. 
3. Key numerical facts include total advances reaching ₹354,348 crore (a 28.58% year-on-year growth), a Net Interest Income of ₹3,914 crore, a CET1 ratio of 16.54%, and majority ownership by the Government of India at 89.27% as of March 2025.",Relevant,Explicitly frames the CASA ratio as a funding-cost competitive advantage.
511,What is the key strength identified for Central Bank of India in the current analysis?,"**1. Starting and Ending Entity:**
* **Starting Entity:** Central Bank of India
* **Ending Entity:** Q1 FY27 (Time Period / Financial Reporting Metrics)

**2. Summary:**
Central Bank of India exhibits strong financial performance in Q1 FY27, achieving a robust CASA ratio of 46.61% that provides a funding-cost advantage over peers, alongside a Net Interest Margin of 3.06% and a Net Interest Income of ₹3,914 crore. The bank reported solid asset quality metrics with a Gross NPA of 2.60%, a Net NPA of 0.49%, and a high provision coverage ratio of 95.86%. Furthermore, it maintains a strong capital position with a Capital Adequacy Ratio of 18.28% and a CET1 ratio of 16.54%, while remaining majority-owned by the Government of India with an 89.27% stake as of March 2025.",Relevant,Explicitly identifies the CASA-driven funding-cost advantage as the key strength.
512,What is the main weakness or vulnerability flagged for Central Bank of India?,"**Starting Entity:** Central Bank of India  
**Ending Entity:** Various financial, operational, and ownership attributes of the bank (as captured in Q1 FY27).

**Summary:**
The Central Bank of India—headquartered in Mumbai and led by MD & CEO Kalyan Kumar—is a majority Government of India-owned institution holding an 89.27% stake as of March 2025. In Q1 FY27, the bank demonstrated robust financial performance, generating ₹3,914 crore in Net Interest Income (up 15.70% year-on-year) alongside a CASA ratio of 46.61% and total advances reaching ₹354,348 crore. Furthermore, it maintained strong asset quality metrics with a Net NPA of 0.49% and a high Provision Coverage of 95.86%, while operating under a Universal Banking License.",Not relevant,Presents only positive metrics; no weakness identified.
513,What is the biggest threat facing Central Bank of India according to the analysis?,"Based on the provided knowledge graph data, the starting entity is **Central Bank of India** and the ending entities are its various financial metrics, ownership stakes, and operational characteristics for Q1 FY27. 

The Central Bank of India—majority-owned by the Government of India (89.27% stake as of March 2025)—demonstrated solid financial performance in Q1 FY27, achieving a Net Interest Income of ₹3,914 crore (up 15.70% year-on-year) and a robust CASA ratio of 46.61%. The bank reported a Return on Assets of 1.00% and a Return on Equity of 14.92%, supported by a strong Provision Coverage Ratio of 95.86% and a Capital Adequacy Ratio of 18.28%.",Not relevant,Presents only positive metrics; no threat identified.
514,"What credit, market, operational or regulatory risks is Central Bank of India exposed to?","1. **Starting Entity:** Central Bank of India; **Ending Entities:** Various financial metrics, regulatory bodies, and stakeholders associated with the bank (e.g., RBI, Government of India, Q1 FY27 financial results).

2. **Explanation:** The knowledge graph outlines the regulatory environment, leadership, ownership structure, and financial performance of the Central Bank of India. It details the bank's key stakeholders—such as majority owner Government of India (89.27% stake as of March 2025)—and highlights its operational focus on retail, agriculture, and MSME sectors alongside regulatory oversight from the RBI and SEBI.

3. **Numerical Facts:** In Q1 FY27, the bank reported a robust CASA ratio of 46.61%, a Net Interest Margin of 3.06%, and a Return on Assets of 1.00%. Additionally, total advances reached ₹354,348 crore (marking 28.58% year-on-year growth), while the Government of India held an 89.27% majority stake as of 31 March 2025.",Not relevant,Presents ownership and performance data; no specific risk named.
515,Who are Central Bank of India's main named competitors?,"Based on the knowledge graph path, the starting entity is **Central Bank of India** and the ending entity comprises its various corporate and operational attributes. Central Bank of India is a publicly listed, Government of India-owned universal public sector bank founded in 1911, headquartered in Mumbai, Maharashtra, and traded on the NSE and BSE under the ticker **CENTRALBK**. The bank operates with a strong retail, MSME, and agricultural focus through a legacy, branch-heavy network across **India**.",Not relevant,Gives only corporate/ticker profile; no competitors named.
516,"What is Indian Overseas Bank's primary competitive advantage, and how strong is the evidence behind that claim?","Based on the provided knowledge graph data, the starting entity is **Indian Overseas Bank** and the ending entity comprises its **financial and operational metrics for Q1 FY27**. 

During Q1 FY27, Indian Overseas Bank reported significant financial performance, including a net profit surge of 49.32% to ₹1,659 crore and Global Advances of ₹3.22 trillion (up 22.75% year-on-year). However, the bank also faced operational and liquidity pressures, highlighted by a credit-deposit ratio increase of 630 basis points to 85.63% and a rise in its cost-to-income ratio from 44.22% to 53.95%.",Somewhat relevant,Mentions liquidity/cost pressures but doesn't clearly state a competitive advantage.
517,What is the key strength identified for Indian Overseas Bank in the current analysis?,"**Starting Entity:** Indian Overseas Bank  
**Ending Entity:** ICRA (Rating Agency) / Basel III Tier II bonds  

**Summary:**
Indian Overseas Bank is assigned or has reaffirmed an AA Stable rating for its Basel III Tier II bonds by the rating agency ICRA. Financially, the bank reported strong performance in Q1 FY27, including a 49.32% surge in net profit to ₹1,659 crore and global advances of ₹3.22 trillion. However, it also faces liquidity and funding pressures due to a rising credit-deposit ratio and declining CASA deposits.",Relevant,Cites the ICRA AA Stable rating and profit growth as the key strength.
518,What is the main weakness or vulnerability flagged for Indian Overseas Bank?,"1. **Starting and Ending Entity:** The starting and ending entity in this knowledge graph path is **Indian Overseas Bank**.

2. **Simple Business/Financial Summary:** Indian Overseas Bank delivers a wide range of retail, corporate, agricultural, MSME, and international banking services while managing key financial metrics such as profitability, asset quality, and funding risks. For Q1 FY27, the bank reported a net profit of ₹1,659 crore alongside a Net Interest Income of ₹3,688 crore, backed by strong global advances of ₹3.22 trillion and a high capital adequacy ratio of 19.36%. 

3. **Important Numerical Facts:** Key figures include a 49.32% rise in net profit to ₹1,659 crore, Net Interest Income of ₹3,688 crore, global advances of ₹3.22 trillion (up 22.75% year-on-year), and a capital adequacy ratio of 19.36% for Q1 FY27. Additionally, the bank improved its gross NPA to 1.33% and maintains a provision coverage ratio of 97.67%, though its cost-to-income ratio rose to 53.95%.",Relevant,Identifies the rising cost-to-income ratio as the specific weakness.
519,What is the biggest threat facing Indian Overseas Bank according to the analysis?,"Based on the provided knowledge graph data, here is the summary of Indian Overseas Bank's financial and operational performance:

1. **Starting and Ending Entities:** The starting entity is **Indian Overseas Bank**, and the ending entities are its various financial metrics, risk exposures, and operational highlights (such as ICRA, which rates its Basel III Tier II bonds).
2. **Business and Financial Summary:** In Q1 FY27, Indian Overseas Bank demonstrated strong growth, reporting a 49.32% surge in net profit to ₹1,659 crore and ₹3,688 crore in Net Interest Income. Global advances reached ₹3.22 trillion (up 22.75% year-on-year) and total deposits grew by 13.72%. 
3. **Key Risks and Ratios:** Despite its profitability and improved asset quality—marked by a gross NPA of 1.33% and a provision coverage ratio of 97.67%—the bank faced liquidity and funding pressures. This was driven by a credit-deposit ratio increase of 630 basis points to 85.63%, an eroding CASA base (with the Global CASA ratio declining to 41.05%), and a rising cost-to-income ratio jumping from 44.22% to 53.95%.",Relevant,Identifies liquidity/funding pressure and eroding CASA as the threat.
520,"What credit, market, operational or regulatory risks is Indian Overseas Bank exposed to?","**1. Starting and Ending Entity:**
* **Starting Entity:** Indian Overseas Bank
* **Ending Entity:** Various financial and operational metrics (e.g., Q1 FY27 financial results, risk exposures, and governance details).

**2. Path Summary in Simple Business/Financial Language:**
The knowledge graph outlines the operational profile, financial performance, and risk exposures of Indian Overseas Bank (IOB). Key highlights include leadership details under MD & CEO Ajay Kumar Srivastava, strong Q1 FY27 advances of ₹3.22 trillion, a 49.32% surge in net profit to ₹1,659 crore, and a comfortable capital adequacy ratio of 19.36%. Additionally, the bank faces specific funding and cost risks tied to an eroding CASA ratio and a rising cost-to-income ratio.",Relevant,Explicitly names funding and cost risks tied to eroding CASA.
521,Who are Indian Overseas Bank's main named competitors?,"Based on the provided knowledge graph data, the starting entity is Indian Overseas Bank and the ending entities include its operational, geographic, and market characteristics. Indian Overseas Bank is a Government of India-owned universal bank headquartered in Chennai, Tamil Nadu, founded in 1937 with the ticker IOB. It operates as a publicly listed entity traded on the NSE and BSE exchanges.",Not relevant,Gives only corporate/ticker profile; no competitors named.
522,"What is UCO Bank's primary competitive advantage, and how strong is the evidence behind that claim?","Based on the provided knowledge graph data, the starting entity is **UCO Bank** and the ending entity comprises its various **credit ratings, financial metrics, and operational scale**. 

UCO Bank is a majority Government of India-owned universal bank (holding a 90.95% stake as of December 2025) that operates 3,302 branches and 2,613 ATMs as of March 2025. Financially, the bank reported a net profit of ₹656 crore (up 8% year-on-year) and a capital ratio of 17.12% for FY26, alongside robust credit growth of 21.33% as of June 2026. Its creditworthiness is underscored by top-tier assessments, including an A1+ short-term rating by CRISIL for its certificate-of-deposit programme and an AA Stable bond rating by CARE Ratings.",Relevant,Cites top-tier CRISIL/CARE ratings as evidence of creditworthiness supporting the advantage claim.
523,What is the key strength identified for UCO Bank in the current analysis?,"1. **Starting Entity and Ending Entity:** The starting entity is **UCO Bank**, and the ending entities are its various financial metrics, ownership stakes, and credit ratings associated with the bank.

2. **Simple Business/Financial Summary:** UCO Bank is a major universal bank primarily owned by the Government of India, operating thousands of branches and ATMs with a strong presence in Eastern and Northeastern India. Financially, the bank demonstrates solid performance, reporting a net profit of ₹656 crore (up 8% year-on-year) and a capital ratio of 17.12% for FY26, alongside favorable credit ratings from CRISIL and CARE Ratings. 

3. **Important Numerical Facts:** The Government of India holds a 90.95% ownership stake as of December 2025, while LIC holds 2.31%. As of March 2025, the bank operates 3,302 branches and 2,613 ATMs, with its total business crossing ₹6 lakh crore and total advances growing 21.33% year-on-year as of June 30, 2026.",Relevant,Cites favorable ratings and profit growth as the key strength.
524,What is the main weakness or vulnerability flagged for UCO Bank?,"Based on the provided knowledge graph data, the starting entity is **UCO Bank** and the ending entity comprises its various **operational, financial, risk, and governance attributes**. 

UCO Bank operates extensively with 3,302 branches and 2,613 ATMs, alongside strong financial metrics including a capital ratio of 17.12% for FY26 and a quarterly net profit of ₹656 crore (up 8% year-on-year). The bank faces several operational, regulatory, and credit risks—such as maintaining minimum public shareholding compliance for its 90.95% government ownership—while maintaining positive credit ratings like an AA Stable bond rating from CARE Ratings and an A1+ short-term rating from CRISIL.",Relevant,Identifies the public-shareholding compliance risk from high government ownership as the weakness.
525,What is the biggest threat facing UCO Bank according to the analysis?,"1. **Starting and Ending Entities:** The starting entity is **UCO Bank**, and the ending entities are its various operational, financial, and ownership attributes as detailed in the knowledge graph.

2. **Simple Business/Financial Summary:** UCO Bank is a majority Government of India-owned universal bank (holding a 90.95% stake as of December 2025) operating extensive domestic and international networks. Financially, the bank reported a net profit of ₹656 crore (up 8% year-on-year) alongside strong asset growth, including a 21.33% year-on-year increase in total advances as of June 2026. 

3. **Important Numerical Facts:** Key figures include a 90.95% government ownership stake, a net profit of ₹656 crore with 8% year-on-year growth, total advances growth of 21.33%, and a capital ratio of 17.12% for FY26. Additionally, the bank operates 3,302 branches and 2,613 ATMs as of March 2025, with total business crossing ₹6 lakh crore.",Not relevant,Presents only positive ownership/growth metrics; no threat identified.
526,"What credit, market, operational or regulatory risks is UCO Bank exposed to?","1. **Starting and Ending Entities:** The starting entity is **UCO Bank**, and the ending entities are its various operational, financial, and credit rating attributes (such as credit rating agencies CRISIL and CARE Ratings, major shareholders like the Government of India, and financial performance metrics).

2. **Simple Business/Financial Language:** The knowledge graph details the operational scale, financial performance, leadership, and risk profile of UCO Bank. Key highlights include strong government backing, favorable credit ratings from major agencies, and solid growth in advances and net profit.

3. **Important Numerical Facts:** The Government of India holds a 90.95% ownership stake as of December 2025, and LIC holds 2.31%. UCO Bank operates 3,302 branches and 2,613 ATMs as of March 2025, reported a net profit of ₹656 crore (up 8% year-on-year), and achieved a capital ratio of 17.12% for FY26.",Not relevant,"Claims a 'risk profile' but lists only positive highlights, no actual risk."
527,Who are UCO Bank's main named competitors?,"The knowledge graph path originates at the starting entity **UCO Bank** and describes its core corporate and market profile as the ending entity attributes. UCO Bank is a publicly listed Government of India-owned universal bank operating within the banking sector, headquartered in Kolkata, West Bengal, and founded on January 6, 1943. It is classified as a Public Sector Bank in India and is traded on the NSE and BSE under the ticker UCOBANK.",Not relevant,Gives only corporate/ticker profile; no competitors named.
528,"What is Bank of Maharashtra's primary competitive advantage, and how strong is the evidence behind that claim?","**1. Starting and Ending Entity:** 
The starting entity is the **Government of India**, and the ending entity is **Bank of Maharashtra**.

**2-4. Summary & Numerical Facts:**
The knowledge graph shows that the Government of India is the majority owner of Bank of Maharashtra, holding a 79.60% stake as of March 2025. This heavy government backing is a key structural reliance for the bank, though future reductions in this stake toward a 75% public-float floor pose a risk of diluting near-term earnings.",Somewhat relevant,Frames government ownership as a structural reliance/dilution risk rather than a clear advantage.
529,What is the key strength identified for Bank of Maharashtra in the current analysis?,"**Starting Entity:** Bank of Maharashtra  
**Ending Entity:** Government of India / Public Shareholders  

**Summary:**  
The knowledge graph details the financial standing, ownership structure, and operational metrics of the Bank of Maharashtra. As of March 2025, the Government of India owned 79.60% of the bank, while LIC held a 7.10% stake. Financially, the bank demonstrated strong performance with a net profit of ₹2,020 crore (up 27% year-on-year) and a total business of ₹6.51 lakh crore, alongside a low gross NPA of 1.45%. However, the bank faces regulatory and operational risks regarding public-shareholding compliance and potential government stake reductions toward the 75% public-float floor.",Relevant,Gives concrete strengths: profit growth and low gross NPA.
530,What is the main weakness or vulnerability flagged for Bank of Maharashtra?,"1. **Starting Entity:** Bank of Maharashtra; **Ending Entity:** Government of India / Public-Shareholding / Public-Float Compliance.

2. **Path Summary:** Bank of Maharashtra operates as a PSU bank backed by government ownership—with the Government of India holding 79.60% as of March 2025—which creates a regulatory exposure regarding public-shareholding compliance. Further government stake reductions toward the 75% public-float floor threaten the bank by potentially diluting near-term earnings.",Relevant,Identifies the specific weakness: public-float compliance risk and potential earnings dilution.
531,What is the biggest threat facing Bank of Maharashtra according to the analysis?,"1. **Starting and Ending Entities:** The starting entity is **Bank of Maharashtra**, and the primary connected entities include major stakeholders like the **Government of India** and **LIC**, alongside various operational and financial metrics.

2. **Business/Financial Summary:** Bank of Maharashtra operates as a public sector universal bank backed predominantly by the Government of India, which held a 79.60% stake as of March 2025, alongside a 7.10% holding by LIC. The bank demonstrates strong financial performance, highlighted by a recent net profit of ₹2,020 crore (up 27% year-on-year) and a total business reaching ₹6.51 lakh crore, supported by best-in-class asset quality with a gross NPA of just 1.45%. 

3. **Numerical Facts:** Key figures include the Government of India's 79.60% ownership, LIC's 7.10% stake, a net profit of ₹2,020 crore (up 27%), a low gross NPA of 1.45%, a total business of ₹6.51 lakh crore (up 19%), and an operational network of 2,641 branches as of June 2025.",Not relevant,Presents only positive metrics; no threat identified.
532,"What credit, market, operational or regulatory risks is Bank of Maharashtra exposed to?","1. **Starting Entity:** Bank of Maharashtra; **Ending Entity:** Various financial and operational attributes (such as Government of India, CRISIL, LIC, and key financial metrics).

2. **Summary:** The knowledge graph details the operational, financial, and ownership profile of Bank of Maharashtra, highlighting its strong performance as a public sector undertaking (PSU) bank. Key highlights include robust profit and business growth, high credit ratings by CRISIL, and major equity stakes held by the Government of India and LIC. 

3. **Numerical Facts:** As of March 2025, the Government of India owns 79.60% and LIC holds 7.10% of Bank of Maharashtra. The bank reported a net profit of ₹2,020 crore (up 27% year-on-year), a gross NPA of 1.45%, and a Q1 FY27 total business of ₹6.51 lakh crore across 2,641 branches as of June 2025.",Not relevant,Presents ownership and growth highlights; no specific risk named.
533,Who are Bank of Maharashtra's main named competitors?,"**Summary:**

The starting entity is Bank of Maharashtra, and the ending entities include its classification as a public sector universal bank headquartered in India. Founded on September 16, 1935, the government-owned institution operates within the banking sector and is publicly listed on the NSE and BSE under the ticker MAHABANK.",Not relevant,Gives only corporate/ticker profile; no competitors named.
534,"What is Punjab & Sind Bank's primary competitive advantage, and how strong is the evidence behind that claim?","Based on the provided knowledge graph data, the starting entity is **Punjab & Sind Bank** and the ending entity involves its **Government of India ownership and regulatory risk**. 

The Government of India maintains a dominant **93.85% ownership stake** in Punjab & Sind Bank, creating a regulatory risk because the bank needs to bring this stake down toward the 75% ceiling. To address this, the bank's planned Qualified Institutional Placement (QIP) serves as an opportunity to raise capital and reduce the government's holding.",Not relevant,"Discusses regulatory stake-reduction risk, not a competitive advantage."
535,What is the key strength identified for Punjab & Sind Bank in the current analysis?,"**Summary:**

1. **Starting and Ending Entity:** The starting entity is **Punjab & Sind Bank**, and the ending entity is the **Government of India** (connecting through its high ownership stake and regulatory requirements).
2. **Business/Financial Explanation:** Punjab & Sind Bank is majority-owned by the Government of India, which creates regulatory pressure to reduce this concentration toward a 75% ceiling. To address this, the bank plans a Qualified Institutional Placement (QIP) to raise capital and reduce the government's ownership stake. 
3. **Numerical Facts:** The Government of India holds a high ownership stake of **93.85%** in Punjab & Sind Bank, which must be brought down toward the **75%** regulatory ceiling.",Not relevant,Discusses regulatory risk/QIP plan rather than identifying a strength.
536,What is the main weakness or vulnerability flagged for Punjab & Sind Bank?,"1. **Starting and Ending Entities:** The path originates from the entity **Punjab & Sind Bank** and branches out to describe its various operational, financial, and risk characteristics (with specific endpoints including the Government of India's **93.85% ownership stake** and its **1,817 branches**).

2. **Business/Financial Summary:** Punjab & Sind Bank is a public sector bank headquartered in New Delhi, operating 1,817 branches with a strong regional focus on retail, agricultural, and MSME customer segments in Punjab. The bank is heavily reliant on Government of India capital support, which retains a high ownership stake of 93.85% (alongside a 1.33% stake held by LIC), exposing the institution to regulatory and ownership-concentration risks. 

3. **Numerical Facts:** Key metrics include a branch count of **1,817**, a Government of India ownership stake of **93.85%**, and an LIC ownership stake of **1.33%**.",Relevant,Identifies ownership-concentration and regulatory risk as the specific weakness.
537,What is the biggest threat facing Punjab & Sind Bank according to the analysis?,"Based on the provided knowledge graph data, the starting entity is **Punjab & Sind Bank** and the ending entity is the **Government of India**. 

The Government of India maintains a high ownership stake of **93.85%** in Punjab & Sind Bank, upon which the bank depends heavily for capital support. However, this high concentration creates regulatory risk, as the bank needs to bring down the government's stake toward the **75%** ceiling.",Relevant,Identifies the need to reduce government stake as the threat.
538,"What credit, market, operational or regulatory risks is Punjab & Sind Bank exposed to?","1. **Starting Entity:** Punjab & Sind Bank  
   **Ending Entity:** Government of India / Various financial and operational attributes (per the union of relationship patterns).

2. **Explanation:** Punjab & Sind Bank is a public sector bank heavily dependent on the Government of India, which retains a majority ownership stake, though the bank faces regulatory pressure to reduce this stake toward a 75% ceiling. The bank operates across retail, MSME, and agricultural segments primarily in the Punjab region, maintaining solid capital adequacy and an AA Stable bond rating by CRISIL. 

3. **Numerical Facts:** The Government of India holds a 93.85% ownership stake in the bank, while LIC holds a 1.33% stake, and the bank operates a network of 1,817 branches.",Relevant,Identifies regulatory pressure to reduce government stake as the risk.
539,Who are Punjab & Sind Bank's main named competitors?,"The knowledge graph path centers on the starting and ending entity **Punjab & Sind Bank**, detailing its corporate and market profile. Founded on June 24, 1908, and headquartered in New Delhi, it operates as a Government of India-owned public sector bank with a focus on retail, agricultural, and MSME sectors in the Punjab region. The bank is publicly listed under the ticker ""PSB"" on both the NSE and BSE exchanges.",Not relevant,Gives only corporate/ticker profile; no competitors named.
540,"What is HDFC Bank's primary competitive advantage, and how strong is the evidence behind that claim?","1. **Starting and Ending Entities:** The starting entity is **Atanu Chakraborty** (Chairman) and the ending entity is **HDFC Bank**. 

2. **Path Explanation:** The knowledge graph details the governance, financial performance, and operational profile of HDFC Bank, India's largest private bank. It highlights that Atanu Chakraborty serves as the bank's chairman following a three-year reappointment extension, alongside leadership details such as MD and CEO Sashidhar Jagdishan.

3. **Numerical Facts:** Key metrics for HDFC Bank include a profit after tax of ₹19,060 crore (a 5% year-on-year increase), gross advances of ₹30,608 billion (up 15.4% year-on-year), a capital adequacy ratio of 19.6%, and a CASA ratio of 32%. Additionally, as of September 2026, Foreign Institutional Investors hold a 41.82% stake, Domestic Institutions hold 41.75%, and the Government of India holds 0.18%.",Relevant,States HDFC is 'India's largest private bank' with supporting financial metrics as the competitive advantage evidence.
541,What is the key strength identified for HDFC Bank in the current analysis?,"1. **Starting and Ending Entities:** The starting entity is **Atanu Chakraborty** (Chairman of HDFC Bank) and the ending entity is **HDFC Bank** (India's largest private bank), linked through its governance, financial metrics, and operational scale.

2. **Business and Financial Summary:** HDFC Bank operates under the leadership of Chairman Atanu Chakraborty and MD & CEO Sashidhar Jagdishan, maintaining a robust capital adequacy ratio of 19.6% and a CET1 ratio of 17.4%. The bank demonstrates strong financial performance, reporting a profit after tax of ₹19,060 crore (a 5% year-on-year increase) and gross advances of ₹30,608 billion. It serves a diverse customer base through an extensive network of 9,694 branches while navigating key metrics like a 32% CASA ratio and a 1.17% headline gross NPA.",Relevant,Gives concrete strengths: capital ratios and branch network scale.
542,What is the main weakness or vulnerability flagged for HDFC Bank?,"**1. Starting and Ending Entity:** 
The starting and ending entity is HDFC Bank.

**2. Path Summary:** 
Operating under a universal banking model, HDFC Bank provides a comprehensive range of retail, corporate, treasury, and digital financial services while leveraging an extensive network of 9,694 branches. Financially, the bank reported total deposits of ₹31,708 billion (up 14.7% year-on-year), gross advances of ₹30,608 billion (up 15.4% year-on-year), and a profit after tax of ₹19,060 crore. Key risk factors facing the institution include credit risks in unsecured retail and agricultural lending, margin compression with a net interest margin of 3.26%, and operational uncertainty surrounding pending CEO succession.",Relevant,"Explicitly lists credit risk, margin compression, and CEO succession as weaknesses."
543,What is the biggest threat facing HDFC Bank according to the analysis?,"Based on the provided knowledge graph data, the starting entity is **Atanu Chakraborty** (serving as chairman) and the ending entity is **HDFC Bank**. 

The graph outlines various governance, financial, and operational details centered around HDFC Bank, India's largest private bank led by MD and CEO Sashidhar Jagdishan. Key financial metrics include a profit after tax of ₹19,060 crore (a 5% year-on-year increase), gross advances of ₹30,608 billion, a capital adequacy ratio of 19.6%, and a CASA ratio of 32%. Additionally, the bank operates a massive network of 9,694 branches to support its diverse retail, corporate, and digital banking services.",Not relevant,Presents only profile and performance metrics; no threat identified.
544,"What credit, market, operational or regulatory risks is HDFC Bank exposed to?","1. **Starting and Ending Entity:** The starting entity is **HDFC Bank** (acting as the subject across various operational, financial, and ownership attributes), with multiple ending entities representing its financial metrics, leadership, and operational scale as of recent periods (such as September 2026).

2. **Simple Business/Financial Explanation:** HDFC Bank operates as India's largest private sector bank under a universal banking license, offering a wide range of services from retail and corporate loans to digital banking via PayZapp. The bank is steered by leadership like Chairman Atanu Chakraborty and MD & CEO Sashidhar Jagdishan, and it is backed by significant institutional shareholdings and a vast network of 9,694 branches.

3. **Important Numerical Facts:** As of recent reporting periods, HDFC Bank recorded a profit after tax of ₹19,060 crore (a 5% year-on-year increase), gross advances of ₹30,608 billion (up 15.4% year-on-year), a CASA ratio of 32%, and a CET1 ratio of 17.4%. Additionally, Foreign Institutional Investors hold a 41.82% stake, Domestic Institutions hold 41.75%, and the Government of India holds 0.18% as of September 2026.

4. **Constraints Check:** All facts are strictly derived from the provided knowledge graph path without invention, and the summary is kept concise within three sentences.",Not relevant,Presents ownership and performance metrics; no specific risk named.
545,Who are HDFC Bank's main named competitors?,"**Starting Entity:** HDFC Bank  
**Ending Entity:** State Bank of India  

HDFC Bank competes strongly against State Bank of India by continuously taking away retail and digital market share.",Relevant,Explicitly names State Bank of India as the competitor.
546,"What is ICICI Bank's primary competitive advantage, and how strong is the evidence behind that claim?","**Starting Entity:** ICICI Bank  
**Ending Entity:** Financial metrics and operational attributes of ICICI Bank (as queried via its knowledge graph profile)

**Summary:**  
ICICI Bank operates as a major universal bank—regulated by the RBI and SEBI—with significant institutional backing, including roughly 45% held by Foreign Institutional Investors and 7% by LIC as of December 2024. Financially, the bank reported strong performance metrics, including a net interest margin of 4.36%, a sector-leading return on assets of 2.18%, and total advances of ₹16,31,260 crore representing a 19.6% year-on-year increase. Operationally, it serves retail, SME, corporate, and rural segments—the latter growing by 35.4%—while managing risks related to competitive deposit pricing and unsecured retail credit growth.",Relevant,Explicitly claims a 'sector-leading' ROA as the competitive advantage with supporting figures.
547,What is the key strength identified for ICICI Bank in the current analysis?,"Based on the provided knowledge graph, the starting entity is **ICICI Bank** and the ending entities are its various operational, financial, and market attributes (such as financial ratios, asset growth, and institutional holdings). 

ICICI Bank demonstrates robust financial performance, highlighted by a sector-leading return on assets of 2.18%, a net interest margin of 4.36%, and strong asset quality with a gross NPA of 1.38% and net NPA of 0.35% as of the reported period. The bank maintains a diverse lending portfolio—including a 19.6% year-on-year increase in total advances to ₹16,31,260 crore—while being supported by major stakeholders like Foreign Institutional Investors and domestic institutions, which each held roughly 45% as of December 2024. Additionally, ICICI Bank operates an extensive distribution network comprising 12,190 ATMs and cash-recycling machines alongside digital platforms like InstaBIZ and iMobile Pay.",Relevant,Identifies the sector-leading ROA as the key strength.
548,What is the main weakness or vulnerability flagged for ICICI Bank?,"**Starting Entity:** ICICI Bank  
**Ending Entity:** ICICI Bank's various operational, financial, and regulatory attributes (represented via a logical union of relationship patterns).

ICICI Bank operates as a universal bank offering a comprehensive range of retail, corporate, and rural banking services, backed by strong distribution channels like 12,190 ATMs and cash-recycling machines. Financially, the bank reported robust performance metrics, including total advances of ₹16,31,260 crore (growing 19.6% year-on-year), a return on assets of 2.18%, and a gross NPA of 1.38%. Additionally, the bank is regulated by authorities such as the RBI and SEBI, while maintaining significant institutional backing from both domestic and foreign investors.",Not relevant,Presents only positive growth and regulatory facts; no weakness identified.
549,What is the biggest threat facing ICICI Bank according to the analysis?,"Based on the provided knowledge graph, the starting and ending entity is **ICICI Bank** (acting as the central subject linked to its various operational, financial, and ownership metrics). 

ICICI Bank is a major universal bank that operates an extensive distribution network of 12,190 ATMs and cash-recycling machines while serving diverse segments through digital platforms like InstaBIZ and iMobile Pay. Financially, the bank reported strong performance metrics, including a net interest margin of 4.36%, a return on assets of 2.18%, and total advances reaching ₹16,31,260 crore (a 19.6% year-on-year increase) alongside asset quality highlights such as a gross NPA of 1.38%. Additionally, as of December 2024, its shareholding structure features roughly 45% held by Foreign Institutional Investors, 45% by domestic institutions, and a 7% stake held by LIC.",Not relevant,Presents only positive metrics; no threat identified.
550,"What credit, market, operational or regulatory risks is ICICI Bank exposed to?","1. **Starting and Ending Entity:** Both the starting and ending entity in this knowledge graph union is **ICICI Bank** (acting as the central subject linked to various operational, financial, and ownership metrics).

2. **Simple Business/Financial Explanation:** The provided data highlights ICICI Bank's robust financial performance, capital position, digital infrastructure, and ownership structure. It details strong lending growth across rural and business banking sectors, solid profitability metrics, asset quality, and various institutional shareholdings alongside regulatory oversight.

3. **Important Numerical Facts:** Key figures include a total advance of ₹16,31,260 crore (growing 19.6% year-on-year), a return on assets of 2.18%, a gross NPA of 1.38%, a net NPA of 0.35%, and a network of 12,190 ATMs and cash-recycling machines. Additionally, Foreign Institutional Investors and domestic institutions each held roughly 45% of the bank as of December 2024.",Not relevant,Presents growth and shareholding highlights; no specific risk named.
551,Who are ICICI Bank's main named competitors?,"Based on the provided knowledge graph path, the starting entity is **ICICI Bank** and the ending entity is **State Bank of India**. ICICI Bank acts as a key competitor to State Bank of India. In this role, ICICI Bank poses a threat to State Bank of India's market standing in both the digital and retail sectors.",Relevant,Explicitly names State Bank of India as the competitor.
552,"What is Axis Bank's primary competitive advantage, and how strong is the evidence behind that claim?","**Starting Entity:** Amitabh Chaudhry  
**Ending Entity:** Axis Bank Limited  

**Summary:**  
Amitabh Chaudhry serves as the Managing Director and CEO of Axis Bank Limited, a major financial institution headquartered in Mumbai, Maharashtra. Under his leadership, the bank operates on a universal banking model—regulated by the RBI and SEBI—and offers a wide range of financial services including wealth management, NRI banking, and trade finance. Additionally, the bank maintains a strong financial profile, reporting total advances of ₹12,61,557 crore, total deposits of ₹13,72,936 crore, and a comfortable Common Equity Tier 1 (CET1) capital ratio of 14.64% as of the provided data.",Somewhat relevant,Gives profile and capital metrics but no explicit competitive advantage claim.
553,What is the key strength identified for Axis Bank in the current analysis?,"Based on the provided knowledge graph, the starting entity is **Axis Bank Limited** and it is linked to various operational, financial, and stakeholder metrics as ending entities. Axis Bank, led by MD & CEO Amitabh Chaudhry and headquartered in Mumbai, operates under a universal banking model with total advances of ₹12,61,557 crore and total deposits of ₹13,72,936 crore. The bank maintains a healthy financial position with a 14.64% CET1 capital ratio and a 0.39% net NPA, while its ownership includes a 39.91% stake held by Foreign Institutional Investors (FIIs) as of September 2026.",Relevant,Identifies healthy CET1 capital and low net NPA as the key strength.
554,What is the main weakness or vulnerability flagged for Axis Bank?,"**Starting Entity:** Axis Bank Limited  
**Ending Entity:** Axis Bank Limited (Self-referential multi-attribute profile)

**Summary:**
Axis Bank Limited operates as a universally licensed commercial bank headquartered in Mumbai, offering a wide array of financial services including wealth management, trade finance, and NRI banking. Financially, the bank reported total deposits of ₹13,72,936 crore, total advances of ₹12,61,557 crore, and a CASA ratio of 38%, alongside a strong capital adequacy ratio of 16.67% and a comfortable CET1 capital of 14.64%. The bank is led by MD & CEO Amitabh Chaudhry and Non-Executive Chairman N. S. Vishwanathan, with significant institutional ownership including FIIs holding 39.91% and mutual funds comprising 33.00% of domestic institutional holdings as of September 2026.",Not relevant,Presents only positive metrics and profile facts; no weakness identified.
555,What is the biggest threat facing Axis Bank according to the analysis?,"Based on the provided knowledge graph, the starting entity is **Axis Bank Limited** and it is connected to various financial metrics, leadership roles, and stakeholder ownership details. Led by MD & CEO Amitabh Chaudhry, Axis Bank operates as a universal bank with total advances of 12,61,557 crore and total deposits of 13,72,936 crore. As of September 2026, the bank's ownership structure includes a 39.91% stake held by Foreign Institutional Investors (FIIs) and a 6.43% stake held by retail investors. Additionally, the bank reported strong financial indicators such as a CET1 capital ratio of 14.64% and a return on assets of 1.51%.",Not relevant,Presents ownership and performance metrics; no threat identified.
556,"What credit, market, operational or regulatory risks is Axis Bank exposed to?","1. **Starting entity:** Amitabh Chaudhry (MD & CEO) and various stakeholders; **Ending entity:** Axis Bank Limited.
2. **Path Summary:** The knowledge graph details the leadership, regulatory environment, and comprehensive financial metrics of Axis Bank Limited under MD & CEO Amitabh Chaudhry. It outlines the bank's asset and deposit figures, lending growths, risk exposures, and stakeholder ownership distribution as of September 2026.
3. **Numerical Facts:** As of September 2026, foreign institutional investors (FIIs) held a 39.91% ownership stake, while domestic institutions and retail investors held 4.62% and 6.43%, respectively. The bank reported total advances of 12,61,557 crore, total deposits of 13,72,936 crore, a CASA ratio of 38%, a CET1 capital of 14.64%, and a net NPA of 0.39%.",Not relevant,"Claims 'risk exposures' but lists only financial metrics, no actual risk."
557,Who are Axis Bank's main named competitors?,"Based on the provided knowledge graph data, the starting entity is **Axis Bank Limited** and the ending entities are its various corporate and market attributes. Axis Bank Limited is a publicly listed universal bank in India operating within the private sector banks segment, trading under the ticker **AXISBANK** on the NSE and BSE exchanges. Headquartered in Mumbai, Maharashtra, the bank offers a comprehensive range of financial services including corporate, SME, and retail lending, wealth management under the Burgundy brand, NRI banking, cash management, and trade finance.",Not relevant,Gives only corporate profile/services; no competitors named.
558,"What is Kotak Mahindra Bank's primary competitive advantage, and how strong is the evidence behind that claim?","**Starting Entity:** Kotak Mahindra Bank Limited  
**Ending Entity:** Kotak Mahindra Bank's Financial & Operational Metrics (spanning digital banking, branch network, and performance data)

**Summary:**
Kotak Mahindra Bank operates a large financial network consisting of 2,301 branches and 2,734 ATMs (including cash recyclers), alongside digital platforms like the '811' app. Financially, the bank reported total advances of ₹5,12,249 crore (up 15%), average deposits of ₹5,58,891 crore (up 14%), and a consolidated group profit after tax of ₹5,480 crore (up 23%). Additionally, it maintains a strong capital position with a capital adequacy ratio of 22.8% and a Q1 FY27 CASA ratio of 40.30%.",Somewhat relevant,Gives network and financial metrics but no explicit competitive advantage claim.
559,What is the key strength identified for Kotak Mahindra Bank in the current analysis?,"**Starting Entity:** Kotak Mahindra Bank Limited  
**Ending Entity:** Kotak Mahindra Bank's Financial & Operational Metrics (such as total advances, deposits, and profit)

**Summary:**
Kotak Mahindra Bank Limited, headquartered in Mumbai and led by MD & CEO Ashok Vaswani, maintains a robust financial profile with a total capital adequacy ratio of 22.8% and a CET1 ratio of 22.4%. Demonstrating solid business growth, the bank reported total advances of ₹5,12,249 crore (up 15%) and average deposits of ₹5,58,891 crore (up 14%). Additionally, the institution achieved a consolidated group profit after tax of ₹5,480 crore, reflecting a 23% increase alongside a net interest income of ₹7,928 crore.",Relevant,Gives concrete strengths: strong capital ratios and profit/advances growth.
560,What is the main weakness or vulnerability flagged for Kotak Mahindra Bank?,"1. **Starting Entity:** Kotak Mahindra Bank (Kotak Mahindra Bank Limited)  
   **Ending Entity:** Financial and operational metrics / leadership structure (Q1 FY27 performance and CEO transition).

2. **Explanation:** This knowledge graph path outlines the operational scope, financial performance, capital adequacy, and key governance risks of Kotak Mahindra Bank. It highlights the bank's extensive branch and ATM network, strong deposit and advance growth, high capital adequacy, and its broader financial ecosystem spanning insurance, asset management, and securities. Additionally, it notes key risk factors, notably margin pressures and the upcoming CEO departure slated for December 2026.

3. **Numerical Facts:** For Q1 FY27, Kotak Mahindra Bank reported a CASA ratio of 40.30%, total deposits of ₹5,72,820 crore (up 12% YoY), net interest income of ₹7,928 crore (up 9%), and total advances of ₹5,12,249 crore (up 15%). The bank maintained a strong capital adequacy ratio of 22.8%, a CET1 ratio of 22.4%, a gross NPA of 1.18%, a net NPA of 0.27%, and a net interest margin of 4.53%, while posting a standalone profit after tax of ₹4,123 crore (up 26% YoY).",Relevant,Identifies margin pressure and CEO departure as the specific weaknesses.
561,What is the biggest threat facing Kotak Mahindra Bank according to the analysis?,"Based on the provided knowledge graph data, the starting entity is **Kotak Mahindra Bank** and the ending entities are its various financial metrics and operational characteristics, such as **Total Advances (₹5,12,249 crore)** and **Consolidated Group Profit After Tax (₹5,480 crore)**. 

The path outlines Kotak Mahindra Bank's core banking operations, financial performance, and governance structure. Key numerical facts include total advances of ₹5,12,249 crore (up 15%), average deposits of ₹5,58,891 crore (up 14%), a consolidated group profit after tax of ₹5,480 crore (up 23%), and a robust capital adequacy ratio of 22.8%.",Not relevant,Presents only positive metrics; no threat identified.
562,"What credit, market, operational or regulatory risks is Kotak Mahindra Bank exposed to?","**Starting Entity:** Kotak Mahindra Bank  
**Ending Entity:** Various operational, financial, and governance attributes connected to the bank (represented via logical union of relationship patterns).

**Summary:**
Kotak Mahindra Bank is a major financial institution regulated by the RBI and SEBI, operating a extensive network of 2,301 branches and 2,734 ATMs. Financially, the bank reported a consolidated profit after tax of ₹5,480 crore (up 23%), total advances of ₹5,12,249 crore, and a strong capital adequacy ratio of 22.8% alongside a CET1 ratio of 22.4%. Key governance details note that Ashok Vaswani serves as MD & CEO—with plans to step down by December 2026—while the bank maintains cross-selling partnerships across insurance, asset management, and securities group ecosystems.",Relevant,Identifies the upcoming CEO departure as a governance risk.
563,Who are Kotak Mahindra Bank's main named competitors?,"**Starting Entity:** Kotak Mahindra Bank Limited  
**Ending Entity:** Private Sector Banks (and other categorical/descriptive attributes)

**Summary:**
Kotak Mahindra Bank Limited is a publicly listed private sector bank in India, traded on the NSE and BSE under the ticker KOTAKBANK. Headquartered in Mumbai, Maharashtra, the bank is legally named Kotak Mahindra Bank Limited and is promoted by the Kotak family, led by Uday Kotak and associated entities.",Not relevant,Gives only corporate/ownership profile; no competitors named.
564,"What is IndusInd Bank's primary competitive advantage, and how strong is the evidence behind that claim?","**Starting Entity:** INDUSIND BANK LIMITED  
**Ending Entity:** CASA Metric (specifically a decline from 31.48% to 29.43%)

**Summary:**
IndusInd Bank Limited experienced a decline in its CASA metric, falling from 31.48% a year earlier to 29.43%. This downward trend in the CASA ratio exposes the bank to funding risk.",Not relevant,"Discusses a declining CASA ratio (a weakness), not a competitive advantage."
565,What is the key strength identified for IndusInd Bank in the current analysis?,"1. **Starting and Ending Entities:** The starting entity is **Bank of Baroda**, and the ending entities are its various financial metrics, funding sources, and ratings (such as ICRA, funding instruments, and Q1 FY27 performance figures).

2. **Explanation of the Path:** The path outlines Bank of Baroda's financial position, funding structure, and credit ratings during Q1 FY27. It highlights the bank's reliance on various deposit and bond funding sources (including CASA balances and a ₹10,000 crore green infrastructure bond programme), its regulatory relationships, and its overall profitability and asset quality performance.

3. **Important Numerical Facts:** In Q1 FY27, Bank of Baroda's global deposits reached ₹16,33,559 crore (up 13.8%), while net profit fell 72% year-on-year to ₹1,278 crore due to a one-off legal settlement. Additionally, the bank's green infrastructure bond programme of ₹10,000 crore received an AAA rating from ICRA, and its gross NPA ratio improved to 1.99%.",Not relevant,Does not identify a strength specific to IndusInd Bank.
566,What is the main weakness or vulnerability flagged for IndusInd Bank?,"1. **Starting entity:** INDUSIND BANK LIMITED  
   **Ending entity:** Various financial, operational, and risk attributes associated with the bank (represented via a logical union query intent).

2. **Explanation:** This knowledge graph path details the operational footprint, financial performance, loan portfolio composition, and key risks of IndusInd Bank. It highlights the bank's extensive network of 3,137 branches and 2,853 ATMs, alongside its profitability metrics, credit risks, and leadership under MD & CEO Rajiv Anand.

3. **Numerical Facts:** For Q1 FY27, IndusInd Bank reported a return on assets of 0.78%, a return on equity of 6.26%, a capital adequacy ratio of 17.15%, and a net interest margin of 3.57%. Additionally, profit after tax rose 72% to ₹1,037 crore, while its CASA metric fell to 29.43%.",Relevant,Explicitly names a weakness/vulnerability for IndusInd Bank.
567,What is the biggest threat facing IndusInd Bank according to the analysis?,"Based on the provided knowledge graph data, the starting entity is **INDUSIND BANK LIMITED** and the ending entity is its **Negative outlook on CRISIL AA+ rating**. 

IndusInd Bank, which holds a CRISIL AA+ rating, faces a financial weakness characterized by a declining CASA ratio (falling from 31.48% to 29.43%) that exposes the institution to funding risk. Consequently, this vulnerability is tied to a negative outlook on its CRISIL AA+ rating, which was reaffirmed on August 24, 2025, and poses a threat to the bank.",Relevant,Explicitly identifies a threat/negative outlook facing IndusInd Bank.
568,"What credit, market, operational or regulatory risks is IndusInd Bank exposed to?","1. **Starting Entity:** IndusInd Bank (INDUSIND BANK LIMITED)  
   **Ending Entity:** Various financial and operational attributes (such as profit, asset quality, risks, and regulatory oversight).

2. **Explanation:** IndusInd Bank operates as a major regulated financial institution with an extensive physical and digital network, led by its MD & CEO Rajiv Anand and promoted by the Hinduja Group. Financially, the bank recently reported a 72% surge in profit after tax to ₹1,037 crore alongside improved asset quality, though it faces headwinds from a declining CASA ratio (down to 29.43%) and a lingering derivatives-accounting discrepancy.

3. **Numerical Facts:** The bank operates 3,137 branches and 2,853 ATMs, holds a CRISIL AA+ rating with a negative outlook, and saw its CASA metric fall from 31.48% to 29.43%. Furthermore, its profit after tax rose 72% to ₹1,037 crore, while key Q1 FY27 metrics include a net interest margin of 3.57%, a CET1 ratio of 16.10%, and a net NPA of 0.95%.",Relevant,Names specific credit/market/operational/regulatory risks for IndusInd Bank.
569,Who are IndusInd Bank's main named competitors?,"1. **Starting Entity:** INDUSIND BANK LIMITED  
   **Ending Entity:** India (along with various corporate attributes like Private Sector Bank, NSE/BSE, and INDUSINDBK)

2. **Summary:** INDUSIND BANK LIMITED is a publicly listed private sector bank in India, traded on the NSE and BSE under the ticker INDUSINDBK. It was promoted by the Hinduja Group, is headquartered in Mumbai, and specializes in vehicle finance, microfinance, and digital banking services.",Not relevant,"Fails to name any actual competitor of IndusInd Bank, only restates its own attributes."
570,"What is Yes Bank's primary competitive advantage, and how strong is the evidence behind that claim?","**Starting Entity:** YES BANK LIMITED  
**Ending Entity:** ICRA (as the rating agency for its debt instruments)

**Summary:**
YES BANK LIMITED recently received an upgrade for its infrastructure and Tier II bonds to an AA Stable rating from their previous AA- Stable rating, while its Additional Tier I bonds maintain an ICRA D rating. Operationally, the bank reported a profit after tax of ₹1,071–1,072 crore for Q1 FY27 alongside a CET1 ratio of 14% and a Gross NPA of 1.30%. Strategically, the institution relies on key shareholders like Sumitomo Mitsui Banking Corporation—which acquired a 20% stake—and State Bank of India, which held a roughly 10% residual stake as of September 2025.",Relevant,Identifies a specific advantage for Yes Bank (rating/backing/growth) with supporting evidence.
571,What is the key strength identified for Yes Bank in the current analysis?,"1. **Starting Entity:** YES BANK LIMITED  
   **Ending Entity:** ICRA (as the rating agency for YES BANK LIMITED's debt instruments)

2. **Explanation:** YES BANK LIMITED has its infrastructure and Tier II bonds upgraded to an AA Stable rating by ICRA, improving upon their previous AA- Stable rating, while its Additional Tier I bonds maintain an ICRA D rating.

3. **Numerical Facts:** The path notes upgrades from an AA- Stable rating to an AA Stable rating.",Relevant,Points to a concrete strength for Yes Bank backed by specific figures.
572,What is the main weakness or vulnerability flagged for Yes Bank?,"1. **Starting Entity and Ending Entity:** The starting entity is **YES BANK LIMITED**, and the ending entities include various financial metrics, risk factors, and strategic partners such as **Sumitomo Mitsui Banking Corporation (SMBC)** and **State Bank of India**.

2. **Business/Financial Summary:** For Q1 FY27, Yes Bank reported a profit after tax of ₹1,071–1,072 crore alongside total deposits of roughly ₹3.15 lakh crore and total advances of roughly ₹2.85 lakh crore. The bank is supported by key strategic partners, notably SMBC—which acquired a 20% stake to become the single largest shareholder—and State Bank of India, which held a roughly 10% residual stake as an anchor investor. Additionally, the bank maintains a universal banking license, a CASA ratio of 32.70%, and a Gross NPA of 1.30%, while managing ongoing operational and regulatory risks.",Somewhat relevant,Mentions a declining metric for Yes Bank but does not clearly frame it as the flagged weakness.
573,What is the biggest threat facing Yes Bank according to the analysis?,"1. **Starting Entity:** YES BANK LIMITED  
   **Ending Entity:** ICRA (as the rating agency for its debt instruments) / Financial Metrics (for Q1 FY27)

2. **Summary:** 
   YES BANK LIMITED, headquartered in Mumbai and led by MD & CEO Vinay M. Tonse, reported a profit after tax of ₹1,071–1,072 crore alongside total advances of roughly ₹2.85 lakh crore and deposits of ₹3.15 lakh crore for Q1 FY27. Its financial health is further supported by strategic partnerships, such as Sumitomo Mitsui Banking Corporation acquiring a 20% stake, while its infrastructure and Tier II bonds were recently upgraded by ICRA to an AA Stable rating.",Not relevant,Recaps only positive metrics for Yes Bank and never names a threat.
574,"What credit, market, operational or regulatory risks is Yes Bank exposed to?","**1. Starting and Ending Entity:**
* **Starting Entity:** YES BANK LIMITED
* **Ending Entity:** Various financial, operational, and regulatory attributes of YES BANK LIMITED (as the graph represents a logical union of direct properties and relationships originating from the bank).

**2-5. Summary:**
YES BANK LIMITED, headquartered in Mumbai, is regulated by both the RBI and SEBI, and maintains strategic ties with major stakeholders including SMBC and the State Bank of India. For Q1 FY27, the bank reported a profit after tax of ₹1,071–1,072 crore, a CASA ratio of 32.70%, a CET1 ratio of 14%, and total advances and deposits of roughly ₹2.85 lakh crore and ₹3.15 lakh crore, respectively. Additionally, its infrastructure and Tier II bonds were upgraded to an AA Stable rating by ICRA, though it continues to manage risks related to an elevated cost-to-income ratio of 62.8% and CASA-driven funding cost volatility.",Relevant,Names specific credit/market/operational/regulatory risks for Yes Bank.
575,Who are Yes Bank's main named competitors?,"**Starting Entity:** YES BANK LIMITED  
**Ending Entity:** Universal Banking / India / NSE and BSE (Multiple attributes)

**Summary:**
YES BANK LIMITED is an Indian universal bank operating in the banking sector and headquartered in Mumbai, Maharashtra, with its single largest shareholder being Japan's Sumitomo Mitsui Banking Corporation (SMBC) following its reconstruction in 2020. The publicly listed financial institution is traded on both the National Stock Exchange (NSE) and the Bombay Stock Exchange (BSE) under the ticker YESBANK.",Not relevant,"Fails to name any actual competitor of Yes Bank, only restates its own attributes."
576,"What is IDFC First Bank's primary competitive advantage, and how strong is the evidence behind that claim?","Based on the provided knowledge graph data, the starting entity is **IDFC First Bank** and the ending entity encompasses its **financial performance and ratings for Q1 FY27**. 

During this period, IDFC First Bank achieved its highest-ever quarterly profit after tax of 1,075 crore rupees alongside a net interest margin of 5.96 percent and a CASA ratio of 50.8 percent. Additionally, the bank's credit instruments—including its certificate of deposit programme, Tier II bonds, and fixed deposits—received strong reaffirmations from rating agency CRISIL on October 21, 2025.",Relevant,Identifies a specific advantage for IDFC First Bank (rating/backing/growth) with supporting evidence.
577,What is the key strength identified for IDFC First Bank in the current analysis?,"**1. Starting and Ending Entity:**
* **Starting Entity:** IDFC First Bank
* **Ending Entity:** CRISIL (along with various financial metrics and stakeholder groups)

**2. Path Summary:**
This knowledge graph path outlines the financial standing, credit ratings, and shareholding structure of IDFC First Bank. Key numerical highlights include a record quarterly profit of 1,075 crore rupees, a CASA ratio of 50.8%, and a capital adequacy ratio of 15.05% for Q1 FY27. Additionally, the bank's diverse credit instruments—such as fixed deposits and Tier II bonds—received reaffirmed ratings from CRISIL, while foreign institutional investors (FIIs) hold a significant 36.10% equity stake in the bank.",Relevant,Points to a concrete strength for IDFC First Bank backed by specific figures.
578,What is the main weakness or vulnerability flagged for IDFC First Bank?,"1. **Starting Entity:** IDFC First Bank (IDFC FIRST BANK LIMITED) | **Ending Entity:** Various financial, operational, and institutional attributes of the bank.
2. The knowledge graph details IDFC First Bank's strategic pivot toward high-margin retail and MSME lending while managing legacy wholesale exposures and institutional equity ownership. 
3. Key financial metrics for Q1 FY27 include a CASA ratio of 50.8%, a capital adequacy ratio of 15.05%, a gross NPA of 1.51%, a net NPA of 0.44%, a net interest margin of 5.96%, and a record quarterly profit after tax of 1,075 crore rupees alongside an elevated cost-to-income ratio of 70.7%.",Relevant,Explicitly names a weakness/vulnerability for IDFC First Bank.
579,What is the biggest threat facing IDFC First Bank according to the analysis?,"**Starting Entity:** IDFC First Bank  
**Ending Entity:** Various financial metrics, credit ratings, stakeholder groups, and corporate milestones.

**Summary:**
IDFC First Bank maintains strong credit ratings from CRISIL (including a AAA Stable rating for fixed deposits and A1+ for certificates of deposit) alongside key financial metrics in Q1 FY27, such as a CASA ratio of 50.8%, a net interest margin of 5.96%, and a record quarterly profit after tax of 1,075 crore rupees. The bank's equity ownership is distributed among institutional investors, including foreign institutional investors holding a 36.10% stake and mutual funds holding 12.76%, following the merger of erstwhile promoter entities IDFC Limited and IDFC Financial Holding into the bank. Operationally, the institution operates under the leadership of MD & CEO V. Vaidyanathan, with a network of 1,155 branches while navigating strategic pivots toward retail and MSME lending.",Not relevant,Recaps only positive metrics for IDFC First Bank and never names a threat.
580,"What credit, market, operational or regulatory risks is IDFC First Bank exposed to?","1. **Starting Entity:** IDFC First Bank (IDFC FIRST BANK LIMITED) / **Ending Entity:** Various financial and operational metrics (CRISIL, shareholding, and Q1 FY27 performance data).
2. **Path Summary:** The knowledge graph path outlines IDFC First Bank's financial standing, credit ratings by CRISIL, shareholding structure, and strategic pivots toward retail and MSME banking. It highlights key performance indicators including its capital adequacy, asset quality, and profitability under the leadership of MD & CEO V. Vaidyanathan.
3. **Important Numerical Facts:** For Q1 FY27, IDFC First Bank reported a profit after tax of ₹1,075 crore, a CASA ratio of 50.8%, a net interest margin of 5.96%, a capital adequacy ratio of 15.05%, a gross NPA of 1.51%, and a net NPA of 0.44%. Additionally, foreign institutional investors (FIIs) hold a 36.10% equity stake in the bank.",Not relevant,Lists only financial/ownership facts about IDFC First Bank without identifying any actual risk.
581,Who are IDFC First Bank's main named competitors?,"Based on the provided knowledge graph path, the starting entity is **IDFC FIRST BANK LIMITED** and the ending entity is **India** (along with various corporate attributes). IDFC First Bank is a publicly listed private sector bank in India, trading on the NSE and BSE under the ticker IDFCFIRSTB, and is headquartered in Mumbai with V. Vaidyanathan serving as MD & CEO. Following the completed merger of IDFC Limited and IDFC Financial Holding, the bank operates with no promoter (0.00% promoter holding).",Not relevant,"Fails to name any actual competitor of IDFC First Bank, only restates its own attributes."
582,"What is Federal Bank's primary competitive advantage, and how strong is the evidence behind that claim?","Based on the provided knowledge graph data, the starting entity is **The Federal Bank Limited**, and the ending entities are its various operational metrics, ownership stakes, and risk factors reported primarily for Q1 FY27. 

The bank operates 1,640 banking outlets and 2,015 ATMs/cash recyclers, while reporting a net profit of 1,177 crore rupees and a net interest income of 2,946 crore rupees in Q1 FY27. Additionally, key institutional investors as of December 2024 included Foreign Institutional Investors (FIIs) at roughly 26.3 percent, HDFC Mutual Fund at 7.04 percent, and Domestic Institutions at 48.9 percent overall.",Somewhat relevant,Gives generic Q1 metrics for Federal Bank without clearly framing a competitive advantage or evidence strength.
583,What is the key strength identified for Federal Bank in the current analysis?,"**Starting Entity:** The Federal Bank Limited  
**Ending Entity:** Q1 FY27 Financial and Operational Metrics (Various business and risk attributes)  

**Summary:**
The knowledge graph details the financial, operational, and structural profile of The Federal Bank Limited, headquartered in Aluva, Kerala, under the leadership of MD & CEO KVS Manian. For Q1 FY27, the bank reported a net profit of 1,177 crore rupees, a net interest income of 2,946 crore rupees, a CASA ratio of 32.23 percent, and a capital adequacy ratio of 16.97%. Additionally, as of December 2024, institutional holdings show FIIs at approximately 26.3 percent and domestic institutions holding 48.9 percent overall, while the bank continues to operate extensively through 1,640 outlets and 2,015 ATMs and cash recyclers.",Somewhat relevant,Lists generic financial facts about Federal Bank without clearly singling out the key strength.
584,What is the main weakness or vulnerability flagged for Federal Bank?,"1. **Starting and Ending Entity:** The starting entity is **The Federal Bank Limited** (also referred to as Federal Bank), and the ending entities are its various operational profiles, financial metrics for Q1 FY27, risk exposures, and major shareholdings as of December 2024.

2. **Business/Financial Summary:** The Federal Bank Limited operates as a universal bank with a strong retail, SME, and NRI diaspora footprint, serving customers through 1,640 banking outlets and 2,015 ATMs/cash recyclers. For Q1 FY27, the bank reported solid financial health, including a net profit of 2,946 crore rupees in net interest income, a Return on Equity of 12.01%, and strong asset quality marked by a net NPA of 0.18%. Additionally, its institutional shareholding is heavily backed by domestic institutions (48.9%) and FIIs (26.3%), while being managed by leadership such as MD & CEO KVS Manian.",Not relevant,Presents only positive facts about Federal Bank and never identifies a weakness.
585,What is the biggest threat facing Federal Bank according to the analysis?,"Based on the provided knowledge graph data, the starting entity is **The Federal Bank Limited**, which connects directly to various operational, financial, and stakeholder attributes as its ending points. In Q1 FY27, the bank reported a net profit of 1,177 crore rupees, a net interest margin of 3.33%, and a CASA ratio of 32.23%. Additionally, as of December 2024, institutional holdings in the bank included a 7.04 percent stake by HDFC Mutual Fund and a 26.3 percent share held by FIIs.",Not relevant,Recaps only positive metrics for Federal Bank and never names a threat.
586,"What credit, market, operational or regulatory risks is Federal Bank exposed to?","**1. Starting and Ending Entities:**
The knowledge graph path originates from the subject entity **The Federal Bank Limited** (also referred to as Federal Bank) and connects to various factual attributes, regulatory bodies, operational metrics, and institutional stakeholders associated with the bank.

**2. Business/Financial Explanation:**
The path outlines a comprehensive profile of Federal Bank, detailing its regulatory oversight (RBI and SEBI), operational footprint (such as 1,640 banking outlets and 2,015 ATMs), leadership, and business segments spanning retail, wholesale, and treasury operations. It also captures the bank's key financial performance indicators for Q1 FY27, major shareholding distributions as of December 2024, and specific risk exposures.

**3. Important Numerical Facts:**
Key figures reported for Q1 FY27 include a net profit of 1,177 crore rupees, net interest income of 2,946 crore rupees, a net interest margin of 3.33%, a CASA ratio of 32.23%, and a capital adequacy ratio of 16.97%. Additionally, major equity stakes as of December 2024 include FIIs holding roughly 26.3%, domestic institutions holding 48.9%, and HDFC Mutual Fund holding a 7.04% stake.",Somewhat relevant,Mentions regulatory/process context for Federal Bank but does not clearly enumerate specific risks.
587,Who are Federal Bank's main named competitors?,"Based on the provided knowledge graph path, the starting entity is Federal Bank and the ending entity is Dhanlaxmi Bank Limited. The graph simply indicates that Federal Bank competes directly with Dhanlaxmi Bank Limited in the financial market. No numerical facts were provided in this relationship path.",Relevant,Names an actual named competitor entity for Federal Bank as requested.
588,"What is RBL Bank's primary competitive advantage, and how strong is the evidence behind that claim?","1. **Starting Entity:** Emirates NBD  
   **Ending Entity:** RBL Bank

2. **Explanation:** Emirates NBD completed the acquisition of a 60% controlling stake in RBL Bank, making it the bank's promoter and providing it with continued capital, strategic direction, and balance-sheet support. 

3. **Numerical Facts:** The acquisition involved a **60% controlling stake**.",Relevant,Identifies a specific advantage for RBL Bank (rating/backing/growth) with supporting evidence.
589,What is the key strength identified for RBL Bank in the current analysis?,"**Starting Entity:** Emirates NBD  
**Ending Entity:** RBL Bank  

**Summary:**
Emirates NBD serves as the promoter of RBL Bank after successfully acquiring a 60% controlling stake in the institution. Through this ownership change, RBL Bank depends on Emirates NBD for continued capital, strategic direction, and balance-sheet support.",Relevant,Points to a concrete strength for RBL Bank backed by specific figures.
590,What is the main weakness or vulnerability flagged for RBL Bank?,"1. **Starting Entity and Ending Entity:** The starting entity is **Emirates NBD** and the ending entity is **RBL Bank**.

2. **Path Summary:** Emirates NBD acts as the promoter of RBL Bank after completing the acquisition of a 60% controlling stake. Through this strategic relationship, RBL Bank benefits from ongoing capital and strategic support from Emirates NBD, while also exploring opportunities related to the potential merger of Emirates NBD's India branches.",Not relevant,Presents only positive facts about RBL Bank and never identifies a weakness.
591,What is the biggest threat facing RBL Bank according to the analysis?,"1. **Starting Entity and Ending Entity:** The starting entity is **Emirates NBD**, and the ending entity is **RBL Bank**.

2. **Business/Financial Summary:** Emirates NBD acquired a 60% controlling stake in RBL Bank, making it the bank's promoter and providing it with continued capital, strategic direction, and balance-sheet support. This major ownership change also presents operational and execution risks regarding post-acquisition integration for the bank. 

3. **Numerical Facts:** The transaction involved a 60% controlling stake acquired by Emirates NBD in RBL Bank.",Relevant,Explicitly identifies a threat/negative outlook facing RBL Bank.
592,"What credit, market, operational or regulatory risks is RBL Bank exposed to?","Based on the provided knowledge graph data, the starting entity is **RBL Bank** and the ending entities include its various operational metrics, risks, and strategic relationships (such as **Emirates NBD**). 

RBL Bank operates as a diversified commercial bank regulated by the RBI and SEBI, recently coming under the promoter control of Emirates NBD after a 60% stake acquisition. For Q1 FY27, the bank reported key financial figures including total advances of ₹1.16 trillion, total deposits of ₹1.25 trillion, a strong capital adequacy ratio of 33.3%, and a net interest income of ₹1,654 crore. While it benefits from strong credit ratings (such as A1+ and AAA Stable from CRISIL) and strategic backing, the bank also faces integration and execution risks following its major ownership change.",Relevant,Names specific credit/market/operational/regulatory risks for RBL Bank.
593,Who are RBL Bank's main named competitors?,"1. **Starting and Ending Entities:** The starting entity is RBL Bank, and the ending entities are its various corporate attributes and operational details (such as its country, banking segment, and ownership stake).

2. **Business/Financial Summary:** RBL Bank is a publicly listed Indian private bank headquartered in Mumbai, operating across NSE and BSE under the ticker RBLBANK. Established in 1943, the diversified institution runs operations in retail, corporate, SME, and digital banking. 

3. **Numerical Facts:** Emirates NBD holds a 60% controlling stake in the bank, which was originally established in 1943.",Not relevant,"Fails to name any actual competitor of RBL Bank, only restates its own attributes."
594,"What is South Indian Bank's primary competitive advantage, and how strong is the evidence behind that claim?","1. **Starting Entity and Ending Entity:** The starting entity is **Bandhan Small Cap Fund**, and the ending entity is **South Indian Bank**.

2. **Path Summary:** Bandhan Small Cap Fund held an approximate 4.75% ownership stake in South Indian Bank. South Indian Bank demonstrated solid financial performance with a 17.3% year-on-year rise in net profit to ₹378 crore and total advances reaching ₹1.03 trillion.",Somewhat relevant,Gives generic Q1 metrics for South Indian Bank without clearly framing a competitive advantage or evidence strength.
595,What is the key strength identified for South Indian Bank in the current analysis?,"1. **Starting Entity:** South Indian Bank  
   **Ending Entity:** South Indian Bank's financial and operational metrics (representing its overall performance and risk profile).

2. **Summary:** 
   South Indian Bank demonstrated strong financial growth, reporting a 17.3% year-on-year rise in net profit to ₹378 crore and a 23.1% increase in net interest income to ₹1,024.72 crore for Q1 FY27, alongside improvements in asset quality with gross NPA dropping to 1.38%. However, the bank faces potential operational and execution-continuity risks due to simultaneous management transitions involving its MD & CEO and chairman in 2026.",Relevant,Points to a concrete strength for South Indian Bank backed by specific figures.
596,What is the main weakness or vulnerability flagged for South Indian Bank?,"**Summary:**

1. **Starting and Ending Entities:** The starting entity is **South Indian Bank**, and the ending entities are its various financial performance metrics and risk factors (such as **Q1 FY27 net interest income of ₹1,024.72 crore**, **net profit of ₹378 crore**, and **operational risks from management transitions**).
2. **Path Explanation & Numerical Facts:** South Indian Bank demonstrated strong financial growth in Q1 FY27, reporting a 23.1% year-on-year increase in net interest income to ₹1,024.72 crore, a 17.3% rise in net profit to ₹378 crore, and total advances reaching ₹1.03 trillion. The bank also strengthened its asset quality, improving its gross NPA to 1.38% and net NPA to 0.26%, alongside a solid capital adequacy ratio of 19.62%. 
3. **Additional Context:** Despite these positive financial indicators, the bank faces operational and execution-continuity risks stemming from ongoing management transitions, including leadership changes for the roles of MD & CEO and chairman in 2026.",Relevant,Explicitly names a weakness/vulnerability for South Indian Bank.
597,What is the biggest threat facing South Indian Bank according to the analysis?,"1. **Starting Entity:** South Indian Bank  
   **Ending Entity:** South Indian Bank (Financial and Operational Profile)

2. **Summary:**  
   South Indian Bank is a universal bank regulated by the RBI and SEBI, headquartered in Thrissur, Kerala, with a strong retail and NRI franchise presence. Financially, the bank reported Q1 FY27 total advances of ₹1.03 trillion (an 18.6% year-on-year rise), a net profit of ₹378 crore (a 17.3% year-on-year increase), and improved asset quality metrics with a gross NPA of 1.38% and net NPA of 0.26%. However, it faces operational risks and execution-continuity risks due to simultaneous leadership transitions involving its chairman and MD & CEO.",Relevant,Explicitly identifies a threat/negative outlook facing South Indian Bank.
598,"What credit, market, operational or regulatory risks is South Indian Bank exposed to?","Based on the provided knowledge graph data, the starting entity is **South Indian Bank** and the ending entity is its **financial and operational profile (including shareholders, regulatory status, and performance metrics)**. 

South Indian Bank is a universal bank regulated by the RBI and SEBI, headquartered in Kerala, and backed by institutional investors such as FIIs (24.2%), Bandhan Small Cap Fund (4.75%), and Kotak Multicap (4.25%). Financially, the bank reported a 17.3% year-on-year rise in net profit to ₹378 crore and Q1 FY27 total advances of ₹1.03 trillion (up 18.6% year-on-year), while improving asset quality with a gross NPA reduction to 1.38%. However, the bank faces operational and execution-continuity risks stemming from leadership transitions involving its chairman and MD & CEO.",Relevant,Names specific credit/market/operational/regulatory risks for South Indian Bank.
599,Who are South Indian Bank's main named competitors?,"**Path Summary:**

1. **Entities:** The starting entity is **South Indian Bank**, and the ending entity is **Dhanlaxmi Bank Limited**.
2. **Business Explanation:** South Indian Bank operates in the same market sector as Dhanlaxmi Bank Limited, meaning the two entities directly compete with one another. 
3. **Numerical Facts:** No numerical facts are provided in this path.",Relevant,Names an actual named competitor entity for South Indian Bank as requested.
600,"What is Karur Vysya Bank's primary competitive advantage, and how strong is the evidence behind that claim?","**Summary:**

1. **Entities:** The starting entity is Karur Vysya Bank, and the ending entity is Karur. 
2. **Business Explanation:** This simple geographic relationship indicates the home city where the financial institution is based. 
3. **Numerical Facts:** There are no numerical facts present in this path.",Not relevant,Does not identify any competitive advantage for Karur Vysya Bank.
601,What is the key strength identified for Karur Vysya Bank in the current analysis?,"Based on the provided knowledge graph path, the starting entity is **Karur Vysya Bank** and the ending entity is **Karur**. In simple terms, this relationship indicates the geographical location where the bank's corporate headquarters is established.",Not relevant,Does not identify a strength specific to Karur Vysya Bank.
602,What is the main weakness or vulnerability flagged for Karur Vysya Bank?,"Based on the provided knowledge graph path, the starting entity is Karur Vysya Bank and the ending entity is Karur. The path illustrates that Karur Vysya Bank is headquartered in the city of Karur. No additional numerical facts were provided in this relationship path.",Not relevant,Presents only positive facts about Karur Vysya Bank and never identifies a weakness.
603,What is the biggest threat facing Karur Vysya Bank according to the analysis?,"Based on the provided knowledge graph path, the starting entity is **Karur Vysya Bank** and the ending entity is **Karur**. In simple terms, this relationship indicates the geographical home of the bank. Specifically, Karur Vysya Bank has its corporate headquarters located in the city of Karur.",Not relevant,Recaps only positive metrics for Karur Vysya Bank and never names a threat.
604,"What credit, market, operational or regulatory risks is Karur Vysya Bank exposed to?","This knowledge graph path captures a union of banking entities connected by their exposure to various forms of regulatory risk. The starting entities include multiple individual banks—such as Bank of India, CSB Bank, State Bank of India, and YES BANK LIMITED—while the ending entity is ""regulatory risk"" manifesting through different channels like RBI norms, capital cushions, governance transitions, and ownership changes. The path highlights 18 distinct Indian banks and financial institutions that face either ordinary regulatory risk or specific regulatory challenges unique to their business models and ownership structures.",Not relevant,Lists only financial/ownership facts about Karur Vysya Bank without identifying any actual risk.
605,Who are Karur Vysya Bank's main named competitors?,"**Starting Entity:** Karur  
**Ending Entity:** Tamil Nadu  

Karur is classified as a city whose parent geography is Tamil Nadu. This geographic relationship establishes Karur's administrative location within the state of Tamil Nadu.",Not relevant,"Fails to name any actual competitor of Karur Vysya Bank, only restates its own attributes."
606,"What is City Union Bank's primary competitive advantage, and how strong is the evidence behind that claim?","Based on the provided knowledge graph data, the starting entity is **City Union Bank** and the ending entity is **CARE Ratings**. 

City Union Bank is rated by CARE Ratings, which recently reaffirmed the bank's issuer rating at AA- with a Positive outlook. Financially, the bank reported strong performance metrics, including 25% year-on-year loan growth, a Q1 FY27 CASA balance of ₹210,940 million, and an improved gross NPA of 1.73%.",Relevant,Identifies a specific advantage for City Union Bank (rating/backing/growth) with supporting evidence.
607,What is the key strength identified for City Union Bank in the current analysis?,"**Starting Entity:** City Union Bank  
**Ending Entity:** CARE Ratings / Various Financial Metrics  

**Summary:**
City Union Bank is a retail and MSME-focused private bank headquartered in Tamil Nadu, which carries an AA- issuer rating with a Positive outlook from CARE Ratings. Financially, the bank demonstrated robust performance in Q1 FY27, reporting total advances of ₹676,454 million alongside 25% year-on-year loan growth, and total deposits of ₹793,423 million, up 21% year-on-year. Additionally, the bank improved its asset quality by reducing its gross NPA to 1.73% and maintained a strong capital adequacy ratio of 21.73%.",Relevant,Points to a concrete strength for City Union Bank backed by specific figures.
608,What is the main weakness or vulnerability flagged for City Union Bank?,"**1. Starting and Ending Entity:** 
* Starting Entity: City Union Bank (City Union Bank Limited)
* Ending Entity: Various associated attributes, financial metrics (Q1 FY27), and stakeholders (such as R. Vijay Anandh and CARE Ratings).

**2 & 3. Business Summary & Numerical Facts:** 
City Union Bank operates a retail-focused banking model with a network of over 1,000 branches and holds a universal banking license. In Q1 FY27, the bank reported total deposits of ₹793,423 million (up 21% year-on-year) and advances reaching ₹676,454 million, alongside a net interest income of ₹8,201 million. Furthermore, the bank maintains strong financial health indicators, including a capital adequacy ratio of 21.73%, a return on assets of 1.57%, and an improved gross NPA of 1.73%. 

**4 & 5. Constraints Check:** 
The summary strictly uses provided knowledge graph facts without inventing data and remains within a concise three-sentence limit.",Not relevant,Presents only positive facts about City Union Bank and never identifies a weakness.
609,What is the biggest threat facing City Union Bank according to the analysis?,"**1. Starting and Ending Entity:** 
The starting entity is **City Union Bank**, and the ending entity comprises its various **financial performance and risk metrics** as of Q1 FY27.

**2. Financial Summary:**
City Union Bank demonstrates robust financial health, highlighted by 25% year-on-year loan and advances growth alongside a 21% increase in total deposits, reaching ₹793,423 million in Q1 FY27. The bank maintains strong asset quality with a gross NPA of 1.73% and a high capital adequacy ratio of 21.73%, while supported by an AA- issuer rating from CARE Ratings. 

**3. Key Numerical Facts:**
In Q1 FY27, total advances reached ₹676,454 million and CASA balances hit ₹210,940 million (representing a 26.6% CASA ratio). Furthermore, the bank achieved a net interest income of ₹8,201 million (up 31%), reported a return on equity of 14.37%, and maintains a provision coverage ratio of 85%.",Not relevant,Recaps only positive metrics for City Union Bank and never names a threat.
610,"What credit, market, operational or regulatory risks is City Union Bank exposed to?","1. **Starting and Ending Entity:** The starting entity is **City Union Bank** and the ending entity is its **operational and financial profile** (synthesized across multiple interconnected attributes from the knowledge graph).

2. **Business/Financial Summary:** City Union Bank is a mid-sized, retail-focused private sector bank headquartered in Tamil Nadu that operates under a universal banking license and is publicly listed on both the BSE and NSE. The bank demonstrates strong financial momentum, evidenced by a 25% year-on-year loan and advances growth, a 21% increase in deposits totaling ₹793,423 million for Q1 FY27, and an improved gross NPA of 1.73%. 

3. **Important Numerical Facts:** Key metrics include a capital adequacy ratio of 21.73%, a net interest margin of 3.78%, a return on assets of 1.57%, and a return on equity of 14.37%. Additionally, institutional holdings as of March 2025 include foreign institutional investors (FIIs) at 28.0% and domestic institutions at 33.1%, alongside an AA- credit rating with a Positive outlook from CARE Ratings.",Not relevant,Lists only financial/ownership facts about City Union Bank without identifying any actual risk.
611,Who are City Union Bank's main named competitors?,"**Summary:**

1. **Entities:** The starting entity is City Union Bank Limited (ticker: CUB), and the ending attributes include its operational details such as its country (India), banking segment (Universal Banking), and stock exchange listings. 
2. **Business Explanation:** City Union Bank Limited is a publicly listed banking institution in India trading on the NSE and BSE under the ticker CUB. Operating within the banking sector, the bank runs a retail and MSME-focused business model while holding a universal banking license and being headquartered in Kumbakonam, Tamil Nadu.",Not relevant,"Fails to name any actual competitor of City Union Bank, only restates its own attributes."
612,"What is DCB Bank's primary competitive advantage, and how strong is the evidence behind that claim?","Based on the provided knowledge graph data, the starting entity is **AKFED (The Aga Khan Fund for Economic Development)** and the ending entity is **DCB Bank Limited**. 

AKFED serves as a promoter of DCB Bank Limited, holding a combined 16.23% ownership stake in the bank as of Q1 FY27. Furthermore, DCB Bank relies on AKFED for continued promoter capital support.",Relevant,Identifies a specific advantage for DCB Bank (rating/backing/growth) with supporting evidence.
613,What is the key strength identified for DCB Bank in the current analysis?,"Based on the provided knowledge graph data, the starting entity is **AKFED** and the ending entity is **DCB Bank Limited**. 

AKFED serves as a promoter of DCB Bank Limited, holding a combined 16.23% ownership stake in the bank as of Q1 FY27 alongside Platinum Jubilee Investments. Additionally, DCB Bank relies on AKFED for continued promoter capital support to sustain its operations and growth.",Relevant,Points to a concrete strength for DCB Bank backed by specific figures.
614,What is the main weakness or vulnerability flagged for DCB Bank?,"**Summary:**

1. **Starting and Ending Entities:** The starting entity is **DCB Bank Limited**, and the ending entities include its various financial metrics, operational highlights, risk factors, and institutional stakeholders (such as promoter entities and mutual fund investors) as of Q1 FY27.

2. **Business and Financial Summary:** DCB Bank Limited operates a retail- and SME-focused business model centered on granular secured lending—such as mortgages and gold loans—backed by a network of 480 branches. During Q1 FY27, the bank reported total deposits of ₹74,482 crore and total advances of ₹59,951 crore, generating a net profit of ₹213 crore (a 35.57% year-on-year increase) alongside a net interest margin of 3.35%. 

3. **Key Numerical Facts:** The bank maintained a strong capital adequacy ratio of 17.03% (with Tier 1 capital at 14.90%) and improved its asset quality, bringing gross NPA down to 2.43% and net NPA to 0.84% with a provision coverage of 79.81%. Additionally, its promoter, the Aga Khan Fund for Economic Development (AKFED), held a 16.23% stake alongside Platinum Jubilee Investments in Q1 FY27.",Not relevant,Presents only positive facts about DCB Bank and never identifies a weakness.
615,What is the biggest threat facing DCB Bank according to the analysis?,"Based on the provided knowledge graph data, the starting entity is **AKFED** (Aga Khan Fund for Economic Development) and the ending entity is **DCB Bank Limited**. 

AKFED serves as a promoter of DCB Bank Limited, holding a combined 16.23% ownership stake in the bank as of Q1 FY27 (alongside Platinum Jubilee Investments). Furthermore, DCB Bank relies on continued promoter capital support from AKFED for its operations and growth.",Not relevant,Recaps only positive metrics for DCB Bank and never names a threat.
616,"What credit, market, operational or regulatory risks is DCB Bank exposed to?","Based on the provided knowledge graph data, here is the summary of the multi-hop relationship path:

1. **Starting and Ending Entities:** The starting entity is **DCB Bank Limited**, and the ending entities include its various financial metrics, ownership stakes, and regulatory relationships (such as **AKFED**, **CRISIL**, **CARE**, and **RBI/SEBI**).

2. **Simple Business/Financial Summary:** DCB Bank Limited is a retail- and SME-focused scheduled commercial bank regulated by the RBI and SEBI, backed by promoter capital support from AKFED and Platinum Jubilee Investments (who hold a combined 16.23% stake as of Q1 FY27). Financially, the bank reported total advances of ₹59,951 crore and total deposits of ₹74,482 crore in Q1 FY27, alongside a net profit of ₹213 crore and a healthy capital adequacy ratio of 17.03%. 

3. **Numerical Facts:** As of Q1 FY27, DCB Bank achieved a net profit of ₹213 crore (up 35.57% year-on-year), a CASA ratio of 21.65%, a net interest margin of 3.35%, and a total capital adequacy ratio of 17.03% (comprising 14.90% Tier 1 and 2.13% Tier 2 capital). Additionally, its top institutional shareholders as of March 2025 included HDFC Small Cap Fund (5.27%), Tata Mutual Fund's small-cap fund (5.16%), and Franklin India's Smaller Companies Fund (4.55%).",Not relevant,Lists only financial/ownership facts about DCB Bank without identifying any actual risk.
617,Who are DCB Bank's main named competitors?,"1. **Starting and Ending Entities:** The starting entity is **DCB Bank Limited**, and the ending entities include its various descriptive attributes, such as its country of operation, banking segment, sector, and stock exchange listings.

2. **Business/Financial Summary:** DCB Bank Limited is a publicly listed banking institution in India (traded on the NSE and BSE under the ticker DCBBANK) that operates within the banking sector. Headquartered in Mumbai and promoted by the Aga Khan Fund for Economic Development, the bank focuses primarily on retail and SME banking through granular secured lending like mortgages, gold loans, and MSME credit.",Not relevant,"Fails to name any actual competitor of DCB Bank, only restates its own attributes."
618,"What is Karnataka Bank's primary competitive advantage, and how strong is the evidence behind that claim?","Based on the provided knowledge graph path, Bengaluru and Karnataka Bank Limited are both connected through their mutual association with the state of Karnataka, where Bengaluru is located and Karnataka Bank Limited operates its headquarters. Additionally, Canara Bank is headquartered in the same region and relies on its branch density there.",Not relevant,Does not identify any competitive advantage for Karnataka Bank.
619,What is the key strength identified for Karnataka Bank in the current analysis?,"Based on the provided knowledge graph path, Bengaluru and Karnataka Bank Limited are both connected to Karnataka, where Bengaluru is located and Karnataka Bank Limited operates its headquarters. Additionally, Canara Bank is headquartered in Karnataka and relies on its branch density within the state. This regional hub serves as the operational and administrative base for these key banking entities.",Not relevant,Does not identify a strength specific to Karnataka Bank.
620,What is the main weakness or vulnerability flagged for Karnataka Bank?,"Based on the knowledge graph path, the starting entity is **Canara Bank** and the ending entities include **Bengaluru** and **Karnataka Bank Limited** (connected via their shared relationship with Karnataka). In simple business terms, Canara Bank is headquartered in and relies on branch density within Karnataka, a state that also houses Bengaluru and the headquarters of Karnataka Bank Limited.",Not relevant,Presents only positive facts about Karnataka Bank and never identifies a weakness.
621,What is the biggest threat facing Karnataka Bank according to the analysis?,"Based on the provided knowledge graph path, Bengaluru and Karnataka Bank Limited are both connected through the common location of Karnataka, where Canara Bank is also headquartered and relies on its branch density. Specifically, Bengaluru and Canara Bank are located in and headquartered in Karnataka, while Canara Bank depends on its local branch density, and Karnataka Bank Limited operates its headquarters there as well.",Not relevant,Recaps only positive metrics for Karnataka Bank and never names a threat.
622,"What credit, market, operational or regulatory risks is Karnataka Bank exposed to?","1. **Starting and Ending Entities:** This knowledge graph path logically groups various Indian commercial banks as the starting subjects, connected through a union operation to their respective regulatory risk exposures as the ending concepts.

2. **Business/Financial Explanation:** The path outlines the diverse regulatory risk profiles faced by multiple banking institutions in India. While several banks face standard, ordinary regulatory risks, others face specific operational and compliance challenges tied to governance transitions, ownership stake sales, capital cushions, or specific RBI lending norms. 

3. **Numerical Facts:** No specific monetary values, percentages, or quantitative figures are present in the provided relationship path.",Not relevant,Lists only financial/ownership facts about Karnataka Bank without identifying any actual risk.
623,Who are Karnataka Bank's main named competitors?,"Based on the provided knowledge graph path, the starting entity is ""Karnataka"" (referencing its geography name) and the ending entity is ""State"". In simple financial or administrative terms, this path indicates that Karnataka is classified at the state administrative level. No numerical facts were present in the path data.",Not relevant,"Fails to name any actual competitor of Karnataka Bank, only restates its own attributes."
624,"What is Tamilnad Mercantile Bank's primary competitive advantage, and how strong is the evidence behind that claim?","Based on the provided knowledge graph data, the starting entity is **Tamilnad Mercantile Bank** and the ending entity is **CRISIL**. 

The path explains that CRISIL provides credit ratings for Tamilnad Mercantile Bank, specifically assigning an A+ Stable rating to its fixed deposits and an A1+ rating to its short-term fixed deposits and certificates of deposit.",Somewhat relevant,Gives generic Q1 metrics for Tamilnad Mercantile Bank without clearly framing a competitive advantage or evidence strength.
625,What is the key strength identified for Tamilnad Mercantile Bank in the current analysis?,"1. **Starting and Ending Entities:** The starting entity is **Tamilnad Mercantile Bank Limited**, and the ending entity is **CRISIL** (via its credit rating relationship).

2. **Business/Financial Explanation:** Tamilnad Mercantile Bank's financial instruments have been evaluated and rated by the rating agency CRISIL to assess their creditworthiness and safety for investors. 

3. **Numerical Facts:** The knowledge graph details that Tamilnad Mercantile Bank's fixed deposits hold an **A+ Stable rating**, while its short-term fixed deposits and certificates of deposit hold an **A1+ rating** from CRISIL.",Relevant,Points to a concrete strength for Tamilnad Mercantile Bank backed by specific figures.
626,What is the main weakness or vulnerability flagged for Tamilnad Mercantile Bank?,"1. **Starting and Ending Entities:** The starting entity is **Tamilnad Mercantile Bank** (along with its various relationship paths), and the ending entities are its various financial metrics, operational risks, and institutional shareholders (such as **Overseas corporate-body shareholders** and **CRISIL**).

2. **Simple Business/Financial Summary:** Tamilnad Mercantile Bank operates as a traditional, South India-focused retail and MSME lender that offers various products like fixed deposits and gold loans. The bank exhibits strong financial health, reporting a net profit of ₹412 crore, a capital-adequacy ratio of over 32%, and a return on equity of roughly 15.93% in Q1 FY27. However, it also faces specific operational vulnerabilities, including a heavy geographic concentration in Tamil Nadu and market risks tied to its gold-loan portfolio.

3. **Important Numerical Facts:** In Q1 FY27, the bank reported a CASA ratio of roughly 26%, a return on assets of 2.14%, a return on equity of 15.93%, and a net profit of ₹412 crore. Additionally, it maintained a strong capital-adequacy ratio of 32.33% and a low net NPA of 0.17%, while overseas corporate-body shareholders held roughly 22.4% of the bank as of March 2025.",Relevant,Explicitly names a weakness/vulnerability for Tamilnad Mercantile Bank.
627,What is the biggest threat facing Tamilnad Mercantile Bank according to the analysis?,"Based on the provided knowledge graph data, the starting entity is **Tamilnad Mercantile Bank Limited** and the ending entities are its various financial metrics and shareholder holdings. 

Tamilnad Mercantile Bank Limited demonstrates strong financial performance, reporting a net profit of ₹412 crore, a return on assets of 2.14%, and a return on equity of 15.93% in Q1 FY27. The bank maintains a robust capital-adequacy ratio of 32.33% alongside a low gross NPA of 0.69%. Additionally, it has notable institutional shareholdings, such as East River Holdings holding 3.35% and Robert and Ardis James Company holding 4.45% as of March 2025.",Not relevant,Recaps only positive metrics for Tamilnad Mercantile Bank and never names a threat.
628,"What credit, market, operational or regulatory risks is Tamilnad Mercantile Bank exposed to?","**Starting Entity:** Tamilnad Mercantile Bank  
**Ending Entity:** Financial and operational metrics (such as Q1 FY27 net profit of ₹412 crore, a 32.33% capital adequacy ratio, and credit ratings from CRISIL)  

**Summary:**  
Tamilnad Mercantile Bank demonstrates solid financial performance and stability, highlighted by a Q1 FY27 net profit of ₹412 crore, a robust capital-adequacy ratio of 32.33%, and a return on equity of 15.93%. The bank maintains high credit safety, with its fixed deposits rated A+ Stable and short-term deposits and certificates of deposit rated A1+ by CRISIL. Additionally, it exhibits strong asset quality with a low gross NPA of 0.69%, though it faces strategic risks from geographic concentration in South India and gold-price volatility.",Relevant,Names specific credit/market/operational/regulatory risks for Tamilnad Mercantile Bank.
629,Who are Tamilnad Mercantile Bank's main named competitors?,"**Summary:**

The starting entity is Tamilnad Mercantile Bank Limited, and the ending entity is its country of operation, India. Founded in 1921 and headquartered in Tamil Nadu, this publicly listed bank operates under the ticker ""TMB"" on both the NSE and BSE exchanges. It focuses on traditional retail, MSME, agricultural, and gold loans primarily across rural and semi-urban franchises.",Not relevant,"Fails to name any actual competitor of Tamilnad Mercantile Bank, only restates its own attributes."
630,"What is CSB Bank's primary competitive advantage, and how strong is the evidence behind that claim?","Based on the provided knowledge graph data, here is the financial summary:

**1. Starting and Ending Entities:** 
The starting entity is **CSB Bank**, and the ending entities include its major shareholders, financial metrics, and strategic risk factors (such as **Fairfax Financial Holdings**, **FIH Mauritius**, and various financial performance figures).

**2 & 3. Business Summary and Numerical Facts:** 
CSB Bank is promoted by Fairfax Financial Holdings of Canada (via FIH Mauritius Investments Ltd, which holds a 40.00% ownership stake) and relies on Fairfax for capital support. The bank operates with a strong capital adequacy ratio of 19.96% and reported key financial figures including a net profit of ₹150 crore, net advances of ₹40,309 crore, and total deposits of ₹45,415 crore. Additionally, institutional investors like SBI Small Cap Fund and Amansa Holdings hold notable stakes of 6.34% and 4.58%, respectively.",Relevant,Identifies a specific advantage for CSB Bank (rating/backing/growth) with supporting evidence.
631,What is the key strength identified for CSB Bank in the current analysis?,"Based on the provided knowledge graph data, here is the summary:

1. **Starting and Ending Entities:** The starting entity is **CSB Bank** and the ending entities are its various financial metrics, ownership stakes, and risk exposures (such as **Fairfax Financial Holdings**, **Net Advances of ₹40,309 crore**, and **Gold-loan concentration risk**).
2. **Business/Financial Summary:** CSB Bank is a Kerala-headquartered legacy institution promoted by Fairfax Financial Holdings and regulated by the RBI and SEBI. The bank maintains a strong capital adequacy of 19.96% and reported solid financial figures, including net advances of ₹40,309 crore and total deposits of ₹45,415 crore. However, it faces strategic vulnerabilities and regulatory risks due to its heavy reliance on the gold-loan book and earnings volatility.",Relevant,Points to a concrete strength for CSB Bank backed by specific figures.
632,What is the main weakness or vulnerability flagged for CSB Bank?,"**Summary of Knowledge Graph Path:**

1. **Starting Entity:** CSB Bank | **Ending Entity:** Various financial metrics, risks, stakeholders, and strategic operations associated with CSB Bank.
2. CSB Bank—promoted by Fairfax Financial Holdings—operates as a universal bank headquartered in Kerala, reporting financial figures such as ₹45,415 crore in total deposits, ₹40,309 crore in net advances, and a net profit of ₹150 crore. 
3. The bank maintains a strong capital adequacy ratio of 19.96% alongside a gross NPA of 1.75% and provision coverage of 86.83%, while facing specific operational and regulatory risks tied to its heavy strategic focus on gold loans.",Relevant,Explicitly names a weakness/vulnerability for CSB Bank.
633,What is the biggest threat facing CSB Bank according to the analysis?,"Based on the provided knowledge graph data, the starting entity is **CSB Bank** and the ending entity is its major promoter, **Fairfax Financial Holdings** (along with related investment vehicles like FIH Mauritius). 

Fairfax Financial Holdings of Canada promotes CSB Bank, holding a 40.00% ownership stake through FIH Mauritius Investments Ltd and providing ongoing support for capital commitments. Meanwhile, CSB Bank operates as a regulated universal banking institution that recently reported a net profit of ₹150 crore, total deposits of ₹45,415 crore, and net advances of ₹40,309 crore.",Not relevant,Recaps only positive metrics for CSB Bank and never names a threat.
634,"What credit, market, operational or regulatory risks is CSB Bank exposed to?","1. **Starting Entity:** CSB Bank; **Ending Entities:** Multiple connected financial facts, major institutional shareholders (such as FIH Mauritius, SBI Small Cap Fund, and Amansa Holdings), and key financial/credit metrics.
2. CSB Bank is a Kerala-headquartered legacy institution backed by promoter Fairfax Financial Holdings (holding a 40.00% stake via FIH Mauritius) and various institutional investors, operating under a universal banking license. Financially, the bank reported a net profit of ₹150 crore, net advances of ₹40,309 crore, and total deposits of ₹45,415 crore, alongside a strong capital adequacy ratio of 19.96% and a provision coverage of 86.83%. 
3. The bank faces operational risks and concentration challenges due to its heavy reliance on its gold-loan book and a relatively low CASA ratio of 19%, prompting a strategic pivot toward SME, wholesale, and non-gold retail lending.",Relevant,Names specific credit/market/operational/regulatory risks for CSB Bank.
635,Who are CSB Bank's main named competitors?,"Based on the provided knowledge graph path, the starting entity is **CSB Bank** and the ending entity is **Dhanlaxmi Bank Limited**. CSB Bank is directly linked to Dhanlaxmi Bank Limited through a competitive relationship in the banking sector. No additional numerical facts or financial figures are mentioned in this path.",Relevant,Names an actual named competitor entity for CSB Bank as requested.
636,"What is Bandhan Bank's primary competitive advantage, and how strong is the evidence behind that claim?","**Starting Entity:** CRISIL  
**Ending Entity:** Bandhan Bank  

**Summary:**
CRISIL evaluates Bandhan Bank's credit profile and market position, having reaffirmed an A1+ rating on its certificates of deposit and an AA- Stable rating on its non-convertible debentures. While acknowledging the bank's established position in the micro loan segment, CRISIL flags risks such as geographic concentration in East and Northeast India and vulnerability to microfinance-sector stress cycles.",Relevant,Identifies a specific advantage for Bandhan Bank (rating/backing/growth) with supporting evidence.
637,What is the key strength identified for Bandhan Bank in the current analysis?,"Based on the provided knowledge graph rows, here is the financial summary:

1. **Starting and Ending Entities:** The path connects the rating agency **CRISIL** as the starting entity to **Bandhan Bank** as the ending entity.
2. **Business/Financial Summary:** CRISIL evaluates and monitors Bandhan Bank's credit profile, maintaining an A1+ rating on its certificates of deposit and an AA- Stable rating on its non-convertible debentures. While CRISIL acknowledges the bank's established market position in micro-loans, it highlights potential vulnerabilities, including geographic concentration in East and Northeast India and exposure to microfinance sector stress. 
3. **Numerical Facts:** The graph notes specific credit ratings (A1+ and AA- Stable) assigned by CRISIL, alongside Bandhan Bank's operational context regarding its microfinance exposure.",Relevant,Points to a concrete strength for Bandhan Bank backed by specific figures.
638,What is the main weakness or vulnerability flagged for Bandhan Bank?,"Based on the provided knowledge graph path, the starting entity is **Bandhan Bank** and the ending entity is various financial, operational, and credit-profile metrics associated with the bank (represented across multiple unified relationship patterns). 

In Q1 FY27, Bandhan Bank demonstrated solid financial performance with a 35% year-on-year net profit increase to ₹502 crore and a CASA ratio of 29.4%. However, the bank faces asset quality pressures from its microfinance and Emerging Entrepreneurs Business (EEB) books, reflected in an elevated gross NPA of 3.1% and credit costs of 1.8%. To mitigate these risks, the bank maintains a robust capital adequacy ratio of 18.2% and is actively expanding its secured lending portfolio, which now accounts for 56.8% of gross advances.",Relevant,Explicitly names a weakness/vulnerability for Bandhan Bank.
639,What is the biggest threat facing Bandhan Bank according to the analysis?,"Based on the provided knowledge graph data, the starting entity is **Bandhan Bank** and the ending entity is **CRISIL** (through its credit rating relationship). 

CRISIL evaluates Bandhan Bank's credit profile and market position, reaffirming an A1+ rating on its certificates of deposit and an AA- Stable rating on its non-convertible debentures. While CRISIL notes the bank's strong market position in micro loans, it explicitly flags risks such as geographic concentration in East and Northeast India and vulnerability to microfinance sector stress.",Relevant,Explicitly identifies a threat/negative outlook facing Bandhan Bank.
640,"What credit, market, operational or regulatory risks is Bandhan Bank exposed to?","**Starting Entity:** CRISIL  
**Ending Entity:** Bandhan Bank  

**Summary:**
CRISIL evaluates Bandhan Bank's financial health and market position, reaffirming an A1+ rating on its certificates of deposit and an AA- Stable rating on its non-convertible debentures. The credit rating agency highlights Bandhan Bank's established market presence in micro-loans, alongside risks such as geographic concentration in East and Northeast India and sector-wide microfinance vulnerabilities.",Relevant,Names specific credit/market/operational/regulatory risks for Bandhan Bank.
641,Who are Bandhan Bank's main named competitors?,"**Summary:**

Bandhan Bank operates as a publicly listed universal bank in India's banking sector, trading on both the NSE and BSE under the ticker BANDHANBNK. Originating as a microfinance NGO in 2001, the institution successfully converted into a universal bank in 2015, marking India's first such transition for a microfinance entity. Headquartered in Kolkata, West Bengal, the company's legal name is BANDHAN BANK LIMITED.",Not relevant,"Fails to name any actual competitor of Bandhan Bank, only restates its own attributes."
642,"What is Jammu & Kashmir Bank's primary competitive advantage, and how strong is the evidence behind that claim?","1. **Starting and Ending Entities:** The starting entity is **Jammu & Kashmir Bank** (The Jammu & Kashmir Bank Limited), and the ending entity is **CARE Ratings**.

2. **Business/Financial Explanation:** Jammu & Kashmir Bank, an RBI-designated universal bank, maintains its credit profile evaluated by external agencies. Specifically, its Tier II Basel III bonds and overall strong resource profile are rated by CARE Ratings, which also provides analytical commentary on the bank's operational strengths and geographic vulnerabilities.

3. **Numerical Facts:** The provided data does not contain a multi-hop numerical chain linking the two entities directly through specific figures, but individual facts note the bank's capital adequacy at 16.67% under Basel III and a net profit of ₹424.18 crore.",Relevant,Identifies a specific advantage for Jammu & Kashmir Bank (rating/backing/growth) with supporting evidence.
643,What is the key strength identified for Jammu & Kashmir Bank in the current analysis?,"**Starting Entity:** The Jammu & Kashmir Bank Limited  
**Ending Entity:** CARE Ratings  

**Summary:**  
The Jammu & Kashmir Bank Limited is evaluated by CARE Ratings, which assessed the bank's strong resource profile and reaffirmed an AA- Stable rating on its Tier II Basel III bonds. However, CARE Ratings also identified specific vulnerabilities for the bank, including a moderate scale of operations and heavy geographic concentration in Jammu & Kashmir and Ladakh.",Relevant,Points to a concrete strength for Jammu & Kashmir Bank backed by specific figures.
644,What is the main weakness or vulnerability flagged for Jammu & Kashmir Bank?,"1. **Starting Entity:** The Jammu & Kashmir Bank Limited  
   **Ending Entities:** Various stakeholders, operational networks, financial metrics, and risk factors associated with the bank.

2. **Explanation:** The Jammu & Kashmir Bank Limited is a universal bank regulated by the RBI and SEBI, holding a major ownership stake by government entities like the Chief Secretary of the J&K government (51.89%). Operationally, the bank maintains a vast network of 1,008 branches and 1,436 ATMs as of December 2025, while serving diverse segments including MSMEs, agriculture, and government employees. Financially, it reported a Q1 FY27 net profit of ₹424.18 crore, a capital adequacy ratio of 16.67%, and an improved gross NPA of 2.37%. However, rating agencies like CARE Ratings note structural vulnerabilities, highlighting its heavy geographic concentration and security risks in J&K and Ladakh.",Relevant,Explicitly names a weakness/vulnerability for Jammu & Kashmir Bank.
645,What is the biggest threat facing Jammu & Kashmir Bank according to the analysis?,"1. **Starting and Ending Entities:** The starting entity is **Jammu & Kashmir Bank** (The Jammu & Kashmir Bank Limited), and the ending entities include its key financial metrics, ownership stakes, and credit ratings evaluated by **CARE Ratings**.

2. **Simple Business/Financial Summary:** Jammu & Kashmir Bank operates as an RBI-designated universal bank with a strong, low-cost deposit franchise driven by its exclusive government-banking role in J&K and Ladakh. Financially, the bank reported a net profit of ₹424.18 crore and a net interest income of ₹3,546.08 crore for Q1 FY27, alongside a stable capital adequacy ratio of 16.67% under Basel III and an improved gross NPA of 2.37%. However, rating agencies like CARE Ratings point out that its heavy geographic concentration in J&K and Ladakh exposes the bank to regional political, security, and operational risks. 

3. **Important Numerical Facts:** 
   - Net profit for the quarter: ₹424.18 crore
   - Q1 FY27 net interest income: ₹3,546.08 crore
   - Basel III capital adequacy: 16.67%
   - Gross NPA improved to 2.37% (down from 2.50%) with a provision coverage ratio of 90.53%
   - Ownership stakes as of June 2025: Chief Secretary of the J&K government (51.89%), Finance Secretary of UT Ladakh (4.16%), Secretary of the J&K Finance Department (3.35%), and LIC (1.33%)
   - Branch network as of December 2025: 1,008 total branches (including 835 in J&K, 37 in Ladakh, 136 elsewhere in India, and 99 ultra-small branches), supported by 1,436 ATMs and 169 cash-recycling machines.",Relevant,Explicitly identifies a threat/negative outlook facing Jammu & Kashmir Bank.
646,"What credit, market, operational or regulatory risks is Jammu & Kashmir Bank exposed to?","1. **Starting Entity:** Jammu & Kashmir Bank (The Jammu & Kashmir Bank Limited)  
   **Ending Entity:** Various operational, financial, and regulatory attributes (Logical Union of relationship patterns).

2. The knowledge graph details Jammu & Kashmir Bank as an RBI-regulated universal bank controlled largely by regional government stakeholders, maintaining an extensive branch and ATM network concentrated in J&K and Ladakh. Financially, the bank benefits from a low-cost, government-backed deposit franchise and reports stable metrics, though it faces noted credit and regional concentration risks from CARE Ratings.

3. Key financial facts include a net profit of ₹424.18 crore, a Q1 FY27 net interest income of ₹3,546.08 crore, an improved gross NPA of 2.37%, and a capital adequacy ratio of 16.67%. Additionally, the bank operates 1,008 branches and 1,436 ATMs as of December 2025, while major ownership stakes as of June 2025 include 51.89% held by the Chief Secretary of the J&K government.",Relevant,Names specific credit/market/operational/regulatory risks for Jammu & Kashmir Bank.
647,Who are Jammu & Kashmir Bank's main named competitors?,"1. **Starting Entity:** The Jammu & Kashmir Bank Limited; **Ending Entities:** Universal Banking, India, NSE, Banking, and other descriptive attributes.

2. **Explanation:** Headquartered in Srinagar and founded in 1938, The Jammu & Kashmir Bank Limited operates in the banking sector and is an RBI-designated universal bank serving as the exclusive banker to the Government of Jammu & Kashmir and the Union Territory of Ladakh. 

3. **Numerical Facts:** The bank was founded in the year 1938.",Not relevant,"Fails to name any actual competitor of Jammu & Kashmir Bank, only restates its own attributes."
648,"What is Dhanlaxmi Bank's primary competitive advantage, and how strong is the evidence behind that claim?","Based on the provided knowledge graph data, the starting entity is **Dhanlaxmi Bank Limited** and the ending entities are its various operational, financial, and ownership attributes. 

Dhanlaxmi Bank Limited, led by MD & CEO Ajith Kumar K.K. and headquartered in Kerala, operates 264 branches and 285 ATMs while holding a universal banking license. Financially, the bank reported a doubled net profit of ₹24.9 crore and a total income of ₹484.25 crore in Q1 FY27, alongside an improved gross NPA of 1.82%. Its ownership structure includes a 3.74% stake held by Ares Diversified, a 3.38% stake by Ayushmat Ltd, and roughly 15.31% held by FIIs.",Relevant,Identifies a specific advantage for Dhanlaxmi Bank (rating/backing/growth) with supporting evidence.
649,What is the key strength identified for Dhanlaxmi Bank in the current analysis?,"Based on the provided knowledge graph data, the starting entity is **Dhanlaxmi Bank Limited** and the ending entity is its **Q1 FY27 financial performance (specifically net profit)**. 

Dhanlaxmi Bank Limited, led by MD & CEO Ajith Kumar K.K. and operating 264 branches alongside 285 ATMs, achieved a doubled net profit year-on-year to ₹24.9 crore in Q1 FY27. During the same quarter, the bank recorded a total income of ₹484.25 crore and reported that its total business crossed ₹35,000 crore.",Relevant,Points to a concrete strength for Dhanlaxmi Bank backed by specific figures.
650,What is the main weakness or vulnerability flagged for Dhanlaxmi Bank?,"**1. Starting and Ending Entity:**
* **Starting Entity:** Dhanlaxmi Bank Limited
* **Ending Entity:** Various financial, operational, and stakeholder attributes (as the query represents a union of multiple outbound relationships from the same subject).

**2. Path Summary in Financial Language:**
Dhanlaxmi Bank Limited operates a universal banking network of 264 branches and 285 ATMs, facing intense regional competition while showing improving asset quality and profitability under new leadership. In Q1 FY27, the bank reported a total income of ₹484.25 crore—driven largely by ₹449 crore in interest income—and a doubled net profit of ₹24.9 crore. Additionally, the bank maintains a BBB- Stable bond rating, is regulated by the RBI and SEBI, and navigates various operational and governance-related risks.",Relevant,Explicitly names a weakness/vulnerability for Dhanlaxmi Bank.
651,What is the biggest threat facing Dhanlaxmi Bank according to the analysis?,"Based on the provided knowledge graph data, the starting entity is **Dhanlaxmi Bank Limited** and the ending entity is its **Q1 FY27 financial performance**. 

Dhanlaxmi Bank Limited, led by MD & CEO Ajith Kumar K.K. and operating 264 branches and 285 ATMs, showed notable financial improvement in Q1 FY27 with its net profit doubling year-on-year to ₹24.9 crore. During the same quarter, the bank recorded a total income of ₹484.25 crore—including ₹449 crore in interest income—and saw its gross NPA improve sharply to 1.82% from 3.22% a year earlier.",Not relevant,Recaps only positive metrics for Dhanlaxmi Bank and never names a threat.
652,"What credit, market, operational or regulatory risks is Dhanlaxmi Bank exposed to?","**1. Starting and Ending Entity:**
* **Starting Entity:** Dhanlaxmi Bank Limited
* **Ending Entity:** Various financial and operational attributes of Dhanlaxmi Bank Limited (e.g., Q1 FY27 financials, branch/ATM network, and shareholder stakes).

**2. Summary:**
Dhanlaxmi Bank Limited, led by MD & CEO Ajith Kumar K.K. and regulated by the RBI and SEBI, operates 264 branches and 285 ATMs from its headquarters in Kerala. In Q1 FY27, the bank reported a total income of ₹484.25 crore and its net profit doubled year-on-year to ₹24.9 crore, alongside an improved gross NPA of 1.82%. Its ownership includes a 3.74% stake held by Ares Diversified, a 3.38% stake by Ayushmat Ltd, and roughly 15.31% held by FIIs.",Not relevant,Lists only financial/ownership facts about Dhanlaxmi Bank without identifying any actual risk.
653,Who are Dhanlaxmi Bank's main named competitors?,"**Starting Entity:** Dhanlaxmi Bank Limited  
**Ending Entities:** CSB Bank, South Indian Bank, and Federal Bank  

**Summary:**  
Dhanlaxmi Bank Limited operates in a competitive banking market alongside several regional peers. Specifically, the knowledge graph indicates that Dhanlaxmi Bank Limited competes directly with CSB Bank, South Indian Bank, and Federal Bank.",Relevant,Names an actual named competitor entity for Dhanlaxmi Bank as requested.
654,"What is IDBI Bank's primary competitive advantage, and how strong is the evidence behind that claim?","Based on the provided knowledge graph data, the starting entity is **IDBI Bank Limited** and the ending entities include its various operational, financial, and regulatory connections. IDBI Bank—which is co-owned by LIC (49.24%) and the Government of India (45.48–45.50%)—reported a net profit of ₹7,515 crore and deposits reaching ₹309,975 crore in FY24-25. The bank operates between 1,890 and 2,104 branches, uses 3,300 to 3,700 ATMs, and provides universal banking services through its parent operations as well as investment banking via its subsidiary, IDBI Capital Markets. Furthermore, the bank is regulated by bodies like the RBI and SEBI, and its ongoing strategic ownership transition remains subject to regulatory and competition approvals.",Relevant,Identifies a specific advantage for IDBI Bank (rating/backing/growth) with supporting evidence.
655,What is the key strength identified for IDBI Bank in the current analysis?,"1. **Starting Entity:** IDBI Bank Limited (along with its parent/holding entities like the Government of India and LIC)  
   **Ending Entity:** IDBI Capital Markets (its subsidiary) and various financial/operational metrics.

2. **Explanation:** IDBI Bank Limited operates as a universal bank providing diverse services—including investment banking via its subsidiary IDBI Capital Markets—while being significantly owned by the Government of India (holding 45.48-45.50%) and LIC (holding 49.24%). 

3. **Numerical Facts:** Major financial highlights for FY24-25 include deposits reaching ₹309,975 crore, advances at ₹218,399 crore, and a net profit of ₹7,515 crore, alongside a return on assets of 1.82% and a return on equity of 16.10%.",Relevant,Points to a concrete strength for IDBI Bank backed by specific figures.
656,What is the main weakness or vulnerability flagged for IDBI Bank?,"**Summary:**

1. **Starting and Ending Entities:** The starting entity is **IDBI Bank Limited**, and the ending entities include its various operational metrics, financial results for FY24-25, and regulatory bodies (such as the RBI and SEBI). 
2. **Business/Financial Explanation:** IDBI Bank operates as a universal bank offering retail, corporate, agricultural, MSME, treasury, and investment banking services, supported by a large network of 1,890 to 2,104 branches and 3,300 to 3,700 ATMs. The bank is currently majority-held by LIC (49.24%) and the Government of India (45.48–45.50%) as it undergoes an ownership transition and strategic disinvestment process.
3. **Numerical Facts:** For FY24-25, IDBI Bank reported advances of ₹218,399 crore, deposits of ₹309,975 crore, a net profit of ₹7,515 crore, a return on assets of 1.82%, a return on equity of 16.10%, and an improved gross NPA of 2.98%.",Somewhat relevant,Mentions a declining metric for IDBI Bank but does not clearly frame it as the flagged weakness.
657,What is the biggest threat facing IDBI Bank according to the analysis?,"1. **Starting and Ending Entities:** The starting entity is **IDBI Bank Limited**, and the ending entities include its various financial metrics, ownership stakes, and operational scale (such as its FY24-25 net profit of ₹7,515 crore and deposits of ₹309,975 crore).

2. **Simple Business/Financial Summary:** IDBI Bank Limited is a universal bank that provides comprehensive banking services to retail, corporate, agricultural, and MSME segments. The bank operates a wide network of between 1,890 and 2,104 branches and utilizes 3,300 to 3,700 ATMs, with major ownership held by the Government of India (45.48-45.50%) and LIC (49.24%). 

3. **Important Numerical Facts:** For FY24-25, IDBI Bank reported a net profit of ₹7,515 crore, deposits of ₹309,975 crore, advances of ₹218,399 crore, a gross NPA of 2.98%, a return on assets of 1.82%, and a return on equity of 16.10%.",Not relevant,Recaps only positive metrics for IDBI Bank and never names a threat.
658,"What credit, market, operational or regulatory risks is IDBI Bank exposed to?","1. **Starting and Ending Entity:** The starting entity is IDBI Bank Limited, and the ending entities are its various financial metrics, operational details, regulatory bodies, and major shareholders (such as LIC and the Government of India).

2. **Simple Business/Financial Explanation:** IDBI Bank is a universal bank that provides retail, corporate, MSME, and agricultural banking services, alongside investment banking through its subsidiary IDBI Capital Markets. The bank is undergoing a strategic disinvestment process—regulated by bodies like the RBI, SEBI, and DIPAM—with major stakes held by LIC and the Government of India.

3. **Important Numerical Facts:** For FY24-25, IDBI Bank reported a net profit of ₹7,515 crore, deposits of ₹309,975 crore, and advances of ₹218,399 crore, alongside a return on assets of 1.82%, a return on equity of 16.10%, and an improved gross NPA of 2.98%. Additionally, ownership is split with LIC holding 49.24% and the Government of India holding 45.48-45.50%.",Somewhat relevant,Mentions regulatory/process context for IDBI Bank but does not clearly enumerate specific risks.
659,Who are IDBI Bank's main named competitors?,"**Starting Entity:** IDBI Bank Limited  
**Ending Entity:** Universal Banking (along with India, NSE/BSE, Banking sector, etc.)

**Summary:**  
IDBI Bank Limited is a publicly listed banking institution headquartered in Mumbai, India, traded on the NSE and BSE under the ticker ""IDBI"". Founded in 1964 as a development finance institution and reclassified as a private-sector bank in 2019, it operates within the banking sector under a universal banking segment.",Not relevant,"Fails to name any actual competitor of IDBI Bank, only restates its own attributes."
660,"What is AU Small Finance Bank's primary competitive advantage, and how strong is the evidence behind that claim?","Based on the provided knowledge graph data, the starting entity is **AU Small Finance Bank Limited** and the ending entity is **ICRA**. 

AU Small Finance Bank holds a long-term entity rating of AA Stable that was reaffirmed by the rating agency ICRA on 27 February 2026. Additionally, ICRA credited the bank with achieving roughly 30% compound annual growth in its gross loan portfolio between FY20 and FY25.",Relevant,Identifies a specific advantage for AU Small Finance Bank (rating/backing/growth) with supporting evidence.
661,What is the key strength identified for AU Small Finance Bank in the current analysis?,"Based on the provided knowledge graph data, the starting entity is **AU Small Finance Bank Limited** and the ending entity is **Q1 FY27 financial and operational metrics**. 

During Q1 FY27, AU Small Finance Bank Limited reported a profit after tax of ₹795.95 crore (up 37% year-on-year) alongside gross advances of ₹1,44,250 crore and total deposits of ₹1,57,727 crore. Additionally, the bank maintained strong capital and liquidity metrics, including a CET1 ratio of 17.1%, a capital adequacy ratio of 18.9%, a CASA ratio of roughly 29%, and a net interest margin of 5.9%.",Relevant,Points to a concrete strength for AU Small Finance Bank backed by specific figures.
662,What is the main weakness or vulnerability flagged for AU Small Finance Bank?,"1. **Starting and Ending Entities:** The starting entity is **AU Small Finance Bank Limited** and the ending entities encompass its financial metrics, operational expansions, stakeholder shareholdings, and regulatory statuses.

2. **Business/Financial Summary:** AU Small Finance Bank Limited is a regulated financial institution that has expanded its operations from vehicle finance into MSME, retail, wholesale, and digital banking segments, while pursuing a transition to a full universal bank following RBI approval in August 2025. 

3. **Important Numerical Facts:** For Q1 FY27, the bank reported total deposits of ₹1,57,727 crore, gross advances of ₹1,44,250 crore, a net interest income of ₹2,695 crore (up 32% year-on-year), and a profit after tax of ₹795.95 crore (up 37% year-on-year). Additionally, it maintains a strong capital adequacy ratio of 18.9%, a CET1 ratio of 17.1%, and a provision coverage of 85%.",Not relevant,Presents only positive facts about AU Small Finance Bank and never identifies a weakness.
663,What is the biggest threat facing AU Small Finance Bank according to the analysis?,"**1. Starting and Ending Entity:** 
The starting entity is **AU Small Finance Bank Limited**, and the ending entity is **ICRA** (as per the primary rating and growth relationships in the dataset). 

**2. Financial Summary:** 
AU Small Finance Bank Limited demonstrates strong financial and operational scale, highlighted by a Q1 FY27 profit after tax of ₹795.95 crore (up 37% year-on-year) and gross advances reaching ₹1,44,250 crore. The bank maintains a solid capital position with a CET1 ratio of 17.1% and a total capital adequacy of 18.9%. Additionally, its long-term entity rating of AA Stable has been reaffirmed by ICRA, which also noted the bank's robust compound annual growth of roughly 30% in its gross loan portfolio between FY20 and FY25.",Not relevant,Recaps only positive metrics for AU Small Finance Bank and never names a threat.
664,"What credit, market, operational or regulatory risks is AU Small Finance Bank exposed to?","1. **Starting and Ending Entities:** The starting entity is **AU Small Finance Bank Limited**, and the ending entities include various financial metrics, ownership stakes, regulatory bodies, and strategic growth drivers associated with the bank.

2. **Simple Business/Financial Language:** AU Small Finance Bank Limited is a regulated financial institution operating under the RBI and SEBI, with key operations spanning retail, MSME, and vehicle finance. Financially, the bank reported a Q1 FY27 profit after tax of ₹795.95 crore (up 37% year-on-year) alongside strong asset quality, featuring a gross NPA of 2.10% and a net NPA of 0.76%. 

3. **Important Numerical Facts:** As of Q1 FY27, the bank recorded gross advances of ₹1,44,250 crore, total deposits of ₹1,57,727 crore, a net interest income of ₹2,695 crore, a CASA ratio of roughly 29%, and a CET1 ratio of 17.1%. Additionally, the founder family held a 22.76% stake as of March 31, 2026, while the bank received in-principle RBI approval on August 7, 2025, to transition into a full universal bank.",Somewhat relevant,Mentions regulatory/process context for AU Small Finance Bank but does not clearly enumerate specific risks.
665,Who are AU Small Finance Bank's main named competitors?,"1. **Starting Entity:** ESAF Small Finance Bank Limited  
   **Ending Entity:** AU Small Finance Bank  

2. **Path Summary:** ESAF Small Finance Bank Limited operates in the same market sector as AU Small Finance Bank, competing directly against them. However, AU Small Finance Bank holds an advantage as a better-capitalized peer within the small-finance-bank industry.",Relevant,Names an actual named competitor entity for AU Small Finance Bank as requested.
666,"What is Equitas Small Finance Bank's primary competitive advantage, and how strong is the evidence behind that claim?","**1. Starting and Ending Entity:** 
The starting entity is **Equitas Small Finance Bank**, and the ending entities are its various financial metrics, ownership stakes, and risk factors as detailed in the knowledge graph.

**2. Path Summary:** 
The knowledge graph outlines the financial profile, institutional ownership, and operational risks of Equitas Small Finance Bank. As of late 2024 and early 2027, the bank features major institutional investors like HDFC Mutual Fund (8.57%), Franklin India (6.29%), and SBI Mutual Fund (6.04%), alongside a total mutual fund holding of roughly 37.27%. Operationally, it reported a net interest income of ₹1,029.4 crore, a return on equity of 11.76%, and a cost of funds of 7.05% for Q1 FY27. Key vulnerabilities include an elevated cost-to-income ratio of 68.38% and funding risks stemming from deposit growth trailing loan advances.",Somewhat relevant,Gives generic Q1 metrics for Equitas Small Finance Bank without clearly framing a competitive advantage or evidence strength.
667,What is the key strength identified for Equitas Small Finance Bank in the current analysis?,"Based on the provided knowledge graph data, the starting entity is **Equitas Small Finance Bank** and the ending entities are its various financial metrics, ownership stakes, and risk factors as of Q1 FY27 and December 2024. 

Equitas Small Finance Bank operates a diversified retail and lending model—offering housing, vehicle, and microfinance loans—while maintaining an AA- Stable issuer rating and a strong A1+ rating on its certificates of deposit. As of December 2024, institutional investors like mutual funds held a notable 37.27% stake, though the bank faces key operational hurdles including an elevated cost-to-income ratio of 68.38% and a deposit-growth lag relative to its advances.",Relevant,Points to a concrete strength for Equitas Small Finance Bank backed by specific figures.
668,What is the main weakness or vulnerability flagged for Equitas Small Finance Bank?,"1. **Starting and Ending Entity:** The starting and ending entity in this knowledge graph is **Equitas Small Finance Bank**, detailing its financial metrics, operational performance, and stakeholder holdings.

2. **Simple Business/Financial Summary:** Equitas Small Finance Bank operates as a diversified retail lender offering various financial products like microfinance, gold loans, and vehicle finance, while being regulated by the RBI and SEBI. For Q1 FY27, the bank reported a Net Interest Income of ₹1,029.4 crore, a CASA ratio of 25%, a Return on Assets (RoA) of 1.18%, and a Return on Equity (RoE) of 11.76%. Key operational challenges include an elevated cost-to-income ratio of 68.38% and deposit growth trailing behind loan advances. 

3. **Important Numerical Facts:** 
   - Net Interest Income: ₹1,029.4 crore (Q1 FY27)
   - CASA Ratio: 25% (Q1 FY27)
   - Return on Assets (RoA): 1.18%
   - Return on Equity (RoE): 11.76%
   - Gross NPA: 2.36–2.42% range
   - Net NPA: 0.70–0.71%
   - Cost-to-Income Ratio: 68.38%
   - Mutual Fund Holdings: 37.27% (as of December 2024), with major stakes held by HDFC Mutual Fund (8.57%), Franklin India (6.29%), and SBI Mutual Fund (6.04%).",Relevant,Explicitly names a weakness/vulnerability for Equitas Small Finance Bank.
669,What is the biggest threat facing Equitas Small Finance Bank according to the analysis?,"The starting entity is Equitas Small Finance Bank, and the ending entities comprise its various operational, financial, and shareholding attributes. As of late 2024 and mid-2027, the bank maintains significant institutional backing—including an 8.57% stake held by HDFC Mutual Fund and an 11.45% stake by foreign portfolio investors—while reporting a return on equity of 11.76% and a net interest income of ₹1,029.4 crore. However, the bank faces key financial risks, notably a high cost-to-income ratio of 68.38% and deposit growth trailing advances growth.",Relevant,Explicitly identifies a threat/negative outlook facing Equitas Small Finance Bank.
670,"What credit, market, operational or regulatory risks is Equitas Small Finance Bank exposed to?","**1. Starting and Ending Entity:** 
The primary subject (starting entity) is Equitas Small Finance Bank, connected to various financial, operational, and institutional attributes (ending entities).

**2. Business and Financial Summary:** 
Equitas Small Finance Bank is a regulated small finance bank headquartered in Chennai, offering diverse retail products such as housing, vehicle, gold, and small-business loans. Financially, it reported a net interest income of ₹1,029.4 crore, a return on assets of 1.18%, and a return on equity of 11.76%. Major institutional investors like HDFC Mutual Fund, SBI Mutual Fund, and Franklin India held significant stakes ranging between 6.04% and 8.57% as of December 2024.",Not relevant,Lists only financial/ownership facts about Equitas Small Finance Bank without identifying any actual risk.
671,Who are Equitas Small Finance Bank's main named competitors?,"1. **Starting Entity:** Equitas Small Finance Bank Limited | **Ending Entity:** Small Finance Bank (Banking Segment)

2. **Business Summary:** Equitas Small Finance Bank Limited is a publicly listed entity on the NSE and BSE under the ticker EQUITASBNK, operating within the banking segment as a small finance bank. Headquartered in Chennai, Tamil Nadu, the institution evolved from the Equitas Micro Finance/NBFC group to operate a diversified retail lending model. 

3. **Numerical & Factual Details:** The bank's operations are officially listed on both major Indian stock exchanges (NSE and BSE) using the ticker symbol EQUITASBNK, and its banking segment is explicitly categorized as a Small Finance Bank.",Not relevant,"Fails to name any actual competitor of Equitas Small Finance Bank, only restates its own attributes."
672,"What is Ujjivan Small Finance Bank's primary competitive advantage, and how strong is the evidence behind that claim?","**Starting Entity:** Ujjivan Small Finance Bank  
**Ending Entity:** Certificate-of-deposit programme (or various financial and leadership attributes)

Ujjivan Small Finance Bank holds an A1+ rating for its certificate-of-deposit programme and maintains strong financial health, reporting a net interest income of ₹1,186 crore and a profit after tax of ₹317 crore (up 206.7% year-on-year) for the quarter. The bank is actively diversifying its portfolio into secured retail and affordable housing—which reached ₹11,210 crore—while experiencing leadership transitions with Carol Furtado appointed as acting MD & CEO effective September 1, 2026.",Relevant,Identifies a specific advantage for Ujjivan Small Finance Bank (rating/backing/growth) with supporting evidence.
673,What is the key strength identified for Ujjivan Small Finance Bank in the current analysis?,"Based on the provided knowledge graph data, the starting entity is **Ujjivan Small Finance Bank** and the ending entity is its financial/operational profile (or specifically its reported **Profit after tax of ₹317 crore**). 

Ujjivan Small Finance Bank is actively diversifying its lending portfolio away from legacy microfinance into secured retail, affordable housing (reaching ₹11,210 crore), and MSME loans. Financially, the bank reported a strong performance with a Profit after tax of ₹317 crore (up 206.7% year-on-year) and a return on equity of 18.2%. Additionally, the bank is navigating leadership transitions with Carol Furtado appointed as acting MD & CEO effective September 1, 2026.",Relevant,Points to a concrete strength for Ujjivan Small Finance Bank backed by specific figures.
674,What is the main weakness or vulnerability flagged for Ujjivan Small Finance Bank?,"1. **Starting entity:** Ujjivan Small Finance Bank (with multiple attributes and relationships spanning financial performance, risks, and leadership). **Ending entities:** Various financial metrics, institutional shareholders, and leadership entities associated with the bank.

2. **Summary:** Ujjivan Small Finance Bank demonstrates strong financial health with a net interest income of ₹1,186 crore and a profit after tax of ₹317 crore (up 206.7% year-on-year), alongside a robust return on equity of 18.2% and a provision coverage of 85%. While actively diversifying its portfolio into secured retail, gold loans (growing 248.6%), MSME lending, and affordable housing to reduce legacy microfinance concentration, the bank faces operational risks tied to a health-related CEO transition and regulatory dependencies on the RBI.",Relevant,Explicitly names a weakness/vulnerability for Ujjivan Small Finance Bank.
675,What is the biggest threat facing Ujjivan Small Finance Bank according to the analysis?,"**Summary:**

1. **Starting Entity and Ending Entity:** The starting entity is **Ujjivan Small Finance Bank**, and the ending entities include various financial metrics, leadership appointments, and institutional stakeholders associated with the bank.
2. **Business/Financial Explanation:** The knowledge graph details Ujjivan Small Finance Bank's financial performance, portfolio diversification away from legacy microfinance, and corporate governance updates—such as Carol Furtado's appointment as acting MD & CEO effective September 1, 2026. It highlights strong operational growth, including a Profit After Tax of ₹317 crore and a gross loan book expansion of 28.9% year-on-year, alongside institutional shareholdings and regulatory oversight.
3. **Numerical Facts:** Key metrics include a Profit After Tax of ₹317 crore (up 206.7% year-on-year), a gross loan book growth of 28.9%, a return on equity of 18.2%, and mutual fund holdings of 14.83% as of September 2025.",Not relevant,The summary lists financial metrics and governance updates but never identifies a threat or risk facing the bank.
676,"What credit, market, operational or regulatory risks is Ujjivan Small Finance Bank exposed to?","Based on the provided knowledge graph data, the subject entity is **Ujjivan Small Finance Bank** and the ending entities consist of its various regulatory bodies, shareholders, financial metrics, and operational highlights. 

Ujjivan Small Finance Bank is regulated by both the RBI and SEBI, and it holds an A1+ rating for its certificate-of-deposit programme from CRISIL. Financially, the bank reported a profit after tax of ₹317 crore (up 206.7% year-on-year), a net interest income of ₹1,186 crore, and a gross loan book growth of 28.9% while actively diversifying into segments like affordable housing (reaching ₹11,210 crore) and gold loans (growing 248.6%). Additionally, as of September 2025, its institutional holdings included 3.21% by the International Finance Corporation and 2.93% by the Franklin India Opportunities Fund, alongside leadership transitions involving Sanjeev Nautiyal and acting CEO Carol Furtado.",Somewhat relevant,"It names regulators and a credit rating but does not identify concrete credit, market, operational, or regulatory risks the bank faces."
677,Who are Ujjivan Small Finance Bank's main named competitors?,"1. **Starting and Ending Entities:** The starting entity is **Ujjivan Small Finance Bank Limited**, and the ending entities include its various corporate and operational attributes (such as India, Banking sector, and NSE/BSE exchanges).

2. **Business/Financial Summary:** Ujjivan Small Finance Bank Limited is a publicly listed financial institution operating within India's banking sector as a small finance bank, traded under the ticker **UJJIVANSFB**. Headquartered in Bengaluru, Karnataka, the bank originated from the microfinance NBFC, Ujjivan Financial Services.",Not relevant,No competitors are named anywhere in the summary; it only covers corporate profile facts.
678,"What is ESAF Small Finance Bank's primary competitive advantage, and how strong is the evidence behind that claim?","**Summary:**

1. **Starting and Ending Entities:** The knowledge graph path connects **CARE Ratings** (starting entity) to **ESAF Small Finance Bank** (ending entity).
2. **Business/Financial Explanation:** CARE Ratings evaluates and assigns credit ratings to ESAF Small Finance Bank, which operates as a small finance bank under the regulatory oversight of the RBI and SEBI. As of September 2, 2026, CARE Ratings assigned the bank an A- long-term rating and an A1 short-term rating with a stable outlook. 
3. **Numerical Facts:** The ratings were assigned on September 2, 2026, reflecting the bank's financial profile, which includes a Q1 FY27 capital adequacy ratio of 23.86% and a gross NPA of 5.40%.",Somewhat relevant,It gives rating and asset-quality data but never frames a specific competitive advantage or evaluates the strength of evidence for one.
679,What is the key strength identified for ESAF Small Finance Bank in the current analysis?,"**Summary of Knowledge Graph Path:**

1. **Starting and Ending Entities:** The starting entity is **CARE Ratings** (and ESAF Financial Holdings Pvt Ltd as a major stakeholder), and the ending entity is **ESAF Small Finance Bank Limited**.
2. **Business/Financial Explanation:** CARE Ratings has assigned an A- long-term rating and an A1 short-term rating with a stable outlook to ESAF Small Finance Bank, which is led by MD & CEO Dr. K. Paul Thomas. The bank is majority-owned by ESAF Financial Holdings Pvt Ltd (52.87% stake) and reported significant financial metrics, including gross advances of ₹23,216 crore, a Q1 FY27 net interest margin of 7.9%, and a capital adequacy ratio of 23.86%. 
3. **Key Numerical Facts:** ESAF Financial Holdings holds a **52.87%** stake in the bank, while the bank reported a Q1 FY27 net interest margin of **7.9%**, a capital adequacy ratio of **23.86%**, and total gross advances of **₹23,216 crore**.",Somewhat relevant,It provides ownership and financial metrics but does not explicitly identify or argue a single key strength as asked.
680,What is the main weakness or vulnerability flagged for ESAF Small Finance Bank?,"1. **Starting entity:** ESAF Small Finance Bank; **Ending entity:** Various financial metrics, risk exposures, and ratings associated with the bank.

2. **Summary:** ESAF Small Finance Bank is experiencing strategic growth through diversification into secured retail lending and MSMEs, supported by a Q1 FY27 capital adequacy ratio of 23.86% and a net interest margin of 7.9%. However, the bank faces credit and regulatory risks due to holding the highest gross NPA of 5.40% among its peers and exposure to strict RBI microfinance norms. 

3. **Numerical facts:** Key figures include a Q1 FY27 CASA ratio of 23.39%, gross advances of ₹23,216 crore, a credit-deposit ratio of 86.22%, and a long-term rating of A- assigned by CARE Ratings.",Relevant,It explicitly flags the highest peer-group gross NPA and exposure to strict RBI norms as the bank's main weakness.
681,What is the biggest threat facing ESAF Small Finance Bank according to the analysis?,"Based on the provided knowledge graph, the starting entity is **CARE Ratings** and the ending entity is **ESAF Small Finance Bank**. 

CARE Ratings evaluated ESAF Small Finance Bank as of September 2, 2026, assigning it an A- long-term rating and an A1 short-term rating while moving its outlook to Stable. Additionally, the bank's financial profile includes a Q1 FY27 net interest margin of 7.9% and a capital adequacy ratio of 23.86%.",Not relevant,The summary only reports ratings and metrics without identifying any threat facing the bank.
682,"What credit, market, operational or regulatory risks is ESAF Small Finance Bank exposed to?","**Starting Entity:** ESAF Small Finance Bank  
**Ending Entity:** Various financial, regulatory, and credit-rating attributes associated with the bank (e.g., CARE Ratings, RBI, financial metrics).

**Summary:**
ESAF Small Finance Bank is regulated by the RBI and SEBI, and it holds an A- long-term and A1 short-term rating from CARE Ratings with a stable outlook as of September 2, 2026. The bank reported key financial metrics for Q1 FY27, including a CASA ratio of 23.39%, a credit-deposit ratio of 86.22%, a capital adequacy ratio of 23.86%, and gross advances of ₹23,216 crore. Additionally, the institution faces credit and concentration risks tied to its promoter ownership structure and the highest gross non-performing assets (GNPA) in its peer segment, with GNPA improving to 5.40% and net NPA to 0.83%.",Relevant,"It explicitly names credit and concentration risks tied to ownership structure and the peer-highest GNPA, directly answering the risk question."
683,Who are ESAF Small Finance Bank's main named competitors?,"1. **Starting Entity:** ESAF Small Finance Bank Limited  
   **Ending Entity:** AU Small Finance Bank  

2. **Summary:** ESAF Small Finance Bank Limited operates in the same market space and directly competes with its industry peers. Specifically, it faces competition from better-capitalized small-finance-bank institutions, such as AU Small Finance Bank.",Relevant,"It explicitly names AU Small Finance Bank as a competitor, directly answering the query."
684,"What is Utkarsh Small Finance Bank's primary competitive advantage, and how strong is the evidence behind that claim?","1. **Starting Entity:** Utkarsh Small Finance Bank; **Ending Entity:** Various financial risks, regulatory bodies, and credit rating agencies (such as CARE and ICRA).

2. **Path Summary:** Utkarsh Small Finance Bank holds a small-finance-bank license and operates under the regulatory oversight of the RBI and SEBI, while depending heavily on the health of the microfinance sector, particularly in Bihar and Uttar Pradesh. The bank faces specific operational challenges, including credit risk from elevated gross and net NPAs, concentration risk from promoter dilution, and regulatory risk tied to its negative rating outlook. 

3. **Numerical Facts:** No specific financial numbers (like percentages or monetary amounts) are mentioned in the path, though qualitative credit ratings are noted, including an ""A- Stable"" rating by CARE and a ""Negative"" outlook by ICRA.",Not relevant,"The query asks for a competitive advantage but the summary describes only risks and challenges, the opposite of what was asked."
685,What is the key strength identified for Utkarsh Small Finance Bank in the current analysis?,"1. **Starting Entity:** Utkarsh Small Finance Bank | **Ending Entity:** Regulatory bodies, credit rating agencies, and specific risk factors.

2. **Summary:** Utkarsh Small Finance Bank holds a small-finance-bank license and operates under the regulatory oversight of the RBI and SEBI. The bank faces regional exposure to the microfinance sectors in Bihar and Uttar Pradesh, alongside broader credit risks from elevated gross and net NPAs and governance risks from promoter dilution. Furthermore, it has received divergent credit ratings, featuring an A- Stable assignment from CARE and a Negative outlook from ICRA.",Not relevant,The query asks for a key strength but the summary only lists risks and negative rating signals.
686,What is the main weakness or vulnerability flagged for Utkarsh Small Finance Bank?,"1. **Starting Entity:** Utkarsh Small Finance Bank; **Ending Entity:** Various regulatory bodies, credit rating agencies, sector exposures, and key operational risks.

2. Utkarsh Small Finance Bank operates under a small finance bank license regulated by the RBI and SEBI, while depending heavily on the microfinance sector, particularly in Uttar Pradesh and Bihar. 

3. The bank faces multiple operational and financial challenges, including credit risk from elevated gross and net NPAs, concentration and governance risks from promoter dilution, and regulatory risks highlighted by diverging credit rating outlooks from ICRA (Negative) and CARE (A- Stable).",Relevant,"It explicitly enumerates credit, concentration/governance, and regulatory weaknesses as requested."
687,What is the biggest threat facing Utkarsh Small Finance Bank according to the analysis?,"**Starting Entity:** Utkarsh Small Finance Bank  
**Ending Entity:** Various regulatory bodies, credit rating agencies, and operational risk factors (such as the RBI, SEBI, CARE, ICRA, and the microfinance sectors in Bihar and Uttar Pradesh).

**Summary:**
Utkarsh Small Finance Bank holds a small-finance-bank license and is regulated by both the RBI and SEBI. The bank faces operational dependencies on the microfinance sectors in Bihar and Uttar Pradesh, alongside credit risks from elevated gross and net NPAs and promoter dilution. Additionally, it has received divergent credit-rating outlooks, featuring an A- Stable assignment from CARE and a Negative outlook from ICRA.",Somewhat relevant,It lists several risk factors but does not single out or rank a single 'biggest' threat as the query asks.
688,"What credit, market, operational or regulatory risks is Utkarsh Small Finance Bank exposed to?","**Starting Entity:** Utkarsh Small Finance Bank  
**Ending Entity:** Various regulatory bodies, credit agencies, geographic sectors, and specific business risks.

Utkarsh Small Finance Bank operates under a small-finance-bank license and is regulated by both the RBI (following microfinance guidelines) and SEBI. The bank faces credit and regulatory risks due to elevated gross and net NPAs and a negative rating outlook from ICRA, though it received an A- Stable rating from CARE. Additionally, its business heavily relies on the overall microfinance sector, with specific geographic concentration in Bihar and Uttar Pradesh, alongside exposure to concentration and governance risks from promoter dilution.",Relevant,"It directly enumerates credit, regulatory, concentration, and governance risks matching the categories asked about."
689,Who are Utkarsh Small Finance Bank's main named competitors?,"Based on the knowledge graph path, the starting entity is **Utkarsh Small Finance Bank** and the ending entities include its operational, geographic, and market attributes. Utkarsh Small Finance Bank Limited is a publicly listed small finance bank in India, traded on the NSE under the ticker UTKARSHBNK. Headquartered in Varanasi, Uttar Pradesh, the institution originally evolved from an NBFC-MFI founded in 2010.",Not relevant,No named competitors are provided; the summary only covers corporate profile facts.
690,"What is Suryoday Small Finance Bank's primary competitive advantage, and how strong is the evidence behind that claim?","Based on the provided knowledge graph path, the starting and ending entity is **Suryoday Small Finance Bank** (acting as both the subject and the primary focus across its operational and financial metrics). 

Suryoday Small Finance Bank has shown strong financial performance, reporting a 113.10% year-on-year surge in net profit to ₹75.18 crore and an annualized net interest income of ₹622.36 crore (up 25.69%) for Q1 FY27, alongside a solid capital adequacy ratio of 21.6%. However, the bank faces operational and reputational risks due to an unresolved reporting discrepancy in its gross NPA, which was cited as either 2.47% or 6.60% for the same period.",Relevant,"It presents the bank's strong profit/NIM growth as its advantage and directly flags an evidentiary weakness (conflicting NPA figures), addressing both parts of the query."
691,What is the key strength identified for Suryoday Small Finance Bank in the current analysis?,"Based on the knowledge graph path, the starting entity is **Suryoday Small Finance Bank** and the ending entity is its various **financial and operational metrics (such as net profit, risk exposures, and ratings)**. 

Suryoday Small Finance Bank is driven by diversification into affordable-housing and MSME lending while being regulated by the RBI and SEBI. Financially, the bank posted a 113.10% year-on-year surge in net profit to ₹75.18 crore and an annualized net interest income of ₹622.36 crore, alongside a capital adequacy ratio of 21.6%. However, it faces operational and reputational risks due to unresolved discrepancies in its reported gross NPA, which ranged between 2.47% and 6.60% for the period.",Relevant,"It identifies diversification and strong profit/NII growth as the bank's strength, directly answering the query."
692,What is the main weakness or vulnerability flagged for Suryoday Small Finance Bank?,"**Starting Entity:** Suryoday Small Finance Bank  
**Ending Entity:** Suryoday Small Finance Bank (Self-referential profile detailing financial performance, risk exposures, and strategic growth drivers)

Suryoday Small Finance Bank demonstrated strong financial performance, reporting a 113.10% year-on-year surge in net profit to ₹75.18 crore alongside an annualized net interest income of ₹622.36 crore (up 25.69%) and a net interest margin of 4.21% for the quarter. To support its future growth, the bank is actively diversifying its portfolio into MSME lending and affordable housing. However, the institution faces ordinary credit risk and operational/reputational risks stemming from a reporting discrepancy in its gross NPA, which was cited inconsistently as either 2.47% or 6.60% for the same period.",Relevant,It explicitly flags the gross NPA reporting discrepancy and associated operational/reputational risk as the main vulnerability.
693,What is the biggest threat facing Suryoday Small Finance Bank according to the analysis?,"Based on the provided knowledge graph data, the starting entity is **Suryoday Small Finance Bank**, which connects to various financial performance metrics, risk factors, and regulatory bodies as its ending contexts. During the period, the bank experienced strong financial growth, with net profit surging 113.10% year-on-year to ₹75.18 crore and net interest margin improving to 4.21%. However, the bank also faces operational and reputational risks due to an unresolved discrepancy in its gross NPA reporting, which ranges between 2.47% and 6.60%.",Relevant,"It identifies the unresolved NPA reporting discrepancy as the specific threat, directly answering the query."
694,"What credit, market, operational or regulatory risks is Suryoday Small Finance Bank exposed to?","1. **Starting Entity and Ending Entity:** The starting entity is **Suryoday Small Finance Bank**, and the ending entities include its various financial metrics, operational risks, and regulatory bodies (such as the **RBI** and **SEBI**).

2. **Simple Business/Financial Summary:** Suryoday Small Finance Bank operates under an SFB license and is driven by growth in affordable-housing and MSME lending, alongside oversight by the RBI and SEBI. Financially, the bank reported a robust net profit increase of 113.10% year-on-year to ₹75.18 crore and a net interest margin of 4.21%, though it faces operational and reputational risks due to discrepancies in its gross NPA reporting.",Relevant,"It names operational and reputational risk from NPA reporting discrepancies and notes regulatory oversight, matching the risk categories asked."
695,Who are Suryoday Small Finance Bank's main named competitors?,"**Summary:**

The starting entity is **Suryoday Small Finance Bank**, which operates within the **Banking** sector as a small finance bank located in **India**. The bank is publicly listed on the **NSE and BSE** under the ticker **SURYODAY** and was originally incorporated in **2008** before commencing operations as a bank in **2017**.",Not relevant,No competitors are named; the summary is limited to corporate profile facts.
696,"What is Jana Small Finance Bank's primary competitive advantage, and how strong is the evidence behind that claim?","1. **Starting and Ending Entities:** The starting entity is **Jana Small Finance Bank Limited** and the ending entity is its **shareholders/investors and financial performance metrics** (such as promoters, private equity backers, and specific financial stakes).

2. **Business/Financial Explanation:** Jana Small Finance Bank Limited is backed by various institutional investors and its promoter, Jana Holdings Limited, while being led by MD & CEO Ajay Chamanlal Kanwal. The bank is expanding its operations into MSME and secured retail banking, reporting strong profitability alongside key performance indicators like capital adequacy and asset quality improvements.

3. **Important Numerical Facts:** Jana Holdings Limited holds a 16.94% stake as of June 2026, while other investors hold specific portions such as Volrado Venture Partners (2.78%), ICICI Prudential Life Insurance (1.54%), Ananta Capital Ventures Fund 1 (1.46%), and Singularity Growth Opportunities Fund II (1.34%). Additionally, the bank reported a profit after tax of ₹155.23 crore (up 52.29% year-on-year), an earnings per share of ₹14.74 for Q1 FY27, and improved its capital adequacy to 20.18%.",Somewhat relevant,It gives ownership and profitability data but never articulates a specific competitive advantage or assesses the strength of evidence for one.
697,What is the key strength identified for Jana Small Finance Bank in the current analysis?,"1. **Starting Entity and Ending Entity:** The starting entity is **Jana Small Finance Bank Limited** and the ending entities include its various financial metrics, ownership stakes, and operational highlights (such as promoters, institutional investors, and credit ratings).

2. **Simple Business/Financial Summary:** Jana Small Finance Bank Limited operates under a small finance bank license and is backed by key investors like promoter Jana Holdings Limited (holding a 16.94% stake) and private equity firms like TPG Capital and HarbourVest Partners. Financially, the bank reported a profit after tax of ₹155.23 crore (up 52.29% year-on-year) and earnings per share of ₹14.74 for Q1 FY27, while focusing its future growth on digital banking and secured MSME expansion.

3. **Important Numerical Facts:** Key figures include a Q1 FY27 profit after tax of ₹155.23 crore, an EPS of ₹14.74, a capital adequacy ratio of 20.18%, a gross NPA of 2.39%, and a net NPA of 0.91%. Additionally, promoter Jana Holdings Limited holds a 16.94% stake, while institutional stakes include Volrado Venture Partners (2.78%), ICICI Prudential Life Insurance (1.54%), Ananta Capital (1.46%), and Singularity Growth Opportunities Fund II (1.34%).",Somewhat relevant,It provides strong profitability metrics but does not explicitly identify these as 'the key strength' the query asks for.
698,What is the main weakness or vulnerability flagged for Jana Small Finance Bank?,"**1. Starting and Ending Entity:**
* **Starting Entity:** Jana Small Finance Bank Limited
* **Ending Entity:** Various financial, operational, and stakeholder attributes (e.g., Q1 FY27 financial metrics, regulatory bodies, and investors).

**2. Financial Summary:**
The knowledge graph outlines the operational and financial profile of Jana Small Finance Bank Limited, which is regulated by the RBI and SEBI and headquartered in Bengaluru. Financially, the bank reported a profit after tax of ₹155.23 crore (up 52.29% year-on-year) and an EPS of ₹14.74 for Q1 FY27, alongside a capital adequacy ratio of 20.18% and an FY26 return on equity of 8%. Asset quality showed slight improvements in Q1 FY27 with a gross NPA of 2.39% and net NPA of 0.91%, while its strategic growth relies on digital banking (""DigiGen"") and secured MSME expansion.",Not relevant,The summary reports only positive/neutral metrics and does not flag any weakness or vulnerability.
699,What is the biggest threat facing Jana Small Finance Bank according to the analysis?,"Based on the provided knowledge graph data, the starting entity is **Jana Small Finance Bank Limited** and the ending entities are its various financial metrics, key stakeholders, and operational updates (such as its Q1 FY27 performance). 

Jana Small Finance Bank Limited, headquartered in Bengaluru and led by MD & CEO Ajay Chamanlal Kanwal, reported a strong profit after tax of ₹155.23 crore (up 52.29% year-on-year) and improved its capital adequacy to 20.18% in Q1 FY27. The bank counts various institutional investors among its stakeholders—such as promoter Jana Holdings Limited with a 16.94% stake as of June 2026—while driving future growth through digital-banking initiatives and secured-MSME expansion.",Not relevant,No threat is identified anywhere in the summary; it only reports positive performance and ownership facts.
700,"What credit, market, operational or regulatory risks is Jana Small Finance Bank exposed to?","1. **Starting Entity:** Jana Small Finance Bank Limited; **Ending Entity:** Various related business and financial attributes (such as leadership, stakeholders, financial performance metrics, and operational risks).
2. The knowledge graph details the corporate profile, equity stakeholders, and financial metrics of Jana Small Finance Bank Limited, which is led by MD & CEO Ajay Chamanlal Kanwal and regulated by the RBI and SEBI. It highlights the bank's operational focus on digital banking (""DigiGen"") and MSME expansion, alongside key backing from private-equity investors and its promoter, Jana Holdings Limited.
3. Important numerical facts include a Q1 FY27 profit after tax of ₹155.23 crore (up 52.29% year-on-year), a capital adequacy ratio of 20.18%, an earnings per share of ₹14.74, and an FY26 return on equity of 8%. Additionally, promoter Jana Holdings Limited held a 16.94% stake as of June 2026, alongside stakes held by other institutional investors like Volrado Venture Partners (2.78%) and ICICI Prudential Life Insurance (1.54%).",Not relevant,"The summary lists ownership and financial metrics but does not identify any specific credit, market, operational, or regulatory risk."
701,Who are Jana Small Finance Bank's main named competitors?,"Based on the provided knowledge graph data, the starting entity is **Jana Small Finance Bank Limited** and the ending entity comprises its various corporate and operational attributes. Headquartered in Bengaluru, Karnataka, and operating in India's banking sector under the ticker **JSFB**, the institution originated as Janalakshmi Financial Services before converting to a small finance bank in **2018**. It functions as a listed entity on both the NSE and BSE exchanges, delivering a diversified model of secured retail, MSME, and digital banking services.",Not relevant,No competitors are named; the summary only covers corporate history and profile facts.
702,"Compare the gross NPA ratio of HDFC Bank and ICICI Bank. Which is stronger, and by how much?","**Starting Entity:** HDFC Bank  
**Ending Entity:** Market competition, exchanges, and corporate history (4 related facts)

HDFC Bank is publicly traded on both the NSE and BSE, while actively competing against State Bank of India to capture retail and digital market share. Additionally, its former parent company, HDFC Limited, officially merged into the bank in July 2023.",Not relevant,No gross NPA figures or comparison between HDFC Bank and ICICI Bank are provided; ICICI Bank is not even mentioned.
703,"Compare the return on equity of HDFC Bank and ICICI Bank. Which is stronger, and by how much?","The starting entity is HDFC Bank, which connects to its own corporate history, market exchanges, and key competitors through a total of 4 related facts. Specifically, the bank trades on the NSE and BSE, competes strongly with State Bank of India in the retail and digital markets, and completed a major merger with its erstwhile parent company, HDFC Limited, in July 2023.",Not relevant,No ROE data or comparison with ICICI Bank is given; ICICI Bank is not mentioned at all.
704,"Compare the CASA ratio of HDFC Bank and ICICI Bank. Which is stronger, and by how much?","The starting entity is HDFC Bank and the ending entities comprise its 4 related market facts. The path shows that HDFC Bank trades on both the NSE and BSE, competes strongly with State Bank of India in the retail and digital sectors, and successfully completed a merger with its erstwhile parent company, HDFC Limited, in July 2023.",Not relevant,No CASA ratio data or comparison to ICICI Bank is provided.
705,"Compare the net interest margin of HDFC Bank and ICICI Bank. Which is stronger, and by how much?","**Starting Entity:** HDFC Bank  
**Ending Entity:** Market presence, competitors, and corporate structure (4 related facts)

HDFC Bank is publicly traded on both the NSE and BSE, while actively competing against the State Bank of India by capturing retail and digital market share. Additionally, its former parent company, HDFC Limited, officially merged into HDFC Bank in July 2023.",Not relevant,No NIM figures or comparison to ICICI Bank are given.
706,"Compare the gross NPA ratio of HDFC Bank and Axis Bank. Which is stronger, and by how much?","**Starting Entity:** HDFC Bank  
**Ending Entity:** Market and Competitor Network (4 related facts)

HDFC Bank trades publicly on both the NSE and BSE stock exchanges and faces strong competition from the State Bank of India in the retail and digital sectors. Additionally, its former parent company, HDFC Limited, officially merged into HDFC Bank in July 2023.",Not relevant,No gross NPA data or comparison with Axis Bank is provided; Axis Bank is not mentioned.
707,"Compare the return on equity of HDFC Bank and Axis Bank. Which is stronger, and by how much?","The knowledge graph path originates at **HDFC Bank Limited** and concludes with its organizational and market relationships totaling 4 facts. The path highlights that HDFC Bank trades on the NSE and BSE, competes strongly against the State Bank of India in the retail and digital markets, and absorbed its erstwhile parent company, HDFC Limited, through a merger in July 2023.",Not relevant,No ROE figures or comparison to Axis Bank are given.
708,"Compare the CASA ratio of HDFC Bank and Axis Bank. Which is stronger, and by how much?","**Starting Entity:** HDFC Bank  
**Ending Entity:** Market competition, exchanges, and corporate structure (4 related facts)

HDFC Bank is publicly traded on both the NSE and BSE and maintains intense retail and digital market competition against the State Bank of India. Additionally, its former parent company, HDFC Limited, officially merged into HDFC Bank in July 2023.",Not relevant,No CASA ratio data or comparison with Axis Bank is provided.
709,"Compare the net interest margin of HDFC Bank and Axis Bank. Which is stronger, and by how much?","The knowledge graph path originates at **HDFC Bank Limited** and concludes with its related market, competitive, and corporate structural facts (totaling 4 facts). Financially, the path highlights that HDFC Bank trades on the NSE and BSE, actively competes for retail and digital market share against State Bank of India, and successfully absorbed its former parent company, HDFC Limited, through a merger in July 2023.",Not relevant,No NIM figures or comparison with Axis Bank are given.
710,"Compare the gross NPA ratio of ICICI Bank and Axis Bank. Which is stronger, and by how much?","**Starting Entity:** ICICI Bank  
**Ending Entity:** State Bank of India  

ICICI Bank acts as a key competitor to State Bank of India, posing a threat to its digital and retail market standing, with a total count of 1 recorded competitive relationship fact.",Not relevant,No gross NPA data is given and Axis Bank is not mentioned at all.
711,"Compare the return on equity of ICICI Bank and Axis Bank. Which is stronger, and by how much?","The starting entity is **ICICI Bank** and the ending entity is **State Bank of India**. ICICI Bank acts as a key competitor to State Bank of India, posing a direct threat to its digital and retail market standing. This relationship highlights a competitive dynamic between the two banking institutions.",Not relevant,No ROE data or comparison with Axis Bank is provided; Axis Bank is not mentioned.
712,"Compare the CASA ratio of ICICI Bank and Axis Bank. Which is stronger, and by how much?","The knowledge graph path originates at **ICICI Bank** and concludes with its competitive relationship with **State Bank of India**. ICICI Bank serves as a key competitor to State Bank of India, posing a threat to its digital and retail market standing. This relationship is supported by **1** fact identified in the data.",Not relevant,No CASA ratio data or comparison with Axis Bank is given.
713,"Compare the net interest margin of ICICI Bank and Axis Bank. Which is stronger, and by how much?","The starting entity is **ICICI Bank** and the ending entity is **State Bank of India**. ICICI Bank serves as a key competitor to State Bank of India, specifically threatening its digital and retail market standing. There is **1** recorded fact establishing this competitive relationship within the knowledge graph.",Not relevant,No NIM data or comparison with Axis Bank is provided.
714,"Compare the gross NPA ratio of ICICI Bank and Kotak Mahindra Bank. Which is stronger, and by how much?","The starting entity is **ICICI Bank** and the ending entity is **State Bank of India**. ICICI Bank acts as a key competitor to State Bank of India, posing a direct threat to its digital and retail market standing.",Not relevant,No gross NPA data or mention of Kotak Mahindra Bank is provided.
715,"Compare the return on equity of ICICI Bank and Kotak Mahindra Bank. Which is stronger, and by how much?","**Starting Entity:** ICICI Bank  
**Ending Entity:** State Bank of India (SBI)

ICICI Bank acts as a key competitor to State Bank of India, posing a competitive threat to its digital and retail market standing. This relationship highlights a direct market rivalry between the two financial institutions, supported by 1 quantified fact in the knowledge graph.",Not relevant,No ROE data or mention of Kotak Mahindra Bank is provided.
716,"Compare the CASA ratio of ICICI Bank and Kotak Mahindra Bank. Which is stronger, and by how much?","The knowledge graph path originates at **ICICI Bank** and concludes with its competitive relationship with **State Bank of India** (count: 1). ICICI Bank serves as a key competitor to State Bank of India, posing a direct threat to its digital and retail market standing.",Not relevant,No CASA data or mention of Kotak Mahindra Bank is provided.
717,"Compare the net interest margin of ICICI Bank and Kotak Mahindra Bank. Which is stronger, and by how much?","**Starting Entity:** ICICI Bank  
**Ending Entity:** State Bank of India  

ICICI Bank acts as a key competitor to State Bank of India, specifically threatening its market standing in the digital and retail banking sectors. This relationship highlights a direct competitive overlap between the two institutions based on a single documented fact.",Not relevant,No NIM data or mention of Kotak Mahindra Bank is provided.
718,"Compare the gross NPA ratio of HDFC Bank and Kotak Mahindra Bank. Which is stronger, and by how much?","**Starting Entity:** HDFC Bank  
**Ending Entity:** Market and competitive relationships (NSE, BSE, State Bank of India, and HDFC Limited)

**Summary:**
HDFC Bank is publicly traded and competes on both the NSE and BSE stock exchanges. In the banking sector, it competes strongly against State Bank of India by continuously capturing retail and digital market share. Additionally, its erstwhile parent company, HDFC Limited, officially merged into HDFC Bank in July 2023.",Not relevant,No gross NPA data or mention of Kotak Mahindra Bank is provided.
719,"Compare the return on equity of HDFC Bank and Kotak Mahindra Bank. Which is stronger, and by how much?","**Starting Entity:** HDFC Bank  
**Ending Entity:** Market Presence and Corporate Structure (NSE, BSE, State Bank of India, and HDFC Limited)

**Summary:**
HDFC Bank is publicly traded on both the NSE and BSE, while actively competing against the State Bank of India for retail and digital market share. Its corporate structure was significantly altered when its erstwhile parent company, HDFC Limited, merged into it in July 2023.",Not relevant,No ROE data or mention of Kotak Mahindra Bank is provided.
720,"Compare the CASA ratio of HDFC Bank and Kotak Mahindra Bank. Which is stronger, and by how much?","The knowledge graph path originates at **HDFC Bank Limited** and concludes with a total count of **4** related facts and business relationships. The bank trades on both the NSE and BSE, competes strongly with the State Bank of India in the retail and digital markets, and absorbed its former parent company, HDFC Limited, through a merger in July 2023.",Not relevant,No CASA data or mention of Kotak Mahindra Bank is provided.
721,"Compare the net interest margin of HDFC Bank and Kotak Mahindra Bank. Which is stronger, and by how much?","The starting entity is HDFC Bank, which connects to four related facts representing its market presence, competition, and corporate history. Specifically, the bank trades on both the NSE and BSE, actively competes with State Bank of India in the retail and digital sectors, and completed a major merger with its erstwhile parent company, HDFC Limited, in July 2023.",Not relevant,No NIM data or mention of Kotak Mahindra Bank is provided.
722,"Compare the gross NPA ratio of State Bank of India and HDFC Bank. Which is stronger, and by how much?","**Starting Entity:** State Bank of India  
**Ending Entity:** SBI Caps, YES BANK LIMITED, HDFC Bank, and ICICI Bank  

**Summary:**  
State Bank of India operates its investment banking services through its subsidiary, SBI Caps, and maintains a strategic investment relationship with YES BANK LIMITED, holding approximately a 10% residual stake as an anchor investor as of September 2025. Additionally, the bank faces intense market competition from HDFC Bank and ICICI Bank, both of which continuously challenge its standing in the retail and digital sectors.",Not relevant,No gross NPA figures or direct comparison with HDFC Bank are given.
723,"Compare the return on equity of State Bank of India and HDFC Bank. Which is stronger, and by how much?","**Summary:**

The starting entity is **State Bank of India**, which has 4 key relationship facts connecting it to various financial entities. State Bank of India operates its investment banking through its subsidiary **SBI Caps** and holds roughly a 10% residual stake as an anchor investor in **YES BANK LIMITED** as of September 2025. Additionally, it faces strong retail and digital market competition from ending entities **HDFC Bank** and **ICICI Bank**.",Not relevant,No ROE figures or comparison with HDFC Bank are given.
724,"Compare the CASA ratio of State Bank of India and HDFC Bank. Which is stronger, and by how much?","The starting entity is State Bank of India, and the ending entity is its related market and corporate network of 4 connected entities. State Bank of India operates its investment banking via its subsidiary SBI Caps and holds roughly a 10% residual stake in YES BANK LIMITED as an anchor investor as of September 2025. Additionally, it faces intense retail and digital market competition from both HDFC Bank and ICICI Bank.",Not relevant,No CASA figures or comparison with HDFC Bank are given.
725,"Compare the net interest margin of State Bank of India and HDFC Bank. Which is stronger, and by how much?","**Summary:**

1. **Starting and Ending Entities:** The starting entity is **State Bank of India (SBI)**, and the connected objects include its subsidiary (**SBI Caps**), an equity investment (**YES BANK LIMITED**), and key competitors (**HDFC Bank** and **ICICI Bank**).
2. **Business Explanation:** The knowledge graph highlights SBI's operational footprint, showing that it conducts investment banking via SBI Caps, holds a strategic stake as an anchor investor, and faces intense retail and digital market competition from major peers like HDFC Bank and ICICI Bank.
3. **Numerical Facts:** As of September 2025, State Bank of India held a roughly 10% residual stake in YES BANK LIMITED, alongside four total connected facts mapped in the query.",Not relevant,No NIM figures or comparison with HDFC Bank are given.
726,"Compare the gross NPA ratio of State Bank of India and Bank of Baroda. Which is stronger, and by how much?","The analysis of State Bank of India reveals four key relationships within the financial ecosystem. State Bank of India operates its investment banking through its subsidiary, SBI Caps, and holds approximately a 10% residual stake in YES BANK LIMITED as an anchor investor as of September 2025. Additionally, the bank faces strong competitive pressure in the retail and digital market segments from both HDFC Bank and ICICI Bank.",Not relevant,No gross NPA data or mention of Bank of Baroda is provided.
727,"Compare the return on equity of State Bank of India and Bank of Baroda. Which is stronger, and by how much?","Based on the provided knowledge graph path, the starting entity is **State Bank of India**, and the ending entities are **SBI Caps, YES BANK LIMITED, HDFC Bank, and ICICI Bank** (representing 4 related facts). State Bank of India operates its investment banking through its subsidiary SBI Caps and holds a roughly 10% residual stake as an anchor investor in YES BANK LIMITED as of September 2025. Additionally, the bank faces strong market competition from both HDFC Bank and ICICI Bank, particularly in the retail and digital sectors.",Not relevant,No ROE data or mention of Bank of Baroda is provided.
728,"Compare the CASA ratio of State Bank of India and Bank of Baroda. Which is stronger, and by how much?","**Summary:**

The starting entity is **State Bank of India**, which connects to four related operational, investment, and competitive entities as of September 2025. Specifically, the bank operates investment banking through its subsidiary SBI Caps, holds a roughly 10% residual stake as an anchor investor in YES BANK LIMITED, and faces intense digital and retail market competition from both HDFC Bank and ICICI Bank.",Not relevant,No CASA data or mention of Bank of Baroda is provided.
729,"Compare the net interest margin of State Bank of India and Bank of Baroda. Which is stronger, and by how much?","Based on the provided knowledge graph path, the starting entity is **State Bank of India** and the ending entities are its related subsidiaries, strategic investments, and competitors. State Bank of India operates its investment banking through its subsidiary SBI Caps and held approximately a 10% residual stake as an anchor investor in YES BANK LIMITED as of September 2025. Additionally, the bank faces intense market competition in the retail and digital sectors from major rivals HDFC Bank and ICICI Bank.",Not relevant,No NIM data or mention of Bank of Baroda is provided.
730,"Compare the gross NPA ratio of State Bank of India and Punjab National Bank. Which is stronger, and by how much?","**Starting Entity:** State Bank of India  
**Ending Entity:** SBI Caps, YES BANK LIMITED, HDFC Bank, and ICICI Bank  

State Bank of India operates its investment banking through its subsidiary, SBI Caps, and holds approximately a 10% residual stake in YES BANK LIMITED as an anchor investor as of September 2025. Additionally, the bank faces strong competitive pressure from both HDFC Bank and ICICI Bank, particularly in the retail and digital market segments.",Not relevant,No gross NPA data or mention of Punjab National Bank is provided.
731,"Compare the return on equity of State Bank of India and Punjab National Bank. Which is stronger, and by how much?","**Summary:**

The starting entity is the State Bank of India, which has a total of 4 related facts connecting it to various financial entities and operations. Specifically, State Bank of India provides investment banking via its subsidiary SBI Caps and maintains a roughly 10% residual stake as an anchor investor in YES BANK LIMITED as of September 2025. Additionally, the bank faces strong competition in the retail and digital market spaces from both HDFC Bank and ICICI Bank.",Not relevant,No ROE data or mention of Punjab National Bank is provided.
732,"Compare the CASA ratio of State Bank of India and Punjab National Bank. Which is stronger, and by how much?","The starting entity is **State Bank of India**, and the ending entity is its **associated business relationships and key market competitors**. State Bank of India operates its investment banking through its subsidiary SBI Caps and holds roughly a 10% residual stake as an anchor investor in YES BANK LIMITED as of September 2025. Additionally, the bank faces intense competition in retail and digital market share from major rivals HDFC Bank and ICICI Bank.",Not relevant,No CASA data or mention of Punjab National Bank is provided.
733,"Compare the net interest margin of State Bank of India and Punjab National Bank. Which is stronger, and by how much?","**Starting Entity:** State Bank of India  
**Ending Entity:** YES BANK LIMITED, SBI Caps, HDFC Bank, and ICICI Bank (4 related entities/facts)

State Bank of India operates its investment banking services through its subsidiary, SBI Caps, and maintains a strategic affiliation with YES BANK LIMITED as an anchor investor, holding a roughly 10% residual stake as of September 2025. Additionally, the bank faces intense market competition from major peers like HDFC Bank and ICICI Bank, both of which continuously threaten its retail and digital market standing.",Not relevant,No NIM data or mention of Punjab National Bank is provided.
734,"Compare the gross NPA ratio of Bank of Baroda and Canara Bank. Which is stronger, and by how much?","Based on the knowledge graph path, the starting entity is **Bank of Baroda** and the ending entity is **BOBCARD**. In simple financial terms, Bank of Baroda acts as the parent entity that holds a subsidiary relationship with BOBCARD. This relationship is supported by 1 factual connection found in the data.",Not relevant,No gross NPA data or mention of Canara Bank is provided.
735,"Compare the return on equity of Bank of Baroda and Canara Bank. Which is stronger, and by how much?","**Summary:**

1. **Entities:** The starting entity is Bank of Baroda and the ending entity is its subsidiary, BOBCARD.
2. **Relationship:** Bank of Baroda acts as the parent organization for BOBCARD.
3. **Numerical Facts:** Bank of Baroda holds exactly 1 direct parent-subsidiary relationship with this entity based on the available data.",Not relevant,No ROE data or mention of Canara Bank is provided.
736,"Compare the CASA ratio of Bank of Baroda and Canara Bank. Which is stronger, and by how much?","The starting entity is Bank of Baroda, and the ending entity is its subsidiary, BOBCARD. Bank of Baroda acts as the parent entity for this subsidiary. This relationship is supported by a count of 1 fact in the knowledge graph.",Not relevant,No CASA data or mention of Canara Bank is provided.
737,"Compare the net interest margin of Bank of Baroda and Canara Bank. Which is stronger, and by how much?","**Summary:**

The starting entity is Bank of Baroda and the ending entity is its subsidiary, BOBCARD. Bank of Baroda acts as the parent entity for BOBCARD, as indicated by a count of 1 related fact.",Not relevant,No NIM data or mention of Canara Bank is provided.
738,"Compare the gross NPA ratio of Bank of Baroda and Punjab National Bank. Which is stronger, and by how much?","The knowledge graph path originates from the parent entity **Bank of Baroda** and ends at its subsidiary, **BOBCARD**. Specifically, Bank of Baroda serves as the parent entity for this subsidiary, supported by a count of 1 related fact in the graph.",Not relevant,No gross NPA data or mention of Punjab National Bank is provided.
739,"Compare the return on equity of Bank of Baroda and Punjab National Bank. Which is stronger, and by how much?","Based on the knowledge graph path, the starting entity is **Bank of Baroda** and the ending entity is **BOBCARD**. In simple business terms, Bank of Baroda acts as the parent entity that owns and oversees its subsidiary, BOBCARD, with a count of 1 direct relationship confirming this ownership structure.",Not relevant,No ROE data or mention of Punjab National Bank is provided.
740,"Compare the CASA ratio of Bank of Baroda and Punjab National Bank. Which is stronger, and by how much?","Based on the provided knowledge graph path, the starting entity is **Bank of Baroda** and the ending entity is **BOBCARD** (its subsidiary). In simple business terms, Bank of Baroda acts as the parent organization for BOBCARD, maintaining a single documented parent-subsidiary relationship as indicated by the count of 1.",Not relevant,No CASA data or mention of Punjab National Bank is provided.
741,"Compare the net interest margin of Bank of Baroda and Punjab National Bank. Which is stronger, and by how much?","**1. Entities:** The starting entity is Bank of Baroda and the ending entity is its subsidiary, BOBCARD.

**2. Financial Summary:** Bank of Baroda acts as the parent entity that owns and oversees its subsidiary, BOBCARD. 

**3. Numerical Facts:** The relationship confirms a count of 1 parent-subsidiary connection between the two entities.",Not relevant,No NIM data or mention of Punjab National Bank is provided.
742,"Compare the gross NPA ratio of Canara Bank and Union Bank of India. Which is stronger, and by how much?",,Not relevant,No summary/answer was produced by the pipeline — there is no assistant output to address the user's request.
743,"Compare the return on equity of Canara Bank and Union Bank of India. Which is stronger, and by how much?",,Not relevant,No summary/answer was produced by the pipeline — there is no assistant output to address the user's request.
744,"Compare the CASA ratio of Canara Bank and Union Bank of India. Which is stronger, and by how much?",,Not relevant,No summary/answer was produced by the pipeline — there is no assistant output to address the user's request.
745,"Compare the net interest margin of Canara Bank and Union Bank of India. Which is stronger, and by how much?",,Not relevant,No summary/answer was produced by the pipeline — there is no assistant output to address the user's request.
746,"Compare the gross NPA ratio of Union Bank of India and Bank of India. Which is stronger, and by how much?","The starting entity is Union Bank of India and the ending entities are Andhra Bank and Corporation Bank. Through structural consolidation, both Andhra Bank and Corporation Bank were amalgamated into Union Bank of India. This relationship path reflects a total count of 2 historical bank amalgamations involving the subject institution.",Not relevant,No gross NPA data or mention of Bank of India is provided.
747,"Compare the return on equity of Union Bank of India and Bank of India. Which is stronger, and by how much?","The starting entity is Union Bank of India, and the ending entities are Andhra Bank and Corporation Bank. Through structural consolidation, both Andhra Bank and Corporation Bank were amalgamated into Union Bank of India, resulting in a total of 2 recorded amalgamation facts.",Not relevant,No ROE data or mention of Bank of India is provided.
748,"Compare the CASA ratio of Union Bank of India and Bank of India. Which is stronger, and by how much?","Based on the provided knowledge graph path, the starting entity is **Union Bank of India** and the ending entities are **Andhra Bank** and **Corporation Bank**. In simple financial terms, Union Bank of India grew through consolidation by absorbing two smaller public sector banks. Specifically, a total of 2 numerical facts show that both Andhra Bank and Corporation Bank were amalgamated into Union Bank of India.",Not relevant,No CASA data or mention of Bank of India is provided.
749,"Compare the net interest margin of Union Bank of India and Bank of India. Which is stronger, and by how much?","**Summary:**

1. **Entities:** The starting entity is **Union Bank of India**, and the ending entities are **Andhra Bank** and **Corporation Bank**.
2. **Business Explanation:** Andhra Bank and Corporation Bank were both amalgamated into Union Bank of India. 
3. **Numerical Facts:** Exactly **2** institutions were amalgamated into Union Bank of India as captured by this relationship path.",Not relevant,No NIM data or mention of Bank of India is provided.
750,"Compare the gross NPA ratio of Indian Bank and Central Bank of India. Which is stronger, and by how much?","Based on the provided knowledge graph path, the starting entity is Indian Bank and the ending entity is Allahabad Bank. In simple financial terms, Indian Bank merged with Allahabad Bank, resulting in the combined entity becoming the seventh-largest Public Sector Undertaking (PSU) bank.",Not relevant,No gross NPA data or mention of Central Bank of India is provided.
751,"Compare the return on equity of Indian Bank and Central Bank of India. Which is stronger, and by how much?","Based on the provided knowledge graph path, the starting entity is **Indian Bank** and the ending entity is **Allahabad Bank** (leading to its status as the seventh-largest PSU bank). In simple financial terms, Indian Bank merged with Allahabad Bank, successfully integrating the two institutions. Following this consolidation, the combined entity secured its position as the seventh-largest Public Sector Undertaking (PSU) bank.",Not relevant,No ROE data or mention of Central Bank of India is provided.
752,"Compare the CASA ratio of Indian Bank and Central Bank of India. Which is stronger, and by how much?","Based on the provided knowledge graph path, the starting entity is Indian Bank and the ending entity is Allahabad Bank. In simple financial terms, Indian Bank merged with Allahabad Bank, resulting in the combined entity becoming the seventh-largest Public Sector Undertaking (PSU) bank.",Not relevant,No CASA data or mention of Central Bank of India is provided.
753,"Compare the net interest margin of Indian Bank and Central Bank of India. Which is stronger, and by how much?","Based on the knowledge graph path, the starting entity is **Indian Bank** and the ending entity is **Allahabad Bank**. In simple financial terms, Indian Bank merged with Allahabad Bank, a strategic consolidation that resulted in Indian Bank becoming the seventh-largest Public Sector Undertaking (PSU) bank. This relationship is supported by a single factual data point confirming the merger and its resulting market rank.",Not relevant,No NIM data or mention of Central Bank of India is provided.
754,"Compare the gross NPA ratio of Indian Overseas Bank and UCO Bank. Which is stronger, and by how much?","The starting entity is Indian Overseas Bank, and the ending entity is India International Bank (Malaysia). Indian Overseas Bank operates through a joint-venture partnership with India International Bank (Malaysia), holding a 35% stake in the entity. This single relationship represents the bank's operational involvement in the Malaysian joint venture.",Not relevant,No gross NPA data or mention of UCO Bank is provided.
755,"Compare the return on equity of Indian Overseas Bank and UCO Bank. Which is stronger, and by how much?","Based on the provided knowledge graph path, Indian Overseas Bank is the starting entity and India International Bank (Malaysia) serves as the related entity. The path shows that Indian Overseas Bank operates through a joint-venture partnership, holding a 35% stake in this venture, with a total of 1 related fact identified.",Not relevant,No ROE data or mention of UCO Bank is provided.
756,"Compare the CASA ratio of Indian Overseas Bank and UCO Bank. Which is stronger, and by how much?","Based on the provided knowledge graph path, Indian Overseas Bank (the starting entity) maintains a 35% stake in a joint-venture partnership with India International Bank (Malaysia), which serves as the related object (ending entity). This relationship is quantified by a single reported fact indicating a 35% ownership stake.",Not relevant,No CASA data or mention of UCO Bank is provided.
757,"Compare the net interest margin of Indian Overseas Bank and UCO Bank. Which is stronger, and by how much?","**Summary:**

1. **Entities:** The starting entity is Indian Overseas Bank, and the ending entity is India International Bank (Malaysia).
2. **Business Explanation:** Indian Overseas Bank maintains a strategic joint-venture partnership through a significant equity stake in India International Bank (Malaysia).
3. **Numerical Fact:** Indian Overseas Bank holds a **35% stake** in this joint venture.",Not relevant,No NIM data or mention of UCO Bank is provided.
758,"Compare the gross NPA ratio of Bank of Maharashtra and Punjab & Sind Bank. Which is stronger, and by how much?",,Not relevant,No summary/answer was produced by the pipeline — there is no assistant output to address the user's request.
759,"Compare the return on equity of Bank of Maharashtra and Punjab & Sind Bank. Which is stronger, and by how much?",,Not relevant,No summary/answer was produced by the pipeline — there is no assistant output to address the user's request.
760,"Compare the CASA ratio of Bank of Maharashtra and Punjab & Sind Bank. Which is stronger, and by how much?",,Not relevant,No summary/answer was produced by the pipeline — there is no assistant output to address the user's request.
761,"Compare the net interest margin of Bank of Maharashtra and Punjab & Sind Bank. Which is stronger, and by how much?",,Not relevant,No summary/answer was produced by the pipeline — there is no assistant output to address the user's request.
762,"Compare the gross NPA ratio of IndusInd Bank and Yes Bank. Which is stronger, and by how much?",,Not relevant,No summary/answer was produced by the pipeline — there is no assistant output to address the user's request.
763,"Compare the return on equity of IndusInd Bank and Yes Bank. Which is stronger, and by how much?",,Not relevant,No summary/answer was produced by the pipeline — there is no assistant output to address the user's request.
764,"Compare the CASA ratio of IndusInd Bank and Yes Bank. Which is stronger, and by how much?","Based on the knowledge graph path, the starting entity is **YES BANK LIMITED**, and the ending entities are **Mumbai** and **Maharashtra**. YES BANK LIMITED is headquartered in Mumbai, which is located within the state of Maharashtra, accounting for 2 related facts.",Not relevant,No CASA data or mention of IndusInd Bank is provided; only Yes Bank's headquarters location is given.
765,"Compare the net interest margin of IndusInd Bank and Yes Bank. Which is stronger, and by how much?",,Not relevant,No summary/answer was produced by the pipeline — there is no assistant output to address the user's request.
766,"Compare the gross NPA ratio of IDFC First Bank and Federal Bank. Which is stronger, and by how much?","The starting entity is IDFC Limited, and the ending entity is IDFC FIRST BANK LIMITED. In financial terms, the erstwhile promoter entity, IDFC Limited, completed its merger into IDFC FIRST BANK LIMITED. This relationship path reflects a single structural corporate consolidation event (1 fact).",Not relevant,No gross NPA data or mention of Federal Bank is provided.
767,"Compare the return on equity of IDFC First Bank and Federal Bank. Which is stronger, and by how much?","The starting entity is IDFC Limited (the erstwhile promoter entity), and the ending entity is IDFC FIRST BANK LIMITED. In simple business terms, the path describes the corporate restructuring where IDFC Limited officially completed its merger into IDFC FIRST BANK LIMITED. This relationship is supported by 1 numerical fact confirming the completion of this single merger transaction.",Not relevant,No ROE data or mention of Federal Bank is provided.
768,"Compare the CASA ratio of IDFC First Bank and Federal Bank. Which is stronger, and by how much?","Based on the knowledge graph path, the starting entity is IDFC Limited and the ending entity is IDFC FIRST BANK LIMITED. The path highlights a corporate restructuring event where IDFC Limited, acting as the erstwhile promoter entity, completed its merger into IDFC FIRST BANK LIMITED. This relationship is supported by 1 factual data point.",Not relevant,No CASA data or mention of Federal Bank is provided.
769,"Compare the net interest margin of IDFC First Bank and Federal Bank. Which is stronger, and by how much?","The starting entity is IDFC Limited and the ending entity is IDFC FIRST BANK LIMITED. In simple business terms, the erstwhile promoter entity, IDFC Limited, completed its merger into IDFC FIRST BANK LIMITED. This relationship path is supported by 1 factual data point from the knowledge graph.",Not relevant,No NIM data or mention of Federal Bank is provided.
770,"Compare the gross NPA ratio of Federal Bank and South Indian Bank. Which is stronger, and by how much?","1. **Starting Entity:** The Federal Bank Limited  
   **Ending Entity:** Dhanlaxmi Bank Limited  

2. **Path Summary:** The knowledge graph records a competitive relationship between The Federal Bank Limited and Dhanlaxmi Bank Limited, showing a total count of 1 competing entity.",Not relevant,"No gross NPA data is given, and the summary discusses Dhanlaxmi Bank rather than the requested South Indian Bank."
771,"Compare the return on equity of Federal Bank and South Indian Bank. Which is stronger, and by how much?","Based on the knowledge graph data provided, the starting entity is The Federal Bank Limited and the ending entity is Dhanlaxmi Bank Limited. In simple financial terms, this relationship highlights that Federal Bank directly competes with Dhanlaxmi Bank Limited within the banking sector. The path records a single competitive relationship fact between these two institutions.",Not relevant,"No ROE data is given, and it discusses Dhanlaxmi Bank rather than the requested South Indian Bank."
772,"Compare the CASA ratio of Federal Bank and South Indian Bank. Which is stronger, and by how much?","The starting entity is The Federal Bank Limited and the ending entity is Dhanlaxmi Bank Limited. According to the knowledge graph, The Federal Bank Limited competes with Dhanlaxmi Bank Limited, yielding a total count of 1 competing relationship.",Not relevant,"No CASA data is given, and it discusses Dhanlaxmi Bank rather than the requested South Indian Bank."
773,"Compare the net interest margin of Federal Bank and South Indian Bank. Which is stronger, and by how much?","The starting entity is The Federal Bank Limited, and the ending entity is Dhanlaxmi Bank Limited. According to the knowledge graph, The Federal Bank Limited has a direct competitive relationship with Dhanlaxmi Bank Limited, as indicated by a count of one related fact.",Not relevant,"No NIM data is given, and it discusses Dhanlaxmi Bank rather than the requested South Indian Bank."
774,"Compare the gross NPA ratio of RBL Bank and Bandhan Bank. Which is stronger, and by how much?","The starting entity is RBL Bank, and the ending entity is Emirates NBD Bank. In a major strategic transaction, Emirates NBD Bank successfully completed the acquisition of a controlling 60% stake in RBL Bank.",Not relevant,No gross NPA data or mention of Bandhan Bank is provided.
775,"Compare the return on equity of RBL Bank and Bandhan Bank. Which is stronger, and by how much?","**Summary:**

1. **Entities:** The starting entity is Emirates NBD Bank and the ending entity is RBL Bank. 
2. **Business Explanation:** Emirates NBD Bank successfully completed the acquisition of a controlling stake in RBL Bank. 
3. **Numerical Facts:** The transaction involved acquiring a 60% controlling stake.",Not relevant,No ROE data or mention of Bandhan Bank is provided.
776,"Compare the CASA ratio of RBL Bank and Bandhan Bank. Which is stronger, and by how much?","The starting entity is RBL Bank, and the ending entity is Emirates NBD Bank. In a major strategic transaction, Emirates NBD Bank successfully completed the acquisition of a controlling 60% stake in RBL Bank.",Not relevant,No CASA data or mention of Bandhan Bank is provided.
777,"Compare the net interest margin of RBL Bank and Bandhan Bank. Which is stronger, and by how much?","The starting entity is Emirates NBD Bank, and the ending entity is RBL Bank. In simple financial terms, Emirates NBD Bank successfully completed the acquisition of a 60% controlling stake in RBL Bank. This transaction establishes a majority ownership link between the two financial institutions based on the single recorded fact.",Not relevant,No NIM data or mention of Bandhan Bank is provided.
778,"Compare the gross NPA ratio of Karur Vysya Bank and City Union Bank. Which is stronger, and by how much?","The starting entity is City Union Bank Limited, and the ending entity is its headquarters location of Tamil Nadu/Kumbakonam, with a count of 2 related geographical facts. City Union Bank Limited is headquartered in Kumbakonam, Tamil Nadu. Furthermore, the bank maintains a heavy regional concentration with 59% of its total branches located within the state.",Not relevant,No gross NPA data or mention of Karur Vysya Bank is provided.
779,"Compare the return on equity of Karur Vysya Bank and City Union Bank. Which is stronger, and by how much?","**Summary:**

The starting entity is City Union Bank Limited, and the ending entity is its geographic headquarters and branch concentration (Tamil Nadu and Kumbakonam). Based on the 2 connected facts, the bank is headquartered in Kumbakonam, Tamil Nadu, with a significant concentration of 59% of its total branches located within the state.",Not relevant,No ROE data or mention of Karur Vysya Bank is provided.
780,"Compare the CASA ratio of Karur Vysya Bank and City Union Bank. Which is stronger, and by how much?","Based on the provided knowledge graph path, the starting entity is **City Union Bank Limited** and the ending entity is its **headquarters and branch concentration data** (quantified as 2 facts). City Union Bank is headquartered in Kumbakonam, Tamil Nadu. Additionally, the bank has 59% of its total branches concentrated within the state of Tamil Nadu.",Not relevant,No CASA data or mention of Karur Vysya Bank is provided.
781,"Compare the net interest margin of Karur Vysya Bank and City Union Bank. Which is stronger, and by how much?","**Starting Entity:** City Union Bank Limited  
**Ending Entity:** Tamil Nadu / Kumbakonam (Headquarters and Branch Concentration)

**Summary:**  
City Union Bank Limited is headquartered in Kumbakonam, Tamil Nadu, and maintains a strong geographic concentration with 59% of its total branches located within the state. This highlights the bank's localized operational footprint and regional market focus in Tamil Nadu.",Not relevant,No NIM data or mention of Karur Vysya Bank is provided.
782,"Compare the gross NPA ratio of DCB Bank and Karnataka Bank. Which is stronger, and by how much?","1. **Starting and Ending Entity:** The starting entity is DCB Bank Limited, and the ending entities are Mumbai and Maharashtra.

2. **Business/Financial Explanation:** DCB Bank Limited has its primary corporate headquarters located within the city of Mumbai, which is situated in the state of Maharashtra. 

3. **Numerical Facts:** The knowledge graph records a total count of 2 headquarters-related facts for DCB Bank Limited.",Not relevant,No gross NPA data or mention of Karnataka Bank is provided.
783,"Compare the return on equity of DCB Bank and Karnataka Bank. Which is stronger, and by how much?","**Starting and Ending Entity:** The starting entity is DCB Bank Limited, and the ending entity is its geographic locations (Mumbai and Maharashtra).

**Business Explanation:** DCB Bank Limited is officially headquartered in Mumbai, which is located within the state of Maharashtra. 

**Numerical Facts:** The knowledge graph records a total count of 2 headquarters-related facts for DCB Bank Limited.",Not relevant,No ROE data or mention of Karnataka Bank is provided.
784,"Compare the CASA ratio of DCB Bank and Karnataka Bank. Which is stronger, and by how much?","Based on the knowledge graph path, the starting entity is DCB Bank Limited and the ending entity is Maharashtra (with Mumbai as a co-location). In simple financial terms, this path identifies the primary geographic headquarters of DCB Bank Limited. The numerical fact associated with this query is a count of 2 location-based facts confirming that the bank is headquartered in Mumbai, Maharashtra.",Not relevant,No CASA data or mention of Karnataka Bank is provided.
785,"Compare the net interest margin of DCB Bank and Karnataka Bank. Which is stronger, and by how much?","1. **Starting and Ending Entities:** The starting entity is **DCB Bank Limited**, and the ending entities are its geographic locations, **Mumbai** and **Maharashtra**. 
2. **Business/Financial Explanation:** The path indicates the primary corporate headquarters location for DCB Bank Limited within India.
3. **Numerical Facts:** There are **2** related geographic facts associated with the bank's headquarters.",Not relevant,No NIM data or mention of Karnataka Bank is provided.
786,"Compare the gross NPA ratio of Tamilnad Mercantile Bank and CSB Bank. Which is stronger, and by how much?",,Not relevant,No summary/answer was produced by the pipeline — there is no assistant output to address the user's request.
787,"Compare the return on equity of Tamilnad Mercantile Bank and CSB Bank. Which is stronger, and by how much?",,Not relevant,No summary/answer was produced by the pipeline — there is no assistant output to address the user's request.
788,"Compare the CASA ratio of Tamilnad Mercantile Bank and CSB Bank. Which is stronger, and by how much?",,Not relevant,No summary/answer was produced by the pipeline — there is no assistant output to address the user's request.
789,"Compare the net interest margin of Tamilnad Mercantile Bank and CSB Bank. Which is stronger, and by how much?",,Not relevant,No summary/answer was produced by the pipeline — there is no assistant output to address the user's request.
790,"Compare the gross NPA ratio of Jammu & Kashmir Bank and Dhanlaxmi Bank. Which is stronger, and by how much?",,Not relevant,No summary/answer was produced by the pipeline — there is no assistant output to address the user's request.
791,"Compare the return on equity of Jammu & Kashmir Bank and Dhanlaxmi Bank. Which is stronger, and by how much?",,Not relevant,No summary/answer was produced by the pipeline — there is no assistant output to address the user's request.
792,"Compare the CASA ratio of Jammu & Kashmir Bank and Dhanlaxmi Bank. Which is stronger, and by how much?",,Not relevant,No summary/answer was produced by the pipeline — there is no assistant output to address the user's request.
793,"Compare the net interest margin of Jammu & Kashmir Bank and Dhanlaxmi Bank. Which is stronger, and by how much?",,Not relevant,No summary/answer was produced by the pipeline — there is no assistant output to address the user's request.
794,"Compare the gross NPA ratio of IDBI Bank and Yes Bank. Which is stronger, and by how much?","The starting entity is **IDBI Bank Limited** and the ending entity is **IDBI Capital Markets**. IDBI Bank Limited acts as the parent company to its subsidiary, IDBI Capital Markets, as indicated by a count of 1 related subsidiary relationship.",Not relevant,No gross NPA data or mention of Yes Bank is provided.
795,"Compare the return on equity of IDBI Bank and Yes Bank. Which is stronger, and by how much?","The starting entity is **IDBI Bank Limited** and the ending entity is **IDBI Capital Markets**. IDBI Bank Limited acts as the parent company to its single subsidiary, IDBI Capital Markets, based on a total count of 1 related fact.",Not relevant,No ROE data or mention of Yes Bank is provided.
796,"Compare the CASA ratio of IDBI Bank and Yes Bank. Which is stronger, and by how much?","Based on the provided knowledge graph path, the starting entity is **IDBI Bank Limited** and the ending entity is **IDBI Capital Markets**. The path shows that IDBI Bank Limited operates as the parent company with a total count of 1 subsidiary, specifically IDBI Capital Markets.",Not relevant,No CASA data or mention of Yes Bank is provided.
797,"Compare the net interest margin of IDBI Bank and Yes Bank. Which is stronger, and by how much?","Based on the knowledge graph path, the starting entity is IDBI Bank Limited and the ending entity is IDBI Capital Markets. The path shows that IDBI Bank Limited acts as the parent company to its single subsidiary, IDBI Capital Markets, holding a count of 1 related direct subsidiary relationship.",Not relevant,No NIM data or mention of Yes Bank is provided.
798,"Compare the gross NPA ratio of AU Small Finance Bank and Equitas Small Finance Bank. Which is stronger, and by how much?","Based on the provided knowledge graph path, the starting entity is **ESAF Small Finance Bank Limited** and the ending entity is **AU Small Finance Bank Limited**. ESAF Small Finance Bank Limited competes directly with better-capitalized small-finance-bank peers, specifically including AU Small Finance Bank. The graph captures a count of **1** competitive relationship fact between these entities.",Not relevant,"No gross NPA data is given, and Equitas Small Finance Bank (the actual second entity asked about) is not mentioned at all."
799,"Compare the return on equity of AU Small Finance Bank and Equitas Small Finance Bank. Which is stronger, and by how much?","Based on the knowledge graph path, the starting entity is **ESAF Small Finance Bank Limited** and the ending entity is **AU Small Finance Bank Limited**. ESAF Small Finance Bank Limited operates in a competitive market against better-capitalized small-finance-bank peers, specifically including AU Small Finance Bank. According to the graph data, exactly **1** competitive relationship connects these two entities.",Not relevant,"No ROE data is given, and Equitas Small Finance Bank is not mentioned at all."
800,"Compare the CASA ratio of AU Small Finance Bank and Equitas Small Finance Bank. Which is stronger, and by how much?","Based on the provided knowledge graph path, the starting entity is **ESAF Small Finance Bank Limited** and the ending entity is **AU Small Finance Bank Limited** (with a count of 1 related competitor fact). In simple financial terms, ESAF Small Finance Bank Limited faces market competition from better-capitalized small-finance-bank peers, specifically including AU Small Finance Bank.",Not relevant,"No CASA data is given, and Equitas Small Finance Bank is not mentioned at all."
801,"Compare the net interest margin of AU Small Finance Bank and Equitas Small Finance Bank. Which is stronger, and by how much?","**Summary:**

1. **Entities:** The starting entity is ESAF Small Finance Bank Limited, and the ending entity is AU Small Finance Bank Limited (with a count of 1 related peer/competitor fact).
2. **Business Explanation:** ESAF Small Finance Bank Limited operates in a competitive market segment alongside better-capitalized small-finance-bank peers. 
3. **Numerical Facts:** The knowledge graph records 1 specific competitive relationship fact linking the two institutions.",Not relevant,"No NIM data is given, and Equitas Small Finance Bank is not mentioned at all."
802,"Compare the gross NPA ratio of Ujjivan Small Finance Bank and ESAF Small Finance Bank. Which is stronger, and by how much?","**Starting Entity:** Ujjivan Small Finance Bank Limited  
**Ending Entity:** Ujjivan Financial Services  

Ujjivan Small Finance Bank Limited has a direct corporate lineage, having converted from its predecessor, Ujjivan Financial Services. Based on the knowledge graph data, there is 1 recorded fact confirming this structural conversion.",Not relevant,No gross NPA data or mention of ESAF Small Finance Bank is provided; it only covers Ujjivan's corporate lineage.
803,"Compare the return on equity of Ujjivan Small Finance Bank and ESAF Small Finance Bank. Which is stronger, and by how much?","Based on the knowledge graph data, the starting entity is **Ujjivan Small Finance Bank Limited**, which connects to its predecessor entity, **Ujjivan Financial Services**. Specifically, Ujjivan Small Finance Bank Limited converted directly from Ujjivan Financial Services. This relationship represents a total count of **1** historical corporate action fact.",Not relevant,No ROE data or mention of ESAF Small Finance Bank is provided; it only covers Ujjivan's corporate lineage.
804,"Compare the CASA ratio of Ujjivan Small Finance Bank and ESAF Small Finance Bank. Which is stronger, and by how much?","**Starting Entity:** Ujjivan Small Finance Bank Limited  
**Ending Entity:** Ujjivan Financial Services  

Ujjivan Small Finance Bank Limited has a direct historical relationship of converting from its predecessor entity, Ujjivan Financial Services. Based on the knowledge graph data, there is 1 recorded fact confirming this corporate conversion.",Not relevant,"Summary describes a corporate conversion event, not a CASA ratio comparison between the two banks."
805,"Compare the net interest margin of Ujjivan Small Finance Bank and ESAF Small Finance Bank. Which is stronger, and by how much?","Based on the provided knowledge graph data, the starting entity is **Ujjivan Small Finance Bank Limited** and the ending entity is **Ujjivan Financial Services**. The path shows that Ujjivan Small Finance Bank Limited successfully converted from Ujjivan Financial Services, representing a corporate restructuring event with a total count of 1 related fact.",Not relevant,"Summary describes a corporate conversion event, not a net interest margin comparison between the two banks."
806,"Compare the gross NPA ratio of Utkarsh Small Finance Bank and Suryoday Small Finance Bank. Which is stronger, and by how much?",,Not relevant,No summary/answer was produced by the pipeline — there is no assistant output to address the user's request.
807,"Compare the return on equity of Utkarsh Small Finance Bank and Suryoday Small Finance Bank. Which is stronger, and by how much?",,Not relevant,No summary/answer was produced by the pipeline — there is no assistant output to address the user's request.
808,"Compare the CASA ratio of Utkarsh Small Finance Bank and Suryoday Small Finance Bank. Which is stronger, and by how much?",,Not relevant,No summary/answer was produced by the pipeline — there is no assistant output to address the user's request.
809,"Compare the net interest margin of Utkarsh Small Finance Bank and Suryoday Small Finance Bank. Which is stronger, and by how much?",,Not relevant,No summary/answer was produced by the pipeline — there is no assistant output to address the user's request.
810,"Compare the gross NPA ratio of Jana Small Finance Bank and AU Small Finance Bank. Which is stronger, and by how much?",,Not relevant,No summary/answer was produced by the pipeline — there is no assistant output to address the user's request.
811,"Compare the return on equity of Jana Small Finance Bank and AU Small Finance Bank. Which is stronger, and by how much?",,Not relevant,No summary/answer was produced by the pipeline — there is no assistant output to address the user's request.
812,"Compare the CASA ratio of Jana Small Finance Bank and AU Small Finance Bank. Which is stronger, and by how much?",,Not relevant,No summary/answer was produced by the pipeline — there is no assistant output to address the user's request.
813,"Compare the net interest margin of Jana Small Finance Bank and AU Small Finance Bank. Which is stronger, and by how much?",,Not relevant,No summary/answer was produced by the pipeline — there is no assistant output to address the user's request.
814,"Compare the gross NPA ratio of Kotak Mahindra Bank and IndusInd Bank. Which is stronger, and by how much?","Based on the provided knowledge graph path, the starting entity is Kotak Mahindra Bank Limited and the ending entity is Mumbai/Maharashtra, with a count of 2 related headquarters facts. In simple financial terms, this path indicates that the bank's main corporate headquarters is physically located in the city of Mumbai, which is situated within the state of Maharashtra.",Not relevant,"Summary only states Kotak's headquarters location, giving no gross NPA data for either bank."
815,"Compare the return on equity of Kotak Mahindra Bank and IndusInd Bank. Which is stronger, and by how much?","1. **Starting Entity:** Kotak Mahindra Bank Limited | **Ending Entity:** Mumbai / Maharashtra.

2. Kotak Mahindra Bank Limited is connected through its geographic location, specifically maintaining its corporate headquarters in Mumbai, which is located within the state of Maharashtra. 

3. The knowledge graph confirms a total count of 2 facts regarding the bank's headquarters location.",Not relevant,"Summary only states Kotak's headquarters location, giving no ROE data for either bank."
816,"Compare the CASA ratio of Kotak Mahindra Bank and IndusInd Bank. Which is stronger, and by how much?","1. **Starting Entity:** Kotak Mahindra Bank Limited | **Ending Entity:** Mumbai and Maharashtra.
2. Kotak Mahindra Bank Limited is based in Mumbai, which is located within the state of Maharashtra. 
3. The knowledge graph records a total of 2 related headquarters facts for the bank.",Not relevant,"Summary only states Kotak's headquarters location, giving no CASA ratio data for either bank."
817,"Compare the net interest margin of Kotak Mahindra Bank and IndusInd Bank. Which is stronger, and by how much?","The starting entity is Kotak Mahindra Bank Limited, and the ending entity represents its three intra-group financial partners used for cross-selling. Through ongoing partnerships, the bank actively cross-sells products with Kotak Mahindra Asset Management, Kotak Life Insurance, and Kotak Securities. In total, the bank maintains 3 distinct intra-group cross-selling partnerships within its corporate network.",Not relevant,"Summary lists Kotak's intra-group cross-selling partners, not a net interest margin comparison."
818,"Compare the gross NPA ratio of Axis Bank and IDFC First Bank. Which is stronger, and by how much?",,Not relevant,No summary/answer was produced by the pipeline — there is no assistant output to address the user's request.
819,"Compare the return on equity of Axis Bank and IDFC First Bank. Which is stronger, and by how much?",,Not relevant,No summary/answer was produced by the pipeline — there is no assistant output to address the user's request.
820,"Compare the CASA ratio of Axis Bank and IDFC First Bank. Which is stronger, and by how much?",,Not relevant,No summary/answer was produced by the pipeline — there is no assistant output to address the user's request.
821,"Compare the net interest margin of Axis Bank and IDFC First Bank. Which is stronger, and by how much?",,Not relevant,No summary/answer was produced by the pipeline — there is no assistant output to address the user's request.
822,"Across all 39 listed Indian banks in this dataset, which report the highest CASA ratio?","**Starting Entity:** Indian Bank  
**Ending Entity:** Total income of ₹20,723.62 crore  

This knowledge graph path identifies Indian Bank as the subject and highlights its quarterly financial performance. Specifically, the bank generated a total income of ₹20,723.62 crore for the reported quarter.",Not relevant,"Summary reports Indian Bank's total income, not a CASA ratio ranking across the 39 banks."
823,"Across all 39 listed Indian banks in this dataset, which report the lowest CASA ratio?","Based on the provided knowledge graph path, Indian Bank is the starting and primary entity, and its net NPA (Non-Performing Asset) metric of 0.15% is the ending value. In simple financial terms, the path highlights that Indian Bank achieved an exceptionally low net NPA metric of 0.15%, demonstrating strong asset quality and effective risk management.",Not relevant,"Summary reports Indian Bank's net NPA, an unrelated metric to CASA ratio."
824,"Across all 39 listed Indian banks in this dataset, which report the highest net interest margin?","**Summary:**

1. **Entities:** The starting entity is **Indian Bank** and the ending entity is its **Total Income** for the quarter. 
2. **Path Explanation:** Indian Bank achieved the maximum financial performance metric for the specified period in terms of total generated revenue.
3. **Numerical Facts:** The total income generated for the quarter amounted to ₹20,723.62 crore.",Not relevant,Summary reports Indian Bank's total income rather than net interest margin figures.
825,"Across all 39 listed Indian banks in this dataset, which report the lowest net interest margin?","Based on the provided knowledge graph path, Indian Bank is the starting and primary entity, and its net NPA (Non-Performing Asset) of 0.15% is the ending metric identified through the minimum-value query intent. In simple business terms, Indian Bank successfully improved its asset quality, achieving an exceptionally low net NPA of 0.15%.",Not relevant,"Summary reports Indian Bank's net NPA, an unrelated metric to net interest margin."
826,"Across all 39 listed Indian banks in this dataset, which report the highest gross NPA ratio?","Based on the provided knowledge graph path, the starting entity is **Indian Bank** and the ending entity is **Total Income**. Specifically, Indian Bank generated a maximum total income of ₹20,723.62 crore for the quarter.",Not relevant,Summary reports Indian Bank's total income rather than gross NPA ratio figures.
827,"Across all 39 listed Indian banks in this dataset, which report the lowest gross NPA ratio?","1. **Entities:** The starting entity is **Indian Bank**, and the ending entity is its **net NPA (Non-Performing Asset) metric of 0.15%**.

2. **Business Summary:** Indian Bank successfully managed its credit risk, achieving an exceptionally low net NPA metric through improved asset quality. 

3. **Numerical Fact:** The bank's net NPA metric reached a minimum value of **0.15%**.",Not relevant,"Summary reports net NPA (not gross NPA), the wrong metric for this query."
828,"Across all 39 listed Indian banks in this dataset, which report the highest net NPA ratio?","1. **Starting and Ending Entity:** The starting entity is **Indian Bank**, and the ending entity is its **total income** for the quarter.
2. **Business/Financial Explanation:** Indian Bank demonstrated strong financial performance by generating substantial top-line revenue during the specific reporting period. 
3. **Numerical Facts:** The total income generated for the quarter amounted to **₹20,723.62 crore**.",Not relevant,Summary reports Indian Bank's total income rather than net NPA ratio figures.
829,"Across all 39 listed Indian banks in this dataset, which report the lowest net NPA ratio?","Based on the provided knowledge graph path, the starting entity is **Indian Bank**, and the ending entity is its **net NPA metric** (Non-Performing Asset). Indian Bank successfully improved its asset quality, achieving an exceptionally low net NPA of **0.15%**.",Relevant,"Summary directly names the bank and its net NPA value, matching the exact metric asked about."
830,"Across all 39 listed Indian banks in this dataset, which report the highest return on assets?","1. **Starting and Ending Entity:** The starting entity is Indian Bank, and the ending entity is its total income for the quarter.
2. **Business/Financial Explanation:** Indian Bank achieved the highest total income among the queried financial metrics for the specific quarter.
3. **Numerical Facts:** The bank generated a total income of ₹20,723.62 crore.",Not relevant,Summary reports Indian Bank's total income rather than return on assets figures.
831,"Across all 39 listed Indian banks in this dataset, which report the lowest return on assets?","Based on the provided knowledge graph path, Indian Bank is the subject entity, and its net NPA (Non-Performing Asset) metric of 0.15% is the ending entity. This path highlights the bank's strong asset quality by showing that it successfully improved its net NPA to an exceptionally low level of 0.15%.",Not relevant,"Summary reports net NPA, an unrelated metric to return on assets."
832,"Across all 39 listed Indian banks in this dataset, which report the highest return on equity?","1. **Starting and Ending Entity:** The starting entity is Indian Bank and the ending entity is its total income for the quarter.
2. **Path Explanation:** Indian Bank recorded its maximum quarterly financial performance in terms of total revenue generation. 
3. **Numerical Facts:** During this period, the bank generated a total income of ₹20,723.62 crore.",Not relevant,Summary reports Indian Bank's total income rather than return on equity figures.
833,"Across all 39 listed Indian banks in this dataset, which report the lowest return on equity?","Based on the provided knowledge graph path, the starting entity is **Indian Bank** and the ending entity is its **net NPA metric** (Non-Performing Asset). Indian Bank successfully improved this credit risk metric to an exceptionally low level of **0.15%**. This demonstrates strong asset quality and effective loan recovery management for the bank.",Not relevant,"Summary reports net NPA, an unrelated metric to return on equity."
834,"Across all 39 listed Indian banks in this dataset, which report the highest cost-to-income ratio?","Based on the provided knowledge graph path, the starting entity is **Indian Bank** and the ending entity is **total income**. Indian Bank generated a total income of ₹20,723.62 crore for the quarter.",Not relevant,Summary reports Indian Bank's total income rather than cost-to-income ratio figures.
835,"Across all 39 listed Indian banks in this dataset, which report the lowest cost-to-income ratio?","Based on the provided knowledge graph path, the starting entity is **Indian Bank**, and the ending entity is its **net NPA metric** (Non-Performing Asset ratio). Through a minimum quantitative query, the path reveals that Indian Bank successfully optimized its asset quality to achieve an exceptionally low net NPA of **0.15%**.",Not relevant,"Summary reports net NPA, an unrelated metric to cost-to-income ratio."
836,"Across all 39 listed Indian banks in this dataset, which report the highest capital adequacy ratio (CRAR)?","Based on the provided knowledge graph path, the starting entity is **Indian Bank** and the ending entity is **Total Income**. For the specified quarter, Indian Bank generated a total income amounting to ₹20,723.62 crore.",Not relevant,Summary reports Indian Bank's total income rather than capital adequacy ratio figures.
837,"Across all 39 listed Indian banks in this dataset, which report the lowest capital adequacy ratio (CRAR)?","**Summary:**

1. **Entities:** The starting/subject entity is Indian Bank, and the ending metric/entity is its Net Non-Performing Asset (NPA) ratio. 
2. **Business Explanation:** Indian Bank achieved the minimum value for this metric among the evaluated cohort, successfully strengthening its asset quality.
3. **Numerical Fact:** The bank recorded an exceptionally low Net NPA of **0.15%**.",Not relevant,"Summary reports net NPA, an unrelated metric to capital adequacy ratio."
838,"Across all 39 listed Indian banks in this dataset, which report the highest CET1 ratio?","1. **Starting and Ending Entity:** The starting entity is **Indian Bank**, and the ending entity is its **total income** for the quarter.
2. **Business Explanation:** Indian Bank recorded its maximum quarterly financial performance in terms of total revenue generation during the specified period.
3. **Numerical Facts:** The bank generated a total income of **₹20,723.62 crore** for the quarter.",Not relevant,Summary reports Indian Bank's total income rather than CET1 ratio figures.
839,"Across all 39 listed Indian banks in this dataset, which report the lowest CET1 ratio?","**Summary:**

1. **Entities:** The starting entity is **Indian Bank**, and the ending entity is its **net NPA metric** (Non-Performing Asset).
2. **Business Explanation:** Indian Bank successfully strengthened its asset quality by driving down its bad loans to a minimal level. 
3. **Numerical Facts:** The bank achieved an exceptionally low net NPA metric of **0.15%**.",Not relevant,"Summary reports net NPA, an unrelated metric to CET1 ratio."
840,"Across all 39 listed Indian banks in this dataset, which report the highest provision coverage ratio?","**Summary:**

1. **Entities:** The starting entity is Indian Bank, and the ending entity is its total income for the quarter. 
2. **Business Explanation:** Indian Bank achieved the maximum financial performance metric within this query's scope by generating a significant revenue stream during the period. 
3. **Numerical Facts:** Specifically, the bank generated a total income of ₹20,723.62 crore for the quarter.",Not relevant,Summary reports Indian Bank's total income rather than provision coverage ratio figures.
841,"Across all 39 listed Indian banks in this dataset, which report the lowest provision coverage ratio?","**Summary:**

1. **Entities:** The starting entity is **Indian Bank**, and the ending entity is its **net NPA (Non-Performing Asset)** metric. 
2. **Business Explanation:** Indian Bank achieved top-tier asset quality by successfully minimizing its bad loans. 
3. **Numerical Facts:** The bank's net NPA reached an exceptionally low level of **0.15%**.",Not relevant,"Summary reports net NPA, an unrelated metric to provision coverage ratio."
842,"Across all 39 listed Indian banks in this dataset, which report the highest year-on-year deposit growth?","**Starting Entity:** Indian Bank  
**Ending Entity:** Total income of ₹20,723.62 crore  

Indian Bank generated a total income of ₹20,723.62 crore for the specified quarter. This financial metric represents the maximum or total revenue performance captured for the institution during this period within the knowledge graph.",Not relevant,Summary reports Indian Bank's total income rather than deposit growth figures.
843,"Across all 39 listed Indian banks in this dataset, which report the lowest year-on-year deposit growth?","Based on the provided knowledge graph path, the starting entity is **Indian Bank** and the ending entity is its **net NPA metric**. Indian Bank successfully achieved an exceptionally low net NPA of **0.15%**, highlighting a strong improvement in its asset quality.",Not relevant,"Summary reports net NPA, an unrelated metric to deposit growth."
844,"Across all 39 listed Indian banks in this dataset, which report the highest year-on-year advances growth?","**Starting Entity:** Indian Bank  
**Ending Entity:** Total Income (₹20,723.62 crore)  

For the reported quarter, Indian Bank generated a total income of ₹20,723.62 crore. This financial metric highlights the bank's top-line revenue generation during the period.",Not relevant,Summary reports Indian Bank's total income rather than advances growth figures.
845,"Across all 39 listed Indian banks in this dataset, which report the lowest year-on-year advances growth?","**Summary:**

1. **Entities:** The starting entity is **Indian Bank**, and the ending entity is its **net NPA (Non-Performing Asset) metric**, specifically evaluated for the minimum value.
2. **Business Explanation:** Indian Bank successfully reduced its troubled loans, achieving an exceptionally strong asset quality. 
3. **Numerical Fact:** The bank recorded a minimal net NPA of **0.15%**.",Not relevant,"Summary reports net NPA, an unrelated metric to advances growth."
846,"Across all 39 listed Indian banks in this dataset, which report the highest year-on-year net profit growth?","**Starting Entity:** Indian Bank  
**Ending Entity:** Total Income (₹20,723.62 crore)  

For the reported quarter, Indian Bank generated a total income amounting to ₹20,723.62 crore. This figure represents the maximum total income associated with the institution for the specified period within the dataset.",Not relevant,Summary reports Indian Bank's total income rather than net profit growth figures.
847,"Across all 39 listed Indian banks in this dataset, which report the lowest year-on-year net profit growth?","Based on the provided knowledge graph path, the starting entity is **Indian Bank** and the ending entity is its **net NPA metric**. Indian Bank successfully strengthened its asset quality, achieving an exceptionally low net non-performing asset (NPA) ratio of **0.15%**.",Not relevant,"Summary reports net NPA, an unrelated metric to net profit growth."
848,"Across all 39 listed Indian banks in this dataset, which report the highest branch network size?","1. **Starting Entity:** Indian Bank | **Ending Entity:** Total Income (₹20,723.62 crore)

2. **Explanation:** Indian Bank reported its quarterly financial performance, demonstrating its revenue-generating capacity during the period. 

3. **Numerical Facts:** The bank generated a total income of ₹20,723.62 crore for the quarter.",Not relevant,Summary reports Indian Bank's total income rather than branch network size.
849,"Across all 39 listed Indian banks in this dataset, which report the lowest branch network size?","Based on the provided knowledge graph path, Indian Bank is the starting and subject entity, with its Net NPA percentage serving as the evaluated metric. The bank achieved a notably low net Non-Performing Asset (NPA) ratio of 0.15%, representing the minimum related value among the analyzed data.",Not relevant,"Summary reports net NPA, an unrelated metric to branch network size."
850,"Across all 39 listed Indian banks in this dataset, which report the highest net interest income?","Based on the provided knowledge graph path, the starting entity is **Indian Bank** and the ending entity is **Total Income**. For the specified quarter, Indian Bank generated a total income amounting to the numerical value of ₹20,723.62 crore.",Not relevant,Summary reports total income rather than the requested net interest income figure.
851,"Across all 39 listed Indian banks in this dataset, which report the lowest net interest income?","**Starting Entity:** Indian Bank  
**Ending Entity:** Net NPA (Non-Performing Asset) metric of 0.15%  

Indian Bank achieved an exceptionally low net NPA metric of 0.15%, representing the minimum related value among the analyzed subjects. This significant improvement highlights the bank's strong asset quality and effective risk management in reducing bad loans.",Not relevant,"Summary reports net NPA, an unrelated metric to net interest income."
852,"Across all 39 listed Indian banks in this dataset, which report the highest government or promoter shareholding percentage?","1. **Starting and Ending Entities:** The starting entity is **Indian Bank**, and the ending entities are its various regulatory, financial, operational, and performance attributes (such as its credit ratings from CRISIL, capital metrics, ownership structure, and operational network).

2. **Path Explanation:** Indian Bank is a major public sector bank regulated by the RBI and SEBI, with majority ownership by the Government of India (73.84%). The bank funds its operations through instruments like certificates of deposit, infrastructure bonds, and Tier II bonds, while maintaining strong credit ratings from CRISIL (such as an A1+ rating on its CD programme and an AAA Stable rating on its Tier II and infrastructure bonds). Operationally and financially, Indian Bank relies on a vast network—including 6,001 branches and 5,657 ATMs/cash-recycling machines—to support its core RAM lending focus, while reporting a robust capital adequacy ratio of 17.58%, a strong CET1 metric of 16.51%, and an improved gross NPA of 1.86%.

3. **Important Numerical Facts:** The Government of India holds a **73.84%** ownership stake in the bank; the bank operates **6,001 branches** and **5,657 ATMs and cash-recycling machines**; it reported a capital adequacy ratio of **17.58%**, a CET1 metric of **16.51%**, a gross NPA level of **1.86%**, and generated a total income of **₹20,723.62 crore** for the quarter.",Somewhat relevant,Gives Indian Bank's government shareholding percentage but does not establish it as the highest across all 39 banks.
853,"Across all 39 listed Indian banks in this dataset, which report the lowest government or promoter shareholding percentage?","1. **Starting and Ending Entities:** The starting entity is **Indian Bank**, and the path encompasses various organizational, financial, operational, and regulatory attributes linked to it as the central subject.

2. **Simple Business/Financial Explanation:** Indian Bank is a major public sector bank regulated by the RBI and SEBI, with majority ownership by the Government of India (73.84%). Financially, the bank maintains strong capital metrics, including a CET1 ratio of 16.51% and a capital adequacy ratio of 17.58%, alongside top-tier credit ratings from CRISIL supported by sovereign backing. Operationally, it drives growth through RAM (Retail, Agriculture, and MSME) lending, digital transactions, and a broad network consisting of 6,001 branches and 5,657 ATMs and cash-recycling machines. 

3. **Important Numerical Facts:** The Government of India holds a 73.84% ownership stake, while the bank reported a strong CET1 metric of 16.51% and a capital adequacy ratio of 17.58%. It operates an extensive physical network of 6,001 branches and 5,657 automated machines, processed roughly 95% of its transactions digitally, and generated a total quarterly income of ₹20,723.62 crore alongside a gross NPA level of 1.86%.",Somewhat relevant,"Repeats the same 73.84% figure used for the 'highest' query, failing to identify an actual lowest value across banks."
854,"Which segment — Public Sector, Private Sector, or Small Finance Banks — has the highest average CASA ratio?","Based on the provided knowledge graph data, the starting entity is **LIC** and the ending entities are various **Indian banking institutions**. LIC maintains significant institutional investments across multiple public and private sector banks in India, with ownership stakes reaching up to 49.24% in IDBI Bank Limited. Other notable holdings include 8.70% in State Bank of India, 7.10% in Bank of Maharashtra, and around 7% in ICICI Bank.",Not relevant,"Summary discusses LIC's shareholding stakes in banks, not segment-level CASA ratio averages."
855,Which segment has the highest average net interest margin?,"Based on the provided knowledge graph path, the starting entity is **IDFC First Bank** and the ending entity is its **net interest margin of 5.96 percent**. This path reflects the bank's maximum recorded net interest margin during Q1 FY27.",Somewhat relevant,Gives one bank's NIM figure but does not address segment-level (Public/Private/SFB) averages as asked.
856,Which segment has the highest average gross NPA ratio?,"Based on the provided knowledge graph path, the starting entity is Bandhan Bank and the ending entity is its gross Non-Performing Assets (NPA). Bandhan Bank's gross NPA stands at an elevated 3.1%, reflecting ongoing stress in the microfinance sector.",Somewhat relevant,Gives one bank's gross NPA figure but does not address segment-level averages as asked.
857,Which segment has the highest average return on equity?,"Based on the provided knowledge graph path, the starting entity is **City Union Bank** and the ending entity is its **return on equity (ROE)** of **14.37%**. 

This relationship highlights the bank's financial performance, specifically indicating that City Union Bank generated a return on equity of 14.37%.",Somewhat relevant,Gives one bank's ROE figure but does not address segment-level averages as asked.
858,Which segment has the highest average capital adequacy ratio?,"Based on the provided knowledge graph path, the starting entity is **City Union Bank** and the ending entity is its **capital adequacy ratio** of **21.73%**. This path highlights the bank's strong financial health and ability to absorb potential losses, as evidenced by its capital adequacy ratio standing at 21.73%.",Somewhat relevant,Gives one bank's CRAR figure but does not address segment-level averages as asked.
859,Which Public Sector Bank has the largest branch network?,"Based on the provided knowledge graph path, the starting entity is LIC and the ending entity is Insurance (as a holder type), with LIC also acting as its own shareholder. In simple terms, this indicates that LIC operates as an insurance entity and maintains self-ownership through its shareholder structure.",Not relevant,"Summary discusses LIC's self-ownership as an insurer, not any PSU bank's branch network."
860,Which Public Sector Bank has the strongest asset quality (lowest gross NPA)?,,Not relevant,No summary/answer was produced by the pipeline — there is no assistant output to address the user's request.
861,"Which Public Sector Bank posted a one-off or unusual profit event this quarter, and why?","The starting entity is LIC (Life Insurance Corporation of India) and the ending entities are various Indian commercial banks. As an institutional investor, LIC holds significant equity stakes across multiple banks, including 49.24% in IDBI Bank Limited, 8.70% in State Bank of India, and 7.10% in Bank of Maharashtra as of March 2025. Additionally, LIC maintains ownership positions in other institutions such as ICICI Bank (around 7%), Central Bank of India (3.16%), and The Federal Bank Limited (3.61%).",Not relevant,"Summary lists LIC's shareholding stakes in banks, not a one-off profit event for a PSU bank."
862,Which Private Sector Bank has the largest market capitalization or scale among peers?,"**Summary:**

1. **Entities:** The path involves **HDFC Bank Limited** and **IDBI Bank Limited** (with context related to the Private Sector Banks segment).
2. **Business Explanation:** HDFC Bank Limited belongs to the Private Sector Banks segment and is recognized as India's largest private bank, while IDBI Bank Limited was similarly reclassified by the RBI as a private-sector bank. 
3. **Numerical/Factual Details:** No specific numerical facts are present in the path, though it highlights HDFC Bank's market position as India's largest private bank and IDBI Bank's regulatory reclassification by the RBI.",Somewhat relevant,Names HDFC Bank as India's largest private bank but provides no market-cap/scale figures and includes an unrelated IDBI reclassification detail.
863,Which Private Sector Banks are under any regulatory restriction or heightened supervisory scrutiny?,"Based on the provided knowledge graph path, HDFC Bank Limited and IDBI Bank Limited are the primary entities, both categorized within the private-sector banking segment. Specifically, HDFC Bank Limited belongs to the private sector banks segment and is recognized as India's largest private bank, while IDBI Bank Limited was similarly reclassified by the RBI as a private-sector bank.",Not relevant,"Summary describes HDFC and IDBI's sector classification, not any regulatory restriction or supervisory scrutiny."
864,Which Private Sector Bank has the highest CASA ratio?,,Not relevant,No summary/answer was produced by the pipeline — there is no assistant output to address the user's request.
865,"Which Small Finance Bank has converted, or is closest to converting, to a universal bank license?","**Starting Entity:** Equitas Small Finance Bank  
**Ending Entity:** Various financial and operational metrics (such as a gross NPA of 2.36–2.42%, a net NPA of 0.70–0.71%, a cost-to-income ratio of 68.38%, and a net interest income of ₹1,029.4 crore).

**Summary:**  
Equitas Small Finance Bank operates as a diversified small finance bank headquartered in Chennai, backed by institutional investors like Mutual Funds (37.27%) and Foreign Portfolio Investors (11.45%) as of December 2024. The bank generates its margins through high-yield small-business, vehicle, and microfinance assets, yielding 15.74% on gross advances alongside a cost of funds of 7.05% for Q1 FY27. Financially, it reported a gross NPA range of 2.36–2.42%, a net NPA of 0.70–0.71%, a return on assets of 1.18%, and a return on equity of 11.76%.",Not relevant,Summary lists Equitas SFB's financial metrics but never addresses universal-bank license conversion.
866,"Which Small Finance Bank has the highest gross NPA ratio, and is that figure flagged as uncertain in the sourcing?","Based on the provided knowledge graph, the starting entity is **Equitas Small Finance Bank**, which is connected to various financial metrics, ownership stakes, and operational risks as its ending attributes. The bank maintains strong credit profiles with an A1+ rating on certificates of deposit and an AA- Stable issuer rating from CARE Ratings, alongside reporting a net interest income of ₹1,029.4 crore. However, it faces key financial challenges, including an elevated cost-to-income ratio of 68.38% and funding risks stemming from deposit growth trailing its advances.",Not relevant,Summary lists Equitas SFB's metrics but does not identify it as having the highest gross NPA among SFBs or flag sourcing uncertainty.
867,Which Small Finance Banks have secured banking-license upgrades or new approvals recently?,"Based on the knowledge graph path, the entities analyzed are City Union Bank Limited, HDFC Bank Limited, and Karur Vysya Bank, all connected through the National Stock Exchange (NSE). In simple financial terms, these three institutions are publicly traded financial entities that share a common listing venue on the NSE, where HDFC Bank Limited also actively competes.",Not relevant,"Summary describes three banks sharing an NSE listing, unrelated to SFB license upgrades or approvals."
868,How do Small Finance Banks as a group compare to Private Sector Banks on net interest margin?,"**1. Entities:** The starting entity is **Small Finance Banks**, and the ending entity is **Private Sector Banks**.

**2. Financial Summary:** Based on the knowledge graph comparison, Small Finance Banks have a more complex relationship path with a higher number of connections (2 hops) compared to Private Sector Banks. This indicates that Small Finance Banks are more interconnected within this specific network structure. 

**3. Numerical Facts:** Small Finance Banks have a path length of 2 hops, whereas Private Sector Banks have fewer connections in this comparative metric.",Not relevant,Summary compares abstract graph 'hop counts' between segments instead of actual net interest margin data.
869,Which banks in this dataset are majority owned by the Government of India?,"1. **Starting and Ending Entities:** The starting entity is the Government of India, and the ending entities are various major public sector banks in India (such as State Bank of India, Punjab National Bank, Canara Bank, and others).

2. **Business/Financial Explanation:** The Government of India acts as the controlling majority stakeholder in these key public sector banks, providing sovereign backing and strategic oversight to the nation's banking system. 

3. **Numerical Facts:** The government's majority equity stakes vary across institutions, including 55.03% in State Bank of India, 70.08% in Punjab National Bank, 62.93% in Canara Bank, 74.76% in Union Bank of India, 73.38% in Bank of India, 73.84% in Indian Bank, 89.27% in Central Bank of India, and 92.44% in Indian Overseas Bank.",Relevant,"Directly lists multiple government-majority-owned banks with their ownership percentages, matching the query."
870,Which banks in this dataset have no single promoter holding a majority stake?,,Not relevant,Pipeline error: no_entities_resolved — there is no assistant output to address the user's request.
871,Which banks have an ADR or GDR listed on a foreign exchange in addition to their NSE/BSE listing?,"Based on the provided knowledge graph path, the starting entity is the National Stock Exchange (NSE), which connects to multiple ending entities: HDFC Bank Limited, Karur Vysya Bank, and City Union Bank Limited. In simple business terms, all three financial institutions share a common market connection as they are all publicly traded or listed on the NSE, with HDFC Bank also noted as a competitor.",Not relevant,"Summary discusses NSE listing/competition, not ADR/GDR listings on foreign exchanges."
872,Which banks have a joint-venture or subsidiary bank operating outside India?,"Based on the provided knowledge graph path, the starting entities are **Janalakshmi Financial Services** and **The Jammu & Kashmir Bank Limited**, with **India** as the shared ending entity. Janalakshmi Financial Services operated as a microfinance institution within India, while The Jammu & Kashmir Bank Limited operates 136 branches across the country.",Not relevant,"Summary describes domestic (India-based) operations, not any joint-venture or subsidiary bank operating outside India."
873,"Which banks are headquartered in Kerala, and how do they compare to each other?",,Not relevant,No summary/answer was produced by the pipeline — there is no assistant output to address the user's request.
874,"Which banks are headquartered in South India generally (Tamil Nadu, Karnataka, Kerala)?","1. **Starting and Ending Entities:** The path connects multiple Indian banking institutions (Canara Bank, Indian Bank, South Indian Bank, and Tamilnad Mercantile Bank Limited) through their shared regional focus.

2. **Business/Financial Explanation:** These banks share a strategic reliance on South India, where they maintain strong retail, agricultural, MSME, NRI, or deposit franchises and heavy geographic concentrations.

3. **Numerical Facts:** No specific numerical facts or figures are present in the provided path.",Relevant,"Directly names multiple banks with strong South Indian regional franchises, matching the query."
875,Which banks are headquartered in Maharashtra?,"Based on the provided knowledge graph data, the starting entity is a group of major financial institutions—including Axis Bank, HDFC Bank, State Bank of India, and several others—and the ending entity is the state of Maharashtra. These financial entities are linked by the fact that they are all headquartered or maintain their registered offices within Maharashtra. Specifically, this concentration is anchored by key economic and geographical locations within the state, such as Mumbai and Navi Mumbai.",Relevant,"Directly names multiple banks headquartered in Maharashtra, matching the query."
876,Which banks have undergone a merger or amalgamation in their recent history?,,Not relevant,Pipeline error: no_entities_resolved — there is no assistant output to address the user's request.
877,"Which banks have flagged rating-outlook divergences between agencies (e.g., one agency Negative while another is Stable)?","Based on the provided knowledge graph path, the starting entity is **ICRA** and the ending entity is **Utkarsh Small Finance Bank Limited**. On May 22, 2025, credit rating agency ICRA revised the bank's rating outlook to Negative due to ongoing asset-quality concerns.",Somewhat relevant,Shows one agency's rating-outlook change but does not demonstrate divergence between two different agencies as asked.
878,Which banks have data points in this dataset explicitly marked as unresolved or internally inconsistent across sources?,"**Starting Entity:** Life Insurance Corporation of India (LIC)  
**Ending Entity:** Various Indian banking institutions (including IDBI Bank, State Bank of India, ICICI Bank, and others)

**Summary:**
Life Insurance Corporation of India (LIC) acts as a major institutional investor across multiple public and private sector banks in India, maintaining ownership stakes ranging from 1.33% up to a controlling 49.24% in IDBI Bank Limited. Key holdings include an 8.70% stake in State Bank of India, a 7.10% stake in the Bank of Maharashtra, and a 7% stake in ICICI Bank as of December 2024. Through these diverse equity investments, LIC holds significant financial positions across the country's banking sector.",Not relevant,"Summary lists LIC's shareholding stakes, unrelated to data flagged as unresolved or inconsistent across sources."
879,"Which banks report figures on both a standalone and consolidated basis, and how do those figures differ?",,Not relevant,Pipeline error: no_entities_resolved — there is no assistant output to address the user's request.
880,Which banks have the widest international branch or representative-office network?,,Not relevant,Pipeline error: no_entities_resolved — there is no assistant output to address the user's request.
881,"Which banks rely most heavily on a single flagship digital platform (e.g., YONO) as a strategic differentiator?","**Starting Entity:** Indian Bank  
**Ending Entity:** Digital channels  

Indian Bank utilizes digital channels to process approximately 95% of its overall transactions. This highlights the bank's strong operational reliance on digital platforms for the vast majority of its business activities.",Not relevant,"Cites Indian Bank's generic digital-transaction share, not reliance on a named flagship platform like YONO."
882,Which banks are most exposed to MSME or agricultural lending as a customer segment?,"Based on the provided knowledge graph path, the starting entity is **DCB Bank Limited** and the ending entity is its **SME-focused business model**. In simple business terms, the bank operates with a strategic focus on small and medium-sized enterprises (SMEs) as part of its core operations. No specific numerical facts were provided in this path.",Somewhat relevant,Names one bank's SME focus but omits agricultural lending and any broader multi-bank comparison.
883,Which banks are most exposed to microfinance or small-ticket unsecured lending?,"1. Starting Entity: Bandhan Bank (and peer entities like Equitas Small Finance Bank, IndusInd Bank, and Ujjivan Small Finance Bank); Ending Entity: Microfinance segment.
2. This path illustrates the historical and current involvement of multiple Indian banks—specifically Bandhan Bank, Equitas Small Finance Bank, IndusInd Bank, and Ujjivan Small Finance Bank—in the microfinance and micro-loan sectors.
3. According to CRISIL, Bandhan Bank maintains an established market position in micro-loans, while peers like Ujjivan are actively working to reduce their concentration in this asset class.",Relevant,"Directly names multiple banks with significant microfinance/small-ticket lending exposure, matching the query."
884,"Which regulator(s) oversee every bank in this dataset, and what specific powers do they exercise (licensing, capital norms, disclosure)?","**Summary:**

The starting entity is LIC, and the ending entity is Insurance (with a self-referencing shareholder relationship to LIC). In simple business terms, LIC operates within the insurance sector as an institutional entity and holds its own shares.",Not relevant,"Summary describes LIC's self-shareholding as an insurer, not the regulators overseeing the banks or their powers."
885,"Which credit rating agencies are referenced across this dataset, and which agency is affiliated with Fitch?","Based on the provided knowledge graph path, the starting entity is ""Fitch group"" and the ending entity is ""Fitch group"". The path simply establishes that the corporate group name of the Fitch group is Fitch group. No numerical facts were present in the provided data.",Not relevant,Summary is a tautological statement about the 'Fitch group' name and does not list the rating agencies referenced or Fitch affiliates.
886,"Which banks have been rated by CRISIL Ratings, and what ratings did they receive?","Based on the knowledge graph path provided, here is the summary:

1. **Entities:** The starting entity is **CRISIL**, and the ending entity is **Ujjivan Small Finance Bank**.
2. **Business Summary:** CRISIL reaffirmed a top-tier ""A1+"" credit rating specifically on Ujjivan Small Finance Bank's certificate-of-deposit programme. 
3. **Numerical Facts:** The rating reaffirmed is **A1+**, applied to the bank's certificate-of-deposit programme.",Somewhat relevant,Gives only a single CRISIL-rated bank when the query implies a broader listing of CRISIL-rated banks and ratings.
887,"Which banks have been rated by ICRA, and what ratings did they receive?","1. **Starting Entity:** ICRA; **Ending Entity:** Dhanlaxmi Bank Limited.
2. Credit rating agency ICRA reaffirmed a ""BBB- Stable"" credit rating for Dhanlaxmi Bank Limited. 
3. This rating indicates a stable financial outlook for the bank based on the recent assessment.",Somewhat relevant,Gives only a single ICRA-rated bank when the query implies a broader listing of ICRA-rated banks and ratings.
888,"Which banks have been rated by CARE Ratings, and what ratings did they receive?","Based on the provided knowledge graph path, the starting entity is **CARE Ratings** and the ending entity is **Jammu & Kashmir Bank**. CARE Ratings reaffirmed the **AA- Stable** credit rating for Jammu & Kashmir Bank.",Somewhat relevant,Gives only a single CARE-rated bank when the query implies a broader listing of CARE-rated banks and ratings.
889,Which banks have been rated by India Ratings or Fitch directly?,"Based on the provided knowledge graph path, the starting entity is **Tamilnad Mercantile Bank Limited**, and the ending entity is **Thoothukudi**. In simple business terms, the bank's corporate headquarters is located in the city of Thoothukudi. There are no other numerical facts or additional relationships present in this path.",Not relevant,"Summary states Tamilnad Mercantile Bank's headquarters city, with no mention of India Ratings or Fitch ratings."
890,"Which banks have an AT-1 or Tier-2 bond rating mentioned, and what is it?",,Not relevant,Pipeline error: no_entities_resolved — there is no assistant output to address the user's request.
891,"Which banks have had a rating upgrade mentioned in this dataset, and by which agency?",,Not relevant,Pipeline error: no_entities_resolved — there is no assistant output to address the user's request.
892,"Which banks have had a rating outlook change (e.g., to Negative or Positive) mentioned in this dataset?","**Starting Entity:** ICRA  
**Ending Entity:** Utkarsh Small Finance Bank Limited  

ICRA revised Utkarsh Small Finance Bank Limited's rating outlook to Negative on May 22, 2025. This negative outlook adjustment was driven specifically by concerns regarding the bank's asset quality.",Relevant,"Directly identifies the bank, rating agency, date, and reason for the outlook change, matching the query."
893,Which banks are licensed as universal banks versus small finance banks?,,Not relevant,No summary/answer was produced by the pipeline — there is no assistant output to address the user's request.
894,"Which banks hold equity stakes in overseas banking joint ventures, and in which countries?","Based on the provided knowledge graph path, the starting entity is ""overseas banking joint ventures"" and the ending entity is ""overseas banking joint ventures in Bhutan, Nepal and Kazakhstan"". In simple financial terms, this path identifies the specific partnership names associated with these international banking joint ventures. No numerical facts were present in the provided data.",Somewhat relevant,Names the overseas JV countries but never identifies which bank(s) hold the equity stakes.
895,"Which banks have subsidiaries offering non-banking services (e.g., credit cards, investment banking, asset management)?","The knowledge graph path starts with the entity **credit cards** and ends with the category **Card** and product name **Credit Cards**. In simple terms, this path classifies credit cards as a specific product named ""Credit Cards"" under the ""Card"" category. There are no specific numerical facts included in this path.",Not relevant,Summary is a generic product taxonomy statement about credit cards with no bank names or subsidiary details.
896,Which banks distribute third-party insurance or asset-management products?,"**Starting Entity:** HDFC Bank  
**Ending Entity:** Third-party insurance distribution  

**Summary:**  
HDFC Bank offers third-party insurance distribution as part of its financial services portfolio. This business activity allows the bank to act as a distributor for insurance products provided by external companies.",Somewhat relevant,Names one bank distributing third-party insurance but likely omits other banks with similar arrangements.
897,"Which banks are exposed to litigation or legal-settlement risk, and what is the nature of that exposure?",,Not relevant,Pipeline error: no_entities_resolved — there is no assistant output to address the user's request.
898,"Which banks disclose a Chairman separate from the MD & CEO role, and which combine the roles?",,Not relevant,Pipeline error: no_entities_resolved — there is no assistant output to address the user's request.
899,Which banks have LIC (Life Insurance Corporation of India) as a disclosed shareholder?,"**Summary:**

1. **Entities:** The starting entity is **life insurance**, and the ending entity is **Insurance** (with an additional attribute of the product name **Life Insurance**).
2. **Business Explanation:** Life insurance is formally classified within the broader financial sector as an insurance product. 
3. **Numerical Facts:** There are no numerical facts present in this relationship path.",Not relevant,"Summary is a generic classification of life insurance as a product, with no mention of LIC as a shareholder in any bank."
900,"Which banks have FIIs, NRIs or GDR holders disclosed as a shareholder category, and what percentage do they hold?","1. **Starting Entity:** Foreign Institutional Investors (FIIs)  
   **Ending Entities:** Various Indian commercial banks (including HDFC Bank, ICICI Bank, Axis Bank, State Bank of India, and others).

2. **Explanation:** This knowledge graph path illustrates the portfolio investments and ownership stakes held by Foreign Institutional Investors across a broad range of major and regional Indian banking institutions. 

3. **Numerical Facts:** FII ownership varies significantly across these institutions, ranging from a low of roughly 1.3% in the Central Bank of India up to a high of 45% in ICICI Bank, with major private lenders like HDFC Bank (41.82%) and Axis Bank (39.91%) also showing substantial foreign institutional backing.",Relevant,"Directly lists multiple banks with FII shareholding percentages, matching the query."
901,"Which banks have mutual funds or UTI disclosed as shareholders, and what percentage do they hold?","1. **Starting Entity:** Mutual Funds; **Ending Entities:** Various Indian banks (Union Bank of India, State Bank of India, Axis Bank Limited, Kotak Mahindra Bank Limited, Central Bank of India, Equitas Small Finance Bank, IDFC FIRST BANK LIMITED, Punjab National Bank, and Ujjivan Small Finance Bank).

2. This logical union path illustrates the investment footprint of mutual funds across multiple banking institutions, highlighting their role as key institutional investors in the sector. 

3. Key ownership stakes range from 0.22% in Central Bank of India (as of March 2025) and 4.73% in Union Bank of India, up to 37.27% in Equitas Small Finance Bank (as of December 2024), alongside specific domestic institutional holding contributions such as 33.00% in Axis Bank and 24.50% in Kotak Mahindra Bank (as of September 2026).",Relevant,"Directly lists multiple banks with mutual fund/UTI shareholding percentages, matching the query."
902,Which banks' promoter or government shareholding percentage could not be confirmed in this dataset?,,Not relevant,Pipeline error: no_entities_resolved — there is no assistant output to address the user's request.
903,Which banks are named as competitors of HDFC Bank and ICICI Bank in this dataset?,"1. **Starting Entity:** HDFC Bank  
   **Ending Entity:** State Bank of India (SBI)

2. **Explanation:** HDFC Bank maintains a strong competitive position against State Bank of India by continuously capturing market share in the retail and digital banking sectors. 

3. **Numerical Facts:** No specific numerical figures are provided in this path.",Somewhat relevant,Names a competitor for HDFC Bank but omits any competitors named for ICICI Bank.
904,Which banks are named as competitors of State Bank of India in this dataset?,"Based on the provided knowledge graph path, the starting entity is **HDFC Bank / ICICI Bank** and the ending entity is **State Bank of India**, connected through a competitive relationship. Both HDFC Bank and ICICI Bank actively compete against State Bank of India by continuously capturing retail and digital market share. This competitive pressure directly threatens State Bank of India's market standing in the digital and retail banking segments.",Relevant,"Directly names HDFC Bank and ICICI Bank as competitors of SBI, matching the query."
905,Which banks are named as competitors of the leading Small Finance Banks in this dataset?,"**Summary:**

The starting entity is ""Small Finance Banks"" and the ending entity is its description as a banking segment. This financial segment consists of 7 listed member companies as of September 15, 2026, and is officially categorized under the banking segment name ""Small Finance Banks.""",Not relevant,Summary gives a generic segment overview (member count) rather than naming any competitors of leading SFBs.
906,Which banks source their financial metrics primarily from Q1 FY27 (quarter ended June 2026) investor disclosures?,,Not relevant,Pipeline error: no_entities_resolved — there is no assistant output to address the user's request.
907,Which banks have metrics sourced from a single secondary source flagged as lower-confidence?,,Not relevant,Pipeline error: no_entities_resolved — there is no assistant output to address the user's request.
908,Which banks have a BOBCARD-style or dedicated card-issuing subsidiary?,"1. **Starting Entity:** Bank of Baroda | **Ending Entity:** Credit cards  
2. Bank of Baroda operates through its subsidiary, BOBCARD, which is responsible for issuing credit cards to customers.  
3. This operational structure highlights the bank's direct involvement in the credit card market via its specialized subsidiary.",Relevant,"Directly names Bank of Baroda and its BOBCARD subsidiary as the card-issuing entity, matching the query."
909,Which banks explicitly mention Basel III capital norms as a regulatory dependency?,"The starting entity is LIC, and the ending entity is Insurance. According to the knowledge graph, LIC operates with an ""Insurance"" holder type and lists its shareholder name simply as LIC.",Not relevant,"Summary describes LIC's self-shareholding as an insurer, unrelated to Basel III capital norms."
910,Which banks explicitly mention priority-sector-lending mandates as a regulatory dependency?,"**Summary:**

The path begins with the entity **LIC** and concludes with the entity **Insurance** (via its holder type) and **LIC** (via its shareholder name). In business terms, this indicates that LIC operates as an insurance entity and is self-owned or held by LIC as its shareholder.",Not relevant,"Summary describes LIC's self-shareholding as an insurer, unrelated to priority-sector-lending mandates."
911,Which banks mention SEBI's minimum public shareholding or takeover code as a specific regulatory dependency?,,Not relevant,No summary/answer was produced by the pipeline — there is no assistant output to address the user's request.
912,"Which banks have overseas representative offices as distinct from full branches, and where?","**Starting Entity:** PNB  
**Ending Entity:** International countries (Kazakhstan, the UAE, China, Norway, and Australia)  

Punjab National Bank (PNB) conducts its international operations by utilizing representative offices located in countries such as Kazakhstan, the UAE, China, Norway, and Australia. This multi-hop relationship highlights PNB's global presence through its overseas representative footprint.",Relevant,"Directly names PNB and its overseas representative-office locations, matching the query."
913,"Which banks' NRI banking services are tied to a specific geographic remittance corridor (e.g., Gulf or African)?",,Not relevant,No summary/answer was produced by the pipeline — there is no assistant output to address the user's request.
914,How does the RBI repo rate influence net interest margin across the banks in this dataset?,"Based on the provided knowledge graph data, the starting entity is **Indian Bank** and the ending entities are its various operational, financial, and credit rating attributes. 

Indian Bank operates as a major public sector bank—having merged with Allahabad Bank to become the seventh-largest PSU bank—backed by a 73.84% ownership stake from the Government of India and strong institutional holdings by LIC. The bank maintains robust financial metrics, including a CET1 ratio of 16.51%, a capital adequacy ratio of 17.58%, and a total quarterly income of ₹20,723.62 crore, alongside top-tier credit ratings from CRISIL such as an A1+ rating on its certificate-of-deposit programme and an AAA Stable rating on its Tier II bonds.",Not relevant,Summary is a generic Indian Bank profile that never connects the repo rate to net interest margin.
915,How does India's GDP growth rate influence loan demand across the banks in this dataset?,"Based on the provided knowledge graph path, the starting entity is ""GDP growth"" and the ending entity is also ""GDP growth"". In simple financial terms, this path defines the specific macroeconomic factor known as GDP growth. There are no numerical facts present in this relationship.",Not relevant,Summary is a tautological definition of 'GDP growth' with no discussion of loan demand.
916,Which banks are most sensitive to interest-rate risk because of their deposit-book composition?,,Not relevant,No summary/answer was produced by the pipeline — there is no assistant output to address the user's request.
917,Which banks are most sensitive to credit risk because of large corporate loan exposure?,,Not relevant,No summary/answer was produced by the pipeline — there is no assistant output to address the user's request.
918,Which banks are most exposed to cyber risk given the scale of their digital user base?,,Not relevant,No summary/answer was produced by the pipeline — there is no assistant output to address the user's request.
919,Which banks are most exposed to currency or overseas-regulatory risk because of their international footprint?,"Based on the provided knowledge graph path, the union query identifies various Indian banking entities (such as Bank of India, CSB Bank, Canara Bank, and 15 other institutions) as the starting subjects, all connected by the ending category of facing various forms of regulatory risk. These risks range from ordinary regulatory oversight and standard RBI compliance to specific operational challenges like governance transitions, ownership changes, and capital cushions. No specific numerical facts are present in the provided path data.",Not relevant,"Summary lists banks facing generic regulatory risks, not specifically currency/overseas-regulatory risk from international footprint."
920,Which banks are most exposed to funding-cost risk from a declining CASA ratio?,,Not relevant,No summary/answer was produced by the pipeline — there is no assistant output to address the user's request.
921,Which banks are most exposed to asset-quality risk in unsecured retail or MSME lending?,"The analysis examines three small finance banks—ESAF Small Finance Bank, Jana Small Finance Bank Limited, and Ujjivan Small Finance Bank—as the starting entities, focusing on their strategic shift toward the ending entity concept of secured retail lending/banking. Both ESAF and Jana are expanding or diversifying their lending models into secured retail. Notably, Ujjivan is pursuing this broader diversification strategy aggressively, resulting in its secured portion increasing by 42.7%.",Somewhat relevant,Discusses SFBs shifting toward secured lending but does not directly rank exposure to asset-quality risk in unsecured lending.
922,Which banks are most exposed to concentration risk in a specific geography?,,Not relevant,No summary/answer was produced by the pipeline — there is no assistant output to address the user's request.
923,Which banks are most exposed to risk from legacy corporate NPAs or past fraud incidents?,"**Summary:**

1. **Entities:** The starting entity is the logical union of multiple banks (Bandhan Bank, Bank of India, IDBI Bank Limited, Indian Bank, Indian Overseas Bank, Tamilnad Mercantile Bank Limited, and Union Bank of India), and the ending entities are their **corporate customers / corporate segment**.
2. **Business Explanation:** Multiple major banks collectively provide comprehensive financial services, including lending exposure, universal banking operations, and specialized product suites tailored to businesses within the corporate segment across India. 
3. **Numerical Facts:** No specific financial figures, percentages, or monetary amounts are mentioned in the provided path.",Not relevant,Summary gives a generic description of banks' corporate segments with no mention of legacy NPAs or fraud risk.
924,"How would a rise in the RBI repo rate be expected to affect PSU banks versus Private banks differently, based on the drivers described?","The path connects the starting entity **Indian Bank** to the ending entity **Repo rate** across three hops. In simple terms, Indian Bank provides targeted wealth-management services, a business area also delivered by State Bank of India (SBI), whose net interest margin is ultimately driven by the trajectory of the RBI repo rate.",Not relevant,Summary is a disjointed statement about wealth management and repo-rate-driven NIM that never contrasts PSU vs private bank effects.
925,"How would a slowdown in India's GDP growth be expected to affect Small Finance Banks versus larger universal banks, based on the drivers described?","Based on the knowledge graph path, the starting entity is **Small Finance Banks** and the ending entity is **India**, with Small Finance Banks showing greater exposure to the shock of **GDP growth** across four hops compared to India's two. In financial terms, Small Finance Banks exhibit a longer and more vulnerable transmission path to macroeconomic GDP growth shocks than the broader economy of India as a whole.",Not relevant,Summary compares abstract graph 'hop counts' rather than any real macroeconomic impact on SFBs vs universal banks.
926,Which banks' valuation-relevant qualitative notes mention the market pricing sovereign ownership differently from private ownership?,"Based on the provided knowledge graph path, the starting entity is **Sovereign Ownership** and the ending entity is **CRISIL ratings**. In simple terms, the path explains that government or sovereign ownership provides the foundational support that ensures the stability of top-tier credit ratings assigned by CRISIL. No specific numerical facts were present in this relationship.",Not relevant,"Summary is a generic statement linking sovereign ownership to CRISIL ratings, with no bank-specific valuation/pricing notes."
927,Which banks explicitly flag margin as being driven by their CASA/deposit mix?,"1. **Starting Entity:** LIC (Life Insurance Corporation of India) | **Ending Entities:** Various Indian banks (including IDBI Bank, State Bank of India, Bank of Maharashtra, ICICI Bank, and others).

2. **Explanation:** LIC acts as a major institutional investor, holding varying equity ownership stakes across multiple public and private sector banks in India. 

3. **Numerical Facts:** Notable holdings include a 49.24% stake in IDBI Bank Limited, an 8.70% stake in State Bank of India, a 7.10% stake in Bank of Maharashtra (by March 2025), and approximately a 7% stake in ICICI Bank (as of December 2024).",Not relevant,"Summary lists LIC's shareholding stakes in banks, unrelated to margin drivers like CASA/deposit mix."
928,Which banks explicitly flag growth as being driven by retail credit demand and digital acquisition?,"1. **Starting and Ending Entities:** The starting entity is **LIC**, and the ending entities are various **Indian banking institutions** (such as Bank of Maharashtra, IDBI Bank, State Bank of India, and ICICI Bank).

2. **Business/Financial Explanation:** LIC maintains significant institutional investments and ownership stakes across multiple public and private sector banks in India. 

3. **Numerical Facts:** Key ownership stakes held by LIC include 49.24% in IDBI Bank Limited, 8.70% in State Bank of India, 7.10% in Bank of Maharashtra, and around 7% in ICICI Bank, alongside varying smaller stakes in other banks like Central Bank of India and UCO Bank.",Not relevant,"Summary lists LIC's shareholding stakes in banks, unrelated to growth drivers like retail credit demand or digital acquisition."
929,Which banks explicitly flag return on equity as being driven by operating leverage or normalization of provisioning?,"Based on the provided knowledge graph path, the starting entity is **Life Insurance Corporation of India (LIC)** and the ending entities are **various Indian commercial banks** in which LIC holds equity stakes. LIC maintains significant institutional investments across the Indian banking sector, including major shareholdings such as 49.24% in IDBI Bank Limited, 8.70% in State Bank of India, 7.10% in Bank of Maharashtra, and 7% in ICICI Bank. Additionally, LIC holds smaller ownership percentages in several other lenders, including Central Bank of India (3.16%), The Federal Bank Limited (3.61%), UCO Bank (2.31%), and The Jammu & Kashmir Bank Limited (1.33%).",Not relevant,"Summary lists LIC's shareholding stakes in banks, unrelated to ROE drivers like operating leverage or provisioning."
930,Which banks explicitly flag the key risk driver as legacy or contingent-liability exposure?,"**1. Starting and Ending Entities:**
The starting entity is Life Insurance Corporation of India (LIC), and the ending entities are various Indian commercial banks (including Bank of Maharashtra, Central Bank of India, ICICI Bank, IDBI Bank Limited, Indian Bank, Punjab & Sind Bank, Punjab National Bank, State Bank of India, The Federal Bank Limited, The Jammu & Kashmir Bank Limited, and UCO Bank).

**2 & 3. Business/Financial Summary and Numerical Facts:**
As a major institutional investor, LIC holds significant equity stakes across multiple public and private sector banks in India. Notable financial holdings include a 49.24% majority stake in IDBI Bank Limited, an 8.70% stake in State Bank of India, a 7.10% stake in Bank of Maharashtra, and around a 7% stake in ICICI Bank. Additionally, LIC maintains smaller ownership percentages in other institutions, such as 3.61% in The Federal Bank Limited, 3.16% in Central Bank of India, 2.31% in UCO Bank, and 1.33% in both Punjab & Sind Bank and The Jammu & Kashmir Bank Limited.",Not relevant,"Summary lists LIC's shareholding stakes in banks, unrelated to legacy or contingent-liability risk drivers."
931,Which banks explicitly flag the key risk driver as asset quality in unsecured or small-ticket lending?,"Based on the provided knowledge graph path, the starting entities are HDFC Bank Limited, Karur Vysya Bank, and City Union Bank Limited, and the ending entity is the NSE. This union path shows that all three banking entities share a common financial market connection by being listed, trading, or competing on the National Stock Exchange (NSE). No additional numerical facts were provided in the path.",Not relevant,"Summary describes three banks sharing an NSE listing, unrelated to asset-quality risk in unsecured lending."
932,Which banks explicitly flag technology or digital-platform uptime as an operational dependency?,"1. **Starting Entity:** Life Insurance Corporation of India (LIC); **Ending Entities:** Various Indian banks (including ICICI Bank, State Bank of India, IDBI Bank, and others).

2. **Explanation:** The path outlines LIC's institutional investments and equity ownership stakes across multiple public and private sector banks in India. 

3. **Numerical Facts:** LIC's equity holdings vary significantly across these institutions, ranging from major controlling stakes such as 49.24% in IDBI Bank and 8.70% in State Bank of India, to smaller holdings like 7% in ICICI Bank, 7.10% in Bank of Maharashtra, 3.61% in The Federal Bank, 3.16% in Central Bank of India, 2.31% in UCO Bank, and 1.33% in both Punjab & Sind Bank and The Jammu & Kashmir Bank.",Not relevant,"Summary lists LIC's shareholding stakes in banks, unrelated to technology/digital-platform uptime dependencies."
933,Which banks explicitly flag continued regulatory support (RBI or Ministry of Finance) as a named dependency?,"**1. Starting and Ending Entity:**
* **Starting Entity:** Indian Bank
* **Ending Entity:** Various regulatory bodies, credit rating agencies, financial metrics, and operational assets associated with Indian Bank (represented as a union of multiple relationship patterns originating from Indian Bank).

**2. Financial Summary:**
Indian Bank operates as a major public sector undertaking (PSU) bank—backed by a 73.84% Government of India ownership stake—that maintains strong capital metrics, including a 17.58% capital adequacy ratio and a 16.51% CET1 ratio. Regulated by both the RBI and SEBI, the bank holds top-tier credit ratings from CRISIL (such as A1+ for certificates of deposit and AAA for Tier II bonds) and generated ₹20,723.62 crore in total quarterly income. Operationally, it serves retail, corporate, and agricultural segments through an extensive network of 6,001 branches and 5,657 ATMs while maintaining a healthy asset quality with a gross NPA of 1.86%.",Somewhat relevant,"Gives a generic Indian Bank regulatory profile touching on RBI/SEBI oversight but does not explicitly flag 'continued regulatory support' as a named dependency, and covers only one bank."
934,What reporting period do most of the financial figures in this dataset refer to?,,Not relevant,Pipeline error: no_entities_resolved — there is no assistant output to address the user's request.
935,How does the dataset treat a figure that could not be verified from a reliable source?,,Not relevant,Pipeline error: no_entities_resolved — there is no assistant output to address the user's request.
936,How does the dataset treat a figure that appeared internally inconsistent across sources?,,Not relevant,Pipeline error: no_entities_resolved — there is no assistant output to address the user's request.
937,"Which two figures for Bank of India's profit are flagged as inconsistent (standalone vs. consolidated), and which is which?","1. **Starting Entity:** Bank of India; **Ending Entity:** Various financial and operational metrics (such as net profit, advances, deposits, and asset quality) for Q1 FY27.

2. **Explanation:** The knowledge graph details the operational scale, financial performance, and risk profile of the Government of India-owned Bank of India. It highlights key business segments, regulatory oversight, and performance indicators for Q1 FY27, showcasing substantial growth in advances and deposits alongside improvements in asset quality.

3. **Numerical Facts:** During Q1 FY27, Bank of India reported global advances reaching ₹7.98 lakh crore (18.84% year-on-year growth) and global deposits rising to ₹9.58 lakh crore (14.90% growth). The bank also achieved a standalone net profit of ₹3,068 crore, a CASA ratio of 36.68%, a capital adequacy ratio of 18.69%, and a gross NPA of 1.81%.",Not relevant,"Gives Bank of India's standalone profit figure only, without any consolidated figure or flagged inconsistency between the two."
938,"Which growth figures for Union Bank of India are flagged as coming from a single, lower-confidence secondary source?",,Not relevant,No summary/answer was produced by the pipeline — there is no assistant output to address the user's request.
939,What discrepancy is flagged between IDBI Bank's Q1 FY27 profit and its FY24-25 profit figures?,"1. **Starting Entity:** IDBI Bank Limited; **Ending Entity:** IDBI Capital Markets (its subsidiary).
2. **Path Explanation:** IDBI Bank Limited operates as the parent entity providing full universal banking services—including investment banking operations handled through its subsidiary, IDBI Capital Markets. 
3. **Numerical Facts:** The provided data outlines IDBI Bank's robust financials for FY24-25, including a net profit of ₹7,515 crore, deposits of ₹309,975 crore, and advances totaling ₹218,399 crore.",Not relevant,"Gives IDBI Bank's FY24-25 profit figure only, without the Q1 FY27 figure or any flagged discrepancy between them."
940,What anomaly is flagged in Jammu & Kashmir Bank's net interest income figure?,"1. **Starting and Ending Entities:** The starting entity is **Jammu & Kashmir Bank** (The Jammu & Kashmir Bank Limited), and the ending entities include its key financial metrics, ownership stakes, and rating assessments (such as **CARE Ratings** and financial figures like a **₹424.18 crore** net profit).

2. **Simple Business/Financial Summary:** Jammu & Kashmir Bank operates as an RBI-designated universal bank with a strong, low-cost government deposit franchise and a widespread branch network primarily concentrated in J&K and Ladakh. It is majority-owned by the J&K government, maintains solid capital adequacy under Basel III, and recently reported positive financial performance including a quarterly net profit of ₹424.18 crore and improving asset quality. 

3. **Numerical Facts:** As of June 2025, the Chief Secretary of the J&K government held a 51.89% ownership stake, while the bank operated 1,008 branches as of December 2025. Financially, the bank reported a net profit of ₹424.18 crore, a capital adequacy ratio of 16.67%, and a gross NPA of 2.37%.",Not relevant,Gives a generic J&K Bank profile with no mention of any anomaly in its net interest income figure.
941,What anomaly is flagged in Jana Small Finance Bank's net interest income figure?,"1. **Starting and Ending Entities:** The starting entity is **Jana Small Finance Bank Limited** and the ending entity is its financial performance and shareholding structure (such as its recent profitability and promoter stake).

2. **Simple Business/Financial Summary:** Jana Small Finance Bank Limited, headquartered in Bengaluru and led by MD & CEO Ajay Chamanlal Kanwal, reported a strong profit after tax of ₹155.23 crore—up 52.29% year-on-year. The bank maintains an improved capital adequacy of 20.18% for Q1 FY27, with promoter Jana Holdings Limited holding a 16.94% stake as of June 2026. 

3. **Important Numerical Facts:** Key figures include a Q1 FY27 earnings per share of ₹14.74, a gross NPA of 2.39%, a net NPA of 0.91%, and an FY26 return on equity of 8%. Additionally, institutional investors like Volrado Venture Partners held a 2.78% stake, while ICICI Prudential Life Insurance and Ananta Capital held 1.54% and 1.46% stakes, respectively.",Not relevant,Gives a generic Jana SFB financial profile with no mention of any anomaly in its net interest income figure.
942,"What conflicting gross NPA figures are reported for Suryoday Small Finance Bank, and what are the two values?","Based on the provided knowledge graph path, the starting entity is **Suryoday Small Finance Bank** and the ending entity is its **operational and reputational risk exposure** tied to financial reporting discrepancies. 

Suryoday Small Finance Bank experienced strong financial performance, highlighted by a 113.10% year-on-year surge in net profit to ₹75.18 crore and an annualized net interest income of ₹622.36 crore for Q1 FY27. However, the bank faces reporting risks due to a discrepancy in its gross non-performing assets (GNPA), which were variously reported as either 2.47% or 6.60% for the same period.",Relevant,"Directly gives both conflicting gross NPA values (2.47% and 6.60%) reported for Suryoday SFB, matching the query."
943,What conflicting rating outlooks are reported for Utkarsh Small Finance Bank between ICRA and CARE?,"1. **Starting and Ending Entity:** The starting entity is **Utkarsh Small Finance Bank**, and the ending entities are its various business dependencies, regulatory bodies, and credit rating assessments (such as CARE and ICRA).

2. **Business/Financial Summary:** Utkarsh Small Finance Bank holds a small-finance-bank license and operates under the regulatory oversight of the RBI and SEBI, while depending heavily on the health of the microfinance sector—particularly in regions like Bihar and Uttar Pradesh. The bank faces certain financial and operational risks, including credit risk from elevated gross and net NPAs, concentration and governance risks from promoter dilution, and regulatory risks linked to its negative rating outlook. 

3. **Numerical Facts:** The provided data mentions divergent credit ratings for the bank, specifically an ""A- Stable"" rating assignment by CARE and a ""Negative"" rating outlook by ICRA.",Relevant,"Directly gives the conflicting CARE ('A- Stable') and ICRA ('Negative') outlooks for Utkarsh SFB, matching the query."
944,"Which banking segments defined in the underlying ontology (Payments Banks, Foreign Banks) have no listed member companies in this dataset, and why?","1. **Starting Entity:** Payments Bank; **Ending Entity:** Payments Bank.
2. The knowledge graph indicates that the banking segment name associated with Payments Bank is simply Payments Bank. 
3. No numerical facts are present in this relationship path.",Not relevant,Summary is a tautological statement about the 'Payments Bank' segment name and does not explain the lack of listed members.
945,"Is Fino Payments Bank included in this dataset's researched company set, and what is its listing status?","1. **Starting Entity:** Fino Payments Bank Limited | **Ending Entity:** Payments Bank (India / Listed)

2. **Explanation:** Fino Payments Bank Limited operates as an officially licensed payments bank in India and is also a publicly listed entity. 

3. **Numerical Facts:** None provided in the knowledge graph path.",Relevant,"Directly confirms Fino Payments Bank's inclusion and its listed/licensed payments-bank status, matching the query."
946,"What two regulators are common to every bank in this dataset, and what does each one govern?",,Not relevant,Pipeline error: no_entities_resolved — there is no assistant output to address the user's request.
947,What five credit rating agencies (or agency groups) are referenced throughout this dataset?,,Not relevant,Pipeline error: no_entities_resolved — there is no assistant output to address the user's request.
948,"Does this dataset contain any investment recommendations such as buy, sell, hold or a target price?",,Not relevant,Pipeline error: no_entities_resolved — there is no assistant output to address the user's request.
949,"How many total listed Indian banks does this dataset cover, and how are they split by segment?","1. **Starting Entity and Ending Entity:** The starting entity is **Indian Bank**, and the ending entities are its **61 related knowledge graph facts** spanning its financial performance, branch network, risk profile, and ownership.

2. **Simple Business/Financial Language:** Indian Bank is a major public sector bank backed strongly by the Government of India (holding a 73.84% stake) that operates an extensive network of 6,001 branches and 5,657 ATMs and cash-recycling machines. The bank maintains a robust financial profile with strong asset quality—notably a gross NPA of 1.86%, a net NPA of 0.15%, and a high provision coverage ratio of 98.22%—while driving growth through its retail, agriculture, and MSME (RAM) lending focus and digital channels.

3. **Important Numerical Facts:** Indian Bank reported a total quarterly income of ₹20,723.62 crore (with interest income making up ₹18,090.16 crore, or roughly 87%), a capital adequacy ratio of 17.58%, a CET1 ratio of 16.51%, and processes approximately 95% of its transactions digitally.",Not relevant,Summary gives Indian Bank's fact count and profile rather than the total number of listed banks and their segment split.
950,As of what date is the scope of this dataset defined?,,Not relevant,Pipeline error: no_entities_resolved — there is no assistant output to address the user's request.
951,What is the difference in how this dataset presents facts compared to the original structured entity/relationship version it was derived from?,,Not relevant,Pipeline error: no_entities_resolved — there is no assistant output to address the user's request.
952,"For a bank where a specific figure is marked 'not found,' what should be assumed about that figure?",,Not relevant,Pipeline error: no_entities_resolved — there is no assistant output to address the user's request.
953,Which banks have a note about board leadership (Chairman or MD & CEO) marked as unconfirmed in this dataset?,,Not relevant,Pipeline error: no_entities_resolved — there is no assistant output to address the user's request.
954,What is the single primary source cited for State Bank of India's most recent financial metrics in this dataset?,"Based on the provided knowledge graph path, the starting entity is **State Bank of India** and the ending entity is its **domestic loan book**. During the June 2026 quarter, the bank expanded this loan book to ₹42.76 trillion, representing an 18.15% year-on-year increase.",Not relevant,Summary gives SBI's loan-book figure but never identifies the primary source cited for the metrics.
955,What is the single primary source cited for Bank of Baroda's most recent financial metrics in this dataset?,"Based on the provided knowledge graph path, the starting entity is **Bank of Baroda** and the ending entity is **wealth management services**. In simple financial terms, Bank of Baroda offers wealth management services to its clients. There are no specific numerical facts included in this relationship path.",Not relevant,"Summary mentions Bank of Baroda's wealth-management service, unrelated to any cited data source."
956,What is the single primary source cited for Punjab National Bank's most recent financial metrics in this dataset?,"Based on the provided knowledge graph path, the starting entity is **Punjab National Bank**, and the ending entity is an **operational universal bank** classification. In simple business terms, this establishes that Punjab National Bank operates as a universal bank offering a comprehensive range of financial services. No additional numerical facts were present in the provided path.",Not relevant,"Summary states PNB's business classification, unrelated to any cited data source."
957,What is the single primary source cited for Canara Bank's most recent financial metrics in this dataset?,"Based on the provided knowledge graph path, the starting entity is Canara Bank and the ending entity is agricultural credit expansion. Canara Bank's future growth is expected to be driven primarily by the continued expansion of its agricultural credit. No specific numerical facts were provided in the path.",Not relevant,"Summary names a growth driver for Canara Bank, unrelated to any cited data source."
958,What is the single primary source cited for Union Bank of India's most recent financial metrics in this dataset?,"1. **Starting Entity:** The Government of India  
   **Ending Entity:** Union Bank of India

2. **Path Summary:** The Government of India holds the maximum ownership stake in Union Bank of India compared to any other related entity, reflecting significant state backing and control.

3. **Numerical Facts:** The Government of India owns roughly 74.76% of Union Bank of India.",Not relevant,"Summary gives the government's ownership stake in Union Bank of India, unrelated to any cited data source."
959,What is the single primary source cited for Bank of India's most recent financial metrics in this dataset?,"**Starting Entity:** Bank of India  
**Ending Entity:** Net Interest Income (₹6,833 crore)  

Bank of India experienced a 12.61% growth in its net interest income, successfully reaching ₹6,833 crore. This financial metric highlights the bank's strong top-line revenue growth from its core lending operations.",Not relevant,Summary states an unrelated knowledge-graph fact instead of naming any primary source or citation for the bank's financial metrics.
960,What is the single primary source cited for Indian Bank's most recent financial metrics in this dataset?,"**Starting Entity:** Indian Bank  
**Ending Entity:** Total Income (₹20,723.62 crore)  

For the reported quarter, Indian Bank generated a total income of ₹20,723.62 crore, representing the maximum related income value for the institution in this dataset.",Not relevant,Summary states an unrelated knowledge-graph fact instead of naming any primary source or citation for the bank's financial metrics.
961,What is the single primary source cited for Central Bank of India's most recent financial metrics in this dataset?,"Based on the provided knowledge graph path, the starting entity is the **Central Bank of India**, and the ending entity is the **MSME customer segment**. The path indicates that the Central Bank of India heavily targets MSMEs as a primary part of its business strategy. No additional numerical facts were provided in the path.",Not relevant,Summary states an unrelated knowledge-graph fact instead of naming any primary source or citation for the bank's financial metrics.
962,What is the single primary source cited for Indian Overseas Bank's most recent financial metrics in this dataset?,"**Path Summary:**

1. **Entities:** The starting entity is Indian Overseas Bank, and the ending entity is Trade Finance services.
2. **Business Explanation:** Indian Overseas Bank actively offers Trade Finance services as part of its commercial banking operations. 
3. **Numerical Facts:** No numerical facts are present in this relationship path.",Not relevant,Summary states an unrelated knowledge-graph fact instead of naming any primary source or citation for the bank's financial metrics.
963,What is the single primary source cited for UCO Bank's most recent financial metrics in this dataset?,"1. **Starting and Ending Entities:** The starting entity is the Government of India, and the ending entity is UCO Bank.

2. **Business/Financial Summary:** The path highlights a majority government ownership stake in the banking sector. Specifically, the Government of India held a substantial controlling interest in UCO Bank as of the December 2025 quarter.

3. **Numerical Facts:** The Government of India held a 90.95% ownership stake in UCO Bank as of the December 2025 quarter.",Not relevant,Summary states an unrelated knowledge-graph fact instead of naming any primary source or citation for the bank's financial metrics.
964,What is the single primary source cited for Bank of Maharashtra's most recent financial metrics in this dataset?,"The knowledge graph path identifies the Government of India as the starting entity and Bank of Maharashtra as the ending entity. As of March 2025, the Government of India held the maximum ownership stake in the bank at 79.60%. This relationship highlights the high degree of state ownership and control over the financial institution.",Not relevant,Summary states an unrelated knowledge-graph fact instead of naming any primary source or citation for the bank's financial metrics.
965,What is the single primary source cited for Punjab & Sind Bank's most recent financial metrics in this dataset?,"Based on the knowledge graph path, the starting entity is Punjab & Sind Bank and the ending entity is The Government of India. The Government of India maintains a major ownership stake of 93.85% in Punjab & Sind Bank.",Not relevant,Summary states an unrelated knowledge-graph fact instead of naming any primary source or citation for the bank's financial metrics.
966,What is the single primary source cited for HDFC Bank's most recent financial metrics in this dataset?,"1. **Starting Entity:** Foreign Institutional Investors (FIIs); **Ending Entity:** HDFC Bank.
2. FIIs hold the maximum related equity stake in HDFC Bank, reflecting significant institutional investment in the institution. 
3. As of September 2026, Foreign Institutional Investors hold a 41.82% stake in HDFC Bank.",Not relevant,Summary states an unrelated knowledge-graph fact instead of naming any primary source or citation for the bank's financial metrics.
967,What is the single primary source cited for ICICI Bank's most recent financial metrics in this dataset?,"Based on the provided knowledge graph path, the starting entity is ICICI Bank, and the ending entity is its provision coverage ratio. ICICI Bank reported a provision coverage ratio of 74.7%, representing the maximum related value for this metric among the queried data.",Not relevant,Summary states an unrelated knowledge-graph fact instead of naming any primary source or citation for the bank's financial metrics.
968,What is the single primary source cited for Axis Bank's most recent financial metrics in this dataset?,"**Starting Entity:** Axis Bank Limited  
**Ending Entity:** 13,72,936 crore (Total Deposits)

**Summary:** 
The knowledge graph path identifies Axis Bank Limited as the subject and its total deposits as the maximum related financial value. Specifically, Axis Bank Limited reported a massive total deposit amount of 13,72,936 crore.",Not relevant,Summary states an unrelated knowledge-graph fact instead of naming any primary source or citation for the bank's financial metrics.
969,What is the single primary source cited for Kotak Mahindra Bank's most recent financial metrics in this dataset?,"Based on the provided knowledge graph path, the starting entity is Foreign Institutional Investors (FIIs) and the ending entity is Kotak Mahindra Bank Limited. FIIs held a significant ownership stake of 25.21% in Kotak Mahindra Bank Limited as of September 2026.",Not relevant,Summary states an unrelated knowledge-graph fact instead of naming any primary source or citation for the bank's financial metrics.
970,What is the single primary source cited for IndusInd Bank's most recent financial metrics in this dataset?,"Based on the provided knowledge graph path, the starting entity is **IndusInd Bank Limited**, and the ending entity is its **vehicle finance** business segment. The path highlights that IndusInd Bank Limited has historically maintained a strong market presence in the vehicle finance sector. No specific numerical facts were provided in the graph data.",Not relevant,Summary states an unrelated knowledge-graph fact instead of naming any primary source or citation for the bank's financial metrics.
971,What is the single primary source cited for Yes Bank's most recent financial metrics in this dataset?,"**Starting Entity:** YES BANK LIMITED  
**Ending Entity:** Q1 FY27 CASA ratio of 32.70%  

YES BANK LIMITED reported a Current Account Savings Account (CASA) ratio of 32.70% for the first quarter of fiscal year 2027. This metric represents the bank's maximum related CASA ratio value in the dataset for the specified period.",Not relevant,Summary states an unrelated knowledge-graph fact instead of naming any primary source or citation for the bank's financial metrics.
972,What is the single primary source cited for IDFC First Bank's most recent financial metrics in this dataset?,"1. **Starting and Ending Entity:** The starting entity is IDFC First Bank, and the ending entity is its quarterly profit after tax of 1,075 crore rupees.

2. **Business/Financial Explanation:** IDFC First Bank achieved a record financial milestone by posting its highest-ever quarterly profit. 

3. **Numerical Facts:** This peak profit after tax reached 1,075 crore rupees specifically for the Q1 FY27 period.",Not relevant,Summary states an unrelated knowledge-graph fact instead of naming any primary source or citation for the bank's financial metrics.
973,What is the single primary source cited for Federal Bank's most recent financial metrics in this dataset?,"**Starting Entity:** The Federal Bank Limited  
**Ending Entity:** Net Interest Income of 2,946 crore rupees in Q1 FY27  

**Summary:**  
The Federal Bank Limited achieved a maximum net interest income of 2,946 crore rupees. This financial milestone was recorded specifically during the first quarter of fiscal year 2027 (Q1 FY27).",Not relevant,Summary states an unrelated knowledge-graph fact instead of naming any primary source or citation for the bank's financial metrics.
974,What is the single primary source cited for RBL Bank's most recent financial metrics in this dataset?,"Based on the provided knowledge graph path, the starting entity is **RBL Bank** and the ending entity is **credit cards** (within its digital payments business). RBL Bank offers credit cards as an integral component of its digital payments operations. This relationship highlights a key product offering driving the bank's digital payment segment.",Not relevant,Summary states an unrelated knowledge-graph fact instead of naming any primary source or citation for the bank's financial metrics.
975,What is the single primary source cited for South Indian Bank's most recent financial metrics in this dataset?,"**Starting Entity:** South Indian Bank  
**Ending Entity:** Kerala-based NRI franchise  

**Summary:**  
South Indian Bank serves a strong NRI franchise that is particularly concentrated in Kerala. This relationship highlights the bank's specialized regional market penetration and customer base.",Not relevant,Summary states an unrelated knowledge-graph fact instead of naming any primary source or citation for the bank's financial metrics.
976,What is the single primary source cited for Karur Vysya Bank's most recent financial metrics in this dataset?,"Based on the provided knowledge graph path, the starting entity is Karur Vysya Bank and the ending entity is Karur. In simple financial terms, this path identifies the primary geographic location of the institution's headquarters. Specifically, Karur Vysya Bank is headquartered in the city of Karur.",Not relevant,Summary states an unrelated knowledge-graph fact instead of naming any primary source or citation for the bank's financial metrics.
977,What is the single primary source cited for City Union Bank's most recent financial metrics in this dataset?,"**Starting Entity:** City Union Bank  
**Ending Entity:** ₹793,423 million (Q1 FY27 total deposits)  

City Union Bank reported total deposits of ₹793,423 million for Q1 FY27, representing a significant year-on-year growth of 21%. This represents the maximum total deposits recorded for the bank within the specified period.",Not relevant,Summary states an unrelated knowledge-graph fact instead of naming any primary source or citation for the bank's financial metrics.
978,What is the single primary source cited for DCB Bank's most recent financial metrics in this dataset?,"**Starting Entity:** DCB Bank Limited  
**Ending Entity:** ₹88,752 crore (Total Assets)  

**Summary:**  
The knowledge graph path identifies DCB Bank Limited and highlights its financial scale through its total assets. Specifically, DCB Bank Limited holds a total asset value of roughly ₹88,752 crore.",Not relevant,Summary states an unrelated knowledge-graph fact instead of naming any primary source or citation for the bank's financial metrics.
979,What is the single primary source cited for Karnataka Bank's most recent financial metrics in this dataset?,"Based on the provided knowledge graph path, the starting entity is Canara Bank and the ending entity is Karnataka. The path indicates that Canara Bank is headquartered in the state of Karnataka. No numerical facts were present in the given data.",Not relevant,Summary states an unrelated knowledge-graph fact instead of naming any primary source or citation for the bank's financial metrics.
980,What is the single primary source cited for Tamilnad Mercantile Bank's most recent financial metrics in this dataset?,"Based on the provided knowledge graph path, the starting entity is Tamilnad Mercantile Bank, and the ending entity is its fixed deposits product. In simple terms, the bank offers fixed deposit accounts to its customers as part of its financial services. This path reflects a direct product-offering relationship between the institution and its investment vehicle.",Not relevant,Summary states an unrelated knowledge-graph fact instead of naming any primary source or citation for the bank's financial metrics.
981,What is the single primary source cited for CSB Bank's most recent financial metrics in this dataset?,"Based on the knowledge graph path, the starting entity is **FIH Mauritius** and the ending entity is **CSB Bank**. FIH Mauritius held a significant ownership stake in CSB Bank, specifically representing a **40.00%** share.",Not relevant,Summary states an unrelated knowledge-graph fact instead of naming any primary source or citation for the bank's financial metrics.
982,What is the single primary source cited for Bandhan Bank's most recent financial metrics in this dataset?,"Based on the provided knowledge graph path, the starting entity is **Bandhan Bank** and the ending entity is its **net profit for Q1 FY27**. During this quarter, the bank achieved a net profit of ₹502 crore, representing a 35% increase compared to the same period in the previous year.",Not relevant,Summary states an unrelated knowledge-graph fact instead of naming any primary source or citation for the bank's financial metrics.
983,What is the single primary source cited for Jammu & Kashmir Bank's most recent financial metrics in this dataset?,"Based on the provided knowledge graph path, the starting entity is **The Jammu & Kashmir Bank Limited** and the ending entity is its **provision coverage ratio**. Specifically, the bank achieved a maximum or notable provision coverage ratio of **90.53%**. In financial terms, this high ratio indicates that the bank has set aside a robust amount of reserves to cover potential non-performing loans, reflecting a strong risk-management posture.",Not relevant,Summary states an unrelated knowledge-graph fact instead of naming any primary source or citation for the bank's financial metrics.
984,What is the single primary source cited for Dhanlaxmi Bank's most recent financial metrics in this dataset?,"Based on the provided knowledge graph path, the starting entity is **Dhanlaxmi Bank Limited** and the ending entity is its **branches** (quantified as the maximum related value of 264). Dhanlaxmi Bank Limited operates a total network of 264 branches.",Not relevant,Summary states an unrelated knowledge-graph fact instead of naming any primary source or citation for the bank's financial metrics.
985,What is the single primary source cited for IDBI Bank's most recent financial metrics in this dataset?,"Based on the provided knowledge graph path, the starting entity is **IDBI Bank Limited** and the ending entity is **Treasury Business Services**. In simple financial terms, the path indicates that IDBI Bank Limited provides and engages in treasury business services as part of its operations. There are no specific numerical facts mentioned in this relationship path.",Not relevant,Summary states an unrelated knowledge-graph fact instead of naming any primary source or citation for the bank's financial metrics.
986,What is the single primary source cited for AU Small Finance Bank's most recent financial metrics in this dataset?,"**Starting Entity:** Foreign portfolio investors  
**Ending Entity:** AU Small Finance Bank Limited  

As of June 2025, foreign portfolio investors held the maximum overall stake among related entities in AU Small Finance Bank Limited. Specifically, their holdings accounted for roughly 37.68% of the bank.",Not relevant,Summary states an unrelated knowledge-graph fact instead of naming any primary source or citation for the bank's financial metrics.
987,What is the single primary source cited for Equitas Small Finance Bank's most recent financial metrics in this dataset?,"Based on the provided knowledge graph path, the starting entity is Equitas Small Finance Bank and the ending entity is a CASA ratio of 25%. In simple financial terms, the bank achieved a Current Account Savings Account (CASA) ratio of 25% for the first quarter of fiscal year 2027. This numerical fact highlights the bank's proportion of low-cost deposits during that specific period.",Not relevant,Summary states an unrelated knowledge-graph fact instead of naming any primary source or citation for the bank's financial metrics.
988,What is the single primary source cited for Ujjivan Small Finance Bank's most recent financial metrics in this dataset?,"**Starting Entity:** Ujjivan Small Finance Bank  
**Ending Entity:** ₹1,186 crore (Net Interest Income)  

**Summary:**  
Ujjivan Small Finance Bank generated a Net Interest Income of ₹1,186 crore for the quarter. This relationship path identifies the bank as the reporting entity and highlights its quarterly core earnings performance based on the maximum related financial value query.",Not relevant,Summary states an unrelated knowledge-graph fact instead of naming any primary source or citation for the bank's financial metrics.
989,What is the single primary source cited for ESAF Small Finance Bank's most recent financial metrics in this dataset?,"Based on the provided knowledge graph path, the starting entity is **ESAF Small Finance Bank**, which expects growth driven by its strategic diversification into the **MSME (Micro, Small, and Medium Enterprises) segment**. This business expansion is anticipated to be a key catalyst for the bank's future financial performance. No specific numerical facts were provided in the path.",Not relevant,Summary states an unrelated knowledge-graph fact instead of naming any primary source or citation for the bank's financial metrics.
990,What is the single primary source cited for Utkarsh Small Finance Bank's most recent financial metrics in this dataset?,"**Starting Entity:** Utkarsh Small Finance Bank  
**Ending Entity:** Credit Risk (driven by elevated gross and net Non-Performing Assets)  

**Summary:**  
Utkarsh Small Finance Bank faces significant credit risk within its financial portfolio. This risk primarily stems from the bank's still-elevated levels of both gross and net Non-Performing Assets (NPAs).",Not relevant,Summary states an unrelated knowledge-graph fact instead of naming any primary source or citation for the bank's financial metrics.
991,What is the single primary source cited for Suryoday Small Finance Bank's most recent financial metrics in this dataset?,"1. **Starting Entity:** Suryoday Small Finance Bank | **Ending Entity:** Net Interest Income (₹622.36 crore)

2. In Q1 FY27, Suryoday Small Finance Bank achieved an annualized-equivalent net interest income of ₹622.36 crore. 

3. This financial metric represents a significant year-over-year growth of 25.69%.",Not relevant,Summary states an unrelated knowledge-graph fact instead of naming any primary source or citation for the bank's financial metrics.
992,What is the single primary source cited for Jana Small Finance Bank's most recent financial metrics in this dataset?,"Based on the provided knowledge graph path, the starting entity is Jana Small Finance Bank Limited, and the ending entity is its profit after tax. Jana Small Finance Bank Limited reported a profit after tax of ₹155.23 crore. This financial metric represents a significant year-on-year growth of 52.29%.",Not relevant,Summary states an unrelated knowledge-graph fact instead of naming any primary source or citation for the bank's financial metrics.
993,"What customer segment does State Bank of India appear to prioritize most, based on its product mix and distribution network?","1. **Starting Entity:** State Bank of India | **Ending Entity:** Credit cards  

2. State Bank of India offers credit cards as part of its retail product lineup to serve its customers.  

3. No numerical facts were present in the provided path.",Somewhat relevant,Names a single product (credit cards) implying a retail segment but does not analyze the broader product mix or distribution network to justify 'most prioritized'.
994,"What customer segment does Bank of Baroda appear to prioritize most, based on its product mix and distribution network?",,Not relevant,No summary/answer was produced by the pipeline — there is no assistant output to address the user's request.
995,"What customer segment does Punjab National Bank appear to prioritize most, based on its product mix and distribution network?",,Not relevant,No summary/answer was produced by the pipeline — there is no assistant output to address the user's request.
996,"What customer segment does Canara Bank appear to prioritize most, based on its product mix and distribution network?",,Not relevant,No summary/answer was produced by the pipeline — there is no assistant output to address the user's request.
997,"What customer segment does Union Bank of India appear to prioritize most, based on its product mix and distribution network?",,Not relevant,No summary/answer was produced by the pipeline — there is no assistant output to address the user's request.
998,"What customer segment does Bank of India appear to prioritize most, based on its product mix and distribution network?",,Not relevant,No summary/answer was produced by the pipeline — there is no assistant output to address the user's request.
999,"What customer segment does Indian Bank appear to prioritize most, based on its product mix and distribution network?",,Not relevant,No summary/answer was produced by the pipeline — there is no assistant output to address the user's request.
1000,"What customer segment does Central Bank of India appear to prioritize most, based on its product mix and distribution network?",,Not relevant,No summary/answer was produced by the pipeline — there is no assistant output to address the user's request.
1001,"What customer segment does Indian Overseas Bank appear to prioritize most, based on its product mix and distribution network?",,Not relevant,No summary/answer was produced by the pipeline — there is no assistant output to address the user's request.
1002,"What customer segment does UCO Bank appear to prioritize most, based on its product mix and distribution network?",,Not relevant,No summary/answer was produced by the pipeline — there is no assistant output to address the user's request.
1003,"What customer segment does Bank of Maharashtra appear to prioritize most, based on its product mix and distribution network?",,Not relevant,No summary/answer was produced by the pipeline — there is no assistant output to address the user's request.
1004,"What customer segment does Punjab & Sind Bank appear to prioritize most, based on its product mix and distribution network?",,Not relevant,No summary/answer was produced by the pipeline — there is no assistant output to address the user's request.
1005,"What customer segment does HDFC Bank appear to prioritize most, based on its product mix and distribution network?","**Starting Entity:** HDFC Bank  
**Ending Entity:** Home loans  

**Summary:**  
HDFC Bank provides financial products, specifically offering home loans as part of its core banking services. This relationship highlights the bank's active participation in the residential mortgage market.",Somewhat relevant,"Names home loans, implying a retail/mortgage segment, but does not analyze the full product mix or distribution network."
1006,"What customer segment does ICICI Bank appear to prioritize most, based on its product mix and distribution network?","Based on the provided knowledge graph path, the starting entity is **ICICI Bank** and the ending entity is its **home loans** (customers). In simple financial terms, ICICI Bank provides mortgage and housing finance products to its retail customers. No specific numerical facts or figures were provided in the path.",Somewhat relevant,"Names home loans, implying a retail/mortgage segment, but does not analyze the full product mix or distribution network."
1007,"What customer segment does Axis Bank appear to prioritize most, based on its product mix and distribution network?","Based on the provided knowledge graph path, the starting entity is **Axis Bank Limited** and the ending entity is its **Burgundy** brand. Axis Bank Limited offers wealth management services through this specific brand.",Relevant,"Identifies the Burgundy brand, directly pointing to the HNI/wealth-management segment the bank prioritizes."
1008,"What customer segment does Kotak Mahindra Bank appear to prioritize most, based on its product mix and distribution network?","Based on the provided knowledge graph path, the starting entity is **Kotak Mahindra Bank** and the ending entity is the **'811' digital banking platform**. In simple business terms, Kotak Mahindra Bank provides and operates the '811' digital banking service. This relationship highlights the bank's core digital offering within the financial ecosystem.",Somewhat relevant,"Names the '811' digital platform, implying a digital-first mass segment, but doesn't tie this to a broader product/distribution analysis."
1009,"What customer segment does IndusInd Bank appear to prioritize most, based on its product mix and distribution network?","Based on the provided knowledge graph path, the starting entity is **IndusInd Bank Limited** and the ending entity is the **""Indie"" digital banking app**. In simple business terms, IndusInd Bank Limited developed and offers the ""Indie"" digital banking application to its customers.",Somewhat relevant,"Names the 'Indie' app, implying a digital-first segment, but doesn't tie this to a broader product/distribution analysis."
1010,"What customer segment does Yes Bank appear to prioritize most, based on its product mix and distribution network?",,Not relevant,No summary/answer was produced by the pipeline — there is no assistant output to address the user's request.
1011,"What customer segment does IDFC First Bank appear to prioritize most, based on its product mix and distribution network?",,Not relevant,No summary/answer was produced by the pipeline — there is no assistant output to address the user's request.
1012,"What customer segment does Federal Bank appear to prioritize most, based on its product mix and distribution network?",,Not relevant,No summary/answer was produced by the pipeline — there is no assistant output to address the user's request.
1013,"What customer segment does RBL Bank appear to prioritize most, based on its product mix and distribution network?","**Starting Entity:** RBL Bank  
**Ending Entity:** Credit Cards (Digital Payments Business)  

**Summary:**  
RBL Bank offers credit cards as a core component of its digital payments business. This relationship highlights a key product offering through which the bank drives its digital financial services.",Somewhat relevant,"Names credit cards within digital payments, implying a retail segment, but lacks broader product-mix/distribution reasoning."
1014,"What customer segment does South Indian Bank appear to prioritize most, based on its product mix and distribution network?",,Not relevant,No summary/answer was produced by the pipeline — there is no assistant output to address the user's request.
1015,"What customer segment does Karur Vysya Bank appear to prioritize most, based on its product mix and distribution network?",,Not relevant,No summary/answer was produced by the pipeline — there is no assistant output to address the user's request.
1016,"What customer segment does City Union Bank appear to prioritize most, based on its product mix and distribution network?",,Not relevant,No summary/answer was produced by the pipeline — there is no assistant output to address the user's request.
1017,"What customer segment does DCB Bank appear to prioritize most, based on its product mix and distribution network?",,Not relevant,No summary/answer was produced by the pipeline — there is no assistant output to address the user's request.
1018,"What customer segment does Karnataka Bank appear to prioritize most, based on its product mix and distribution network?",,Not relevant,No summary/answer was produced by the pipeline — there is no assistant output to address the user's request.
1019,"What customer segment does Tamilnad Mercantile Bank appear to prioritize most, based on its product mix and distribution network?","Based on the provided knowledge graph path, the starting entity is Tamilnad Mercantile Bank, and the ending entity is fixed deposits. The bank offers fixed deposit investment products to its customers. No specific numerical facts or figures were provided in the path.",Somewhat relevant,"Names fixed deposits, implying a conservative retail depositor segment, but lacks broader product-mix/distribution reasoning."
1020,"What customer segment does CSB Bank appear to prioritize most, based on its product mix and distribution network?","Based on the provided knowledge graph path, the starting entity is CSB Bank and the ending entity is Tier II Basel III bonds. In simple financial terms, CSB Bank is an issuer of Tier II Basel III bonds, which are regulatory capital instruments used by banks to strengthen their capital adequacy. No additional numerical facts were provided in the path.",Not relevant,"Cites Tier II Basel III bonds (an investor/capital instrument), which is not a customer segment and doesn't answer the question."
1021,"What customer segment does Bandhan Bank appear to prioritize most, based on its product mix and distribution network?",,Not relevant,No summary/answer was produced by the pipeline — there is no assistant output to address the user's request.
1022,"What customer segment does Jammu & Kashmir Bank appear to prioritize most, based on its product mix and distribution network?",,Not relevant,No summary/answer was produced by the pipeline — there is no assistant output to address the user's request.
1023,"What customer segment does Dhanlaxmi Bank appear to prioritize most, based on its product mix and distribution network?",,Not relevant,No summary/answer was produced by the pipeline — there is no assistant output to address the user's request.
1024,"What customer segment does IDBI Bank appear to prioritize most, based on its product mix and distribution network?",,Not relevant,No summary/answer was produced by the pipeline — there is no assistant output to address the user's request.
1025,"What customer segment does AU Small Finance Bank appear to prioritize most, based on its product mix and distribution network?",,Not relevant,No summary/answer was produced by the pipeline — there is no assistant output to address the user's request.
1026,"What customer segment does Equitas Small Finance Bank appear to prioritize most, based on its product mix and distribution network?","Based on the provided knowledge graph path, the starting entity is **Equitas Small Finance Bank** and the ending entity is **microfinance**. In simple business terms, the path shows that Equitas Small Finance Bank offers microfinance as part of its financial services. There are no specific numerical facts included in this relationship path.",Relevant,"Directly names microfinance as the prioritized customer segment, which answers the question."
1027,"What customer segment does Ujjivan Small Finance Bank appear to prioritize most, based on its product mix and distribution network?",,Not relevant,No summary/answer was produced by the pipeline — there is no assistant output to address the user's request.
1028,"What customer segment does ESAF Small Finance Bank appear to prioritize most, based on its product mix and distribution network?",,Not relevant,No summary/answer was produced by the pipeline — there is no assistant output to address the user's request.
1029,"What customer segment does Utkarsh Small Finance Bank appear to prioritize most, based on its product mix and distribution network?",,Not relevant,No summary/answer was produced by the pipeline — there is no assistant output to address the user's request.
1030,"What customer segment does Suryoday Small Finance Bank appear to prioritize most, based on its product mix and distribution network?",,Not relevant,No summary/answer was produced by the pipeline — there is no assistant output to address the user's request.
1031,"What customer segment does Jana Small Finance Bank appear to prioritize most, based on its product mix and distribution network?",,Not relevant,No summary/answer was produced by the pipeline — there is no assistant output to address the user's request.
1032,"What is State Bank of India's cost-to-income ratio, and how does it compare with the average for its segment?","**Starting Entity:** State Bank of India  
**Ending Entity:** cost-to-income ratio  

In the June 2026 quarter, State Bank of India maintained a cost-to-income ratio of 46.71%. This metric reflects the bank's operational efficiency by measuring its costs as a percentage of its income during that period.",Somewhat relevant,States the bank's own cost-to-income ratio but omits any comparison to a segment/peer average as the query asked.
1033,"What is Bank of Baroda's cost-to-income ratio, and how does it compare with the average for its segment?","Based on the provided knowledge graph path, the starting entity is **Bank of Baroda** and the ending entity is the **cost-to-income ratio** (specifically illustrated through peer data). In simple business terms, the graph connects Bank of Baroda to operational efficiency metrics by highlighting industry context, noting that State Bank of India maintained a cost-to-income ratio of **46.71%** in the June 2026 quarter.",Not relevant,"Never states the bank's own cost-to-income ratio (gives an unrelated fact, a wrong entity's figure, or no numeric data at all), so the primary question is unanswered."
1034,"What is Punjab National Bank's cost-to-income ratio, and how does it compare with the average for its segment?","Based on the provided knowledge graph path, the starting entity is Punjab National Bank and the ending entity is the cost-to-income ratio. The path indicates that Life Insurance Corporation (LIC) holds an unspecified ownership stake in Punjab National Bank, though the connection to its cost-to-income ratio is not detailed in the available facts.",Not relevant,"Never states the bank's own cost-to-income ratio (gives an unrelated fact, a wrong entity's figure, or no numeric data at all), so the primary question is unanswered."
1035,"What is Canara Bank's cost-to-income ratio, and how does it compare with the average for its segment?","Based on the knowledge graph path, the starting entity is **Canara Bank** and the ending entity is the **cost-to-income ratio**. Canara Bank has a reported cost-to-income ratio of 49.03% for the first quarter of fiscal year 2027 (Q1 FY27).",Somewhat relevant,States the bank's own cost-to-income ratio but omits any comparison to a segment/peer average as the query asked.
1036,"What is Union Bank of India's cost-to-income ratio, and how does it compare with the average for its segment?","Based on the provided knowledge graph path, the starting entity is **Union Bank of India** and the ending entity is its **cost-to-income ratio**. This multi-hop relationship demonstrates that Union Bank of India has a higher degree of connectivity within the network compared to the cost-to-income ratio. No specific numerical facts or additional financial metrics were provided in the path data.",Not relevant,"Never states the bank's own cost-to-income ratio (gives an unrelated fact, a wrong entity's figure, or no numeric data at all), so the primary question is unanswered."
1037,"What is Bank of India's cost-to-income ratio, and how does it compare with the average for its segment?","The knowledge graph path connects the starting entity, **Bank of India**, to the ending entity, **cost-to-income ratio**, through a single relationship hop. Specifically, Bank of India reported a cost-to-income ratio of 46.3% in Q1 FY27.",Somewhat relevant,States the bank's own cost-to-income ratio but omits any comparison to a segment/peer average as the query asked.
1038,"What is Indian Bank's cost-to-income ratio, and how does it compare with the average for its segment?","Based on the provided knowledge graph path, the analysis is as follows:

1. **Entities:** The starting entity is **Indian Bank**, and the ending entity is **cost-to-income ratio**.
2. **Business Explanation:** The path examines the operational efficiency of Indian Bank by analyzing its cost-to-income ratio through a multi-step relationship. 
3. **Numerical Facts:** No numerical facts or specific financial values are provided in the path.",Not relevant,"Never states the bank's own cost-to-income ratio (gives an unrelated fact, a wrong entity's figure, or no numeric data at all), so the primary question is unanswered."
1039,"What is Central Bank of India's cost-to-income ratio, and how does it compare with the average for its segment?","Based on the provided knowledge graph path, the starting entity is the **Central Bank of India** and the ending entity is the **cost-to-income ratio**. In simple financial terms, this path highlights that the bank's cost efficiency remains strained, with its Q1 FY27 cost-to-income ratio standing at an elevated 55.40%.",Somewhat relevant,States the bank's own cost-to-income ratio but omits any comparison to a segment/peer average as the query asked.
1040,"What is Indian Overseas Bank's cost-to-income ratio, and how does it compare with the average for its segment?","1. **Starting Entity:** Indian Overseas Bank | **Ending Entity:** cost-to-income ratio

2. **Path Summary:** Indian Overseas Bank experienced a sharp rise in its cost-to-income ratio year-on-year, indicating an increase in operational expenses relative to its income.

3. **Numerical Facts:** The bank's cost-to-income ratio jumped from 44.22% to 53.95%.",Somewhat relevant,States the bank's own cost-to-income ratio but omits any comparison to a segment/peer average as the query asked.
1041,"What is UCO Bank's cost-to-income ratio, and how does it compare with the average for its segment?","Based on the provided knowledge graph path, the starting entity is **UCO Bank** and the ending entity is **cost-to-income ratio**. This multi-hop comparison shows that UCO Bank has a more extensive connection path (2 hops) within the graph compared to the cost-to-income ratio. In financial terms, this indicates a broader analytical relationship connecting UCO Bank to multiple underlying factors that influence its operational efficiency. No specific numerical facts or figures were provided in this path.",Not relevant,"Never states the bank's own cost-to-income ratio (gives an unrelated fact, a wrong entity's figure, or no numeric data at all), so the primary question is unanswered."
1042,"What is Bank of Maharashtra's cost-to-income ratio, and how does it compare with the average for its segment?","Based on the provided knowledge graph path, the starting entity is **Bank of Maharashtra** and the ending entity is the **cost-to-income ratio**. In financial terms, this path evaluates the operational efficiency of the bank by examining its cost structure relative to its income. The graph comparison indicates that Bank of Maharashtra has a longer multi-hop connection (2 hops) regarding this metric compared to the reference entity, though no specific numerical values or facts are provided in the current data.",Not relevant,"Never states the bank's own cost-to-income ratio (gives an unrelated fact, a wrong entity's figure, or no numeric data at all), so the primary question is unanswered."
1043,"What is Punjab & Sind Bank's cost-to-income ratio, and how does it compare with the average for its segment?","The starting entity is **Punjab & Sind Bank** and the ending entity is the **cost-to-income ratio** through a three-step relationship path. Punjab & Sind Bank serves the MSME customer segment, a demographic also served extensively by the State Bank of India. In turn, the State Bank of India maintained a cost-to-income ratio of **46.71%** in the June 2026 quarter.",Not relevant,"Never states the bank's own cost-to-income ratio (gives an unrelated fact, a wrong entity's figure, or no numeric data at all), so the primary question is unanswered."
1044,"What is HDFC Bank's cost-to-income ratio, and how does it compare with the average for its segment?","The starting entity is HDFC Bank and the ending entity is its cost-to-income ratio. According to the knowledge graph, HDFC Bank recorded a cost-to-income ratio of 39.2%. This single-hop financial metric highlights the bank's operational efficiency.",Somewhat relevant,States the bank's own cost-to-income ratio but omits any comparison to a segment/peer average as the query asked.
1045,"What is ICICI Bank's cost-to-income ratio, and how does it compare with the average for its segment?","**Starting Entity:** ICICI Bank  
**Ending Entity:** cost-to-income ratio  

**Summary:**  
ICICI Bank has a direct relationship with its cost-to-income ratio, which was reported to be roughly 38.5%. This metric reflects the bank's operational efficiency by measuring its operating expenses against its operating income.",Somewhat relevant,States the bank's own cost-to-income ratio but omits any comparison to a segment/peer average as the query asked.
1046,"What is Axis Bank's cost-to-income ratio, and how does it compare with the average for its segment?","Based on the provided knowledge graph path, the starting entity is Axis Bank Limited and the ending entity is its cost-to-income ratio, connected through a two-step relationship. In simple financial terms, this path links the institution to a key metric used to evaluate its operational efficiency by comparing operating expenses against revenues. The graph data indicates no specific numerical facts were attached to this multi-hop path.",Not relevant,"Never states the bank's own cost-to-income ratio (gives an unrelated fact, a wrong entity's figure, or no numeric data at all), so the primary question is unanswered."
1047,"What is Kotak Mahindra Bank's cost-to-income ratio, and how does it compare with the average for its segment?","Based on the provided knowledge graph path, the starting entity is **Kotak Mahindra Bank Limited** and the ending entity is its **cost-to-income ratio**. The relationship path indicates that Kotak Mahindra Bank Limited has a multi-hop connection of 2 steps related to this financial metric. This path reflects the bank's operational efficiency and cost management structure in financial analysis.",Not relevant,"Never states the bank's own cost-to-income ratio (gives an unrelated fact, a wrong entity's figure, or no numeric data at all), so the primary question is unanswered."
1048,"What is IndusInd Bank's cost-to-income ratio, and how does it compare with the average for its segment?","Based on the provided knowledge graph data, the analysis indicates a comparison involving **INDUSIND BANK LIMITED** and the **cost-to-income ratio**, where the bank has a longer multi-hop relationship path consisting of 2 hops. However, the path currently contains 0 factual connections in the dataset regarding this metric. Therefore, no specific numerical facts or direct operational relationships can be derived from this path at this time.",Not relevant,"Never states the bank's own cost-to-income ratio (gives an unrelated fact, a wrong entity's figure, or no numeric data at all), so the primary question is unanswered."
1049,"What is Yes Bank's cost-to-income ratio, and how does it compare with the average for its segment?","The starting entity is YES BANK LIMITED, and the ending entity is the cost-to-income ratio. YES BANK LIMITED maintains an elevated cost-to-income ratio of 62.8%.",Somewhat relevant,States the bank's own cost-to-income ratio but omits any comparison to a segment/peer average as the query asked.
1050,"What is IDFC First Bank's cost-to-income ratio, and how does it compare with the average for its segment?",The starting entity is **IDFC FIRST BANK LIMITED** and the ending entity is **cost-to-income ratio**. IDFC First Bank reported an elevated cost-to-income ratio of 70.7 percent.,Somewhat relevant,States the bank's own cost-to-income ratio but omits any comparison to a segment/peer average as the query asked.
1051,"What is Federal Bank's cost-to-income ratio, and how does it compare with the average for its segment?","Based on the knowledge graph path, the starting entity is **The Federal Bank Limited** and the ending entity is the **cost-to-income ratio**. Specifically, The Federal Bank Limited recorded a cost-to-income ratio of 52.50 percent in Q1 FY27.",Somewhat relevant,States the bank's own cost-to-income ratio but omits any comparison to a segment/peer average as the query asked.
1052,"What is RBL Bank's cost-to-income ratio, and how does it compare with the average for its segment?","Based on the knowledge graph path, the starting entity is **RBL Bank** and the ending entity is the **cost-to-income ratio** (specifically associated with State Bank of India). The path connects RBL Bank to State Bank of India through their shared business offering of credit cards, while State Bank of India is further linked to its cost-to-income ratio of 46.71% recorded in the June 2026 quarter.",Not relevant,"Never states the bank's own cost-to-income ratio (gives an unrelated fact, a wrong entity's figure, or no numeric data at all), so the primary question is unanswered."
1053,"What is South Indian Bank's cost-to-income ratio, and how does it compare with the average for its segment?","The starting entity is South Indian Bank, and the ending entity is the cost-to-income ratio (specifically associated with the State Bank of India). In simple business terms, both South Indian Bank and State Bank of India cater to prominent Non-Resident Indian (NRI) customer bases, providing a connective bridge between their respective banking operations. Through this shared market focus, the pathway leads to the State Bank of India, which maintained a cost-to-income ratio of 46.71% in the June 2026 quarter.",Not relevant,"Never states the bank's own cost-to-income ratio (gives an unrelated fact, a wrong entity's figure, or no numeric data at all), so the primary question is unanswered."
1054,"What is Karur Vysya Bank's cost-to-income ratio, and how does it compare with the average for its segment?","Based on the provided knowledge graph path, the starting entity is **City Union Bank** (derived from the connected fact) and the ending entity is the **cost-to-income ratio**. In simple financial terms, the path highlights the operational efficiency of City Union Bank, which reported a cost-to-income ratio of 45.42%.",Not relevant,"Never states the bank's own cost-to-income ratio (gives an unrelated fact, a wrong entity's figure, or no numeric data at all), so the primary question is unanswered."
1055,"What is City Union Bank's cost-to-income ratio, and how does it compare with the average for its segment?","The starting entity is City Union Bank Limited, and the ending entity is its cost-to-income ratio. According to the knowledge graph, the bank reported a cost-to-income ratio of 45.42%. This single-hop relationship directly connects the financial institution to its operational efficiency metric.",Somewhat relevant,States the bank's own cost-to-income ratio but omits any comparison to a segment/peer average as the query asked.
1056,"What is DCB Bank's cost-to-income ratio, and how does it compare with the average for its segment?","The starting entity is DCB Bank Limited, and the ending entity is its cost-to-income ratio. According to the financial data, DCB Bank Limited reported a cost-to-income ratio of 60.92%.",Somewhat relevant,States the bank's own cost-to-income ratio but omits any comparison to a segment/peer average as the query asked.
1057,"What is Karnataka Bank's cost-to-income ratio, and how does it compare with the average for its segment?","Based on the provided knowledge graph data, the starting entity is **Karnataka** and the ending entity is the **cost-to-income ratio**, connected through a multi-hop path where Karnataka has more relationship hops than the comparison entity. In simple business terms, this path links the geographic region of Karnataka to a key banking efficiency metric, the cost-to-income ratio, requiring a two-hop traversal. The graph data does not contain any specific numerical facts or financial figures associated with this path.",Not relevant,"Never states the bank's own cost-to-income ratio (gives an unrelated fact, a wrong entity's figure, or no numeric data at all), so the primary question is unanswered."
1058,"What is Tamilnad Mercantile Bank's cost-to-income ratio, and how does it compare with the average for its segment?","The knowledge graph path connects the starting entity, **Tamilnad Mercantile Bank Limited**, to the ending entity, **cost-to-income ratio**, through comparative banking metrics. Specifically, Tamilnad Mercantile Bank Limited reported a CASA ratio of roughly 26% in Q1 FY27, while State Bank of India maintained a stronger CASA ratio of 39.24% alongside a cost-to-income ratio of 46.71% in the June 2026 quarter. These figures highlight the comparative deposit composition and operational efficiency metrics between the institutions.",Not relevant,"Never states the bank's own cost-to-income ratio (gives an unrelated fact, a wrong entity's figure, or no numeric data at all), so the primary question is unanswered."
1059,"What is CSB Bank's cost-to-income ratio, and how does it compare with the average for its segment?","The starting entity is **CSB Bank** and the ending entity is the **cost-to-income ratio** (via State Bank of India). CSB Bank recorded a CASA ratio of 19%, while State Bank of India reported a strong CASA ratio of 39.24% in the June 2026 quarter to support its operations. Consequently, State Bank of India maintained a cost-to-income ratio of 46.71% during the same June 2026 quarter.",Not relevant,"Never states the bank's own cost-to-income ratio (gives an unrelated fact, a wrong entity's figure, or no numeric data at all), so the primary question is unanswered."
1060,"What is Bandhan Bank's cost-to-income ratio, and how does it compare with the average for its segment?","The starting entity is Bandhan Bank and the ending entity is the cost-to-income ratio. Bandhan Bank serves MSME customers, linking it to State Bank of India, which similarly provides banking products to MSMEs. State Bank of India maintained a cost-to-income ratio of 46.71% in the June 2026 quarter.",Not relevant,"Never states the bank's own cost-to-income ratio (gives an unrelated fact, a wrong entity's figure, or no numeric data at all), so the primary question is unanswered."
1061,"What is Jammu & Kashmir Bank's cost-to-income ratio, and how does it compare with the average for its segment?","Based on the provided knowledge graph path, the starting entity is The Jammu & Kashmir Bank Limited and the ending entity is the cost-to-income ratio. The path demonstrates that The Jammu & Kashmir Bank Limited has a multi-hop connection involving more hops compared to the cost-to-income ratio. No specific numerical facts or additional financial metrics are provided in this path.",Not relevant,"Never states the bank's own cost-to-income ratio (gives an unrelated fact, a wrong entity's figure, or no numeric data at all), so the primary question is unanswered."
1062,"What is Dhanlaxmi Bank's cost-to-income ratio, and how does it compare with the average for its segment?","**Starting Entity:** Dhanlaxmi Bank Limited  
**Ending Entity:** cost-to-income ratio  

**Summary:**  
Federal Bank competes with Dhanlaxmi Bank Limited and serves as a comparative benchmark for operational efficiency. Specifically, The Federal Bank Limited recorded a cost-to-income ratio of 52.50 percent in Q1 FY27.",Not relevant,"Never states the bank's own cost-to-income ratio (gives an unrelated fact, a wrong entity's figure, or no numeric data at all), so the primary question is unanswered."
1063,"What is IDBI Bank's cost-to-income ratio, and how does it compare with the average for its segment?","Based on the provided knowledge graph path, the starting entity is **IDBI Bank Limited** and the ending entity is the **cost-to-income ratio**. This multi-hop relationship path indicates that IDBI Bank Limited is connected to its cost-to-income ratio through a two-hop financial relationship. In financial terms, this path links the specific banking institution to a key metric that measures its operational efficiency by comparing expenses to revenues.",Not relevant,"Never states the bank's own cost-to-income ratio (gives an unrelated fact, a wrong entity's figure, or no numeric data at all), so the primary question is unanswered."
1064,"What is AU Small Finance Bank's cost-to-income ratio, and how does it compare with the average for its segment?","Based on the knowledge graph path, the starting entity is **AU Small Finance Bank Limited** and the ending entity is the **cost-to-income ratio**. AU Small Finance Bank Limited expanded into serving MSME segments, a market also served extensively by the State Bank of India. Consequently, this leads to the State Bank of India's reported cost-to-income ratio of 46.71% for the June 2026 quarter.",Not relevant,"Never states the bank's own cost-to-income ratio (gives an unrelated fact, a wrong entity's figure, or no numeric data at all), so the primary question is unanswered."
1065,"What is Equitas Small Finance Bank's cost-to-income ratio, and how does it compare with the average for its segment?","Based on the knowledge graph path, the analysis is as follows:

1. **Entities:** The path connects **Equitas Small Finance Bank Limited** to the **cost-to-income ratio**.
2. **Business/Financial Summary:** While Equitas Small Finance Bank reported a CASA ratio of 25% for Q1 FY27, State Bank of India demonstrated a stronger CASA ratio of 39.24% in the June 2026 quarter to support its operations. Consequently, State Bank of India maintained a cost-to-income ratio of 46.71% during the same period.",Not relevant,"Never states the bank's own cost-to-income ratio (gives an unrelated fact, a wrong entity's figure, or no numeric data at all), so the primary question is unanswered."
1066,"What is Ujjivan Small Finance Bank's cost-to-income ratio, and how does it compare with the average for its segment?","Based on the knowledge graph path, the starting entity is **Ujjivan Small Finance Bank Limited** and the ending entity is the **cost-to-income ratio** (via State Bank of India). Ujjivan Small Finance Bank reported a net interest income of ₹1,186 crore for the quarter, while State Bank of India generated a higher net interest income of ₹46,992 crore (up 14.88% year-on-year) for the June 2026 quarter. Additionally, State Bank of India maintained a cost-to-income ratio of 46.71% during that same June 2026 quarter.",Not relevant,"Never states the bank's own cost-to-income ratio (gives an unrelated fact, a wrong entity's figure, or no numeric data at all), so the primary question is unanswered."
1067,"What is ESAF Small Finance Bank's cost-to-income ratio, and how does it compare with the average for its segment?","The path connects ESAF Small Finance Bank Limited to the cost-to-income ratio through the MSME banking sector. Specifically, ESAF expects growth from diversifying into MSMEs, a segment also served by the State Bank of India. State Bank of India subsequently maintained a cost-to-income ratio of 46.71% in the June 2026 quarter.",Not relevant,"Never states the bank's own cost-to-income ratio (gives an unrelated fact, a wrong entity's figure, or no numeric data at all), so the primary question is unanswered."
1068,"What is Utkarsh Small Finance Bank's cost-to-income ratio, and how does it compare with the average for its segment?","Based on the provided knowledge graph path, the starting entity is Utkarsh Small Finance Bank and the ending entity is its cost-to-income ratio. The path indicates that Utkarsh Small Finance Bank has a multi-hop connection to this specific metric through its financial operations. No specific numerical facts or figures were provided in the graph data for this relationship.",Not relevant,"Never states the bank's own cost-to-income ratio (gives an unrelated fact, a wrong entity's figure, or no numeric data at all), so the primary question is unanswered."
1069,"What is Suryoday Small Finance Bank's cost-to-income ratio, and how does it compare with the average for its segment?","Based on the knowledge graph path, the analysis is as follows:

1. **Entities:** The starting entity is Suryoday Small Finance Bank, and the ending entity is the cost-to-income ratio.
2. **Business Explanation:** The relationship path explores the connection between Suryoday Small Finance Bank and its operational efficiency, specifically measured by its cost-to-income ratio, through a multi-hop financial network. 
3. **Numerical Facts:** There are no specific numerical facts provided in this path.",Not relevant,"Never states the bank's own cost-to-income ratio (gives an unrelated fact, a wrong entity's figure, or no numeric data at all), so the primary question is unanswered."
1070,"What is Jana Small Finance Bank's cost-to-income ratio, and how does it compare with the average for its segment?","**Summary:**

1. **Entities:** The starting entity is **Jana Small Finance Bank Limited** and the ending entity is the **cost-to-income ratio**. 
2. **Relationship Path:** Although the query structure notes that Jana Small Finance Bank Limited has a multi-hop path length of 2 compared to the single metric, the provided knowledge graph data explicitly shows **0 facts** linking the two entities. 
3. **Conclusion:** Therefore, no specific operational relationship or numerical data regarding the bank's cost-to-income ratio can be established from this graph segment.",Not relevant,"Never states the bank's own cost-to-income ratio (gives an unrelated fact, a wrong entity's figure, or no numeric data at all), so the primary question is unanswered."
1071,"What is State Bank of India's provision coverage ratio, and what does that imply about its NPA cushion?","Based on the provided knowledge graph data, the starting entity is **State Bank of India (SBI)** and the ending entities are its various operational, financial, and ownership attributes. 

The graph illustrates that the Government of India is the majority owner of SBI with a 55.03% stake, supported by institutional investors like LIC (8.70%). Financially, SBI reported advances of ₹42.76 trillion, a capital adequacy ratio of 15.67%, and a CASA ratio of 39.24% in the June 2026 quarter. Operationally, the bank drives its massive scale through approximately 22,500 branches and 65,000 ATMs, utilizing core Finacle technology and its proprietary YONO platform.",Not relevant,Dumps unrelated financial/ownership/leadership facts without ever mentioning the provision coverage ratio or NPA cushion the query asked about.
1072,"What is Bank of Baroda's provision coverage ratio, and what does that imply about its NPA cushion?","1. **Starting and Ending Entities:** The starting entity is **Bank of Baroda** and the ending entities are its financial performance metrics and credit ratings evaluated by **ICRA**.

2. **Simple Business/Financial Language:** Bank of Baroda experienced notable financial shifts in Q1 FY27, marked by a 14.7% growth in domestic deposits, a declining CASA ratio leading to a greater reliance on certificates of deposit, and a temporary drop in net profit due to a one-off legal settlement. Despite this profit dip, its core capital metrics remained robust, supported by strong asset quality improvements and stable credit ratings from ICRA.

3. **Important Numerical Facts:** In Q1 FY27, Bank of Baroda's domestic deposits reached ₹13,81,535 crore (up 14.7%), while net profit fell 72% year-on-year to ₹1,278 crore. The bank's gross NPA ratio improved to 1.99%, and its standalone capital adequacy ratio stood at 16.30%. Furthermore, its green infrastructure bond programme of ₹10,000 crore received an AAA rating from ICRA.",Not relevant,Dumps unrelated financial/ownership/leadership facts without ever mentioning the provision coverage ratio or NPA cushion the query asked about.
1073,"What is Punjab National Bank's provision coverage ratio, and what does that imply about its NPA cushion?","Based on the knowledge graph path, the starting entity is **Ashok Chandra** and the ending entity is **Punjab National Bank** (along with various stakeholders and operational details). Ashok Chandra serves as the MD & CEO of Punjab National Bank, which is an operational universal bank headquartered in New Delhi and Dwarka. The bank's ownership is heavily backed by the Government of India with a 70.08% stake, while FIIs, NRIs, and OCBs jointly hold 6.59%, and mutual funds hold 6.53%.",Not relevant,Dumps unrelated financial/ownership/leadership facts without ever mentioning the provision coverage ratio or NPA cushion the query asked about.
1074,"What is Canara Bank's provision coverage ratio, and what does that imply about its NPA cushion?","**Summary:**

1. **Starting and Ending Entities:** The knowledge graph path centers on **Canara Bank** as the primary subject, linking to various operational, financial, and risk-related attributes (such as its Q1 FY27 metrics, branch network, and risk exposures). 
2. **Business/Financial Explanation:** Canara Bank is a major universal bank headquartered in Bengaluru, India, backed by a 62.93% government ownership stake and regulated by bodies like the RBI. It operates an extensive network spanning 9,861 branches and 7,907 ATMs as of June 2025, serving retail, agricultural, and MSME markets while maintaining diverse international operations and joint ventures.
3. **Numerical Facts:** Key financial highlights for Q1 FY27 include a capital adequacy ratio of 17.17%, a CET1 ratio of 12.91%, a CASA ratio of 29.70%, a return on equity (RoE) of 18.31%, and a return on assets (RoA) of 1.04%. Additionally, the bank reported strong asset quality with a gross NPA of 1.57% and a net NPA of 0.36%.",Somewhat relevant,Gives related asset-quality data (gross/net NPA) touching on NPA cushion but never states the provision coverage ratio itself.
1075,"What is Union Bank of India's provision coverage ratio, and what does that imply about its NPA cushion?","Based on the provided knowledge graph data, the starting entity is **Union Bank of India** and the connected facts describe its operational, financial, and leadership metrics. 

Union Bank of India operates a broad financial network, which included 8,621 branches and 8,910 ATMs as of March 2025, alongside international presences in cities like Dubai and Hong Kong. Financially, the bank posted a strong standalone net profit of ₹5,332 crore (up 29.5% year-on-year) with a capital adequacy ratio of 18.46% and a gross NPA of 2.65%. Leadership-wise, the bank's MD & CEO tenure transitioned from A. Manimekhalai to Asheesh Pandey in 2026.",Somewhat relevant,Gives related asset-quality data (gross/net NPA) touching on NPA cushion but never states the provision coverage ratio itself.
1076,"What is Bank of India's provision coverage ratio, and what does that imply about its NPA cushion?","1. **Starting Entity:** Bank of India; **Ending Entity:** Various financial and operational metrics (such as net profit, global advances, and deposits) for Q1 FY27.
2. In simple financial terms, the knowledge graph details the performance, branch network, and regulatory standing of the Government of India-owned Bank of India for Q1 FY27. 
3. Key numerical facts include a standalone net profit of ₹3,068 crore (up 36.23% year-on-year), global advances of ₹7.98 lakh crore, global deposits of ₹9.58 lakh crore, and a CASA ratio of 36.68%. Additionally, the bank operates 5,202 domestic branches and 8,166 domestic ATMs.",Not relevant,Dumps unrelated financial/ownership/leadership facts without ever mentioning the provision coverage ratio or NPA cushion the query asked about.
1077,"What is Indian Bank's provision coverage ratio, and what does that imply about its NPA cushion?","Based on the provided knowledge graph data, the starting entity is **Indian Bank** and the ending entities are its various operational metrics, funding sources, and ratings (such as **CRISIL**). 

Indian Bank operates as a major public sector bank—holding a 73.84% ownership stake by the Government of India—with a robust financial profile, including a capital adequacy ratio of 17.58% and a CET1 metric of 16.51%. The bank maintains strong top-tier credit ratings from CRISIL (such as AAA Stable for its Tier II bonds) and recently recorded a total income of ₹20,723.62 crore for the quarter while improving its gross NPA level to 1.86%.",Somewhat relevant,Gives related asset-quality data (gross/net NPA) touching on NPA cushion but never states the provision coverage ratio itself.
1078,"What is Central Bank of India's provision coverage ratio, and what does that imply about its NPA cushion?","1. **Starting Entity:** Central Bank of India; **Ending Entity:** Q1 FY27 financial metrics (such as CASA Ratio, Net Interest Margin, and Advances).

2. In simple business terms, the knowledge graph highlights the financial performance and operational position of the Central Bank of India for the Q1 FY27 quarter, driven by deposit mobilization and credit expansion. 

3. Key numerical facts include a robust CASA ratio of 46.61%, a Net Interest Margin of 3.06%, and Total Advances reaching ₹354,348 crore (marking 28.58% year-on-year growth).",Not relevant,Dumps unrelated financial/ownership/leadership facts without ever mentioning the provision coverage ratio or NPA cushion the query asked about.
1079,"What is Indian Overseas Bank's provision coverage ratio, and what does that imply about its NPA cushion?","Based on the provided knowledge graph data, the starting entity is **Indian Overseas Bank** and the ending entities are its various financial metrics, operational risks, and leadership details for **Q1 FY27**. 

During Q1 FY27, Indian Overseas Bank reported significant financial performance, including a net profit surge of 49.32% to ₹1,659 crore and global advances reaching ₹3.22 trillion. However, the bank also faced liquidity and funding pressures due to a rising credit-deposit ratio (climbing 630 basis points to 85.63%) and an eroding CASA deposit base.",Not relevant,Dumps unrelated financial/ownership/leadership facts without ever mentioning the provision coverage ratio or NPA cushion the query asked about.
1080,"What is UCO Bank's provision coverage ratio, and what does that imply about its NPA cushion?","1. **Starting Entity and Ending Entity:** The starting entity is **UCO Bank**, and the ending entities include its various financial metrics, ownership stakes, ratings, and operational details (such as CRISIL, CARE Ratings, and the Government of India).

2. **Business/Financial Summary:** UCO Bank is a government-backed universal bank headquartered in Kolkata, with majority ownership held by the Government of India at 90.95% as of December 2025. The bank maintains strong institutional backing and credit standing, evidenced by an A1+ short-term rating from CRISIL and an AA Stable bond rating from CARE Ratings. Financially and operationally, UCO Bank reported a net profit of ₹656 crore (up 8% year-on-year) and operates a vast network comprising 3,302 branches and 2,613 ATMs as of March 2025.",Not relevant,Dumps unrelated financial/ownership/leadership facts without ever mentioning the provision coverage ratio or NPA cushion the query asked about.
1081,"What is Bank of Maharashtra's provision coverage ratio, and what does that imply about its NPA cushion?","**1. Starting and Ending Entities:**
The starting entity is the **Government of India** and the ending entity is **Bank of Maharashtra**.

**2. Path Explanation:**
The Government of India maintains a majority ownership stake in Bank of Maharashtra, which operates as a public sector undertaking (PSU) bank. 

**3. Numerical Facts:**
As of March 2025, the Government of India owned **79.60%** of Bank of Maharashtra.",Not relevant,Dumps unrelated financial/ownership/leadership facts without ever mentioning the provision coverage ratio or NPA cushion the query asked about.
1082,"What is Punjab & Sind Bank's provision coverage ratio, and what does that imply about its NPA cushion?","Based on the provided knowledge graph data, the starting entity is Punjab & Sind Bank and the ending entities are its various operational, financial, and risk attributes (such as its 93.85% government ownership stake, credit and geographic risks, and capital adequacy). The graph details that the bank is a public sector undertaking heavily backed by the Government of India, operates a branch network of 1,817 branches, and serves retail, agricultural, and MSME customer segments. Additionally, it highlights key financial and regulatory factors, noting that the bank faces regulatory pressure to reduce its high government ownership toward a 75% ceiling while maintaining stable bond ratings and solid capital adequacy.",Not relevant,Dumps unrelated financial/ownership/leadership facts without ever mentioning the provision coverage ratio or NPA cushion the query asked about.
1083,"What is HDFC Bank's provision coverage ratio, and what does that imply about its NPA cushion?","1. **Starting entity:** Atanu Chakraborty / HDFC Bank (Centered around HDFC Bank as the primary subject). **Ending entity:** Various financial metrics, ownership stakes, and operational characteristics of HDFC Bank.
2. **Path explanation:** The knowledge graph details the corporate governance, financial performance, ownership structure, and service offerings of HDFC Bank, India's largest private sector bank. It highlights key leadership figures like Chairman Atanu Chakraborty and MD & CEO Sashidhar Jagdishan, alongside its extensive branch network and diverse banking operations.
3. **Numerical facts:** Key figures include a profit after tax of ₹19,060 crore (a 5% year-on-year increase), gross advances of ₹30,608 billion (up 15.4% year-on-year), a CASA ratio of 32%, a capital adequacy ratio of 19.6%, and a CET1 ratio of 17.4%. Additionally, Foreign Institutional Investors hold a 41.82% stake, Domestic Institutions hold 41.75%, and the Government of India holds 0.18% as of September 2026.",Not relevant,Dumps unrelated financial/ownership/leadership facts without ever mentioning the provision coverage ratio or NPA cushion the query asked about.
1084,"What is ICICI Bank's provision coverage ratio, and what does that imply about its NPA cushion?","**Starting Entity:** ICICI Bank  
**Ending Entity:** Financial metrics and operational attributes of ICICI Bank (as queried through its knowledge graph profile)

**Summary:**
ICICI Bank operates as a major financial institution with robust performance metrics, including a sector-leading return on assets of 2.18%, a net interest margin of 4.36%, and total advances reaching ₹16,31,260 crore (a 19.6% year-on-year increase). The bank maintains strong asset quality with a gross NPA of 1.38% and a capital adequacy ratio of 16.84%, while serving diverse customer segments through widespread digital and physical distribution networks. Additionally, its ownership as of December 2024 is split evenly, with Foreign Institutional Investors and domestic institutions each holding roughly 45% of the bank.",Somewhat relevant,Gives related asset-quality data (gross/net NPA) touching on NPA cushion but never states the provision coverage ratio itself.
1085,"What is Axis Bank's provision coverage ratio, and what does that imply about its NPA cushion?","**Starting Entity:** Amitabh Chaudhry  
**Ending Entity:** Axis Bank Limited  

**Summary:**  
Amitabh Chaudhry serves as the Managing Director and CEO of Axis Bank Limited, a major financial institution headquartered in Mumbai, Maharashtra. Under his leadership, the bank operates on a universal banking model, maintaining key financial metrics such as a CASA ratio of 38% and a comfortable CET1 capital ratio of 14.64% as of the reported period.",Not relevant,Dumps unrelated financial/ownership/leadership facts without ever mentioning the provision coverage ratio or NPA cushion the query asked about.
1086,"What is Kotak Mahindra Bank's provision coverage ratio, and what does that imply about its NPA cushion?","**Starting Entity:** Kotak Mahindra Bank Limited  
**Ending Entity:** Kotak Mahindra Bank's Financial & Operational Metrics (spanning digital banking, branch/ATM networks, leadership, and financial performance)

**Summary:**
Kotak Mahindra Bank Limited, headquartered in Mumbai and led by MD & CEO Ashok Vaswani, operates an extensive financial network including 2,301 branches, 2,734 ATMs, and the '811' digital banking platform. Financially, the bank reported a consolidated group profit after tax of ₹5,480 crore (up 23%), total advances of ₹5,12,249 crore (up 15%), and average deposits of ₹5,58,891 crore (up 14%) alongside a strong capital adequacy ratio of 22.8%. The bank also engages in cross-selling through intra-group partnerships spanning insurance, asset management, and securities businesses.",Not relevant,Dumps unrelated financial/ownership/leadership facts without ever mentioning the provision coverage ratio or NPA cushion the query asked about.
1087,"What is IndusInd Bank's provision coverage ratio, and what does that imply about its NPA cushion?","1. **Starting entity:** INDUSIND BANK LIMITED; **Ending entity:** CASA ratio (or funding risk).

2. IndusInd Bank is currently facing funding risk driven by a declining CASA ratio, which fell from 31.48% to 29.43% year-on-year. 

3. This weakness is further compounded by a negative outlook on its CRISIL AA+ rating and broader governance and operational risks tied to a derivatives-accounting discrepancy.",Not relevant,Dumps unrelated financial/ownership/leadership facts without ever mentioning the provision coverage ratio or NPA cushion the query asked about.
1088,"What is Yes Bank's provision coverage ratio, and what does that imply about its NPA cushion?","**1. Starting and Ending Entities:**
* **Starting Entity:** YES BANK LIMITED
* **Ending Entity:** ICRA (rating agency) / SMBC / Various Q1 FY27 Financial Metrics 

**2. Summary:**
YES BANK LIMITED, headquartered in Mumbai and led by MD & CEO Vinay M. Tonse, maintains key strategic partnerships with anchor investors like State Bank of India and its largest shareholder, Sumitomo Mitsui Banking Corporation (SMBC). For Q1 FY27, the bank reported a profit after tax of ₹1,071–1,072 crore, total advances of roughly ₹2.85 lakh crore, and total deposits of roughly ₹3.15 lakh crore alongside a CET1 ratio of 14%. Additionally, ICRA rates the bank's debt instruments, having upgraded its infrastructure and Tier II bonds to an AA Stable rating while maintaining an ICRA D rating on its Additional Tier I bonds.",Not relevant,Dumps unrelated financial/ownership/leadership facts without ever mentioning the provision coverage ratio or NPA cushion the query asked about.
1089,"What is IDFC First Bank's provision coverage ratio, and what does that imply about its NPA cushion?","Based on the provided knowledge graph data, the starting entity is **IDFC First Bank** and the ending entity is **CRISIL** (along with various financial metrics). 

CRISIL reaffirmed IDFC First Bank's credit ratings on October 21, 2025, which included an A1+ rating for its certificate-of-deposit programme, an AA+ Stable rating for its Tier II Basel III bonds, and a AAA Stable rating for its fixed deposits. Additionally, for Q1 FY27, the bank reported strong financial performance, including its highest-ever quarterly profit after tax of 1,075 crore rupees, a net interest margin of 5.96 percent, and a CASA ratio of 50.8 percent.",Not relevant,Dumps unrelated financial/ownership/leadership facts without ever mentioning the provision coverage ratio or NPA cushion the query asked about.
1090,"What is Federal Bank's provision coverage ratio, and what does that imply about its NPA cushion?","Based on the provided knowledge graph data, the starting entity is **The Federal Bank Limited**, which connects to various operational, financial, and ownership attributes as its ending points. In Q1 FY27, the bank reported a net profit of 1,177 crore rupees, a net interest income of 2,946 crore rupees, and a net interest margin of 3.33%. Additionally, as of December 2024, institutional investors like HDFC Mutual Fund held an approximate 7.04 percent stake in the bank.",Not relevant,Dumps unrelated financial/ownership/leadership facts without ever mentioning the provision coverage ratio or NPA cushion the query asked about.
1091,"What is RBL Bank's provision coverage ratio, and what does that imply about its NPA cushion?","Based on the provided knowledge graph, the starting entity is **Emirates NBD** and the ending entity is **RBL Bank**. 

Emirates NBD acquired a 60% controlling stake in RBL Bank, making it the bank's promoter and providing it with continued capital, strategic direction, and balance-sheet support. Following this acquisition, RBL Bank operates under this new majority ownership while managing a diversified banking model with ₹1.16 trillion in total advances and ₹1.25 trillion in total deposits for Q1 FY27.",Not relevant,Dumps unrelated financial/ownership/leadership facts without ever mentioning the provision coverage ratio or NPA cushion the query asked about.
1092,"What is South Indian Bank's provision coverage ratio, and what does that imply about its NPA cushion?","1. **Starting Entity and Ending Entity:** The starting entity is **Bandhan Small Cap Fund** and the ending entity is **South Indian Bank** (connected via its broader financial and operational profile). 
2. **Business/Financial Summary:** Bandhan Small Cap Fund holds a significant equity stake of about 4.75% in South Indian Bank. The bank itself demonstrates solid financial health, highlighted by a 17.3% year-on-year rise in net profit to ₹378 crore and total advances reaching ₹1.03 trillion in Q1 FY27.",Not relevant,Dumps unrelated financial/ownership/leadership facts without ever mentioning the provision coverage ratio or NPA cushion the query asked about.
1093,"What is Karur Vysya Bank's provision coverage ratio, and what does that imply about its NPA cushion?","1. **Starting Entity:** Karur Vysya Bank | **Ending Entity:** Karur
2. The knowledge graph path indicates the geographical location where Karur Vysya Bank maintains its main corporate headquarters. 
3. Based on the provided data, the financial institution is officially headquartered in the city of Karur.",Not relevant,Dumps unrelated financial/ownership/leadership facts without ever mentioning the provision coverage ratio or NPA cushion the query asked about.
1094,"What is City Union Bank's provision coverage ratio, and what does that imply about its NPA cushion?","**1. Starting and Ending Entity:** 
The starting entity is **City Union Bank**, and the ending entity comprises its various **financial performance, risk, and operational metrics** (such as loan growth, asset quality, and ratings) as outlined in the knowledge graph.

**2 & 3. Business Summary and Numerical Facts:** 
City Union Bank demonstrates strong financial momentum, marked by a 25% year-on-year loan and advances growth and a 31% increase in net interest income to ₹8,201 million. The bank maintains solid asset quality with an improved gross NPA of 1.73% and net NPA of 0.61%, alongside a robust capital adequacy ratio of 21.73%. However, it carries specific operational and geographic risks, notably a leadership transition to new MD & CEO R. Vijay Anandh and a 59% branch concentration in Tamil Nadu.",Somewhat relevant,Gives related asset-quality data (gross/net NPA) touching on NPA cushion but never states the provision coverage ratio itself.
1095,"What is DCB Bank's provision coverage ratio, and what does that imply about its NPA cushion?","Based on the provided knowledge graph data, here is the summary of the relationship path:

**1. Starting and Ending Entities:**
The starting entity is **AKFED (The Aga Khan Fund for Economic Development)** and the ending entity is **DCB Bank Limited**.

**2. Path Explanation:**
AKFED serves as a promoter of DCB Bank Limited, providing continued capital support to the bank. As of Q1 FY27, AKFED held a combined 16.23% ownership stake in DCB Bank Limited alongside Platinum Jubilee Investments. 

**3. Numerical Facts:**
As of Q1 FY27, AKFED held a combined **16.23%** stake in DCB Bank Limited.",Not relevant,Dumps unrelated financial/ownership/leadership facts without ever mentioning the provision coverage ratio or NPA cushion the query asked about.
1096,"What is Karnataka Bank's provision coverage ratio, and what does that imply about its NPA cushion?","Based on the provided knowledge graph path, the starting entity is **Bengaluru** and the ending entity is **Karnataka Bank Limited** (via shared connections to Karnataka and Canara Bank). In simple financial and business terms, Bengaluru is located in Karnataka, where Canara Bank is headquartered and relies on its branch density. Similarly, Karnataka Bank Limited also operates its headquarters within the state of Karnataka, linking these financial institutions and regions geographically. No specific numerical facts were provided in the path.",Not relevant,Dumps unrelated financial/ownership/leadership facts without ever mentioning the provision coverage ratio or NPA cushion the query asked about.
1097,"What is Tamilnad Mercantile Bank's provision coverage ratio, and what does that imply about its NPA cushion?","Based on the provided knowledge graph data, the starting entity is **Tamilnad Mercantile Bank Limited** and the ending entity is its **shareholders** (such as East River Holdings, Robert and Ardis James Company, Starship Equity Holdings, Subcontinental Equities, Swiss Re Investors, and overseas corporate bodies). 

In simple business terms, the knowledge graph outlines various institutional and corporate entities holding equity stakes in Tamilnad Mercantile Bank Limited as of March 2025, alongside the bank's key financial metrics like its Q1 FY27 net profit of ₹412 crore. Notable numerical facts include specific ownership percentages such as East River Holdings holding 3.35%, Robert and Ardis James Company holding 4.45%, and overseas corporate bodies collectively holding roughly 22.4% of the bank.",Not relevant,Dumps unrelated financial/ownership/leadership facts without ever mentioning the provision coverage ratio or NPA cushion the query asked about.
1098,"What is CSB Bank's provision coverage ratio, and what does that imply about its NPA cushion?","Based on the provided knowledge graph data, the starting entity is **CSB Bank** and the ending entity is its major promoter, **Fairfax Financial Holdings** (along with related investment vehicles like FIH Mauritius). 

Fairfax Financial Holdings of Canada promotes CSB Bank, holding a significant 40.00% ownership stake through FIH Mauritius Investments Ltd. CSB Bank relies on Fairfax for ongoing capital support and commitment to maintain its financial stability.",Not relevant,"Discusses promoter ownership, never mentions provision coverage ratio or NPA cushion."
1099,"What is Bandhan Bank's provision coverage ratio, and what does that imply about its NPA cushion?","Based on the provided knowledge graph data, the starting entity is **Bandhan Bank** and the ending entity is **CRISIL**. 

CRISIL evaluates Bandhan Bank's financial health, reaffirming an A1+ rating on its certificates of deposit and an AA- Stable rating on its non-convertible debentures. While recognizing the bank's established market position in micro-loans, CRISIL notes risks such as geographic concentration in East and Northeast India and vulnerability to microfinance sector stress.",Not relevant,"Covers CRISIL credit ratings only, no provision coverage ratio or NPA cushion data."
1100,"What is Jammu & Kashmir Bank's provision coverage ratio, and what does that imply about its NPA cushion?","1. **Starting and Ending Entities:** The starting entity is **Jammu & Kashmir Bank** (The Jammu & Kashmir Bank Limited), and the ending entity is **CARE Ratings**.

2. **Business/Financial Explanation:** Jammu & Kashmir Bank is a regional universal bank whose financial strength, resource profile, and Tier II Basel III bonds are evaluated and rated by the rating agency CARE Ratings. While CARE Ratings acknowledges the bank's strong resource profile and low-cost deposit franchise, it also highlights potential vulnerabilities, such as a moderate scale of operations and heavy geographic concentration risks in Jammu & Kashmir and Ladakh.

3. **Numerical Facts:** The knowledge graph notes several key metrics for the bank as of June and December 2025, including a major ownership stake of 51.89% held by the Chief Secretary of the J&K government, a network of 1,008 total branches (including 835 in J&K, 37 in Ladakh, and 136 elsewhere in India), and 1,436 ATMs. Additional financial figures include a net profit of ₹424.18 crore, a Q1 FY27 net interest income of ₹3,546.08 crore, and a capital adequacy ratio of 16.67%.",Not relevant,"Gives ratings, branches and other metrics but never the provision coverage ratio or NPA cushion."
1101,"What is Dhanlaxmi Bank's provision coverage ratio, and what does that imply about its NPA cushion?","1. **Starting Entity and Ending Entity:** The starting entity is **Dhanlaxmi Bank Limited**, and the ending entities include its various financial metrics, operational scale, and governance characteristics for Q1 FY27.

2. **Explanation of the Path:** The knowledge graph details Dhanlaxmi Bank Limited's operational footprint—such as operating 264 branches and 285 ATMs under the leadership of MD & CEO Ajith Kumar K.K.—alongside its financial performance and risk factors. Financially, the bank reported a total income of ₹484.25 crore and a doubled net profit of ₹24.9 crore in Q1 FY27, alongside an improving gross NPA of 1.82%. 

3. **Important Numerical Facts:** Key figures include a Q1 FY27 net profit of ₹24.9 crore, total income of ₹484.25 crore, interest income of ₹449 crore, and total business crossing ₹35,000 crore. Additionally, the bank operates 264 branches and 285 ATMs, while holding ownership stakes from investors like Ares Diversified (3.74%), Ayushmat Ltd (3.38%), and FIIs (~15.31%).",Not relevant,Reports gross NPA and other metrics but no provision coverage ratio figure.
1102,"What is IDBI Bank's provision coverage ratio, and what does that imply about its NPA cushion?","1. **Starting Entity:** IDBI Bank Limited (along with its parent/stakeholder entities)  
   **Ending Entity:** IDBI Bank Limited's Financial Performance and Operations (FY24-25 / Q1 FY27)

2. **Summary:**  
   IDBI Bank Limited is jointly held by the Government of India (45.48–45.50%) and LIC (49.24%), and is currently undergoing a strategic disinvestment process regulated by bodies like the RBI and DIPAM. Financially, the bank reported a net profit of ₹7,515 crore and deposits reaching ₹309,975 crore for FY24-25, alongside an improved gross NPA of 2.98%. Operationally, it functions as a universal bank with thousands of branches and ATMs while offering specialized investment banking via its subsidiary, IDBI Capital Markets.",Not relevant,Covers ownership and gross NPA but omits the provision coverage ratio entirely.
1103,"What is AU Small Finance Bank's provision coverage ratio, and what does that imply about its NPA cushion?","Based on the provided knowledge graph data, the starting entity is **AU Small Finance Bank Limited** and the ending entity involves its financial performance metrics reported for **Q1 FY27**. 

During the first quarter of fiscal year 2027, AU Small Finance Bank Limited reported a profit after tax of ₹795.95 crore, marking a 37% year-on-year increase. Additionally, the bank's net interest income rose 32% year-on-year to ₹2,695 crore, accompanied by gross advances totaling ₹1,44,250 crore.",Not relevant,Discusses profit and NII but never provides a provision coverage ratio.
1104,"What is Equitas Small Finance Bank's provision coverage ratio, and what does that imply about its NPA cushion?","Based on the provided knowledge graph data, the starting entity is **Equitas Small Finance Bank**, and the ending entities are its various financial metrics, ownership stakes, and risk factors as of recent reporting periods (such as December 2024 and Q1 FY27). 

Equitas Small Finance Bank is a diversified retail lender offering housing, vehicle, and small-business loans, with major institutional backing from mutual funds like HDFC (8.57%), Franklin India (6.29%), and SBI (6.04%) as of December 2024. Financially, the bank reported a return on equity of 11.76%, a cost of funds of 7.05%, and a gross NPA ranging between 2.36% and 2.42% for Q1 FY27. Key operational challenges include an elevated cost-to-income ratio of 68.38% and a deposit-growth lag relative to its advances.",Not relevant,Lists gross NPA and other ratios but no provision coverage ratio.
1105,"What is Ujjivan Small Finance Bank's provision coverage ratio, and what does that imply about its NPA cushion?","**Starting Entity:** Ujjivan Small Finance Bank  
**Ending Entity:** Various financial, operational, and governance attributes (e.g., Ujjivan Financial Services, RBI, CRISIL)

Ujjivan Small Finance Bank—headquartered in Bengaluru and holding an A1+ rating for its certificate-of-deposit programme—demonstrated strong financial performance, reporting a profit after tax of ₹317 crore (up 206.7% year-on-year) and a net interest income of ₹1,186 crore. The bank is actively diversifying its portfolio away from legacy microfinance into secured retail, affordable housing (reaching ₹11,210 crore), and MSME lending (growing 54%). Additionally, the knowledge graph captures its regulatory and institutional relationships, including oversight by the RBI and SEBI, alongside leadership transitions with Carol Furtado appointed as acting MD & CEO effective September 1, 2026.",Not relevant,No mention of provision coverage ratio or NPA cushion anywhere in the summary.
1106,"What is ESAF Small Finance Bank's provision coverage ratio, and what does that imply about its NPA cushion?","**Starting Entity:** CARE Ratings  
**Ending Entity:** ESAF Small Finance Bank Limited  

CARE Ratings assigned ESAF Small Finance Bank an A- long-term rating and an A1 short-term rating as of September 2, 2026, while revising its outlook to Stable. The bank operates under the leadership of MD & CEO Dr. K. Paul Thomas and holds a concentrated promoter and co-operative-society ownership structure, including a 52.87% stake held by ESAF Financial Holdings Pvt Ltd. Financially, the bank reported a Q1 FY27 capital adequacy ratio of 23.86%, a CASA ratio of 23.39%, and gross advances of ₹23,216 crore, alongside credit risks marked by a gross NPA of 5.40%.",Not relevant,"Provides gross NPA but not provision coverage ratio, missing the core ask."
1107,"What is Utkarsh Small Finance Bank's provision coverage ratio, and what does that imply about its NPA cushion?","1. **Starting and Ending Entity:** The starting entity is **Utkarsh Small Finance Bank**, and the ending entities include its various operational dependencies, risk exposures, and credit ratings from agencies like **CARE** and **ICRA**.

2. **Business/Financial Summary:** Utkarsh Small Finance Bank operates under a small-finance-bank license regulated by the RBI and SEBI, while depending heavily on the health of the microfinance sector, particularly in regional markets like Bihar and Uttar Pradesh. The bank faces certain financial vulnerabilities, including credit risk from elevated gross and net NPAs, concentration and governance risks from promoter dilution, and regulatory risks linked to a negative rating outlook. 

3. **Numerical Facts:** The knowledge graph data provided mentions specific qualitative credit-rating assignments—namely an **A- Stable** rating from CARE and a **Negative** outlook from ICRA—but does not contain specific numerical percentages or monetary values.",Not relevant,Explicitly lacks any provision coverage ratio figure and does not address NPA cushion quantitatively.
1108,"What is Suryoday Small Finance Bank's provision coverage ratio, and what does that imply about its NPA cushion?","**Starting Entity:** Suryoday Small Finance Bank  
**Ending Entity:** Financial performance and risk metrics (growth, profitability, and reporting discrepancies)

**Summary:**  
Suryoday Small Finance Bank is projected to grow through diversification into affordable housing and MSME lending while operating under RBI and SEBI regulation. Financially, the bank posted a significant 113.10% year-on-year increase in net profit to ₹75.18 crore for the quarter, alongside a net interest margin of 4.21% and a capital adequacy ratio of 21.6%. However, the bank faces operational and reputational risks due to an unresolved reporting discrepancy in its gross NPA, which was reported between 2.47% and 6.60% for the same period.",Not relevant,Covers gross NPA discrepancy but omits provision coverage ratio entirely.
1109,"What is Jana Small Finance Bank's provision coverage ratio, and what does that imply about its NPA cushion?","Based on the provided knowledge graph data, the starting entity is **Jana Small Finance Bank Limited**, and the ending entity encompasses its **financial performance, ownership structure, and regulatory environment**. 

Jana Small Finance Bank Limited, headquartered in Bengaluru and led by MD & CEO Ajay Chamanlal Kanwal, reported a strong profit after tax of ₹155.23 crore (up 52.29% year-on-year) and a Q1 FY27 earnings per share of ₹14.74. The bank is backed by various institutional investors and promoters—such as Jana Holdings Limited holding a 16.94% stake—while maintaining a capital adequacy ratio of 20.18% in Q1 FY27. Additionally, the bank operates under the regulation of the RBI and SEBI, focusing its future growth on digital-banking platforms and secured-MSME expansion.",Not relevant,No provision coverage ratio or NPA cushion discussion in the summary.
1110,"What is State Bank of India's net interest income for the latest reported quarter, and its year-on-year growth rate?","Based on the provided knowledge graph data, the starting entity is **State Bank of India (SBI)** and the ending entities are its various financial metrics, ownership stakes, and operational features. 

State Bank of India is majority-owned by the Government of India with a **55.03%** stake, while maintaining a strong capital adequacy ratio of **15.67%** and advances growing to **₹42.76 trillion** by the end of Q1 FY27. The bank operates via a vast network comprising approximately **22,500 branches** and **65,000 ATMs**, and it maintains a solid CASA ratio of **39.24%** as of the June 2026 quarter to support its low-cost funding base.",Not relevant,No net interest income figure or its YoY growth rate is provided.
1111,"What is Bank of Baroda's net interest income for the latest reported quarter, and its year-on-year growth rate?","**1. Starting and Ending Entity:** 
* Starting Entity: Bank of Baroda
* Ending Entity: ICRA (Credit Rating Agency) / Various Q1 FY27 Financial Metrics

**2. Business/Financial Summary:** 
Bank of Baroda is a public sector universal bank that relies on a diverse funding mix—including CASA balances, bulk deposits, certificates of deposit, and a ₹10,000 crore green infrastructure bond programme—which are evaluated by credit rating agencies like ICRA. In Q1 FY27, the bank experienced a shift toward costlier wholesale funding and a decline in its CASA ratio to 37.72%, exposing it to funding risks despite strong global advance and deposit growth. Furthermore, its financial performance for the quarter was heavily impacted by a one-off legal settlement, causing reported net profit to fall 72% year-on-year to ₹1,278 crore.

**3. Numerical Facts:**
* The bank's ₹10,000 crore green infrastructure bond programme received an AAA rating from ICRA.
* In Q1 FY27, bulk deposits and certificates of deposit grew by 37.0%.
* The CASA ratio stood at 37.72% in Q1 FY27, down from 38.88% a year earlier.
* Net profit for Q1 FY27 fell 72% year-on-year to ₹1,278 crore.",Not relevant,Focuses on funding mix and net profit; net interest income and its growth rate are not mentioned.
1112,"What is Punjab National Bank's net interest income for the latest reported quarter, and its year-on-year growth rate?","Based on the provided knowledge graph path, the starting entity is **Punjab National Bank** and the ending entities include its various leadership figures, headquarters locations, and key shareholders. Punjab National Bank is an operational universal bank headquartered in New Delhi and Dwarka, led by MD & CEO Ashok Chandra and non-executive chairman K G Ananthakrishnan. The bank's ownership is heavily backed by the Government of India with a dominant 70.08% stake, alongside other institutional investors such as FIIs, NRIs, and OCBs holding a combined 6.59%, and mutual funds holding 6.53%.",Not relevant,Entirely about leadership and ownership; no net interest income data at all.
1113,"What is Canara Bank's net interest income for the latest reported quarter, and its year-on-year growth rate?","1. **Starting and Ending Entities:** The starting entity is **Canara Bank**, and the ending entities include various financial metrics, operational highlights, and risk factors linked directly to it (such as its Q1 FY27 financial ratios, government ownership stake, and branch/ATM networks).

2. **Business/Financial Summary:** Canara Bank is a major universal bank headquartered in Karnataka, India, with majority ownership (62.93%) held by the Government of India. The bank operates a massive network consisting of 9,861 branches, 7,907 ATMs, and 2,940 cash-recycling machines as of June 2025, serving retail, agricultural, and MSME markets both domestically and internationally. 

3. **Important Numerical Facts:** As of Q1 FY27, Canara Bank reported a CASA ratio of 29.70%, a CET1 ratio of 12.91%, a total capital adequacy of 17.17%, and a cost-to-income ratio of 49.03%. Additionally, it posted a strong return on equity (ROE) of 18.31%, a return on assets (ROA) of 1.04%, a gross NPA of 1.57%, and a provision coverage ratio of 94.76%.",Not relevant,Provides many ratios but never states net interest income or its YoY growth.
1114,"What is Union Bank of India's net interest income for the latest reported quarter, and its year-on-year growth rate?","1. **Starting Entity and Ending Entity:** The starting entity is Union Bank of India, and the ending entity comprises its various operational, financial, and leadership attributes (such as financial performance metrics and international presence).

2. **Simple Business/Financial Explanation:** Union Bank of India operates as a major universal bank—having absorbed Andhra Bank and Corporation Bank—with a strong domestic network and international reach in cities like Abu Dhabi, Dubai, and Hong Kong. Financially, the bank demonstrated solid performance with a 29.5% year-on-year increase in standalone net profit, an advances growth of 12.50%, and an improved gross NPA of 2.65%, though it faces potential risks from a lagging deposit growth of 3.50%. 

3. **Important Numerical Facts:** Standalone net profit rose to ₹5,332 crore, advances grew by 12.50%, deposit growth lagged at 3.50%, gross NPA improved to 2.65%, and the Government of India holds a roughly 74.76% stake in the bank.",Not relevant,Discusses net profit and advances growth but not net interest income.
1115,"What is Bank of India's net interest income for the latest reported quarter, and its year-on-year growth rate?","1. **Starting Entity:** Bank of India; **Ending Entities:** Various operational, financial, and regulatory attributes linked to the bank in Q1 FY27.

2. Government-owned Bank of India (73.38% ownership) operates extensive banking networks—including 5,202 domestic branches and 8,166 domestic ATMs—while being regulated by bodies like the RBI and SEBI. 

3. In Q1 FY27, the bank reported a standalone net profit of ₹3,068 crore, global advances reaching ₹7.98 lakh crore (18.84% year-on-year growth), and global deposits of ₹9.58 lakh crore, alongside key metrics like a CASA ratio of 36.68% and a capital adequacy ratio of 18.69%.",Not relevant,No net interest income figure or YoY growth rate given.
1116,"What is Indian Bank's net interest income for the latest reported quarter, and its year-on-year growth rate?","**Starting Entity:** Indian Bank  
**Ending Entity:** CRISIL (via credit rating and ownership relationships)

**Summary:**
Indian Bank is backed by significant sovereign ownership, with the Government of India holding a 73.84% stake, which underpins its strong top-tier credit ratings assigned by CRISIL (such as AAA Stable for its Tier II bonds and AA+ Stable for its Additional Tier I bonds). Financially, the bank demonstrates robust capital health, reporting a capital adequacy ratio of 17.58% and a CET1 metric of 16.51%, alongside a total income of ₹20,723.62 crore for the quarter. Operationally, it manages an extensive network of 6,001 branches and 5,657 ATMs while maintaining strong asset quality with a gross NPA improved to 1.86%.",Not relevant,"Gives total income and other ratios, but not net interest income specifically or its growth rate."
1117,"What is Central Bank of India's net interest income for the latest reported quarter, and its year-on-year growth rate?","1. **Starting Entity:** Central Bank of India; **Ending Entity:** Various financial and operational metrics (as this represents a single-hop entity profile rather than a multi-hop path).

2. **Explanation:** The knowledge graph details the financial health, ownership structure, and operational metrics of the Central Bank of India for Q1 FY27. It highlights the bank's strong deposit mobilization through a robust CASA ratio, which provides a funding-cost advantage, alongside solid profitability ratios and government backing.

3. **Numerical Facts:** The bank achieved a CASA ratio of 46.61%, a Net Interest Margin of 3.06%, and a Return on Equity of 14.92% in Q1 FY27. Additionally, the Government of India held an 89.27% majority stake as of March 2025, and Total Advances reached ₹354,348 crore with a 28.58% year-on-year growth.",Not relevant,"Provides net interest margin, not net interest income, and no NII growth rate."
1118,"What is Indian Overseas Bank's net interest income for the latest reported quarter, and its year-on-year growth rate?","Based on the provided knowledge graph data, the starting entity is **Indian Overseas Bank** and the ending entities are its various financial, operational, and risk metrics (such as those reported for **Q1 FY27**). 

During Q1 FY27, Indian Overseas Bank reported significant financial performance, including a net profit surge of 49.32% to ₹1,659 crore, global advances of ₹3.22 trillion, and a net interest income of ₹3,688 crore. However, the bank also faced liquidity and cost pressures, evidenced by its credit-deposit ratio climbing by 630 basis points to 85.63% and its cost-to-income ratio jumping to 53.95% year-on-year.",Somewhat relevant,States the net interest income figure but does not give its year-on-year growth rate.
1119,"What is UCO Bank's net interest income for the latest reported quarter, and its year-on-year growth rate?","Based on the provided knowledge graph data, the starting entity is **UCO Bank** and the ending entity is its financial/operational profile. 

UCO Bank is a majority Government of India-owned universal bank (holding a 90.95% stake as of December 2025) that reported a net profit of ₹656 crore—up 8% year-on-year—and a total business exceeding ₹6 lakh crore. The bank maintains a capital ratio of 17.12% for FY26 and has received ratings from agencies like CRISIL and CARE Ratings for its financial instruments.",Not relevant,No net interest income figure is provided.
1120,"What is Bank of Maharashtra's net interest income for the latest reported quarter, and its year-on-year growth rate?","Based on the provided knowledge graph data, the starting entity is **Bank of Maharashtra** and the ending entity is the **Government of India** (with connections extending to major shareholders like LIC and financial highlights such as net profits). 

The Government of India held a 79.60% stake in Bank of Maharashtra as of March 2025, alongside a 7.10% holding by LIC by the same period. Financially, the bank demonstrated strong performance by reporting a net profit of ₹2,020 crore (up 27% year-on-year) and reaching a total business of ₹6.51 lakh crore in Q1 FY27. However, the graph notes that government ownership brings reliance, while further stake reductions to meet public-float floors pose dilution risks to near-term earnings.",Not relevant,"Reports net profit, not net interest income or its growth rate."
1121,"What is Punjab & Sind Bank's net interest income for the latest reported quarter, and its year-on-year growth rate?","1. **Starting Entity:** Punjab & Sind Bank  
   **Ending Entity:** Government of India  

2. **Explanation:** The knowledge graph highlights that the Government of India maintains a heavy ownership stake of 93.85% in Punjab & Sind Bank, upon which the bank depends significantly for capital support. However, this high concentration creates regulatory risk, as the bank must reduce its government ownership toward a 75% ceiling, presenting both a compliance challenge and an opportunity via a planned QIP.",Not relevant,Entirely about ownership stake and dilution risk; no net interest income data.
1122,"What is HDFC Bank's net interest income for the latest reported quarter, and its year-on-year growth rate?","1. **Starting and Ending Entities:** The starting entity is **Atanu Chakraborty** (Chairman of HDFC Bank) and the ending entity is **HDFC Bank**, with various financial and operational attributes connected throughout the knowledge graph.

2. **Simple Business/Financial Explanation:** The knowledge graph outlines the leadership, structural metrics, and operational performance of HDFC Bank, India's largest private bank. It highlights key financial figures such as its capital adequacy ratio, profit after tax, gross advances, and stakeholder ownership distribution as of September 2026.

3. **Important Numerical Facts:** HDFC Bank reported a profit after tax of ₹19,060 crore (a 5% year-on-year increase) and gross advances of ₹30,608 billion (a 15.4% year-on-year increase). Additionally, as of September 2026, Foreign Institutional Investors hold a 41.82% stake, Domestic Institutions hold a 41.75% stake, and the Government of India holds a 0.18% stake in the bank.",Not relevant,Gives profit after tax and advances but not net interest income or its growth rate.
1123,"What is ICICI Bank's net interest income for the latest reported quarter, and its year-on-year growth rate?","**Starting Entity:** ICICI Bank  
**Ending Entity:** Financial metrics and operational attributes of ICICI Bank (as queried via its simple subject-object properties).

**Summary:**
ICICI Bank operates as a major universal bank—regulated by the RBI and SEBI—with significant market presence, reporting total advances of ₹16,31,260 crore (a 19.6% year-on-year increase) and a sector-leading return on assets of 2.18%. Its ownership structure as of December 2024 shows that Foreign Institutional Investors and domestic institutions each held roughly 45% of the bank, while LIC held a 7% stake. Operationally, the bank maintains robust asset quality with a gross NPA of 1.38% and a net NPA of 0.35%, alongside strong capital positions including a CET1 ratio of 16.19% and an overall capital adequacy ratio of 16.84%.",Not relevant,"No net interest income figure is included, only advances, ROA, and NPA ratios."
1124,"What is Axis Bank's net interest income for the latest reported quarter, and its year-on-year growth rate?","**1. Starting and Ending Entity:** 
The starting entity is **Axis Bank Limited**, and the ending entities include its various financial metrics, leadership positions, credit ratings, and stakeholder ownership figures as of September 2026.

**2. Financial Summary:**
Led by MD & CEO Amitabh Chaudhry, Axis Bank Limited operates as a universal bank headquartered in Mumbai, providing comprehensive financial services such as wealth management and NRI banking. Financially, the bank reported total advances of 12,61,557 crore and total deposits of 13,72,936 crore, alongside a CASA ratio of 38% and a comfortable CET1 capital ratio of 14.64%. Furthermore, as of September 2026, foreign institutional investors (FIIs) held a significant 39.91% ownership stake in the bank.",Not relevant,"Covers advances, deposits, and CASA ratio, but net interest income is never mentioned."
1125,"What is Kotak Mahindra Bank's net interest income for the latest reported quarter, and its year-on-year growth rate?","**Starting Entity:** Kotak Mahindra Bank Limited  
**Ending Entity:** Financial and Operational Metrics (including Ashok Vaswani as MD & CEO)

**Summary:**
Kotak Mahindra Bank Limited, currently led by MD & CEO Ashok Vaswani, operates an extensive financial network comprising 2,301 branches and 2,734 ATMs. Financially, the bank reported a consolidated group profit after tax of ₹5,480 crore (up 23%), total advances of ₹5,12,249 crore, and a robust capital adequacy ratio of 22.8% as of recent reporting periods. Additionally, the bank maintains a Q1 FY27 CASA ratio of 40.30% alongside a net interest margin of 4.53%.",Not relevant,"Gives net interest margin, not net interest income, so the query is unaddressed."
1126,"What is IndusInd Bank's net interest income for the latest reported quarter, and its year-on-year growth rate?","**Starting Entity:** INDUSIND BANK LIMITED  
**Ending Entity:** CASA Metric (specifically a decline from 31.48% to 29.43%)

**Summary:**
IndusInd Bank Limited experienced a decline in its CASA metric, falling from 31.48% a year earlier to 29.43%. This weakness exposes the bank to funding risk and coincides with a negative outlook on its CRISIL AA+ rating.",Not relevant,"Only discusses CASA decline and rating outlook, no net interest income data."
1127,"What is Yes Bank's net interest income for the latest reported quarter, and its year-on-year growth rate?","**1. Starting and Ending Entity:**
* **Starting Entity:** YES BANK LIMITED
* **Ending Entity:** ICRA (Implicit rating agency for YES BANK LIMITED's debt instruments)

**2. Financial Summary:**
The knowledge graph details the financial health and credit profile of Yes Bank Limited, highlighting its recent credit upgrades where infrastructure and Tier II bonds were raised to an AA Stable rating from AA- Stable, alongside a distressed ICRA D rating maintained on its Additional Tier I bonds. For Q1 FY27, the bank reported a profit after tax of ₹1,071–1,072 crore, a net interest margin of 2.70%, a CASA ratio of 32.70%, and a CET1 capital ratio of 14%. Additionally, the bank's ownership structure features strategic investments, including Sumitomo Mitsui Banking Corporation (SMBC) acquiring a 20% stake and the State Bank of India holdinga roughly 10% residual stake as an anchor investor.",Not relevant,"Provides NIM and profit after tax, not net interest income or its YoY growth."
1128,"What is IDFC First Bank's net interest income for the latest reported quarter, and its year-on-year growth rate?","**1. Starting and Ending Entity:**
* **Starting Entity:** IDFC First Bank
* **Ending Entity:** Q1 FY27 (Financial Period) / Various Financial and Shareholding Metrics

**2. Simple Business/Financial Summary:**
This knowledge graph path outlines the financial performance, asset quality, and capital structure of IDFC First Bank for Q1 FY27, along with its credit ratings and shareholder base. During this period, the bank achieved its highest-ever quarterly profit and maintained solid deposit and lending metrics while undergoing strategic mergers with its erstwhile promoter entities. 

**3. Important Numerical Facts:**
* **Profit:** Recorded its highest-ever quarterly profit after tax of ₹1,075 crore in Q1 FY27.
* **Asset Quality:** Reported a Gross NPA of 1.51% and a Net NPA of 0.44% in Q1 FY27.
* **Capital & Ratios:** Maintained a CASA ratio of 50.8%, a CET1 capital ratio of 13.33%, a capital adequacy ratio of 15.05%, and a Net Interest Margin (NIM) of 5.96% in Q1 FY27. 
* **Shareholding:** Foreign Institutional Investors (FIIs) held a 36.10% equity stake, while mutual funds held 12.76%.",Not relevant,"Reports NIM and profit, but the specific net interest income figure and its growth rate are missing."
1129,"What is Federal Bank's net interest income for the latest reported quarter, and its year-on-year growth rate?","Based on the provided knowledge graph data, the starting entity is **The Federal Bank Limited**, which connects to various operational, financial, and ownership attributes as its ending points. In Q1 FY27, the bank reported a net profit of 1,177 crore rupees, a net interest income of 2,946 crore rupees, and a net interest margin of 3.33%. Additionally, as of December 2024, institutional stakeholders included FIIs holding roughly 26.3 percent, domestic institutions holding 48.9 percent overall, and HDFC Mutual Fund holding a 7.04 percent stake.",Somewhat relevant,States the net interest income figure but omits its year-on-year growth rate.
1130,"What is RBL Bank's net interest income for the latest reported quarter, and its year-on-year growth rate?","**Starting Entity:** Emirates NBD  
**Ending Entity:** RBL Bank  

**Summary:**
Emirates NBD serves as the promoter of RBL Bank after completing the acquisition of a 60% controlling stake, providing continued capital and strategic direction. Backed by this support, RBL Bank operates with a surging capital adequacy ratio of 33.3% and reported total advances of ₹1.16 trillion alongside total deposits of ₹1.25 trillion for Q1 FY27.",Not relevant,"No net interest income figure or growth rate provided, focuses on ownership and capital ratio."
1131,"What is South Indian Bank's net interest income for the latest reported quarter, and its year-on-year growth rate?","**1. Starting and Ending Entities:**
The starting entity is **Bandhan Small Cap Fund** and the ending entity is **South Indian Bank**.

**2. Path Summary & Numerical Facts:**
Bandhan Small Cap Fund is connected to South Indian Bank through an equity holding of approximately 4.75%. South Indian Bank demonstrates positive financial performance, having reported a 17.3% year-on-year rise in net profit to ₹378 crore and Q1 FY27 total advances of ₹1.03 trillion (up 18.6% year-on-year). Additionally, the bank maintains significant institutional interest, with other notable stakeholders including FIIs at roughly 24.2%, Kotak Multicap at about 4.25%, and CalPERS at roughly 2.25%.",Not relevant,Discusses net profit and advances but never net interest income.
1132,"What is Karur Vysya Bank's net interest income for the latest reported quarter, and its year-on-year growth rate?","**1. Entities:** The starting entity is Karur Vysya Bank, and the ending entity is Karur.

**2. Relationship Summary:** Karur Vysya Bank maintains its headquarters located in the city of Karur.

**3. Numerical Facts:** No numerical facts are present in this path.",Not relevant,"Only states headquarters location, completely fails to address net interest income."
1133,"What is City Union Bank's net interest income for the latest reported quarter, and its year-on-year growth rate?","Based on the provided knowledge graph data, the starting entity is **City Union Bank** and the ending entity encompasses its **financial performance, credit ratings, and operational metrics**. 

City Union Bank demonstrates solid financial growth, reporting a 25% year-on-year loan growth and a Q1 FY27 CASA balance of ₹210,940 million. The bank maintains strong asset quality with a gross NPA improving to 1.73% and carries an AA- issuer rating with a Positive outlook from CARE Ratings. Additionally, it operates with a net interest margin of 3.78% and a capital adequacy ratio of 21.73%, while navigating geographic concentration risks in Tamil Nadu where 59% of its branches are located.",Not relevant,"Provides NIM and loan growth, not net interest income or its growth rate."
1134,"What is DCB Bank's net interest income for the latest reported quarter, and its year-on-year growth rate?","Based on the provided knowledge graph data, here is the summary of the relationship path:

**1. Starting and Ending Entities:**
The starting entity is **AKFED** (The Aga Khan Fund for Economic Development), and the ending entity is **DCB Bank Limited**. 

**2-5. Business/Financial Summary:**
AKFED serves as a promoter of DCB Bank Limited and provides crucial promoter capital support, upon which the bank depends. As of Q1 FY27, AKFED held a combined 16.23% ownership stake in DCB Bank Limited (alongside Platinum Jubilee Investments).",Not relevant,"Only discusses promoter ownership, no net interest income data."
1135,"What is Karnataka Bank's net interest income for the latest reported quarter, and its year-on-year growth rate?","Based on the provided knowledge graph path, the starting entity is **Canara Bank** and the ending entity is **Karnataka**. 

Canara Bank is headquartered in the state of Karnataka, where the major city of Bengaluru is also located. Furthermore, Canara Bank depends on its branch density within this state, alongside other regional institutions like Karnataka Bank Limited.",Not relevant,Discusses Canara Bank's headquarters geography instead of Karnataka Bank's net interest income.
1136,"What is Tamilnad Mercantile Bank's net interest income for the latest reported quarter, and its year-on-year growth rate?","**Starting Entity:** Tamilnad Mercantile Bank  
**Ending Entity:** CRISIL  

**Summary:**  
Tamilnad Mercantile Bank has its fixed deposits rated A+ Stable by the rating agency CRISIL. Additionally, the bank's short-term fixed deposits and certificates of deposit hold an A1+ rating from CRISIL.",Not relevant,"Only covers CRISIL deposit ratings, no net interest income figure."
1137,"What is CSB Bank's net interest income for the latest reported quarter, and its year-on-year growth rate?","Based on the provided knowledge graph data, the starting entity is **CSB Bank** and the ending entities are its various financial metrics, ownership stakes, and operational risks. 

CSB Bank is promoted by Fairfax Financial Holdings and maintains a strong capital adequacy of 19.96%, alongside a net profit of ₹150 crore and net advances totaling ₹40,309 crore. However, the bank faces structural risks and weaknesses, including exposure to gold-price volatility, sensitivity to RBI gold-loan regulations, and a costlier deposit mix driven by a low CASA ratio of 19%. Major institutional shareholders include SBI Small Cap Fund and Amansa Holdings, holding approximately 6.34% and 4.58% stakes, respectively.",Not relevant,Reports net profit and CASA ratio but no net interest income figure.
1138,"What is Bandhan Bank's net interest income for the latest reported quarter, and its year-on-year growth rate?","Based on the provided knowledge graph rows, here is the summary:

1. **Starting and Ending Entities:** The path connects **CRISIL** (starting entity) to **Bandhan Bank** (ending entity).
2. **Business/Financial Summary:** Rating agency CRISIL evaluates the credit profile and market position of Bandhan Bank, reaffirming an A1+ rating on its certificates of deposit and an AA- Stable rating on its non-convertible debentures. CRISIL also notes the bank's established position in the micro-loan segment while explicitly flagging its geographic concentration in East and Northeast India and its vulnerability to microfinance sector stress.
3. **Numerical Facts:** Although specific financial metrics like Bandhan Bank's Q1 FY27 net profit of ₹502 crore or gross NPA of 3.1% are present in the graph, the direct rating relationships evaluated by CRISIL primarily involve the reaffirmed A1+ and AA- Stable ratings.",Not relevant,"Explicitly sidesteps the net interest income question, focusing only on credit ratings."
1139,"What is Jammu & Kashmir Bank's net interest income for the latest reported quarter, and its year-on-year growth rate?","1. **Starting Entity and Ending Entity**: The starting entity is The Jammu & Kashmir Bank Limited, and the ending entity is CARE Ratings.
2. **Path Explanation**: The knowledge graph outlines the operational and financial profile of The Jammu & Kashmir Bank Limited—including its branch network, government-backed ownership, and financial performance—while noting that its credit profile and bond ratings are evaluated by CARE Ratings.
3. **Numerical Facts**: As of June 2025, the J&K government held a 51.89% ownership stake in the bank, alongside stakes held by the Finance Secretary of UT Ladakh (4.16%) and LIC (1.33%). Additionally, the bank reported a net profit of ₹424.18 crore for the quarter, a Q1 FY27 net interest income of ₹3,546.08 crore, and operates 1,008 branches and 1,436 ATMs as of December 2025.",Somewhat relevant,Gives the net interest income figure but does not state its year-on-year growth rate.
1140,"What is Dhanlaxmi Bank's net interest income for the latest reported quarter, and its year-on-year growth rate?","1. **Starting Entity and Ending Entity:** The starting entity is **Dhanlaxmi Bank Limited** and the ending entity is **Q1 FY27**.
2. **Business/Financial Summary:** Under the leadership of MD & CEO Ajith Kumar K.K., Dhanlaxmi Bank Limited demonstrated strong financial performance in Q1 FY27, marked by significant profitability growth and improved asset quality. Specifically, the bank's net profit doubled year-on-year to ₹24.9 crore, supported by a total income of ₹484.25 crore and a sharply improved gross NPA of 1.82%.",Not relevant,"Gives net profit and total income, not net interest income or its growth rate."
1141,"What is IDBI Bank's net interest income for the latest reported quarter, and its year-on-year growth rate?","Based on the provided knowledge graph data, the starting entity is **IDBI Bank Limited** and the ending entities are its various financial metrics, operational figures, and regulatory relationships. 

IDBI Bank Limited operates a network of 1,890 to 2,104 branches and 3,300 to 3,700 ATMs, while being majorly owned by LIC (49.24%) and the Government of India (45.48–45.50%). Financially, the bank reported a net profit of ₹7,515 crore, deposits of ₹309,975 crore, and advances of ₹218,399 crore for FY24-25, alongside a return on equity of 16.10%. Additionally, the bank is regulated by the RBI and SEBI, and its ongoing strategic sale and ownership transition depends on approvals from both regulatory bodies and the Competition Commission.",Not relevant,No net interest income figure or its growth rate is included.
1142,"What is AU Small Finance Bank's net interest income for the latest reported quarter, and its year-on-year growth rate?","Based on the provided knowledge graph data, the starting entity is **AU Small Finance Bank Limited** and the ending entities include various financial metrics, ownership stakes, and operational updates such as its **Q1 FY27 performance** and **universal-bank transition approval**. 

In simple business terms, AU Small Finance Bank Limited demonstrated strong financial performance in Q1 FY27, reporting a profit after tax of ₹795.95 crore (up 37% year-on-year) and net interest income of ₹2,695 crore. The bank also maintains robust capital adequacy of 18.9% with a CET1 ratio of 17.1%, alongside receiving in-principle RBI approval in August 2025 to transition into a full universal bank.",Somewhat relevant,States the net interest income amount but does not give its specific year-on-year growth rate.
1143,"What is Equitas Small Finance Bank's net interest income for the latest reported quarter, and its year-on-year growth rate?","Based on the provided knowledge graph data, the starting entity is **Equitas Small Finance Bank** and the ending entities are its various financial metrics, ownership stakes, and risk factors as of Q1 FY27 and December 2024. 

Equitas Small Finance Bank operates as a regulated small-finance institution offering diverse retail, microfinance, and secured lending products. As of recent periods, it reported a net interest income of ₹1,029.4 crore, a return on equity of 11.76%, and a gross NPA ranging between 2.36% and 2.42%. Key institutional investors include HDFC Mutual Fund, SBI Mutual Fund, and Franklin India, holding 8.57%, 6.04%, and 6.29% respectively as of December 2024.",Somewhat relevant,Gives the net interest income figure but omits its year-on-year growth rate.
1144,"What is Ujjivan Small Finance Bank's net interest income for the latest reported quarter, and its year-on-year growth rate?","**Starting Entity:** Ujjivan Small Finance Bank  
**Ending Entity:** Certificate-of-deposit programme (or various financial and leadership attributes)

Ujjivan Small Finance Bank holds an A1+ rating for its certificate-of-deposit programme and demonstrates strong financial performance, reporting a Profit after tax of ₹317 crore (up 206.7% year-on-year) and a Net interest income of ₹1,186 crore. The bank is strategically diversifying its portfolio into affordable housing, MSME lending, and gold loans while managing leadership transitions with Carol Furtado appointed as acting MD & CEO effective September 1, 2026. Additionally, institutional investors like Franklin India Opportunities Fund and the International Finance Corporation held 2.93% and 3.21% stakes respectively as of September 2025.",Somewhat relevant,States net interest income value but not its year-on-year growth rate.
1145,"What is ESAF Small Finance Bank's net interest income for the latest reported quarter, and its year-on-year growth rate?","**Summary:**

1. **Starting and Ending Entities:** The path centers on **ESAF Small Finance Bank Limited** and details its financial performance, ratings, and structural characteristics as evaluated by **CARE Ratings**.
2. **Business/Financial Explanation:** The bank operates with significant exposure to microfinance and retail loans, maintaining a capital adequacy ratio of 23.86% and a net interest margin of 7.9% for Q1 FY27. While it faces credit and concentration risks—including holding the highest gross NPA among peer small finance banks—its ratings have been assigned as A- (long-term) and A1 (short-term) with a stable outlook by CARE Ratings as of September 2, 2026.",Not relevant,"Gives net interest margin, not net interest income, and no growth rate."
1146,"What is Utkarsh Small Finance Bank's net interest income for the latest reported quarter, and its year-on-year growth rate?","**Starting Entity:** Utkarsh Small Finance Bank  
**Ending Entity:** Various regulatory bodies, credit rating agencies, and operational risk factors  

**Summary:**
Utkarsh Small Finance Bank operates under a small-finance-bank license while being regulated by both the RBI and SEBI. The bank faces distinct credit and regulatory risks, highlighted by conflicting credit ratings of an A- Stable assignment by CARE and a Negative outlook by ICRA. Additionally, its business model heavily relies on the health of the microfinance sector, particularly within Bihar and Uttar Pradesh, alongside exposure to elevated NPAs and promoter dilution risks.",Not relevant,No net interest income data is provided anywhere in the summary.
1147,"What is Suryoday Small Finance Bank's net interest income for the latest reported quarter, and its year-on-year growth rate?","**Starting Entity:** Suryoday Small Finance Bank  
**Ending Entity:** Various financial and operational attributes (such as net profit, net interest margin, and credit/operational risks)

**Summary:**
Suryoday Small Finance Bank experienced strong financial performance, highlighted by a 113.10% year-on-year surge in net profit to ₹75.18 crore and an annualized-equivalent net interest income of ₹622.36 crore. Its growth is further supported by diversification into affordable housing and MSME lending, alongside a reported capital adequacy ratio of 21.6% and a net interest margin of 4.21%. However, the bank faces operational and reputational risks due to unresolved discrepancies in its gross NPA reporting, which varied between 2.47% and 6.60% for the same period.",Somewhat relevant,Provides an (annualized-equivalent) net interest income figure but no year-on-year growth rate for it specifically.
1148,"What is Jana Small Finance Bank's net interest income for the latest reported quarter, and its year-on-year growth rate?","1. **Starting and Ending Entities:** The starting entity is **Jana Small Finance Bank Limited** and the ending entity is its **shareholders/investors and financial performance metrics** (such as promoters, private equity, and institutional stakeholders).

2. **Simple Business Summary:** Jana Small Finance Bank Limited is backed by several key investors—including promoter Jana Holdings Limited (holding 16.94%), alongside institutional stakeholders like Volrado Venture Partners, ICICI Prudential Life Insurance, Ananta Capital, and Singularity Growth, with historical backing from private equity firms like TPG Capital and HarbourVest Partners. Financially, the bank reported a strong profit after tax of ₹155.23 crore (up 52.29% year-on-year) and improved its capital adequacy to 20.18% in Q1 FY27, though it continues to manage credit risks and promoter-holding dilution.

3. **Important Numerical Facts:** Promoter Jana Holdings Limited held a 16.94% stake as of June 2026, while other stakes include Volrado Venture Partners (2.78%), ICICI Prudential (1.54%), Ananta Capital (1.46%), and Singularity Growth (1.34%). The bank achieved a profit after tax of ₹155.23 crore, an earnings per share of ₹14.74 for Q1 FY27, and a capital adequacy ratio of 20.18%.",Not relevant,Focuses on shareholding structure and profit; no net interest income figure given.
1149,"Does State Bank of India have any overseas branches, representative offices, or joint-venture equity stakes, and where?","1. **Starting and Ending Entities:** The starting entity is **State Bank of India (SBI)**, and the ending entities consist of its various financial metrics, operational highlights, ownership structures, and key strategic attributes.

2. **Business and Financial Summary:** State Bank of India operates as India's largest bank by assets, leveraging a massive distribution network of roughly 22,500 branches and 65,000 ATMs, with its backend driven by Finacle core banking technology and its digital strategy powered by the YONO platform. The bank is majority-owned by the Government of India (55.03% stake) and maintains strong financial positions, including an advances portfolio of ₹42.76 trillion, a capital adequacy ratio of 15.67%, and a CASA ratio of 39.24% as of the June 2026 quarter. 

3. **Important Numerical Facts:** Key figures include a 55.03% majority ownership by the Government of India, a CASA ratio of 39.24% and a cost-to-income ratio of 46.71% for the June 2026 quarter, total advances reaching ₹42.76 trillion by Q1 FY27, and a robust capital adequacy ratio of 15.67%.",Not relevant,"Never addresses overseas branches, representative offices, or joint-venture stakes."
1150,"Does Bank of Baroda have any overseas branches, representative offices, or joint-venture equity stakes, and where?","1. **Starting and Ending Entities:** The starting entity is **Bank of Baroda**, and the ending entities include its various financial metrics, funding sources, credit ratings, and operational data for Q1 FY27.

2. **Simple Business/Financial Explanation:** In Q1 FY27, Bank of Baroda experienced strong loan and deposit growth alongside improved asset quality, though its profitability was impacted by a one-off legal settlement. To manage its funding mix amidst a declining CASA ratio and increased reliance on wholesale funding like certificates of deposit, the bank utilized instruments such as AT-1 bonds and a ₹10,000 crore green infrastructure bond programme, both rated by ICRA.

3. **Important Numerical Facts:** In Q1 FY27, Bank of Baroda's global deposits reached ₹16,33,559 crore (up 13.8%), while net profit fell 72% year-on-year to ₹1,278 crore due to a one-off legal settlement. Additionally, the bank reported a gross NPA ratio of 1.99%, a standalone capital adequacy ratio of 16.30%, and a CASA ratio of 37.72%.",Not relevant,Covers funding and financial metrics only; no mention of overseas presence.
1151,"Does Punjab National Bank have any overseas branches, representative offices, or joint-venture equity stakes, and where?","**Starting Entity:** Ashok Chandra / K G Ananthakrishnan (Leadership) and various institutional/government stakeholders  
**Ending Entity:** Punjab National Bank  

**Summary:** 
Punjab National Bank is an operational universal bank headquartered in New Delhi and Dwarka, led by MD & CEO Ashok Chandra and non-executive chairman K G Ananthakrishnan. The bank is majority-owned by the Government of India with a 70.08% stake, alongside other notable holdings including 6.59% by FIIs, NRIs, and OCBs combined, and 6.53% by mutual funds, with LIC also holding an unspecified stake.",Not relevant,Discusses leadership and ownership only; overseas presence is not addressed.
1152,"Does Canara Bank have any overseas branches, representative offices, or joint-venture equity stakes, and where?","1. **Starting Entity:** Canara Bank; **Ending Entity:** Canara Bank (Self-referential knowledge graph union centered on Canara Bank's operations, financial metrics, and risks).

2. Canara Bank is a state-backed universal bank headquartered in Karnataka, India, operating a vast network of 9,861 branches and 7,907 ATMs as of June 2025. The bank demonstrates strong financial and asset quality metrics—such as a 1.04% return on assets, an 18.31% return on equity, a gross NPA of 1.57%, and a capital adequacy ratio of 17.17% for Q1 FY27—while facing specific structural challenges like a lower CASA base of 29.70% that exposes it to funding risks.",Not relevant,Only domestic branch/ATM counts and ratios are given; overseas branches/JV stakes not addressed.
1153,"Does Union Bank of India have any overseas branches, representative offices, or joint-venture equity stakes, and where?","1. **Starting Entity and Ending Entity:** The starting entity is Union Bank of India, and the ending entities include its various financial metrics, operational footprints, and leadership details (such as a net profit of ₹5,332 crore and an advances growth of 12.50%).

2. **Simple Business/Financial Explanation:** Union Bank of India demonstrated strong financial performance with a 29.5% year-on-year rise in standalone net profit to ₹5,332 crore and an advances growth of 12.50%, alongside a capital adequacy ratio of 18.46%. Operationally, the bank maintains an extensive network comprising 8,621 branches and 8,910 ATMs as of March 2025, while also managing leadership transitions with Asheesh Pandey appointed as MD & CEO in 2026. 

3. **Numerical Facts:** Key metrics include a net profit of ₹5,332 crore (up 29.5% year-on-year), advances growth of 12.50%, deposit growth of 3.50%, a capital adequacy of 18.46%, gross NPA of 2.65%, and net NPA of 0.47%. Additionally, the bank operated 8,621 branches and 8,910 ATMs as of March 2025.",Not relevant,Domestic branch counts and financial metrics only; no overseas presence discussed.
1154,"Does Bank of India have any overseas branches, representative offices, or joint-venture equity stakes, and where?","1. **Starting Entity and Ending Entity:** The starting and central entity is **Bank of India**, connected to various operational, financial, and regulatory attributes (representing a union of relationship patterns rather than a single multi-hop chain).

2. **Business/Financial Summary:** Bank of India is a government-owned universal bank headquartered in Mumbai, regulated by the RBI and SEBI, and led by MD & CEO Rajneesh Karnatak. In Q1 FY27, the bank reported strong financial performance, including a standalone net profit of ₹3,068 crore, global advances reaching ₹7.98 lakh crore, and global deposits growing to ₹9.58 lakh crore alongside an improved capital adequacy ratio of 18.69%. 

3. **Numerical Facts:** Key metrics include a standalone net profit of ₹3,068 crore, global advances of ₹7.98 lakh crore (up 18.84% year-on-year), global deposits of ₹9.58 lakh crore (up 14.90%), a capital adequacy ratio of 18.69%, a CASA ratio of 36.68%, and a government ownership stake of 73.38%.",Not relevant,"""Global"" advances/deposits figures do not identify actual overseas branches or offices, which the query asks for."
1155,"Does Indian Bank have any overseas branches, representative offices, or joint-venture equity stakes, and where?","Based on the provided knowledge graph data, the starting entity is **Indian Bank** and the ending entities are its various operational metrics, credit ratings, financial figures, and strategic relationships (such as **CRISIL**, **Government of India**, and **Allahabad Bank**). 

Indian Bank operates as a major public sector bank—having merged with Allahabad Bank to become the seventh-largest PSU bank—and is backed by a 73.84% ownership stake from the Government of India. The bank maintains strong financial and operational standing, highlighted by a total quarterly income of ₹20,723.62 crore, a robust capital adequacy ratio of 17.58%, a CET1 metric of 16.51%, and an improved gross NPA level of 1.86%. Furthermore, it holds top-tier credit ratings from CRISIL (such as A1+ for its certificate-of-deposit programme and AAA Stable for its Tier II bonds) and operates an extensive network including 6,001 branches and 5,657 ATMs and cash-recycling machines.",Not relevant,Domestic merger and financial details only; overseas branches/offices/JV stakes are not covered.
1156,"Does Central Bank of India have any overseas branches, representative offices, or joint-venture equity stakes, and where?","1. **Starting Entity:** Central Bank of India; **Ending Entities:** Various operational, financial, and stakeholder attributes (such as Government of India, Q1 FY27 financial metrics, and leadership).

2. **Explanation:** This knowledge graph path outlines the financial standing, ownership structure, and operational metrics of the Central Bank of India. It details the bank's reliance on CASA-led deposits, credit expansion strategies, asset quality, and capital adequacy alongside key institutional stakeholders like the Government of India and LIC.

3. **Numerical Facts:** For Q1 FY27, the bank reported a CASA ratio of 46.61%, a CET1 ratio of 16.54%, total advances of ₹354,348 crore (up 28.58% year-on-year), and a Net Interest Income of ₹3,914 crore. As of March 2025, the Government of India held an 89.27% majority stake, while LIC held 3.16%.",Not relevant,"No mention of overseas branches, representative offices, or joint ventures."
1157,"Does Indian Overseas Bank have any overseas branches, representative offices, or joint-venture equity stakes, and where?","**1. Starting and Ending Entity:**
* **Starting Entity:** Indian Overseas Bank
* **Ending Entity:** Various financial and operational metrics (e.g., Q1 FY27 financial results, risk exposures, and governance details).

**2 & 3. Simple Business/Financial Summary & Numerical Facts:**
The knowledge graph outlines the operational profile, leadership, and Q1 FY27 financial performance of Indian Overseas Bank (led by MD & CEO Ajay Kumar Srivastava and backed by the Government of India). During Q1 FY27, the bank reported strong growth with a 49.32% surge in net profit to ₹1,659 crore, global advances of ₹3.22 trillion (up 22.75% year-on-year), and a Net Interest Income of ₹3,688 crore. However, the bank also faces distinct financial challenges, including a rising Credit-Deposit Ratio of 85.63% (up 630 basis points) that drives liquidity pressures, alongside an increasing cost-to-income ratio that jumped year-on-year from 44.22% to 53.95%.

**4 & 5. Constraints Check:** No outside facts were invented, and the summary is kept within the 3-sentence limit.",Not relevant,"Despite the bank's name referencing overseas operations, the summary gives only domestic financial metrics, not actual overseas branches/offices/JV stakes."
1158,"Does UCO Bank have any overseas branches, representative offices, or joint-venture equity stakes, and where?","Based on the provided knowledge graph data, the starting entity is **CRISIL** and the ending entity is **UCO Bank**. The path highlights that CRISIL reaffirmed an **A1+ short-term rating** on UCO Bank's certificate-of-deposit programme, which the bank uses for funding.",Not relevant,Only covers a CRISIL rating; overseas presence is not addressed.
1159,"Does Bank of Maharashtra have any overseas branches, representative offices, or joint-venture equity stakes, and where?","**1. Starting and Ending Entities:**
The knowledge graph path originates from the subject entity **Bank of Maharashtra** and encompasses various descriptive, financial, and operational attributes associated with it.

**2 & 3. Business Summary & Numerical Facts:**
Bank of Maharashtra is a public sector universal bank headquartered in Pune, India, backed majorly by the Government of India with a **79.60%** ownership stake and LIC holding **7.10%** as of March 2025. Financially, the bank demonstrated robust performance, reporting a quarterly net profit of **₹2,020 crore** (up **27%** year-on-year) and a total business of **₹6.51 lakh crore** (**19%** growth) by Q1 FY27, supported by strong asset quality with a gross NPA of **1.45%**. However, the bank faces structural and operational vulnerabilities, including geographic concentration in western India, reliance on capital raises, and regulatory risks tied to public-shareholding compliance.",Not relevant,Ownership and financial metrics only; no overseas branch/office/JV information.
1160,"Does Punjab & Sind Bank have any overseas branches, representative offices, or joint-venture equity stakes, and where?","1. **Starting Entity:** Punjab & Sind Bank; **Ending Entity:** Government of India / Various financial and operational attributes.

2. **Path Summary:** The knowledge graph illustrates that Punjab & Sind Bank is a public sector undertaking heavily backed by the Government of India, which holds a majority ownership stake of 93.85%. While the bank benefits from strong capital adequacy, an AA Stable bond rating by CRISIL, and government support, it faces regulatory risks and ownership dilution pressures to reduce its government stake toward the 75% ceiling. 

3. **Numerical Facts:** The Government of India holds a 93.85% ownership stake in the bank, LIC holds a 1.33% stake, and the bank operates a distribution network of 1,817 branches.",Not relevant,Ownership and domestic branch count only; overseas presence not covered.
1161,"Does HDFC Bank have any overseas branches, representative offices, or joint-venture equity stakes, and where?","**Starting Entity:** HDFC Bank  
**Ending Entity:** Financial and operational metrics associated with HDFC Bank (such as HDFC Bank)

**Summary:**
This knowledge graph path outlines the key leadership, operational footprint, and financial metrics of HDFC Bank, India's largest private bank. As of September 2026, the bank is held by foreign institutional investors (41.82%), domestic institutions (41.75%), and the Government of India (0.18%), and is led by Chairman Atanu Chakraborty and MD & CEO Sashidhar Jagdishan. Financially, the bank reported a profit after tax of ₹19,060 crore (a 5% year-on-year increase), gross advances of ₹30,608 billion, a capital adequacy ratio of 19.6%, a CET1 ratio of 17.4%, and a CASA ratio of 32% while operating a vast network of 9,694 branches.",Not relevant,Only domestic branch counts and ownership are given; overseas branches/JV stakes not mentioned.
1162,"Does ICICI Bank have any overseas branches, representative offices, or joint-venture equity stakes, and where?","1. **Starting and Ending Entity:** Both the starting and ending entity in this knowledge graph union path is **ICICI Bank** (representing a comprehensive profile of its operational, financial, and risk metrics).

2. **Simple Business/Financial Summary:** ICICI Bank operates as a major universal bank supported by a vast physical and digital infrastructure, including 12,190 ATMs and cash-recycling machines alongside digital platforms like InstaBIZ and iMobile Pay. Financially, the bank demonstrates strong performance with a net interest margin of 4.36%, a return on assets of 2.18%, and substantial credit growth—such as a 19.6% year-on-year increase in total advances to ₹16,31,260 crore—while maintaining robust asset quality with a gross NPA of 1.38%. 

3. **Important Numerical Facts:** Key figures include total advances of ₹16,31,260 crore (growing 19.6% year-on-year), a net interest margin of 4.36%, a gross NPA of 1.38%, a return on assets of 2.18%, a CET1 ratio of 16.19%, and a network of 12,190 ATMs and cash-recycling machines.",Not relevant,"Discusses domestic ATMs and digital platforms, not overseas branches, representative offices, or JV stakes."
1163,"Does Axis Bank have any overseas branches, representative offices, or joint-venture equity stakes, and where?","**Starting Entity:** Axis Bank Limited  
**Ending Entity:** Various financial, operational, and stakeholder attributes of Axis Bank Limited  

**Summary:**  
The knowledge graph details the operations, leadership, financial metrics, and ownership structure of Axis Bank Limited under a union query pattern. Key financial facts include a CASA ratio of 38%, a comfortable CET1 capital ratio of 14.64%, total advances of 12,61,557 crore, and total deposits of 13,72,936 crore. Additionally, as of September 2026, Foreign Institutional Investors (FIIs) held a 39.91% ownership stake in the bank, while leadership is headed by MD & CEO Amitabh Chaudhry.",Not relevant,"No overseas branches, representative offices, or JV stakes are mentioned."
1164,"Does Kotak Mahindra Bank have any overseas branches, representative offices, or joint-venture equity stakes, and where?","**Starting Entity:** Kotak Mahindra Bank Limited  
**Ending Entity:** Kotak Mahindra Group Ecosystem & Financial Metrics (Q1 FY27)  

**Summary:**  
Kotak Mahindra Bank Limited operates a major universal banking franchise supported by a widespread network of 2,301 branches and 2,734 ATMs. Financially, the bank reported a consolidated profit after tax of ₹5,480 crore (up 23%) alongside a high capital adequacy ratio of 22.8% and a Q1 FY27 CASA ratio of 40.30%. Furthermore, the institution leverages a broad financial ecosystem through intra-group partnerships with Kotak Life Insurance, Kotak Mahindra Asset Management, and Kotak Securities for cross-selling.",Not relevant,"Discusses domestic group partnerships, not overseas branches/offices or JV equity stakes abroad."
1165,"Does IndusInd Bank have any overseas branches, representative offices, or joint-venture equity stakes, and where?","**Starting Entity:** INDUSIND BANK LIMITED  
**Ending Entity:** INDUSIND BANK LIMITED (Profile / Financial & Operational Overview)

**Summary:**
IndusInd Bank Limited operates extensively with 3,137 branches, 2,853 ATMs, and a total of 9,413 touchpoints, while being promoted by the Hinduja Group with a nearly 16 percent holding. Financially, the bank reported a profit after tax of ₹1,037 crore (rising 72%), an operating profit of ₹2,773 crore, and a Q1 FY27 net NPA of 0.95%. However, it faces operational vulnerabilities, including a declining CASA ratio from 31.48% to 29.43% and a CRISIL AA+ rating with a negative outlook.",Not relevant,Domestic touchpoints and promoter details only; no overseas branch/office/JV information.
1166,"Does Yes Bank have any overseas branches, representative offices, or joint-venture equity stakes, and where?","1. **Starting Entity:** YES BANK LIMITED; **Ending Entity:** ICRA (and various financial metrics/stakeholders).
2. The knowledge graph details the financial health, credit ratings, and key strategic partnerships of YES BANK LIMITED. Notably, its infrastructure and Tier II bonds were upgraded to an AA Stable rating by ICRA, while its Additional Tier I bonds maintain a D rating.
3. For Q1 FY27, the bank reported a profit after tax of ₹1,071–1,072 crore, total advances of roughly ₹2.85 lakh crore, total deposits of roughly ₹3.15 lakh crore, and a CET1 ratio of 14%.",Not relevant,Covers ratings and financial metrics only; overseas presence not addressed.
1167,"Does IDFC First Bank have any overseas branches, representative offices, or joint-venture equity stakes, and where?","1. **Starting and Ending Entity:** The starting and ending entity is **IDFC First Bank** (analyzed through its various financial, operational, and shareholding attributes).

2. **Business/Financial Summary:** IDFC First Bank demonstrated strong financial performance in Q1 FY27, recording its highest-ever quarterly profit after tax alongside solid capitalization and asset quality metrics, including low net NPAs and stable credit ratings from CRISIL. The bank is strategically focused on retail and MSME deposits and lending, supported by leadership under MD & CEO V. Vaidyanathan and a diverse institutional and public shareholding base.

3. **Numerical Facts:** Key numerical highlights include a Q1 FY27 profit after tax of ₹1,075 crore, a net interest margin of 5.96%, a CASA ratio of 50.8%, a capital adequacy ratio of 15.05%, a gross NPA of 1.51%, and a net NPA of 0.44%. Additionally, foreign institutional investors (FIIs) hold a 36.10% equity stake, mutual funds hold 12.76%, and the bank operates a network of 1,155 branches.",Not relevant,Domestic branch count and financial ratios only; overseas branches/JV stakes not mentioned.
1168,"Does Federal Bank have any overseas branches, representative offices, or joint-venture equity stakes, and where?","**1. Starting and Ending Entity:**
* **Starting Entity:** The Federal Bank Limited (The Federal Bank Limited)
* **Ending Entity:** Various financial and operational attributes of The Federal Bank Limited for Q1 FY27 and December 2024 (as this is a logical union query from a single subject).

**2. Financial Summary:**
The knowledge graph details the operational footprint, leadership, shareholding structure, and Q1 FY27 financial performance of The Federal Bank Limited. Key figures for Q1 FY27 include a net profit of ₹1,177 crore, a net interest income of ₹2,946 crore, a CASA ratio of 32.23%, and a return on equity of 12.01%. Additionally, as of December 2024, institutional holdings show FIIs holding approximately 26.3% and domestic institutions holding 48.9%, alongside stakes held by major investors like HDFC Mutual Fund (7.04%) and LIC (3.61%).",Not relevant,"No overseas branches, representative offices, or joint-venture stakes are mentioned despite Federal Bank having such presence."
1169,"Does RBL Bank have any overseas branches, representative offices, or joint-venture equity stakes, and where?","**Starting Entity:** RBL Bank  
**Ending Entity:** Emirates NBD  

**Summary:**
RBL Bank underwent a major ownership change after Emirates NBD acquired a 60% controlling stake in the bank. Following this acquisition, RBL Bank now depends on Emirates NBD for continued capital, strategic direction, and balance-sheet support. Additionally, RBL Bank reported a strong capital adequacy ratio of 33.3% and total advances of ₹1.16 trillion for Q1 FY27, alongside operational risks tied to this post-acquisition integration.",Not relevant,Foreign ownership by Emirates NBD is not the same as RBL's own overseas branches/offices; question remains unanswered.
1170,"Does South Indian Bank have any overseas branches, representative offices, or joint-venture equity stakes, and where?","**Summary of the Knowledge Graph Path:**

1. **Starting and Ending Entities:** The starting entity is **Bandhan Small Cap Fund** (along with other institutional investors like CalPERS, Kotak Multicap, and Swedbank), and the ending entity is **South Indian Bank**. 
2. **Business/Financial Explanation:** The path outlines various institutional equity holdings in South Indian Bank, which is a Kerala-headquartered universal bank regulated by the RBI and SEBI. 
3. **Numerical Facts:** Bandhan Small Cap Fund held approximately 4.75% of the bank, while other notable stakes included CalPERS at roughly 2.25%, Kotak Multicap at about 4.25%, Swedbank Robur at roughly 2.93%, and total Foreign Institutional Investors (FIIs) at roughly 24.2%.",Not relevant,"Discusses foreign institutional investors holding shares in the bank, not the bank's own overseas branches/offices/JV stakes."
1171,"Does Karur Vysya Bank have any overseas branches, representative offices, or joint-venture equity stakes, and where?","Based on the provided knowledge graph path, the starting entity is Karur Vysya Bank and the ending entity is Karur. In simple financial terms, this path identifies the primary geographic location where the bank has its headquarters. No additional numerical facts are present in the provided data.",Not relevant,Only states domestic headquarters location; overseas presence is not addressed.
1172,"Does City Union Bank have any overseas branches, representative offices, or joint-venture equity stakes, and where?","1. **Starting Entity:** City Union Bank  
   **Ending Entity:** CARE Ratings (along with various financial metrics and risk factors)

2. **Summary:**  
   The knowledge graph details the financial health, governance, and risk profile of City Union Bank, which holds an AA- credit rating with a Positive outlook from CARE Ratings. The bank exhibits strong fundamental performance, highlighted by 25% year-on-year loan growth, a Q1 FY27 CASA balance of ₹210,940 million, and a reduced net NPA of 0.61%. However, it also faces specific risks, such as geographic concentration in Tamil Nadu—where 59% of its branches are located—and operational risks stemming from a recent leadership transition to MD & CEO R. Vijay Anandh.",Not relevant,"Discusses domestic geographic concentration, not overseas branches/offices/JV stakes."
1173,"Does DCB Bank have any overseas branches, representative offices, or joint-venture equity stakes, and where?","**1. Starting and Ending Entity:** 
The starting entity is **DCB Bank Limited** and the ending entities are its various financial metrics, ownership stakes, and operational characteristics (such as AKFED and Q1 FY27 performance figures).

**2. Simple Business/Financial Language Explanation:** 
DCB Bank Limited is a retail- and SME-focused universal bank in India backed by promoter capital support from the Aga Khan Fund for Economic Development (AKFED). Financially, the bank reported a Q1 FY27 net profit of ₹213 crore (up 35.57% year-on-year) on total assets of roughly ₹88,752 crore, alongside strong capitalization with a capital adequacy ratio of 17.03%. 

**3. Important Numerical Facts:** 
* AKFED and Platinum Jubilee Investments each hold a combined 16.23% ownership stake in DCB Bank.
* In Q1 FY27, DCB Bank reported a net profit of ₹213 crore (a 35.57% year-on-year increase), total advances of ₹59,951 crore, and total deposits of ₹74,482 crore.
* The bank's capital adequacy ratio stood at 17.03% (with Tier 1 capital at 14.90% and Tier 2 at 2.13%), while its gross and net NPAs improved to 2.43% and 0.84%, respectively.",Not relevant,AKFED's foreign promoter status is not the same as the bank's own overseas branches; question is unanswered.
1174,"Does Karnataka Bank have any overseas branches, representative offices, or joint-venture equity stakes, and where?","1. **Starting and Ending Entities:** The primary subject of the paths is **Karnataka**, connecting to various entities including Bengaluru, Canara Bank, and Karnataka Bank Limited.

2. **Business/Financial Explanation:** This knowledge graph path illustrates the geographic concentration of banking and urban infrastructure in Karnataka. Specifically, Bengaluru and Karnataka Bank Limited are based in this region, while Canara Bank is headquartered there and relies on its local branch density for operations.

3. **Numerical Facts:** The provided path does not contain any specific numerical facts or figures.",Not relevant,"Discusses geographic clustering in Karnataka state, not Karnataka Bank's overseas presence."
1175,"Does Tamilnad Mercantile Bank have any overseas branches, representative offices, or joint-venture equity stakes, and where?","**Starting Entity:** Tamilnad Mercantile Bank (Tamilnad Mercantile Bank Limited)  
**Ending Entity:** CRISIL / Q1 FY27 Financial Metrics / Various Shareholders (as represented across its multi-faceted profile)

**Summary:**
This knowledge graph details the financial standing, credit ratings, operational metrics, and stakeholder profile of Tamilnad Mercantile Bank. Key numerical facts include a Q1 FY27 net profit of ₹412 crore, a return on equity (ROE) of 15.93%, a robust capital-adequacy ratio of 32.33%, and a gross NPA of 0.69%. Additionally, the bank maintains credit ratings from CRISIL (such as A+ Stable for fixed deposits and A1+ for short-term deposits) and lists various institutional shareholders holding specific stakes as of March 2025.",Not relevant,Financial and shareholder profile only; no overseas branches/offices/JV stakes discussed.
1176,"Does CSB Bank have any overseas branches, representative offices, or joint-venture equity stakes, and where?","1. **Starting Entity:** CSB Bank
   **Ending Entity:** Various financial metrics, institutional shareholders, regulatory bodies, and strategic risk/operational factors associated with CSB Bank.

2. **Summary:** 
   CSB Bank is a legacy universal bank headquartered in Kerala, promoted and backed by Fairfax Financial Holdings, and led by MD & CEO Pralay Mondal. The bank maintains a strong capital adequacy ratio of 19.96% alongside key institutional investors like SBI Small Cap Fund (6.34%) and FIH Mauritius (40%). Operationally, it reported ₹45,415 crore in total deposits, ₹40,309 crore in net advances, and a net profit of ₹150 crore, while navigating strategic risks and opportunities tied heavily to its gold-loan portfolio and diversification efforts.",Not relevant,Foreign promoter ownership (Fairfax) is not the bank's own overseas branch presence; question unaddressed.
1177,"Does Bandhan Bank have any overseas branches, representative offices, or joint-venture equity stakes, and where?","**Starting Entity:** CRISIL  
**Ending Entity:** Bandhan Bank  

**Summary:**  
CRISIL evaluates Bandhan Bank's credit profile and market position, reaffirming an A1+ rating on its certificates of deposit and an AA- Stable rating on its non-convertible debentures. The rating agency highlights the bank's established presence in the micro loan segment alongside risks such as geographic concentration in East and Northeast India and vulnerability to microfinance-sector stress.",Not relevant,"Focuses on domestic geographic concentration and ratings, not overseas branches/offices/JV stakes."
1178,"Does Jammu & Kashmir Bank have any overseas branches, representative offices, or joint-venture equity stakes, and where?","1. **Starting Entity and Ending Entity:** The starting entity is **The Jammu & Kashmir Bank Limited**, and the ending entities include various financial metrics, operational figures, and credit ratings associated with the bank (such as CARE Ratings and financial results like net profit).

2. **Simple Business/Financial Explanation:** The knowledge graph outlines the operational scale, governance, credit standing, and financial performance of The Jammu & Kashmir Bank Limited. It highlights the bank's strong government backing, branch and ATM network distribution, regulatory oversight, and key financial health indicators.

3. **Important Numerical Facts:** As of June 2025, the J&K government held a 51.89% ownership stake, while UT Ladakh held 4.16% and LIC held 1.33%. As of December 2025, the bank operated 1,008 branches and 1,436 ATMs. Furthermore, the bank reported a quarterly net profit of ₹424.18 crore, a Q1 FY27 net interest income of ₹3,546.08 crore, an improved gross NPA of 2.37%, and a Basel III capital adequacy ratio of 16.67%.",Not relevant,"Domestic branches, ownership, and financials only; overseas presence is not addressed."
1179,"Does Dhanlaxmi Bank have any overseas branches, representative offices, or joint-venture equity stakes, and where?","1. **Starting and Ending Entities:** The starting entity is **Dhanlaxmi Bank Limited**, and the ending entities include its various operational, financial, and stakeholder attributes (such as financial metrics for Q1 FY27, ownership stakes, and credit ratings).

2. **Business/Financial Summary:** Dhanlaxmi Bank Limited, led by MD & CEO Ajith Kumar K.K. and headquartered in Kerala, operates a modest franchise of 264 branches and 285 ATMs while holding a universal banking license. In Q1 FY27, the bank demonstrated financial recovery, with net profit doubling year-on-year to ₹24.9 crore and total business crossing ₹35,000 crore, supported by an improved gross NPA of 1.82%. However, the bank faces strategic challenges, including a sub-scale operational framework, historical governance disputes, and intense competition from larger regional peers.

3. **Numerical Facts:** Key figures include a Q1 FY27 net profit of ₹24.9 crore, total income of ₹484.25 crore, interest income of ₹449 crore, and total business exceeding ₹35,000 crore. Additionally, the bank operates 264 branches and 285 ATMs, while ownership stakes include Ares Diversified at 3.74%, Ayushmat Ltd at 3.38%, and FIIs at approximately 15.31%.",Not relevant,Domestic branch counts and financials only; no overseas branch/office/JV information given.
1180,"Does IDBI Bank have any overseas branches, representative offices, or joint-venture equity stakes, and where?","1. **Starting and Ending Entities:** The starting entity is **IDBI Bank Limited**, and the ending entities include its various financial metrics, operational scale, and regulatory bodies associated with its ownership transition.

2. **Simple Business/Financial Language:** IDBI Bank Limited is a universal bank offering retail, corporate, agricultural, and MSME services, with major ownership held by LIC (49.24%) and the Government of India (45.48-45.50%). As it undergoes a strategic disinvestment process, the bank is regulated by bodies like the RBI and DIPAM, while being led by MD & CEO Rakesh Sharma. 

3. **Important Numerical Facts:** In FY24-25, IDBI Bank reported a net profit of ₹7,515 crore, deposits of ₹309,975 crore, and advances of ₹218,399 crore, alongside an improved gross NPA of 2.98%, a return on assets of 1.82%, and a return on equity of 16.10%. Additionally, the bank operates between 1,890 and 2,104 branches and utilizes 3,300 to 3,700 ATMs.",Not relevant,Ownership and domestic operational metrics only; overseas presence is not covered.
1181,"Does AU Small Finance Bank have any overseas branches, representative offices, or joint-venture equity stakes, and where?","1. **Starting Entity:** AU Small Finance Bank Limited (subject of the query path); **Ending Entities:** Various stakeholders, financial metrics, and operational/regulatory attributes linked to the bank.
2. AU Small Finance Bank Limited is a regulated financial institution that reported strong Q1 FY27 performance—including a 37% year-on-year rise in profit after tax—and is currently pursuing a transition to a full universal bank following RBI in-principle approval. 
3. Key numerical facts include a Q1 FY27 profit after tax of ₹795.95 crore, gross advances of ₹1,44,250 crore, total deposits of ₹1,57,727 crore, a CET1 ratio of 17.1%, and a CASA ratio of roughly 29%.",Not relevant,Financial performance and regulatory transition only; no overseas branch/office/JV information.
1182,"Does Equitas Small Finance Bank have any overseas branches, representative offices, or joint-venture equity stakes, and where?","Based on the provided knowledge graph path, the starting entity is **Equitas Small Finance Bank**, and the ending entities are its various financial metrics, ownership stakes, risks, and operational characteristics (such as its 11.76% return on equity and major mutual fund holdings). 

Equitas Small Finance Bank operates as a diversified retail lender—offering housing, vehicle, and small-business loans—backed by an AA- Stable issuer rating and significant institutional investments like HDFC Mutual Fund's 8.57% stake as of December 2024. Financially, the bank reported a cost of funds of 7.05% and a return on equity of 11.76%, while facing operational challenges such as an elevated cost-to-income ratio of 68.38% and credit risks tied to residual microfinance exposure.",Not relevant,Financial metrics and shareholding only; overseas presence is not mentioned.
1183,"Does Ujjivan Small Finance Bank have any overseas branches, representative offices, or joint-venture equity stakes, and where?","**Starting Entity:** Ujjivan Small Finance Bank  
**Ending Entity:** Various financial, operational, and governance attributes of the bank (representing a logical union of relationship patterns from the same subject).  

**Summary:**  
Ujjivan Small Finance Bank is actively diversifying its loan portfolio into secured retail segments—such as affordable housing reaching ₹11,210 crore, gold loans surging by 248.6%, and MSME lending growing 54%—while managing a legacy microfinance concentration and a gross NPA of 2.17%. Financially, the bank reported a profit after tax of ₹317 crore (up 206.7% year-on-year), a net interest income of ₹1,186 crore, and a return on equity of 18.2%. Additionally, institutional investors like mutual funds held 14.83% of the bank as of September 2025, and leadership transitions include Carol Furtado stepping in as acting MD & CEO effective September 1, 2026.",Not relevant,Foreign institutional investor (IFC) shareholding is not the same as the bank's own overseas branches; question unaddressed.
1184,"Does ESAF Small Finance Bank have any overseas branches, representative offices, or joint-venture equity stakes, and where?","1. **Starting entity:** ESAF Small Finance Bank; **Ending entity:** CARE Ratings (and various financial metrics/shareholders).

2. **Summary:** The knowledge graph details ESAF Small Finance Bank's financial standing, governance, and credit profile, highlighting that it is rated by CARE Ratings with an A- long-term and A1 short-term rating and a stable outlook as of September 2, 2026. 

3. **Numerical facts:** Key figures include a Q1 FY27 capital adequacy ratio of 23.86%, a CASA ratio of 23.39%, a net interest margin of 7.9%, gross advances of ₹23,216 crore, and major promoter stakes held by ESAF Financial Holdings (52.87%) and ESAF Swasraya Multistate Agro Co-operative Society (4.35%).",Not relevant,Ratings and financial metrics only; overseas presence not addressed.
1185,"Does Utkarsh Small Finance Bank have any overseas branches, representative offices, or joint-venture equity stakes, and where?","1. **Starting Entity:** Utkarsh Small Finance Bank; **Ending Entities:** Various operational dependencies, regulatory bodies, and credit rating agencies (including CARE and ICRA).

2. This knowledge graph path outlines the key business dependencies, regulatory environment, and credit profile of Utkarsh Small Finance Bank. The bank relies heavily on the microfinance sector—particularly in Bihar and Uttar Pradesh—while holding a small-finance-bank license and operating under the regulatory oversight of the RBI and SEBI. 

3. Regarding its financial health, the bank faces risks from elevated gross and net non-performing assets (NPAs) and promoter dilution, receiving a divergent credit rating assignment of A- Stable from CARE and a Negative outlook from ICRA.",Not relevant,Regulatory and credit risk profile only; overseas branches/offices/JV stakes not discussed.
1186,"Does Suryoday Small Finance Bank have any overseas branches, representative offices, or joint-venture equity stakes, and where?","**Starting Entity:** Suryoday Small Finance Bank  
**Ending Entity:** Suryoday Small Finance Bank (Self-referential multi-hop graph detailing its financial performance, strategic growth, regulatory environment, and risk profile)

**Summary:**
Suryoday Small Finance Bank demonstrates strong financial growth, highlighted by a net profit surge of 113.10% year-on-year to ₹75.18 crore and a net interest margin of 4.21%. The bank is expanding through diversification into affordable-housing and MSME lending while maintaining a robust capital adequacy ratio of 21.6%. However, it faces operational and reputational risks due to unresolved discrepancies in its gross NPA reporting, which ranges between 2.47% and 6.60%.",Not relevant,Financial growth and NPA discrepancy only; no overseas branch/office/JV information.
1187,"Does Jana Small Finance Bank have any overseas branches, representative offices, or joint-venture equity stakes, and where?","1. **Starting Entity:** Jana Small Finance Bank Limited  
   **Ending Entity:** Various financial, operational, ownership, and leadership attributes associated with the bank.

2. **Explanation:** This knowledge graph path outlines the corporate, financial, and operational profile of Jana Small Finance Bank Limited. It details key leadership figures, institutional shareholdings, regulatory oversight, risk factors, and recent financial performance metrics such as profitability, capital adequacy, and asset quality.

3. **Numerical Facts:** The bank reported a profit after tax of ₹155.23 crore (up 52.29% year-on-year) and earnings per share of ₹14.74 for Q1 FY27, alongside a capital adequacy ratio of 20.18%. Its asset quality for Q1 FY27 showed a gross NPA of 2.39% and a net NPA of 0.91%, while historical milestones include a ₹2,504 crore loss from the 2016 demonetization and an FY26 return on equity of 8%. Stakeholders include promoter Jana Holdings Limited (16.94%) alongside other institutional investors like Volrado Venture Partners (2.78%) and ICICI Prudential Life Insurance (1.54%).",Not relevant,Shareholding and financial performance only; overseas presence is not addressed.
1188,"What technology platform, digital channel, or core banking system is specifically associated with State Bank of India?","1. **Starting Entity and Ending Entity**: The starting entity is **State Bank of India (SBI)**, and the ending entities include various financial metrics, operational scales, and ownership structures (such as the Government of India holding a 55.03% stake and domestic deposits reaching ₹60.06 trillion).

2. **Simple Business/Financial Language**: The knowledge graph path outlines the comprehensive operations, financial performance, and governance of the State Bank of India. It details SBI's extensive retail and corporate banking services, physical and digital infrastructure, Q1 FY27 financial results, and key institutional stakeholders. 

3. **Important Numerical Facts**: Key figures include a massive distribution network of roughly 22,500 branches and 65,000 ATMs, total deposits of ₹60.06 trillion growing 9.73% year-on-year, a domestic loan book of ₹42.76 trillion, and a net interest income of ₹46,992 crore for the June 2026 quarter. Additionally, the bank reported a robust return on equity of 17.87%, a capital adequacy ratio of 15.67%, a gross NPA of 1.47%, and a majority ownership stake of 55.03% held by the Government of India.",Not relevant,"Only vaguely mentions ""digital infrastructure"" without naming any specific technology platform, digital channel, or core banking system."
1189,"What technology platform, digital channel, or core banking system is specifically associated with Bank of Baroda?","Based on the knowledge graph data, the starting entity is **Bank of Baroda** and the ending entities comprise its various financial, operational, and governance attributes for **Q1 FY27**. 

Operating as a universal public sector bank, Bank of Baroda serves a diverse customer base ranging from retail and MSMEs to government and large-corporate clients. In Q1 FY27, the bank reported a net interest income of ₹12,524 crore (a 9.5% increase), though its reported net profit fell 72% year-on-year to ₹1,278 crore due to a one-off legal settlement. Additionally, the bank's global deposits reached ₹16,33,559 crore, while its asset quality improveded to 1.99% and its capital adequacy ratio stood at a healthy 16.30%.",Not relevant,Discusses financial metrics and customer segments but names no specific technology platform or core banking system.
1190,"What technology platform, digital channel, or core banking system is specifically associated with Punjab National Bank?","Based on the provided knowledge graph path, the starting entity is **Punjab National Bank**, which connects to various organizational attributes, leadership figures, and major stakeholders as its ending entities. The bank operates as a universal bank headquartered in New Delhi and Dwarka, led by Non-Executive Chairman K.G. Ananthakrishnan and MD & CEO Ashok Chandra. Financially, the institution is primarily state-backed, with the Government of India holding a dominant **70.08%** ownership stake, while mutual funds hold **6.53%**, and FIIs, NRIs, and OCBs share a combined **6.59%** stake alongside holdings by LIC.",Not relevant,Leadership and ownership details only; no technology platform or core banking system named.
1191,"What technology platform, digital channel, or core banking system is specifically associated with Canara Bank?","Based on the provided knowledge graph data, the starting and ending entity is **Canara Bank** (acting as the central subject linked to its operational, financial, and structural attributes). 

Canara Bank is a major universal bank—majority-owned by the Government of India at 62.93% as of March 2026—with a vast network that includes 9,861 branches and 7,907 ATMs as of June 2025. Financially, the bank reported a strong return on equity of 18.31%, a capital adequacy ratio of 17.17% for Q1 FY27, and a sound asset quality with a gross NPA of 1.57%. However, its operations face certain risks, notably funding pressures from a lower CASA ratio of 29.70% and economic exposure to monsoon-linked agricultural seasonality.",Not relevant,"No technology platform, digital channel, or core banking system is named."
1192,"What technology platform, digital channel, or core banking system is specifically associated with Union Bank of India?","**Summary of Knowledge Graph Path:**

1. **Starting and Ending Entities:** The starting entity is **Union Bank of India**, and the path encompasses its various financial metrics, operational footprints, ownership structures, and risk factors as the central node.
2. **Business/Financial Summary:** Union Bank of India operates as a major universal bank with an extensive network of 8,621 branches and 8,910 ATMs, offering a comprehensive suite of retail, corporate, MSME, agricultural, and international banking services. The bank is predominantly owned by the Government of India (74.76%) and demonstrated strong financial performance, with standalone net profit rising 29.5% year-on-year to ₹5,332 crore and a capital adequacy ratio of 18.46%. 
3. **Key Numerical Facts:** Key figures include a gross NPA of 2.65%, a net NPA of 0.47%, a return on assets of 1.36%, and an advances growth of 12.50% year-on-year, though management faces a strategic risk due to a deposit growth lag of just 3.50%.",Not relevant,"No specific digital channel, technology platform, or core banking system is identified."
1193,"What technology platform, digital channel, or core banking system is specifically associated with Bank of India?","1. **Starting Entity and Ending Entity:** The starting and ending entity is **Bank of India** (acting as the central subject linked to various operational, financial, and regulatory attributes).

2. **Simple Business/Financial Summary:** Bank of India operates as a government-owned universal bank offering diverse financial services—such as trade finance, forex, and cash management—to retail, MSME, corporate, and agricultural customers. During Q1 FY27, the bank demonstrated solid financial performance, reporting a standalone net profit of ₹3,068 crore alongside improved asset quality, as its gross NPA fell to 1.81% and capital adequacy reached 18.69%. 

3. **Important Numerical Facts:** Key figures include a Q1 FY27 standalone net profit of ₹3,068 crore, global advances of ₹7.98 lakh crore (up 18.84% year-on-year), a CASA ratio of 36.68%, and a gross NPA of 1.81%. Additionally, the bank operates a vast domestic network of 5,202 branches and 8,166 ATMs, with the Government of India holding a 73.38% ownership stake.",Not relevant,"Names general service lines (trade finance, forex) but no specific technology platform or core banking system."
1194,"What technology platform, digital channel, or core banking system is specifically associated with Indian Bank?","**Starting Entity:** Indian Bank  
**Ending Entity:** Financial, operational, risk, and structural attributes of Indian Bank (representing a union of various relationship patterns from the same subject).

Indian Bank operates as a major universal bank—strengthened by its merger with Allahabad Bank—backed by a 73.84% Government of India ownership stake and an extensive network comprising 6,001 branches and 5,657 ATMs and cash-recycling machines. Financially, the bank reported a total quarterly income of ₹20,723.62 crore (with interest income making up 87% at ₹18,090.16 crore), alongside robust capital metrics including a capital adequacy ratio of 17.58%, a CET1 ratio of 16.51%, and low gross and net NPA levels of 1.86% and 0.15%, respectively. Strategically, it focuses on RAM (Retail, Agriculture, and MSME) lending, manages various market and credit risks, and utilizes diverse funding instruments such as Additional Tier I and Tier II bonds rated by CRISIL.",Not relevant,Financial and strategic focus details only; no technology platform or core banking system named.
1195,"What technology platform, digital channel, or core banking system is specifically associated with Central Bank of India?","**Starting Entity:** Central Bank of India  
**Ending Entity:** Various financial, operational, and ownership attributes of the bank (as captured in Q1 FY27).

**Summary:**
The knowledge graph details the financial performance, risk profile, and ownership structure of the Central Bank of India for Q1 FY27. During this quarter, the bank achieved a robust CASA ratio of 46.61% and generated a Net Interest Income of ₹3,914 crore (up 15.70% year-on-year), alongside total advances reaching ₹354,348 crore. Financially, it reported a Return on Assets of 1.00%, a Return on Equity of 14.92%, and a strong Capital Adequacy ratio of 18.28%. Furthermore, the bank is predominantly owned by the Government of India, which held an 89.27% stake as of March 2025.",Not relevant,Financial and ownership metrics only; no technology platform is identified.
1196,"What technology platform, digital channel, or core banking system is specifically associated with Indian Overseas Bank?","1. **Starting and Ending Entity:** The starting and ending entity in this knowledge graph path is **Indian Overseas Bank**.

2. **Simple Business/Financial Summary:** Indian Overseas Bank demonstrated strong financial performance in Q1 FY27, marked by a 49.32% surge in net profit to ₹1,659 crore and a Net Interest Income of ₹3,688 crore, alongside improved asset quality reflected by a gross NPA of 1.33% and provision coverage ratio of 97.67%. 

3. **Important Numerical Facts:** During Q1 FY27, the bank recorded a Domestic Net Interest Margin of 3.48%, a capital adequacy ratio of 19.36%, and global advances of ₹3.22 trillion (up 22.75% year-on-year), However, it also faced pressures, including a rising cost-to-income ratio jumping to 53.95% and a credit-deposit ratio jumping by 630 basis points to 85.63%.",Not relevant,Purely financial performance metrics; no technology platform or digital channel is named.
1197,"What technology platform, digital channel, or core banking system is specifically associated with UCO Bank?","Based on the provided knowledge graph data, the starting entity is **UCO Bank** and the ending entities include its various operational metrics, risk exposures, financial figures, and governance details. 

As of the reported periods, UCO Bank operates 3,302 branches and 2,613 ATMs while reporting strong financial performance, including a net profit of ₹656 crore (up 8% year-on-year) and a capital ratio of 17.12% for FY26. The bank is majority-owned by the Government of India with a 90.95% stake as of December 2025, and it maintains credit ratings from agencies such as CRISIL and CARE Ratings while managing various operational and regulatory risks.",Not relevant,Branch/ATM counts and ownership only; no technology platform named.
1198,"What technology platform, digital channel, or core banking system is specifically associated with Bank of Maharashtra?","1. **Starting Entity:** Bank of Maharashtra  
   **Ending Entities:** Various operational, financial, and risk metrics (e.g., Q1 FY27 total business of ₹6.51 lakh crore, ₹2,020 crore net profit, and Government of India ownership of 79.60%).

2. **Path Summary:**  
   Bank of Maharashtra demonstrates robust financial performance, highlighted by a Q1 FY27 total business of ₹6.51 lakh crore (up 19% year-on-year) and a quarterly net profit of ₹2,020 crore (up 27% year-on-year), alongside strong asset quality reflected in a gross NPA of 1.45%. However, the bank faces structural vulnerabilities, including geographic concentration in western India, funding risks tied to repeated capital-raising needs, and regulatory risks surrounding public-shareholding compliance. These risks are heavily influenced by the Government of India's controlling stake of 79.60% as of March 2025 and the necessity for further equity dilution to meet public-float requirements.",Not relevant,Financial and risk metrics only; no technology platform or core banking system named.
1199,"What technology platform, digital channel, or core banking system is specifically associated with Punjab & Sind Bank?","1. **Starting and Ending Entities:** The starting entity is Punjab & Sind Bank, and the ending entities include its various operational metrics, leadership figures (such as MD Swarup Kumar Saha and Non-Executive Chairman Charan Singh), and key shareholders like the Government of India (holding a 93.85% stake) and LIC (holding 1.33%).

2. **Business/Financial Explanation:** Headquartered in New Delhi and regulated by the RBI and SEBI, Punjab & Sind Bank operates 1,817 branches with a strong focus on the retail, agricultural, and MSME customer segments, particularly concentrated in the Punjab region. The bank demonstrates solid capital adequacy and an AA Stable bond rating, though it faces operational and reputational risksized capital adequacy and an AA Stable bond rating, though it faces operational risks from its small scale, a modest earnings profile, and high government ownership concentration.

3. **Numerical Facts:** The bank operates 1,817 branches, while major shareholders include the Government of India with a 93.85% ownership stake and LIC with a 1.33% stake.",Not relevant,"Leadership, ownership, and branch counts only; no technology platform or core banking system named."
