text,ground_truth
What is State Bank of India's ticker symbol and on which exchange(s) does it trade?,"SBIN, listed on both the NSE and the BSE."
"Who is the current MD & CEO (or Chairman, where that is the top executive title) of State Bank of India?","The bank's top executive is titled Chairman, not MD & CEO, under the SBI Act; C S Setty has held the role since his appointment was reported in August 2024."
"What percentage of State Bank of India is held by its government promoter or largest shareholder, and as of what date?","The Government of India is SBI's majority owner, holding 55.03% as of 31 March 2026."
What was State Bank of India's CASA ratio in the most recently reported quarter?,39.24% in the June 2026 quarter (Q1 FY27).
What is State Bank of India's net interest margin (NIM) for the latest reported period?,3.00% (domestic).
What are State Bank of India's gross NPA and net NPA ratios?,Gross NPA 1.47% and net NPA 0.38%.
"What is State Bank of India's capital adequacy ratio (CRAR), and its CET1 ratio if disclosed?","Capital adequacy ratio 15.67%. CET1 percentage not stated, other than that it is comfortably above the 8.80% regulatory minimum."
What are State Bank of India's return on assets (ROA) and return on equity (ROE) for the latest quarter?,Return on assets 1.11% and return on equity 17.87% for Q1 FY27.
What was State Bank of India's total advances (loan book) and deposit growth in the latest quarter?,"Total deposits ₹60.06 trillion, up 9.73% year-on-year; domestic advances ₹42.76 trillion, up 18.15% year-on-year."
"What credit ratings has State Bank of India received, and from which rating agencies?",Historically in the Moody's Baa2/Baa3 and S&P/Fitch BBB- range on long-term issuer/deposit ratings (older Business Standard archive coverage); no dated 2026 rating action could be confirmed.
"Roughly how many branches and ATMs does State Bank of India operate, and as of what date?","Roughly 22,500 branches and 65,000 ATMs (government public-statement figure via Business Today, not independently re-verified)."
"What products and services does State Bank of India offer, and which customer segments does it serve?","Full retail and corporate banking suite (deposits, home/auto/personal/education/agri/MSME loans, cards), plus wealth management, trade finance, treasury/forex, cash management, investment banking via SBI Caps, and NRI banking, serving retail mass-market, HNI, MSME, large-corporate, government/institutional and NRI customers."
What is Bank of Baroda's ticker symbol and on which exchange(s) does it trade?,"BANKBARODA, listed on both the NSE and the BSE."
"Who is the current MD & CEO (or Chairman, where that is the top executive title) of Bank of Baroda?",Debadatta Chand is MD & CEO; the current non-executive chairman could not be confirmed.
What was Bank of Baroda's CASA ratio in the most recently reported quarter?,"37.72% in Q1 FY27, down from 38.88% a year earlier."
What is Bank of Baroda's net interest margin (NIM) for the latest reported period?,2.77% globally and 2.93% domestically.
What are Bank of Baroda's gross NPA and net NPA ratios?,Gross NPA 1.99% (down 29 basis points year-on-year) and net NPA 0.50%.
"What is Bank of Baroda's capital adequacy ratio (CRAR), and its CET1 ratio if disclosed?","Capital adequacy 16.30% with CET1 13.90% standalone (consolidated capital adequacy 16.70%, CET1 14.36%); a separate February 2026 AT-1 rating rationale cited CET1 at 12.45%, which does not reconcile with these figures and is left unresolved."
What are Bank of Baroda's return on assets (ROA) and return on equity (ROE) for the latest quarter?,Return on assets 0.25% as reported or 1.10% excluding a one-off; return on equity 3.89% reported or 16.57% excluding the one-off.
What was Bank of Baroda's total advances (loan book) and deposit growth in the latest quarter?,"Global advances grew 17.4% year-on-year; global deposits ₹16,33,559 crore, up 13.8%; domestic deposits ₹13,81,535 crore, up 14.7%."
"What credit ratings has Bank of Baroda received, and from which rating agencies?",AT-1 bonds reaffirmed ICRA AA+ Stable.
"Roughly how many branches and ATMs does Bank of Baroda operate, and as of what date?","More than 8,400 branches and over 10,000 ATMs as of September 2025, plus 107 international branches/offices across 24 countries and a Zambia joint-venture bank with 16 branches."
"What products and services does Bank of Baroda offer, and which customer segments does it serve?","Standard deposit/loan suite, BOBCARD-issued credit cards, trade finance, forex, treasury, cash management, wealth management and NRI banking, serving retail, MSME, large-corporate, NRI and government customers."
What is Punjab National Bank's ticker symbol and on which exchange(s) does it trade?,"PNB, listed on both the NSE and the BSE."
"Who is the current MD & CEO (or Chairman, where that is the top executive title) of Punjab National Bank?",Non-executive chairman K G Ananthakrishnan and MD & CEO Ashok Chandra.
"What percentage of Punjab National Bank is held by its government promoter or largest shareholder, and as of what date?",Government ownership was 70.08% as of 31 March 2026.
What was Punjab National Bank's CASA ratio in the most recently reported quarter?,36.7% of domestic deposits in Q1 FY27.
What is Punjab National Bank's net interest margin (NIM) for the latest reported period?,2.50% globally and 2.64% domestically.
What are Punjab National Bank's gross NPA and net NPA ratios?,Gross NPA more than halved from historical highs to 2.78%; net NPA 0.28%.
"What is Punjab National Bank's capital adequacy ratio (CRAR), and its CET1 ratio if disclosed?",Capital adequacy 18.13%; CET1 improved to 14.52% from 10.95% a year earlier.
What are Punjab National Bank's return on assets (ROA) and return on equity (ROE) for the latest quarter?,Return on assets 1.04%; return on equity 17.33% annualized.
What was Punjab National Bank's total advances (loan book) and deposit growth in the latest quarter?,"Advances grew 12.7% year-on-year and deposits 8.5%; net interest income growth was muted at 2.1% year-on-year, reaching ₹10,798 crore."
"What credit ratings has Punjab National Bank received, and from which rating agencies?","Fitch upgraded PNB's Viability Rating from bb- to bb and affirmed its Long-Term Issuer Default Rating at BBB- Stable, noting a 3.2% impaired-loan ratio over the prior nine months."
"Roughly how many branches and ATMs does Punjab National Bank operate, and as of what date?","10,324 branches and 11,065 ATMs as of March 2026, plus seven UK branches, branches in Hong Kong/Dubai/Afghanistan, representative offices in Kazakhstan/UAE/China/Norway/Australia, and equity stakes in banks in Bhutan (51%), Nepal (20%) and Kazakhstan (41.64%)."
"What products and services does Punjab National Bank offer, and which customer segments does it serve?","Standard deposit/loan suite plus gold coins and bullion, life/non-life insurance and asset-management distribution, trade finance, treasury, forex and cash management, skewed toward MSME and agriculture in north India."
What is Canara Bank's ticker symbol and on which exchange(s) does it trade?,"CANBK, listed on both the NSE and the BSE."
"Who is the current MD & CEO (or Chairman, where that is the top executive title) of Canara Bank?",Brajesh Kumar Singh serves as MD & CEO; the current non-executive chairman could not be confirmed (sources conflicted between Vijay Srirangan and a report that he ceased to hold the role).
"What percentage of Canara Bank is held by its government promoter or largest shareholder, and as of what date?",Government of India ownership was 62.93% as of March 2026.
What was Canara Bank's CASA ratio in the most recently reported quarter?,29.70% in Q1 FY27 — lower than several peers running CASA ratios above 35%.
What are Canara Bank's gross NPA and net NPA ratios?,Gross NPA 1.57% and net NPA 0.36%.
"What is Canara Bank's capital adequacy ratio (CRAR), and its CET1 ratio if disclosed?",Capital adequacy 17.17% with CET1 12.91%.
What are Canara Bank's return on assets (ROA) and return on equity (ROE) for the latest quarter?,Return on equity 18.31% and return on assets 1.04%.
What was Canara Bank's total advances (loan book) and deposit growth in the latest quarter?,Advances grew 17.97% year-on-year and deposits 11.63%.
"What credit ratings has Canara Bank received, and from which rating agencies?","No current, dated credit rating for Canara Bank could be confirmed in this dataset."
"Roughly how many branches and ATMs does Canara Bank operate, and as of what date?","9,861 branches and a combination of 7,907 ATMs and 2,940 cash-recycling machines as of June 2025, plus international operations in the UK, UAE, US, Hong Kong, China, Bahrain and Tanzania."
"What products and services does Canara Bank offer, and which customer segments does it serve?","Standard product range plus trade finance, treasury, forex, cash management, and insurance/asset-management distribution through its Canara HSBC Life Insurance and Canara Robeco Asset Management joint ventures."
What is Union Bank of India's ticker symbol and on which exchange(s) does it trade?,"UNIONBANK, listed on both the NSE and the BSE."
"Who is the current MD & CEO (or Chairman, where that is the top executive title) of Union Bank of India?","Asheesh Pandey was appointed MD & CEO in 2026, succeeding A. Manimekhalai; the current non-executive chairman could not be confirmed (sources conflict on whether Srinivasan Varadarajan still holds the role)."
"What percentage of Union Bank of India is held by its government promoter or largest shareholder, and as of what date?","Reported at roughly 74.76% by one source (ChoiceIndia), though the exact reporting period behind that figure is ambiguous."
What was Union Bank of India's CASA ratio in the most recently reported quarter?,"No precise ratio given; management referenced average CASA balances exceeding ₹24,000 crore."
What is Union Bank of India's net interest margin (NIM) for the latest reported period?,2.80% per the earnings-call transcript.
What are Union Bank of India's gross NPA and net NPA ratios?,Gross NPA improved to 2.65% from 3.52% a year earlier; net NPA 0.47%.
"What is Union Bank of India's capital adequacy ratio (CRAR), and its CET1 ratio if disclosed?","Capital adequacy 18.46%; a separate Fitch-linked release cited CET1 at 15.7%, which does not obviously reconcile with the capital-adequacy figure and is left unresolved."
What are Union Bank of India's return on assets (ROA) and return on equity (ROE) for the latest quarter?,"Return on assets 1.36%, described by management as having held for three consecutive quarters."
What was Union Bank of India's total advances (loan book) and deposit growth in the latest quarter?,Advances growth of 12.50% year-on-year and deposit growth of just 3.50% were both cited only in a single lower-confidence secondary source and should be treated cautiously.
"What credit ratings has Union Bank of India received, and from which rating agencies?",Fitch upgraded the Viability Rating from bb- to bb and affirmed the Long-Term Issuer Default Rating at BBB- Stable.
"Roughly how many branches and ATMs does Union Bank of India operate, and as of what date?","Branch count was 8,621 with 8,910 ATMs as of March 2025; an unconfirmed later 2026 reference put this closer to 8,697 branches (including two overseas) and 8,656 ATMs, with an international presence in Hong Kong, Sydney, Dubai, the UK, Shanghai, Beijing and Abu Dhabi."
"What products and services does Union Bank of India offer, and which customer segments does it serve?","Standard retail, MSME, agricultural and corporate suite, trade finance, treasury, forex and cash-management services."
What is Bank of India's ticker symbol and on which exchange(s) does it trade?,"BANKINDIA, listed on both the NSE and the BSE."
"Who is the current MD & CEO (or Chairman, where that is the top executive title) of Bank of India?","Rajneesh Karnatak is MD & CEO, with his term extended by three years."
"What percentage of Bank of India is held by its government promoter or largest shareholder, and as of what date?","Government ownership was cited at 73.38% by Angel One, though the reporting period was not specified."
What was Bank of India's CASA ratio in the most recently reported quarter?,36.68% in Q1 FY27.
What is Bank of India's net interest margin (NIM) for the latest reported period?,2.52% globally.
What are Bank of India's gross NPA and net NPA ratios?,Gross NPA down 111 basis points year-on-year to 1.81%; net NPA down 24 basis points to 0.51%.
"What is Bank of India's capital adequacy ratio (CRAR), and its CET1 ratio if disclosed?","Capital adequacy 18.69%, up from 17.39%."
What are Bank of India's return on assets (ROA) and return on equity (ROE) for the latest quarter?,Return on assets 1.01%.
What was Bank of India's total advances (loan book) and deposit growth in the latest quarter?,Global advances grew 18.84% year-on-year to ₹7.98 lakh crore (domestic gross advances up 19.20% to ₹6.74 lakh crore); global deposits grew 14.90% to ₹9.58 lakh crore.
"What credit ratings has Bank of India received, and from which rating agencies?","No current, dated credit rating for Bank of India could be confirmed in this dataset."
"Roughly how many branches and ATMs does Bank of India operate, and as of what date?","Domestic branch count 5,202 with 8,166 ATMs; overseas branch count is unclear (one figure cites 60, another from the same source cites 22 — not reconciled), via five subsidiaries and one joint venture abroad."
"What products and services does Bank of India offer, and which customer segments does it serve?","Standard retail, MSME, agricultural and corporate range plus trade finance, treasury, forex and cash-management services."
What is Indian Bank's ticker symbol and on which exchange(s) does it trade?,"INDIANB, listed on both the NSE and the BSE."
"Who is the current MD & CEO (or Chairman, where that is the top executive title) of Indian Bank?",Binod Kumar has been MD & CEO since January 2025. Current non-executive chairman: not stated.
"What percentage of Indian Bank is held by its government promoter or largest shareholder, and as of what date?","Government ownership stood at 73.84% (source: CRISIL's rating rationale, dated 6 February 2026)."
What are Indian Bank's gross NPA and net NPA ratios?,Gross NPA improved to 1.86% and net NPA to 0.15%.
"What is Indian Bank's capital adequacy ratio (CRAR), and its CET1 ratio if disclosed?",Capital adequacy 17.58% and CET1 16.51%.
What are Indian Bank's return on assets (ROA) and return on equity (ROE) for the latest quarter?,Net profit up roughly 10% year-on-year (standalone ROA/ROE not stated).
What was Indian Bank's total advances (loan book) and deposit growth in the latest quarter?,Deposits grew 13.5% year-on-year and credit grew 14%.
"What credit ratings has Indian Bank received, and from which rating agencies?","CRISIL, reaffirmed 6 February 2026: AAA Stable on Tier II Basel III bonds and infrastructure bonds, AA+ Stable on Additional Tier I bonds, and A1+ on its certificate-of-deposit programme."
"Roughly how many branches and ATMs does Indian Bank operate, and as of what date?","6,001 branches and 5,657 ATMs/cash-recycling machines, plus international branches in Colombo and Singapore and a correspondent-banking network of 227 banks across 75 countries."
"What products and services does Indian Bank offer, and which customer segments does it serve?","Standard deposit/loan suite plus trade finance, forex, treasury, cash management and wealth management, with a strategic focus on RAM (retail, agriculture, MSME) plus infrastructure lending."
What is Central Bank of India's ticker symbol and on which exchange(s) does it trade?,"CENTRALBK, listed on both the NSE and the BSE."
"Who is the current MD & CEO (or Chairman, where that is the top executive title) of Central Bank of India?",Kalyan Kumar took charge as MD & CEO on 1 October 2025; Tapan Ray is reported as non-executive chairman (not independently re-verified).
"What percentage of Central Bank of India is held by its government promoter or largest shareholder, and as of what date?","Government ownership was 89.27% as of 31 March 2025, a figure still being referenced into 2026 filings."
What was Central Bank of India's CASA ratio in the most recently reported quarter?,A notably strong 46.61% in Q1 FY27 — among the higher levels in the PSU peer group.
What is Central Bank of India's net interest margin (NIM) for the latest reported period?,3.06%.
What are Central Bank of India's gross NPA and net NPA ratios?,Gross NPA 2.60% (improved but still a legacy overhang relative to sub-2% peers); net NPA 0.49%.
"What is Central Bank of India's capital adequacy ratio (CRAR), and its CET1 ratio if disclosed?",Capital adequacy 18.28% with CET1 16.54%.
What are Central Bank of India's return on assets (ROA) and return on equity (ROE) for the latest quarter?,Return on assets 1.00% and return on equity 14.92%.
What was Central Bank of India's total advances (loan book) and deposit growth in the latest quarter?,"Total advances reached ₹354,348 crore, up 28.58% year-on-year, while deposit growth of 11.68% lagged well behind."
"What credit ratings has Central Bank of India received, and from which rating agencies?",India Ratings reaffirmed an IND AA Stable rating on the bank's Tier II bonds.
"Roughly how many branches and ATMs does Central Bank of India operate, and as of what date?","Most recently verified branch and ATM counts — 4,608 branches and 3,644 ATMs — date to March 2021, with no current figure found."
"What products and services does Central Bank of India offer, and which customer segments does it serve?","Retail, MSME and agricultural focus on a legacy, branch-heavy network."
What is Indian Overseas Bank's ticker symbol and on which exchange(s) does it trade?,"IOB, listed on both the NSE and the BSE."
"Who is the current MD & CEO (or Chairman, where that is the top executive title) of Indian Overseas Bank?",Ajay Kumar Srivastava's tenure as MD & CEO was extended until 2027; Srinivasan Sridhar was appointed part-time non-official director and non-executive chairman.
"What percentage of Indian Overseas Bank is held by its government promoter or largest shareholder, and as of what date?","Reported at 92.44% in a SEBI compliance filing of uncertain period; the government launched an offer-for-sale of up to 3% in December 2025, implying a somewhat lower post-sale holding that was not precisely found."
What was Indian Overseas Bank's CASA ratio in the most recently reported quarter?,Global CASA ratio fell to 41.05% from 43.78% a year earlier.
What is Indian Overseas Bank's net interest margin (NIM) for the latest reported period?,Domestic net interest margin 3.48% and global margin 3.37%.
What are Indian Overseas Bank's gross NPA and net NPA ratios?,Gross NPA improved to 1.33% from 1.97% a year earlier; net NPA 0.18%.
"What is Indian Overseas Bank's capital adequacy ratio (CRAR), and its CET1 ratio if disclosed?",Capital adequacy 19.36%.
What are Indian Overseas Bank's return on assets (ROA) and return on equity (ROE) for the latest quarter?,"Net profit rose 49.32% year-on-year to ₹1,659 crore (standalone ROA/ROE not stated)."
What was Indian Overseas Bank's total advances (loan book) and deposit growth in the latest quarter?,"Global advances reached ₹3.22 trillion, up 22.75% year-on-year; deposit growth 13.72% year-on-year."
"What credit ratings has Indian Overseas Bank received, and from which rating agencies?",ICRA assigned/reaffirmed an AA Stable rating on the bank's Basel III Tier II bonds.
"Roughly how many branches and ATMs does Indian Overseas Bank operate, and as of what date?","Most recently verified counts — 3,236 branches, 3,506 ATMs, 6,379 banking correspondents — date to March 2024, plus representative offices in Guangzhou, Kuala Lumpur and Dubai and a 35% stake in a Malaysian joint-venture bank, India International Bank (Malaysia)."
"What products and services does Indian Overseas Bank offer, and which customer segments does it serve?","Standard product suite, trade finance, forex, treasury and cash management including an offshore banking unit in Colombo, serving retail, MSME, agricultural, corporate and NRI customers including the Tamil diaspora."
What is UCO Bank's ticker symbol and on which exchange(s) does it trade?,"UCOBANK, listed on both the NSE and the BSE."
"Who is the current MD & CEO (or Chairman, where that is the top executive title) of UCO Bank?","Wikipedia names Ashwani Kumar as MD & CEO, but coverage suggests he demitted office on completing his tenure, so the current incumbent could not be reliably confirmed; Aravamudan Krishna Kumar is reported as non-executive chairman (moderate confidence)."
"What percentage of UCO Bank is held by its government promoter or largest shareholder, and as of what date?","Government ownership was 90.95% as of the December 2025 quarter, down from 95.39% a year earlier."
What is UCO Bank's net interest margin (NIM) for the latest reported period?,Around 3%.
"What is UCO Bank's capital adequacy ratio (CRAR), and its CET1 ratio if disclosed?","A capital ratio of 17.12% was separately cited for FY26 (medium confidence, secondary sourcing)."
What was UCO Bank's total advances (loan book) and deposit growth in the latest quarter?,Total advances up 21.33% year-on-year as of 30 June 2026; total business crossed ₹6 lakh crore.
"What credit ratings has UCO Bank received, and from which rating agencies?",CARE Ratings upgraded UCO Bank's bond rating to AA Stable; CRISIL reaffirmed an A1+ short-term rating on its certificate-of-deposit programme.
"Roughly how many branches and ATMs does UCO Bank operate, and as of what date?","Branch and ATM counts of 3,302 and 2,613 respectively date to March 2025, plus two overseas branches in Singapore and Hong Kong and a representative office in Tehran."
"What products and services does UCO Bank offer, and which customer segments does it serve?",Standard banking services with a historically strong presence in East and Northeast India; management cites 'digital business' tripling.
What is Bank of Maharashtra's ticker symbol and on which exchange(s) does it trade?,"MAHABANK, listed on both the NSE and the BSE."
"Who is the current MD & CEO (or Chairman, where that is the top executive title) of Bank of Maharashtra?",Nidhu Saxena has been MD & CEO since March 2024. Current non-executive chairman: not stated.
"What percentage of Bank of Maharashtra is held by its government promoter or largest shareholder, and as of what date?","Government ownership was 79.60% as of March 2025, though a December 2025 offer-for-sale raised ₹2,492 crore for the government, implying further dilution below that figure without a precise updated number found."
What was Bank of Maharashtra's CASA ratio in the most recently reported quarter?,No ratio given; the bank is described as having repeatedly led PSU peers on CASA growth.
What are Bank of Maharashtra's gross NPA and net NPA ratios?,Gross NPA at just 1.45% — among the best asset-quality figures of any PSU bank in the dataset.
What are Bank of Maharashtra's return on assets (ROA) and return on equity (ROE) for the latest quarter?,"Standalone ROA/ROE not stated; net profit growth of 27% year-on-year (₹2,020 crore) is the cited metric."
What was Bank of Maharashtra's total advances (loan book) and deposit growth in the latest quarter?,"Total business reached ₹6.51 lakh crore, up 19% year-on-year."
"What credit ratings has Bank of Maharashtra received, and from which rating agencies?",CRISIL reaffirmed an A1+ rating on the certificate-of-deposit programme (dating to November 2024; a 2026 refresh was not independently confirmed).
"Roughly how many branches and ATMs does Bank of Maharashtra operate, and as of what date?","2,641 branches as of June 2025."
"What products and services does Bank of Maharashtra offer, and which customer segments does it serve?",Standard PSU banking suite with a track record of leading peers on loan and CASA growth.
What is Punjab & Sind Bank's ticker symbol and on which exchange(s) does it trade?,"PSB, listed on both the NSE and the BSE."
"Who is the current MD & CEO (or Chairman, where that is the top executive title) of Punjab & Sind Bank?",Swarup Kumar Saha's tenure as MD was extended until February 2027; Charan Singh is reported as non-executive chairman (moderate confidence).
"What percentage of Punjab & Sind Bank is held by its government promoter or largest shareholder, and as of what date?",Government ownership was unchanged at 93.85% as of the June 2025 quarter — the highest government-ownership concentration of any PSU bank in the dataset.
What are Punjab & Sind Bank's gross NPA and net NPA ratios?,Gross NPA down to 2.21% from 3.34%; net NPA down to 0.65% from 0.91%.
"What is Punjab & Sind Bank's capital adequacy ratio (CRAR), and its CET1 ratio if disclosed?",Capital adequacy 17.61% with CET1 16.56%.
What are Punjab & Sind Bank's return on assets (ROA) and return on equity (ROE) for the latest quarter?,Net profit up 23.17% year-on-year to ₹331.51 crore (standalone ROA/ROE not stated).
What was Punjab & Sind Bank's total advances (loan book) and deposit growth in the latest quarter?,"Advances reached ₹1,17,419 crore, up from ₹97,622 crore a year earlier (roughly 20% growth); a separately reported deposit figure of ₹14,71,296 crore is flagged as almost certainly a data-extraction error and is not reported as fact."
"What credit ratings has Punjab & Sind Bank received, and from which rating agencies?","CRISIL reaffirmed an AA Stable rating on 10 September 2025 on its ₹500 crore Tier II bonds and ₹3,000 crore infrastructure bonds."
"Roughly how many branches and ATMs does Punjab & Sind Bank operate, and as of what date?","1,817 branches as of June 2025, the largest single concentration (635 branches) within Punjab itself; a 2023 target of 4,000 combined branches/ATMs by March 2026 does not appear confirmed as met."
"What products and services does Punjab & Sind Bank offer, and which customer segments does it serve?","Punjab-region-concentrated retail, agricultural and MSME franchise — the smallest of the twelve PSU banks by scale."
What is HDFC Bank's ticker symbol and on which exchange(s) does it trade?,"HDFCBANK on the NSE and BSE; ADR ""HDB"" on the NYSE."
"Who is the current MD & CEO (or Chairman, where that is the top executive title) of HDFC Bank?",Sashidhar Jagdishan is MD & CEO but has announced retirement effective 26 October 2026 with no successor yet named; Atanu Chakraborty is chairman.
"What percentage of HDFC Bank is held by its government promoter or largest shareholder, and as of what date?","No promoter since HDFC Limited merged into the bank in July 2023. As of September 2026: FIIs 41.82%, domestic institutions 41.75%, public 16.27%, Government of India 0.18%."
What was HDFC Bank's CASA ratio in the most recently reported quarter?,32% in Q1 FY27.
What is HDFC Bank's net interest margin (NIM) for the latest reported period?,"3.26%, well below the bank's historical range of roughly 4%."
What are HDFC Bank's gross NPA and net NPA ratios?,A net-NPA figure could not be reliably reported this session because the extracted figure was internally inconsistent (it exceeded the gross-NPA figure). Gross NPA excluding agriculture is 0.91% against a headline figure of 1.17%.
"What is HDFC Bank's capital adequacy ratio (CRAR), and its CET1 ratio if disclosed?",Capital adequacy 19.6% with CET1 17.4%.
What are HDFC Bank's return on assets (ROA) and return on equity (ROE) for the latest quarter?,Return on assets 1.85%; return on equity 13.8%.
What was HDFC Bank's total advances (loan book) and deposit growth in the latest quarter?,"Total deposits ₹31,708 billion, up 14.7% year-on-year; gross advances ₹30,608 billion, up 15.4%."
"What credit ratings has HDFC Bank received, and from which rating agencies?","No current, dated credit rating could be confirmed, though the bank is widely understood to carry top-tier domestic ratings."
"Roughly how many branches and ATMs does HDFC Bank operate, and as of what date?","9,694 branches; a current ATM count was not found."
"What products and services does HDFC Bank offer, and which customer segments does it serve?","Universal-bank model spanning retail, wholesale/corporate and treasury business plus third-party insurance and mutual-fund distribution — home, auto and personal loans, credit cards, SME and corporate loans, treasury, forex, wealth management, cash management, custody and NRI banking, serving retail, affluent, NRI, SME, mid-market, large-corporate and government customers."
What is ICICI Bank's ticker symbol and on which exchange(s) does it trade?,"ICICIBANK on the NSE and BSE; ADR ""IBN"" on the NYSE."
"Who is the current MD & CEO (or Chairman, where that is the top executive title) of ICICI Bank?","This session's research budget was exhausted before the bank's current MD & CEO and chairman could be independently re-confirmed, so those names are not reported here."
"What percentage of ICICI Bank is held by its government promoter or largest shareholder, and as of what date?","No promoter. FIIs and domestic institutions each held roughly 45% as of December 2024 data, with LIC around 7% (dated figures)."
What was ICICI Bank's CASA ratio in the most recently reported quarter?,38.1% average in Q1 FY27.
What is ICICI Bank's net interest margin (NIM) for the latest reported period?,4.36%.
What are ICICI Bank's gross NPA and net NPA ratios?,Gross NPA 1.38%; net NPA 0.35%.
"What is ICICI Bank's capital adequacy ratio (CRAR), and its CET1 ratio if disclosed?",Capital adequacy 16.84% with CET1 16.19%.
What are ICICI Bank's return on assets (ROA) and return on equity (ROE) for the latest quarter?,Return on assets 2.18% (sector-leading); return on equity 11.90%.
What was ICICI Bank's total advances (loan book) and deposit growth in the latest quarter?,"Deposits ₹18,33,586 crore, up 14.0% year-on-year; total advances ₹16,31,260 crore, up 19.6% (retail 49.2% of the portfolio, up 12.0%; business banking up 28.2%; domestic corporate up 18.5%; rural lending up 35.4%, the fastest-growing segment)."
"What credit ratings has ICICI Bank received, and from which rating agencies?","No current, dated credit rating could be confirmed this session."
"Roughly how many branches and ATMs does ICICI Bank operate, and as of what date?","7,608 branches and 12,190 ATMs and cash-recycling machines."
"What products and services does ICICI Bank offer, and which customer segments does it serve?","Universal-bank model with retail, SME and corporate franchise and a large digital-payments footprint via iMobile Pay and InstaBIZ — home, auto and personal loans, credit cards, business-banking products, corporate/wholesale credit, treasury, wealth management, cash management and NRI banking."
What is Axis Bank's ticker symbol and on which exchange(s) does it trade?,AXISBANK on the NSE and BSE.
"Who is the current MD & CEO (or Chairman, where that is the top executive title) of Axis Bank?",Amitabh Chaudhry is MD & CEO; N. S. Vishwanathan is non-executive chairman (RBI approved his reappointment).
"What percentage of Axis Bank is held by its government promoter or largest shareholder, and as of what date?","A residual promoter category of 7.87% as of September 2026. FIIs 39.91%, domestic institutions 4.62% (mutual funds 33.00%, insurance 5.07%), retail 6.43%."
What was Axis Bank's CASA ratio in the most recently reported quarter?,38% in Q1 FY27.
What is Axis Bank's net interest margin (NIM) for the latest reported period?,3.46% — a cycle low.
What are Axis Bank's gross NPA and net NPA ratios?,Gross NPA stable at 1.28%; net NPA 0.39%.
"What is Axis Bank's capital adequacy ratio (CRAR), and its CET1 ratio if disclosed?",Capital adequacy 16.67%; CET1 14.64%.
What are Axis Bank's return on assets (ROA) and return on equity (ROE) for the latest quarter?,Return on assets 1.51%; return on equity 14.16%.
What was Axis Bank's total advances (loan book) and deposit growth in the latest quarter?,"Total deposits ₹13,72,936 crore, up 18% year-on-year; total advances ₹12,61,557 crore, up 19% (corporate lending up 38%, SME up 25%, retail up only 8%)."
"What credit ratings has Axis Bank received, and from which rating agencies?","India Ratings assigned Axis Bank's fixed deposits an IND AAA rating; a broader CRISIL reaffirmation dates to November 2024, with no precise 2026 refresh found."
"Roughly how many branches and ATMs does Axis Bank operate, and as of what date?","6,295 domestic branches including extension counters, up 7% year-on-year."
"What products and services does Axis Bank offer, and which customer segments does it serve?","Universal-bank model with growing corporate and SME lending alongside retail, wealth management under its Burgundy brand, NRI banking, cash management and trade finance."
What is Kotak Mahindra Bank's ticker symbol and on which exchange(s) does it trade?,KOTAKBANK on the NSE and BSE.
"Who is the current MD & CEO (or Chairman, where that is the top executive title) of Kotak Mahindra Bank?","Ashok Vaswani is MD & CEO but has announced he will step down at the end of December 2026 with no successor yet named; C. S. Rajan is part-time, non-executive chairman."
"What percentage of Kotak Mahindra Bank is held by its government promoter or largest shareholder, and as of what date?","Promoted by the Kotak family (principally Uday Kotak), holding 25.87% as of September 2026 (a figure the dataset flags as worth treating cautiously against the historical ~30%-reduced-to-below-20% RBI directive). FIIs 25.21%, domestic institutions 3.19% (mutual funds 24.50%, insurance 10.01%), retail 11.22%."
What was Kotak Mahindra Bank's CASA ratio in the most recently reported quarter?,"40.30%, down 60 basis points year-on-year — among the highest of any listed private bank in the dataset."
What is Kotak Mahindra Bank's net interest margin (NIM) for the latest reported period?,"4.53%, down 12 basis points year-on-year."
What are Kotak Mahindra Bank's gross NPA and net NPA ratios?,Gross NPA 1.18%; net NPA 0.27%.
"What is Kotak Mahindra Bank's capital adequacy ratio (CRAR), and its CET1 ratio if disclosed?",Capital adequacy 22.8% with CET1 22.4%.
What are Kotak Mahindra Bank's return on assets (ROA) and return on equity (ROE) for the latest quarter?,Return on equity 11.98%. An extracted return-on-assets figure of 0.53% looks anomalously low against the bank's typical range of over 2% and could not be corroborated — not reported here as reliable.
What was Kotak Mahindra Bank's total advances (loan book) and deposit growth in the latest quarter?,"Total deposits ₹5,72,820 crore, up 12% year-on-year; total advances ₹5,12,249 crore, up 15%."
"What credit ratings has Kotak Mahindra Bank received, and from which rating agencies?","No current, dated credit rating could be confirmed this session."
"Roughly how many branches and ATMs does Kotak Mahindra Bank operate, and as of what date?","2,301 branches and 2,734 ATMs including cash recyclers."
"What products and services does Kotak Mahindra Bank offer, and which customer segments does it serve?","Conservative, historically high-margin retail and SME franchise alongside a large group ecosystem (NBFC, insurance, asset management, securities) cross-sold via Kotak Mahindra Asset Management, Kotak Life Insurance and Kotak Securities."
What is IndusInd Bank's ticker symbol and on which exchange(s) does it trade?,INDUSINDBK on the NSE and BSE.
"Who is the current MD & CEO (or Chairman, where that is the top executive title) of IndusInd Bank?","Rajiv Anand took charge as MD & CEO in August 2025, having previously served as Deputy MD at Axis Bank; the current chairman was not found."
"What percentage of IndusInd Bank is held by its government promoter or largest shareholder, and as of what date?","Promoted by the Hinduja Group, which holds ""nearly 16 per cent"" of the bank."
What was IndusInd Bank's CASA ratio in the most recently reported quarter?,"29.43%, down from 31.48% a year earlier."
What is IndusInd Bank's net interest margin (NIM) for the latest reported period?,3.57%.
What are IndusInd Bank's gross NPA and net NPA ratios?,Gross NPA 3.25% (versus 3.64% a year earlier); net NPA 0.95%.
"What is IndusInd Bank's capital adequacy ratio (CRAR), and its CET1 ratio if disclosed?",Capital adequacy 17.15% with CET1 16.10%.
What are IndusInd Bank's return on assets (ROA) and return on equity (ROE) for the latest quarter?,Return on assets 0.78%; return on equity 6.26%.
What was IndusInd Bank's total advances (loan book) and deposit growth in the latest quarter?,"Total advances ₹3,26,274 crore, down 2% year-on-year (up 3% quarter-on-quarter) — a rare contraction reflecting a deliberate balance-sheet clean-up. Total deposits ₹4,14,766 crore, up just 4%."
"What credit ratings has IndusInd Bank received, and from which rating agencies?","CRISIL AA+ rating carries a Negative outlook, reaffirmed 24 August 2025."
"Roughly how many branches and ATMs does IndusInd Bank operate, and as of what date?","3,137 branches, 9,413 total touchpoints, and 2,853 ATMs."
"What products and services does IndusInd Bank offer, and which customer segments does it serve?","Historically strong in vehicle finance and microfinance, now undergoing an active risk-reduction and business-mix revamp; loan portfolio split roughly 50% retail, 37% wholesale, 13% SME."
What is Yes Bank's ticker symbol and on which exchange(s) does it trade?,YESBANK on the NSE and BSE.
"Who is the current MD & CEO (or Chairman, where that is the top executive title) of Yes Bank?","Vinay M. Tonse is referenced as MD & CEO in July 2026 coverage, apparently succeeding Prashant Kumar, though not cross-verified against a second source (medium confidence)."
"What percentage of Yes Bank is held by its government promoter or largest shareholder, and as of what date?","Sumitomo Mitsui Banking Corporation (SMBC) of Japan completed acquisition of a 20% stake on 18 September 2025 (roughly ₹13,483 crore), with SBI divesting 13.18% in the same transaction; SBI's remaining stake fell to roughly 10%, making SMBC the single largest shareholder."
What was Yes Bank's CASA ratio in the most recently reported quarter?,"32.70%, down 240 basis points quarter-on-quarter."
What is Yes Bank's net interest margin (NIM) for the latest reported period?,2.70%.
What are Yes Bank's gross NPA and net NPA ratios?,"Gross NPA improved to 1.30%, down 30 basis points year-on-year; net NPA 0.20%."
"What is Yes Bank's capital adequacy ratio (CRAR), and its CET1 ratio if disclosed?",CET1 14%; provision coverage and total capital adequacy were not found.
What are Yes Bank's return on assets (ROA) and return on equity (ROE) for the latest quarter?,Return on assets 0.90%; return on equity 8.30%.
What was Yes Bank's total advances (loan book) and deposit growth in the latest quarter?,"Total deposits roughly ₹3.15 lakh crore, up 14.3% year-on-year; total advances roughly ₹2.85 lakh crore, up 18.3%."
"What credit ratings has Yes Bank received, and from which rating agencies?",Additional Tier I bonds remain rated ICRA D (a standing legacy of the 2020 write-down); ICRA upgraded infrastructure and Tier II bonds to AA Stable from AA- Stable in July 2026.
"What products and services does Yes Bank offer, and which customer segments does it serve?",Post-reconstruction turnaround bank rebuilding profitability and asset quality; reconstructed in 2020 with SBI as anchor investor.
What is IDFC First Bank's ticker symbol and on which exchange(s) does it trade?,IDFCFIRSTB on the NSE and BSE.
"Who is the current MD & CEO (or Chairman, where that is the top executive title) of IDFC First Bank?",V. Vaidyanathan has been reappointed MD & CEO; the current chairman was not found.
"What percentage of IDFC First Bank is held by its government promoter or largest shareholder, and as of what date?","No promoter (0.00%), reflecting the completed merger of IDFC Limited/IDFC Financial Holding into the bank. FIIs 36.10%, domestic institutions 8.47% (mutual funds 12.76%, insurance 10.91%), retail/public 31.75%."
What was IDFC First Bank's CASA ratio in the most recently reported quarter?,"50.8%, up from 48.0% a year earlier — the highest of any bank in this dataset."
What is IDFC First Bank's net interest margin (NIM) for the latest reported period?,5.96% (5.90% adjusted for one-offs) — among the highest of any listed peer.
What are IDFC First Bank's gross NPA and net NPA ratios?,Gross NPA 1.51%; net NPA 0.44%.
"What is IDFC First Bank's capital adequacy ratio (CRAR), and its CET1 ratio if disclosed?",Capital adequacy 15.05%; CET1 13.33%.
What are IDFC First Bank's return on assets (ROA) and return on equity (ROE) for the latest quarter?,"Profit after tax ₹1,075 crore, up 132.4% year-on-year — the bank's highest-ever quarterly profit; standalone ROA/ROE not isolated (long-term ROA vision cited as 1.7-1.8%)."
What was IDFC First Bank's total advances (loan book) and deposit growth in the latest quarter?,"Total deposits ₹2,99,405 crore, up 16.6% year-on-year (CASA deposits ₹1,58,492 crore); total advances ₹3,05,488 crore, up 20.6%."
"What credit ratings has IDFC First Bank received, and from which rating agencies?","CRISIL reaffirmed, 21 October 2025: AAA Stable on fixed deposits, A1+ on certificates of deposit, AA+ Stable on Tier II Basel III bonds."
"Roughly how many branches and ATMs does IDFC First Bank operate, and as of what date?","1,155 branches, serving what it describes as ""60,000-plus cities, towns and villages."""
"What products and services does IDFC First Bank offer, and which customer segments does it serve?","Built from an NBFC and infrastructure-finance heritage, pivoted toward retail and MSME deposits and lending with an explicit high-margin, growth-oriented retail strategy."
What is Federal Bank's ticker symbol and on which exchange(s) does it trade?,FEDERALBNK on the NSE; 500469 on the BSE.
"Who is the current MD & CEO (or Chairman, where that is the top executive title) of Federal Bank?","KVS Manian, previously a Kotak Mahindra Bank veteran, is MD & CEO; Elias George is part-time chairman and an independent director."
"What percentage of Federal Bank is held by its government promoter or largest shareholder, and as of what date?","No promoter, professionally managed. As of December 2024: HDFC Mutual Fund ~7.04%, International Finance Corporation ~3.85%, LIC ~3.61%, Nippon Life India Trustee ~3.02%; FIIs ~26.3%, domestic institutions ~48.9% overall."
What was Federal Bank's CASA ratio in the most recently reported quarter?,"32.23%, up 188 basis points year-on-year."
What is Federal Bank's net interest margin (NIM) for the latest reported period?,"3.33%, up 39 basis points year-on-year."
What are Federal Bank's gross NPA and net NPA ratios?,Net NPA reached a decadal low of 0.18%; gross NPA 1.52%.
"What is Federal Bank's capital adequacy ratio (CRAR), and its CET1 ratio if disclosed?",Capital adequacy 16.97% with CET1 15.89%.
What are Federal Bank's return on assets (ROA) and return on equity (ROE) for the latest quarter?,Return on equity 12.01%; a return-on-assets figure was not found.
What was Federal Bank's total advances (loan book) and deposit growth in the latest quarter?,"Total deposits ₹3.20 lakh crore, up 11.37% year-on-year; total advances ₹2.81 lakh crore, up 14.94%."
"What credit ratings has Federal Bank received, and from which rating agencies?","Any current, dated credit rating was not found this session."
"Roughly how many branches and ATMs does Federal Bank operate, and as of what date?","1,640 banking outlets and 2,015 ATMs and cash recyclers as of March 2026, plus representative offices in Abu Dhabi and Dubai and a GIFT City IFSC unit."
"What products and services does Federal Bank offer, and which customer segments does it serve?","Organized into treasury, wholesale banking, retail banking and other banking operations, offering merchant banking, depository services and syndication, with a strong Kerala NRI diaspora tilt alongside SME and large-corporate clients."
What is RBL Bank's ticker symbol and on which exchange(s) does it trade?,RBLBANK on the NSE; 540065 on the BSE.
"Who is the current MD & CEO (or Chairman, where that is the top executive title) of RBL Bank?",R Subramaniakumar has served as MD & CEO since June 2022.
"What percentage of RBL Bank is held by its government promoter or largest shareholder, and as of what date?","Emirates NBD Bank of the UAE completed acquisition of a 60% controlling stake (roughly 959 million shares at ₹280 each, ~₹26,015-26,016 crore) on 18 June 2026, now classified as promoter under RBI norms — the largest such foreign investment in an Indian private bank."
What was RBL Bank's CASA ratio in the most recently reported quarter?,"25.2% average in Q1 FY27, down from 28% a year earlier."
What is RBL Bank's net interest margin (NIM) for the latest reported period?,"4.12%, down from 4.50% a year earlier."
What are RBL Bank's gross NPA and net NPA ratios?,Gross NPA 1.30% (versus 1.45% in March 2026); net NPA 0.37%.
"What is RBL Bank's capital adequacy ratio (CRAR), and its CET1 ratio if disclosed?","Capital adequacy surged to 33.3% in Q1 FY27 from 15.6% a year earlier, following the capital infusion."
What are RBL Bank's return on assets (ROA) and return on equity (ROE) for the latest quarter?,Standalone ROA/ROE not isolated in the dataset.
What was RBL Bank's total advances (loan book) and deposit growth in the latest quarter?,"Total deposits ₹1.25 trillion, up 10.7% year-on-year (including newly mobilized FCNR(B) deposits of roughly $150 million); total advances ₹1.16 trillion, up 23%."
"What credit ratings has RBL Bank received, and from which rating agencies?","CRISIL, 22 June 2026: fixed deposits (₹130,000 crore) and infrastructure bonds (₹1,000 crore) rated AAA Stable; certificates of deposit (₹19,000 crore) rated A1+ — explicitly tied to the new ownership."
"Roughly how many branches and ATMs does RBL Bank operate, and as of what date?","628 branches plus roughly 1,272-1,339 business-correspondent branches across 28 states and union territories."
"What products and services does RBL Bank offer, and which customer segments does it serve?","Diversified model across retail, commercial/SME, corporate and wholesale, agricultural and rural, digital payments (particularly credit cards), NRI banking, and GIFT City operations, serving more than 15 million customers as of 30 June 2026."
What is South Indian Bank's ticker symbol and on which exchange(s) does it trade?,SOUTHBANK on the NSE; 532218 on the BSE.
"Who is the current MD & CEO (or Chairman, where that is the top executive title) of South Indian Bank?","P. R. Seshadri is stepping down as MD & CEO on 30 September 2026, with Mahesh Muralidhar Pai (RBI-approved) taking charge from October 2026; Jose Joseph Kattoor, a former RBI executive director, was appointed part-time chairman effective 23 March 2026."
"What percentage of South Indian Bank is held by its government promoter or largest shareholder, and as of what date?","No promoter, professionally managed. As of March 2026: Swedbank Robur Global Emerging Markets ~2.93%, CalPERS ~2.25%, Bandhan Small Cap Fund ~4.75%, Kotak Multicap ~4.25%; FIIs ~24.2%, domestic institutions ~12.8%."
What was South Indian Bank's CASA ratio in the most recently reported quarter?,A precise CASA ratio was not found this session.
What are South Indian Bank's gross NPA and net NPA ratios?,Gross NPA improving to 1.38% from 3.15% a year earlier; net NPA down to 0.26% from 0.68%.
"What is South Indian Bank's capital adequacy ratio (CRAR), and its CET1 ratio if disclosed?","Capital adequacy 19.62%, up from 19.48% a year earlier."
What are South Indian Bank's return on assets (ROA) and return on equity (ROE) for the latest quarter?,Return on assets improving to 1.07% from 1.01%.
What was South Indian Bank's total advances (loan book) and deposit growth in the latest quarter?,"Total deposits ₹1.26 trillion, up 11.4% year-on-year; total advances ₹1.03 trillion, up 18.6%."
"What credit ratings has South Indian Bank received, and from which rating agencies?","No current, dated credit rating could be confirmed this session (only older 2021 and 2024 CRISIL rationale titles were found, without retrievable current values)."
"Roughly how many branches and ATMs does South Indian Bank operate, and as of what date?",Current branch/ATM counts were not found this session.
"What products and services does South Indian Bank offer, and which customer segments does it serve?","Traditional retail, SME and corporate universal-bank model with a strong South Indian, particularly Kerala, retail and NRI franchise."
What is Karur Vysya Bank's ticker symbol and on which exchange(s) does it trade?,KARURVYSYA on the NSE and BSE.
"Who is the current MD & CEO (or Chairman, where that is the top executive title) of Karur Vysya Bank?","B. Ramesh Babu has been reappointed MD & CEO for a third term through 28 July 2028; Dr. Meena Hemchandra is independent part-time chairperson, reappointed through 24 July 2028."
"What percentage of Karur Vysya Bank is held by its government promoter or largest shareholder, and as of what date?","A small family/founder-linked promoter holding of roughly 2.10% as of September 2025. HDFC Mutual Fund ~7.57%, HSBC Value Fund ~4.30%, Nippon Life India Trustee ~4.30%, Axis Mutual Fund ~2.78%; domestic institutions ~40%, FIIs/FPIs ~15.8%."
What was Karur Vysya Bank's CASA ratio in the most recently reported quarter?,The bank's CASA ratio was not disclosed in the sources reviewed.
What is Karur Vysya Bank's net interest margin (NIM) for the latest reported period?,"4.34%, up from 3.86% a year earlier."
What are Karur Vysya Bank's gross NPA and net NPA ratios?,Gross NPA 0.74%; net NPA 0.19% — among the best asset-quality figures of any private bank in the dataset.
"What is Karur Vysya Bank's capital adequacy ratio (CRAR), and its CET1 ratio if disclosed?",Capital adequacy 18.61% with Tier 1 capital of 17.98%.
What are Karur Vysya Bank's return on assets (ROA) and return on equity (ROE) for the latest quarter?,Standalone ROA/ROE not isolated; net profit rose 44.9% year-on-year to ₹755.70 crore.
What was Karur Vysya Bank's total advances (loan book) and deposit growth in the latest quarter?,"Total deposits ₹1,22,587 crore, up 14.94% year-on-year; total advances ₹1,04,680 crore, up 17.13%."
"What credit ratings has Karur Vysya Bank received, and from which rating agencies?",ICRA reaffirmed an A1+ rating on the certificate-of-deposit programme (5 and 29 June 2026) and issued a separate issuer rating dated 29 June 2026 whose specific letter grade was not retrievable.
"Roughly how many branches and ATMs does Karur Vysya Bank operate, and as of what date?","902 branches and 2,252 ATMs and cash recyclers across 22 states and union territories."
"What products and services does Karur Vysya Bank offer, and which customer segments does it serve?","Explicitly RAM-focused model (retail, agriculture, MSME), operating 14 business-banking units and 9 corporate-banking units, plus a newly opened HNI-focused retail branch in Hyderabad."
What is City Union Bank's ticker symbol and on which exchange(s) does it trade?,CUB on the NSE; 532210 on the BSE.
"Who is the current MD & CEO (or Chairman, where that is the top executive title) of City Union Bank?","R. Vijay Anandh became MD & CEO effective 1 May 2026, succeeding Dr. N. Kamakoti; G. Mahalingam is non-executive chairman."
"What percentage of City Union Bank is held by its government promoter or largest shareholder, and as of what date?","No promoter, professionally managed. As of March 2025: SBI Mutual Fund ~7.86%, HDFC Mutual Fund ~6.56%, Small Cap World Fund ~4.94%; FIIs ~28.0%, domestic institutions ~33.1%."
What was City Union Bank's CASA ratio in the most recently reported quarter?,"Roughly 26.6% (CASA balance ₹210,940 million, up 18%, within total deposits of ₹793,423 million, up 21%)."
What is City Union Bank's net interest margin (NIM) for the latest reported period?,3.78%.
What are City Union Bank's gross NPA and net NPA ratios?,Gross NPA improved from 2.99% to 1.73% year-on-year; net NPA 0.61% (down from 1.2%).
"What is City Union Bank's capital adequacy ratio (CRAR), and its CET1 ratio if disclosed?",Capital adequacy 21.73%.
What are City Union Bank's return on assets (ROA) and return on equity (ROE) for the latest quarter?,Return on assets 1.57% and return on equity 14.37% — the highest profitability figures among the mid-size Tamil Nadu-focused private banks in the dataset.
What was City Union Bank's total advances (loan book) and deposit growth in the latest quarter?,"Total advances ₹676,454 million, up 25%; total deposits ₹793,423 million, up 21%."
"What credit ratings has City Union Bank received, and from which rating agencies?",CARE Ratings reaffirmed the bank's AA- issuer rating with the outlook upgraded from Stable to Positive on 30/31 March 2026.
"Roughly how many branches and ATMs does City Union Bank operate, and as of what date?","More than 1,000 branches, roughly 59% concentrated within Tamil Nadu."
"What products and services does City Union Bank offer, and which customer segments does it serve?",Tamil Nadu-centric retail and MSME-focused model.
What is DCB Bank's ticker symbol and on which exchange(s) does it trade?,DCBBANK on the NSE; 532772 on the BSE.
"Who is the current MD & CEO (or Chairman, where that is the top executive title) of DCB Bank?",Praveen Kutty has been MD & CEO since 2024; Farokh N. Subedar has served as chairperson since 2023.
"What percentage of DCB Bank is held by its government promoter or largest shareholder, and as of what date?","Promoted by the Aga Khan Fund for Economic Development (AKFED), part of the Aga Khan Development Network. AKFED, with Platinum Jubilee Investments, held a combined 16.23% as of Q1 FY27, up from 14.7% in March 2025."
What was DCB Bank's CASA ratio in the most recently reported quarter?,"21.65%, down from 23.32% a year earlier — relatively low versus peers."
What is DCB Bank's net interest margin (NIM) for the latest reported period?,3.35%.
What are DCB Bank's gross NPA and net NPA ratios?,Gross NPA improving to 2.43% from 2.98%; net NPA to 0.84% from 1.22%.
"What is DCB Bank's capital adequacy ratio (CRAR), and its CET1 ratio if disclosed?","Capital adequacy 17.03% (Tier 1 14.90%, Tier 2 2.13%)."
What are DCB Bank's return on assets (ROA) and return on equity (ROE) for the latest quarter?,Return on assets 0.96%; return on equity improving to 13.61%.
What was DCB Bank's total advances (loan book) and deposit growth in the latest quarter?,"Total deposits ₹74,482 crore, up 20.06% year-on-year; total advances ₹59,951 crore, up 17.06%."
"What credit ratings has DCB Bank received, and from which rating agencies?",Long-term subordinated debt rated AA- Stable by both CRISIL and CARE; certificates of deposit A1+ by both agencies.
"Roughly how many branches and ATMs does DCB Bank operate, and as of what date?","480 branches; 11,554 employees as of the quarter."
"What products and services does DCB Bank offer, and which customer segments does it serve?","Retail and SME-focused model built around granular secured lending — mortgages, gold loans and MSME credit."
What is Karnataka Bank's ticker symbol and on which exchange(s) does it trade?,KTKBANK on the NSE; 532652 on the BSE.
"Who is the current MD & CEO (or Chairman, where that is the top executive title) of Karnataka Bank?",Raghavendra Srinivas Bhat has been MD & CEO since 16 July 2025; P. Pradeep Kumar is part-time non-executive chairman.
"What percentage of Karnataka Bank is held by its government promoter or largest shareholder, and as of what date?","No promoter group; classified as an ""A Class Scheduled Commercial Bank."" As of June 2026: FIIs 13.10%, domestic institutions 15.75%, public 71.15%."
What was Karnataka Bank's CASA ratio in the most recently reported quarter?,Cited at 12.46% year-on-year growth in recent commentary; a current ratio figure was not found.
What are Karnataka Bank's gross NPA and net NPA ratios?,Gross NPA 2.58%; net NPA 0.87% — elevated relative to several peers.
What are Karnataka Bank's return on assets (ROA) and return on equity (ROE) for the latest quarter?,Return on equity roughly 10-11.6% over recent three-year periods — well behind the better-performing private banks in the dataset.
What was Karnataka Bank's total advances (loan book) and deposit growth in the latest quarter?,"Aggregate business (advances plus deposits) reached ₹1.92 lakh crore per recent management commentary; deposits ₹1,08,777 crore as of Q1 FY27; sales growth of only 7.43% over the past five years."
"What credit ratings has Karnataka Bank received, and from which rating agencies?","This session's research could not retrieve a current credit rating for the bank, because the bank's own ratings page and the relevant rating-agency pages returned access errors during the research pass."
"Roughly how many branches and ATMs does Karnataka Bank operate, and as of what date?","957 branches across 22 states and two union territories, 1,188 ATMs and cash recyclers, and 588 e-lobbies and mini e-lobbies."
"What products and services does Karnataka Bank offer, and which customer segments does it serve?","Retail and SME-focused universal-bank model with a growing insurance-distribution push branded ""Insurance for all by 2047,"" serving more than 11 million customers as of a 2023 count."
What is Tamilnad Mercantile Bank's ticker symbol and on which exchange(s) does it trade?,TMB on the NSE and BSE.
"Who is the current MD & CEO (or Chairman, where that is the top executive title) of Tamilnad Mercantile Bank?",Salee S. Nair has been MD & CEO since RBI approval in August 2024; the current chairman was not found.
"What percentage of Tamilnad Mercantile Bank is held by its government promoter or largest shareholder, and as of what date?","No promoter. As of March 2025, overseas corporate-body shareholders collectively held roughly 22.4%, including Robert and Ardis James Company 4.45%, Starship Equity Holdings 4.25%, Subcontinental Equities 4.18%, East River Holdings 3.35%, and Swiss Re Investors (Mauritius) 3.20%."
What was Tamilnad Mercantile Bank's CASA ratio in the most recently reported quarter?,"Roughly 26% (CASA deposits ₹16,852 crore, up 16.94%, within total deposits of ₹64,409 crore, up 19.71%)."
What is Tamilnad Mercantile Bank's net interest margin (NIM) for the latest reported period?,"4.29%, up 45 basis points year-on-year."
What are Tamilnad Mercantile Bank's gross NPA and net NPA ratios?,Gross NPA falling to 0.69% from 1.22% a year earlier — a ten-year low; net NPA 0.17%.
"What is Tamilnad Mercantile Bank's capital adequacy ratio (CRAR), and its CET1 ratio if disclosed?",Capital adequacy 32.33% — very strong.
What are Tamilnad Mercantile Bank's return on assets (ROA) and return on equity (ROE) for the latest quarter?,Return on assets 2.14% and return on equity 15.93%.
What was Tamilnad Mercantile Bank's total advances (loan book) and deposit growth in the latest quarter?,"Total advances ₹57,306 crore, up 27.01%; total deposits ₹64,409 crore, up 19.71%."
"What credit ratings has Tamilnad Mercantile Bank received, and from which rating agencies?","CRISIL reaffirmed, on 10 June 2026, an A+ Stable rating on fixed deposits and A1+ on short-term fixed deposits and certificates of deposit."
"Roughly how many branches and ATMs does Tamilnad Mercantile Bank operate, and as of what date?","629 branches, of which 536 sit in rural, semi-urban and non-metro urban centers."
"What products and services does Tamilnad Mercantile Bank offer, and which customer segments does it serve?","Traditional South India-focused retail, MSME and agricultural model with a heavy gold-loan and rural/semi-urban franchise."
What is CSB Bank's ticker symbol and on which exchange(s) does it trade?,CSBBANK on the NSE; 542867 on the BSE.
"Who is the current MD & CEO (or Chairman, where that is the top executive title) of CSB Bank?",Pralay Mondal is MD & CEO; the current chairman was not found.
"What percentage of CSB Bank is held by its government promoter or largest shareholder, and as of what date?","Promoted by Fairfax Financial Holdings of Canada, through FIH Mauritius Investments Ltd, which held 40.00% as of December 2025 (69,394,331 shares); Fairfax India separately sold a 9.7% stake for roughly $70 million in mid-2024."
What was CSB Bank's CASA ratio in the most recently reported quarter?,19%.
What are CSB Bank's gross NPA and net NPA ratios?,Gross NPA 1.75% (improved from 1.84%); net NPA 0.39% (down from 0.66%).
"What is CSB Bank's capital adequacy ratio (CRAR), and its CET1 ratio if disclosed?",Capital adequacy 19.96%.
What are CSB Bank's return on assets (ROA) and return on equity (ROE) for the latest quarter?,"Standalone ROA/ROE not isolated; net profit ₹150 crore, up 27% year-on-year."
What was CSB Bank's total advances (loan book) and deposit growth in the latest quarter?,"Total deposits ₹45,415 crore, up 26% year-on-year; net advances ₹40,309 crore, up 24%."
"What credit ratings has CSB Bank received, and from which rating agencies?","CRISIL rated the bank's Tier II Basel III bonds A Stable and its short-term fixed deposits/certificates of deposit A1+, reaffirmed 20 May 2026."
"Roughly how many branches and ATMs does CSB Bank operate, and as of what date?","Branch counts are inconsistent across sources — a Wikipedia infobox for FY22-23 cites 654 branches, while bank commentary references ""over 785""; not reconciled."
"What products and services does CSB Bank offer, and which customer segments does it serve?","Legacy Kerala institution pivoted, since Fairfax's 2018 ownership, toward gold loans, SME/wholesale lending and retail."
What is Bandhan Bank's ticker symbol and on which exchange(s) does it trade?,BANDHANBNK on the NSE and BSE.
"Who is the current MD & CEO (or Chairman, where that is the top executive title) of Bandhan Bank?",Partha Pratim Sengupta has been MD & CEO since RBI approval in October 2024; the current chairman was not found.
"What percentage of Bandhan Bank is held by its government promoter or largest shareholder, and as of what date?",Promoter Bandhan Financial Holdings held 39.98% as of December 2024; FIIs 23.2% (down from 34.8% a year earlier); domestic institutions 15.5%.
What was Bandhan Bank's CASA ratio in the most recently reported quarter?,"29.4%, up from 27.06% a year earlier."
What are Bandhan Bank's gross NPA and net NPA ratios?,"Gross NPA 3.1%; net NPA 0.9% — elevated relative to mainstream private banks, reflecting the legacy of microfinance-sector stress."
"What is Bandhan Bank's capital adequacy ratio (CRAR), and its CET1 ratio if disclosed?",Capital adequacy 18.2%.
What are Bandhan Bank's return on assets (ROA) and return on equity (ROE) for the latest quarter?,"Standalone ROA/ROE not isolated; net profit ₹502 crore, up 35% year-on-year."
What was Bandhan Bank's total advances (loan book) and deposit growth in the latest quarter?,"Total deposits ₹1,64,886 crore, up 6.6% year-on-year (down 0.9% quarter-on-quarter); gross advances ₹1,555.6 billion, up 16.4% year-on-year."
"What credit ratings has Bandhan Bank received, and from which rating agencies?","CRISIL reaffirmed, on 30 September 2025, an AA- Stable rating on non-convertible debentures and an A1+ rating on certificates of deposit."
"Roughly how many branches and ATMs does Bandhan Bank operate, and as of what date?","Roughly 6,350 banking outlets as of 30 June 2026."
"What products and services does Bandhan Bank offer, and which customer segments does it serve?","Originated as a microfinance NGO in 2001, converted to a universal bank in 2015 — India's first such conversion — retaining its microfinance/""Emerging Entrepreneurs Business"" (EEB) heritage while scaling secured retail lending, particularly affordable housing following its 2019 merger with Gruh Finance."
What is Jammu & Kashmir Bank's ticker symbol and on which exchange(s) does it trade?,J&KBANK on the NSE; 532209 on the BSE.
"Who is the current MD & CEO (or Chairman, where that is the top executive title) of Jammu & Kashmir Bank?",Amitava Chatterjee has been MD & CEO since December 2024.
"What percentage of Jammu & Kashmir Bank is held by its government promoter or largest shareholder, and as of what date?","The Government of J&K and Ladakh held 59.40% as of June 2025 (Chief Secretary of J&K 51.89%, Finance Secretary of UT Ladakh 4.16%, Secretary of the J&K Finance Department 3.35%) — a unique state-government promoter structure not seen elsewhere in the dataset."
What was Jammu & Kashmir Bank's CASA ratio in the most recently reported quarter?,"CARE Ratings describes the bank as having ""high CASA deposits,"" though an exact current ratio was not found."
What are Jammu & Kashmir Bank's gross NPA and net NPA ratios?,Gross NPA improving to 2.37% from 2.50% quarter-on-quarter.
"What is Jammu & Kashmir Bank's capital adequacy ratio (CRAR), and its CET1 ratio if disclosed?",Capital adequacy 16.67% under Basel III.
What are Jammu & Kashmir Bank's return on assets (ROA) and return on equity (ROE) for the latest quarter?,Standalone ROA/ROE not isolated; net profit for the quarter was ₹424.18 crore.
What was Jammu & Kashmir Bank's total advances (loan book) and deposit growth in the latest quarter?,"Total deposits ₹1,73,420.33 crore in Q1 FY27, up from ₹1,65,354 crore at end-FY26; advances ₹1,28,183.11 crore, up from ₹1,22,641.02 crore, up 4.5% quarter-on-quarter."
"What credit ratings has Jammu & Kashmir Bank received, and from which rating agencies?",CARE Ratings reaffirmed an AA- Stable rating on 15 September 2025 on the bank's Tier II Basel III bonds.
"Roughly how many branches and ATMs does Jammu & Kashmir Bank operate, and as of what date?","1,008 branches as of December 2025 (835 within J&K, 37 in Ladakh, 136 elsewhere in India, plus 99 ultra-small branches) and 1,436 ATMs and 169 cash-recycling machines."
"What products and services does Jammu & Kashmir Bank offer, and which customer segments does it serve?","Both an RBI-designated universal bank and the exclusive banker to the Government of Jammu & Kashmir and the Union Territory of Ladakh, including collection agent for central direct taxes, nodal bank for the Public Financial Management System, lead bank in 12 J&K districts, and convenor of the UT Level Bankers' Committee."
What is Dhanlaxmi Bank's ticker symbol and on which exchange(s) does it trade?,DHANBANK on the NSE; 532180 on the BSE.
"Who is the current MD & CEO (or Chairman, where that is the top executive title) of Dhanlaxmi Bank?",Ajith Kumar K.K. has been MD & CEO since RBI approval in 2024; the current chairman was not found.
"What percentage of Dhanlaxmi Bank is held by its government promoter or largest shareholder, and as of what date?","No promoter, widely held. As of March 2025, largest shareholder B. Ravindran Pillai (NRI) 10.00%, director Jineesh Nath C.K. 7.50%, NRI Yusuffali M.A. 5.00%, Kapilkumar Wadhawan 3.20%; FPIs Ares Diversified 3.74% and Ayushmat Ltd 3.38%; FIIs ~15.31% overall, domestic institutions ~0.1%."
What are Dhanlaxmi Bank's gross NPA and net NPA ratios?,Gross NPA improving sharply to 1.82% from 3.22% a year earlier.
What are Dhanlaxmi Bank's return on assets (ROA) and return on equity (ROE) for the latest quarter?,Standalone ROA/ROE not isolated; net profit doubled year-on-year to ₹24.9 crore.
What was Dhanlaxmi Bank's total advances (loan book) and deposit growth in the latest quarter?,"Total business crossed ₹35,000 crore in the quarter."
"What credit ratings has Dhanlaxmi Bank received, and from which rating agencies?","ICRA reaffirmed, on 24 March 2026, a BBB- Stable rating on the bank's ₹150 crore Basel III Tier II bonds (10.50% coupon, maturing April 2035) — close to sub-investment grade."
"Roughly how many branches and ATMs does Dhanlaxmi Bank operate, and as of what date?",264 branches and 285 ATMs (both dated figures).
"What products and services does Dhanlaxmi Bank offer, and which customer segments does it serve?","Small, Kerala-origin institution that has previously faced governance disputes, including a 2020 shareholder-led removal of its then-CEO."
What is IDBI Bank's ticker symbol and on which exchange(s) does it trade?,IDBI on the NSE and BSE.
"Who is the current MD & CEO (or Chairman, where that is the top executive title) of IDBI Bank?","Rakesh Sharma is MD & CEO, and T. N. Manoharan is chairman, a part-time independent director."
"What percentage of IDBI Bank is held by its government promoter or largest shareholder, and as of what date?","LIC holds 49.24% and the Government of India a further 45.48-45.50%, as of August 2025 — a combined roughly 94.7%; the two owners are jointly selling a combined 60.72% controlling stake in a landmark strategic disinvestment."
What was IDBI Bank's CASA ratio in the most recently reported quarter?,A current CASA ratio was not found.
What is IDBI Bank's net interest margin (NIM) for the latest reported period?,"A separately reported, lower-confidence Q1 FY27 source cites net interest margin of 3.61%, down from 3.68%."
What are IDBI Bank's gross NPA and net NPA ratios?,Gross NPA improving sharply to 2.98% from 4.53% a year earlier (FY24-25); a separate lower-confidence Q1 FY27 source cites gross NPA of 2.3%.
What are IDBI Bank's return on assets (ROA) and return on equity (ROE) for the latest quarter?,FY24-25: return on equity 16.10% and return on assets 1.82%.
What was IDBI Bank's total advances (loan book) and deposit growth in the latest quarter?,"FY24-25 deposits ₹309,975 crore; advances ₹218,399 crore."
"What credit ratings has IDBI Bank received, and from which rating agencies?","No current, dated credit rating could be confirmed this session."
"Roughly how many branches and ATMs does IDBI Bank operate, and as of what date?","Branch counts are inconsistent across sources — roughly 2,104 per one aggregate table, versus 1,890-plus per the bank's own FY24-25 disclosure; ATM counts range from 3,300 to more than 3,700 depending on the source."
"What products and services does IDBI Bank offer, and which customer segments does it serve?","Combines legacy development-finance and infrastructure-lending heritage with full universal banking — retail, corporate, MSME, agricultural and treasury business, plus investment banking through its IDBI Capital Markets subsidiary."
What is AU Small Finance Bank's ticker symbol and on which exchange(s) does it trade?,AUBANK on the NSE and BSE (ISIN INE949L01017).
"Who is the current MD & CEO (or Chairman, where that is the top executive title) of AU Small Finance Bank?","Sanjay Agarwal, the bank's founder, serves as MD & CEO."
"What percentage of AU Small Finance Bank is held by its government promoter or largest shareholder, and as of what date?","Sanjay Agarwal and family (Jyoti Agarwal, Shakuntala Agarwal among them) together held 22.76% as of 31 March 2026. Foreign portfolio investors held roughly 37.68% as of June 2025 (Camas Investments ~3.62%, New World Fund ~2.82%); HDFC Mid-Cap Fund 6.37%."
What was AU Small Finance Bank's CASA ratio in the most recently reported quarter?,Roughly 29% in Q1 FY27.
What is AU Small Finance Bank's net interest margin (NIM) for the latest reported period?,5.9%.
What are AU Small Finance Bank's gross NPA and net NPA ratios?,Gross NPA improving to 2.10% and net NPA to 0.76% year-on-year.
"What is AU Small Finance Bank's capital adequacy ratio (CRAR), and its CET1 ratio if disclosed?",Capital adequacy 18.9% with CET1 17.1%.
What are AU Small Finance Bank's return on assets (ROA) and return on equity (ROE) for the latest quarter?,"Profit after tax ₹795.95 crore, up 37% year-on-year; standalone ROA/ROE not isolated."
What was AU Small Finance Bank's total advances (loan book) and deposit growth in the latest quarter?,"Total deposits ₹1,57,727 crore, up 24% year-on-year; gross advances ₹1,44,250 crore, up 23%."
"What credit ratings has AU Small Finance Bank received, and from which rating agencies?","ICRA reaffirmed an AA Stable long-term entity rating on 27 February 2026; a CRISIL rating dated 2 April 2026 is on file, though its specific value was not extracted."
"Roughly how many branches and ATMs does AU Small Finance Bank operate, and as of what date?","Roughly 2,790 physical touchpoints across 21 states and four union territories as of March 2026."
"What products and services does AU Small Finance Bank offer, and which customer segments does it serve?","Core historical strength in vehicle (""wheels"") finance, since expanded into MSME, retail, wholesale and digital banking; received RBI in-principle approval on 7 August 2025 to convert to a full universal bank — the first small finance bank to reach that milestone."
What is Equitas Small Finance Bank's ticker symbol and on which exchange(s) does it trade?,EQUITASBNK on the NSE and BSE.
"Who is the current MD & CEO (or Chairman, where that is the top executive title) of Equitas Small Finance Bank?",Pathangi P. N. Vasudevan has been MD & CEO since 2016; Anil Sharma is independent non-executive part-time chairman.
"What percentage of Equitas Small Finance Bank is held by its government promoter or largest shareholder, and as of what date?","No promoter (Equitas Holdings amalgamated into the bank in 2023). As of December 2024: HDFC Mutual Fund 8.57%, Franklin India 6.29%, SBI Mutual Fund 6.04%; mutual funds overall ~37.27%, foreign portfolio investors ~11.45%."
What was Equitas Small Finance Bank's CASA ratio in the most recently reported quarter?,25%.
What is Equitas Small Finance Bank's net interest margin (NIM) for the latest reported period?,7.24% on a daily-average basis.
What are Equitas Small Finance Bank's gross NPA and net NPA ratios?,Gross NPA in a 2.36-2.42% range depending on the source; net NPA 0.70-0.71%.
"What is Equitas Small Finance Bank's capital adequacy ratio (CRAR), and its CET1 ratio if disclosed?",Capital adequacy was not found this session.
What are Equitas Small Finance Bank's return on assets (ROA) and return on equity (ROE) for the latest quarter?,Return on assets 1.18%; return on equity 11.76%.
What was Equitas Small Finance Bank's total advances (loan book) and deposit growth in the latest quarter?,"Deposits ₹48,976 crore, up 10% year-on-year; advances roughly ₹47,641-47,653 crore, up about 27%."
"What credit ratings has Equitas Small Finance Bank received, and from which rating agencies?","CARE Ratings reaffirmed an AA- Stable issuer rating (and the same on lower Tier II bonds), with A1+ on certificates of deposit, on 7 September 2026."
"Roughly how many branches and ATMs does Equitas Small Finance Bank operate, and as of what date?",Not specifically given beyond its diversified retail branch model.
"What products and services does Equitas Small Finance Bank offer, and which customer segments does it serve?","Deliberately diversified retail model spanning small-business and MSE lending, vehicle finance, affordable housing and microfinance, with management explicitly capping microfinance near roughly 10% of the book (small-business loans 40%, vehicle finance 23%, housing 13%, microfinance 13%, MSE 5%, NBFC lending 4%, remainder gold loans)."
What is Ujjivan Small Finance Bank's ticker symbol and on which exchange(s) does it trade?,UJJIVANSFB on the NSE and BSE.
"Who is the current MD & CEO (or Chairman, where that is the top executive title) of Ujjivan Small Finance Bank?","Sanjeev Nautiyal, appointed MD & CEO in May 2024, took early retirement effective 1 September 2026 for health reasons, with Carol Furtado (executive director) appointed acting MD & CEO pending RBI approval; Banavar Prabhakar is independent part-time chairman."
"What percentage of Ujjivan Small Finance Bank is held by its government promoter or largest shareholder, and as of what date?","0% promoter holding as of September 2025 (holding company amalgamated into the bank). Franklin India Opportunities Fund 2.93%, Sundaram Small Cap Fund 2.37%, International Finance Corporation 3.21%; mutual funds overall 14.83%, foreign portfolio investors 12.71%."
What was Ujjivan Small Finance Bank's CASA ratio in the most recently reported quarter?,"CASA deposits ₹12,930 crore, up 37.8% year-on-year, within total deposits of ₹48,129 crore."
What are Ujjivan Small Finance Bank's gross NPA and net NPA ratios?,Gross NPA 2.17%.
What are Ujjivan Small Finance Bank's return on assets (ROA) and return on equity (ROE) for the latest quarter?,"Profit after tax ₹317 crore, up 206.7% year-on-year; return on equity 18.2%."
What was Ujjivan Small Finance Bank's total advances (loan book) and deposit growth in the latest quarter?,"Total deposits ₹48,129 crore, up 25% year-on-year; gross loan book grew 28.9% year-on-year."
"What credit ratings has Ujjivan Small Finance Bank received, and from which rating agencies?",CRISIL reaffirmed an A1+ rating on the certificate-of-deposit programme on 9 January 2026; the long-term entity-rating value was not extracted.
"Roughly how many branches and ATMs does Ujjivan Small Finance Bank operate, and as of what date?",842 banking touchpoints across 326 districts in 26 states and union territories.
"What products and services does Ujjivan Small Finance Bank offer, and which customer segments does it serve?","Diversifying from its microfinance origin into affordable housing, MSME lending, gold loans and secured retail more broadly, with the secured book growing considerably faster than microbanking (secured up 42.7%, microbanking up 16.8%, affordable housing ₹11,210 crore up 40.8%, MSME up 54%, gold loans up 248.6%)."
What is ESAF Small Finance Bank's ticker symbol and on which exchange(s) does it trade?,ESAFSFB on the NSE and BSE.
"Who is the current MD & CEO (or Chairman, where that is the top executive title) of ESAF Small Finance Bank?",Dr. K. Paul Thomas has been MD & CEO since October 2018; Karthikeyan Manickam is independent part-time chairman.
"What percentage of ESAF Small Finance Bank is held by its government promoter or largest shareholder, and as of what date?","ESAF Financial Holdings Pvt Ltd held 52.87% as of September 2025, ESAF Swasraya Multistate Agro Co-operative Society a further 4.35%, and individuals including Paul Thomas and Beena George roughly 6.08% between them — a combined promoter holding of 63.30%."
What was ESAF Small Finance Bank's CASA ratio in the most recently reported quarter?,"23.39%, down from 24.79% a year earlier."
What is ESAF Small Finance Bank's net interest margin (NIM) for the latest reported period?,"7.9%, up from 6%."
What are ESAF Small Finance Bank's gross NPA and net NPA ratios?,Gross NPA down to 5.40% from 7.48%; net NPA down to 0.83% from 3.77%.
"What is ESAF Small Finance Bank's capital adequacy ratio (CRAR), and its CET1 ratio if disclosed?","Capital adequacy 23.86%, up from 22.74%."
What are ESAF Small Finance Bank's return on assets (ROA) and return on equity (ROE) for the latest quarter?,Returned to profit this quarter with profit after tax of ₹80 crore against a loss of ₹81 crore a year earlier; standalone ROA/ROE not isolated.
What was ESAF Small Finance Bank's total advances (loan book) and deposit growth in the latest quarter?,"Deposits ₹26,925 crore, up 18.62% year-on-year; gross advances ₹23,216 crore, up 27.39%."
"What credit ratings has ESAF Small Finance Bank received, and from which rating agencies?","CARE Ratings rated the bank A- long-term and A1 short-term as of a 2 September 2026 outlook revision, moving the outlook from Negative to Stable."
"Roughly how many branches and ATMs does ESAF Small Finance Bank operate, and as of what date?",Not specifically given in the dataset.
"What products and services does ESAF Small Finance Bank offer, and which customer segments does it serve?","Pursuing an explicit ""portfolio clean-up"" strategy since the 2024-25 sector-wide microfinance stress cycle, actively diversifying into secured retail lending; secured advances now 62.38% of the book, up from 58.73% a year earlier."
What is Utkarsh Small Finance Bank's ticker symbol and on which exchange(s) does it trade?,UTKARSHBNK on the NSE; 543942 on the BSE.
"Who is the current MD & CEO (or Chairman, where that is the top executive title) of Utkarsh Small Finance Bank?",Govind Singh is MD & CEO; Dr. Kshatrapati Shivaji is independent director and part-time chairman.
"What percentage of Utkarsh Small Finance Bank is held by its government promoter or largest shareholder, and as of what date?","Promoter Utkarsh CoreInvest's holding fell from 68.92% in March 2025 to 42.67% by June 2026. FIIs 11.90%, domestic institutions 9.54%, public 35.88% as of June 2026."
What was Utkarsh Small Finance Bank's CASA ratio in the most recently reported quarter?,"22.1%, up from 19.7% a year earlier."
What are Utkarsh Small Finance Bank's gross NPA and net NPA ratios?,Gross NPA 6.09% and net NPA 2.86% — the highest asset-quality stress of any small finance bank in the dataset.
What are Utkarsh Small Finance Bank's return on assets (ROA) and return on equity (ROE) for the latest quarter?,"Net loss narrowed 85.84% year-on-year, to ₹33.9 crore from ₹239.5 crore; standalone ROA/ROE not isolated."
What was Utkarsh Small Finance Bank's total advances (loan book) and deposit growth in the latest quarter?,"Total deposits ₹22,053 crore, up just 2.6% year-on-year; gross loans ₹19,612 crore, up only 2.0% (non-JLG portfolio ₹14,132 crore, up 32.7%)."
"What credit ratings has Utkarsh Small Finance Bank received, and from which rating agencies?","ICRA revised the bank's rating outlook to Negative on 22 May 2025 over asset-quality concerns; CARE Ratings separately assigned an A- Stable rating to a proposed ₹500 crore Tier II bond and reaffirmed existing ₹200 crore bonds in September 2026 — the two agencies' assessments diverge, unresolved in the dataset."
"Roughly how many branches and ATMs does Utkarsh Small Finance Bank operate, and as of what date?",Not specifically given in the dataset.
"What products and services does Utkarsh Small Finance Bank offer, and which customer segments does it serve?","Historically a JLG (joint-liability-group) microfinance-heavy model, now pushing explicitly to grow its non-JLG, secured-retail book."
What is Suryoday Small Finance Bank's ticker symbol and on which exchange(s) does it trade?,SURYODAY on the NSE; 543279 on the BSE.
"Who is the current MD & CEO (or Chairman, where that is the top executive title) of Suryoday Small Finance Bank?","Baskar Babu Ramachandran, co-founder, has been MD & CEO for roughly 18.7 years; Krishna Nair is independent, non-executive part-time chairman."
"What percentage of Suryoday Small Finance Bank is held by its government promoter or largest shareholder, and as of what date?","Founding-individual promoters — Baskar Babu Ramachandran 5.22%, Sheela Pai Cole 4.18%, Sunaina Pai Ocalan 4.18%, P. S. Jagdish 3.32% — for a combined promoter group of 22.48% as of June 2026. Domestic institutions 5.47%, foreign institutions 5.35%, public 66.70%."
What is Suryoday Small Finance Bank's net interest margin (NIM) for the latest reported period?,"4.21%, up from 4.06% a year earlier."
What are Suryoday Small Finance Bank's gross NPA and net NPA ratios?,Reported as 2.47% by one source and 6.60% by another for the same period — an unresolved discrepancy that should be checked against the bank's own primary filing. Net NPA fell in a range of 1.14% to 1.27% depending on the source.
"What is Suryoday Small Finance Bank's capital adequacy ratio (CRAR), and its CET1 ratio if disclosed?",Capital adequacy 21.6%.
What are Suryoday Small Finance Bank's return on assets (ROA) and return on equity (ROE) for the latest quarter?,Net profit rising 113.10% year-on-year to ₹75.18 crore.
What was Suryoday Small Finance Bank's total advances (loan book) and deposit growth in the latest quarter?,"Deposits ₹10,596 crore, up 16.3% year-on-year; gross loan book ₹9,074 crore, up 22.0% — the smallest loan book of any small finance bank in the dataset."
"What credit ratings has Suryoday Small Finance Bank received, and from which rating agencies?","A CRISIL update dated November 2025 and an ICRA update dated March 2025 are both on file, but neither's specific rating value could be extracted."
"Roughly how many branches and ATMs does Suryoday Small Finance Bank operate, and as of what date?",Not specifically given in the dataset.
"What products and services does Suryoday Small Finance Bank offer, and which customer segments does it serve?","Urban and semi-urban microfinance-origin model; a financial-data aggregator flags that ""other income,"" including gains, forms a notably large part of the bank's reported profit in recent periods."
What is Jana Small Finance Bank's ticker symbol and on which exchange(s) does it trade?,JSFB on the NSE; 544118 on the BSE.
"Who is the current MD & CEO (or Chairman, where that is the top executive title) of Jana Small Finance Bank?",Ajay Chamanlal Kanwal has been MD & CEO since August 2017; Chitra Talwar is non-executive independent part-time chairperson.
"What percentage of Jana Small Finance Bank is held by its government promoter or largest shareholder, and as of what date?","Promoter Jana Holdings Limited held 16.94% as of June 2026, down from 22.54% in March 2024. Volrado Venture Partners Fund-III 2.78%, ICICI Prudential Life Insurance 1.54%, Ananta Capital Ventures Fund 1 1.46%, Singularity Growth Opportunities Fund II 1.34%; long-standing backing from TPG Capital and HarbourVest Partners."
What are Jana Small Finance Bank's gross NPA and net NPA ratios?,Gross NPA 2.39% (improved from 2.46% in the prior quarter); net NPA 0.91% (from 0.92%).
"What is Jana Small Finance Bank's capital adequacy ratio (CRAR), and its CET1 ratio if disclosed?","Capital adequacy improved to 20.18% as of Q1 FY27, up from 19.38% in the prior quarter."
What are Jana Small Finance Bank's return on assets (ROA) and return on equity (ROE) for the latest quarter?,"Profit after tax ₹155.23 crore, up 52.29% year-on-year; FY26 return on equity was only 8%."
What was Jana Small Finance Bank's total advances (loan book) and deposit growth in the latest quarter?,A detailed segment-level breakdown of the loan book was not found; growth rate cited alongside a net-interest-income figure (flagged as inconsistent with the bank's scale) was 22.07% year-on-year.
"What credit ratings has Jana Small Finance Bank received, and from which rating agencies?","No current, dated credit rating from CRISIL, CARE, ICRA or Fitch could be independently confirmed, though an aggregator references ""recent ratings updates from CARE, Fitch, and ICRA (latest July 2026)"" without giving retrievable values."
"Roughly how many branches and ATMs does Jana Small Finance Bank operate, and as of what date?",Not specifically given in the dataset.
"What products and services does Jana Small Finance Bank offer, and which customer segments does it serve?","Diversified model with a digital-banking push branded ""DigiGen,"" having moved beyond its pure microfinance origins into secured retail and MSME banking."
"What is State Bank of India's primary competitive advantage, and how strong is the evidence behind that claim?","Its unmatched branch, ATM and digital scale combined with sovereign backing (high confidence, direct evidence)."
What is the key strength identified for State Bank of India in the current analysis?,"Record profitability with the lowest non-performing-asset levels in more than two decades (high confidence, direct evidence)."
What is the main weakness or vulnerability flagged for State Bank of India?,"Its domestic net interest margin, at 3.00%, trails several private-bank peers (medium confidence, direct evidence)."
What is the biggest threat facing State Bank of India according to the analysis?,"HDFC Bank and ICICI Bank, chief among private banks, continuing to take retail and digital market share (inferred, not directly stated by the bank)."
"What credit, market, operational or regulatory risks is State Bank of India exposed to?","Credit risk from its large corporate loan book, interest-rate risk given its deposit-base size, cyber risk given its digital-user scale, and ordinary regulatory risk."
Who are State Bank of India's main named competitors?,HDFC Bank and ICICI Bank are named as the private-bank peers taking retail/digital market share.
"What is Bank of Baroda's primary competitive advantage, and how strong is the evidence behind that claim?","Its 24-country network (medium confidence — the branch count is direct fact, but its strategic value is inferential)."
What is the main weakness or vulnerability flagged for Bank of Baroda?,"Reported net profit fell 72% year-on-year to ₹1,278 crore because of the ₹5,680 crore NMC Health legal settlement (adjusted profit ₹5,528 crore) — high confidence, directly evidenced."
What is the biggest threat facing Bank of Baroda according to the analysis?,Funding-cost pressure implied by rising reliance on bulk and CD funding as CASA declines.
"What credit, market, operational or regulatory risks is Bank of Baroda exposed to?","Regulatory and litigation risk (illustrated by the NMC settlement), ordinary credit risk, funding risk from CASA erosion, and the operational complexity of running operations across 24 jurisdictions."
What is the key strength identified for Punjab National Bank in the current analysis?,"A sharp asset-quality turnaround — gross NPA more than halved to 2.78%, provision coverage 97.23%, net profit up 213.6% year-on-year to ₹5,253 crore (high confidence, directly evidenced)."
What is the main weakness or vulnerability flagged for Punjab National Bank?,Net interest income growth of only 2.1% is lagging the pace of balance-sheet growth.
What is the biggest threat facing Punjab National Bank according to the analysis?,"PNB's legacy of large corporate NPAs, including past fraud incidents, remains a structural weak point relative to cleaner peers (moderate confidence, inferred from history)."
"What credit, market, operational or regulatory risks is Punjab National Bank exposed to?","Credit risk from legacy corporate exposures, operational risk given its fraud history, geographic concentration risk in the north, and ordinary regulatory risk."
"What is Canara Bank's primary competitive advantage, and how strong is the evidence behind that claim?","A strong South Indian retail, agricultural and MSME franchise with high branch density in Karnataka and the wider south."
What is the key strength identified for Canara Bank in the current analysis?,"Asset quality — gross NPA 1.57%, net NPA 0.36%, provision coverage 94.76% — among the strongest profiles of any PSU peer in the dataset, alongside strong ROE (18.31%) and ROA (1.04%)."
What is the main weakness or vulnerability flagged for Canara Bank?,"Net profit grew only about 2% year-on-year despite strong net-interest-income and advances growth, implying margin compression or heavier provisioning elsewhere."
What is the biggest threat facing Canara Bank according to the analysis?,Its comparatively low CASA ratio raises relative sensitivity to funding costs.
"What credit, market, operational or regulatory risks is Canara Bank exposed to?","Funding risk given its lower CASA base, credit risk tied to the seasonality of its agricultural book, interest-rate risk and ordinary regulatory risk."
What is the key strength identified for Union Bank of India in the current analysis?,"Standalone net profit rose 29.5% year-on-year to ₹5,332 crore (consolidated ₹5,641 crore), and gross NPA improved to 2.65% from 3.52% a year earlier."
What is the main weakness or vulnerability flagged for Union Bank of India?,"Deposit growth may be lagging advances growth significantly (low confidence, rests on a single secondary source)."
What is the biggest threat facing Union Bank of India according to the analysis?,"The flagged deposit-growth lag, if real, poses funding and liquidity risk."
"What credit, market, operational or regulatory risks is Union Bank of India exposed to?","Funding and liquidity risk if the deposit-growth lag proves real, ordinary credit and interest-rate risk, and technology risk tied to post-merger integration following its amalgamation with Andhra Bank and Corporation Bank."
What is the key strength identified for Bank of India in the current analysis?,"Asset-quality improvement (gross NPA down 111bps to 1.81%, net NPA down 24bps to 0.51%, provision coverage 93.63%) and a 36.23% year-on-year rise in standalone net profit to ₹3,068 crore."
What is the main weakness or vulnerability flagged for Bank of India?,"Its very low credit cost (0.15%) and slippage ratio (0.24%) this quarter may not hold through a full credit cycle (low confidence, an inference about sustainability)."
What is the biggest threat facing Bank of India according to the analysis?,"A profit-figure discrepancy (a headline ₹1,747.39 crore 'consolidated' figure that does not reconcile with the ₹3,068 crore standalone figure) raises some question about disclosure consistency."
"What credit, market, operational or regulatory risks is Bank of India exposed to?","Ordinary credit and interest-rate risk, the flagged disclosure-consistency question, and regulatory risk; it depends on deposit growth (14.90%) keeping pace with faster advances growth (18.84%)."
"What is Indian Bank's primary competitive advantage, and how strong is the evidence behind that claim?",Sovereign ownership underpinning the stability of its top-tier CRISIL ratings.
What is the key strength identified for Indian Bank in the current analysis?,"Asset quality (gross NPA 1.86%, net NPA 0.15%, provision coverage 98.22%) and capital position (17.58% CRAR, 16.51% CET1), both comfortably above regulatory minimums."
What is the main weakness or vulnerability flagged for Indian Bank?,"The current non-executive chairman could not be identified in public sources reviewed, suggesting somewhat limited recent disclosure visibility."
"What credit, market, operational or regulatory risks is Indian Bank exposed to?","Credit risk from infrastructure and corporate concentration, interest-rate risk, technology risk given its digitization push, and ordinary regulatory risk."
"What is Central Bank of India's primary competitive advantage, and how strong is the evidence behind that claim?",Its high CASA ratio (46.61%) — a genuine funding-cost advantage.
What is the key strength identified for Central Bank of India in the current analysis?,"Its high CASA ratio and rapid advances growth (28.58% year-on-year), both directly evidenced."
What is the main weakness or vulnerability flagged for Central Bank of India?,"A still-elevated cost-to-income ratio of 55.40%, and gross NPA, while improved, remains at 2.60%."
What is the biggest threat facing Central Bank of India according to the analysis?,The funding-gap risk implied by advances outgrowing deposits so much this quarter.
"What credit, market, operational or regulatory risks is Central Bank of India exposed to?","Funding risk from the advances-deposits gap, ordinary credit risk, and operational risk tied to its legacy, branch-heavy network; it has historically been subject to the RBI's Prompt Corrective Action framework."
"What is Indian Overseas Bank's primary competitive advantage, and how strong is the evidence behind that claim?","Asset quality — gross NPA improved to 1.33%, net NPA 0.18%, provision coverage 97.67% — high confidence, directly evidenced."
What is the key strength identified for Indian Overseas Bank in the current analysis?,"Asset quality improvement and a 49.32% rise in net profit to ₹1,659 crore."
What is the main weakness or vulnerability flagged for Indian Overseas Bank?,"A sharp rise in cost-to-income, from 44.22% to 53.95% year-on-year, and the CASA decline noted above."
What is the biggest threat facing Indian Overseas Bank according to the analysis?,The rising credit-deposit ratio (up 630bps to 85.63%) increasing liquidity and funding pressure.
"What credit, market, operational or regulatory risks is Indian Overseas Bank exposed to?","Liquidity risk from the rising CD ratio, operational and cost risk from the cost-to-income jump, funding risk from CASA erosion, and regulatory risk tied to the ongoing government stake-sale process."
"What is UCO Bank's primary competitive advantage, and how strong is the evidence behind that claim?","Growth and profitability momentum, plus board approval to raise up to $1 billion in foreign-currency funds to support balance-sheet growth."
What is the key strength identified for UCO Bank in the current analysis?,"Net profit for the quarter was ₹656 crore, up 8% year-on-year, with operating profit up a striking 80%."
What is the main weakness or vulnerability flagged for UCO Bank?,The MD & CEO transition status is not clearly confirmed as of the research date (low confidence).
What is the biggest threat facing UCO Bank according to the analysis?,Continued Government of India stake dilution (from 95.39% to 90.95% year-on-year) moving toward the regulatory public-float floor could pressure near-term valuation dynamics.
"What credit, market, operational or regulatory risks is UCO Bank exposed to?","Funding risk given its dependency on external fundraising to support growth, ordinary credit risk, regulatory risk tied to minimum-public-shareholding compliance, and operational risk from ongoing network modernization."
"What is Bank of Maharashtra's primary competitive advantage, and how strong is the evidence behind that claim?","Best-in-class asset quality among PSU peers, supporting lower credit costs."
What is the key strength identified for Bank of Maharashtra in the current analysis?,"Best-in-class asset quality (gross NPA 1.45%) and sustained 27% profit growth in both the latest quarter (₹2,020 crore) and the prior full year (₹7,019 crore)."
What is the main weakness or vulnerability flagged for Bank of Maharashtra?,"A repeated need to raise capital (a ₹2,000 crore equity issuance plan and the December 2025 offer-for-sale) to sustain growth while reducing the government's stake."
What is the biggest threat facing Bank of Maharashtra according to the analysis?,Further government stake reduction toward the 75% public-float floor could dilute near-term earnings per share.
"What credit, market, operational or regulatory risks is Bank of Maharashtra exposed to?","Geographic concentration risk in Maharashtra and western India, funding risk tied to repeated capital-raise dependency, regulatory risk around public-shareholding compliance, and credit risk from the pace of loan-book expansion."
What is the key strength identified for Punjab & Sind Bank in the current analysis?,"Asset-quality improvement (gross NPA down to 2.21% from 3.34%, net NPA down to 0.65% from 0.91%) and solid capital adequacy of 17.61% with CET1 16.56%."
What is the main weakness or vulnerability flagged for Punjab & Sind Bank?,Its small scale — the smallest advances base and branch network of the twelve PSU banks — combined with CRISIL's explicit characterization of a 'modest earnings profile.'
What is the biggest threat facing Punjab & Sind Bank according to the analysis?,Its very high government-ownership concentration (93.85%) increases regulatory and dilution-overhang risk relative to peers closer to the 75% public-float norm.
"What credit, market, operational or regulatory risks is Punjab & Sind Bank exposed to?","Geographic concentration risk in Punjab, credit risk from agricultural-sector exposure, regulatory risk from the need to bring down the 93.85% government stake toward 75%, and operational risk from limited diversification versus larger peers."
"What is HDFC Bank's primary competitive advantage, and how strong is the evidence behind that claim?","The largest branch network of any private bank in India, supporting low-cost liability sourcing (high confidence, directly evidenced)."
What is the key strength identified for HDFC Bank in the current analysis?,A sustained double-digit return on equity (13.8%) despite margin pressure.
What is the main weakness or vulnerability flagged for HDFC Bank?,"Net interest margin has compressed to 3.26%, well below its historical range of roughly 4%, plus genuine uncertainty around CEO succession."
What is the biggest threat facing HDFC Bank according to the analysis?,"Aggressive deposit competition from PSU and other private banks pressuring its CASA ratio, which at 32% sits below historical norms (inferential)."
"What credit, market, operational or regulatory risks is HDFC Bank exposed to?","Interest-rate risk from margin compression, operational risk tied to the leadership transition, and credit risk in unsecured retail and agricultural lending."
"What is ICICI Bank's primary competitive advantage, and how strong is the evidence behind that claim?","Best-in-class asset quality among large private banks (gross NPA 1.38%, net NPA 0.35%) and sector-leading return on assets of 2.18% (high confidence, directly evidenced)."
What is the main weakness or vulnerability flagged for ICICI Bank?,"The pace of retail-loan growth within an already-large retail book could raise unsecured-credit sensitivity over time (moderate confidence, inferential)."
What is the biggest threat facing ICICI Bank according to the analysis?,Its currently strong net interest margin of 4.36% may come under pressure as the interest-rate cycle turns (inferential).
"What credit, market, operational or regulatory risks is ICICI Bank exposed to?","Credit risk from the pace of unsecured retail growth, funding risk from competitive deposit pricing, and interest-rate risk from prospective margin normalization."
What is the key strength identified for Axis Bank in the current analysis?,"Advances growth of 19% year-on-year, led by corporate and SME lending (directly evidenced)."
What is the main weakness or vulnerability flagged for Axis Bank?,"Net interest margin has fallen to a cycle low of 3.46%; retail growth of only 8% lags corporate growth of 38%, raising loan-mix concentration questions."
What is the biggest threat facing Axis Bank according to the analysis?,"Rapid corporate-loan growth could eventually pressure asset quality, though gross NPA is currently stable at 1.28% with no direct evidence of that happening yet (low confidence)."
"What credit, market, operational or regulatory risks is Axis Bank exposed to?","Interest-rate risk from NIM compression, concentration risk from the pace of corporate-loan growth, and ordinary credit risk."
"What is Kotak Mahindra Bank's primary competitive advantage, and how strong is the evidence behind that claim?","Sector-leading CASA ratio of roughly 40% and very high capital adequacy (22.8%, CET1 22.4%), both directly evidenced."
What is the main weakness or vulnerability flagged for Kotak Mahindra Bank?,The announced CEO departure at end-December 2026 with no successor named — the bank's second consecutive leadership exit after Uday Kotak's own 2023 step-down — plus a 12-basis-point NIM decline to 4.53%.
What is the biggest threat facing Kotak Mahindra Bank according to the analysis?,A second consecutive CEO exit may unsettle investor confidence in leadership continuity.
"What credit, market, operational or regulatory risks is Kotak Mahindra Bank exposed to?","Governance and execution risk tied to the CEO succession, and ordinary interest-rate risk from margin pressure."
What is the key strength identified for IndusInd Bank in the current analysis?,Gross and net NPA improving sequentially and year-on-year (gross NPA 3.25% versus 3.64% a year earlier) — more modestly evidenced.
What is the main weakness or vulnerability flagged for IndusInd Bank?,"The CASA decline to 29.43% from 31.48% a year earlier, a deteriorating and higher-cost funding mix."
What is the biggest threat facing IndusInd Bank according to the analysis?,"Its CRISIL AA+ rating carries a Negative outlook, reaffirmed 24 August 2025 (high confidence)."
"What credit, market, operational or regulatory risks is IndusInd Bank exposed to?","Governance and operational risk tied to the unresolved FY25 derivatives-accounting matter (roughly ₹1,979 crore discrepancy), funding risk from the declining CASA ratio, and ordinary credit risk."
What is the key strength identified for Yes Bank in the current analysis?,"The entry of SMBC as anchor strategic shareholder, bringing both capital and governance support (best-evidenced strength)."
What is the main weakness or vulnerability flagged for Yes Bank?,"Cost-to-income remains elevated at 62.8%, well above top-tier peers; Additional Tier I bonds remain rated ICRA D, a legacy of the 2020 write-down."
What is the biggest threat facing Yes Bank according to the analysis?,"CASA decline of 240 basis points quarter-on-quarter, pressuring funding costs."
"What credit, market, operational or regulatory risks is Yes Bank exposed to?","Operational risk from its still-elevated cost structure, funding risk from the CASA decline, and ordinary regulatory risk carried over from its reconstruction history."
"What is IDFC First Bank's primary competitive advantage, and how strong is the evidence behind that claim?","Sector-leading 50.8% CASA ratio, materially lowering funding cost (high confidence, directly evidenced)."
What is the key strength identified for IDFC First Bank in the current analysis?,"Record quarterly profit growth, reflecting declining credit costs and margin strength."
What is the main weakness or vulnerability flagged for IDFC First Bank?,"Cost-to-income, though improving, remains high at 70.7%; CET1 capital of 13.33% is thinner than several larger peers (moderate confidence)."
What is the biggest threat facing IDFC First Bank according to the analysis?,"Residual infrastructure and wholesale legacy exposure could still generate episodic credit costs (low confidence, inferential)."
"What credit, market, operational or regulatory risks is IDFC First Bank exposed to?","Operational risk from its elevated cost-to-income ratio, regulatory risk from its comparatively thinner capital cushion, and ordinary credit risk from residual wholesale-book legacy."
What is the key strength identified for Federal Bank in the current analysis?,"Net NPA reaching a decadal low of 0.18% in Q1 FY27, and net profit rising 36.6% year-on-year to ₹1,177 crore (high confidence)."
What is the main weakness or vulnerability flagged for Federal Bank?,"Cost-to-income remains at 52.50% despite improvement, and return on equity (12.01%) still trails top private-bank peers."
What is the biggest threat facing Federal Bank according to the analysis?,"Having no promoter or anchor investor could create some takeover-related uncertainty as the bank continues to scale (low confidence, inferential)."
"What credit, market, operational or regulatory risks is Federal Bank exposed to?","Interest-rate risk from deposit repricing, ordinary regulatory risk, and operational risk tied to the leadership transition under its relatively new MD & CEO."
"What is RBL Bank's primary competitive advantage, and how strong is the evidence behind that claim?","Strategic and balance-sheet support from Emirates NBD ownership — CRISIL's rating rationale explicitly cites ""strong support from, and RBL's strategic importance to, Emirates NBD"" (directly evidenced)."
What is the key strength identified for RBL Bank in the current analysis?,"Capital adequacy surging to 33.3% from 15.6% a year earlier, following the capital infusion."
What is the main weakness or vulnerability flagged for RBL Bank?,"Net interest margin declined to 4.12% from 4.50% a year earlier, and the CASA decline noted above."
What is the biggest threat facing RBL Bank according to the analysis?,Execution risk inherent in such a large ownership change and pending integration.
"What credit, market, operational or regulatory risks is RBL Bank exposed to?","Operational and regulatory risk tied to the post-acquisition integration and governance transition, interest-rate and funding risk from margin/CASA erosion, and ordinary credit risk in its unsecured retail and credit-card book."
What is the key strength identified for South Indian Bank in the current analysis?,"Gross NPA improving to 1.38% from 3.15% a year earlier, with net NPA down to 0.26% from 0.68% — a striking, high-confidence turnaround; net profit rose 17.3% year-on-year to ₹378 crore."
What is the main weakness or vulnerability flagged for South Indian Bank?,"Operating profit actually fell 12% year-on-year despite strong net-interest-income growth, implying rising costs elsewhere; both the MD & CEO and chairman roles are in transition simultaneously in 2026."
What is the biggest threat facing South Indian Bank according to the analysis?,Having both a new CEO and a new chairman in the same year creates some execution-continuity risk (moderate confidence).
"What credit, market, operational or regulatory risks is South Indian Bank exposed to?","Operational risk from the management transition and the historically volatile asset quality that has characterized the bank in the past, alongside ordinary regulatory risk."
What is the key strength identified for Karur Vysya Bank in the current analysis?,"Gross NPA of 0.74% and net NPA of 0.19%, among the best asset-quality figures of any private bank in the dataset, alongside net profit up 44.9% and provision coverage of 96.21%."
What is the main weakness or vulnerability flagged for Karur Vysya Bank?,"Total advances base of roughly ₹1.05 lakh crore is the smallest among the larger private-bank peers reviewed (moderate confidence); CASA ratio was not disclosed, limiting funding-cost transparency (low confidence)."
"What credit, market, operational or regulatory risks is Karur Vysya Bank exposed to?",Credit risk from MSME and agricultural-loan cyclicality and geographic concentration risk given its Tamil Nadu-centric footprint.
What is the key strength identified for City Union Bank in the current analysis?,Return on assets of 1.57% and return on equity of 14.37% — the highest profitability among mid-size Tamil Nadu-focused private banks in the dataset — alongside 25% advances growth and 21% deposit growth.
What is the main weakness or vulnerability flagged for City Union Bank?,"Roughly 59% Tamil Nadu branch concentration, a genuine geographic-concentration risk; the new MD & CEO only took charge on 1 May 2026, creating some continuity risk."
What is the biggest threat facing City Union Bank according to the analysis?,"CARE Ratings' AA- rating still carries only a Positive, not-yet-realized outlook, implying some residual execution risk (moderate confidence)."
"What credit, market, operational or regulatory risks is City Union Bank exposed to?","Geographic concentration risk in Tamil Nadu, operational risk from the leadership transition, and credit risk given the pace of its 25% year-on-year loan growth."
What is the key strength identified for DCB Bank in the current analysis?,"Net profit rising 35.57% year-on-year to ₹213 crore, with return on equity improving to 13.61%, alongside gross NPA improving to 2.43% from 2.98%."
What is the main weakness or vulnerability flagged for DCB Bank?,"Cost-to-income remains elevated at 60.92%; CASA ratio, at 21.65%, is among the lowest of the mid-size private banks in the dataset."
What is the biggest threat facing DCB Bank according to the analysis?,"Total assets of roughly ₹88,752 crore remain the smallest of the peer set reviewed, limiting operating leverage (moderate confidence)."
"What credit, market, operational or regulatory risks is DCB Bank exposed to?","Operational risk from its high cost-to-income ratio, funding risk from its low and declining CASA base, and concentration risk given its sub-scale balance sheet."
What is the key strength identified for Karnataka Bank in the current analysis?,"FY26 net profit reaching a reported record of ₹1,310.5 crore (medium confidence, via an aggregator citing the bank's press release); a large branch and ATM network relative to its overall scale."
What is the main weakness or vulnerability flagged for Karnataka Bank?,"Sales growth of only 7.43% over the past five years and a low return on equity, running roughly 10-11.6% over recent three-year periods, both well behind better-performing private-bank peers."
"What credit, market, operational or regulatory risks is Karnataka Bank exposed to?",Credit risk given elevated gross/net NPA and operational risk from below-peer growth and returns.
What is the key strength identified for Tamilnad Mercantile Bank in the current analysis?,Gross NPA falling to 0.69% from 1.22% a year earlier — a ten-year low — and a very strong capital-adequacy ratio of 32.33% (high confidence).
What is the main weakness or vulnerability flagged for Tamilnad Mercantile Bank?,Heavy geographic concentration in Tamil Nadu and South India (moderate confidence).
What is the biggest threat facing Tamilnad Mercantile Bank according to the analysis?,Competition from larger private banks and small finance banks in gold loans and MSME lending specifically (moderate confidence).
"What credit, market, operational or regulatory risks is Tamilnad Mercantile Bank exposed to?","Geographic concentration risk in Tamil Nadu, market risk from gold-price and collateral-value sensitivity given its gold-loan book, and regulatory risk from RBI's gold-loan loan-to-value and KYC norms."
"What is CSB Bank's primary competitive advantage, and how strong is the evidence behind that claim?","The strategic and financial backing it receives from Fairfax, which CRISIL's own rating rationale explicitly cites as a ""commitment of support."""
What is the key strength identified for CSB Bank in the current analysis?,"Capital adequacy of 19.96% and provision coverage of 86.83% (high confidence, directly evidenced)."
What is the main weakness or vulnerability flagged for CSB Bank?,"CRISIL's rating rationale explicitly notes ""modest earnings"" and a ""limited non-gold loan track record""; its low 19% CASA ratio implies a costlier deposit mix than peers."
What is the biggest threat facing CSB Bank according to the analysis?,Ongoing sensitivity to gold prices and gold-loan regulation given its historical book concentration.
"What credit, market, operational or regulatory risks is CSB Bank exposed to?","Concentration risk from its gold-loan book, operational risk from earnings volatility, and regulatory risk from RBI's gold-loan norms."
"What is Bandhan Bank's primary competitive advantage, and how strong is the evidence behind that claim?","An ""established market position in the micro loan segment,"" per CRISIL's own rating rationale, alongside a growing secured mix (high confidence, directly evidenced)."
What is the key strength identified for Bandhan Bank in the current analysis?,Robust capital adequacy of 18.2%.
What is the main weakness or vulnerability flagged for Bandhan Bank?,"Gross NPA (3.1%) and net NPA (0.9%) remain elevated relative to mainstream private banks, reflecting the legacy of microfinance-sector stress; CRISIL explicitly flags geographic concentration in East and Northeast India."
What is the biggest threat facing Bandhan Bank according to the analysis?,"The bank's vulnerability to microfinance-sector stress cycles, including over-indebtedness and state-level microfinance ordinances (high confidence, directly stated by CRISIL)."
"What credit, market, operational or regulatory risks is Bandhan Bank exposed to?",Credit risk from microfinance and EEB cyclicality and geographic concentration risk in East and Northeast India.
"What is Jammu & Kashmir Bank's primary competitive advantage, and how strong is the evidence behind that claim?","Its exclusive government-banker status, giving it a low-cost and sticky deposit franchise that few other Indian banks can replicate (high confidence)."
What is the key strength identified for Jammu & Kashmir Bank in the current analysis?,"Gross NPA improving to 2.37% from 2.50% quarter-on-quarter, with provision coverage at 90.53% (directly evidenced)."
What is the main weakness or vulnerability flagged for Jammu & Kashmir Bank?,"Geographic concentration in J&K and Ladakh, which limits diversification, and its ""moderate scale of operations"" more generally (both explicitly noted by CARE)."
What is the biggest threat facing Jammu & Kashmir Bank according to the analysis?,"The region's political and security exposure given that geographic concentration (moderate confidence, inferential)."
"What credit, market, operational or regulatory risks is Jammu & Kashmir Bank exposed to?","Geographic and political concentration risk given its overwhelming presence in J&K and Ladakh, and reputational risk tied to regional stability."
What is the key strength identified for Dhanlaxmi Bank in the current analysis?,Net profit doubling year-on-year to ₹24.9 crore and gross NPA improving sharply to 1.82% from 3.22% a year earlier (both high confidence for a bank of this size).
What is the main weakness or vulnerability flagged for Dhanlaxmi Bank?,Its small scale — 264 branches versus larger Kerala-origin peers — and its history of governance disputes given the absence of any promoter or anchor investor.
What is the biggest threat facing Dhanlaxmi Bank according to the analysis?,"Intense competition from larger, better-capitalized Kerala-origin banks, namely Federal Bank, South Indian Bank and CSB Bank."
"What credit, market, operational or regulatory risks is Dhanlaxmi Bank exposed to?","Operational risk given its sub-scale franchise, reputational risk tied to its governance history, and ordinary regulatory risk."
Who are Dhanlaxmi Bank's main named competitors?,"Federal Bank, South Indian Bank and CSB Bank are named as larger, better-capitalized Kerala-origin competitors."
What is the key strength identified for IDBI Bank in the current analysis?,"FY24-25 net profit of ₹7,515 crore, up 33% year-on-year, with return on equity of 16.10% and return on assets of 1.82% (high confidence)."
What is the main weakness or vulnerability flagged for IDBI Bank?,"The multi-year disinvestment process itself has created ongoing strategic uncertainty, evidenced by years of delay."
What is the biggest threat facing IDBI Bank according to the analysis?,"The disinvestment could stall further, be repriced, or face additional regulatory or political delay, as it already has for years."
"What credit, market, operational or regulatory risks is IDBI Bank exposed to?","Regulatory risk tied to the ownership-transition and disinvestment process, including a possible conflict-of-interest question given Fairfax's existing stake in CSB Bank, and ordinary credit risk from legacy corporate and infrastructure exposures."
"What is AU Small Finance Bank's primary competitive advantage, and how strong is the evidence behind that claim?","Roughly 30% compound annual growth in its gross loan portfolio between FY20 and FY25 alongside comfortable asset quality, per ICRA's own rating rationale (high confidence, directly evidenced)."
What is the key strength identified for AU Small Finance Bank in the current analysis?,"Gross NPA improving to 2.10% and net NPA to 0.76% year-on-year, alongside capital adequacy of 18.9% with CET1 of 17.1%."
What is the main weakness or vulnerability flagged for AU Small Finance Bank?,Its CASA ratio of roughly 29% remains below top private-bank peers (moderate confidence).
What is the biggest threat facing AU Small Finance Bank according to the analysis?,Intensifying competition from universal banks and NBFCs in vehicle and MSME finance.
"What credit, market, operational or regulatory risks is AU Small Finance Bank exposed to?","Regulatory and execution risk tied to its pending universal-bank transition, credit risk in unsecured retail and MSME lending, and interest-rate risk."
"What is Equitas Small Finance Bank's primary competitive advantage, and how strong is the evidence behind that claim?","Its diversified secured book, deliberately limiting microfinance concentration to roughly 10% of advances (genuine, directly evidenced strategic strength)."
What is the key strength identified for Equitas Small Finance Bank in the current analysis?,"Returned to profit this quarter, with profit after tax of ₹184 crore against a loss of ₹224 crore a year earlier."
What is the main weakness or vulnerability flagged for Equitas Small Finance Bank?,Cost-to-income remains elevated at 68.38%; deposit growth of 10% year-on-year is trailing advances growth of 27%.
What is the biggest threat facing Equitas Small Finance Bank according to the analysis?,Gross NPA around 2.4% still reflects the residual effects of the 2024-25 sector-wide microfinance stress cycle (moderate confidence).
"What credit, market, operational or regulatory risks is Equitas Small Finance Bank exposed to?",Credit risk from residual microfinance exposure and funding risk from the deposit-growth lag relative to assets.
"What is Ujjivan Small Finance Bank's primary competitive advantage, and how strong is the evidence behind that claim?","Its rapid diversification away from pure microfinance, evidenced by gold-loan growth of 248.6% and MSME growth of 54%."
What is the key strength identified for Ujjivan Small Finance Bank in the current analysis?,"Profit after tax of ₹317 crore, up 206.7% year-on-year, and return on equity of 18.2%, alongside provision coverage strengthening to 85%."
What is the main weakness or vulnerability flagged for Ujjivan Small Finance Bank?,"The sudden, health-related CEO transition, creating near-term governance and strategy-continuity risk."
What is the biggest threat facing Ujjivan Small Finance Bank according to the analysis?,Its residual microbanking exposure remains subject to the sector-wide over-leverage stress seen across the industry in 2024-25 (moderate confidence).
"What credit, market, operational or regulatory risks is Ujjivan Small Finance Bank exposed to?",Operational risk from the leadership transition and credit risk from MFI-legacy stress.
What is the key strength identified for ESAF Small Finance Bank in the current analysis?,"Returned to profit this quarter (₹80 crore versus a ₹81 crore loss a year earlier), with both gross NPA (down to 5.40% from 7.48%) and net NPA (down to 0.83% from 3.77%) improving substantially."
What is the main weakness or vulnerability flagged for ESAF Small Finance Bank?,"A gross NPA of 5.40% remains materially above better-capitalized small-finance-bank peers such as AU Small Finance Bank at 2.10%, a clear sign of continued residual microfinance over-leverage stress (high confidence)."
What is the biggest threat facing ESAF Small Finance Bank according to the analysis?,"CARE Ratings only recently moved the bank's outlook from Negative to Stable, on 2 September 2026, reflecting what remains a still-fragile credit profile (high confidence)."
"What credit, market, operational or regulatory risks is ESAF Small Finance Bank exposed to?","Credit risk (the highest gross NPA of any small finance bank in the dataset), concentration risk given its unusually concentrated promoter and co-operative-society ownership structure, and regulatory risk from RBI's microfinance and household-indebtedness norms."
Who are ESAF Small Finance Bank's main named competitors?,AU Small Finance Bank is cited as a better-capitalized peer by comparison on gross NPA (2.10% versus ESAF's 5.40%).
What is the key strength identified for Utkarsh Small Finance Bank in the current analysis?,"Collection efficiency in the earliest-delinquency bucket reached 99.63%, and net loss narrowed 85.84% year-on-year — genuine signs of stabilization."
What is the main weakness or vulnerability flagged for Utkarsh Small Finance Bank?,Gross NPA of 6.09% and net NPA of 2.86% remain the highest asset-quality stress of any small finance bank in the dataset; deposit growth of just 2.6% and loan growth of just 2.0% both signal a deliberate balance-sheet pause.
What is the biggest threat facing Utkarsh Small Finance Bank according to the analysis?,"ICRA revised the bank's rating outlook to Negative on 22 May 2025 over asset-quality concerns, a position that remained unresolved as of the most recent data found (high confidence)."
"What credit, market, operational or regulatory risks is Utkarsh Small Finance Bank exposed to?","Credit risk from the still-elevated gross and net NPA, regulatory risk from the negative rating outlook, and concentration/governance risk given the scale of the recent promoter dilution."
What is the key strength identified for Suryoday Small Finance Bank in the current analysis?,Net profit rising 113.10% year-on-year to ₹75.18 crore and capital adequacy of 21.6%.
What is the main weakness or vulnerability flagged for Suryoday Small Finance Bank?,"Reliance on other income alongside, in some recent periods, negative core financing margins raises real earnings-quality questions; combined foreign and domestic institutional ownership is only about 10.8%, suggesting comparatively lower institutional conviction than most peers."
What is the biggest threat facing Suryoday Small Finance Bank according to the analysis?,"The bank's small scale relative to its small-finance-bank peers, limiting economies of scale (moderate confidence)."
"What credit, market, operational or regulatory risks is Suryoday Small Finance Bank exposed to?","Reputational and operational risk tied to the unresolved GNPA discrepancy, and ordinary credit risk."
What is the key strength identified for Jana Small Finance Bank in the current analysis?,"Profit after tax of ₹155.23 crore, up 52.29% year-on-year, and full-year FY26 profit of ₹326 crore — a genuine turnaround for a bank with a historically volatile earnings record."
What is the main weakness or vulnerability flagged for Jana Small Finance Bank?,"FY26 return on equity was only 8%, well below several peers (e.g., Ujjivan Small Finance Bank's 18.2%), and the bank pays no dividend at all despite repeated profits."
What is the biggest threat facing Jana Small Finance Bank according to the analysis?,"Continued dilution of the promoter's holding, from 22.54% to 16.94% between March 2024 and June 2026 — a governance and ownership-stability point worth watching."
"What credit, market, operational or regulatory risks is Jana Small Finance Bank exposed to?","Credit risk and reputational risk tied to its historically volatile earnings record (it suffered a large loss of around ₹2,504 crore during the 2016 demonetization period)."
Who are Jana Small Finance Bank's main named competitors?,Ujjivan Small Finance Bank is cited by comparison on return on equity (18.2% versus Jana's 8%).
"Compare the gross NPA ratio of HDFC Bank and ICICI Bank. Which is stronger, and by how much?",HDFC Bank's gross NPA ratio is 0.91% versus ICICI Bank's 1.38%; HDFC Bank is stronger by 0.47 percentage points.
"Compare the return on equity of HDFC Bank and ICICI Bank. Which is stronger, and by how much?",HDFC Bank's return on equity is 13.8% versus ICICI Bank's 11.9%; HDFC Bank is stronger by 1.9 percentage points.
"Compare the CASA ratio of HDFC Bank and ICICI Bank. Which is stronger, and by how much?",HDFC Bank's CASA ratio is 32.0% versus ICICI Bank's 38.1%; ICICI Bank is stronger by 6.1 percentage points.
"Compare the net interest margin of HDFC Bank and ICICI Bank. Which is stronger, and by how much?",HDFC Bank's net interest margin is 3.26% versus ICICI Bank's 4.36%; ICICI Bank is stronger by 1.1 percentage points.
"Compare the gross NPA ratio of HDFC Bank and Axis Bank. Which is stronger, and by how much?",HDFC Bank's gross NPA ratio is 0.91% versus Axis Bank's 1.28%; HDFC Bank is stronger by 0.37 percentage points.
"Compare the return on equity of HDFC Bank and Axis Bank. Which is stronger, and by how much?",HDFC Bank's return on equity is 13.8% versus Axis Bank's 14.16%; Axis Bank is stronger by 0.36 percentage points.
"Compare the CASA ratio of HDFC Bank and Axis Bank. Which is stronger, and by how much?",HDFC Bank's CASA ratio is 32.0% versus Axis Bank's 38.0%; Axis Bank is stronger by 6.0 percentage points.
"Compare the net interest margin of HDFC Bank and Axis Bank. Which is stronger, and by how much?",HDFC Bank's net interest margin is 3.26% versus Axis Bank's 3.46%; Axis Bank is stronger by 0.2 percentage points.
"Compare the gross NPA ratio of ICICI Bank and Axis Bank. Which is stronger, and by how much?",ICICI Bank's gross NPA ratio is 1.38% versus Axis Bank's 1.28%; Axis Bank is stronger by 0.1 percentage points.
"Compare the return on equity of ICICI Bank and Axis Bank. Which is stronger, and by how much?",ICICI Bank's return on equity is 11.9% versus Axis Bank's 14.16%; Axis Bank is stronger by 2.26 percentage points.
"Compare the CASA ratio of ICICI Bank and Axis Bank. Which is stronger, and by how much?",ICICI Bank's CASA ratio is 38.1% versus Axis Bank's 38.0%; ICICI Bank is stronger by 0.1 percentage points.
"Compare the net interest margin of ICICI Bank and Axis Bank. Which is stronger, and by how much?",ICICI Bank's net interest margin is 4.36% versus Axis Bank's 3.46%; ICICI Bank is stronger by 0.9 percentage points.
"Compare the gross NPA ratio of ICICI Bank and Kotak Mahindra Bank. Which is stronger, and by how much?",ICICI Bank's gross NPA ratio is 1.38% versus Kotak Mahindra Bank's 1.18%; Kotak Mahindra Bank is stronger by 0.2 percentage points.
"Compare the return on equity of ICICI Bank and Kotak Mahindra Bank. Which is stronger, and by how much?",ICICI Bank's return on equity is 11.9% versus Kotak Mahindra Bank's 11.98%; Kotak Mahindra Bank is stronger by 0.08 percentage points.
"Compare the CASA ratio of ICICI Bank and Kotak Mahindra Bank. Which is stronger, and by how much?",ICICI Bank's CASA ratio is 38.1% versus Kotak Mahindra Bank's 40.3%; Kotak Mahindra Bank is stronger by 2.2 percentage points.
"Compare the net interest margin of ICICI Bank and Kotak Mahindra Bank. Which is stronger, and by how much?",ICICI Bank's net interest margin is 4.36% versus Kotak Mahindra Bank's 4.53%; Kotak Mahindra Bank is stronger by 0.17 percentage points.
"Compare the gross NPA ratio of HDFC Bank and Kotak Mahindra Bank. Which is stronger, and by how much?",HDFC Bank's gross NPA ratio is 0.91% versus Kotak Mahindra Bank's 1.18%; HDFC Bank is stronger by 0.27 percentage points.
"Compare the return on equity of HDFC Bank and Kotak Mahindra Bank. Which is stronger, and by how much?",HDFC Bank's return on equity is 13.8% versus Kotak Mahindra Bank's 11.98%; HDFC Bank is stronger by 1.82 percentage points.
"Compare the CASA ratio of HDFC Bank and Kotak Mahindra Bank. Which is stronger, and by how much?",HDFC Bank's CASA ratio is 32.0% versus Kotak Mahindra Bank's 40.3%; Kotak Mahindra Bank is stronger by 8.3 percentage points.
"Compare the net interest margin of HDFC Bank and Kotak Mahindra Bank. Which is stronger, and by how much?",HDFC Bank's net interest margin is 3.26% versus Kotak Mahindra Bank's 4.53%; Kotak Mahindra Bank is stronger by 1.27 percentage points.
"Compare the gross NPA ratio of State Bank of India and HDFC Bank. Which is stronger, and by how much?",State Bank of India's gross NPA ratio is 1.47% versus HDFC Bank's 0.91%; HDFC Bank is stronger by 0.56 percentage points.
"Compare the return on equity of State Bank of India and HDFC Bank. Which is stronger, and by how much?",State Bank of India's return on equity is 17.87% versus HDFC Bank's 13.8%; State Bank of India is stronger by 4.07 percentage points.
"Compare the CASA ratio of State Bank of India and HDFC Bank. Which is stronger, and by how much?",State Bank of India's CASA ratio is 39.24% versus HDFC Bank's 32.0%; State Bank of India is stronger by 7.24 percentage points.
"Compare the net interest margin of State Bank of India and HDFC Bank. Which is stronger, and by how much?",State Bank of India's net interest margin is 3.0% versus HDFC Bank's 3.26%; HDFC Bank is stronger by 0.26 percentage points.
"Compare the gross NPA ratio of State Bank of India and Bank of Baroda. Which is stronger, and by how much?",State Bank of India's gross NPA ratio is 1.47% versus Bank of Baroda's 1.99%; State Bank of India is stronger by 0.52 percentage points.
"Compare the return on equity of State Bank of India and Bank of Baroda. Which is stronger, and by how much?",State Bank of India's return on equity is 17.87% versus Bank of Baroda's 3.89%; State Bank of India is stronger by 13.98 percentage points.
"Compare the CASA ratio of State Bank of India and Bank of Baroda. Which is stronger, and by how much?",State Bank of India's CASA ratio is 39.24% versus Bank of Baroda's 37.72%; State Bank of India is stronger by 1.52 percentage points.
"Compare the net interest margin of State Bank of India and Bank of Baroda. Which is stronger, and by how much?",State Bank of India's net interest margin is 3.0% versus Bank of Baroda's 2.77%; State Bank of India is stronger by 0.23 percentage points.
"Compare the gross NPA ratio of State Bank of India and Punjab National Bank. Which is stronger, and by how much?",State Bank of India's gross NPA ratio is 1.47% versus Punjab National Bank's 2.78%; State Bank of India is stronger by 1.31 percentage points.
"Compare the return on equity of State Bank of India and Punjab National Bank. Which is stronger, and by how much?",State Bank of India's return on equity is 17.87% versus Punjab National Bank's 17.33%; State Bank of India is stronger by 0.54 percentage points.
"Compare the CASA ratio of State Bank of India and Punjab National Bank. Which is stronger, and by how much?",State Bank of India's CASA ratio is 39.24% versus Punjab National Bank's 36.7%; State Bank of India is stronger by 2.54 percentage points.
"Compare the net interest margin of State Bank of India and Punjab National Bank. Which is stronger, and by how much?",State Bank of India's net interest margin is 3.0% versus Punjab National Bank's 2.5%; State Bank of India is stronger by 0.5 percentage points.
"Compare the gross NPA ratio of Bank of Baroda and Canara Bank. Which is stronger, and by how much?",Bank of Baroda's gross NPA ratio is 1.99% versus Canara Bank's 1.57%; Canara Bank is stronger by 0.42 percentage points.
"Compare the return on equity of Bank of Baroda and Canara Bank. Which is stronger, and by how much?",Bank of Baroda's return on equity is 3.89% versus Canara Bank's 18.31%; Canara Bank is stronger by 14.42 percentage points.
"Compare the CASA ratio of Bank of Baroda and Canara Bank. Which is stronger, and by how much?",Bank of Baroda's CASA ratio is 37.72% versus Canara Bank's 29.7%; Bank of Baroda is stronger by 8.02 percentage points.
"Compare the gross NPA ratio of Bank of Baroda and Punjab National Bank. Which is stronger, and by how much?",Bank of Baroda's gross NPA ratio is 1.99% versus Punjab National Bank's 2.78%; Bank of Baroda is stronger by 0.79 percentage points.
"Compare the return on equity of Bank of Baroda and Punjab National Bank. Which is stronger, and by how much?",Bank of Baroda's return on equity is 3.89% versus Punjab National Bank's 17.33%; Punjab National Bank is stronger by 13.44 percentage points.
"Compare the CASA ratio of Bank of Baroda and Punjab National Bank. Which is stronger, and by how much?",Bank of Baroda's CASA ratio is 37.72% versus Punjab National Bank's 36.7%; Bank of Baroda is stronger by 1.02 percentage points.
"Compare the net interest margin of Bank of Baroda and Punjab National Bank. Which is stronger, and by how much?",Bank of Baroda's net interest margin is 2.77% versus Punjab National Bank's 2.5%; Bank of Baroda is stronger by 0.27 percentage points.
"Compare the gross NPA ratio of Canara Bank and Union Bank of India. Which is stronger, and by how much?",Canara Bank's gross NPA ratio is 1.57% versus Union Bank of India's 2.65%; Canara Bank is stronger by 1.08 percentage points.
"Compare the gross NPA ratio of Union Bank of India and Bank of India. Which is stronger, and by how much?",Union Bank of India's gross NPA ratio is 2.65% versus Bank of India's 1.81%; Bank of India is stronger by 0.84 percentage points.
"Compare the net interest margin of Union Bank of India and Bank of India. Which is stronger, and by how much?",Union Bank of India's net interest margin is 2.8% versus Bank of India's 2.52%; Union Bank of India is stronger by 0.28 percentage points.
"Compare the gross NPA ratio of Indian Bank and Central Bank of India. Which is stronger, and by how much?",Indian Bank's gross NPA ratio is 1.86% versus Central Bank of India's 2.6%; Indian Bank is stronger by 0.74 percentage points.
"Compare the net interest margin of Indian Overseas Bank and UCO Bank. Which is stronger, and by how much?",Indian Overseas Bank's net interest margin is 3.48% versus UCO Bank's 3.0%; Indian Overseas Bank is stronger by 0.48 percentage points.
"Compare the gross NPA ratio of Bank of Maharashtra and Punjab & Sind Bank. Which is stronger, and by how much?",Bank of Maharashtra's gross NPA ratio is 1.45% versus Punjab & Sind Bank's 2.21%; Bank of Maharashtra is stronger by 0.76 percentage points.
"Compare the gross NPA ratio of IndusInd Bank and Yes Bank. Which is stronger, and by how much?",IndusInd Bank's gross NPA ratio is 3.25% versus Yes Bank's 1.3%; Yes Bank is stronger by 1.95 percentage points.
"Compare the return on equity of IndusInd Bank and Yes Bank. Which is stronger, and by how much?",IndusInd Bank's return on equity is 6.26% versus Yes Bank's 8.3%; Yes Bank is stronger by 2.04 percentage points.
"Compare the CASA ratio of IndusInd Bank and Yes Bank. Which is stronger, and by how much?",IndusInd Bank's CASA ratio is 29.43% versus Yes Bank's 32.7%; Yes Bank is stronger by 3.27 percentage points.
"Compare the net interest margin of IndusInd Bank and Yes Bank. Which is stronger, and by how much?",IndusInd Bank's net interest margin is 3.57% versus Yes Bank's 2.7%; IndusInd Bank is stronger by 0.87 percentage points.
"Compare the gross NPA ratio of IDFC First Bank and Federal Bank. Which is stronger, and by how much?",IDFC First Bank's gross NPA ratio is 1.51% versus Federal Bank's 1.52%; IDFC First Bank is stronger by 0.01 percentage points.
"Compare the CASA ratio of IDFC First Bank and Federal Bank. Which is stronger, and by how much?",IDFC First Bank's CASA ratio is 50.8% versus Federal Bank's 32.23%; IDFC First Bank is stronger by 18.57 percentage points.
"Compare the net interest margin of IDFC First Bank and Federal Bank. Which is stronger, and by how much?",IDFC First Bank's net interest margin is 5.96% versus Federal Bank's 3.33%; IDFC First Bank is stronger by 2.63 percentage points.
"Compare the gross NPA ratio of Federal Bank and South Indian Bank. Which is stronger, and by how much?",Federal Bank's gross NPA ratio is 1.52% versus South Indian Bank's 1.38%; South Indian Bank is stronger by 0.14 percentage points.
"Compare the gross NPA ratio of RBL Bank and Bandhan Bank. Which is stronger, and by how much?",RBL Bank's gross NPA ratio is 1.3% versus Bandhan Bank's 3.1%; RBL Bank is stronger by 1.8 percentage points.
"Compare the CASA ratio of RBL Bank and Bandhan Bank. Which is stronger, and by how much?",RBL Bank's CASA ratio is 25.2% versus Bandhan Bank's 29.4%; Bandhan Bank is stronger by 4.2 percentage points.
"Compare the gross NPA ratio of Karur Vysya Bank and City Union Bank. Which is stronger, and by how much?",Karur Vysya Bank's gross NPA ratio is 0.74% versus City Union Bank's 2.99%; Karur Vysya Bank is stronger by 2.25 percentage points.
"Compare the net interest margin of Karur Vysya Bank and City Union Bank. Which is stronger, and by how much?",Karur Vysya Bank's net interest margin is 4.34% versus City Union Bank's 3.78%; Karur Vysya Bank is stronger by 0.56 percentage points.
"Compare the gross NPA ratio of DCB Bank and Karnataka Bank. Which is stronger, and by how much?",DCB Bank's gross NPA ratio is 2.43% versus Karnataka Bank's 2.58%; DCB Bank is stronger by 0.15 percentage points.
"Compare the return on equity of DCB Bank and Karnataka Bank. Which is stronger, and by how much?",DCB Bank's return on equity is 13.61% versus Karnataka Bank's 11.6%; DCB Bank is stronger by 2.01 percentage points.
"Compare the gross NPA ratio of Tamilnad Mercantile Bank and CSB Bank. Which is stronger, and by how much?",Tamilnad Mercantile Bank's gross NPA ratio is 0.69% versus CSB Bank's 1.75%; Tamilnad Mercantile Bank is stronger by 1.06 percentage points.
"Compare the CASA ratio of Tamilnad Mercantile Bank and CSB Bank. Which is stronger, and by how much?",Tamilnad Mercantile Bank's CASA ratio is 26.0% versus CSB Bank's 19.0%; Tamilnad Mercantile Bank is stronger by 7.0 percentage points.
"Compare the gross NPA ratio of Jammu & Kashmir Bank and Dhanlaxmi Bank. Which is stronger, and by how much?",Jammu & Kashmir Bank's gross NPA ratio is 2.37% versus Dhanlaxmi Bank's 1.82%; Dhanlaxmi Bank is stronger by 0.55 percentage points.
"Compare the gross NPA ratio of IDBI Bank and Yes Bank. Which is stronger, and by how much?",IDBI Bank's gross NPA ratio is 2.98% versus Yes Bank's 1.3%; Yes Bank is stronger by 1.68 percentage points.
"Compare the return on equity of IDBI Bank and Yes Bank. Which is stronger, and by how much?",IDBI Bank's return on equity is 16.1% versus Yes Bank's 8.3%; IDBI Bank is stronger by 7.8 percentage points.
"Compare the net interest margin of IDBI Bank and Yes Bank. Which is stronger, and by how much?",IDBI Bank's net interest margin is 3.61% versus Yes Bank's 2.7%; IDBI Bank is stronger by 0.91 percentage points.
"Compare the gross NPA ratio of AU Small Finance Bank and Equitas Small Finance Bank. Which is stronger, and by how much?",AU Small Finance Bank's gross NPA ratio is 2.1% versus Equitas Small Finance Bank's 2.42%; AU Small Finance Bank is stronger by 0.32 percentage points.
"Compare the CASA ratio of AU Small Finance Bank and Equitas Small Finance Bank. Which is stronger, and by how much?",AU Small Finance Bank's CASA ratio is 29.0% versus Equitas Small Finance Bank's 25.0%; AU Small Finance Bank is stronger by 4.0 percentage points.
"Compare the net interest margin of AU Small Finance Bank and Equitas Small Finance Bank. Which is stronger, and by how much?",AU Small Finance Bank's net interest margin is 5.9% versus Equitas Small Finance Bank's 7.24%; Equitas Small Finance Bank is stronger by 1.34 percentage points.
"Compare the gross NPA ratio of Ujjivan Small Finance Bank and ESAF Small Finance Bank. Which is stronger, and by how much?",Ujjivan Small Finance Bank's gross NPA ratio is 2.17% versus ESAF Small Finance Bank's 5.4%; Ujjivan Small Finance Bank is stronger by 3.23 percentage points.
"Compare the CASA ratio of Ujjivan Small Finance Bank and ESAF Small Finance Bank. Which is stronger, and by how much?",Ujjivan Small Finance Bank's CASA ratio is 37.8% versus ESAF Small Finance Bank's 23.39%; Ujjivan Small Finance Bank is stronger by 14.41 percentage points.
"Compare the gross NPA ratio of Jana Small Finance Bank and AU Small Finance Bank. Which is stronger, and by how much?",Jana Small Finance Bank's gross NPA ratio is 2.39% versus AU Small Finance Bank's 2.1%; AU Small Finance Bank is stronger by 0.29 percentage points.
"Compare the gross NPA ratio of Kotak Mahindra Bank and IndusInd Bank. Which is stronger, and by how much?",Kotak Mahindra Bank's gross NPA ratio is 1.18% versus IndusInd Bank's 3.25%; Kotak Mahindra Bank is stronger by 2.07 percentage points.
"Compare the return on equity of Kotak Mahindra Bank and IndusInd Bank. Which is stronger, and by how much?",Kotak Mahindra Bank's return on equity is 11.98% versus IndusInd Bank's 6.26%; Kotak Mahindra Bank is stronger by 5.72 percentage points.
"Compare the CASA ratio of Kotak Mahindra Bank and IndusInd Bank. Which is stronger, and by how much?",Kotak Mahindra Bank's CASA ratio is 40.3% versus IndusInd Bank's 29.43%; Kotak Mahindra Bank is stronger by 10.87 percentage points.
"Compare the net interest margin of Kotak Mahindra Bank and IndusInd Bank. Which is stronger, and by how much?",Kotak Mahindra Bank's net interest margin is 4.53% versus IndusInd Bank's 3.57%; Kotak Mahindra Bank is stronger by 0.96 percentage points.
"Compare the gross NPA ratio of Axis Bank and IDFC First Bank. Which is stronger, and by how much?",Axis Bank's gross NPA ratio is 1.28% versus IDFC First Bank's 1.51%; Axis Bank is stronger by 0.23 percentage points.
"Compare the CASA ratio of Axis Bank and IDFC First Bank. Which is stronger, and by how much?",Axis Bank's CASA ratio is 38.0% versus IDFC First Bank's 50.8%; IDFC First Bank is stronger by 12.8 percentage points.
"Compare the net interest margin of Axis Bank and IDFC First Bank. Which is stronger, and by how much?",Axis Bank's net interest margin is 3.46% versus IDFC First Bank's 5.96%; IDFC First Bank is stronger by 2.5 percentage points.
"Across all 39 listed Indian banks in this dataset, which report the highest CASA ratio?",IDFC First Bank — 50.8% — highest among the 26 of 39 banks in this dataset for which this dataset gives a usable figure. (Banks with no disclosed or reconcilable figure for this metric are excluded rather than assumed.)
"Across all 39 listed Indian banks in this dataset, which report the lowest CASA ratio?",CSB Bank — 19% — lowest among the 26 of 39 banks in this dataset for which this dataset gives a usable figure. (Banks with no disclosed or reconcilable figure for this metric are excluded rather than assumed.)
"Across all 39 listed Indian banks in this dataset, which report the highest net interest margin?",ESAF Small Finance Bank — 7.9% — highest among the 26 of 39 banks in this dataset for which this dataset gives a usable figure. (Banks with no disclosed or reconcilable figure for this metric are excluded rather than assumed.)
"Across all 39 listed Indian banks in this dataset, which report the lowest net interest margin?",Punjab National Bank — 2.5% — lowest among the 26 of 39 banks in this dataset for which this dataset gives a usable figure. (Banks with no disclosed or reconcilable figure for this metric are excluded rather than assumed.)
"Across all 39 listed Indian banks in this dataset, which report the highest gross NPA ratio?",Utkarsh Small Finance Bank — 6.09% — highest among the 37 of 39 banks in this dataset for which this dataset gives a usable figure. (Banks with no disclosed or reconcilable figure for this metric are excluded rather than assumed.)
"Across all 39 listed Indian banks in this dataset, which report the lowest gross NPA ratio?",Tamilnad Mercantile Bank — 0.69% — lowest among the 37 of 39 banks in this dataset for which this dataset gives a usable figure. (Banks with no disclosed or reconcilable figure for this metric are excluded rather than assumed.)
"Across all 39 listed Indian banks in this dataset, which report the highest net NPA ratio?",Utkarsh Small Finance Bank — 2.86% — highest among the 32 of 39 banks in this dataset for which this dataset gives a usable figure. (Banks with no disclosed or reconcilable figure for this metric are excluded rather than assumed.)
"Across all 39 listed Indian banks in this dataset, which report the lowest net NPA ratio?",Indian Bank — 0.15% — lowest among the 32 of 39 banks in this dataset for which this dataset gives a usable figure. (Banks with no disclosed or reconcilable figure for this metric are excluded rather than assumed.)
"Across all 39 listed Indian banks in this dataset, which report the highest return on assets?",ICICI Bank — 2.18% — highest among the 18 of 39 banks in this dataset for which this dataset gives a usable figure. (Banks with no disclosed or reconcilable figure for this metric are excluded rather than assumed.)
"Across all 39 listed Indian banks in this dataset, which report the lowest return on assets?",Bank of Baroda — 0.25% — lowest among the 18 of 39 banks in this dataset for which this dataset gives a usable figure. (Banks with no disclosed or reconcilable figure for this metric are excluded rather than assumed.)
"Across all 39 listed Indian banks in this dataset, which report the highest return on equity?",Canara Bank — 18.31% — highest among the 20 of 39 banks in this dataset for which this dataset gives a usable figure. (Banks with no disclosed or reconcilable figure for this metric are excluded rather than assumed.)
"Across all 39 listed Indian banks in this dataset, which report the lowest return on equity?",Bank of Baroda — 3.89% — lowest among the 20 of 39 banks in this dataset for which this dataset gives a usable figure. (Banks with no disclosed or reconcilable figure for this metric are excluded rather than assumed.)
"Across all 39 listed Indian banks in this dataset, which report the highest cost-to-income ratio?",IDFC First Bank — 70.7% — highest among the 14 of 39 banks in this dataset for which this dataset gives a usable figure. (Banks with no disclosed or reconcilable figure for this metric are excluded rather than assumed.)
"Across all 39 listed Indian banks in this dataset, which report the lowest cost-to-income ratio?",ICICI Bank — 38.5% — lowest among the 14 of 39 banks in this dataset for which this dataset gives a usable figure. (Banks with no disclosed or reconcilable figure for this metric are excluded rather than assumed.)
"Across all 39 listed Indian banks in this dataset, which report the highest capital adequacy ratio (CRAR)?",RBL Bank — 33.3% — highest among the 32 of 39 banks in this dataset for which this dataset gives a usable figure. (Banks with no disclosed or reconcilable figure for this metric are excluded rather than assumed.)
"Across all 39 listed Indian banks in this dataset, which report the lowest capital adequacy ratio (CRAR)?",Yes Bank — 14% — lowest among the 32 of 39 banks in this dataset for which this dataset gives a usable figure. (Banks with no disclosed or reconcilable figure for this metric are excluded rather than assumed.)
"Across all 39 listed Indian banks in this dataset, which report the highest CET1 ratio?",Kotak Mahindra Bank — 22.4% — highest among the 16 of 39 banks in this dataset for which this dataset gives a usable figure. (Banks with no disclosed or reconcilable figure for this metric are excluded rather than assumed.)
"Across all 39 listed Indian banks in this dataset, which report the lowest CET1 ratio?",Canara Bank — 12.91% — lowest among the 16 of 39 banks in this dataset for which this dataset gives a usable figure. (Banks with no disclosed or reconcilable figure for this metric are excluded rather than assumed.)
"Across all 39 listed Indian banks in this dataset, which report the highest provision coverage ratio?",Indian Bank — 98.22% — highest among the 23 of 39 banks in this dataset for which this dataset gives a usable figure. (Banks with no disclosed or reconcilable figure for this metric are excluded rather than assumed.)
"Across all 39 listed Indian banks in this dataset, which report the lowest provision coverage ratio?",HDFC Bank — 66% — lowest among the 23 of 39 banks in this dataset for which this dataset gives a usable figure. (Banks with no disclosed or reconcilable figure for this metric are excluded rather than assumed.)
"Across all 39 listed Indian banks in this dataset, which report the highest year-on-year deposit growth?",CSB Bank — 26% — highest among the 19 of 39 banks in this dataset for which this dataset gives a usable figure. (Banks with no disclosed or reconcilable figure for this metric are excluded rather than assumed.)
"Across all 39 listed Indian banks in this dataset, which report the lowest year-on-year deposit growth?",Utkarsh Small Finance Bank — 2.6% — lowest among the 19 of 39 banks in this dataset for which this dataset gives a usable figure. (Banks with no disclosed or reconcilable figure for this metric are excluded rather than assumed.)
"Across all 39 listed Indian banks in this dataset, which report the highest year-on-year advances growth?",Central Bank of India — 28.58% — highest among the 18 of 39 banks in this dataset for which this dataset gives a usable figure. (Banks with no disclosed or reconcilable figure for this metric are excluded rather than assumed.)
"Across all 39 listed Indian banks in this dataset, which report the lowest year-on-year advances growth?",IndusInd Bank — -2% — lowest among the 18 of 39 banks in this dataset for which this dataset gives a usable figure. (Banks with no disclosed or reconcilable figure for this metric are excluded rather than assumed.)
"Across all 39 listed Indian banks in this dataset, which report the highest year-on-year net profit growth?",Punjab National Bank — 213.6% — highest among the 12 of 39 banks in this dataset for which this dataset gives a usable figure. (Banks with no disclosed or reconcilable figure for this metric are excluded rather than assumed.)
"Across all 39 listed Indian banks in this dataset, which report the lowest year-on-year net profit growth?",HDFC Bank — 5% — lowest among the 12 of 39 banks in this dataset for which this dataset gives a usable figure. (Banks with no disclosed or reconcilable figure for this metric are excluded rather than assumed.)
"Across all 39 listed Indian banks in this dataset, which report the highest branch network size?","State Bank of India — 22,500 branches — highest among the 24 of 39 banks in this dataset for which this dataset gives a usable figure. (Banks with no disclosed or reconcilable figure for this metric are excluded rather than assumed.)"
"Across all 39 listed Indian banks in this dataset, which report the lowest branch network size?",Dhanlaxmi Bank — 264 branches — lowest among the 24 of 39 banks in this dataset for which this dataset gives a usable figure. (Banks with no disclosed or reconcilable figure for this metric are excluded rather than assumed.)
"Across all 39 listed Indian banks in this dataset, which report the highest net interest income?","State Bank of India — 46,992 crore (Q1 FY27, where the figure is a directly comparable rupee-crore amount) — highest among the 20 of 39 banks in this dataset for which this dataset gives a usable figure. (Banks with no disclosed or reconcilable figure for this metric are excluded rather than assumed.)"
"Across all 39 listed Indian banks in this dataset, which report the lowest net interest income?","CSB Bank — 479 crore (Q1 FY27, where the figure is a directly comparable rupee-crore amount) — lowest among the 20 of 39 banks in this dataset for which this dataset gives a usable figure. (Banks with no disclosed or reconcilable figure for this metric are excluded rather than assumed.)"
"Across all 39 listed Indian banks in this dataset, which report the highest government or promoter shareholding percentage?",Punjab & Sind Bank — 93.85% — highest among the 37 of 39 banks in this dataset for which this dataset gives a usable figure. (Banks with no disclosed or reconcilable figure for this metric are excluded rather than assumed.)
"Across all 39 listed Indian banks in this dataset, which report the lowest government or promoter shareholding percentage?","IDFC First Bank, Ujjivan Small Finance Bank — 0% — lowest among the 37 of 39 banks in this dataset for which this dataset gives a usable figure. (Banks with no disclosed or reconcilable figure for this metric are excluded rather than assumed.)"
"Which segment — Public Sector, Private Sector, or Small Finance Banks — has the highest average CASA ratio?",PSU banks have the highest average CASA ratio in this dataset. Segment averages (of banks with a usable figure): PSU average 38.24% (n=7); Private average 31.53% (n=14); SFB average 27.46% (n=5).
Which segment has the highest average net interest margin?,SFB banks have the highest average net interest margin in this dataset. Segment averages (of banks with a usable figure): PSU average 2.89% (n=8); Private average 3.9% (n=14); SFB average 6.31% (n=4).
Which segment has the highest average gross NPA ratio?,SFB banks have the highest average gross NPA ratio in this dataset. Segment averages (of banks with a usable figure): PSU average 1.97% (n=11); Private average 1.82% (n=20); SFB average 3.43% (n=6).
Which segment has the highest average return on equity?,PSU banks have the highest average return on equity in this dataset. Segment averages (of banks with a usable figure): PSU average 14.46% (n=5); Private average 12.5% (n=12); SFB average 12.65% (n=3).
Which segment has the highest average capital adequacy ratio?,SFB banks have the highest average capital adequacy ratio in this dataset. Segment averages (of banks with a usable figure): PSU average 17.67% (n=11); Private average 19.8% (n=17); SFB average 21.13% (n=4).
Which Public Sector Bank has the largest branch network?,"State Bank of India, with 22,500 branches (among PSU banks with a disclosed branch count in this dataset)."
Which Public Sector Bank has the strongest asset quality (lowest gross NPA)?,"Indian Overseas Bank, with gross NPA of 1.33% (the lowest among PSU banks with a disclosed figure in this dataset)."
"Which Public Sector Bank posted a one-off or unusual profit event this quarter, and why?","Bank of Baroda: its reported net profit fell 72% year-on-year to ₹1,278 crore because of a ₹5,680 crore legal settlement tied to the long-running NMC Health matter (adjusted profit, stripping that out, was ₹5,528 crore)."
Which Private Sector Bank has the largest market capitalization or scale among peers?,HDFC Bank is explicitly described as India's largest private bank.
Which Private Sector Banks are under any regulatory restriction or heightened supervisory scrutiny?,IndusInd Bank (understood to face enhanced supervisory scrutiny following its FY25 derivatives-accounting disclosure episode) and Yes Bank (understood to remain subject to enhanced post-reconstruction supervisory conditions following its 2020 reconstruction) — both by general inference rather than a specific cited regulatory order.
Which Private Sector Bank has the highest CASA ratio?,"IDFC First Bank, at 50.8% in Q1 FY27 — explicitly stated as the highest CASA ratio of any bank in this dataset."
"Which Small Finance Bank has converted, or is closest to converting, to a universal bank license?","AU Small Finance Bank, which received RBI in-principle approval on 7 August 2025 to convert to a full universal bank — the first small finance bank to reach that milestone."
"Which Small Finance Bank has the highest gross NPA ratio, and is that figure flagged as uncertain in the sourcing?","Utkarsh Small Finance Bank has the highest confirmed gross NPA ratio among small finance banks in this dataset, at 6.09%. That figure is not itself flagged as uncertain; the uncertain figure belongs to Suryoday Small Finance Bank, whose gross NPA is reported as either 2.47% or 6.60% depending on the source, an unresolved discrepancy."
Which Small Finance Banks have secured banking-license upgrades or new approvals recently?,"AU Small Finance Bank, which received RBI in-principle approval on 7 August 2025 to convert to a universal bank."
How do Small Finance Banks as a group compare to Private Sector Banks on net interest margin?,"Small Finance Banks average 6.31% NIM (n=4) versus Private Sector Banks' 3.9% (n=14) among banks with a disclosed figure; Small Finance Banks run the higher net interest margin, by 2.41 points — consistent with SFBs' higher-yield, higher-risk loan books."
Which banks in this dataset are majority owned by the Government of India?,"The 12 Public Sector Banks are majority Government-of-India owned (State Bank of India 55.03%, Punjab National Bank 70.08%, Canara Bank 62.93%, Union Bank of India ~74.76%, Bank of India ~73.38%, Indian Bank 73.84%, Central Bank of India 89.27%, Indian Overseas Bank ~92.44%, UCO Bank 90.95%, Bank of Maharashtra 79.60%, Punjab & Sind Bank 93.85%; Bank of Baroda's exact figure was not found but it is likewise Government-of-India owned). IDBI Bank is also majority government/LIC owned (LIC 49.24% + Government of India ~45.48-45.50%, combined ~94.7%), though the dataset notes this is not a conventional promoter-group structure. Jammu & Kashmir Bank is majority owned (59.40%) by the Government of Jammu & Kashmir and Ladakh — a state/UT government rather than the Government of India."
Which banks in this dataset have no single promoter holding a majority stake?,"Banks explicitly described in this dataset as having no promoter: HDFC Bank, ICICI Bank, IDFC First Bank, Federal Bank, South Indian Bank, City Union Bank, Karnataka Bank, Tamilnad Mercantile Bank, Dhanlaxmi Bank, and Equitas Small Finance Bank."
Which banks have an ADR or GDR listed on a foreign exchange in addition to their NSE/BSE listing?,"HDFC Bank (ADR ""HDB"" on the NYSE) and ICICI Bank (ADR ""IBN"" on the NYSE) are the two banks in this dataset with their own ADR listed on a foreign exchange."
Which banks have a joint-venture or subsidiary bank operating outside India?,"Bank of Baroda (a joint-venture bank in Zambia, 16 branches), Punjab National Bank (equity stakes in banks in Bhutan 51%, Nepal 20%, Kazakhstan 41.64%), Indian Overseas Bank (35% stake in India International Bank (Malaysia)), and Bank of India (five subsidiaries and one joint venture abroad)."
"Which banks are headquartered in Kerala, and how do they compare to each other?","Federal Bank (Kochi/Aluva), South Indian Bank (Thrissur), CSB Bank (Thrissur), Dhanlaxmi Bank (Thrissur) and ESAF Small Finance Bank (Thrissur) are all Kerala-headquartered. The dataset explicitly names Federal Bank, South Indian Bank and CSB Bank as the larger, better-capitalized Kerala-origin banks that Dhanlaxmi Bank faces intense competition from, given its own smaller scale."
"Which banks are headquartered in South India generally (Tamil Nadu, Karnataka, Kerala)?","Indian Bank, Indian Overseas Bank, Karur Vysya Bank, City Union Bank and Tamilnad Mercantile Bank (all Tamil Nadu); Karnataka Bank (Karnataka); Federal Bank, South Indian Bank, CSB Bank, Dhanlaxmi Bank and ESAF Small Finance Bank (Kerala)."
Which banks are headquartered in Maharashtra?,"State Bank of India, Bank of India, Bank of Maharashtra, HDFC Bank, Axis Bank, Kotak Mahindra Bank, IndusInd Bank, Yes Bank, IDFC First Bank, RBL Bank and DCB Bank (all Mumbai), plus Suryoday Small Finance Bank (Navi Mumbai)."
Which banks have undergone a merger or amalgamation in their recent history?,"Punjab National Bank (amalgamated with Oriental Bank of Commerce and United Bank of India, 2020), Indian Bank (merged with Allahabad Bank, 1 April 2020), Union Bank of India (amalgamated with Andhra Bank and Corporation Bank), Bandhan Bank (merged with Gruh Finance, 2019), HDFC Bank (HDFC Limited merged into the bank, July 2023), Equitas Small Finance Bank (Equitas Holdings amalgamated into the bank, 2023), and Ujjivan Small Finance Bank (its holding company was likewise amalgamated into the bank)."
"Which banks have flagged rating-outlook divergences between agencies (e.g., one agency Negative while another is Stable)?","Utkarsh Small Finance Bank, where ICRA's Negative outlook (May 2025) and CARE Ratings' A- Stable assignment (September 2026) are noted as diverging assessments that this dataset does not attempt to resolve."
Which banks have data points in this dataset explicitly marked as unresolved or internally inconsistent across sources?,"Bank of India (standalone vs. a separately reported consolidated Q1 FY27 net profit), Union Bank of India (Q1 FY27 advances/deposit-growth figures resting on a single social-media-sourced citation), IDBI Bank (secondary-sourced Q1 FY27 profit that does not reconcile with its FY24-25 full-year profit), Jammu & Kashmir Bank (an anomalously large Q1 FY27 net-interest-income figure), Jana Small Finance Bank (a similarly anomalous extracted net-interest-income figure), Suryoday Small Finance Bank (gross NPA reported as both 2.47% and 6.60%), Utkarsh Small Finance Bank (diverging ICRA/CARE rating assessments), and Bank of Baroda (a February 2026 AT-1 rating rationale citing CET1 of 12.45%, which does not reconcile with its headline capital-adequacy figures)."
"Which banks report figures on both a standalone and consolidated basis, and how do those figures differ?","Bank of Baroda (standalone capital adequacy 16.30%/CET1 13.90% versus consolidated 16.70%/14.36%), Union Bank of India (standalone net profit ₹5,332 crore versus consolidated ₹5,641 crore), and Kotak Mahindra Bank (standalone profit after tax ₹4,123 crore versus consolidated group profit after tax ₹5,480 crore). Bank of India separately has a standalone net profit of ₹3,068 crore against a headline 'consolidated' figure of ₹1,747.39 crore that the dataset flags as not reconciling, rather than as a clean standalone-vs-consolidated split."
Which banks have the widest international branch or representative-office network?,"Bank of Baroda has the most precisely documented wide overseas network among PSU peers — present in 24 countries with 107 international branches/offices, described as the widest footprint of any PSU bank besides State Bank of India (whose own overseas branch count was not found, though it is understood to operate internationally as well)."
"Which banks rely most heavily on a single flagship digital platform (e.g., YONO) as a strategic differentiator?","State Bank of India, whose YONO platform is referenced repeatedly as a strategic differentiator, a digital-acquisition growth driver, and an operational dependency."
Which banks are most exposed to MSME or agricultural lending as a customer segment?,"Punjab National Bank, Indian Bank and Karur Vysya Bank (each explicitly RAM-focused: retail, agriculture, MSME), Canara Bank (agricultural and MSME franchise), Central Bank of India (retail, MSME and agricultural focus), Punjab & Sind Bank (Punjab-region agricultural and MSME franchise), Tamilnad Mercantile Bank (agricultural and gold-loan-led rural franchise), and DCB Bank and Federal Bank (SME-focused lending)."
Which banks are most exposed to microfinance or small-ticket unsecured lending?,"Bandhan Bank (its microfinance-origin 'Emerging Entrepreneurs Business,' making up roughly 43% of its book) and all seven Small Finance Banks in this dataset — AU, Equitas, Ujjivan, ESAF, Utkarsh, Suryoday and Jana — each of which originated as an NBFC microfinance institution. IndusInd Bank is also historically strong in microfinance and vehicle finance."
"Which regulator(s) oversee every bank in this dataset, and what specific powers do they exercise (licensing, capital norms, disclosure)?","The Reserve Bank of India (licensing, Basel III capital norms, priority-sector-lending mandates) and the Securities and Exchange Board of India (listed-company disclosure, minimum public shareholding, takeover code) are common to every bank in this dataset."
"Which credit rating agencies are referenced across this dataset, and which agency is affiliated with Fitch?","CRISIL Ratings, ICRA, CARE Ratings, India Ratings (part of the Fitch group), and, occasionally, Fitch Ratings directly. India Ratings is the agency affiliated with Fitch."
"Which banks have been rated by CRISIL Ratings, and what ratings did they receive?","CRISIL rated or reaffirmed ratings for: Indian Bank (AAA Stable Tier II/infrastructure bonds, AA+ Stable AT1, A1+ CDs), Bank of Maharashtra (A1+ CD programme), Punjab & Sind Bank (AA Stable Tier II/infrastructure bonds), RBL Bank (AAA Stable fixed deposits/infrastructure bonds, A1+ CDs), IDFC First Bank (AAA Stable fixed deposits, A1+ CDs, AA+ Stable Tier II bonds), Karur Vysya Bank (A1+ CD programme via ICRA, see below), Tamilnad Mercantile Bank (A+ Stable fixed deposits, A1+ short-term FDs/CDs), CSB Bank (A Stable Tier II bonds, A1+ short-term FDs/CDs), Bandhan Bank (AA- Stable NCDs, A1+ CDs), DCB Bank (AA- Stable subordinated debt with CARE, A1+ CDs), Bank of Maharashtra, AU Small Finance Bank (a rating dated 2 April 2026, value not extracted), Ujjivan Small Finance Bank (A1+ CD programme), and Suryoday Small Finance Bank (an update dated November 2025, value not extracted)."
"Which banks have been rated by ICRA, and what ratings did they receive?","ICRA rated: Bank of Baroda (AT-1 bonds AA+ Stable), Indian Overseas Bank (AA Stable Basel III Tier II bonds), Yes Bank (AT1 bonds D; infrastructure/Tier II bonds upgraded to AA Stable from AA-), Karur Vysya Bank (A1+ CD programme; a separate issuer rating whose letter grade was not retrievable), Dhanlaxmi Bank (BBB- Stable Tier II bonds), AU Small Finance Bank (AA Stable long-term entity rating), and Utkarsh Small Finance Bank (rating outlook revised to Negative, 22 May 2025). CSB Bank and DCB Bank's subordinated debt is also rated AA- Stable jointly by CRISIL and CARE."
"Which banks have been rated by CARE Ratings, and what ratings did they receive?","CARE Ratings rated or reaffirmed: UCO Bank (bond rating upgraded to AA Stable), City Union Bank (AA- issuer rating, outlook upgraded Stable to Positive), Jammu & Kashmir Bank (AA- Stable Tier II Basel III bonds), Equitas Small Finance Bank (AA- Stable issuer rating and lower Tier II bonds, A1+ CDs), ESAF Small Finance Bank (A- long-term/A1 short-term, outlook moved Negative to Stable), and Utkarsh Small Finance Bank (A- Stable rating on a proposed Tier II bond, reaffirming existing bonds). DCB Bank's subordinated debt is also CARE AA- Stable."
Which banks have been rated by India Ratings or Fitch directly?,"Punjab National Bank and Union Bank of India both had their Fitch Viability Rating upgraded from bb- to bb, with their Long-Term Issuer Default Rating affirmed at BBB- Stable. Axis Bank's fixed deposits were assigned an IND AAA rating by India Ratings. Central Bank of India's Tier II bonds were reaffirmed IND AA Stable by India Ratings."
"Which banks have an AT-1 or Tier-2 bond rating mentioned, and what is it?","AT-1/Tier-2 bond ratings mentioned: Bank of Baroda (AT-1 ICRA AA+ Stable), Indian Bank (AA+ Stable Additional Tier I; AAA Stable Tier II), Indian Overseas Bank (AA Stable Tier II), Punjab & Sind Bank (AA Stable Tier II), IDFC First Bank (AA+ Stable Tier II), Yes Bank (AT1 rated ICRA D; Tier II upgraded to AA Stable), Jammu & Kashmir Bank (AA- Stable Tier II), Dhanlaxmi Bank (BBB- Stable Tier II), DCB Bank (AA- Stable subordinated debt), Bandhan Bank (AA- Stable NCDs), and Equitas Small Finance Bank (AA- Stable lower Tier II bonds), Utkarsh Small Finance Bank (A- Stable proposed Tier II bond)."
"Which banks have had a rating upgrade mentioned in this dataset, and by which agency?","Punjab National Bank (Fitch Viability Rating upgraded bb- to bb), Union Bank of India (Fitch Viability Rating upgraded bb- to bb), Yes Bank (ICRA upgraded infrastructure/Tier II bonds to AA Stable from AA- Stable, July 2026), and UCO Bank (CARE upgraded its bond rating to AA Stable)."
"Which banks have had a rating outlook change (e.g., to Negative or Positive) mentioned in this dataset?","City Union Bank (CARE outlook upgraded Stable to Positive), IndusInd Bank (CRISIL AA+ rating carries a Negative outlook), ESAF Small Finance Bank (CARE outlook moved Negative to Stable), and Utkarsh Small Finance Bank (ICRA outlook revised to Negative)."
Which banks are licensed as universal banks versus small finance banks?,"Universal banking license: all 12 PSU banks, all 20 Private Sector Banks including IDBI Bank. Small-finance-bank license: AU, Equitas, Ujjivan, ESAF, Utkarsh, Suryoday and Jana Small Finance Banks (though AU has received RBI in-principle approval to convert to a universal bank)."
"Which banks hold equity stakes in overseas banking joint ventures, and in which countries?","Bank of Baroda (Zambia joint-venture bank), Punjab National Bank (Bhutan 51%, Nepal 20%, Kazakhstan 41.64%), and Indian Overseas Bank (35% stake in India International Bank (Malaysia))."
"Which banks have subsidiaries offering non-banking services (e.g., credit cards, investment banking, asset management)?","State Bank of India (SBI Caps for investment banking), Bank of Baroda (BOBCARD for credit cards), IDBI Bank (IDBI Capital Markets for investment banking), and Kotak Mahindra Bank (a wider group ecosystem spanning NBFC, insurance, asset management and securities via Kotak Mahindra Asset Management, Kotak Life Insurance and Kotak Securities)."
Which banks distribute third-party insurance or asset-management products?,"Punjab National Bank (life/non-life insurance and asset-management distribution), Canara Bank (Canara HSBC Life Insurance and Canara Robeco Asset Management joint ventures), and Kotak Mahindra Bank (Kotak Life Insurance and Kotak Mahindra Asset Management via its group ecosystem). Karnataka Bank is separately building an insurance-distribution push branded 'Insurance for all by 2047.'"
"Which banks are exposed to litigation or legal-settlement risk, and what is the nature of that exposure?","Bank of Baroda, where a ₹5,680 crore legal settlement tied to the long-running NMC Health matter drove a 72% year-on-year fall in reported net profit."
"Which banks disclose a Chairman separate from the MD & CEO role, and which combine the roles?","Banks with a separately named non-executive Chairman distinct from the MD & CEO include Punjab National Bank, Central Bank of India, Punjab & Sind Bank, Axis Bank, Kotak Mahindra Bank, Federal Bank, City Union Bank, Karur Vysya Bank, Karnataka Bank, DCB Bank, South Indian Bank, and several small finance banks (AU, Equitas, Ujjivan, ESAF, Utkarsh, Suryoday, Jana). State Bank of India's top executive instead carries the title Chairman rather than MD & CEO under the SBI Act."
Which banks have LIC (Life Insurance Corporation of India) as a disclosed shareholder?,"State Bank of India (LIC 8.70%), Punjab National Bank (LIC's specific share not found within a combined institutional figure), Central Bank of India (LIC 3.16%), UCO Bank (LIC 2.31%), Punjab & Sind Bank (LIC 1.33%), Jammu & Kashmir Bank (LIC 1.33%), Federal Bank (LIC ~3.61%), and Yes Bank (via ICICI Prudential Life Insurance-adjacent holders is not LIC; disregard). ICICI Bank separately cites LIC at around 7% in dated figures."
"Which banks have FIIs, NRIs or GDR holders disclosed as a shareholder category, and what percentage do they hold?","State Bank of India (FIIs/NRIs/GDRs 12.49%), Punjab National Bank (FIIs/NRIs/OCBs 6.59%), Union Bank of India (FII 8.63%), Bank of India (government stake cited, FII share not isolated), UCO Bank, HDFC Bank (FIIs 41.82%), ICICI Bank (FIIs roughly 45%, dated), Axis Bank (FIIs 39.91%), Kotak Mahindra Bank (FIIs 25.21%), IDFC First Bank (FIIs 36.10%), Federal Bank (FIIs ~26.3%), South Indian Bank (FIIs ~24.2%), Karur Vysya Bank (FIIs/FPIs ~15.8%), City Union Bank (FIIs ~28.0%), Dhanlaxmi Bank (FIIs ~15.31%), AU Small Finance Bank (FPIs ~37.68%), and Utkarsh Small Finance Bank (FIIs 11.90%)."
"Which banks have mutual funds or UTI disclosed as shareholders, and what percentage do they hold?","State Bank of India (mutual funds and UTI 13.57%), Axis Bank (mutual funds 33.00% of domestic institutions), Kotak Mahindra Bank (mutual funds 24.50%), IDFC First Bank (mutual funds 12.76%), Federal Bank (via HDFC Mutual Fund ~7.04%), Karur Vysya Bank (via HDFC Mutual Fund ~7.57%), City Union Bank (via SBI Mutual Fund ~7.86%), Ujjivan Small Finance Bank (mutual funds overall 14.83%), and Equitas Small Finance Bank (mutual funds overall ~37.27%)."
Which banks' promoter or government shareholding percentage could not be confirmed in this dataset?,Bank of Baroda's exact current government shareholding percentage was not found; Union Bank of India's ~74.76% figure has an ambiguous reporting period; Indian Overseas Bank's post-offer-for-sale holding was not precisely found; Bank of Maharashtra's post-offer-for-sale figure was likewise not precisely found; and Bank of India's 73.38% figure has an unspecified reporting period.
Which banks are named as competitors of HDFC Bank and ICICI Bank in this dataset?,"HDFC Bank and ICICI Bank are named as the private-bank peers to whom State Bank of India is losing retail and digital market share, per SBI's own SWOT analysis in this dataset."
Which banks are named as competitors of State Bank of India in this dataset?,HDFC Bank and ICICI Bank are named in this dataset as the private banks taking retail and digital market share from State Bank of India.
Which banks are named as competitors of the leading Small Finance Banks in this dataset?,AU Small Finance Bank is cited by comparison to ESAF Small Finance Bank on gross NPA (2.10% versus ESAF's 5.40%); Ujjivan Small Finance Bank is cited by comparison to Jana Small Finance Bank on return on equity (18.2% versus Jana's 8%).
Which banks source their financial metrics primarily from Q1 FY27 (quarter ended June 2026) investor disclosures?,"The large majority of banks in this dataset — the methodology note states most figures refer to the quarter ended 30 June 2026 (Q1 FY27), the most recent common reporting period available when the document was compiled."
Which banks have metrics sourced from a single secondary source flagged as lower-confidence?,"Union Bank of India (advances/deposit growth from a single social-media-sourced citation), IDBI Bank (a Q1 FY27 profit figure that does not reconcile with its FY24-25 full-year profit), Bank of Maharashtra (a CRISIL A1+ reaffirmation dating to November 2024 without a confirmed 2026 refresh), and UCO Bank (an FY26 net-profit figure carrying only medium confidence given its secondary sourcing)."
Which banks have a BOBCARD-style or dedicated card-issuing subsidiary?,"Bank of Baroda, which issues credit cards through its BOBCARD subsidiary."
Which banks explicitly mention Basel III capital norms as a regulatory dependency?,"Every bank in this dataset is regulated by the RBI under Basel III capital norms, as stated in the document's shared methodology note; it is not singled out for particular banks beyond that blanket statement."
Which banks explicitly mention priority-sector-lending mandates as a regulatory dependency?,"Punjab National Bank's customer base is described as skewing toward MSME and agriculture; more broadly, the priority-sector-lending mandate is named as a shared RBI dependency for every bank in this dataset per the methodology note, rather than being called out bank-by-bank."
Which banks mention SEBI's minimum public shareholding or takeover code as a specific regulatory dependency?,"Indian Overseas Bank, whose government stake-sale process is explicitly tied to minimum-public-shareholding norms, and Punjab & Sind Bank, described as facing 'the most acute minimum-public-shareholding compliance pressure of any bank in this document' given its 93.85% government stake. UCO Bank and Bank of Maharashtra are also both described as subject to minimum-public-shareholding compliance amid ongoing government stake dilution."
"Which banks have overseas representative offices as distinct from full branches, and where?","Punjab National Bank (Kazakhstan, UAE, China, Norway, Australia), Indian Overseas Bank (Guangzhou, Kuala Lumpur, Dubai), Federal Bank (Abu Dhabi, Dubai), and UCO Bank (Tehran)."
"Which banks' NRI banking services are tied to a specific geographic remittance corridor (e.g., Gulf or African)?","Bank of Baroda (Gulf and African NRI remittance corridors), Indian Overseas Bank (the Tamil diaspora through its overseas offices), and Federal Bank (NRI remittance flows linked to Kerala)."
How does the RBI repo rate influence net interest margin across the banks in this dataset?,"The dataset states, for every bank, that the RBI repo rate influences net interest margin through deposit and loan repricing — an identical, blanket driver rather than a bank-specific one."
How does India's GDP growth rate influence loan demand across the banks in this dataset?,"The dataset states, for every bank, that India's GDP growth influences loan demand — an identical, blanket driver rather than a bank-specific one."
Which banks are most sensitive to interest-rate risk because of their deposit-book composition?,"State Bank of India is explicitly flagged for interest-rate risk given the size of its deposit base; more generally, banks with large deposit books (SBI, HDFC Bank, ICICI Bank, the larger PSU banks) are described as exposed to interest-rate risk from deposit repricing."
Which banks are most sensitive to credit risk because of large corporate loan exposure?,"State Bank of India (large corporate loan book), Axis Bank (concentration risk from rapid corporate-loan growth), Punjab National Bank (legacy large corporate NPAs) and Bank of Baroda (litigation risk tied to the NMC Health corporate exposure)."
Which banks are most exposed to cyber risk given the scale of their digital user base?,"State Bank of India, explicitly flagged for cyber risk given the scale of its digital user base."
Which banks are most exposed to currency or overseas-regulatory risk because of their international footprint?,"Bank of Baroda (24-country operational complexity, multiple overseas regulators), Punjab National Bank (UK, Hong Kong, Dubai, Afghanistan branches and Bhutan/Nepal/Kazakhstan joint ventures), Indian Overseas Bank (government stake-sale/regulatory risk tied to its international book), and RBL Bank (regulatory risk from RBI's foreign-bank majority-ownership rules following the Emirates NBD acquisition)."
Which banks are most exposed to funding-cost risk from a declining CASA ratio?,"Bank of Baroda (CASA declining, rising bulk/CD funding reliance), Central Bank of India (advances outgrowing deposits), Indian Overseas Bank (CASA erosion alongside a rising credit-deposit ratio), IndusInd Bank (CASA decline to 29.43%), Yes Bank (CASA decline of 240 basis points quarter-on-quarter), DCB Bank (CASA at 21.65%, among the lowest reviewed), and ESAF Small Finance Bank (CASA decline to 23.39%)."
Which banks are most exposed to asset-quality risk in unsecured retail or MSME lending?,"HDFC Bank (unsecured retail and agricultural lending), ICICI Bank (pace of unsecured retail growth), IDFC First Bank (residual wholesale-book legacy), RBL Bank (unsecured retail and credit-card book), Bandhan Bank (EEB/microfinance cyclicality), and the small finance banks generally (residual microfinance-sector stress, most acutely Utkarsh and ESAF)."
Which banks are most exposed to concentration risk in a specific geography?,"Canara Bank (South Indian, Karnataka-concentrated), Central Bank of India (legacy branch-heavy network), Punjab & Sind Bank (Punjab-region concentration), Jammu & Kashmir Bank (J&K and Ladakh concentration), Karur Vysya Bank, City Union Bank and Tamilnad Mercantile Bank (Tamil Nadu concentration), Bandhan Bank (East and Northeast India concentration), and Bank of Maharashtra (Maharashtra and western India concentration)."
Which banks are most exposed to risk from legacy corporate NPAs or past fraud incidents?,Punjab National Bank (legacy corporate NPAs including past fraud incidents) and Bank of Baroda (the NMC Health legal settlement).
"How would a rise in the RBI repo rate be expected to affect PSU banks versus Private banks differently, based on the drivers described?","A rise in the repo rate would, per the dataset's shared driver language, feed through to net interest margin via deposit and loan repricing for both groups; the dataset does not give a differentiated PSU-versus-Private sensitivity analysis beyond that shared statement."
"How would a slowdown in India's GDP growth be expected to affect Small Finance Banks versus larger universal banks, based on the drivers described?","The dataset does not give a differentiated Small-Finance-Bank-versus-universal-bank GDP sensitivity analysis; it only states, for every bank alike, that GDP growth influences loan demand."
Which banks' valuation-relevant qualitative notes mention the market pricing sovereign ownership differently from private ownership?,"State Bank of India is the only bank in this dataset whose notes explicitly raise the question of how the market prices a sovereign-owned bank against private peers, with no target price implied."
Which banks explicitly flag margin as being driven by their CASA/deposit mix?,"Every bank in this dataset carries the same stated margin driver — the CASA/deposit mix — per the recurring 'drivers' language used for each bank (e.g., State Bank of India, Bank of Baroda, Punjab National Bank, Canara Bank, and effectively all others in the document)."
Which banks explicitly flag growth as being driven by retail credit demand and digital acquisition?,State Bank of India explicitly flags growth as coming from retail credit demand and digital acquisition via YONO; Indian Bank flags growth from its RAM and infrastructure push and digital-transaction growth.
Which banks explicitly flag return on equity as being driven by operating leverage or normalization of provisioning?,"Punjab National Bank (return on equity from continued normalization of provisioning after asset-quality cleanup), Bank of Baroda (return on equity from normalization once the one-off NMC drag passes), Bank of India (return on equity from continued improvement in credit cost and slippage trends), and IndusInd Bank (return on equity from normalizing after remediation-related costs)."
Which banks explicitly flag the key risk driver as legacy or contingent-liability exposure?,Bank of Baroda (legal and contingent-liability exposure from the NMC settlement) and Punjab National Bank (residual legacy corporate exposure).
Which banks explicitly flag the key risk driver as asset quality in unsecured or small-ticket lending?,"State Bank of India (asset quality in unsecured retail and MSME lending) and IDFC First Bank (residual wholesale-book credit costs) are the closest explicit matches; more broadly, several small finance banks flag microfinance/small-ticket asset quality as their key risk driver."
Which banks explicitly flag technology or digital-platform uptime as an operational dependency?,"State Bank of India, which depends on the uptime of its YONO platform, and ICICI Bank, which depends on the reliability of its iMobile Pay and InstaBIZ digital platforms."
Which banks explicitly flag continued regulatory support (RBI or Ministry of Finance) as a named dependency?,"State Bank of India, which depends on continued regulatory support from the RBI and Ministry of Finance."
What reporting period do most of the financial figures in this dataset refer to?,"Most figures refer to the quarter ended 30 June 2026 (Q1 FY27), the most recent common reporting period available when the document was compiled on 15 September 2026."
How does the dataset treat a figure that could not be verified from a reliable source?,It is reported as 'not found' rather than estimated.
How does the dataset treat a figure that appeared internally inconsistent across sources?,It is called out explicitly as unresolved rather than silently picked.
"Which two figures for Bank of India's profit are flagged as inconsistent (standalone vs. consolidated), and which is which?","Bank of India's standalone net profit of ₹3,068 crore versus a separately reported 'consolidated' figure of ₹1,747.39 crore, which does not reconcile with it."
"Which growth figures for Union Bank of India are flagged as coming from a single, lower-confidence secondary source?","Union Bank of India's Q1 FY27 advances growth of 12.50% year-on-year and deposit growth of just 3.50%, both cited only in a single lower-confidence secondary source (a social-media summary of the investor presentation, July 2026) rather than the bank's own investor-presentation PDF."
What discrepancy is flagged between IDBI Bank's Q1 FY27 profit and its FY24-25 profit figures?,"IDBI Bank's secondary-sourced Q1 FY27 net profit of ₹2,115 crore, up 5% year-on-year, does not reconcile with its FY24-25 full-year profit of ₹7,515 crore."
What anomaly is flagged in Jammu & Kashmir Bank's net interest income figure?,"A reported Q1 FY27 net-interest-income figure of ₹3,546.08 crore looks anomalously large relative to Jammu & Kashmir Bank's balance-sheet scale and may reflect a source-side error; it is not reported as confirmed."
What anomaly is flagged in Jana Small Finance Bank's net interest income figure?,"An extracted net-interest-income figure of ₹15,145 crore appears inconsistent with Jana Small Finance Bank's actual scale and is not reported as fact, though the accompanying 22.07% year-on-year growth rate is retained as directionally informative."
"What conflicting gross NPA figures are reported for Suryoday Small Finance Bank, and what are the two values?",Suryoday Small Finance Bank's gross NPA is reported as 2.47% by one source and 6.60% by another for the same period; this discrepancy could not be resolved and should be checked against the bank's own primary filing.
What conflicting rating outlooks are reported for Utkarsh Small Finance Bank between ICRA and CARE?,"ICRA revised Utkarsh Small Finance Bank's rating outlook to Negative on 22 May 2025 over asset-quality concerns, while CARE Ratings assigned an A- Stable rating to a proposed ₹500 crore Tier II bond and reaffirmed existing bonds in September 2026 — the two agencies' assessments diverge, and the dataset does not attempt to resolve that divergence."
"Which banking segments defined in the underlying ontology (Payments Banks, Foreign Banks) have no listed member companies in this dataset, and why?","Payments Banks and Foreign Banks. No Payments Bank or Foreign Bank currently trades as a standalone listing on an Indian exchange other than Fino Payments Bank (ticker FINOPB), which was out of scope for this research pass; no Foreign Bank has a standalone Indian listing at all, so that segment is structurally empty rather than omitted."
"Is Fino Payments Bank included in this dataset's researched company set, and what is its listing status?","No — Fino Payments Bank Limited (ticker FINOPB) is listed and licensed as a Payments Bank, but it was not researched in this pass, which was scoped to Public Sector, Private Sector and Small Finance Banks only."
"What two regulators are common to every bank in this dataset, and what does each one govern?","The Reserve Bank of India (licensing, Basel III capital norms, priority-sector-lending mandates) and the Securities and Exchange Board of India (listed-company disclosure, minimum public shareholding, takeover code)."
What five credit rating agencies (or agency groups) are referenced throughout this dataset?,"CRISIL Ratings, ICRA, CARE Ratings, India Ratings (part of the Fitch group), and Fitch Ratings directly."
"Does this dataset contain any investment recommendations such as buy, sell, hold or a target price?","No — no investment recommendations (buy, sell, hold, or a target price) appear anywhere in this document."
"How many total listed Indian banks does this dataset cover, and how are they split by segment?","39 listed Indian banks: 12 Public Sector Banks, 20 Private Sector Banks, and 7 Small Finance Banks."
As of what date is the scope of this dataset defined?,"The scope is defined as of 15 September 2026, the date the document was compiled."
What is the difference in how this dataset presents facts compared to the original structured entity/relationship version it was derived from?,"This document presents the same researched facts as flowing narrative prose per bank, without the entity_id/backtick/arrow-relationship/claim_id structured notation used in the original ontology-style version."
"For a bank where a specific figure is marked 'not found,' what should be assumed about that figure?",It should be assumed the figure could not be verified from a reliable source in this research pass — not that it does not exist or is zero.
Which banks have a note about board leadership (Chairman or MD & CEO) marked as unconfirmed in this dataset?,"Bank of Baroda, Canara Bank (sources conflicted on whether Vijay Srirangan still holds the chairman role), Union Bank of India (sources conflicted on whether Srinivasan Varadarajan still holds the role), Indian Bank, Bank of Maharashtra, UCO Bank (MD & CEO transition status unclear), Indian Overseas Bank (chairman confirmed but via lower-confidence sourcing), IndusInd Bank, IDFC First Bank, Yes Bank (MD & CEO name only medium confidence), Tamilnad Mercantile Bank, CSB Bank, Bandhan Bank, and Dhanlaxmi Bank."
What is the single primary source cited for State Bank of India's most recent financial metrics in this dataset?,"Investing.com's summary of SBI's Q1 FY27 investor slides (August 2026), plus hellobanker.in's shareholding pattern for March 2026."
What is the single primary source cited for Bank of Baroda's most recent financial metrics in this dataset?,PSUConnect and Investing.com coverage of the bank's Q1 FY27 slides (July-August 2026); Business Standard/PSUConnect for the NMC settlement.
What is the single primary source cited for Punjab National Bank's most recent financial metrics in this dataset?,Investing.com's summary of PNB's Q1 FY27 slides; hellobanker.in's FY26 shareholding-pattern release; PSUConnect (February 2026) for the Fitch rating action.
What is the single primary source cited for Canara Bank's most recent financial metrics in this dataset?,Investing.com (July 2026) and Business Upturn for the shareholding figure.
What is the single primary source cited for Union Bank of India's most recent financial metrics in this dataset?,"HRKatha, Exchange4Media and MarketScreener for leadership; a single lower-confidence secondary source (a social-media summary of the investor presentation, July 2026) for growth figures — explicitly flagged as needing re-verification."
What is the single primary source cited for Bank of India's most recent financial metrics in this dataset?,Investing.com's earnings-call transcript summary (July 2026).
What is the single primary source cited for Indian Bank's most recent financial metrics in this dataset?,CRISIL's rating rationale (6 February 2026); The Tribune (2026) and indianmasterminds.com (July 2026) for management commentary and deposit growth.
What is the single primary source cited for Central Bank of India's most recent financial metrics in this dataset?,Investing.com/Business Standard (July 2026); Trendlyne for the shareholding figure.
What is the single primary source cited for Indian Overseas Bank's most recent financial metrics in this dataset?,Business Standard (21 July 2026); scanx.trade for the shareholding figure.
What is the single primary source cited for UCO Bank's most recent financial metrics in this dataset?,Upstox (2026) for management commentary; TradingView/Reuters for advances growth; Trendlyne for shareholding.
What is the single primary source cited for Bank of Maharashtra's most recent financial metrics in this dataset?,Business Standard (6 July 2026) and Investing.com (July 2026); Trendlyne for shareholding.
What is the single primary source cited for Punjab & Sind Bank's most recent financial metrics in this dataset?,Business Standard (2 June 2025 and 21 July 2026); Trendlyne for shareholding; Tradebrains.in (July 2026).
What is the single primary source cited for HDFC Bank's most recent financial metrics in this dataset?,HDFC Bank's own Q1 FY27 earnings presentation; Business Standard (18 July 2026); Screener.in for shareholding.
What is the single primary source cited for ICICI Bank's most recent financial metrics in this dataset?,ICICI Bank's own performance review for the quarter ended 30 June 2026.
What is the single primary source cited for Axis Bank's most recent financial metrics in this dataset?,kotakneo.com and BusinessToday (18 July 2026); Choice India for shareholding.
What is the single primary source cited for Kotak Mahindra Bank's most recent financial metrics in this dataset?,sahi.com's summary of the bank's Q1 FY27 results; Choice India for shareholding; Bloomberg (10 March 2026) for the capital-deployment remark.
What is the single primary source cited for IndusInd Bank's most recent financial metrics in this dataset?,sahi.com's summary of the bank's Q1 FY27 results; Outlook Business (2025) and Business Standard for the derivatives matter and promoter stake.
What is the single primary source cited for Yes Bank's most recent financial metrics in this dataset?,Business Standard (18 September 2025); sahi.com's summary of Q1 FY27 results; psuconnect.in (July 2026).
What is the single primary source cited for IDFC First Bank's most recent financial metrics in this dataset?,scanx.trade and EquityBulls' coverage of the bank's Q1 FY27 results; Choice India for shareholding.
What is the single primary source cited for Federal Bank's most recent financial metrics in this dataset?,Upstox's summary of the bank's Q1 FY27 results; Trendlyne (December 2024) for shareholding.
What is the single primary source cited for RBL Bank's most recent financial metrics in this dataset?,Business Standard (18 June 2026) and Gulf Business (2026); CRISIL (22 June 2026) for the rating action.
What is the single primary source cited for South Indian Bank's most recent financial metrics in this dataset?,Business Standard (8 July 2026 and July 2026); Trendlyne (March 2026) for shareholding.
What is the single primary source cited for Karur Vysya Bank's most recent financial metrics in this dataset?,kvb.bank.in and Trendlyne (September 2025).
What is the single primary source cited for City Union Bank's most recent financial metrics in this dataset?,Investing.com's summary of the bank's Q1 FY27 results; Goodreturns for the CEO transition.
What is the single primary source cited for DCB Bank's most recent financial metrics in this dataset?,the AKFED's own website and the bank's Q1 FY27 investor presentation; Business Standard (September 2025).
What is the single primary source cited for Karnataka Bank's most recent financial metrics in this dataset?,Screener.in.
What is the single primary source cited for Tamilnad Mercantile Bank's most recent financial metrics in this dataset?,tmb.bank.in and the bank's own FY26 investor update.
What is the single primary source cited for CSB Bank's most recent financial metrics in this dataset?,Fairfax India's own press release and Business Standard (28 June 2024); CRISIL (20 May 2026).
What is the single primary source cited for Bandhan Bank's most recent financial metrics in this dataset?,CRISIL's own rating rationale; the bank's Q1 FY27 disclosures.
What is the single primary source cited for Jammu & Kashmir Bank's most recent financial metrics in this dataset?,jkb.bank.in; Trendlyne (June 2025) for shareholding; CARE Ratings (15 September 2025).
What is the single primary source cited for Dhanlaxmi Bank's most recent financial metrics in this dataset?,Trendlyne (March 2025); Wikipedia for the 2020 governance dispute.
What is the single primary source cited for IDBI Bank's most recent financial metrics in this dataset?,"Figures compiled by Grokipedia citing regulatory filings (August 2025); a lower-confidence secondary source for Q1 FY27 figures, explicitly flagged as not reconciling with the FY24-25 full-year figure."
What is the single primary source cited for AU Small Finance Bank's most recent financial metrics in this dataset?,ICRA's own rating rationale; the bank's Q1 FY27 disclosures.
What is the single primary source cited for Equitas Small Finance Bank's most recent financial metrics in this dataset?,"CARE Ratings (7 September 2026), based on audited FY26 and provisional Q1 FY27 results."
What is the single primary source cited for Ujjivan Small Finance Bank's most recent financial metrics in this dataset?,InvestyWise (1 September 2026); Trendlyne (September 2025) for shareholding.
What is the single primary source cited for ESAF Small Finance Bank's most recent financial metrics in this dataset?,Trendlyne (September 2025); CARE Ratings (2 September 2026).
What is the single primary source cited for Utkarsh Small Finance Bank's most recent financial metrics in this dataset?,Screener.in for the promoter-dilution figures; ICRA (22 May 2025) and CARE Ratings (September 2026) for the diverging rating actions.
What is the single primary source cited for Suryoday Small Finance Bank's most recent financial metrics in this dataset?,A financial-data aggregator's analysis of the bank's disclosures.
What is the single primary source cited for Jana Small Finance Bank's most recent financial metrics in this dataset?,Wikipedia for the TPG Capital/HarbourVest Partners backing; a financial-data aggregator for ratings commentary.
"What customer segment does State Bank of India appear to prioritize most, based on its product mix and distribution network?","Retail mass-market customers alongside HNIs, MSMEs, large corporates, government/institutional clients and the NRI community, distributed through its unmatched branch/ATM/YONO network."
"What customer segment does Bank of Baroda appear to prioritize most, based on its product mix and distribution network?","Retail, MSME, large-corporate, NRI and government customers, with a notable Gulf/African NRI remittance-corridor dependency."
"What customer segment does Punjab National Bank appear to prioritize most, based on its product mix and distribution network?",MSME and agriculture customers in the north Indian market it has historically dominated.
"What customer segment does Canara Bank appear to prioritize most, based on its product mix and distribution network?","South Indian retail, agricultural and MSME customers."
"What customer segment does Union Bank of India appear to prioritize most, based on its product mix and distribution network?","Retail, MSME, agricultural and corporate customers."
"What customer segment does Bank of India appear to prioritize most, based on its product mix and distribution network?","Retail, MSME, agricultural and corporate customers."
"What customer segment does Indian Bank appear to prioritize most, based on its product mix and distribution network?","Retail, MSME, agricultural, corporate, government/institutional and NRI customers, with a strategic RAM (retail, agriculture, MSME) and infrastructure-lending focus."
"What customer segment does Central Bank of India appear to prioritize most, based on its product mix and distribution network?","Retail, MSME and agricultural customers."
"What customer segment does Indian Overseas Bank appear to prioritize most, based on its product mix and distribution network?","Retail, MSME, agricultural, corporate and NRI customers, including the Tamil diaspora through overseas offices."
"What customer segment does UCO Bank appear to prioritize most, based on its product mix and distribution network?",A historically strong retail and corporate presence in East and Northeast India.
"What customer segment does Bank of Maharashtra appear to prioritize most, based on its product mix and distribution network?",Broad PSU retail base concentrated in Maharashtra and western India.
"What customer segment does Punjab & Sind Bank appear to prioritize most, based on its product mix and distribution network?","Punjab-region-concentrated retail, agricultural and MSME customers."
"What customer segment does HDFC Bank appear to prioritize most, based on its product mix and distribution network?","Retail, affluent, NRI, SME, mid-market, large-corporate and government customers."
"What customer segment does ICICI Bank appear to prioritize most, based on its product mix and distribution network?","Retail, SME and corporate customers, with rural lending as the fastest-growing segment (up 35.4%)."
"What customer segment does Axis Bank appear to prioritize most, based on its product mix and distribution network?","Retail, corporate and SME customers, with a Burgundy-branded wealth-management arm."
"What customer segment does Kotak Mahindra Bank appear to prioritize most, based on its product mix and distribution network?","Retail and SME customers within a conservative, historically high-margin franchise."
"What customer segment does IndusInd Bank appear to prioritize most, based on its product mix and distribution network?","Retail (~50%), wholesale (~37%) and SME (~13%) borrowers, historically strong in vehicle finance and microfinance."
"What customer segment does IDFC First Bank appear to prioritize most, based on its product mix and distribution network?","Retail and MSME depositors and borrowers across ""60,000-plus cities, towns and villages."""
"What customer segment does Federal Bank appear to prioritize most, based on its product mix and distribution network?","Kerala NRI diaspora retail customers, alongside SME and large-corporate clients."
"What customer segment does RBL Bank appear to prioritize most, based on its product mix and distribution network?","More than 15 million customers spanning young professionals, HNIs, entrepreneurs, startups, MSMEs, large corporates and government entities."
"What customer segment does South Indian Bank appear to prioritize most, based on its product mix and distribution network?","South Indian, particularly Kerala, retail and NRI customers."
"What customer segment does Karur Vysya Bank appear to prioritize most, based on its product mix and distribution network?","RAM segments — retail, agriculture and MSME — plus a newly targeted HNI segment via its Hyderabad branch."
"What customer segment does City Union Bank appear to prioritize most, based on its product mix and distribution network?",Tamil Nadu-centric retail and MSME customers.
"What customer segment does DCB Bank appear to prioritize most, based on its product mix and distribution network?","Retail and SME customers through granular secured lending (mortgages, gold loans, MSME credit)."
"What customer segment does Karnataka Bank appear to prioritize most, based on its product mix and distribution network?","More than 11 million customers as of a 2023 count, retail- and SME-focused."
"What customer segment does Tamilnad Mercantile Bank appear to prioritize most, based on its product mix and distribution network?","South India-focused retail, MSME and agricultural customers, with a heavy gold-loan and rural/semi-urban franchise."
"What customer segment does CSB Bank appear to prioritize most, based on its product mix and distribution network?","Gold-loan, SME/wholesale and retail customers in Kerala."
"What customer segment does Bandhan Bank appear to prioritize most, based on its product mix and distribution network?","Micro-entrepreneurs and rural/semi-urban unbanked households, alongside affordable-housing, MSME and corporate customers."
"What customer segment does Jammu & Kashmir Bank appear to prioritize most, based on its product mix and distribution network?","Government and semi-government employees, farmers, artisans, PSUs, corporates and households across J&K and Ladakh."
"What customer segment does Dhanlaxmi Bank appear to prioritize most, based on its product mix and distribution network?","Small, Kerala-origin retail customer base."
"What customer segment does IDBI Bank appear to prioritize most, based on its product mix and distribution network?","Retail, corporate, MSME and agricultural customers on a legacy development-finance and infrastructure-lending base."
"What customer segment does AU Small Finance Bank appear to prioritize most, based on its product mix and distribution network?","Vehicle-finance, MSME, retail and wholesale customers, tracking the auto-sales cycle."
"What customer segment does Equitas Small Finance Bank appear to prioritize most, based on its product mix and distribution network?","Small-business/MSE, vehicle-finance, affordable-housing and microfinance customers, with microfinance deliberately capped near 10% of the book."
"What customer segment does Ujjivan Small Finance Bank appear to prioritize most, based on its product mix and distribution network?","Microbanking customers diversifying into affordable housing, MSME and gold-loan borrowers."
"What customer segment does ESAF Small Finance Bank appear to prioritize most, based on its product mix and distribution network?","Microfinance customers, actively diversifying into secured retail lending (62.38% of the book)."
"What customer segment does Utkarsh Small Finance Bank appear to prioritize most, based on its product mix and distribution network?","JLG microfinance customers, with a push toward non-JLG secured-retail borrowers in Uttar Pradesh and Bihar specifically."
"What customer segment does Suryoday Small Finance Bank appear to prioritize most, based on its product mix and distribution network?",Urban and semi-urban microfinance customers.
"What customer segment does Jana Small Finance Bank appear to prioritize most, based on its product mix and distribution network?","Microfinance customers moving into secured retail and MSME banking via its ""DigiGen"" digital push."
"What is State Bank of India's cost-to-income ratio, and how does it compare with the average for its segment?",46.71%.
"What is Punjab National Bank's cost-to-income ratio, and how does it compare with the average for its segment?",50.31%.
"What is Canara Bank's cost-to-income ratio, and how does it compare with the average for its segment?",49.03%.
"What is Union Bank of India's cost-to-income ratio, and how does it compare with the average for its segment?",Reported as down 500 basis points year-on-year; the resulting current level was not stated.
"What is Bank of India's cost-to-income ratio, and how does it compare with the average for its segment?",46.3%.
"What is Central Bank of India's cost-to-income ratio, and how does it compare with the average for its segment?",55.40%.
"What is Indian Overseas Bank's cost-to-income ratio, and how does it compare with the average for its segment?",Rose from 44.22% to 53.95% year-on-year.
"What is HDFC Bank's cost-to-income ratio, and how does it compare with the average for its segment?",39.2%.
"What is ICICI Bank's cost-to-income ratio, and how does it compare with the average for its segment?",Roughly 38.5%.
"What is Axis Bank's cost-to-income ratio, and how does it compare with the average for its segment?",The bank reports cost-to-assets of 2.20% rather than a standard cost-to-income figure.
"What is Kotak Mahindra Bank's cost-to-income ratio, and how does it compare with the average for its segment?",The bank reports cost-to-assets of 2.66% instead of a standard cost-to-income figure.
"What is Yes Bank's cost-to-income ratio, and how does it compare with the average for its segment?",62.8%.
"What is IDFC First Bank's cost-to-income ratio, and how does it compare with the average for its segment?",70.7%.
"What is Federal Bank's cost-to-income ratio, and how does it compare with the average for its segment?",52.50%.
"What is City Union Bank's cost-to-income ratio, and how does it compare with the average for its segment?",45.42%.
"What is DCB Bank's cost-to-income ratio, and how does it compare with the average for its segment?",60.92%.
"What is Equitas Small Finance Bank's cost-to-income ratio, and how does it compare with the average for its segment?",68.38%.
"What is State Bank of India's provision coverage ratio, and what does that imply about its NPA cushion?",74.20% (91.82% including technical write-offs).
"What is Bank of Baroda's provision coverage ratio, and what does that imply about its NPA cushion?","93.28% including technical write-offs, or 75.07% excluding them."
"What is Punjab National Bank's provision coverage ratio, and what does that imply about its NPA cushion?",97.23%.
"What is Canara Bank's provision coverage ratio, and what does that imply about its NPA cushion?",94.76%.
"What is Bank of India's provision coverage ratio, and what does that imply about its NPA cushion?",93.63%.
"What is Indian Bank's provision coverage ratio, and what does that imply about its NPA cushion?",98.22%.
"What is Central Bank of India's provision coverage ratio, and what does that imply about its NPA cushion?",95.86%.
"What is Indian Overseas Bank's provision coverage ratio, and what does that imply about its NPA cushion?",97.67%.
"What is HDFC Bank's provision coverage ratio, and what does that imply about its NPA cushion?",66%.
"What is ICICI Bank's provision coverage ratio, and what does that imply about its NPA cushion?",74.7%.
"What is Axis Bank's provision coverage ratio, and what does that imply about its NPA cushion?",70%.
"What is IndusInd Bank's provision coverage ratio, and what does that imply about its NPA cushion?",71%.
"What is Federal Bank's provision coverage ratio, and what does that imply about its NPA cushion?",87%.
"What is Karur Vysya Bank's provision coverage ratio, and what does that imply about its NPA cushion?",96.21%.
"What is City Union Bank's provision coverage ratio, and what does that imply about its NPA cushion?","85% including technical write-offs, or 65% excluding them."
"What is DCB Bank's provision coverage ratio, and what does that imply about its NPA cushion?",79.81%.
"What is CSB Bank's provision coverage ratio, and what does that imply about its NPA cushion?",86.83%.
"What is Bandhan Bank's provision coverage ratio, and what does that imply about its NPA cushion?",71.1%.
"What is Jammu & Kashmir Bank's provision coverage ratio, and what does that imply about its NPA cushion?",90.53%.
"What is AU Small Finance Bank's provision coverage ratio, and what does that imply about its NPA cushion?",85% including technical write-offs.
"What is Equitas Small Finance Bank's provision coverage ratio, and what does that imply about its NPA cushion?","71.02%, or 86.96% including write-offs."
"What is Ujjivan Small Finance Bank's provision coverage ratio, and what does that imply about its NPA cushion?",85%.
"What is ESAF Small Finance Bank's provision coverage ratio, and what does that imply about its NPA cushion?",85.5%.
"What is State Bank of India's net interest income for the latest reported quarter, and its year-on-year growth rate?","₹46,992 crore in Q1 FY27, up 14.88% year-on-year."
"What is Bank of Baroda's net interest income for the latest reported quarter, and its year-on-year growth rate?","₹12,524 crore in Q1 FY27, up 9.5% year-on-year."
"What is Punjab National Bank's net interest income for the latest reported quarter, and its year-on-year growth rate?","₹10,798 crore in Q1 FY27, up 2.1% year-on-year."
"What is Canara Bank's net interest income for the latest reported quarter, and its year-on-year growth rate?","₹10,215 crore in Q1 FY27 — the first time it crossed ₹10,000 crore."
"What is Union Bank of India's net interest income for the latest reported quarter, and its year-on-year growth rate?","Reported ₹10,037 crore, up 10.14% year-on-year, per the same lower-confidence secondary source."
"What is Bank of India's net interest income for the latest reported quarter, and its year-on-year growth rate?","₹6,833 crore in Q1 FY27, up 12.61% year-on-year."
"What is Indian Bank's net interest income for the latest reported quarter, and its year-on-year growth rate?","Not isolated as a standalone figure; total income for the quarter was ₹20,723.62 crore, of which ₹18,090.16 crore (~87%) was interest income."
"What is Central Bank of India's net interest income for the latest reported quarter, and its year-on-year growth rate?","₹3,914 crore in Q1 FY27, up 15.70% year-on-year."
"What is Indian Overseas Bank's net interest income for the latest reported quarter, and its year-on-year growth rate?","₹3,688 crore in Q1 FY27, up 34.30% year-on-year."
"What is UCO Bank's net interest income for the latest reported quarter, and its year-on-year growth rate?",Not isolated as a standalone figure; net interest margin was around 3%.
"What is Bank of Maharashtra's net interest income for the latest reported quarter, and its year-on-year growth rate?",Not isolated as a standalone figure in the dataset.
"What is Punjab & Sind Bank's net interest income for the latest reported quarter, and its year-on-year growth rate?","Not isolated as a standalone figure; total income was ₹3,545.72 crore, of which interest income (₹3,213.37 crore) made up roughly 91%."
"What is HDFC Bank's net interest income for the latest reported quarter, and its year-on-year growth rate?","Grew 7% year-on-year (absolute figure not isolated); profit after tax ₹19,060 crore, up 5%."
"What is ICICI Bank's net interest income for the latest reported quarter, and its year-on-year growth rate?",Not isolated as a standalone crore figure; NIM of 4.36% is the cited margin metric.
"What is Axis Bank's net interest income for the latest reported quarter, and its year-on-year growth rate?",Not isolated as a standalone crore figure in the dataset.
"What is Kotak Mahindra Bank's net interest income for the latest reported quarter, and its year-on-year growth rate?","₹7,928 crore in Q1 FY27, up 9% year-on-year (standalone profit after tax ₹4,123 crore, up 26%; consolidated group PAT ₹5,480 crore, up 23%)."
"What is IndusInd Bank's net interest income for the latest reported quarter, and its year-on-year growth rate?","Not isolated as a standalone crore figure; operating profit rose 8% year-on-year to ₹2,773 crore, and profit after tax rose 72% to ₹1,037 crore."
"What is Yes Bank's net interest income for the latest reported quarter, and its year-on-year growth rate?","Rose 18% year-on-year (absolute figure not isolated); profit after tax ₹1,071-1,072 crore, up 33-34%."
"What is IDFC First Bank's net interest income for the latest reported quarter, and its year-on-year growth rate?",Not isolated as a standalone crore figure; NIM of 5.96% is the cited margin metric.
"What is Federal Bank's net interest income for the latest reported quarter, and its year-on-year growth rate?","₹2,946 crore in Q1 FY27, up 26% year-on-year."
"What is RBL Bank's net interest income for the latest reported quarter, and its year-on-year growth rate?","₹1,654 crore in Q1 FY27, up 12% year-on-year."
"What is South Indian Bank's net interest income for the latest reported quarter, and its year-on-year growth rate?","₹1,024.72 crore in Q1 FY27, up 23.1% year-on-year."
"What is Karur Vysya Bank's net interest income for the latest reported quarter, and its year-on-year growth rate?","₹1,423 crore in Q1 FY27, up 31.76% year-on-year — described as the bank's highest such growth rate in five years."
"What is City Union Bank's net interest income for the latest reported quarter, and its year-on-year growth rate?","₹8,201 million in Q1 FY27, up 31%."
"What is DCB Bank's net interest income for the latest reported quarter, and its year-on-year growth rate?","₹684 crore in Q1 FY27, up 18%."
"What is Karnataka Bank's net interest income for the latest reported quarter, and its year-on-year growth rate?","Q1 FY27 revenue was ₹2,383 crore, of which interest income made up ₹1,444 crore."
"What is Tamilnad Mercantile Bank's net interest income for the latest reported quarter, and its year-on-year growth rate?","Not isolated as a standalone crore figure; net profit for the quarter was ₹412 crore, up 35% year-on-year."
"What is CSB Bank's net interest income for the latest reported quarter, and its year-on-year growth rate?","₹479 crore in Q1 FY27, up 26%."
"What is Bandhan Bank's net interest income for the latest reported quarter, and its year-on-year growth rate?",Not isolated as a standalone crore figure in the dataset.
"What is Jammu & Kashmir Bank's net interest income for the latest reported quarter, and its year-on-year growth rate?","A reported Q1 FY27 figure of ₹3,546.08 crore looks anomalously large relative to the bank's balance-sheet scale and may reflect a source-side error; not reported here as confirmed."
"What is Dhanlaxmi Bank's net interest income for the latest reported quarter, and its year-on-year growth rate?","Not isolated as a standalone crore figure; total income was ₹484.25 crore, of which interest income made up ₹449 crore (~93%)."
"What is IDBI Bank's net interest income for the latest reported quarter, and its year-on-year growth rate?","A separately reported, lower-confidence Q1 FY27 source cites net interest income of ₹3,486 crore, up 10%."
"What is AU Small Finance Bank's net interest income for the latest reported quarter, and its year-on-year growth rate?","₹2,695 crore in Q1 FY27, up 32%."
"What is Equitas Small Finance Bank's net interest income for the latest reported quarter, and its year-on-year growth rate?","₹1,029.4 crore in Q1 FY27, up 31%."
"What is Ujjivan Small Finance Bank's net interest income for the latest reported quarter, and its year-on-year growth rate?","₹1,186 crore for the quarter."
"What is ESAF Small Finance Bank's net interest income for the latest reported quarter, and its year-on-year growth rate?","Not isolated as a standalone crore figure; interest income for the quarter was ₹1,098 crore, up 32%."
"What is Utkarsh Small Finance Bank's net interest income for the latest reported quarter, and its year-on-year growth rate?",Not specifically isolated in the dataset.
"What is Suryoday Small Finance Bank's net interest income for the latest reported quarter, and its year-on-year growth rate?","₹622.36 crore on an annualized-equivalent basis, up 25.69%; roughly ₹399 crore of ""other income"" is separately flagged as a large contributor to recent profit."
"What is Jana Small Finance Bank's net interest income for the latest reported quarter, and its year-on-year growth rate?","An extracted figure of ₹15,145 crore appears inconsistent with the bank's actual scale and is not reported here as fact, though the accompanying 22.07% year-on-year growth rate is retained as directionally informative."
"Does Bank of Baroda have any overseas branches, representative offices, or joint-venture equity stakes, and where?",Present in 24 countries with 107 international branches/offices and a Zambia joint-venture bank with 16 branches — the widest overseas footprint of any PSU bank besides SBI.
"Does Punjab National Bank have any overseas branches, representative offices, or joint-venture equity stakes, and where?","Seven UK branches, branches in Hong Kong, Dubai and Afghanistan, representative offices in Kazakhstan, UAE, China, Norway and Australia, and equity stakes in banks in Bhutan, Nepal and Kazakhstan."
"Does Canara Bank have any overseas branches, representative offices, or joint-venture equity stakes, and where?","International operations in the UK, UAE, US, Hong Kong, China, Bahrain and Tanzania."
"Does Union Bank of India have any overseas branches, representative offices, or joint-venture equity stakes, and where?","Hong Kong, Sydney, Dubai, the UK, Shanghai, Beijing and Abu Dhabi."
"Does Bank of India have any overseas branches, representative offices, or joint-venture equity stakes, and where?","Five subsidiaries and one joint venture abroad; overseas branch count is unclear (60 vs. 22 cited from the same source, unreconciled)."
"Does Indian Bank have any overseas branches, representative offices, or joint-venture equity stakes, and where?","International branches in Colombo and Singapore, plus a correspondent-banking network of 227 banks across 75 countries."
"Does Indian Overseas Bank have any overseas branches, representative offices, or joint-venture equity stakes, and where?","An offshore banking unit in Colombo, representative offices in Guangzhou, Kuala Lumpur and Dubai, and a 35% stake in India International Bank (Malaysia)."
"Does UCO Bank have any overseas branches, representative offices, or joint-venture equity stakes, and where?",Two overseas branches in Singapore and Hong Kong and a representative office in Tehran.
"Does Federal Bank have any overseas branches, representative offices, or joint-venture equity stakes, and where?","Representative offices in Abu Dhabi and Dubai, plus a GIFT City IFSC banking unit."
"Does RBL Bank have any overseas branches, representative offices, or joint-venture equity stakes, and where?",There is a stated plan to eventually merge Emirates NBD's own Indian branch operations into RBL Bank.
"What technology platform, digital channel, or core banking system is specifically associated with State Bank of India?","Finacle-based core banking technology plus its YONO digital platform, with investment in AI-driven credit underwriting."
"What technology platform, digital channel, or core banking system is specifically associated with Punjab National Bank?","Technology integration following its 2020 amalgamation with Oriental Bank of Commerce and United Bank of India is referenced as an ongoing dependency, but no specific platform is named."
"What technology platform, digital channel, or core banking system is specifically associated with Union Bank of India?",Digital-transformation push branded 'Vyom.'
"What technology platform, digital channel, or core banking system is specifically associated with Indian Bank?",A stated target of roughly 95% of transactions being digital.
"What technology platform, digital channel, or core banking system is specifically associated with UCO Bank?",Management cites 'digital business' tripling in the June 2026 quarter.
