query,gold_label,predicted_template,template_confidence,template_id,template_match,entities,resolved_entities,masked_query,cypher_parameters,triplet_slots,cypher_strategy,kg_row_count,kg_hop_path,summary,judge_label,judge_rationale,error
What is State Bank of India's ticker symbol and on which exchange(s) does it trade?,F_Simple,F_Simple,0.5660659596990265,simple_triplet,True,"[""State Bank of India""]","[{""entity"": ""State Bank of India"", ""matched_node_name"": ""State Bank of India"", ""matched_id"": ""17ecf55c-5c04-4d54-87fc-1485b9a7b134"", ""matched_type"": ""COMPANY"", ""similarity"": 1.0, ""source"": ""gazetteer""}]",What is <COMPANY>'s ticker symbol and on which exchange(s) does it trade?,"{""prop1"": null, ""nnp1"": ""17ecf55c-5c04-4d54-87fc-1485b9a7b134"", ""nn1"": ""COMPANY"", ""nnp2"": null}","{""nnp1"": ""17ecf55c-5c04-4d54-87fc-1485b9a7b134"", ""nnp2"": null, ""nnp3"": null, ""prop1"": null, ""nn1"": ""COMPANY"", ""nn2"": null, ""threshold"": null}",primary,50,"Template: simple_triplet (F_Simple)
Query intent: Simple question: subject linked to objects via a predicate.

Row 1: State Bank of India has invested strategically in AI-driven credit underwriting capabilities.
Row 2: State Bank of India operates approximately 65,000 ATMs across the country.
Row 3: Asset quality is identified as the main risk driver for SBI.
Row 4: State Bank of India holds historical issuer and deposit ratings in the BBB- range from agencies such as S&P and Fitch.
Row 5: State Bank of India has historically sat in the Baa2/Baa3 long-term issuer and deposit rating range issued by Moody's.
Row 6: C S Setty holds the top executive role of Chairman at State Bank of India.
Row 7: SBI's net interest margin is driven by its CASA mix.
Row 8: State Bank of India reported a strong CASA ratio of 39.24% in the June 2026 quarter, providing a stable low-cost base.
Row 9: State Bank of India maintains a CET1 percentage that is stated to be comfortably above the regulatory minimum of 8.80%.
Row 10: FIIs form part of an investor group, including NRIs and GDRs, holding a combined 12.49% stake in State Bank of India.
Row 11: State Bank of India utilizes Finacle technology to drive its core banking operations.
Row 12: State Bank of India has historically maintained credit ratings assigned directly by Fitch Ratings.
Row 13: The Government of India is the majority owner of State Bank of India, maintaining a 55.03% ownership stake.
Row 14: HDFC Bank competes strongly against State Bank of India by continuously taking away retail and digital market share.
Row 15: State Bank of India provides specialized banking services tailored for HNIs.
Row 16: ICICI Bank serves as a key competitor to State Bank of India, threatening its digital and retail market standing.
Row 17: LIC holds an 8.70% ownership stake in State Bank of India.
Row 18: State Bank of India has lending exposure to small and medium enterprises by offering MSME loans.
Row 19: State Bank of India serves Micro, Small, and Medium Enterprises (MSMEs) with extensive banking products.
Row 20: State Bank of India's headquarters is geographically located within the state of Maharashtra.
Row 21: State Bank of India relies heavily on the ongoing regulatory support and oversight of the Ministry of Finance.
Row 22: State Bank of India's long-term issuer and deposit strength has historically been evaluated by Moody's.
Row 23: State Bank of India, India's largest bank by assets, maintains its headquarters in Mumbai.
Row 24: State Bank of India operates dedicated NRI banking services for expatriates.
Row 25: State Bank of India serves the diverse banking needs of the extensive NRI community.
Row 26: NRIs hold a stake in State Bank of India, contributing to a combined 12.49% ownership alongside FIIs and GDRs.
Row 27: SBI's return on equity is driven by the operating leverage resulting from its massive scale.
Row 28: State Bank of India is categorized among the 12 listed Public Sector Banks in the Indian Banking Sector.
Row 29: SBI's net interest margin is driven by the trajectory of the RBI repo rate.
Row 30: State Bank of India is subject to the regulatory oversight of the Reserve Bank of India, which governs its licensing, Basel III capital norms, and priority-sector-lending mandates.
Row 31: State Bank of India is a banking entity historically rated by the credit rating agency S&P.
Row 32: State Bank of India executes its investment banking services through its subsidiary, SBI Caps.
Row 33: State Bank of India is regulated by the Securities and Exchange Board of India concerning listed-company disclosures, minimum public shareholding, and takeover codes.
Row 34: UTI holds a stake in State Bank of India as part of a 13.57% combined holding with mutual funds.
Row 35: SBI holds and operates under a universal banking license.
Row 36: SBI has lending exposure to the unsecured retail loan segment.
Row 37: State Bank of India is affiliated with YES BANK LIMITED as an anchor investor and held a roughly 10% residual stake as of September 2025.
Row 38: State Bank of India executes its digital-first strategy through its proprietary YONO platform.
Row 39: SBI expects future growth to be driven by digital customer acquisition through the YONO platform.
Row 40: State Bank of India possesses a significant opportunity to use the massive YONO platform's scale for further cross-selling.
Row 41: State Bank of India's advances grew to ₹42.76 trillion by the end of Q1 FY27.
Row 42: State Bank of India underwrites agricultural loans as part of its widespread lending offerings.
Row 43: State Bank of India maintains exposure to retail lending by offering auto loans.
Row 44: State Bank of India leverages a vast distribution channel comprising roughly 22,500 branches, the largest in India.
Row 45: State Bank of India recorded a capital adequacy ratio of 15.67% at the end of Q1 FY27.
Row 46: State Bank of India offers cash management services among its broad institutional offerings.
Row 47: State Bank of India depends on Finacle-based core banking technology for its backend financial operations.
Row 48: State Bank of India maintained a cost-to-income ratio of 46.71% in the June 2026 quarter.
Row 49: State Bank of India offers credit cards to its customers as part of its retail product lineup.
Row 50: State Bank of India faces significant credit risk through its large corporate loan book.","State Bank of India is a majority government-owned institution holding an advanced capital adequacy ratio of 15.67% and total advances of ₹42.76 trillion as of Q1 FY27. The bank leverages a vast distribution network and the YONO digital platform to drive growth, while managing asset quality and large corporate loan exposures as primary risks.",Not relevant,The assistant output discusses financial metrics and business operations instead of providing the ticker symbol and exchanges for State Bank of India as requested.,
"Who is the current MD & CEO (or Chairman, where that is the top executive title) of State Bank of India?",F_Simple,F_Simple,0.6870087860052408,simple_triplet,True,"[""uti"", ""State Bank of India"", ""MD""]","[{""entity"": ""uti"", ""matched_node_name"": ""UTI"", ""matched_id"": ""fd4feaba-a9ac-4e43-9418-e90485ccc0ee"", ""matched_type"": ""SHAREHOLDER"", ""similarity"": 1.0, ""source"": ""gazetteer""}, {""entity"": ""State Bank of India"", ""matched_node_name"": ""State Bank of India"", ""matched_id"": ""17ecf55c-5c04-4d54-87fc-1485b9a7b134"", ""matched_type"": ""COMPANY"", ""similarity"": 1.0, ""source"": ""gazetteer""}, {""entity"": ""MD"", ""matched_node_name"": ""Sydney"", ""matched_id"": ""6ce73991-b958-4fd6-a892-0d2f5d32b61b"", ""matched_type"": ""GEOGRAPHY"", ""similarity"": 0.6347882270812988, ""source"": ""semantic""}]","Who is the current <GEOGRAPHY> & CEO (or Chairman, where that is the top exec<SHAREHOLDER>ve title) of <COMPANY>?","{""prop1"": ""GovernanceRole"", ""nnp1"": ""17ecf55c-5c04-4d54-87fc-1485b9a7b134"", ""nn1"": ""COMPANY"", ""nnp2"": ""6ce73991-b958-4fd6-a892-0d2f5d32b61b""}","{""nnp1"": ""17ecf55c-5c04-4d54-87fc-1485b9a7b134"", ""nnp2"": ""6ce73991-b958-4fd6-a892-0d2f5d32b61b"", ""nnp3"": null, ""prop1"": ""GovernanceRole"", ""nn1"": ""COMPANY"", ""nn2"": ""GEOGRAPHY"", ""threshold"": null}",relaxed_direction,1,"Template: simple_triplet (F_Simple)
Query intent: Simple question: subject linked to objects via a predicate.

Row 1: C S Setty holds the top executive role of Chairman at State Bank of India.","C.S. Setty serves as the Chairman of the State Bank of India, holding its top executive position.",Relevant,The output directly answers the user's request by identifying the current top executive and Chairman of the State Bank of India.,
"What percentage of State Bank of India is held by its government promoter or largest shareholder, and as of what date?",F_LogUnion,F_LogUnion,0.6758920373727951,logical_union,True,"[""State Bank of India""]","[{""entity"": ""State Bank of India"", ""matched_node_name"": ""State Bank of India"", ""matched_id"": ""17ecf55c-5c04-4d54-87fc-1485b9a7b134"", ""matched_type"": ""COMPANY"", ""similarity"": 1.0, ""source"": ""gazetteer""}]","What percentage of <COMPANY> is held by its government promoter or largest shareholder, and as of what date?","{""prop1"": ""REGULATED_BY"", ""nnp1"": ""17ecf55c-5c04-4d54-87fc-1485b9a7b134"", ""nn1"": ""COMPANY"", ""nnp2"": null}","{""nnp1"": ""17ecf55c-5c04-4d54-87fc-1485b9a7b134"", ""nnp2"": null, ""nnp3"": null, ""prop1"": ""REGULATED_BY"", ""nn1"": ""COMPANY"", ""nn2"": null, ""threshold"": null}",primary,50,"Template: logical_union (F_LogUnion)
Query intent: Union of two relationship patterns from the same subject.

Row 1: State Bank of India has invested strategically in AI-driven credit underwriting capabilities.
Row 2: State Bank of India operates approximately 65,000 ATMs across the country.
Row 3: Asset quality is identified as the main risk driver for SBI.
Row 4: State Bank of India holds historical issuer and deposit ratings in the BBB- range from agencies such as S&P and Fitch.
Row 5: State Bank of India has historically sat in the Baa2/Baa3 long-term issuer and deposit rating range issued by Moody's.
Row 6: C S Setty holds the top executive role of Chairman at State Bank of India.
Row 7: SBI's net interest margin is driven by its CASA mix.
Row 8: State Bank of India reported a strong CASA ratio of 39.24% in the June 2026 quarter, providing a stable low-cost base.
Row 9: State Bank of India maintains a CET1 percentage that is stated to be comfortably above the regulatory minimum of 8.80%.
Row 10: FIIs form part of an investor group, including NRIs and GDRs, holding a combined 12.49% stake in State Bank of India.
Row 11: State Bank of India utilizes Finacle technology to drive its core banking operations.
Row 12: State Bank of India has historically maintained credit ratings assigned directly by Fitch Ratings.
Row 13: The Government of India is the majority owner of State Bank of India, maintaining a 55.03% ownership stake.
Row 14: HDFC Bank competes strongly against State Bank of India by continuously taking away retail and digital market share.
Row 15: State Bank of India provides specialized banking services tailored for HNIs.
Row 16: ICICI Bank serves as a key competitor to State Bank of India, threatening its digital and retail market standing.
Row 17: LIC holds an 8.70% ownership stake in State Bank of India.
Row 18: State Bank of India has lending exposure to small and medium enterprises by offering MSME loans.
Row 19: State Bank of India serves Micro, Small, and Medium Enterprises (MSMEs) with extensive banking products.
Row 20: State Bank of India's headquarters is geographically located within the state of Maharashtra.
Row 21: State Bank of India relies heavily on the ongoing regulatory support and oversight of the Ministry of Finance.
Row 22: State Bank of India's long-term issuer and deposit strength has historically been evaluated by Moody's.
Row 23: State Bank of India, India's largest bank by assets, maintains its headquarters in Mumbai.
Row 24: State Bank of India operates dedicated NRI banking services for expatriates.
Row 25: State Bank of India serves the diverse banking needs of the extensive NRI community.
Row 26: NRIs hold a stake in State Bank of India, contributing to a combined 12.49% ownership alongside FIIs and GDRs.
Row 27: SBI's return on equity is driven by the operating leverage resulting from its massive scale.
Row 28: State Bank of India is categorized among the 12 listed Public Sector Banks in the Indian Banking Sector.
Row 29: SBI's net interest margin is driven by the trajectory of the RBI repo rate.
Row 30: State Bank of India is subject to the regulatory oversight of the Reserve Bank of India, which governs its licensing, Basel III capital norms, and priority-sector-lending mandates.
Row 31: State Bank of India is a banking entity historically rated by the credit rating agency S&P.
Row 32: State Bank of India executes its investment banking services through its subsidiary, SBI Caps.
Row 33: State Bank of India is regulated by the Securities and Exchange Board of India concerning listed-company disclosures, minimum public shareholding, and takeover codes.
Row 34: UTI holds a stake in State Bank of India as part of a 13.57% combined holding with mutual funds.
Row 35: SBI holds and operates under a universal banking license.
Row 36: SBI has lending exposure to the unsecured retail loan segment.
Row 37: State Bank of India is affiliated with YES BANK LIMITED as an anchor investor and held a roughly 10% residual stake as of September 2025.
Row 38: State Bank of India executes its digital-first strategy through its proprietary YONO platform.
Row 39: SBI expects future growth to be driven by digital customer acquisition through the YONO platform.
Row 40: State Bank of India possesses a significant opportunity to use the massive YONO platform's scale for further cross-selling.
Row 41: State Bank of India's advances grew to ₹42.76 trillion by the end of Q1 FY27.
Row 42: State Bank of India underwrites agricultural loans as part of its widespread lending offerings.
Row 43: State Bank of India maintains exposure to retail lending by offering auto loans.
Row 44: State Bank of India leverages a vast distribution channel comprising roughly 22,500 branches, the largest in India.
Row 45: State Bank of India recorded a capital adequacy ratio of 15.67% at the end of Q1 FY27.
Row 46: State Bank of India offers cash management services among its broad institutional offerings.
Row 47: State Bank of India depends on Finacle-based core banking technology for its backend financial operations.
Row 48: State Bank of India maintained a cost-to-income ratio of 46.71% in the June 2026 quarter.
Row 49: State Bank of India offers credit cards to its customers as part of its retail product lineup.
Row 50: State Bank of India faces significant credit risk through its large corporate loan book.","State Bank of India is the country's largest bank by assets, backed by a majority government ownership stake of 55.03% and a vast distribution network that supports its extensive retail, corporate, and digital operations. The bank maintains strong financial metrics, including a capital adequacy ratio of 15.67% and advances growing to ₹42.76 trillion by the end of Q1 FY27, while managing primary risk drivers such as asset quality and large corporate loan exposures.",Somewhat relevant,The assistant output identifies the government promoter's ownership percentage (55.03%) but fails to provide the specific date as of which this percentage is applicable.,
What was State Bank of India's CASA ratio in the most recently reported quarter?,F_Simple,F_Simple,0.4957014209614541,simple_triplet,True,"[""State Bank of India"", ""CASA ratio""]","[{""entity"": ""State Bank of India"", ""matched_node_name"": ""State Bank of India"", ""matched_id"": ""17ecf55c-5c04-4d54-87fc-1485b9a7b134"", ""matched_type"": ""COMPANY"", ""similarity"": 1.0, ""source"": ""gazetteer""}, {""entity"": ""CASA ratio"", ""matched_node_name"": ""CASA ratio"", ""matched_id"": ""f552ef12-cf71-4307-80e3-1eb10e256154"", ""matched_type"": ""METRIC"", ""similarity"": 1.0, ""source"": ""gazetteer""}]",What was <COMPANY>'s <METRIC> in the most recently reported quarter?,"{""prop1"": null, ""nnp1"": ""17ecf55c-5c04-4d54-87fc-1485b9a7b134"", ""nn1"": ""COMPANY"", ""nnp2"": ""f552ef12-cf71-4307-80e3-1eb10e256154""}","{""nnp1"": ""17ecf55c-5c04-4d54-87fc-1485b9a7b134"", ""nnp2"": ""f552ef12-cf71-4307-80e3-1eb10e256154"", ""nnp3"": null, ""prop1"": null, ""nn1"": ""COMPANY"", ""nn2"": ""METRIC"", ""threshold"": null}",primary,1,"Template: simple_triplet (F_Simple)
Query intent: Simple question: subject linked to objects via a predicate.

Row 1: State Bank of India reported a strong CASA ratio of 39.24% in the June 2026 quarter, providing a stable low-cost base.","State Bank of India reported a strong CASA ratio of 39.24% in the June 2026 quarter, which provides the institution with a stable, low-cost funding base.",Relevant,The assistant directly answers the user's request by providing State Bank of India's CASA ratio for the most recently reported quarter.,
What is State Bank of India's net interest margin (NIM) for the latest reported period?,F_Simple,F_Simple,0.4559410416941235,simple_triplet,True,"[""State Bank of India"", ""net interest margin""]","[{""entity"": ""State Bank of India"", ""matched_node_name"": ""State Bank of India"", ""matched_id"": ""17ecf55c-5c04-4d54-87fc-1485b9a7b134"", ""matched_type"": ""COMPANY"", ""similarity"": 1.0, ""source"": ""gazetteer""}, {""entity"": ""net interest margin"", ""matched_node_name"": ""Net interest margin"", ""matched_id"": ""ce0a12ce-b581-4229-a6b2-4d53c46e9d9d"", ""matched_type"": ""METRIC"", ""similarity"": 1.0, ""source"": ""gazetteer""}]",What is <COMPANY>'s <METRIC> (NIM) for the latest reported period?,"{""prop1"": null, ""nnp1"": ""17ecf55c-5c04-4d54-87fc-1485b9a7b134"", ""nn1"": ""COMPANY"", ""nnp2"": ""ce0a12ce-b581-4229-a6b2-4d53c46e9d9d""}","{""nnp1"": ""17ecf55c-5c04-4d54-87fc-1485b9a7b134"", ""nnp2"": ""ce0a12ce-b581-4229-a6b2-4d53c46e9d9d"", ""nnp3"": null, ""prop1"": null, ""nn1"": ""COMPANY"", ""nn2"": ""METRIC"", ""threshold"": null}",relaxed_direction,82,"Template: simple_triplet (F_Simple)
Query intent: Simple question: subject linked to objects via a predicate.

Row 1: State Bank of India extends home loans as part of its retail lending portfolio.
Row 2: State Bank of India maintains exposure to retail lending by offering auto loans.
Row 3: State Bank of India provides personal loans to its customer base.
Row 4: State Bank of India offers education loans within its suite of retail banking services.
Row 5: State Bank of India underwrites agricultural loans as part of its widespread lending offerings.
Row 6: State Bank of India has lending exposure to small and medium enterprises by offering MSME loans.
Row 7: State Bank of India offers credit cards to its customers as part of its retail product lineup.
Row 8: State Bank of India provides debit cards within its full range of retail banking products.
Row 9: State Bank of India delivers wealth management services to its customer base.
Row 10: State Bank of India offers trade finance services tailored to its corporate clients.
Row 11: State Bank of India provides comprehensive treasury services in the market.
Row 12: State Bank of India caters to its clients' foreign exchange requirements through its forex services.
Row 13: State Bank of India offers cash management services among its broad institutional offerings.
Row 14: State Bank of India provides robust investment banking services to its clients.
Row 15: State Bank of India executes its investment banking services through its subsidiary, SBI Caps.
Row 16: State Bank of India operates dedicated NRI banking services for expatriates.
Row 17: State Bank of India caters to a massive segment of retail mass-market customers.
Row 18: State Bank of India provides specialized banking services tailored for HNIs.
Row 19: State Bank of India serves Micro, Small, and Medium Enterprises (MSMEs) with extensive banking products.
Row 20: State Bank of India maintains a strong presence serving large corporates across sectors.
Row 21: State Bank of India serves government clients by managing diverse public financial needs.
Row 22: State Bank of India provides specialized banking solutions to major institutional clients.
Row 23: State Bank of India serves the diverse banking needs of the extensive NRI community.
Row 24: State Bank of India leverages a vast distribution channel comprising roughly 22,500 branches, the largest in India.
Row 25: State Bank of India operates approximately 65,000 ATMs across the country.
Row 26: State Bank of India reported a strong CASA ratio of 39.24% in the June 2026 quarter, providing a stable low-cost base.
Row 27: State Bank of India's total deposits reached ₹60.06 trillion, growing 9.73% year-on-year by Q1 FY27.
Row 28: State Bank of India expanded its domestic loan book to ₹42.76 trillion, an 18.15% year-on-year increase in the June 2026 quarter.
Row 29: State Bank of India's advances grew to ₹42.76 trillion by the end of Q1 FY27.
Row 30: State Bank of India generated a net interest income of ₹46,992 crore, up 14.88% year-on-year in the June 2026 quarter.
Row 31: State Bank of India utilizes Finacle technology to drive its core banking operations.
Row 32: State Bank of India depends on Finacle-based core banking technology for its backend financial operations.
Row 33: State Bank of India has invested strategically in AI-driven credit underwriting capabilities.
Row 34: State Bank of India's principal competitive advantage is defined by its unmatched branch, ATM and digital scale combined with sovereign backing.
Row 35: State Bank of India recorded a major financial strength by posting record profitability in the Q1 FY27 period.
Row 36: State Bank of India achieved its lowest non-performing-asset levels in more than two decades by the end of June 2026.
Row 37: State Bank of India reported a domestic net interest margin of 3.00% in Q1 FY27, trailing several private-bank peers.
Row 38: State Bank of India possesses a significant opportunity to use the massive YONO platform's scale for further cross-selling.
Row 39: State Bank of India faces significant credit risk through its large corporate loan book.
Row 40: State Bank of India maintains heavy exposure in the form of a large corporate loan book.
Row 41: State Bank of India is exposed to interest-rate risk stemming from its massive deposit base.
Row 42: State Bank of India experiences cyber risk due to the sheer scale of its digital user base.
Row 43: State Bank of India remains consistently exposed to ordinary regulatory risk.
Row 44: State Bank of India relies heavily on the ongoing regulatory support and oversight of the Ministry of Finance.
Row 45: State Bank of India achieved a return on assets of 1.11% during the quarter ended June 2026.
Row 46: State Bank of India reported a high return on equity of 17.87% for Q1 FY27.
Row 47: State Bank of India maintained a cost-to-income ratio of 46.71% in the June 2026 quarter.
Row 48: State Bank of India reported a gross NPA figure of 1.47% as of June 30, 2026.
Row 49: State Bank of India logged a net NPA ratio of 0.38% in the Q1 FY27 period.
Row 50: State Bank of India possessed a provision coverage ratio of 74.20% (91.82% when including technical write-offs) in the June 2026 quarter.
Row 51: State Bank of India recorded a capital adequacy ratio of 15.67% at the end of Q1 FY27.
Row 52: State Bank of India maintains a CET1 percentage that is stated to be comfortably above the regulatory minimum of 8.80%.
Row 53: State Bank of India's long-term issuer and deposit strength has historically been evaluated by Moody's.
Row 54: State Bank of India has historically sat in the Baa2/Baa3 long-term issuer and deposit rating range issued by Moody's.
Row 55: State Bank of India is a banking entity historically rated by the credit rating agency S&P.
Row 56: State Bank of India holds historical issuer and deposit ratings in the BBB- range from agencies such as S&P and Fitch.
Row 57: SBI's net interest margin is driven by its CASA mix.
Row 58: SBI's net interest margin is driven by the trajectory of the RBI repo rate.
Row 59: SBI's return on equity is driven by the operating leverage resulting from its massive scale.
Row 60: Asset quality is identified as the main risk driver for SBI.
Row 61: SBI has lending exposure to the unsecured retail loan segment.
Row 62: SBI holds and operates under a universal banking license.
Row 63: State Bank of India is categorized among the 12 listed Public Sector Banks in the Indian Banking Sector.
Row 64: State Bank of India is subject to the regulatory oversight of the Reserve Bank of India, which governs its licensing, Basel III capital norms, and priority-sector-lending mandates.
Row 65: State Bank of India is regulated by the Securities and Exchange Board of India concerning listed-company disclosures, minimum public shareholding, and takeover codes.
Row 66: State Bank of India has historically maintained credit ratings assigned directly by Fitch Ratings.
Row 67: State Bank of India, India's largest bank by assets, maintains its headquarters in Mumbai.
Row 68: State Bank of India's headquarters is geographically located within the state of Maharashtra.
Row 69: State Bank of India operates as a universal bank, delivering a complete range of retail and corporate banking products.
Row 70: State Bank of India leverages a hybrid model that combines its extensive branch network with a prominent digital-first approach.
Row 71: SBI expects future growth to be driven by digital customer acquisition through the YONO platform.
Row 72: State Bank of India executes its digital-first strategy through its proprietary YONO platform.
Row 73: State Bank of India is affiliated with YES BANK LIMITED as an anchor investor and held a roughly 10% residual stake as of September 2025.
Row 74: HDFC Bank competes strongly against State Bank of India by continuously taking away retail and digital market share.
Row 75: ICICI Bank serves as a key competitor to State Bank of India, threatening its digital and retail market standing.
Row 76: The Government of India is the majority owner of State Bank of India, maintaining a 55.03% ownership stake.
Row 77: LIC holds an 8.70% ownership stake in State Bank of India.
Row 78: Mutual funds, alongside UTI, collectively hold a 13.57% stake in State Bank of India.
Row 79: UTI holds a stake in State Bank of India as part of a 13.57% combined holding with mutual funds.
Row 80: FIIs form part of an investor group, including NRIs and GDRs, holding a combined 12.49% stake in State Bank of India.
Row 81: NRIs hold a stake in State Bank of India, contributing to a combined 12.49% ownership alongside FIIs and GDRs.
Row 82: C S Setty holds the top executive role of Chairman at State Bank of India.","State Bank of India reported strong financial results for the June 2026 quarter, highlighted by a net interest income of ₹46,992 crore, a return on equity of 17.87%, and total deposits reaching ₹60.06 trillion alongside a domestic loan book of ₹42.76 trillion. The bank maintains solid asset quality with a gross NPA of 1.47% and a robust capital adequacy ratio of 15.67%, supported by its extensive physical and digital distribution network across India.",Somewhat relevant,The assistant provides various financial metrics for State Bank of India for the latest period but fails to specifically mention the net interest margin (NIM).,
What are State Bank of India's gross NPA and net NPA ratios?,F_Simple,F_Simple,0.5339957873182645,simple_triplet,True,"[""State Bank of India"", ""gross NPA"", ""net NPA""]","[{""entity"": ""State Bank of India"", ""matched_node_name"": ""State Bank of India"", ""matched_id"": ""17ecf55c-5c04-4d54-87fc-1485b9a7b134"", ""matched_type"": ""COMPANY"", ""similarity"": 1.0, ""source"": ""gazetteer""}, {""entity"": ""gross NPA"", ""matched_node_name"": ""gross NPA"", ""matched_id"": ""00c1065d-13f6-42fc-be09-d1a8be6780cd"", ""matched_type"": ""METRIC"", ""similarity"": 1.0, ""source"": ""gazetteer""}, {""entity"": ""net NPA"", ""matched_node_name"": ""net NPA"", ""matched_id"": ""4539ed7c-a229-4073-a946-c4b6498648c7"", ""matched_type"": ""METRIC"", ""similarity"": 1.0, ""source"": ""gazetteer""}]",What are <COMPANY>'s <METRIC> and <METRIC> ratios?,"{""prop1"": null, ""nnp1"": ""17ecf55c-5c04-4d54-87fc-1485b9a7b134"", ""nn1"": ""COMPANY"", ""nnp2"": ""00c1065d-13f6-42fc-be09-d1a8be6780cd""}","{""nnp1"": ""17ecf55c-5c04-4d54-87fc-1485b9a7b134"", ""nnp2"": ""00c1065d-13f6-42fc-be09-d1a8be6780cd"", ""nnp3"": null, ""prop1"": null, ""nn1"": ""COMPANY"", ""nn2"": ""METRIC"", ""threshold"": null}",primary,1,"Template: simple_triplet (F_Simple)
Query intent: Simple question: subject linked to objects via a predicate.

Row 1: State Bank of India reported a gross NPA figure of 1.47% as of June 30, 2026.","As of June 30, 2026, the State Bank of India reported a gross non-performing asset (NPA) ratio of 1.47%.",Somewhat relevant,The assistant output provides the gross NPA ratio for the State Bank of India but fails to provide the net NPA ratio as requested in the query.,
"What is State Bank of India's capital adequacy ratio (CRAR), and its CET1 ratio if disclosed?",F_Simple,F_Simple,0.5026933839121343,simple_triplet,True,"[""State Bank of India"", ""capital adequacy ratio"", ""CE""]","[{""entity"": ""State Bank of India"", ""matched_node_name"": ""State Bank of India"", ""matched_id"": ""17ecf55c-5c04-4d54-87fc-1485b9a7b134"", ""matched_type"": ""COMPANY"", ""similarity"": 1.0, ""source"": ""gazetteer""}, {""entity"": ""capital adequacy ratio"", ""matched_node_name"": ""capital adequacy ratio"", ""matched_id"": ""a9e7103c-2a43-4d54-94d2-0f9178dbb42e"", ""matched_type"": ""METRIC"", ""similarity"": 1.0, ""source"": ""gazetteer""}, {""entity"": ""CE"", ""matched_node_name"": ""NSE"", ""matched_id"": ""f991983e-e758-47f5-acbf-1afe822e5f20"", ""matched_type"": ""COMPANY"", ""similarity"": 0.6484348893165588, ""source"": ""semantic""}]","What is <COMPANY>'s <METRIC> (CRAR), and its <COMPANY>T1 ratio if disclosed?","{""prop1"": null, ""nnp1"": ""17ecf55c-5c04-4d54-87fc-1485b9a7b134"", ""nn1"": ""COMPANY"", ""nnp2"": ""f991983e-e758-47f5-acbf-1afe822e5f20""}","{""nnp1"": ""17ecf55c-5c04-4d54-87fc-1485b9a7b134"", ""nnp2"": ""f991983e-e758-47f5-acbf-1afe822e5f20"", ""nnp3"": null, ""prop1"": null, ""nn1"": ""COMPANY"", ""nn2"": ""COMPANY"", ""threshold"": null}",relaxed_direction,82,"Template: simple_triplet (F_Simple)
Query intent: Simple question: subject linked to objects via a predicate.

Row 1: State Bank of India extends home loans as part of its retail lending portfolio.
Row 2: State Bank of India maintains exposure to retail lending by offering auto loans.
Row 3: State Bank of India provides personal loans to its customer base.
Row 4: State Bank of India offers education loans within its suite of retail banking services.
Row 5: State Bank of India underwrites agricultural loans as part of its widespread lending offerings.
Row 6: State Bank of India has lending exposure to small and medium enterprises by offering MSME loans.
Row 7: State Bank of India offers credit cards to its customers as part of its retail product lineup.
Row 8: State Bank of India provides debit cards within its full range of retail banking products.
Row 9: State Bank of India delivers wealth management services to its customer base.
Row 10: State Bank of India offers trade finance services tailored to its corporate clients.
Row 11: State Bank of India provides comprehensive treasury services in the market.
Row 12: State Bank of India caters to its clients' foreign exchange requirements through its forex services.
Row 13: State Bank of India offers cash management services among its broad institutional offerings.
Row 14: State Bank of India provides robust investment banking services to its clients.
Row 15: State Bank of India executes its investment banking services through its subsidiary, SBI Caps.
Row 16: State Bank of India operates dedicated NRI banking services for expatriates.
Row 17: State Bank of India caters to a massive segment of retail mass-market customers.
Row 18: State Bank of India provides specialized banking services tailored for HNIs.
Row 19: State Bank of India serves Micro, Small, and Medium Enterprises (MSMEs) with extensive banking products.
Row 20: State Bank of India maintains a strong presence serving large corporates across sectors.
Row 21: State Bank of India serves government clients by managing diverse public financial needs.
Row 22: State Bank of India provides specialized banking solutions to major institutional clients.
Row 23: State Bank of India serves the diverse banking needs of the extensive NRI community.
Row 24: State Bank of India leverages a vast distribution channel comprising roughly 22,500 branches, the largest in India.
Row 25: State Bank of India operates approximately 65,000 ATMs across the country.
Row 26: State Bank of India reported a strong CASA ratio of 39.24% in the June 2026 quarter, providing a stable low-cost base.
Row 27: State Bank of India's total deposits reached ₹60.06 trillion, growing 9.73% year-on-year by Q1 FY27.
Row 28: State Bank of India expanded its domestic loan book to ₹42.76 trillion, an 18.15% year-on-year increase in the June 2026 quarter.
Row 29: State Bank of India's advances grew to ₹42.76 trillion by the end of Q1 FY27.
Row 30: State Bank of India generated a net interest income of ₹46,992 crore, up 14.88% year-on-year in the June 2026 quarter.
Row 31: State Bank of India utilizes Finacle technology to drive its core banking operations.
Row 32: State Bank of India depends on Finacle-based core banking technology for its backend financial operations.
Row 33: State Bank of India has invested strategically in AI-driven credit underwriting capabilities.
Row 34: State Bank of India's principal competitive advantage is defined by its unmatched branch, ATM and digital scale combined with sovereign backing.
Row 35: State Bank of India recorded a major financial strength by posting record profitability in the Q1 FY27 period.
Row 36: State Bank of India achieved its lowest non-performing-asset levels in more than two decades by the end of June 2026.
Row 37: State Bank of India reported a domestic net interest margin of 3.00% in Q1 FY27, trailing several private-bank peers.
Row 38: State Bank of India possesses a significant opportunity to use the massive YONO platform's scale for further cross-selling.
Row 39: State Bank of India faces significant credit risk through its large corporate loan book.
Row 40: State Bank of India maintains heavy exposure in the form of a large corporate loan book.
Row 41: State Bank of India is exposed to interest-rate risk stemming from its massive deposit base.
Row 42: State Bank of India experiences cyber risk due to the sheer scale of its digital user base.
Row 43: State Bank of India remains consistently exposed to ordinary regulatory risk.
Row 44: State Bank of India relies heavily on the ongoing regulatory support and oversight of the Ministry of Finance.
Row 45: State Bank of India achieved a return on assets of 1.11% during the quarter ended June 2026.
Row 46: State Bank of India reported a high return on equity of 17.87% for Q1 FY27.
Row 47: State Bank of India maintained a cost-to-income ratio of 46.71% in the June 2026 quarter.
Row 48: State Bank of India reported a gross NPA figure of 1.47% as of June 30, 2026.
Row 49: State Bank of India logged a net NPA ratio of 0.38% in the Q1 FY27 period.
Row 50: State Bank of India possessed a provision coverage ratio of 74.20% (91.82% when including technical write-offs) in the June 2026 quarter.
Row 51: State Bank of India recorded a capital adequacy ratio of 15.67% at the end of Q1 FY27.
Row 52: State Bank of India maintains a CET1 percentage that is stated to be comfortably above the regulatory minimum of 8.80%.
Row 53: State Bank of India's long-term issuer and deposit strength has historically been evaluated by Moody's.
Row 54: State Bank of India has historically sat in the Baa2/Baa3 long-term issuer and deposit rating range issued by Moody's.
Row 55: State Bank of India is a banking entity historically rated by the credit rating agency S&P.
Row 56: State Bank of India holds historical issuer and deposit ratings in the BBB- range from agencies such as S&P and Fitch.
Row 57: SBI's net interest margin is driven by its CASA mix.
Row 58: SBI's net interest margin is driven by the trajectory of the RBI repo rate.
Row 59: SBI's return on equity is driven by the operating leverage resulting from its massive scale.
Row 60: Asset quality is identified as the main risk driver for SBI.
Row 61: SBI has lending exposure to the unsecured retail loan segment.
Row 62: SBI holds and operates under a universal banking license.
Row 63: State Bank of India is categorized among the 12 listed Public Sector Banks in the Indian Banking Sector.
Row 64: State Bank of India is subject to the regulatory oversight of the Reserve Bank of India, which governs its licensing, Basel III capital norms, and priority-sector-lending mandates.
Row 65: State Bank of India is regulated by the Securities and Exchange Board of India concerning listed-company disclosures, minimum public shareholding, and takeover codes.
Row 66: State Bank of India has historically maintained credit ratings assigned directly by Fitch Ratings.
Row 67: State Bank of India, India's largest bank by assets, maintains its headquarters in Mumbai.
Row 68: State Bank of India's headquarters is geographically located within the state of Maharashtra.
Row 69: State Bank of India operates as a universal bank, delivering a complete range of retail and corporate banking products.
Row 70: State Bank of India leverages a hybrid model that combines its extensive branch network with a prominent digital-first approach.
Row 71: SBI expects future growth to be driven by digital customer acquisition through the YONO platform.
Row 72: State Bank of India executes its digital-first strategy through its proprietary YONO platform.
Row 73: State Bank of India is affiliated with YES BANK LIMITED as an anchor investor and held a roughly 10% residual stake as of September 2025.
Row 74: HDFC Bank competes strongly against State Bank of India by continuously taking away retail and digital market share.
Row 75: ICICI Bank serves as a key competitor to State Bank of India, threatening its digital and retail market standing.
Row 76: The Government of India is the majority owner of State Bank of India, maintaining a 55.03% ownership stake.
Row 77: LIC holds an 8.70% ownership stake in State Bank of India.
Row 78: Mutual funds, alongside UTI, collectively hold a 13.57% stake in State Bank of India.
Row 79: UTI holds a stake in State Bank of India as part of a 13.57% combined holding with mutual funds.
Row 80: FIIs form part of an investor group, including NRIs and GDRs, holding a combined 12.49% stake in State Bank of India.
Row 81: NRIs hold a stake in State Bank of India, contributing to a combined 12.49% ownership alongside FIIs and GDRs.
Row 82: C S Setty holds the top executive role of Chairman at State Bank of India.","State Bank of India reported robust financial performance for the quarter ended June 2026, highlighted by total deposits reaching ₹60.06 trillion and an expanded domestic loan book of ₹42.76 trillion. The bank achieved a strong return on equity of 17.87% alongside a return on assets of 1.11%, supported by a healthy CASA ratio of 39.24% and disciplined asset quality metrics including a gross NPA of 1.47%.",Not relevant,"The assistant output discusses deposits, loans, return on equity, and asset quality, but completely fails to mention the capital adequacy ratio (CRAR) or the CET1 ratio requested by the user.",
What are State Bank of India's return on assets (ROA) and return on equity (ROE) for the latest quarter?,F_Simple,F_Simple,0.6404601230266839,simple_triplet,True,"[""State Bank of India"", ""return on assets"", ""return on equity""]","[{""entity"": ""State Bank of India"", ""matched_node_name"": ""State Bank of India"", ""matched_id"": ""17ecf55c-5c04-4d54-87fc-1485b9a7b134"", ""matched_type"": ""COMPANY"", ""similarity"": 1.0, ""source"": ""gazetteer""}, {""entity"": ""return on assets"", ""matched_node_name"": ""return on assets"", ""matched_id"": ""dd83a8a6-2dd2-4407-9d71-917240c66c55"", ""matched_type"": ""METRIC"", ""similarity"": 1.0, ""source"": ""gazetteer""}, {""entity"": ""return on equity"", ""matched_node_name"": ""return on equity"", ""matched_id"": ""4c4c7086-00d6-4850-9bcd-ae7c8e8479a8"", ""matched_type"": ""METRIC"", ""similarity"": 1.0, ""source"": ""gazetteer""}]",What are <COMPANY>'s <METRIC> (ROA) and <METRIC> (ROE) for the latest quarter?,"{""prop1"": null, ""nnp1"": ""17ecf55c-5c04-4d54-87fc-1485b9a7b134"", ""nn1"": ""COMPANY"", ""nnp2"": ""dd83a8a6-2dd2-4407-9d71-917240c66c55""}","{""nnp1"": ""17ecf55c-5c04-4d54-87fc-1485b9a7b134"", ""nnp2"": ""dd83a8a6-2dd2-4407-9d71-917240c66c55"", ""nnp3"": null, ""prop1"": null, ""nn1"": ""COMPANY"", ""nn2"": ""METRIC"", ""threshold"": null}",primary,1,"Template: simple_triplet (F_Simple)
Query intent: Simple question: subject linked to objects via a predicate.

Row 1: State Bank of India achieved a return on assets of 1.11% during the quarter ended June 2026.",State Bank of India recorded a return on assets of 1.11% for the quarter ending in June 2026.,Somewhat relevant,The assistant output provides the return on assets (ROA) for the specified quarter but fails to provide the return on equity (ROE) as requested by the user.,
What was State Bank of India's total advances (loan book) and deposit growth in the latest quarter?,F_Simple,F_Simple,0.5786835426932809,simple_triplet,True,"[""State Bank of India"", ""total advances"", ""deposit growth""]","[{""entity"": ""State Bank of India"", ""matched_node_name"": ""State Bank of India"", ""matched_id"": ""17ecf55c-5c04-4d54-87fc-1485b9a7b134"", ""matched_type"": ""COMPANY"", ""similarity"": 1.0, ""source"": ""gazetteer""}, {""entity"": ""total advances"", ""matched_node_name"": ""Total Advances"", ""matched_id"": ""96dbb53b-28f6-42c3-96e5-77dc48c86818"", ""matched_type"": ""METRIC"", ""similarity"": 1.0, ""source"": ""gazetteer""}, {""entity"": ""deposit growth"", ""matched_node_name"": ""deposit growth"", ""matched_id"": ""74d2ba68-dde6-485e-ad5d-c3483d1ec0d8"", ""matched_type"": ""METRIC"", ""similarity"": 1.0, ""source"": ""gazetteer""}]",What was <COMPANY>'s <METRIC> (loan book) and <METRIC> in the latest quarter?,"{""prop1"": null, ""nnp1"": ""17ecf55c-5c04-4d54-87fc-1485b9a7b134"", ""nn1"": ""COMPANY"", ""nnp2"": ""96dbb53b-28f6-42c3-96e5-77dc48c86818""}","{""nnp1"": ""17ecf55c-5c04-4d54-87fc-1485b9a7b134"", ""nnp2"": ""96dbb53b-28f6-42c3-96e5-77dc48c86818"", ""nnp3"": null, ""prop1"": null, ""nn1"": ""COMPANY"", ""nn2"": ""METRIC"", ""threshold"": null}",relaxed_direction,82,"Template: simple_triplet (F_Simple)
Query intent: Simple question: subject linked to objects via a predicate.

Row 1: State Bank of India extends home loans as part of its retail lending portfolio.
Row 2: State Bank of India maintains exposure to retail lending by offering auto loans.
Row 3: State Bank of India provides personal loans to its customer base.
Row 4: State Bank of India offers education loans within its suite of retail banking services.
Row 5: State Bank of India underwrites agricultural loans as part of its widespread lending offerings.
Row 6: State Bank of India has lending exposure to small and medium enterprises by offering MSME loans.
Row 7: State Bank of India offers credit cards to its customers as part of its retail product lineup.
Row 8: State Bank of India provides debit cards within its full range of retail banking products.
Row 9: State Bank of India delivers wealth management services to its customer base.
Row 10: State Bank of India offers trade finance services tailored to its corporate clients.
Row 11: State Bank of India provides comprehensive treasury services in the market.
Row 12: State Bank of India caters to its clients' foreign exchange requirements through its forex services.
Row 13: State Bank of India offers cash management services among its broad institutional offerings.
Row 14: State Bank of India provides robust investment banking services to its clients.
Row 15: State Bank of India executes its investment banking services through its subsidiary, SBI Caps.
Row 16: State Bank of India operates dedicated NRI banking services for expatriates.
Row 17: State Bank of India caters to a massive segment of retail mass-market customers.
Row 18: State Bank of India provides specialized banking services tailored for HNIs.
Row 19: State Bank of India serves Micro, Small, and Medium Enterprises (MSMEs) with extensive banking products.
Row 20: State Bank of India maintains a strong presence serving large corporates across sectors.
Row 21: State Bank of India serves government clients by managing diverse public financial needs.
Row 22: State Bank of India provides specialized banking solutions to major institutional clients.
Row 23: State Bank of India serves the diverse banking needs of the extensive NRI community.
Row 24: State Bank of India leverages a vast distribution channel comprising roughly 22,500 branches, the largest in India.
Row 25: State Bank of India operates approximately 65,000 ATMs across the country.
Row 26: State Bank of India reported a strong CASA ratio of 39.24% in the June 2026 quarter, providing a stable low-cost base.
Row 27: State Bank of India's total deposits reached ₹60.06 trillion, growing 9.73% year-on-year by Q1 FY27.
Row 28: State Bank of India expanded its domestic loan book to ₹42.76 trillion, an 18.15% year-on-year increase in the June 2026 quarter.
Row 29: State Bank of India's advances grew to ₹42.76 trillion by the end of Q1 FY27.
Row 30: State Bank of India generated a net interest income of ₹46,992 crore, up 14.88% year-on-year in the June 2026 quarter.
Row 31: State Bank of India utilizes Finacle technology to drive its core banking operations.
Row 32: State Bank of India depends on Finacle-based core banking technology for its backend financial operations.
Row 33: State Bank of India has invested strategically in AI-driven credit underwriting capabilities.
Row 34: State Bank of India's principal competitive advantage is defined by its unmatched branch, ATM and digital scale combined with sovereign backing.
Row 35: State Bank of India recorded a major financial strength by posting record profitability in the Q1 FY27 period.
Row 36: State Bank of India achieved its lowest non-performing-asset levels in more than two decades by the end of June 2026.
Row 37: State Bank of India reported a domestic net interest margin of 3.00% in Q1 FY27, trailing several private-bank peers.
Row 38: State Bank of India possesses a significant opportunity to use the massive YONO platform's scale for further cross-selling.
Row 39: State Bank of India faces significant credit risk through its large corporate loan book.
Row 40: State Bank of India maintains heavy exposure in the form of a large corporate loan book.
Row 41: State Bank of India is exposed to interest-rate risk stemming from its massive deposit base.
Row 42: State Bank of India experiences cyber risk due to the sheer scale of its digital user base.
Row 43: State Bank of India remains consistently exposed to ordinary regulatory risk.
Row 44: State Bank of India relies heavily on the ongoing regulatory support and oversight of the Ministry of Finance.
Row 45: State Bank of India achieved a return on assets of 1.11% during the quarter ended June 2026.
Row 46: State Bank of India reported a high return on equity of 17.87% for Q1 FY27.
Row 47: State Bank of India maintained a cost-to-income ratio of 46.71% in the June 2026 quarter.
Row 48: State Bank of India reported a gross NPA figure of 1.47% as of June 30, 2026.
Row 49: State Bank of India logged a net NPA ratio of 0.38% in the Q1 FY27 period.
Row 50: State Bank of India possessed a provision coverage ratio of 74.20% (91.82% when including technical write-offs) in the June 2026 quarter.
Row 51: State Bank of India recorded a capital adequacy ratio of 15.67% at the end of Q1 FY27.
Row 52: State Bank of India maintains a CET1 percentage that is stated to be comfortably above the regulatory minimum of 8.80%.
Row 53: State Bank of India's long-term issuer and deposit strength has historically been evaluated by Moody's.
Row 54: State Bank of India has historically sat in the Baa2/Baa3 long-term issuer and deposit rating range issued by Moody's.
Row 55: State Bank of India is a banking entity historically rated by the credit rating agency S&P.
Row 56: State Bank of India holds historical issuer and deposit ratings in the BBB- range from agencies such as S&P and Fitch.
Row 57: SBI's net interest margin is driven by its CASA mix.
Row 58: SBI's net interest margin is driven by the trajectory of the RBI repo rate.
Row 59: SBI's return on equity is driven by the operating leverage resulting from its massive scale.
Row 60: Asset quality is identified as the main risk driver for SBI.
Row 61: SBI has lending exposure to the unsecured retail loan segment.
Row 62: SBI holds and operates under a universal banking license.
Row 63: State Bank of India is categorized among the 12 listed Public Sector Banks in the Indian Banking Sector.
Row 64: State Bank of India is subject to the regulatory oversight of the Reserve Bank of India, which governs its licensing, Basel III capital norms, and priority-sector-lending mandates.
Row 65: State Bank of India is regulated by the Securities and Exchange Board of India concerning listed-company disclosures, minimum public shareholding, and takeover codes.
Row 66: State Bank of India has historically maintained credit ratings assigned directly by Fitch Ratings.
Row 67: State Bank of India, India's largest bank by assets, maintains its headquarters in Mumbai.
Row 68: State Bank of India's headquarters is geographically located within the state of Maharashtra.
Row 69: State Bank of India operates as a universal bank, delivering a complete range of retail and corporate banking products.
Row 70: State Bank of India leverages a hybrid model that combines its extensive branch network with a prominent digital-first approach.
Row 71: SBI expects future growth to be driven by digital customer acquisition through the YONO platform.
Row 72: State Bank of India executes its digital-first strategy through its proprietary YONO platform.
Row 73: State Bank of India is affiliated with YES BANK LIMITED as an anchor investor and held a roughly 10% residual stake as of September 2025.
Row 74: HDFC Bank competes strongly against State Bank of India by continuously taking away retail and digital market share.
Row 75: ICICI Bank serves as a key competitor to State Bank of India, threatening its digital and retail market standing.
Row 76: The Government of India is the majority owner of State Bank of India, maintaining a 55.03% ownership stake.
Row 77: LIC holds an 8.70% ownership stake in State Bank of India.
Row 78: Mutual funds, alongside UTI, collectively hold a 13.57% stake in State Bank of India.
Row 79: UTI holds a stake in State Bank of India as part of a 13.57% combined holding with mutual funds.
Row 80: FIIs form part of an investor group, including NRIs and GDRs, holding a combined 12.49% stake in State Bank of India.
Row 81: NRIs hold a stake in State Bank of India, contributing to a combined 12.49% ownership alongside FIIs and GDRs.
Row 82: C S Setty holds the top executive role of Chairman at State Bank of India.","State Bank of India reported strong financial results for the June 2026 quarter, highlighted by ₹60.06 trillion in total deposits, an expanded domestic loan book of ₹42.76 trillion, and record profitability driving a high return on equity of 17.87%. Backed by its massive physical and digital distribution network, the bank maintained robust asset quality with a gross non-performing asset ratio of 1.47% and a comfortable capital adequacy ratio of 15.67%.",Relevant,The assistant output directly and accurately addresses the user request by providing the exact figures for State Bank of India's total advances and deposit growth in the latest quarter.,
"What credit ratings has State Bank of India received, and from which rating agencies?",F_Simple,F_Simple,0.5428842858605917,simple_triplet,True,"[""State Bank of India""]","[{""entity"": ""State Bank of India"", ""matched_node_name"": ""State Bank of India"", ""matched_id"": ""17ecf55c-5c04-4d54-87fc-1485b9a7b134"", ""matched_type"": ""COMPANY"", ""similarity"": 1.0, ""source"": ""gazetteer""}]","What credit ratings has <COMPANY> received, and from which rating agencies?","{""prop1"": ""HAS_RATING"", ""nnp1"": ""17ecf55c-5c04-4d54-87fc-1485b9a7b134"", ""nn1"": ""COMPANY"", ""nnp2"": null}","{""nnp1"": ""17ecf55c-5c04-4d54-87fc-1485b9a7b134"", ""nnp2"": null, ""nnp3"": null, ""prop1"": ""HAS_RATING"", ""nn1"": ""COMPANY"", ""nn2"": null, ""threshold"": null}",primary,2,"Template: simple_triplet (F_Simple)
Query intent: Simple question: subject linked to objects via a predicate.

Row 1: State Bank of India holds historical issuer and deposit ratings in the BBB- range from agencies such as S&P and Fitch.
Row 2: State Bank of India has historically sat in the Baa2/Baa3 long-term issuer and deposit rating range issued by Moody's.","State Bank of India maintains historical long-term issuer and deposit ratings in the BBB- range from agencies like S&P and Fitch, alongside a historical Baa2 to Baa3 rating range issued by Moody's.",Relevant,The assistant output directly answers the user request by providing the specific credit ratings and the agencies that issued them for State Bank of India.,
"Roughly how many branches and ATMs does State Bank of India operate, and as of what date?",F_QuantCount,F_QuantCount,0.5789900185289873,quant_count,True,"[""ATMs"", ""State Bank of India""]","[{""entity"": ""ATMs"", ""matched_node_name"": ""ATMs"", ""matched_id"": ""1d9af7d1-80d1-4631-9a7a-7765335565d0"", ""matched_type"": ""DISTRIBUTIONCHANNEL"", ""similarity"": 1.0, ""source"": ""gazetteer""}, {""entity"": ""State Bank of India"", ""matched_node_name"": ""State Bank of India"", ""matched_id"": ""17ecf55c-5c04-4d54-87fc-1485b9a7b134"", ""matched_type"": ""COMPANY"", ""similarity"": 1.0, ""source"": ""gazetteer""}]","Roughly how many branches and <DISTRIBUTIONCHANNEL> does <COMPANY> operate, and as of what date?","{""prop1"": null, ""nnp1"": ""17ecf55c-5c04-4d54-87fc-1485b9a7b134"", ""nn2"": ""DISTRIBUTIONCHANNEL"", ""nn1"": ""COMPANY""}","{""nnp1"": ""17ecf55c-5c04-4d54-87fc-1485b9a7b134"", ""nnp2"": ""1d9af7d1-80d1-4631-9a7a-7765335565d0"", ""nnp3"": null, ""prop1"": null, ""nn1"": ""COMPANY"", ""nn2"": ""DISTRIBUTIONCHANNEL"", ""threshold"": null}",primary,1,"Template: quant_count (F_QuantCount)
Query intent: Count related objects for a subject entity.

Row 1: subject_name=State Bank of India | object_count=2 (2 facts)
  - State Bank of India leverages a vast distribution channel comprising roughly 22,500 branches, the largest in India.
  - State Bank of India operates approximately 65,000 ATMs across the country.","State Bank of India operates the largest distribution network in the country, consisting of roughly 22,500 branches. Additionally, the bank serves its customers through a nationwide infrastructure of approximately 65,000 automated teller machines.",Somewhat relevant,The output provides the approximate number of branches and ATMs but fails to state the date as requested by the user.,
"What products and services does State Bank of India offer, and which customer segments does it serve?",F_Simple,F_Simple,0.6085853750573809,simple_triplet,True,"[""State Bank of India""]","[{""entity"": ""State Bank of India"", ""matched_node_name"": ""State Bank of India"", ""matched_id"": ""17ecf55c-5c04-4d54-87fc-1485b9a7b134"", ""matched_type"": ""COMPANY"", ""similarity"": 1.0, ""source"": ""gazetteer""}]","What products and services does <COMPANY> offer, and which customer segments does it serve?","{""prop1"": ""OFFERS_PRODUCT"", ""nnp1"": ""17ecf55c-5c04-4d54-87fc-1485b9a7b134"", ""nn1"": ""COMPANY"", ""nnp2"": null}","{""nnp1"": ""17ecf55c-5c04-4d54-87fc-1485b9a7b134"", ""nnp2"": null, ""nnp3"": null, ""prop1"": ""OFFERS_PRODUCT"", ""nn1"": ""COMPANY"", ""nn2"": null, ""threshold"": null}",primary,2,"Template: simple_triplet (F_Simple)
Query intent: Simple question: subject linked to objects via a predicate.

Row 1: State Bank of India offers credit cards to its customers as part of its retail product lineup.
Row 2: State Bank of India provides debit cards within its full range of retail banking products.",State Bank of India includes both credit cards and debit cards in its retail banking product lineup for customers. These offerings form part of the institution's comprehensive retail financial services.,Somewhat relevant,"The output mentions retail banking products like credit and debit cards, but it only partially addresses the comprehensive list of products and services and completely omits the customer segments served.",
What is Bank of Baroda's ticker symbol and on which exchange(s) does it trade?,F_Simple,F_Simple,0.5660659596990265,simple_triplet,True,"[""Bank of Baroda""]","[{""entity"": ""Bank of Baroda"", ""matched_node_name"": ""Bank of Baroda"", ""matched_id"": ""553acb53-61f9-4600-a111-d1da0f3139d4"", ""matched_type"": ""COMPANY"", ""similarity"": 1.0, ""source"": ""gazetteer""}]",What is <COMPANY>'s ticker symbol and on which exchange(s) does it trade?,"{""prop1"": null, ""nnp1"": ""553acb53-61f9-4600-a111-d1da0f3139d4"", ""nn1"": ""COMPANY"", ""nnp2"": null}","{""nnp1"": ""553acb53-61f9-4600-a111-d1da0f3139d4"", ""nnp2"": null, ""nnp3"": null, ""prop1"": null, ""nn1"": ""COMPANY"", ""nn2"": null, ""threshold"": null}",primary,50,"Template: simple_triplet (F_Simple)
Query intent: Simple question: subject linked to objects via a predicate.

Row 1: Bank of Baroda's AT-1 bonds were reaffirmed with an AA+ Stable rating by ICRA.
Row 2: Bank of Baroda's ₹10,000 crore green infrastructure bond programme received an AAA rating from ICRA.
Row 3: Bank of Baroda utilizes AT-1 bonds as a funding source.
Row 4: Bank of Baroda serves as the parent entity for its BOBCARD subsidiary.
Row 5: Bank of Baroda relies on bulk deposits, which grew by 37.0% alongside certificates of deposit in Q1 FY27.
Row 6: Bank of Baroda's funding base includes low-cost CASA balances.
Row 7: Bank of Baroda's CASA ratio stood at 37.72% in Q1 FY27, down from 38.88% a year earlier.
Row 8: Bank of Baroda relies increasingly on CD funding as its CASA balances decline.
Row 9: Bank of Baroda reported a standalone CET1 ratio of 13.90% in Q1 FY27.
Row 10: Bank of Baroda funds itself using certificates of deposit, which grew by 37.0% alongside bulk deposits in Q1 FY27.
Row 11: Bank of Baroda's cost of deposits fell 39 basis points year-on-year to 4.66% in Q1 FY27.
Row 12: Debadatta Chand holds the role of MD & CEO at Bank of Baroda.
Row 13: Bank of Baroda's domestic deposits stood at ₹13,81,535 crore in Q1 FY27, up 14.7%.
Row 14: Bank of Baroda is exposed to funding risk stemming from CASA erosion.
Row 15: Bank of Baroda's global advances grew 17.4% year-on-year in Q1 FY27.
Row 16: Bank of Baroda's global deposits reached ₹16,33,559 crore in Q1 FY27, up 13.8%.
Row 17: Bank of Baroda expects growth to be driven by its global loan book.
Row 18: The Government of India maintains an ownership stake in Bank of Baroda.
Row 19: Bank of Baroda is funded in part by a ₹10,000 crore green infrastructure bond programme.
Row 20: Bank of Baroda is headquartered in the state of Gujarat.
Row 21: Bank of Baroda is rated by the credit rating agency ICRA.
Row 22: Bank of Baroda provides services to MSME customers.
Row 23: Bank of Baroda provides NRI banking services.
Row 24: Bank of Baroda serves NRI customers globally.
Row 25: Geographically, Bank of Baroda depends on Gulf and African NRI remittance corridors.
Row 26: Bank of Baroda's net interest margin in Q1 FY27 was 2.77% globally and 2.93% domestically.
Row 27: Bank of Baroda's reported net profit for Q1 FY27 fell 72% year-on-year to ₹1,278 crore due to a one-off legal settlement.
Row 28: Bank of Baroda is classified as a public sector bank.
Row 29: Bank of Baroda is exposed to regulatory and litigation risk.
Row 30: Bank of Baroda depends on regulatory oversight from the RBI.
Row 31: Bank of Baroda is regulated by the Reserve Bank of India.
Row 32: Bank of Baroda serves retail customers.
Row 33: Bank of Baroda is regulated by the Securities and Exchange Board of India.
Row 34: Bank of Baroda is funded by term deposits, which grew 17.8% in Q1 FY27.
Row 35: Bank of Baroda operates as a universal bank.
Row 36: Bank of Baroda is headquartered in Vadodara.
Row 37: Bank of Baroda showed a mild shift toward costlier wholesale funding in Q1 FY27.
Row 38: Bank of Baroda operates a joint-venture bank with 16 branches in Zambia.
Row 39: Bank of Baroda's standalone capital adequacy ratio was 16.30% in Q1 FY27.
Row 40: Bank of Baroda offers cash management services.
Row 41: Bank of Baroda faces exposure to ordinary credit risk.
Row 42: Bank of Baroda provides forex services.
Row 43: Bank of Baroda provides banking services to government customers.
Row 44: Bank of Baroda's gross NPA ratio was 1.99% in Q1 FY27, down 29 basis points year-on-year.
Row 45: Bank of Baroda caters to large-corporate customers.
Row 46: Bank of Baroda's net NPA stood at 0.50% in Q1 FY27.
Row 47: Bank of Baroda's net interest income was ₹12,524 crore in Q1 FY27, a 9.5% increase.
Row 48: Bank of Baroda reported a provision coverage ratio of 93.28% including technical write-offs in Q1 FY27.
Row 49: Bank of Baroda reported a Q1 FY27 return on assets of 0.25%, or 1.10% excluding a one-off hit.
Row 50: Bank of Baroda reported a Q1 FY27 return on equity of 3.89%, or 16.57% excluding a one-off item.","In Q1 FY27, Bank of Baroda reported a net profit of ₹1,278 crore—down 72% year-on-year due to a one-off legal settlement—alongside a CASA ratio of 37.72% and a global net interest margin of 2.77%. Despite deposit cost improvements and strong asset growth, the bank faces funding risks from CASA erosion and relies increasingly on wholesale funding, certificates of deposit, and bulk deposits which grew by 37.0%.",Not relevant,The assistant output discusses financial results and margins for Bank of Baroda but completely fails to provide its ticker symbol or the exchanges on which it trades.,
"Who is the current MD & CEO (or Chairman, where that is the top executive title) of Bank of Baroda?",F_Simple,F_Simple,0.6870087860052408,simple_triplet,True,"[""uti"", ""Bank of Baroda"", ""MD""]","[{""entity"": ""uti"", ""matched_node_name"": ""UTI"", ""matched_id"": ""fd4feaba-a9ac-4e43-9418-e90485ccc0ee"", ""matched_type"": ""SHAREHOLDER"", ""similarity"": 1.0, ""source"": ""gazetteer""}, {""entity"": ""Bank of Baroda"", ""matched_node_name"": ""Bank of Baroda"", ""matched_id"": ""553acb53-61f9-4600-a111-d1da0f3139d4"", ""matched_type"": ""COMPANY"", ""similarity"": 1.0, ""source"": ""gazetteer""}, {""entity"": ""MD"", ""matched_node_name"": ""Sydney"", ""matched_id"": ""6ce73991-b958-4fd6-a892-0d2f5d32b61b"", ""matched_type"": ""GEOGRAPHY"", ""similarity"": 0.6347882270812988, ""source"": ""semantic""}]","Who is the current <GEOGRAPHY> & CEO (or Chairman, where that is the top exec<SHAREHOLDER>ve title) of <COMPANY>?","{""prop1"": ""GovernanceRole"", ""nnp1"": ""553acb53-61f9-4600-a111-d1da0f3139d4"", ""nn1"": ""COMPANY"", ""nnp2"": ""6ce73991-b958-4fd6-a892-0d2f5d32b61b""}","{""nnp1"": ""553acb53-61f9-4600-a111-d1da0f3139d4"", ""nnp2"": ""6ce73991-b958-4fd6-a892-0d2f5d32b61b"", ""nnp3"": null, ""prop1"": ""GovernanceRole"", ""nn1"": ""COMPANY"", ""nn2"": ""GEOGRAPHY"", ""threshold"": null}",attribute_lookup,8,"Template: simple_triplet (F_Simple)
Query intent: Simple question: subject linked to objects via a predicate.

Row 1: Bank of Baroda's banking_segment is Public Sector Bank
Row 2: Bank of Baroda's country is India
Row 3: Bank of Baroda's description is Bank of Baroda, headquartered in Vadodara, Gujarat, is a universal bank and a Government of India-owned public sector bank present in 24 countries.
Row 4: Bank of Baroda's exchange is NSE, BSE
Row 5: Bank of Baroda's legal_name is Bank of Baroda
Row 6: Bank of Baroda's listed is True
Row 7: Bank of Baroda's sector is Banking
Row 8: Bank of Baroda's ticker is BANKBARODA","Bank of Baroda is a publicly listed universal bank and Government of India-owned public sector bank headquartered in Vadodara, Gujarat, operating within the banking sector across 24 countries. Its shares are traded on both the NSE and BSE under the ticker symbol BANKBARODA.",Not relevant,The assistant output provides general background information about Bank of Baroda but completely fails to answer the user's question regarding who the current MD & CEO or Chairman is.,
"What percentage of Bank of Baroda is held by its government promoter or largest shareholder, and as of what date?",F_LogUnion,F_LogUnion,0.6758920373727951,logical_union,True,"[""Bank of Baroda""]","[{""entity"": ""Bank of Baroda"", ""matched_node_name"": ""Bank of Baroda"", ""matched_id"": ""553acb53-61f9-4600-a111-d1da0f3139d4"", ""matched_type"": ""COMPANY"", ""similarity"": 1.0, ""source"": ""gazetteer""}]","What percentage of <COMPANY> is held by its government promoter or largest shareholder, and as of what date?","{""prop1"": ""REGULATED_BY"", ""nnp1"": ""553acb53-61f9-4600-a111-d1da0f3139d4"", ""nn1"": ""COMPANY"", ""nnp2"": null}","{""nnp1"": ""553acb53-61f9-4600-a111-d1da0f3139d4"", ""nnp2"": null, ""nnp3"": null, ""prop1"": ""REGULATED_BY"", ""nn1"": ""COMPANY"", ""nn2"": null, ""threshold"": null}",primary,50,"Template: logical_union (F_LogUnion)
Query intent: Union of two relationship patterns from the same subject.

Row 1: Bank of Baroda is regulated by the Reserve Bank of India.
Row 2: Bank of Baroda is regulated by the Securities and Exchange Board of India.
Row 3: Bank of Baroda's AT-1 bonds were reaffirmed with an AA+ Stable rating by ICRA.
Row 4: Bank of Baroda's ₹10,000 crore green infrastructure bond programme received an AAA rating from ICRA.
Row 5: Bank of Baroda utilizes AT-1 bonds as a funding source.
Row 6: Bank of Baroda serves as the parent entity for its BOBCARD subsidiary.
Row 7: Bank of Baroda relies on bulk deposits, which grew by 37.0% alongside certificates of deposit in Q1 FY27.
Row 8: Bank of Baroda's funding base includes low-cost CASA balances.
Row 9: Bank of Baroda's CASA ratio stood at 37.72% in Q1 FY27, down from 38.88% a year earlier.
Row 10: Bank of Baroda relies increasingly on CD funding as its CASA balances decline.
Row 11: Bank of Baroda reported a standalone CET1 ratio of 13.90% in Q1 FY27.
Row 12: Bank of Baroda funds itself using certificates of deposit, which grew by 37.0% alongside bulk deposits in Q1 FY27.
Row 13: Bank of Baroda's cost of deposits fell 39 basis points year-on-year to 4.66% in Q1 FY27.
Row 14: Debadatta Chand holds the role of MD & CEO at Bank of Baroda.
Row 15: Bank of Baroda's domestic deposits stood at ₹13,81,535 crore in Q1 FY27, up 14.7%.
Row 16: Bank of Baroda is exposed to funding risk stemming from CASA erosion.
Row 17: Bank of Baroda's global advances grew 17.4% year-on-year in Q1 FY27.
Row 18: Bank of Baroda's global deposits reached ₹16,33,559 crore in Q1 FY27, up 13.8%.
Row 19: Bank of Baroda expects growth to be driven by its global loan book.
Row 20: The Government of India maintains an ownership stake in Bank of Baroda.
Row 21: Bank of Baroda is funded in part by a ₹10,000 crore green infrastructure bond programme.
Row 22: Bank of Baroda is headquartered in the state of Gujarat.
Row 23: Bank of Baroda is rated by the credit rating agency ICRA.
Row 24: Bank of Baroda provides services to MSME customers.
Row 25: Bank of Baroda provides NRI banking services.
Row 26: Bank of Baroda serves NRI customers globally.
Row 27: Geographically, Bank of Baroda depends on Gulf and African NRI remittance corridors.
Row 28: Bank of Baroda's net interest margin in Q1 FY27 was 2.77% globally and 2.93% domestically.
Row 29: Bank of Baroda's reported net profit for Q1 FY27 fell 72% year-on-year to ₹1,278 crore due to a one-off legal settlement.
Row 30: Bank of Baroda is classified as a public sector bank.
Row 31: Bank of Baroda is exposed to regulatory and litigation risk.
Row 32: Bank of Baroda depends on regulatory oversight from the RBI.
Row 33: Bank of Baroda serves retail customers.
Row 34: Bank of Baroda is funded by term deposits, which grew 17.8% in Q1 FY27.
Row 35: Bank of Baroda operates as a universal bank.
Row 36: Bank of Baroda is headquartered in Vadodara.
Row 37: Bank of Baroda showed a mild shift toward costlier wholesale funding in Q1 FY27.
Row 38: Bank of Baroda operates a joint-venture bank with 16 branches in Zambia.
Row 39: Bank of Baroda's standalone capital adequacy ratio was 16.30% in Q1 FY27.
Row 40: Bank of Baroda offers cash management services.
Row 41: Bank of Baroda faces exposure to ordinary credit risk.
Row 42: Bank of Baroda provides forex services.
Row 43: Bank of Baroda provides banking services to government customers.
Row 44: Bank of Baroda's gross NPA ratio was 1.99% in Q1 FY27, down 29 basis points year-on-year.
Row 45: Bank of Baroda caters to large-corporate customers.
Row 46: Bank of Baroda's net NPA stood at 0.50% in Q1 FY27.
Row 47: Bank of Baroda's net interest income was ₹12,524 crore in Q1 FY27, a 9.5% increase.
Row 48: Bank of Baroda reported a provision coverage ratio of 93.28% including technical write-offs in Q1 FY27.
Row 49: Bank of Baroda reported a Q1 FY27 return on assets of 0.25%, or 1.10% excluding a one-off hit.
Row 50: Bank of Baroda reported a Q1 FY27 return on equity of 3.89%, or 16.57% excluding a one-off item.","In Q1 FY27, Bank of Baroda reported a 72% year-on-year drop in net profit to ₹1,278 crore due to a one-off legal settlement, alongside a CASA ratio of 37.72% that reflected a shift toward costlier wholesale funding. Despite these funding pressures and a decline in CASA balances, the bank achieved a 9.5% increase in net interest income to ₹12,524 crore and maintained a strong asset quality with a gross NPA ratio of 1.99%.",Not relevant,"The assistant output discusses net profit, CASA ratio, and net interest income, but completely fails to answer the question about government shareholding percentage and the corresponding date.",
What was Bank of Baroda's CASA ratio in the most recently reported quarter?,F_Simple,F_Simple,0.4957014209614541,simple_triplet,True,"[""Bank of Baroda"", ""CASA ratio""]","[{""entity"": ""Bank of Baroda"", ""matched_node_name"": ""Bank of Baroda"", ""matched_id"": ""553acb53-61f9-4600-a111-d1da0f3139d4"", ""matched_type"": ""COMPANY"", ""similarity"": 1.0, ""source"": ""gazetteer""}, {""entity"": ""CASA ratio"", ""matched_node_name"": ""CASA ratio"", ""matched_id"": ""f552ef12-cf71-4307-80e3-1eb10e256154"", ""matched_type"": ""METRIC"", ""similarity"": 1.0, ""source"": ""gazetteer""}]",What was <COMPANY>'s <METRIC> in the most recently reported quarter?,"{""prop1"": null, ""nnp1"": ""553acb53-61f9-4600-a111-d1da0f3139d4"", ""nn1"": ""COMPANY"", ""nnp2"": ""f552ef12-cf71-4307-80e3-1eb10e256154""}","{""nnp1"": ""553acb53-61f9-4600-a111-d1da0f3139d4"", ""nnp2"": ""f552ef12-cf71-4307-80e3-1eb10e256154"", ""nnp3"": null, ""prop1"": null, ""nn1"": ""COMPANY"", ""nn2"": ""METRIC"", ""threshold"": null}",primary,1,"Template: simple_triplet (F_Simple)
Query intent: Simple question: subject linked to objects via a predicate.

Row 1: Bank of Baroda's CASA ratio stood at 37.72% in Q1 FY27, down from 38.88% a year earlier.","Bank of Baroda reported a CASA ratio of 37.72% for the first quarter of fiscal year 2027, marking a decrease from the 38.88% recorded in the same period of the previous year.",Relevant,The assistant directly answers the user's question by providing Bank of Baroda's CASA ratio for the most recently reported quarter.,
What is Bank of Baroda's net interest margin (NIM) for the latest reported period?,F_Simple,F_Simple,0.4559410416941235,simple_triplet,True,"[""Bank of Baroda"", ""net interest margin""]","[{""entity"": ""Bank of Baroda"", ""matched_node_name"": ""Bank of Baroda"", ""matched_id"": ""553acb53-61f9-4600-a111-d1da0f3139d4"", ""matched_type"": ""COMPANY"", ""similarity"": 1.0, ""source"": ""gazetteer""}, {""entity"": ""net interest margin"", ""matched_node_name"": ""Net interest margin"", ""matched_id"": ""ce0a12ce-b581-4229-a6b2-4d53c46e9d9d"", ""matched_type"": ""METRIC"", ""similarity"": 1.0, ""source"": ""gazetteer""}]",What is <COMPANY>'s <METRIC> (NIM) for the latest reported period?,"{""prop1"": null, ""nnp1"": ""553acb53-61f9-4600-a111-d1da0f3139d4"", ""nn1"": ""COMPANY"", ""nnp2"": ""ce0a12ce-b581-4229-a6b2-4d53c46e9d9d""}","{""nnp1"": ""553acb53-61f9-4600-a111-d1da0f3139d4"", ""nnp2"": ""ce0a12ce-b581-4229-a6b2-4d53c46e9d9d"", ""nnp3"": null, ""prop1"": null, ""nn1"": ""COMPANY"", ""nn2"": ""METRIC"", ""threshold"": null}",primary,1,"Template: simple_triplet (F_Simple)
Query intent: Simple question: subject linked to objects via a predicate.

Row 1: Bank of Baroda's net interest margin in Q1 FY27 was 2.77% globally and 2.93% domestically.","In the first quarter of fiscal year 2027, Bank of Baroda recorded a net interest margin of 2.77% globally and 2.93% domestically.",Relevant,"The assistant output directly and accurately provides Bank of Baroda's net interest margin for the latest reported period, covering both global and domestic figures.",
What are Bank of Baroda's gross NPA and net NPA ratios?,F_Simple,F_Simple,0.5339957873182645,simple_triplet,True,"[""Bank of Baroda"", ""gross NPA"", ""net NPA""]","[{""entity"": ""Bank of Baroda"", ""matched_node_name"": ""Bank of Baroda"", ""matched_id"": ""553acb53-61f9-4600-a111-d1da0f3139d4"", ""matched_type"": ""COMPANY"", ""similarity"": 1.0, ""source"": ""gazetteer""}, {""entity"": ""gross NPA"", ""matched_node_name"": ""gross NPA"", ""matched_id"": ""00c1065d-13f6-42fc-be09-d1a8be6780cd"", ""matched_type"": ""METRIC"", ""similarity"": 1.0, ""source"": ""gazetteer""}, {""entity"": ""net NPA"", ""matched_node_name"": ""net NPA"", ""matched_id"": ""4539ed7c-a229-4073-a946-c4b6498648c7"", ""matched_type"": ""METRIC"", ""similarity"": 1.0, ""source"": ""gazetteer""}]",What are <COMPANY>'s <METRIC> and <METRIC> ratios?,"{""prop1"": null, ""nnp1"": ""553acb53-61f9-4600-a111-d1da0f3139d4"", ""nn1"": ""COMPANY"", ""nnp2"": ""00c1065d-13f6-42fc-be09-d1a8be6780cd""}","{""nnp1"": ""553acb53-61f9-4600-a111-d1da0f3139d4"", ""nnp2"": ""00c1065d-13f6-42fc-be09-d1a8be6780cd"", ""nnp3"": null, ""prop1"": null, ""nn1"": ""COMPANY"", ""nn2"": ""METRIC"", ""threshold"": null}",primary,1,"Template: simple_triplet (F_Simple)
Query intent: Simple question: subject linked to objects via a predicate.

Row 1: Bank of Baroda's gross NPA ratio was 1.99% in Q1 FY27, down 29 basis points year-on-year.","Bank of Baroda reported a gross NPA ratio of 1.99% in the first quarter of fiscal year 2027, which represents a 29 basis point decrease compared to the same period in the previous year. This improvement highlights the bank's continued progress in asset quality and risk reduction.",Somewhat relevant,The assistant provides the gross NPA ratio but fails to provide the net NPA ratio requested by the user.,
"What is Bank of Baroda's capital adequacy ratio (CRAR), and its CET1 ratio if disclosed?",F_Simple,F_Simple,0.5026933839121343,simple_triplet,True,"[""Bank of Baroda"", ""capital adequacy ratio"", ""CE""]","[{""entity"": ""Bank of Baroda"", ""matched_node_name"": ""Bank of Baroda"", ""matched_id"": ""553acb53-61f9-4600-a111-d1da0f3139d4"", ""matched_type"": ""COMPANY"", ""similarity"": 1.0, ""source"": ""gazetteer""}, {""entity"": ""capital adequacy ratio"", ""matched_node_name"": ""capital adequacy ratio"", ""matched_id"": ""a9e7103c-2a43-4d54-94d2-0f9178dbb42e"", ""matched_type"": ""METRIC"", ""similarity"": 1.0, ""source"": ""gazetteer""}, {""entity"": ""CE"", ""matched_node_name"": ""NSE"", ""matched_id"": ""f991983e-e758-47f5-acbf-1afe822e5f20"", ""matched_type"": ""COMPANY"", ""similarity"": 0.6484348893165588, ""source"": ""semantic""}]","What is <COMPANY>'s <METRIC> (CRAR), and its <COMPANY>T1 ratio if disclosed?","{""prop1"": null, ""nnp1"": ""553acb53-61f9-4600-a111-d1da0f3139d4"", ""nn1"": ""COMPANY"", ""nnp2"": ""f991983e-e758-47f5-acbf-1afe822e5f20""}","{""nnp1"": ""553acb53-61f9-4600-a111-d1da0f3139d4"", ""nnp2"": ""f991983e-e758-47f5-acbf-1afe822e5f20"", ""nnp3"": null, ""prop1"": null, ""nn1"": ""COMPANY"", ""nn2"": ""COMPANY"", ""threshold"": null}",relaxed_direction,53,"Template: simple_triplet (F_Simple)
Query intent: Simple question: subject linked to objects via a predicate.

Row 1: Bank of Baroda provides wealth management services.
Row 2: Bank of Baroda provides trade finance services.
Row 3: Bank of Baroda offers treasury services.
Row 4: Bank of Baroda provides forex services.
Row 5: Bank of Baroda offers cash management services.
Row 6: Bank of Baroda provides NRI banking services.
Row 7: Bank of Baroda provides services to MSME customers.
Row 8: Bank of Baroda caters to large-corporate customers.
Row 9: Bank of Baroda provides banking services to government customers.
Row 10: Bank of Baroda serves NRI customers globally.
Row 11: Bank of Baroda's CASA ratio stood at 37.72% in Q1 FY27, down from 38.88% a year earlier.
Row 12: Bank of Baroda's net interest income was ₹12,524 crore in Q1 FY27, a 9.5% increase.
Row 13: Bank of Baroda faces exposure to ordinary credit risk.
Row 14: Bank of Baroda reported a Q1 FY27 return on assets of 0.25%, or 1.10% excluding a one-off hit.
Row 15: Bank of Baroda reported a Q1 FY27 return on equity of 3.89%, or 16.57% excluding a one-off item.
Row 16: Bank of Baroda's gross NPA ratio was 1.99% in Q1 FY27, down 29 basis points year-on-year.
Row 17: Bank of Baroda's net NPA stood at 0.50% in Q1 FY27.
Row 18: Bank of Baroda reported a provision coverage ratio of 93.28% including technical write-offs in Q1 FY27.
Row 19: Bank of Baroda's standalone capital adequacy ratio was 16.30% in Q1 FY27.
Row 20: Bank of Baroda reported a standalone CET1 ratio of 13.90% in Q1 FY27.
Row 21: Bank of Baroda operates as a universal bank.
Row 22: Bank of Baroda's net interest margin in Q1 FY27 was 2.77% globally and 2.93% domestically.
Row 23: Bank of Baroda is headquartered in Vadodara.
Row 24: Bank of Baroda is headquartered in the state of Gujarat.
Row 25: Bank of Baroda serves as the parent entity for its BOBCARD subsidiary.
Row 26: Bank of Baroda serves retail customers.
Row 27: Bank of Baroda operates a joint-venture bank with 16 branches in Zambia.
Row 28: Bank of Baroda is funded by term deposits, which grew 17.8% in Q1 FY27.
Row 29: Bank of Baroda relies on bulk deposits, which grew by 37.0% alongside certificates of deposit in Q1 FY27.
Row 30: Bank of Baroda funds itself using certificates of deposit, which grew by 37.0% alongside bulk deposits in Q1 FY27.
Row 31: Bank of Baroda's funding base includes low-cost CASA balances.
Row 32: Bank of Baroda showed a mild shift toward costlier wholesale funding in Q1 FY27.
Row 33: Bank of Baroda's cost of deposits fell 39 basis points year-on-year to 4.66% in Q1 FY27.
Row 34: Bank of Baroda's global advances grew 17.4% year-on-year in Q1 FY27.
Row 35: Bank of Baroda's global deposits reached ₹16,33,559 crore in Q1 FY27, up 13.8%.
Row 36: Bank of Baroda's domestic deposits stood at ₹13,81,535 crore in Q1 FY27, up 14.7%.
Row 37: Bank of Baroda's reported net profit for Q1 FY27 fell 72% year-on-year to ₹1,278 crore due to a one-off legal settlement.
Row 38: Bank of Baroda's ₹10,000 crore green infrastructure bond programme received an AAA rating from ICRA.
Row 39: Bank of Baroda is funded in part by a ₹10,000 crore green infrastructure bond programme.
Row 40: Bank of Baroda relies increasingly on CD funding as its CASA balances decline.
Row 41: Bank of Baroda is exposed to regulatory and litigation risk.
Row 42: Bank of Baroda is exposed to funding risk stemming from CASA erosion.
Row 43: Geographically, Bank of Baroda depends on Gulf and African NRI remittance corridors.
Row 44: Bank of Baroda utilizes AT-1 bonds as a funding source.
Row 45: Bank of Baroda's AT-1 bonds were reaffirmed with an AA+ Stable rating by ICRA.
Row 46: Bank of Baroda expects growth to be driven by its global loan book.
Row 47: Bank of Baroda is classified as a public sector bank.
Row 48: Bank of Baroda depends on regulatory oversight from the RBI.
Row 49: Bank of Baroda is regulated by the Reserve Bank of India.
Row 50: Bank of Baroda is regulated by the Securities and Exchange Board of India.
Row 51: Bank of Baroda is rated by the credit rating agency ICRA.
Row 52: Debadatta Chand holds the role of MD & CEO at Bank of Baroda.
Row 53: The Government of India maintains an ownership stake in Bank of Baroda.","Bank of Baroda reported a 9.5% increase in net interest income to ₹12,524 crore in Q1 FY27, though its reported net profit fell 72% year-on-year to ₹1,278 crore due to a one-off legal settlement. During the same period, the bank experienced strong global advance growth of 17.4% alongside an improving asset quality profile, with the gross NPA ratio declining 29 basis points year-on-year to 1.99%.",Not relevant,"The assistant output discusses financial performance metrics like net interest income, net profit, and gross NPA, but completely fails to address Bank of Baroda's capital adequacy ratio (CRAR) or CET1 ratio.",
What are Bank of Baroda's return on assets (ROA) and return on equity (ROE) for the latest quarter?,F_Simple,F_Simple,0.6404601230266839,simple_triplet,True,"[""Bank of Baroda"", ""return on assets"", ""return on equity""]","[{""entity"": ""Bank of Baroda"", ""matched_node_name"": ""Bank of Baroda"", ""matched_id"": ""553acb53-61f9-4600-a111-d1da0f3139d4"", ""matched_type"": ""COMPANY"", ""similarity"": 1.0, ""source"": ""gazetteer""}, {""entity"": ""return on assets"", ""matched_node_name"": ""return on assets"", ""matched_id"": ""dd83a8a6-2dd2-4407-9d71-917240c66c55"", ""matched_type"": ""METRIC"", ""similarity"": 1.0, ""source"": ""gazetteer""}, {""entity"": ""return on equity"", ""matched_node_name"": ""return on equity"", ""matched_id"": ""4c4c7086-00d6-4850-9bcd-ae7c8e8479a8"", ""matched_type"": ""METRIC"", ""similarity"": 1.0, ""source"": ""gazetteer""}]",What are <COMPANY>'s <METRIC> (ROA) and <METRIC> (ROE) for the latest quarter?,"{""prop1"": null, ""nnp1"": ""553acb53-61f9-4600-a111-d1da0f3139d4"", ""nn1"": ""COMPANY"", ""nnp2"": ""dd83a8a6-2dd2-4407-9d71-917240c66c55""}","{""nnp1"": ""553acb53-61f9-4600-a111-d1da0f3139d4"", ""nnp2"": ""dd83a8a6-2dd2-4407-9d71-917240c66c55"", ""nnp3"": null, ""prop1"": null, ""nn1"": ""COMPANY"", ""nn2"": ""METRIC"", ""threshold"": null}",primary,1,"Template: simple_triplet (F_Simple)
Query intent: Simple question: subject linked to objects via a predicate.

Row 1: Bank of Baroda reported a Q1 FY27 return on assets of 0.25%, or 1.10% excluding a one-off hit.","Bank of Baroda reported a return on assets of 0.25% for the first quarter of fiscal year 2027, which increases to 1.10% when excluding a one-off hit.",Somewhat relevant,"The assistant output provides the return on assets (ROA) for the latest quarter, but it completely fails to provide the return on equity (ROE) requested by the user.",
What was Bank of Baroda's total advances (loan book) and deposit growth in the latest quarter?,F_Simple,F_Simple,0.5786835426932809,simple_triplet,True,"[""Bank of Baroda"", ""total advances"", ""deposit growth""]","[{""entity"": ""Bank of Baroda"", ""matched_node_name"": ""Bank of Baroda"", ""matched_id"": ""553acb53-61f9-4600-a111-d1da0f3139d4"", ""matched_type"": ""COMPANY"", ""similarity"": 1.0, ""source"": ""gazetteer""}, {""entity"": ""total advances"", ""matched_node_name"": ""Total Advances"", ""matched_id"": ""96dbb53b-28f6-42c3-96e5-77dc48c86818"", ""matched_type"": ""METRIC"", ""similarity"": 1.0, ""source"": ""gazetteer""}, {""entity"": ""deposit growth"", ""matched_node_name"": ""deposit growth"", ""matched_id"": ""74d2ba68-dde6-485e-ad5d-c3483d1ec0d8"", ""matched_type"": ""METRIC"", ""similarity"": 1.0, ""source"": ""gazetteer""}]",What was <COMPANY>'s <METRIC> (loan book) and <METRIC> in the latest quarter?,"{""prop1"": null, ""nnp1"": ""553acb53-61f9-4600-a111-d1da0f3139d4"", ""nn1"": ""COMPANY"", ""nnp2"": ""96dbb53b-28f6-42c3-96e5-77dc48c86818""}","{""nnp1"": ""553acb53-61f9-4600-a111-d1da0f3139d4"", ""nnp2"": ""96dbb53b-28f6-42c3-96e5-77dc48c86818"", ""nnp3"": null, ""prop1"": null, ""nn1"": ""COMPANY"", ""nn2"": ""METRIC"", ""threshold"": null}",relaxed_direction,53,"Template: simple_triplet (F_Simple)
Query intent: Simple question: subject linked to objects via a predicate.

Row 1: Bank of Baroda provides wealth management services.
Row 2: Bank of Baroda provides trade finance services.
Row 3: Bank of Baroda offers treasury services.
Row 4: Bank of Baroda provides forex services.
Row 5: Bank of Baroda offers cash management services.
Row 6: Bank of Baroda provides NRI banking services.
Row 7: Bank of Baroda provides services to MSME customers.
Row 8: Bank of Baroda caters to large-corporate customers.
Row 9: Bank of Baroda provides banking services to government customers.
Row 10: Bank of Baroda serves NRI customers globally.
Row 11: Bank of Baroda's CASA ratio stood at 37.72% in Q1 FY27, down from 38.88% a year earlier.
Row 12: Bank of Baroda's net interest income was ₹12,524 crore in Q1 FY27, a 9.5% increase.
Row 13: Bank of Baroda faces exposure to ordinary credit risk.
Row 14: Bank of Baroda reported a Q1 FY27 return on assets of 0.25%, or 1.10% excluding a one-off hit.
Row 15: Bank of Baroda reported a Q1 FY27 return on equity of 3.89%, or 16.57% excluding a one-off item.
Row 16: Bank of Baroda's gross NPA ratio was 1.99% in Q1 FY27, down 29 basis points year-on-year.
Row 17: Bank of Baroda's net NPA stood at 0.50% in Q1 FY27.
Row 18: Bank of Baroda reported a provision coverage ratio of 93.28% including technical write-offs in Q1 FY27.
Row 19: Bank of Baroda's standalone capital adequacy ratio was 16.30% in Q1 FY27.
Row 20: Bank of Baroda reported a standalone CET1 ratio of 13.90% in Q1 FY27.
Row 21: Bank of Baroda operates as a universal bank.
Row 22: Bank of Baroda's net interest margin in Q1 FY27 was 2.77% globally and 2.93% domestically.
Row 23: Bank of Baroda is headquartered in Vadodara.
Row 24: Bank of Baroda is headquartered in the state of Gujarat.
Row 25: Bank of Baroda serves as the parent entity for its BOBCARD subsidiary.
Row 26: Bank of Baroda serves retail customers.
Row 27: Bank of Baroda operates a joint-venture bank with 16 branches in Zambia.
Row 28: Bank of Baroda is funded by term deposits, which grew 17.8% in Q1 FY27.
Row 29: Bank of Baroda relies on bulk deposits, which grew by 37.0% alongside certificates of deposit in Q1 FY27.
Row 30: Bank of Baroda funds itself using certificates of deposit, which grew by 37.0% alongside bulk deposits in Q1 FY27.
Row 31: Bank of Baroda's funding base includes low-cost CASA balances.
Row 32: Bank of Baroda showed a mild shift toward costlier wholesale funding in Q1 FY27.
Row 33: Bank of Baroda's cost of deposits fell 39 basis points year-on-year to 4.66% in Q1 FY27.
Row 34: Bank of Baroda's global advances grew 17.4% year-on-year in Q1 FY27.
Row 35: Bank of Baroda's global deposits reached ₹16,33,559 crore in Q1 FY27, up 13.8%.
Row 36: Bank of Baroda's domestic deposits stood at ₹13,81,535 crore in Q1 FY27, up 14.7%.
Row 37: Bank of Baroda's reported net profit for Q1 FY27 fell 72% year-on-year to ₹1,278 crore due to a one-off legal settlement.
Row 38: Bank of Baroda's ₹10,000 crore green infrastructure bond programme received an AAA rating from ICRA.
Row 39: Bank of Baroda is funded in part by a ₹10,000 crore green infrastructure bond programme.
Row 40: Bank of Baroda relies increasingly on CD funding as its CASA balances decline.
Row 41: Bank of Baroda is exposed to regulatory and litigation risk.
Row 42: Bank of Baroda is exposed to funding risk stemming from CASA erosion.
Row 43: Geographically, Bank of Baroda depends on Gulf and African NRI remittance corridors.
Row 44: Bank of Baroda utilizes AT-1 bonds as a funding source.
Row 45: Bank of Baroda's AT-1 bonds were reaffirmed with an AA+ Stable rating by ICRA.
Row 46: Bank of Baroda expects growth to be driven by its global loan book.
Row 47: Bank of Baroda is classified as a public sector bank.
Row 48: Bank of Baroda depends on regulatory oversight from the RBI.
Row 49: Bank of Baroda is regulated by the Reserve Bank of India.
Row 50: Bank of Baroda is regulated by the Securities and Exchange Board of India.
Row 51: Bank of Baroda is rated by the credit rating agency ICRA.
Row 52: Debadatta Chand holds the role of MD & CEO at Bank of Baroda.
Row 53: The Government of India maintains an ownership stake in Bank of Baroda.","Bank of Baroda reported a 9.5% increase in net interest income to ₹12,524 crore in Q1 FY27, although its reported net profit fell 72% year-on-year to ₹1,278 crore due to a one-off legal settlement. During the same period, the bank experienced a decline in its CASA ratio to 37.72% alongside a shift toward costlier wholesale funding, while global advances grew by 17.4% and global deposits rose 13.8% to reach ₹16,33,559 crore.",Relevant,The assistant output directly answers the user request by providing the exact global advances and global deposit growth figures for the latest quarter.,
"What credit ratings has Bank of Baroda received, and from which rating agencies?",F_Simple,F_Simple,0.5428842858605917,simple_triplet,True,"[""Bank of Baroda""]","[{""entity"": ""Bank of Baroda"", ""matched_node_name"": ""Bank of Baroda"", ""matched_id"": ""553acb53-61f9-4600-a111-d1da0f3139d4"", ""matched_type"": ""COMPANY"", ""similarity"": 1.0, ""source"": ""gazetteer""}]","What credit ratings has <COMPANY> received, and from which rating agencies?","{""prop1"": ""HAS_RATING"", ""nnp1"": ""553acb53-61f9-4600-a111-d1da0f3139d4"", ""nn1"": ""COMPANY"", ""nnp2"": null}","{""nnp1"": ""553acb53-61f9-4600-a111-d1da0f3139d4"", ""nnp2"": null, ""nnp3"": null, ""prop1"": ""HAS_RATING"", ""nn1"": ""COMPANY"", ""nn2"": null, ""threshold"": null}",primary,2,"Template: simple_triplet (F_Simple)
Query intent: Simple question: subject linked to objects via a predicate.

Row 1: Bank of Baroda's AT-1 bonds were reaffirmed with an AA+ Stable rating by ICRA.
Row 2: Bank of Baroda's ₹10,000 crore green infrastructure bond programme received an AAA rating from ICRA.","ICRA reaffirmed Bank of Baroda's AT-1 bonds with an AA+ Stable rating, while assigning its ₹10,000 crore green infrastructure bond programme an AAA rating.",Somewhat relevant,"The assistant provides specific credit ratings from one agency (ICRA) for certain instruments, but it fails to provide a comprehensive overview of Bank of Baroda's overall credit ratings and lists of all rating agencies as requested.",
"Roughly how many branches and ATMs does Bank of Baroda operate, and as of what date?",F_QuantCount,F_QuantCount,0.5789900185289873,quant_count,True,"[""ATMs"", ""Bank of Baroda""]","[{""entity"": ""ATMs"", ""matched_node_name"": ""ATMs"", ""matched_id"": ""1d9af7d1-80d1-4631-9a7a-7765335565d0"", ""matched_type"": ""DISTRIBUTIONCHANNEL"", ""similarity"": 1.0, ""source"": ""gazetteer""}, {""entity"": ""Bank of Baroda"", ""matched_node_name"": ""Bank of Baroda"", ""matched_id"": ""553acb53-61f9-4600-a111-d1da0f3139d4"", ""matched_type"": ""COMPANY"", ""similarity"": 1.0, ""source"": ""gazetteer""}]","Roughly how many branches and <DISTRIBUTIONCHANNEL> does <COMPANY> operate, and as of what date?","{""prop1"": null, ""nnp1"": ""553acb53-61f9-4600-a111-d1da0f3139d4"", ""nn2"": ""DISTRIBUTIONCHANNEL"", ""nn1"": ""COMPANY""}","{""nnp1"": ""553acb53-61f9-4600-a111-d1da0f3139d4"", ""nnp2"": ""1d9af7d1-80d1-4631-9a7a-7765335565d0"", ""nnp3"": null, ""prop1"": null, ""nn1"": ""COMPANY"", ""nn2"": ""DISTRIBUTIONCHANNEL"", ""threshold"": null}",,0,,,Not relevant,No summary was produced for this query (empty assistant output).,
"What products and services does Bank of Baroda offer, and which customer segments does it serve?",F_Simple,F_Simple,0.6085853750573809,simple_triplet,True,"[""Bank of Baroda""]","[{""entity"": ""Bank of Baroda"", ""matched_node_name"": ""Bank of Baroda"", ""matched_id"": ""553acb53-61f9-4600-a111-d1da0f3139d4"", ""matched_type"": ""COMPANY"", ""similarity"": 1.0, ""source"": ""gazetteer""}]","What products and services does <COMPANY> offer, and which customer segments does it serve?","{""prop1"": ""OFFERS_PRODUCT"", ""nnp1"": ""553acb53-61f9-4600-a111-d1da0f3139d4"", ""nn1"": ""COMPANY"", ""nnp2"": null}","{""nnp1"": ""553acb53-61f9-4600-a111-d1da0f3139d4"", ""nnp2"": null, ""nnp3"": null, ""prop1"": ""OFFERS_PRODUCT"", ""nn1"": ""COMPANY"", ""nn2"": null, ""threshold"": null}",attribute_lookup,8,"Template: simple_triplet (F_Simple)
Query intent: Simple question: subject linked to objects via a predicate.

Row 1: Bank of Baroda's banking_segment is Public Sector Bank
Row 2: Bank of Baroda's country is India
Row 3: Bank of Baroda's description is Bank of Baroda, headquartered in Vadodara, Gujarat, is a universal bank and a Government of India-owned public sector bank present in 24 countries.
Row 4: Bank of Baroda's exchange is NSE, BSE
Row 5: Bank of Baroda's legal_name is Bank of Baroda
Row 6: Bank of Baroda's listed is True
Row 7: Bank of Baroda's sector is Banking
Row 8: Bank of Baroda's ticker is BANKBARODA","Headquartered in Vadodara, Gujarat, Bank of Baroda is a publicly listed universal bank and Government of India-owned public sector bank operating within the banking sector. The institution maintains a global presence across 24 countries and trades publicly on both the NSE and BSE exchanges under the ticker BANKBARODA.",Not relevant,The assistant output provides general background information about Bank of Baroda but completely fails to answer the user's questions regarding its products and services or the customer segments it serves.,
What is Punjab National Bank's ticker symbol and on which exchange(s) does it trade?,F_Simple,F_Simple,0.5660659596990265,simple_triplet,True,"[""Punjab National Bank""]","[{""entity"": ""Punjab National Bank"", ""matched_node_name"": ""Punjab National Bank"", ""matched_id"": ""121884d5-3ddd-4607-803a-870c4bf83a1b"", ""matched_type"": ""COMPANY"", ""similarity"": 1.0, ""source"": ""gazetteer""}]",What is <COMPANY>'s ticker symbol and on which exchange(s) does it trade?,"{""prop1"": null, ""nnp1"": ""121884d5-3ddd-4607-803a-870c4bf83a1b"", ""nn1"": ""COMPANY"", ""nnp2"": null}","{""nnp1"": ""121884d5-3ddd-4607-803a-870c4bf83a1b"", ""nnp2"": null, ""nnp3"": null, ""prop1"": null, ""nn1"": ""COMPANY"", ""nn2"": null, ""threshold"": null}",primary,11,"Template: simple_triplet (F_Simple)
Query intent: Simple question: subject linked to objects via a predicate.

Row 1: Ashok Chandra serves as the MD & CEO of Punjab National Bank.
Row 2: Punjab National Bank is headquartered in Dwarka.
Row 3: FIIs hold a shared 6.59% ownership stake in Punjab National Bank alongside NRIs and OCBs.
Row 4: The Government of India owns a 70.08% stake in Punjab National Bank.
Row 5: K G Ananthakrishnan leads Punjab National Bank as its non-executive chairman.
Row 6: LIC holds an unspecified ownership stake in Punjab National Bank.
Row 7: NRIs possess an ownership stake in Punjab National Bank as part of a combined 6.59% holding.
Row 8: Punjab National Bank is headquartered in New Delhi.
Row 9: OCBs have an ownership stake in Punjab National Bank.
Row 10: Punjab National Bank is an operational universal bank.
Row 11: Mutual funds hold a 6.53% ownership stake in Punjab National Bank.","Punjab National Bank is an operational universal bank headquartered in New Delhi and Dwarka, led by Non-Executive Chairman K G Ananthakrishnan and MD & CEO Ashok Chandra. The institution is majority-owned by the Government of India with a 70.08% stake, alongside holdings of 6.59% by FIIs, NRIs, and OCBs combined, 6.53% by mutual funds, and an unspecified stake held by LIC.",Not relevant,"The assistant output completely fails to provide Punjab National Bank's ticker symbol and trading exchanges, instead providing information about its headquarters, leadership, and ownership.",
"Who is the current MD & CEO (or Chairman, where that is the top executive title) of Punjab National Bank?",F_Simple,F_Simple,0.6870087860052408,simple_triplet,True,"[""uti"", ""Punjab National Bank""]","[{""entity"": ""uti"", ""matched_node_name"": ""UTI"", ""matched_id"": ""fd4feaba-a9ac-4e43-9418-e90485ccc0ee"", ""matched_type"": ""SHAREHOLDER"", ""similarity"": 1.0, ""source"": ""gazetteer""}, {""entity"": ""Punjab National Bank"", ""matched_node_name"": ""Punjab National Bank"", ""matched_id"": ""121884d5-3ddd-4607-803a-870c4bf83a1b"", ""matched_type"": ""COMPANY"", ""similarity"": 1.0, ""source"": ""gazetteer""}]","Who is the current MD & CEO (or Chairman, where that is the top exec<SHAREHOLDER>ve title) of <COMPANY>?","{""prop1"": ""GovernanceRole"", ""nnp1"": ""121884d5-3ddd-4607-803a-870c4bf83a1b"", ""nn1"": ""COMPANY"", ""nnp2"": ""fd4feaba-a9ac-4e43-9418-e90485ccc0ee""}","{""nnp1"": ""121884d5-3ddd-4607-803a-870c4bf83a1b"", ""nnp2"": ""fd4feaba-a9ac-4e43-9418-e90485ccc0ee"", ""nnp3"": null, ""prop1"": ""GovernanceRole"", ""nn1"": ""COMPANY"", ""nn2"": ""SHAREHOLDER"", ""threshold"": null}",attribute_lookup,9,"Template: simple_triplet (F_Simple)
Query intent: Simple question: subject linked to objects via a predicate.

Row 1: Punjab National Bank's banking_segment is Public Sector Bank
Row 2: Punjab National Bank's country is India
Row 3: Punjab National Bank's description is Punjab National Bank, headquartered in Dwarka, New Delhi, is a Government of India-owned universal bank.
Row 4: Punjab National Bank's exchange is NSE and BSE
Row 5: Punjab National Bank's industry is Banking
Row 6: Punjab National Bank's legal_name is Punjab National Bank
Row 7: Punjab National Bank's listed is True
Row 8: Punjab National Bank's sector is Banking
Row 9: Punjab National Bank's ticker is PNB","Punjab National Bank is a publicly listed universal bank headquartered in New Delhi, India, operating within the banking sector under the ticker PNB on both the NSE and BSE exchanges. As a Government of India-owned public sector bank, it is legally recognized as Punjab National Bank.",Not relevant,The assistant output provides general information about Punjab National Bank but fails to answer the user's specific question regarding the identity of its current MD & CEO or Chairman.,
"What percentage of Punjab National Bank is held by its government promoter or largest shareholder, and as of what date?",F_LogUnion,F_LogUnion,0.6758920373727951,logical_union,True,"[""Punjab National Bank""]","[{""entity"": ""Punjab National Bank"", ""matched_node_name"": ""Punjab National Bank"", ""matched_id"": ""121884d5-3ddd-4607-803a-870c4bf83a1b"", ""matched_type"": ""COMPANY"", ""similarity"": 1.0, ""source"": ""gazetteer""}]","What percentage of <COMPANY> is held by its government promoter or largest shareholder, and as of what date?","{""prop1"": ""REGULATED_BY"", ""nnp1"": ""121884d5-3ddd-4607-803a-870c4bf83a1b"", ""nn1"": ""COMPANY"", ""nnp2"": null}","{""nnp1"": ""121884d5-3ddd-4607-803a-870c4bf83a1b"", ""nnp2"": null, ""nnp3"": null, ""prop1"": ""REGULATED_BY"", ""nn1"": ""COMPANY"", ""nn2"": null, ""threshold"": null}",primary,11,"Template: logical_union (F_LogUnion)
Query intent: Union of two relationship patterns from the same subject.

Row 1: Ashok Chandra serves as the MD & CEO of Punjab National Bank.
Row 2: Punjab National Bank is headquartered in Dwarka.
Row 3: FIIs hold a shared 6.59% ownership stake in Punjab National Bank alongside NRIs and OCBs.
Row 4: The Government of India owns a 70.08% stake in Punjab National Bank.
Row 5: K G Ananthakrishnan leads Punjab National Bank as its non-executive chairman.
Row 6: LIC holds an unspecified ownership stake in Punjab National Bank.
Row 7: NRIs possess an ownership stake in Punjab National Bank as part of a combined 6.59% holding.
Row 8: Punjab National Bank is headquartered in New Delhi.
Row 9: OCBs have an ownership stake in Punjab National Bank.
Row 10: Punjab National Bank is an operational universal bank.
Row 11: Mutual funds hold a 6.53% ownership stake in Punjab National Bank.","Punjab National Bank is an operational universal bank headquartered in New Delhi and Dwarka, led by Non-Executive Chairman K G Ananthakrishnan and MD & CEO Ashok Chandra. The bank's ownership is anchored by the Government of India with a 70.08% stake, alongside holdings from mutual funds at 6.53%, a shared 6.59% stake among FIIs, NRIs, and OCBs, and an unspecified stake held by LIC.",Somewhat relevant,The output provides the percentage of the bank held by the government promoter but fails to specify the exact date as requested by the user.,
What was Punjab National Bank's CASA ratio in the most recently reported quarter?,F_Simple,F_Simple,0.4957014209614541,simple_triplet,True,"[""Punjab National Bank"", ""CASA ratio""]","[{""entity"": ""Punjab National Bank"", ""matched_node_name"": ""Punjab National Bank"", ""matched_id"": ""121884d5-3ddd-4607-803a-870c4bf83a1b"", ""matched_type"": ""COMPANY"", ""similarity"": 1.0, ""source"": ""gazetteer""}, {""entity"": ""CASA ratio"", ""matched_node_name"": ""CASA ratio"", ""matched_id"": ""f552ef12-cf71-4307-80e3-1eb10e256154"", ""matched_type"": ""METRIC"", ""similarity"": 1.0, ""source"": ""gazetteer""}]",What was <COMPANY>'s <METRIC> in the most recently reported quarter?,"{""prop1"": null, ""nnp1"": ""121884d5-3ddd-4607-803a-870c4bf83a1b"", ""nn1"": ""COMPANY"", ""nnp2"": ""f552ef12-cf71-4307-80e3-1eb10e256154""}","{""nnp1"": ""121884d5-3ddd-4607-803a-870c4bf83a1b"", ""nnp2"": ""f552ef12-cf71-4307-80e3-1eb10e256154"", ""nnp3"": null, ""prop1"": null, ""nn1"": ""COMPANY"", ""nn2"": ""METRIC"", ""threshold"": null}",relaxed_direction,11,"Template: simple_triplet (F_Simple)
Query intent: Simple question: subject linked to objects via a predicate.

Row 1: Punjab National Bank is an operational universal bank.
Row 2: Punjab National Bank is headquartered in Dwarka.
Row 3: Punjab National Bank is headquartered in New Delhi.
Row 4: K G Ananthakrishnan leads Punjab National Bank as its non-executive chairman.
Row 5: Ashok Chandra serves as the MD & CEO of Punjab National Bank.
Row 6: OCBs have an ownership stake in Punjab National Bank.
Row 7: The Government of India owns a 70.08% stake in Punjab National Bank.
Row 8: LIC holds an unspecified ownership stake in Punjab National Bank.
Row 9: Mutual funds hold a 6.53% ownership stake in Punjab National Bank.
Row 10: FIIs hold a shared 6.59% ownership stake in Punjab National Bank alongside NRIs and OCBs.
Row 11: NRIs possess an ownership stake in Punjab National Bank as part of a combined 6.59% holding.","Punjab National Bank is an operational universal bank headquartered in New Delhi and Dwarka, led by Non-Executive Chairman K G Ananthakrishnan and MD & CEO Ashok Chandra. The institution is majority-owned by the Government of India with a 70.08% stake, while mutual funds hold 6.53%, foreign institutional investors, non-resident Indians, and overseas corporate bodies share a 6.59% stake, and Life Insurance Corporation holds an unspecified ownership share.",Not relevant,The assistant output provides general background information about Punjab National Bank but fails to address the specific question regarding the CASA ratio in the most recently reported quarter.,
What is Punjab National Bank's net interest margin (NIM) for the latest reported period?,F_Simple,F_Simple,0.4559410416941235,simple_triplet,True,"[""Punjab National Bank"", ""net interest margin""]","[{""entity"": ""Punjab National Bank"", ""matched_node_name"": ""Punjab National Bank"", ""matched_id"": ""121884d5-3ddd-4607-803a-870c4bf83a1b"", ""matched_type"": ""COMPANY"", ""similarity"": 1.0, ""source"": ""gazetteer""}, {""entity"": ""net interest margin"", ""matched_node_name"": ""Net interest margin"", ""matched_id"": ""ce0a12ce-b581-4229-a6b2-4d53c46e9d9d"", ""matched_type"": ""METRIC"", ""similarity"": 1.0, ""source"": ""gazetteer""}]",What is <COMPANY>'s <METRIC> (NIM) for the latest reported period?,"{""prop1"": null, ""nnp1"": ""121884d5-3ddd-4607-803a-870c4bf83a1b"", ""nn1"": ""COMPANY"", ""nnp2"": ""ce0a12ce-b581-4229-a6b2-4d53c46e9d9d""}","{""nnp1"": ""121884d5-3ddd-4607-803a-870c4bf83a1b"", ""nnp2"": ""ce0a12ce-b581-4229-a6b2-4d53c46e9d9d"", ""nnp3"": null, ""prop1"": null, ""nn1"": ""COMPANY"", ""nn2"": ""METRIC"", ""threshold"": null}",relaxed_direction,11,"Template: simple_triplet (F_Simple)
Query intent: Simple question: subject linked to objects via a predicate.

Row 1: Punjab National Bank is an operational universal bank.
Row 2: Punjab National Bank is headquartered in Dwarka.
Row 3: Punjab National Bank is headquartered in New Delhi.
Row 4: K G Ananthakrishnan leads Punjab National Bank as its non-executive chairman.
Row 5: Ashok Chandra serves as the MD & CEO of Punjab National Bank.
Row 6: OCBs have an ownership stake in Punjab National Bank.
Row 7: The Government of India owns a 70.08% stake in Punjab National Bank.
Row 8: LIC holds an unspecified ownership stake in Punjab National Bank.
Row 9: Mutual funds hold a 6.53% ownership stake in Punjab National Bank.
Row 10: FIIs hold a shared 6.59% ownership stake in Punjab National Bank alongside NRIs and OCBs.
Row 11: NRIs possess an ownership stake in Punjab National Bank as part of a combined 6.59% holding.","Punjab National Bank is an operational universal bank headquartered in New Delhi and Dwarka, led by Non-Executive Chairman K G Ananthakrishnan and MD & CEO Ashok Chandra. The institution is majority-owned by the Government of India with a 70.08% stake, alongside holdings from mutual funds at 6.53%, a shared 6.59% stake among FIIs, NRIs, and OCBs, and additional unspecified stakes held by LIC.",Not relevant,"The assistant output provides general information about Punjab National Bank's leadership and ownership structure, completely failing to address the user's request for the net interest margin (NIM).",
What are Punjab National Bank's gross NPA and net NPA ratios?,F_Simple,F_Simple,0.5339957873182645,simple_triplet,True,"[""Punjab National Bank"", ""gross NPA"", ""net NPA""]","[{""entity"": ""Punjab National Bank"", ""matched_node_name"": ""Punjab National Bank"", ""matched_id"": ""121884d5-3ddd-4607-803a-870c4bf83a1b"", ""matched_type"": ""COMPANY"", ""similarity"": 1.0, ""source"": ""gazetteer""}, {""entity"": ""gross NPA"", ""matched_node_name"": ""gross NPA"", ""matched_id"": ""00c1065d-13f6-42fc-be09-d1a8be6780cd"", ""matched_type"": ""METRIC"", ""similarity"": 1.0, ""source"": ""gazetteer""}, {""entity"": ""net NPA"", ""matched_node_name"": ""net NPA"", ""matched_id"": ""4539ed7c-a229-4073-a946-c4b6498648c7"", ""matched_type"": ""METRIC"", ""similarity"": 1.0, ""source"": ""gazetteer""}]",What are <COMPANY>'s <METRIC> and <METRIC> ratios?,"{""prop1"": null, ""nnp1"": ""121884d5-3ddd-4607-803a-870c4bf83a1b"", ""nn1"": ""COMPANY"", ""nnp2"": ""00c1065d-13f6-42fc-be09-d1a8be6780cd""}","{""nnp1"": ""121884d5-3ddd-4607-803a-870c4bf83a1b"", ""nnp2"": ""00c1065d-13f6-42fc-be09-d1a8be6780cd"", ""nnp3"": null, ""prop1"": null, ""nn1"": ""COMPANY"", ""nn2"": ""METRIC"", ""threshold"": null}",relaxed_direction,11,"Template: simple_triplet (F_Simple)
Query intent: Simple question: subject linked to objects via a predicate.

Row 1: Punjab National Bank is an operational universal bank.
Row 2: Punjab National Bank is headquartered in Dwarka.
Row 3: Punjab National Bank is headquartered in New Delhi.
Row 4: K G Ananthakrishnan leads Punjab National Bank as its non-executive chairman.
Row 5: Ashok Chandra serves as the MD & CEO of Punjab National Bank.
Row 6: OCBs have an ownership stake in Punjab National Bank.
Row 7: The Government of India owns a 70.08% stake in Punjab National Bank.
Row 8: LIC holds an unspecified ownership stake in Punjab National Bank.
Row 9: Mutual funds hold a 6.53% ownership stake in Punjab National Bank.
Row 10: FIIs hold a shared 6.59% ownership stake in Punjab National Bank alongside NRIs and OCBs.
Row 11: NRIs possess an ownership stake in Punjab National Bank as part of a combined 6.59% holding.","Punjab National Bank is an operational universal bank headquartered in New Delhi and Dwarka, led by Non-Executive Chairman K G Ananthakrishnan and MD & CEO Ashok Chandra. The institution is majority-owned by the Government of India with a 70.08% stake, alongside holdings from mutual funds at 6.53%, a shared 6.59% stake among FIIs, NRIs, and OCBs, and additional unspecified stakes held by LIC.",Not relevant,The assistant output provides general corporate and ownership details about Punjab National Bank but completely fails to answer the user's specific question regarding its gross NPA and net NPA ratios.,
"What is Punjab National Bank's capital adequacy ratio (CRAR), and its CET1 ratio if disclosed?",F_Simple,F_Simple,0.5026933839121343,simple_triplet,True,"[""Punjab National Bank"", ""capital adequacy ratio"", ""CE""]","[{""entity"": ""Punjab National Bank"", ""matched_node_name"": ""Punjab National Bank"", ""matched_id"": ""121884d5-3ddd-4607-803a-870c4bf83a1b"", ""matched_type"": ""COMPANY"", ""similarity"": 1.0, ""source"": ""gazetteer""}, {""entity"": ""capital adequacy ratio"", ""matched_node_name"": ""capital adequacy ratio"", ""matched_id"": ""a9e7103c-2a43-4d54-94d2-0f9178dbb42e"", ""matched_type"": ""METRIC"", ""similarity"": 1.0, ""source"": ""gazetteer""}, {""entity"": ""CE"", ""matched_node_name"": ""NSE"", ""matched_id"": ""f991983e-e758-47f5-acbf-1afe822e5f20"", ""matched_type"": ""COMPANY"", ""similarity"": 0.6484348893165588, ""source"": ""semantic""}]","What is <COMPANY>'s <METRIC> (CRAR), and its <COMPANY>T1 ratio if disclosed?","{""prop1"": null, ""nnp1"": ""121884d5-3ddd-4607-803a-870c4bf83a1b"", ""nn1"": ""COMPANY"", ""nnp2"": ""f991983e-e758-47f5-acbf-1afe822e5f20""}","{""nnp1"": ""121884d5-3ddd-4607-803a-870c4bf83a1b"", ""nnp2"": ""f991983e-e758-47f5-acbf-1afe822e5f20"", ""nnp3"": null, ""prop1"": null, ""nn1"": ""COMPANY"", ""nn2"": ""COMPANY"", ""threshold"": null}",relaxed_direction,11,"Template: simple_triplet (F_Simple)
Query intent: Simple question: subject linked to objects via a predicate.

Row 1: Punjab National Bank is an operational universal bank.
Row 2: Punjab National Bank is headquartered in Dwarka.
Row 3: Punjab National Bank is headquartered in New Delhi.
Row 4: K G Ananthakrishnan leads Punjab National Bank as its non-executive chairman.
Row 5: Ashok Chandra serves as the MD & CEO of Punjab National Bank.
Row 6: OCBs have an ownership stake in Punjab National Bank.
Row 7: The Government of India owns a 70.08% stake in Punjab National Bank.
Row 8: LIC holds an unspecified ownership stake in Punjab National Bank.
Row 9: Mutual funds hold a 6.53% ownership stake in Punjab National Bank.
Row 10: FIIs hold a shared 6.59% ownership stake in Punjab National Bank alongside NRIs and OCBs.
Row 11: NRIs possess an ownership stake in Punjab National Bank as part of a combined 6.59% holding.","Punjab National Bank is an operational universal bank headquartered in New Delhi and Dwarka, led by Non-Executive Chairman K G Ananthakrishnan and MD & CEO Ashok Chandra. The institution is majority-owned by the Government of India with a 70.08% stake, alongside holdings from mutual funds at 6.53%, a shared 6.59% stake among FIIs, NRIs, and OCBs, and an unspecified stake held by LIC.",Not relevant,"The assistant output provides information about the bank's headquarters, leadership, and ownership stake, but completely fails to mention the requested capital adequacy ratio (CRAR) or CET1 ratio.",
What are Punjab National Bank's return on assets (ROA) and return on equity (ROE) for the latest quarter?,F_Simple,F_Simple,0.6404601230266839,simple_triplet,True,"[""Punjab National Bank"", ""return on assets"", ""return on equity""]","[{""entity"": ""Punjab National Bank"", ""matched_node_name"": ""Punjab National Bank"", ""matched_id"": ""121884d5-3ddd-4607-803a-870c4bf83a1b"", ""matched_type"": ""COMPANY"", ""similarity"": 1.0, ""source"": ""gazetteer""}, {""entity"": ""return on assets"", ""matched_node_name"": ""return on assets"", ""matched_id"": ""dd83a8a6-2dd2-4407-9d71-917240c66c55"", ""matched_type"": ""METRIC"", ""similarity"": 1.0, ""source"": ""gazetteer""}, {""entity"": ""return on equity"", ""matched_node_name"": ""return on equity"", ""matched_id"": ""4c4c7086-00d6-4850-9bcd-ae7c8e8479a8"", ""matched_type"": ""METRIC"", ""similarity"": 1.0, ""source"": ""gazetteer""}]",What are <COMPANY>'s <METRIC> (ROA) and <METRIC> (ROE) for the latest quarter?,"{""prop1"": null, ""nnp1"": ""121884d5-3ddd-4607-803a-870c4bf83a1b"", ""nn1"": ""COMPANY"", ""nnp2"": ""dd83a8a6-2dd2-4407-9d71-917240c66c55""}","{""nnp1"": ""121884d5-3ddd-4607-803a-870c4bf83a1b"", ""nnp2"": ""dd83a8a6-2dd2-4407-9d71-917240c66c55"", ""nnp3"": null, ""prop1"": null, ""nn1"": ""COMPANY"", ""nn2"": ""METRIC"", ""threshold"": null}",relaxed_direction,11,"Template: simple_triplet (F_Simple)
Query intent: Simple question: subject linked to objects via a predicate.

Row 1: Punjab National Bank is an operational universal bank.
Row 2: Punjab National Bank is headquartered in Dwarka.
Row 3: Punjab National Bank is headquartered in New Delhi.
Row 4: K G Ananthakrishnan leads Punjab National Bank as its non-executive chairman.
Row 5: Ashok Chandra serves as the MD & CEO of Punjab National Bank.
Row 6: OCBs have an ownership stake in Punjab National Bank.
Row 7: The Government of India owns a 70.08% stake in Punjab National Bank.
Row 8: LIC holds an unspecified ownership stake in Punjab National Bank.
Row 9: Mutual funds hold a 6.53% ownership stake in Punjab National Bank.
Row 10: FIIs hold a shared 6.59% ownership stake in Punjab National Bank alongside NRIs and OCBs.
Row 11: NRIs possess an ownership stake in Punjab National Bank as part of a combined 6.59% holding.","Punjab National Bank is an operational universal bank headquartered in New Delhi and Dwarka, led by Non-Executive Chairman K G Ananthakrishnan and MD & CEO Ashok Chandra. The institution is majority-owned by the Government of India with a 70.08% stake, alongside holdings from mutual funds at 6.53%, a shared 6.59% stake among FIIs, NRIs, and OCBs, and an unspecified stake held by LIC.",Not relevant,The assistant output provides general background information about Punjab National Bank but fails to address the user's specific request for the return on assets (ROA) and return on equity (ROE) for the latest quarter.,
What was Punjab National Bank's total advances (loan book) and deposit growth in the latest quarter?,F_Simple,F_Simple,0.5786835426932809,simple_triplet,True,"[""Punjab National Bank"", ""total advances"", ""deposit growth""]","[{""entity"": ""Punjab National Bank"", ""matched_node_name"": ""Punjab National Bank"", ""matched_id"": ""121884d5-3ddd-4607-803a-870c4bf83a1b"", ""matched_type"": ""COMPANY"", ""similarity"": 1.0, ""source"": ""gazetteer""}, {""entity"": ""total advances"", ""matched_node_name"": ""Total Advances"", ""matched_id"": ""96dbb53b-28f6-42c3-96e5-77dc48c86818"", ""matched_type"": ""METRIC"", ""similarity"": 1.0, ""source"": ""gazetteer""}, {""entity"": ""deposit growth"", ""matched_node_name"": ""deposit growth"", ""matched_id"": ""74d2ba68-dde6-485e-ad5d-c3483d1ec0d8"", ""matched_type"": ""METRIC"", ""similarity"": 1.0, ""source"": ""gazetteer""}]",What was <COMPANY>'s <METRIC> (loan book) and <METRIC> in the latest quarter?,"{""prop1"": null, ""nnp1"": ""121884d5-3ddd-4607-803a-870c4bf83a1b"", ""nn1"": ""COMPANY"", ""nnp2"": ""96dbb53b-28f6-42c3-96e5-77dc48c86818""}","{""nnp1"": ""121884d5-3ddd-4607-803a-870c4bf83a1b"", ""nnp2"": ""96dbb53b-28f6-42c3-96e5-77dc48c86818"", ""nnp3"": null, ""prop1"": null, ""nn1"": ""COMPANY"", ""nn2"": ""METRIC"", ""threshold"": null}",relaxed_direction,11,"Template: simple_triplet (F_Simple)
Query intent: Simple question: subject linked to objects via a predicate.

Row 1: Punjab National Bank is an operational universal bank.
Row 2: Punjab National Bank is headquartered in Dwarka.
Row 3: Punjab National Bank is headquartered in New Delhi.
Row 4: K G Ananthakrishnan leads Punjab National Bank as its non-executive chairman.
Row 5: Ashok Chandra serves as the MD & CEO of Punjab National Bank.
Row 6: OCBs have an ownership stake in Punjab National Bank.
Row 7: The Government of India owns a 70.08% stake in Punjab National Bank.
Row 8: LIC holds an unspecified ownership stake in Punjab National Bank.
Row 9: Mutual funds hold a 6.53% ownership stake in Punjab National Bank.
Row 10: FIIs hold a shared 6.59% ownership stake in Punjab National Bank alongside NRIs and OCBs.
Row 11: NRIs possess an ownership stake in Punjab National Bank as part of a combined 6.59% holding.","Punjab National Bank is an operational universal bank headquartered in New Delhi and Dwarka, led by Non-Executive Chairman K G Ananthakrishnan and MD & CEO Ashok Chandra. The institution is majority-owned by the Government of India with a 70.08% stake, while mutual funds hold 6.53%, and foreign institutional investors, non-resident Indians, and overseas corporate bodies collectively hold a shared 6.59% stake alongside holdings by LIC.",Not relevant,The assistant output provides general background information about Punjab National Bank and its shareholding structure instead of answering the specific question about total advances and deposit growth in the latest quarter.,
"What credit ratings has Punjab National Bank received, and from which rating agencies?",F_Simple,F_Simple,0.5428842858605917,simple_triplet,True,"[""Punjab National Bank""]","[{""entity"": ""Punjab National Bank"", ""matched_node_name"": ""Punjab National Bank"", ""matched_id"": ""121884d5-3ddd-4607-803a-870c4bf83a1b"", ""matched_type"": ""COMPANY"", ""similarity"": 1.0, ""source"": ""gazetteer""}]","What credit ratings has <COMPANY> received, and from which rating agencies?","{""prop1"": ""HAS_RATING"", ""nnp1"": ""121884d5-3ddd-4607-803a-870c4bf83a1b"", ""nn1"": ""COMPANY"", ""nnp2"": null}","{""nnp1"": ""121884d5-3ddd-4607-803a-870c4bf83a1b"", ""nnp2"": null, ""nnp3"": null, ""prop1"": ""HAS_RATING"", ""nn1"": ""COMPANY"", ""nn2"": null, ""threshold"": null}",attribute_lookup,9,"Template: simple_triplet (F_Simple)
Query intent: Simple question: subject linked to objects via a predicate.

Row 1: Punjab National Bank's banking_segment is Public Sector Bank
Row 2: Punjab National Bank's country is India
Row 3: Punjab National Bank's description is Punjab National Bank, headquartered in Dwarka, New Delhi, is a Government of India-owned universal bank.
Row 4: Punjab National Bank's exchange is NSE and BSE
Row 5: Punjab National Bank's industry is Banking
Row 6: Punjab National Bank's legal_name is Punjab National Bank
Row 7: Punjab National Bank's listed is True
Row 8: Punjab National Bank's sector is Banking
Row 9: Punjab National Bank's ticker is PNB","Punjab National Bank is a publicly listed, Government of India-owned universal bank operating within the banking sector and headquartered in New Delhi. The institution trades under the ticker PNB on both the National Stock Exchange and the Bombay Stock Exchange.",Not relevant,The assistant output provides general background information about Punjab National Bank but completely fails to answer the user's question regarding credit ratings and rating agencies.,
"Roughly how many branches and ATMs does Punjab National Bank operate, and as of what date?",F_QuantCount,F_QuantCount,0.5789900185289873,quant_count,True,"[""ATMs"", ""Punjab National Bank""]","[{""entity"": ""ATMs"", ""matched_node_name"": ""ATMs"", ""matched_id"": ""1d9af7d1-80d1-4631-9a7a-7765335565d0"", ""matched_type"": ""DISTRIBUTIONCHANNEL"", ""similarity"": 1.0, ""source"": ""gazetteer""}, {""entity"": ""Punjab National Bank"", ""matched_node_name"": ""Punjab National Bank"", ""matched_id"": ""121884d5-3ddd-4607-803a-870c4bf83a1b"", ""matched_type"": ""COMPANY"", ""similarity"": 1.0, ""source"": ""gazetteer""}]","Roughly how many branches and <DISTRIBUTIONCHANNEL> does <COMPANY> operate, and as of what date?","{""prop1"": null, ""nnp1"": ""121884d5-3ddd-4607-803a-870c4bf83a1b"", ""nn2"": ""DISTRIBUTIONCHANNEL"", ""nn1"": ""COMPANY""}","{""nnp1"": ""121884d5-3ddd-4607-803a-870c4bf83a1b"", ""nnp2"": ""1d9af7d1-80d1-4631-9a7a-7765335565d0"", ""nnp3"": null, ""prop1"": null, ""nn1"": ""COMPANY"", ""nn2"": ""DISTRIBUTIONCHANNEL"", ""threshold"": null}",,0,,,Not relevant,No summary was produced for this query (empty assistant output).,
"What products and services does Punjab National Bank offer, and which customer segments does it serve?",F_Simple,F_Simple,0.6085853750573809,simple_triplet,True,"[""Punjab National Bank""]","[{""entity"": ""Punjab National Bank"", ""matched_node_name"": ""Punjab National Bank"", ""matched_id"": ""121884d5-3ddd-4607-803a-870c4bf83a1b"", ""matched_type"": ""COMPANY"", ""similarity"": 1.0, ""source"": ""gazetteer""}]","What products and services does <COMPANY> offer, and which customer segments does it serve?","{""prop1"": ""OFFERS_PRODUCT"", ""nnp1"": ""121884d5-3ddd-4607-803a-870c4bf83a1b"", ""nn1"": ""COMPANY"", ""nnp2"": null}","{""nnp1"": ""121884d5-3ddd-4607-803a-870c4bf83a1b"", ""nnp2"": null, ""nnp3"": null, ""prop1"": ""OFFERS_PRODUCT"", ""nn1"": ""COMPANY"", ""nn2"": null, ""threshold"": null}",attribute_lookup,9,"Template: simple_triplet (F_Simple)
Query intent: Simple question: subject linked to objects via a predicate.

Row 1: Punjab National Bank's banking_segment is Public Sector Bank
Row 2: Punjab National Bank's country is India
Row 3: Punjab National Bank's description is Punjab National Bank, headquartered in Dwarka, New Delhi, is a Government of India-owned universal bank.
Row 4: Punjab National Bank's exchange is NSE and BSE
Row 5: Punjab National Bank's industry is Banking
Row 6: Punjab National Bank's legal_name is Punjab National Bank
Row 7: Punjab National Bank's listed is True
Row 8: Punjab National Bank's sector is Banking
Row 9: Punjab National Bank's ticker is PNB","Punjab National Bank is a publicly listed universal bank headquartered in New Delhi, India, operating within the banking sector under the ticker PNB on both the NSE and BSE exchanges. As a Government of India-owned public sector bank, it is formally classified within the banking industry.",Not relevant,"The assistant output provides general corporate information about Punjab National Bank but completely fails to mention its specific products, services, or customer segments.",
What is Canara Bank's ticker symbol and on which exchange(s) does it trade?,F_Simple,F_Simple,0.5660659596990265,simple_triplet,True,"[""Canara Bank""]","[{""entity"": ""Canara Bank"", ""matched_node_name"": ""Canara Bank"", ""matched_id"": ""ccfc9e36-4d48-4822-a2f3-6d6711646230"", ""matched_type"": ""COMPANY"", ""similarity"": 1.0, ""source"": ""gazetteer""}]",What is <COMPANY>'s ticker symbol and on which exchange(s) does it trade?,"{""prop1"": null, ""nnp1"": ""ccfc9e36-4d48-4822-a2f3-6d6711646230"", ""nn1"": ""COMPANY"", ""nnp2"": null}","{""nnp1"": ""ccfc9e36-4d48-4822-a2f3-6d6711646230"", ""nnp2"": null, ""nnp3"": null, ""prop1"": null, ""nn1"": ""COMPANY"", ""nn2"": null, ""threshold"": null}",primary,50,"Template: simple_triplet (F_Simple)
Query intent: Simple question: subject linked to objects via a predicate.

Row 1: Canara Bank has an opportunity because its 17.97% advances growth is outpacing several peers.
Row 2: Canara Bank operates 7,907 ATMs as part of its network as of June 2025.
Row 3: Canara Bank maintains international operations in Bahrain.
Row 4: Canara Bank is headquartered in Bengaluru.
Row 5: Brajesh Kumar Singh serves as the MD & CEO of Canara Bank.
Row 6: Canara Bank reported a CASA ratio of 29.70% in Q1 FY27.
Row 7: Canara Bank has a CET1 of 12.91% for Q1 FY27.
Row 8: Canara Bank distributes insurance products through its Canara HSBC Life Insurance joint venture.
Row 9: Canara Bank distributes asset-management products through its Canara Robeco Asset Management joint venture.
Row 10: Canara Bank maintains international operations in China.
Row 11: Canara Bank is exposed to funding risk given its lower CASA base.
Row 12: The Government of India holds a 62.93% ownership stake in Canara Bank as of March 2026.
Row 13: Canara Bank maintains international operations in Hong Kong.
Row 14: Canara Bank depends on its branch density in Karnataka.
Row 15: Canara Bank is headquartered in Karnataka.
Row 16: Canara Bank's growth is expected to come from continued MSME credit expansion.
Row 17: Canara Bank serves the MSME market.
Row 18: Canara Bank is regulated by the RBI.
Row 19: Canara Bank serves the retail market.
Row 20: Canara Bank is regulated by the SEBI.
Row 21: Canara Bank has a strong retail, agricultural and MSME franchise in South India.
Row 22: Canara Bank maintains international operations in Tanzania.
Row 23: Canara Bank maintains international operations in the UAE.
Row 24: Canara Bank maintains international operations in the UK.
Row 25: Canara Bank maintains international operations in the US.
Row 26: Canara Bank holds a universal banking license.
Row 27: Vijay Srirangan is listed by some sources as the non-executive chairman of Canara Bank.
Row 28: Canara Bank's growth is expected to come from continued agricultural credit expansion.
Row 29: Canara Bank serves the agricultural market.
Row 30: Canara Bank has strong asset-quality relative to peers.
Row 31: Canara Bank runs 9,861 branches as of June 2025.
Row 32: Canara Bank has a capital adequacy of 17.17% for Q1 FY27.
Row 33: Canara Bank provides cash management services.
Row 34: Canara Bank uses 2,940 cash-recycling machines within its network as of June 2025.
Row 35: The threat that its comparatively low CASA ratio raises the bank's relative sensitivity to funding costs directly threatens Canara Bank.
Row 36: Canara Bank has a cost-to-income ratio of 49.03% for Q1 FY27.
Row 37: Canara Bank is exposed to credit risk tied to the seasonality of its agricultural book.
Row 38: Canara Bank provides forex services.
Row 39: Canara Bank demonstrated a strong asset quality profile with a gross NPA of 1.57%.
Row 40: Canara Bank is exposed to interest-rate risk.
Row 41: Canara Bank has a lower CASA base, which creates a funding risk.
Row 42: Canara Bank's key risk driver is monsoon-linked agricultural seasonality.
Row 43: Canara Bank recorded a net NPA of 0.36%.
Row 44: Canara Bank exhibited a weakness in that its net profit grew only about 2% year-on-year despite the strong net-interest-income and advances growth.
Row 45: Canara Bank had a provision coverage of 94.76%.
Row 46: Canara Bank is exposed to ordinary regulatory risk.
Row 47: Canara Bank's growth is expected to come from continued retail credit expansion.
Row 48: Canara Bank posted a return on assets of 1.04%.
Row 49: Canara Bank displayed strong profitability with a return on equity of 18.31%.
Row 50: Canara Bank depends on the south Indian rural and monsoon-linked agricultural economy.","Canara Bank is a major universal bank headquartered in Karnataka, India, backed by a 62.93% government ownership stake and a broad domestic and international network. The institution exhibits strong profitability and asset quality, highlighted by a 1.04% return on assets, an 18.31% return on equity, a 1.57% gross NPA, and a 17.17% capital adequacy ratio for Q1 FY27, though it simultaneously faces funding and interest-rate risks tied to its lower CASA base.",Not relevant,The assistant output discusses Canara Bank's financials and ownership but fails to provide its ticker symbol and exchange information as requested.,
"Who is the current MD & CEO (or Chairman, where that is the top executive title) of Canara Bank?",F_Simple,F_Simple,0.6870087860052408,simple_triplet,True,"[""uti"", ""Canara Bank"", ""MD""]","[{""entity"": ""uti"", ""matched_node_name"": ""UTI"", ""matched_id"": ""fd4feaba-a9ac-4e43-9418-e90485ccc0ee"", ""matched_type"": ""SHAREHOLDER"", ""similarity"": 1.0, ""source"": ""gazetteer""}, {""entity"": ""Canara Bank"", ""matched_node_name"": ""Canara Bank"", ""matched_id"": ""ccfc9e36-4d48-4822-a2f3-6d6711646230"", ""matched_type"": ""COMPANY"", ""similarity"": 1.0, ""source"": ""gazetteer""}, {""entity"": ""MD"", ""matched_node_name"": ""Sydney"", ""matched_id"": ""6ce73991-b958-4fd6-a892-0d2f5d32b61b"", ""matched_type"": ""GEOGRAPHY"", ""similarity"": 0.6347882270812988, ""source"": ""semantic""}]","Who is the current <GEOGRAPHY> & CEO (or Chairman, where that is the top exec<SHAREHOLDER>ve title) of <COMPANY>?","{""prop1"": ""GovernanceRole"", ""nnp1"": ""ccfc9e36-4d48-4822-a2f3-6d6711646230"", ""nn1"": ""COMPANY"", ""nnp2"": ""6ce73991-b958-4fd6-a892-0d2f5d32b61b""}","{""nnp1"": ""ccfc9e36-4d48-4822-a2f3-6d6711646230"", ""nnp2"": ""6ce73991-b958-4fd6-a892-0d2f5d32b61b"", ""nnp3"": null, ""prop1"": ""GovernanceRole"", ""nn1"": ""COMPANY"", ""nn2"": ""GEOGRAPHY"", ""threshold"": null}",attribute_lookup,8,"Template: simple_triplet (F_Simple)
Query intent: Simple question: subject linked to objects via a predicate.

Row 1: Canara Bank's banking_segment is Public Sector Bank
Row 2: Canara Bank's country is India
Row 3: Canara Bank's description is Canara Bank, headquartered in Bengaluru, Karnataka, is a Government of India-owned universal bank with a strong South Indian retail, agricultural and MSME franchise.
Row 4: Canara Bank's exchange is NSE, BSE
Row 5: Canara Bank's legal_name is Canara Bank
Row 6: Canara Bank's listed is True
Row 7: Canara Bank's sector is Banking
Row 8: Canara Bank's ticker is CANBK","Canara Bank is a publicly listed universal bank owned by the Government of India and headquartered in Bengaluru, Karnataka, operating under the ticker CANBK on the NSE and BSE. It maintains a strong retail, agricultural, and MSME franchise with a particular focus in South India.",Not relevant,The assistant output provides general background information about Canara Bank but completely fails to name its current MD & CEO or Chairman as requested.,
"What percentage of Canara Bank is held by its government promoter or largest shareholder, and as of what date?",F_LogUnion,F_LogUnion,0.6758920373727951,logical_union,True,"[""Canara Bank""]","[{""entity"": ""Canara Bank"", ""matched_node_name"": ""Canara Bank"", ""matched_id"": ""ccfc9e36-4d48-4822-a2f3-6d6711646230"", ""matched_type"": ""COMPANY"", ""similarity"": 1.0, ""source"": ""gazetteer""}]","What percentage of <COMPANY> is held by its government promoter or largest shareholder, and as of what date?","{""prop1"": ""REGULATED_BY"", ""nnp1"": ""ccfc9e36-4d48-4822-a2f3-6d6711646230"", ""nn1"": ""COMPANY"", ""nnp2"": null}","{""nnp1"": ""ccfc9e36-4d48-4822-a2f3-6d6711646230"", ""nnp2"": null, ""nnp3"": null, ""prop1"": ""REGULATED_BY"", ""nn1"": ""COMPANY"", ""nn2"": null, ""threshold"": null}",primary,50,"Template: logical_union (F_LogUnion)
Query intent: Union of two relationship patterns from the same subject.

Row 1: Canara Bank has an opportunity because its 17.97% advances growth is outpacing several peers.
Row 2: Canara Bank operates 7,907 ATMs as part of its network as of June 2025.
Row 3: Canara Bank maintains international operations in Bahrain.
Row 4: Canara Bank is headquartered in Bengaluru.
Row 5: Brajesh Kumar Singh serves as the MD & CEO of Canara Bank.
Row 6: Canara Bank reported a CASA ratio of 29.70% in Q1 FY27.
Row 7: Canara Bank has a CET1 of 12.91% for Q1 FY27.
Row 8: Canara Bank distributes insurance products through its Canara HSBC Life Insurance joint venture.
Row 9: Canara Bank distributes asset-management products through its Canara Robeco Asset Management joint venture.
Row 10: Canara Bank maintains international operations in China.
Row 11: Canara Bank is exposed to funding risk given its lower CASA base.
Row 12: The Government of India holds a 62.93% ownership stake in Canara Bank as of March 2026.
Row 13: Canara Bank maintains international operations in Hong Kong.
Row 14: Canara Bank depends on its branch density in Karnataka.
Row 15: Canara Bank is headquartered in Karnataka.
Row 16: Canara Bank's growth is expected to come from continued MSME credit expansion.
Row 17: Canara Bank serves the MSME market.
Row 18: Canara Bank is regulated by the RBI.
Row 19: Canara Bank serves the retail market.
Row 20: Canara Bank is regulated by the SEBI.
Row 21: Canara Bank has a strong retail, agricultural and MSME franchise in South India.
Row 22: Canara Bank maintains international operations in Tanzania.
Row 23: Canara Bank maintains international operations in the UAE.
Row 24: Canara Bank maintains international operations in the UK.
Row 25: Canara Bank maintains international operations in the US.
Row 26: Canara Bank holds a universal banking license.
Row 27: Vijay Srirangan is listed by some sources as the non-executive chairman of Canara Bank.
Row 28: Canara Bank's growth is expected to come from continued agricultural credit expansion.
Row 29: Canara Bank serves the agricultural market.
Row 30: Canara Bank has strong asset-quality relative to peers.
Row 31: Canara Bank runs 9,861 branches as of June 2025.
Row 32: Canara Bank has a capital adequacy of 17.17% for Q1 FY27.
Row 33: Canara Bank provides cash management services.
Row 34: Canara Bank uses 2,940 cash-recycling machines within its network as of June 2025.
Row 35: The threat that its comparatively low CASA ratio raises the bank's relative sensitivity to funding costs directly threatens Canara Bank.
Row 36: Canara Bank has a cost-to-income ratio of 49.03% for Q1 FY27.
Row 37: Canara Bank is exposed to credit risk tied to the seasonality of its agricultural book.
Row 38: Canara Bank provides forex services.
Row 39: Canara Bank demonstrated a strong asset quality profile with a gross NPA of 1.57%.
Row 40: Canara Bank is exposed to interest-rate risk.
Row 41: Canara Bank has a lower CASA base, which creates a funding risk.
Row 42: Canara Bank's key risk driver is monsoon-linked agricultural seasonality.
Row 43: Canara Bank recorded a net NPA of 0.36%.
Row 44: Canara Bank exhibited a weakness in that its net profit grew only about 2% year-on-year despite the strong net-interest-income and advances growth.
Row 45: Canara Bank had a provision coverage of 94.76%.
Row 46: Canara Bank is exposed to ordinary regulatory risk.
Row 47: Canara Bank's growth is expected to come from continued retail credit expansion.
Row 48: Canara Bank posted a return on assets of 1.04%.
Row 49: Canara Bank displayed strong profitability with a return on equity of 18.31%.
Row 50: Canara Bank depends on the south Indian rural and monsoon-linked agricultural economy.","Canara Bank is a major universal bank backed by a 62.93% government ownership stake, maintaining a robust franchise in South India alongside international operations spanning multiple countries. While benefiting from strong asset quality, a 17.17% capital adequacy ratio for Q1 FY27, and advances growth outpacing peers, the institution faces funding risks from a lower CASA base of 29.70% and credit exposure tied to agricultural seasonality.",Somewhat relevant,"The output provides the percentage of government ownership for Canara Bank, but it fails to state the exact date as requested by the user.",
What was Canara Bank's CASA ratio in the most recently reported quarter?,F_Simple,F_Simple,0.4957014209614541,simple_triplet,True,"[""Canara Bank"", ""CASA ratio""]","[{""entity"": ""Canara Bank"", ""matched_node_name"": ""Canara Bank"", ""matched_id"": ""ccfc9e36-4d48-4822-a2f3-6d6711646230"", ""matched_type"": ""COMPANY"", ""similarity"": 1.0, ""source"": ""gazetteer""}, {""entity"": ""CASA ratio"", ""matched_node_name"": ""CASA ratio"", ""matched_id"": ""f552ef12-cf71-4307-80e3-1eb10e256154"", ""matched_type"": ""METRIC"", ""similarity"": 1.0, ""source"": ""gazetteer""}]",What was <COMPANY>'s <METRIC> in the most recently reported quarter?,"{""prop1"": null, ""nnp1"": ""ccfc9e36-4d48-4822-a2f3-6d6711646230"", ""nn1"": ""COMPANY"", ""nnp2"": ""f552ef12-cf71-4307-80e3-1eb10e256154""}","{""nnp1"": ""ccfc9e36-4d48-4822-a2f3-6d6711646230"", ""nnp2"": ""f552ef12-cf71-4307-80e3-1eb10e256154"", ""nnp3"": null, ""prop1"": null, ""nn1"": ""COMPANY"", ""nn2"": ""METRIC"", ""threshold"": null}",primary,1,"Template: simple_triplet (F_Simple)
Query intent: Simple question: subject linked to objects via a predicate.

Row 1: Canara Bank reported a CASA ratio of 29.70% in Q1 FY27.",Canara Bank reported a CASA ratio of 29.70% in Q1 FY27. No additional financial details or prior period comparisons were provided in the current report.,Relevant,The assistant directly addresses the user's request by providing Canara Bank's CASA ratio for the most recently reported quarter.,
What is Canara Bank's net interest margin (NIM) for the latest reported period?,F_Simple,F_Simple,0.4559410416941235,simple_triplet,True,"[""Canara Bank"", ""net interest margin""]","[{""entity"": ""Canara Bank"", ""matched_node_name"": ""Canara Bank"", ""matched_id"": ""ccfc9e36-4d48-4822-a2f3-6d6711646230"", ""matched_type"": ""COMPANY"", ""similarity"": 1.0, ""source"": ""gazetteer""}, {""entity"": ""net interest margin"", ""matched_node_name"": ""Net interest margin"", ""matched_id"": ""ce0a12ce-b581-4229-a6b2-4d53c46e9d9d"", ""matched_type"": ""METRIC"", ""similarity"": 1.0, ""source"": ""gazetteer""}]",What is <COMPANY>'s <METRIC> (NIM) for the latest reported period?,"{""prop1"": null, ""nnp1"": ""ccfc9e36-4d48-4822-a2f3-6d6711646230"", ""nn1"": ""COMPANY"", ""nnp2"": ""ce0a12ce-b581-4229-a6b2-4d53c46e9d9d""}","{""nnp1"": ""ccfc9e36-4d48-4822-a2f3-6d6711646230"", ""nnp2"": ""ce0a12ce-b581-4229-a6b2-4d53c46e9d9d"", ""nnp3"": null, ""prop1"": null, ""nn1"": ""COMPANY"", ""nn2"": ""METRIC"", ""threshold"": null}",relaxed_direction,52,"Template: simple_triplet (F_Simple)
Query intent: Simple question: subject linked to objects via a predicate.

Row 1: Canara Bank's growth is expected to come from continued agricultural credit expansion.
Row 2: Canara Bank's growth is expected to come from continued MSME credit expansion.
Row 3: Canara Bank provides trade finance services.
Row 4: Canara Bank provides treasury services.
Row 5: Canara Bank provides forex services.
Row 6: Canara Bank provides cash management services.
Row 7: Canara Bank serves the MSME market.
Row 8: Canara Bank runs 9,861 branches as of June 2025.
Row 9: Canara Bank operates 7,907 ATMs as part of its network as of June 2025.
Row 10: Canara Bank reported a CASA ratio of 29.70% in Q1 FY27.
Row 11: Canara Bank is exposed to credit risk tied to the seasonality of its agricultural book.
Row 12: Canara Bank is exposed to interest-rate risk.
Row 13: Canara Bank is exposed to ordinary regulatory risk.
Row 14: Canara Bank posted a return on assets of 1.04%.
Row 15: Canara Bank displayed strong profitability with a return on equity of 18.31%.
Row 16: Canara Bank has a cost-to-income ratio of 49.03% for Q1 FY27.
Row 17: Canara Bank demonstrated a strong asset quality profile with a gross NPA of 1.57%.
Row 18: Canara Bank recorded a net NPA of 0.36%.
Row 19: Canara Bank had a provision coverage of 94.76%.
Row 20: Canara Bank has a capital adequacy of 17.17% for Q1 FY27.
Row 21: Canara Bank has a CET1 of 12.91% for Q1 FY27.
Row 22: Canara Bank holds a universal banking license.
Row 23: Canara Bank serves the retail market.
Row 24: Canara Bank is exposed to funding risk given its lower CASA base.
Row 25: Canara Bank serves the agricultural market.
Row 26: Canara Bank maintains international operations in the UK.
Row 27: Canara Bank maintains international operations in Hong Kong.
Row 28: Canara Bank maintains international operations in the UAE.
Row 29: Canara Bank maintains international operations in China.
Row 30: Canara Bank's growth is expected to come from continued retail credit expansion.
Row 31: Canara Bank is headquartered in Bengaluru.
Row 32: Canara Bank depends on its branch density in Karnataka.
Row 33: Canara Bank is headquartered in Karnataka.
Row 34: Canara Bank has a strong retail, agricultural and MSME franchise in South India.
Row 35: Canara Bank distributes insurance products through its Canara HSBC Life Insurance joint venture.
Row 36: Canara Bank distributes asset-management products through its Canara Robeco Asset Management joint venture.
Row 37: Canara Bank uses 2,940 cash-recycling machines within its network as of June 2025.
Row 38: Canara Bank maintains international operations in the US.
Row 39: Canara Bank maintains international operations in Bahrain.
Row 40: Canara Bank maintains international operations in Tanzania.
Row 41: Canara Bank exhibited a weakness in that its net profit grew only about 2% year-on-year despite the strong net-interest-income and advances growth.
Row 42: Canara Bank has an opportunity because its 17.97% advances growth is outpacing several peers.
Row 43: Canara Bank has a lower CASA base, which creates a funding risk.
Row 44: Canara Bank depends on the south Indian rural and monsoon-linked agricultural economy.
Row 45: Canara Bank's key risk driver is monsoon-linked agricultural seasonality.
Row 46: Canara Bank has strong asset-quality relative to peers.
Row 47: Canara Bank is regulated by the RBI.
Row 48: Canara Bank is regulated by the SEBI.
Row 49: Brajesh Kumar Singh serves as the MD & CEO of Canara Bank.
Row 50: Vijay Srirangan is listed by some sources as the non-executive chairman of Canara Bank.
Row 51: The threat that its comparatively low CASA ratio raises the bank's relative sensitivity to funding costs directly threatens Canara Bank.
Row 52: The Government of India holds a 62.93% ownership stake in Canara Bank as of March 2026.","Canara Bank operates an extensive domestic and international network with strong profitability metrics, including a return on equity of 18.31% and a capital adequacy ratio of 17.17% for Q1 FY27. While the bank benefits from robust advances growth outpacing peers and solid asset quality, it faces funding risks stemming from a lower CASA base of 29.70% and credit exposures tied to agricultural seasonality.",Not relevant,"The assistant output discusses return on equity, capital adequacy ratio, and CASA base, but fails to provide Canara Bank's net interest margin (NIM) for the latest reported period.",
What are Canara Bank's gross NPA and net NPA ratios?,F_Simple,F_Simple,0.5339957873182645,simple_triplet,True,"[""Canara Bank"", ""gross NPA"", ""net NPA""]","[{""entity"": ""Canara Bank"", ""matched_node_name"": ""Canara Bank"", ""matched_id"": ""ccfc9e36-4d48-4822-a2f3-6d6711646230"", ""matched_type"": ""COMPANY"", ""similarity"": 1.0, ""source"": ""gazetteer""}, {""entity"": ""gross NPA"", ""matched_node_name"": ""gross NPA"", ""matched_id"": ""00c1065d-13f6-42fc-be09-d1a8be6780cd"", ""matched_type"": ""METRIC"", ""similarity"": 1.0, ""source"": ""gazetteer""}, {""entity"": ""net NPA"", ""matched_node_name"": ""net NPA"", ""matched_id"": ""4539ed7c-a229-4073-a946-c4b6498648c7"", ""matched_type"": ""METRIC"", ""similarity"": 1.0, ""source"": ""gazetteer""}]",What are <COMPANY>'s <METRIC> and <METRIC> ratios?,"{""prop1"": null, ""nnp1"": ""ccfc9e36-4d48-4822-a2f3-6d6711646230"", ""nn1"": ""COMPANY"", ""nnp2"": ""00c1065d-13f6-42fc-be09-d1a8be6780cd""}","{""nnp1"": ""ccfc9e36-4d48-4822-a2f3-6d6711646230"", ""nnp2"": ""00c1065d-13f6-42fc-be09-d1a8be6780cd"", ""nnp3"": null, ""prop1"": null, ""nn1"": ""COMPANY"", ""nn2"": ""METRIC"", ""threshold"": null}",primary,1,"Template: simple_triplet (F_Simple)
Query intent: Simple question: subject linked to objects via a predicate.

Row 1: Canara Bank demonstrated a strong asset quality profile with a gross NPA of 1.57%.","Canara Bank exhibited a strong asset quality profile, highlighted by a gross non-performing asset ratio of 1.57%. This metric reflects the bank's sound management of its loan portfolio and overall credit risk.",Somewhat relevant,The output provides Canara Bank's gross NPA ratio but fails to provide the net NPA ratio requested by the user.,
"What is Canara Bank's capital adequacy ratio (CRAR), and its CET1 ratio if disclosed?",F_Simple,F_Simple,0.5026933839121343,simple_triplet,True,"[""Canara Bank"", ""capital adequacy ratio"", ""CE""]","[{""entity"": ""Canara Bank"", ""matched_node_name"": ""Canara Bank"", ""matched_id"": ""ccfc9e36-4d48-4822-a2f3-6d6711646230"", ""matched_type"": ""COMPANY"", ""similarity"": 1.0, ""source"": ""gazetteer""}, {""entity"": ""capital adequacy ratio"", ""matched_node_name"": ""capital adequacy ratio"", ""matched_id"": ""a9e7103c-2a43-4d54-94d2-0f9178dbb42e"", ""matched_type"": ""METRIC"", ""similarity"": 1.0, ""source"": ""gazetteer""}, {""entity"": ""CE"", ""matched_node_name"": ""NSE"", ""matched_id"": ""f991983e-e758-47f5-acbf-1afe822e5f20"", ""matched_type"": ""COMPANY"", ""similarity"": 0.6484348893165588, ""source"": ""semantic""}]","What is <COMPANY>'s <METRIC> (CRAR), and its <COMPANY>T1 ratio if disclosed?","{""prop1"": null, ""nnp1"": ""ccfc9e36-4d48-4822-a2f3-6d6711646230"", ""nn1"": ""COMPANY"", ""nnp2"": ""f991983e-e758-47f5-acbf-1afe822e5f20""}","{""nnp1"": ""ccfc9e36-4d48-4822-a2f3-6d6711646230"", ""nnp2"": ""f991983e-e758-47f5-acbf-1afe822e5f20"", ""nnp3"": null, ""prop1"": null, ""nn1"": ""COMPANY"", ""nn2"": ""COMPANY"", ""threshold"": null}",relaxed_direction,52,"Template: simple_triplet (F_Simple)
Query intent: Simple question: subject linked to objects via a predicate.

Row 1: Canara Bank's growth is expected to come from continued agricultural credit expansion.
Row 2: Canara Bank's growth is expected to come from continued MSME credit expansion.
Row 3: Canara Bank provides trade finance services.
Row 4: Canara Bank provides treasury services.
Row 5: Canara Bank provides forex services.
Row 6: Canara Bank provides cash management services.
Row 7: Canara Bank serves the MSME market.
Row 8: Canara Bank runs 9,861 branches as of June 2025.
Row 9: Canara Bank operates 7,907 ATMs as part of its network as of June 2025.
Row 10: Canara Bank reported a CASA ratio of 29.70% in Q1 FY27.
Row 11: Canara Bank is exposed to credit risk tied to the seasonality of its agricultural book.
Row 12: Canara Bank is exposed to interest-rate risk.
Row 13: Canara Bank is exposed to ordinary regulatory risk.
Row 14: Canara Bank posted a return on assets of 1.04%.
Row 15: Canara Bank displayed strong profitability with a return on equity of 18.31%.
Row 16: Canara Bank has a cost-to-income ratio of 49.03% for Q1 FY27.
Row 17: Canara Bank demonstrated a strong asset quality profile with a gross NPA of 1.57%.
Row 18: Canara Bank recorded a net NPA of 0.36%.
Row 19: Canara Bank had a provision coverage of 94.76%.
Row 20: Canara Bank has a capital adequacy of 17.17% for Q1 FY27.
Row 21: Canara Bank has a CET1 of 12.91% for Q1 FY27.
Row 22: Canara Bank holds a universal banking license.
Row 23: Canara Bank serves the retail market.
Row 24: Canara Bank is exposed to funding risk given its lower CASA base.
Row 25: Canara Bank serves the agricultural market.
Row 26: Canara Bank maintains international operations in the UK.
Row 27: Canara Bank maintains international operations in Hong Kong.
Row 28: Canara Bank maintains international operations in the UAE.
Row 29: Canara Bank maintains international operations in China.
Row 30: Canara Bank's growth is expected to come from continued retail credit expansion.
Row 31: Canara Bank is headquartered in Bengaluru.
Row 32: Canara Bank depends on its branch density in Karnataka.
Row 33: Canara Bank is headquartered in Karnataka.
Row 34: Canara Bank has a strong retail, agricultural and MSME franchise in South India.
Row 35: Canara Bank distributes insurance products through its Canara HSBC Life Insurance joint venture.
Row 36: Canara Bank distributes asset-management products through its Canara Robeco Asset Management joint venture.
Row 37: Canara Bank uses 2,940 cash-recycling machines within its network as of June 2025.
Row 38: Canara Bank maintains international operations in the US.
Row 39: Canara Bank maintains international operations in Bahrain.
Row 40: Canara Bank maintains international operations in Tanzania.
Row 41: Canara Bank exhibited a weakness in that its net profit grew only about 2% year-on-year despite the strong net-interest-income and advances growth.
Row 42: Canara Bank has an opportunity because its 17.97% advances growth is outpacing several peers.
Row 43: Canara Bank has a lower CASA base, which creates a funding risk.
Row 44: Canara Bank depends on the south Indian rural and monsoon-linked agricultural economy.
Row 45: Canara Bank's key risk driver is monsoon-linked agricultural seasonality.
Row 46: Canara Bank has strong asset-quality relative to peers.
Row 47: Canara Bank is regulated by the RBI.
Row 48: Canara Bank is regulated by the SEBI.
Row 49: Brajesh Kumar Singh serves as the MD & CEO of Canara Bank.
Row 50: Vijay Srirangan is listed by some sources as the non-executive chairman of Canara Bank.
Row 51: The threat that its comparatively low CASA ratio raises the bank's relative sensitivity to funding costs directly threatens Canara Bank.
Row 52: The Government of India holds a 62.93% ownership stake in Canara Bank as of March 2026.","Canara Bank demonstrates strong financial profitability and asset quality, with a return on equity of 18.31% and a gross non-performing asset ratio of 1.57% as of Q1 FY27, alongside an advancing retail, agricultural, and MSME credit portfolio. However, the institution faces funding risks from a lower CASA ratio of 29.70% and is exposed to credit and seasonality risks tied to its agricultural book and monsoon-linked rural economy.",Not relevant,"The assistant output discusses profitability, asset quality, and portfolio composition, but fails to provide Canara Bank's capital adequacy ratio (CRAR) or CET1 ratio as requested.",
What are Canara Bank's return on assets (ROA) and return on equity (ROE) for the latest quarter?,F_Simple,F_Simple,0.6404601230266839,simple_triplet,True,"[""Canara Bank"", ""return on assets"", ""return on equity""]","[{""entity"": ""Canara Bank"", ""matched_node_name"": ""Canara Bank"", ""matched_id"": ""ccfc9e36-4d48-4822-a2f3-6d6711646230"", ""matched_type"": ""COMPANY"", ""similarity"": 1.0, ""source"": ""gazetteer""}, {""entity"": ""return on assets"", ""matched_node_name"": ""return on assets"", ""matched_id"": ""dd83a8a6-2dd2-4407-9d71-917240c66c55"", ""matched_type"": ""METRIC"", ""similarity"": 1.0, ""source"": ""gazetteer""}, {""entity"": ""return on equity"", ""matched_node_name"": ""return on equity"", ""matched_id"": ""4c4c7086-00d6-4850-9bcd-ae7c8e8479a8"", ""matched_type"": ""METRIC"", ""similarity"": 1.0, ""source"": ""gazetteer""}]",What are <COMPANY>'s <METRIC> (ROA) and <METRIC> (ROE) for the latest quarter?,"{""prop1"": null, ""nnp1"": ""ccfc9e36-4d48-4822-a2f3-6d6711646230"", ""nn1"": ""COMPANY"", ""nnp2"": ""dd83a8a6-2dd2-4407-9d71-917240c66c55""}","{""nnp1"": ""ccfc9e36-4d48-4822-a2f3-6d6711646230"", ""nnp2"": ""dd83a8a6-2dd2-4407-9d71-917240c66c55"", ""nnp3"": null, ""prop1"": null, ""nn1"": ""COMPANY"", ""nn2"": ""METRIC"", ""threshold"": null}",primary,1,"Template: simple_triplet (F_Simple)
Query intent: Simple question: subject linked to objects via a predicate.

Row 1: Canara Bank posted a return on assets of 1.04%.",Canara Bank achieved a return on assets of 1.04%.,Somewhat relevant,"The assistant output provides the return on assets (ROA) for the latest quarter, but fails to provide the return on equity (ROE) as requested.",
What was Canara Bank's total advances (loan book) and deposit growth in the latest quarter?,F_Simple,F_Simple,0.5786835426932809,simple_triplet,True,"[""Canara Bank"", ""total advances"", ""deposit growth""]","[{""entity"": ""Canara Bank"", ""matched_node_name"": ""Canara Bank"", ""matched_id"": ""ccfc9e36-4d48-4822-a2f3-6d6711646230"", ""matched_type"": ""COMPANY"", ""similarity"": 1.0, ""source"": ""gazetteer""}, {""entity"": ""total advances"", ""matched_node_name"": ""Total Advances"", ""matched_id"": ""96dbb53b-28f6-42c3-96e5-77dc48c86818"", ""matched_type"": ""METRIC"", ""similarity"": 1.0, ""source"": ""gazetteer""}, {""entity"": ""deposit growth"", ""matched_node_name"": ""deposit growth"", ""matched_id"": ""74d2ba68-dde6-485e-ad5d-c3483d1ec0d8"", ""matched_type"": ""METRIC"", ""similarity"": 1.0, ""source"": ""gazetteer""}]",What was <COMPANY>'s <METRIC> (loan book) and <METRIC> in the latest quarter?,"{""prop1"": null, ""nnp1"": ""ccfc9e36-4d48-4822-a2f3-6d6711646230"", ""nn1"": ""COMPANY"", ""nnp2"": ""96dbb53b-28f6-42c3-96e5-77dc48c86818""}","{""nnp1"": ""ccfc9e36-4d48-4822-a2f3-6d6711646230"", ""nnp2"": ""96dbb53b-28f6-42c3-96e5-77dc48c86818"", ""nnp3"": null, ""prop1"": null, ""nn1"": ""COMPANY"", ""nn2"": ""METRIC"", ""threshold"": null}",relaxed_direction,52,"Template: simple_triplet (F_Simple)
Query intent: Simple question: subject linked to objects via a predicate.

Row 1: Canara Bank's growth is expected to come from continued agricultural credit expansion.
Row 2: Canara Bank's growth is expected to come from continued MSME credit expansion.
Row 3: Canara Bank provides trade finance services.
Row 4: Canara Bank provides treasury services.
Row 5: Canara Bank provides forex services.
Row 6: Canara Bank provides cash management services.
Row 7: Canara Bank serves the MSME market.
Row 8: Canara Bank runs 9,861 branches as of June 2025.
Row 9: Canara Bank operates 7,907 ATMs as part of its network as of June 2025.
Row 10: Canara Bank reported a CASA ratio of 29.70% in Q1 FY27.
Row 11: Canara Bank is exposed to credit risk tied to the seasonality of its agricultural book.
Row 12: Canara Bank is exposed to interest-rate risk.
Row 13: Canara Bank is exposed to ordinary regulatory risk.
Row 14: Canara Bank posted a return on assets of 1.04%.
Row 15: Canara Bank displayed strong profitability with a return on equity of 18.31%.
Row 16: Canara Bank has a cost-to-income ratio of 49.03% for Q1 FY27.
Row 17: Canara Bank demonstrated a strong asset quality profile with a gross NPA of 1.57%.
Row 18: Canara Bank recorded a net NPA of 0.36%.
Row 19: Canara Bank had a provision coverage of 94.76%.
Row 20: Canara Bank has a capital adequacy of 17.17% for Q1 FY27.
Row 21: Canara Bank has a CET1 of 12.91% for Q1 FY27.
Row 22: Canara Bank holds a universal banking license.
Row 23: Canara Bank serves the retail market.
Row 24: Canara Bank is exposed to funding risk given its lower CASA base.
Row 25: Canara Bank serves the agricultural market.
Row 26: Canara Bank maintains international operations in the UK.
Row 27: Canara Bank maintains international operations in Hong Kong.
Row 28: Canara Bank maintains international operations in the UAE.
Row 29: Canara Bank maintains international operations in China.
Row 30: Canara Bank's growth is expected to come from continued retail credit expansion.
Row 31: Canara Bank is headquartered in Bengaluru.
Row 32: Canara Bank depends on its branch density in Karnataka.
Row 33: Canara Bank is headquartered in Karnataka.
Row 34: Canara Bank has a strong retail, agricultural and MSME franchise in South India.
Row 35: Canara Bank distributes insurance products through its Canara HSBC Life Insurance joint venture.
Row 36: Canara Bank distributes asset-management products through its Canara Robeco Asset Management joint venture.
Row 37: Canara Bank uses 2,940 cash-recycling machines within its network as of June 2025.
Row 38: Canara Bank maintains international operations in the US.
Row 39: Canara Bank maintains international operations in Bahrain.
Row 40: Canara Bank maintains international operations in Tanzania.
Row 41: Canara Bank exhibited a weakness in that its net profit grew only about 2% year-on-year despite the strong net-interest-income and advances growth.
Row 42: Canara Bank has an opportunity because its 17.97% advances growth is outpacing several peers.
Row 43: Canara Bank has a lower CASA base, which creates a funding risk.
Row 44: Canara Bank depends on the south Indian rural and monsoon-linked agricultural economy.
Row 45: Canara Bank's key risk driver is monsoon-linked agricultural seasonality.
Row 46: Canara Bank has strong asset-quality relative to peers.
Row 47: Canara Bank is regulated by the RBI.
Row 48: Canara Bank is regulated by the SEBI.
Row 49: Brajesh Kumar Singh serves as the MD & CEO of Canara Bank.
Row 50: Vijay Srirangan is listed by some sources as the non-executive chairman of Canara Bank.
Row 51: The threat that its comparatively low CASA ratio raises the bank's relative sensitivity to funding costs directly threatens Canara Bank.
Row 52: The Government of India holds a 62.93% ownership stake in Canara Bank as of March 2026.","Canara Bank operates an extensive domestic and international network while delivering strong profitability, highlighted by a return on equity of 18.31% and solid asset quality with a gross NPA of 1.57% as of June 2025. However, the institution faces funding risks from a lower CASA ratio of 29.70% in Q1 FY27 alongside vulnerabilities tied to agricultural credit exposure and monsoon dependencies.",Not relevant,"The assistant output discusses profitability, asset quality, and CASA ratio, but completely fails to provide data on total advances or deposit growth for the latest quarter.",
"What credit ratings has Canara Bank received, and from which rating agencies?",F_Simple,F_Simple,0.5428842858605917,simple_triplet,True,"[""Canara Bank""]","[{""entity"": ""Canara Bank"", ""matched_node_name"": ""Canara Bank"", ""matched_id"": ""ccfc9e36-4d48-4822-a2f3-6d6711646230"", ""matched_type"": ""COMPANY"", ""similarity"": 1.0, ""source"": ""gazetteer""}]","What credit ratings has <COMPANY> received, and from which rating agencies?","{""prop1"": ""HAS_RATING"", ""nnp1"": ""ccfc9e36-4d48-4822-a2f3-6d6711646230"", ""nn1"": ""COMPANY"", ""nnp2"": null}","{""nnp1"": ""ccfc9e36-4d48-4822-a2f3-6d6711646230"", ""nnp2"": null, ""nnp3"": null, ""prop1"": ""HAS_RATING"", ""nn1"": ""COMPANY"", ""nn2"": null, ""threshold"": null}",attribute_lookup,8,"Template: simple_triplet (F_Simple)
Query intent: Simple question: subject linked to objects via a predicate.

Row 1: Canara Bank's banking_segment is Public Sector Bank
Row 2: Canara Bank's country is India
Row 3: Canara Bank's description is Canara Bank, headquartered in Bengaluru, Karnataka, is a Government of India-owned universal bank with a strong South Indian retail, agricultural and MSME franchise.
Row 4: Canara Bank's exchange is NSE, BSE
Row 5: Canara Bank's legal_name is Canara Bank
Row 6: Canara Bank's listed is True
Row 7: Canara Bank's sector is Banking
Row 8: Canara Bank's ticker is CANBK","Canara Bank is a publicly listed universal bank owned by the Government of India and headquartered in Bengaluru, Karnataka, trading on the NSE and BSE under the ticker CANBK. The institution operates as a public sector bank within the banking sector, featuring a strong retail, agricultural, and MSME franchise primarily anchored in South India.",Not relevant,The assistant output provides general background information about Canara Bank but completely fails to address the user request regarding credit ratings and rating agencies.,
"Roughly how many branches and ATMs does Canara Bank operate, and as of what date?",F_QuantCount,F_QuantCount,0.5789900185289873,quant_count,True,"[""ATMs"", ""Canara Bank""]","[{""entity"": ""ATMs"", ""matched_node_name"": ""ATMs"", ""matched_id"": ""1d9af7d1-80d1-4631-9a7a-7765335565d0"", ""matched_type"": ""DISTRIBUTIONCHANNEL"", ""similarity"": 1.0, ""source"": ""gazetteer""}, {""entity"": ""Canara Bank"", ""matched_node_name"": ""Canara Bank"", ""matched_id"": ""ccfc9e36-4d48-4822-a2f3-6d6711646230"", ""matched_type"": ""COMPANY"", ""similarity"": 1.0, ""source"": ""gazetteer""}]","Roughly how many branches and <DISTRIBUTIONCHANNEL> does <COMPANY> operate, and as of what date?","{""prop1"": null, ""nnp1"": ""ccfc9e36-4d48-4822-a2f3-6d6711646230"", ""nn2"": ""DISTRIBUTIONCHANNEL"", ""nn1"": ""COMPANY""}","{""nnp1"": ""ccfc9e36-4d48-4822-a2f3-6d6711646230"", ""nnp2"": ""1d9af7d1-80d1-4631-9a7a-7765335565d0"", ""nnp3"": null, ""prop1"": null, ""nn1"": ""COMPANY"", ""nn2"": ""DISTRIBUTIONCHANNEL"", ""threshold"": null}",primary,1,"Template: quant_count (F_QuantCount)
Query intent: Count related objects for a subject entity.

Row 1: subject_name=Canara Bank | object_count=3 (3 facts)
  - Canara Bank runs 9,861 branches as of June 2025.
  - Canara Bank operates 7,907 ATMs as part of its network as of June 2025.
  - Canara Bank uses 2,940 cash-recycling machines within its network as of June 2025.","As of June 2025, Canara Bank operates a robust physical and automated service network comprising 9,861 branches, 7,907 ATMs, and 2,940 cash-recycling machines. This infrastructure enables the bank to deliver widespread banking services across its operational footprint.",Relevant,The assistant directly provides the number of branches and ATMs operated by Canara Bank along with the exact date as requested.,
"What products and services does Canara Bank offer, and which customer segments does it serve?",F_Simple,F_Simple,0.6085853750573809,simple_triplet,True,"[""Canara Bank""]","[{""entity"": ""Canara Bank"", ""matched_node_name"": ""Canara Bank"", ""matched_id"": ""ccfc9e36-4d48-4822-a2f3-6d6711646230"", ""matched_type"": ""COMPANY"", ""similarity"": 1.0, ""source"": ""gazetteer""}]","What products and services does <COMPANY> offer, and which customer segments does it serve?","{""prop1"": ""OFFERS_PRODUCT"", ""nnp1"": ""ccfc9e36-4d48-4822-a2f3-6d6711646230"", ""nn1"": ""COMPANY"", ""nnp2"": null}","{""nnp1"": ""ccfc9e36-4d48-4822-a2f3-6d6711646230"", ""nnp2"": null, ""nnp3"": null, ""prop1"": ""OFFERS_PRODUCT"", ""nn1"": ""COMPANY"", ""nn2"": null, ""threshold"": null}",attribute_lookup,8,"Template: simple_triplet (F_Simple)
Query intent: Simple question: subject linked to objects via a predicate.

Row 1: Canara Bank's banking_segment is Public Sector Bank
Row 2: Canara Bank's country is India
Row 3: Canara Bank's description is Canara Bank, headquartered in Bengaluru, Karnataka, is a Government of India-owned universal bank with a strong South Indian retail, agricultural and MSME franchise.
Row 4: Canara Bank's exchange is NSE, BSE
Row 5: Canara Bank's legal_name is Canara Bank
Row 6: Canara Bank's listed is True
Row 7: Canara Bank's sector is Banking
Row 8: Canara Bank's ticker is CANBK","Canara Bank is a publicly listed universal bank owned by the Government of India and headquartered in Bengaluru, Karnataka, operating primarily within the banking sector with a strong retail, agricultural, and MSME franchise in South India. The institution is classified as a public sector bank, traded under the ticker CANBK on both the NSE and BSE exchanges.",Somewhat relevant,"The output mentions customer segments such as retail, agricultural, and MSME, but fails to detail the specific products and services offered by Canara Bank.",
What is Union Bank of India's ticker symbol and on which exchange(s) does it trade?,F_Simple,F_Simple,0.5660659596990265,simple_triplet,True,"[""Union Bank of India""]","[{""entity"": ""Union Bank of India"", ""matched_node_name"": ""Union Bank of India"", ""matched_id"": ""0775442e-71f2-4a4b-baad-9c4292bf268f"", ""matched_type"": ""COMPANY"", ""similarity"": 1.0, ""source"": ""gazetteer""}]",What is <COMPANY>'s ticker symbol and on which exchange(s) does it trade?,"{""prop1"": null, ""nnp1"": ""0775442e-71f2-4a4b-baad-9c4292bf268f"", ""nn1"": ""COMPANY"", ""nnp2"": null}","{""nnp1"": ""0775442e-71f2-4a4b-baad-9c4292bf268f"", ""nnp2"": null, ""nnp3"": null, ""prop1"": null, ""nn1"": ""COMPANY"", ""nn2"": null, ""threshold"": null}",primary,50,"Template: simple_triplet (F_Simple)
Query intent: Simple question: subject linked to objects via a predicate.

Row 1: A. Manimekhalai's tenure as MD & CEO of Union Bank of India concluded in 2026.
Row 2: Union Bank of India operated 8,910 ATMs as of March 2025.
Row 3: Union Bank of India has an international presence in Abu Dhabi.
Row 4: Union Bank of India posted an advances growth of 12.50% year-on-year.
Row 5: Andhra Bank was amalgamated into Union Bank of India.
Row 6: Asheesh Pandey was appointed MD & CEO of Union Bank of India in 2026.
Row 7: Union Bank of India has an international presence in Beijing.
Row 8: Union Bank of India's average CASA balances exceeded ₹24,000 crore.
Row 9: A precise current CASA ratio could not be found for Union Bank of India.
Row 10: Union Bank of India's CET1 was cited at 15.7%.
Row 11: Corporation Bank was amalgamated into Union Bank of India.
Row 12: Union Bank of India has an international presence in Dubai.
Row 13: FIIs hold an 8.63% institutional stake in Union Bank of India.
Row 14: Union Bank of India is rated by Fitch.
Row 15: Union Bank of India is exposed to funding and liquidity risk if its deposit-growth lag materializes.
Row 16: The Government of India owns roughly 74.76% of Union Bank of India.
Row 17: Union Bank of India has an international presence in Hong Kong.
Row 18: Fitch affirmed Union Bank of India's Long-Term Issuer Default Rating at BBB- Stable.
Row 19: Union Bank of India offers an MSME product suite.
Row 20: Union Bank of India is headquartered in Mumbai.
Row 21: Union Bank of India is headquartered at Union Bank Bhavan in Nariman Point.
Row 22: Union Bank of India posted a net interest margin of 2.80%.
Row 23: Union Bank of India's standalone net profit rose 29.5% year-on-year to ₹5,332 crore.
Row 24: Union Bank of India is regulated by the RBI.
Row 25: Retail investors hold a 4.63% stake in Union Bank of India.
Row 26: Union Bank of India offers a standard retail product suite.
Row 27: Union Bank of India is regulated by the SEBI.
Row 28: Union Bank of India has an international presence in Shanghai.
Row 29: Union Bank of India has an international presence in Sydney.
Row 30: Union Bank of India has an international presence in the UK.
Row 31: Union Bank of India holds a universal banking license.
Row 32: Fitch upgraded Union Bank of India's Viability Rating from bb- to bb.
Row 33: Union Bank of India is undergoing a digital-transformation push branded 'Vyom'.
Row 34: Union Bank of India's Q1 FY27 advances figures rest on a single social-media-sourced citation.
Row 35: Union Bank of India offers an agricultural product suite.
Row 36: Union Bank of India ran 8,621 branches as of March 2025.
Row 37: Union Bank of India posted a capital adequacy of 18.46%.
Row 38: Union Bank of India has capital headroom to pursue its stated 18-20% credit-growth target.
Row 39: Union Bank of India provides cash-management services.
Row 40: Union Bank of India offers a corporate product suite.
Row 41: Union Bank of India is exposed to ordinary credit risk.
Row 42: Union Bank of India saw deposit growth of just 3.50%.
Row 43: Union Bank of India's Q1 FY27 deposit growth figures rest on a single social-media-sourced citation.
Row 44: Union Bank of India's deposit-growth lag is flagged as a potential weakness.
Row 45: Union Bank of India provides forex services.
Row 46: Union Bank of India's gross NPA improved to 2.65%.
Row 47: Insurance entities hold a 6.70% institutional stake in Union Bank of India.
Row 48: Union Bank of India is exposed to interest-rate risk.
Row 49: Mutual funds hold a 4.73% institutional stake in Union Bank of India.
Row 50: Union Bank of India's net NPA stood at 0.47%.","Union Bank of India demonstrated robust financial performance with a 29.5% year-on-year increase in standalone net profit to ₹5,332 crore, alongside an advances growth of 12.50% and improved asset quality marked by a gross NPA of 2.65% and net NPA of 0.47%. However, the institution faces a potential vulnerability from a deposit-growth lag of 3.50%, which exposes the bank to funding and liquidity risks.",Not relevant,The assistant output discusses the bank's financial performance and risks but fails to provide the ticker symbol and stock exchanges requested by the user.,
"Who is the current MD & CEO (or Chairman, where that is the top executive title) of Union Bank of India?",F_Simple,F_Simple,0.6870087860052408,simple_triplet,True,"[""uti"", ""Union Bank of India"", ""MD""]","[{""entity"": ""uti"", ""matched_node_name"": ""UTI"", ""matched_id"": ""fd4feaba-a9ac-4e43-9418-e90485ccc0ee"", ""matched_type"": ""SHAREHOLDER"", ""similarity"": 1.0, ""source"": ""gazetteer""}, {""entity"": ""Union Bank of India"", ""matched_node_name"": ""Union Bank of India"", ""matched_id"": ""0775442e-71f2-4a4b-baad-9c4292bf268f"", ""matched_type"": ""COMPANY"", ""similarity"": 1.0, ""source"": ""gazetteer""}, {""entity"": ""MD"", ""matched_node_name"": ""Sydney"", ""matched_id"": ""6ce73991-b958-4fd6-a892-0d2f5d32b61b"", ""matched_type"": ""GEOGRAPHY"", ""similarity"": 0.6347882270812988, ""source"": ""semantic""}]","Who is the current <GEOGRAPHY> & CEO (or Chairman, where that is the top exec<SHAREHOLDER>ve title) of <COMPANY>?","{""prop1"": ""GovernanceRole"", ""nnp1"": ""0775442e-71f2-4a4b-baad-9c4292bf268f"", ""nn1"": ""COMPANY"", ""nnp2"": ""6ce73991-b958-4fd6-a892-0d2f5d32b61b""}","{""nnp1"": ""0775442e-71f2-4a4b-baad-9c4292bf268f"", ""nnp2"": ""6ce73991-b958-4fd6-a892-0d2f5d32b61b"", ""nnp3"": null, ""prop1"": ""GovernanceRole"", ""nn1"": ""COMPANY"", ""nn2"": ""GEOGRAPHY"", ""threshold"": null}",relaxed_direction,2,"Template: simple_triplet (F_Simple)
Query intent: Simple question: subject linked to objects via a predicate.

Row 1: Asheesh Pandey was appointed MD & CEO of Union Bank of India in 2026.
Row 2: A. Manimekhalai's tenure as MD & CEO of Union Bank of India concluded in 2026.","Asheesh Pandey was appointed as the Managing Director and Chief Executive Officer of Union Bank of India in 2026, succeeding A. Manimekhalai, whose tenure concluded that same year.",Relevant,The assistant output directly and accurately addresses the user's request by identifying the current MD and CEO of Union Bank of India.,
"What percentage of Union Bank of India is held by its government promoter or largest shareholder, and as of what date?",F_LogUnion,F_LogUnion,0.6758920373727951,logical_union,True,"[""Union Bank of India""]","[{""entity"": ""Union Bank of India"", ""matched_node_name"": ""Union Bank of India"", ""matched_id"": ""0775442e-71f2-4a4b-baad-9c4292bf268f"", ""matched_type"": ""COMPANY"", ""similarity"": 1.0, ""source"": ""gazetteer""}]","What percentage of <COMPANY> is held by its government promoter or largest shareholder, and as of what date?","{""prop1"": ""REGULATED_BY"", ""nnp1"": ""0775442e-71f2-4a4b-baad-9c4292bf268f"", ""nn1"": ""COMPANY"", ""nnp2"": null}","{""nnp1"": ""0775442e-71f2-4a4b-baad-9c4292bf268f"", ""nnp2"": null, ""nnp3"": null, ""prop1"": ""REGULATED_BY"", ""nn1"": ""COMPANY"", ""nn2"": null, ""threshold"": null}",primary,50,"Template: logical_union (F_LogUnion)
Query intent: Union of two relationship patterns from the same subject.

Row 1: A. Manimekhalai's tenure as MD & CEO of Union Bank of India concluded in 2026.
Row 2: Union Bank of India operated 8,910 ATMs as of March 2025.
Row 3: Union Bank of India has an international presence in Abu Dhabi.
Row 4: Union Bank of India posted an advances growth of 12.50% year-on-year.
Row 5: Andhra Bank was amalgamated into Union Bank of India.
Row 6: Asheesh Pandey was appointed MD & CEO of Union Bank of India in 2026.
Row 7: Union Bank of India has an international presence in Beijing.
Row 8: Union Bank of India's average CASA balances exceeded ₹24,000 crore.
Row 9: A precise current CASA ratio could not be found for Union Bank of India.
Row 10: Union Bank of India's CET1 was cited at 15.7%.
Row 11: Corporation Bank was amalgamated into Union Bank of India.
Row 12: Union Bank of India has an international presence in Dubai.
Row 13: FIIs hold an 8.63% institutional stake in Union Bank of India.
Row 14: Union Bank of India is rated by Fitch.
Row 15: Union Bank of India is exposed to funding and liquidity risk if its deposit-growth lag materializes.
Row 16: The Government of India owns roughly 74.76% of Union Bank of India.
Row 17: Union Bank of India has an international presence in Hong Kong.
Row 18: Fitch affirmed Union Bank of India's Long-Term Issuer Default Rating at BBB- Stable.
Row 19: Union Bank of India offers an MSME product suite.
Row 20: Union Bank of India is headquartered in Mumbai.
Row 21: Union Bank of India is headquartered at Union Bank Bhavan in Nariman Point.
Row 22: Union Bank of India posted a net interest margin of 2.80%.
Row 23: Union Bank of India's standalone net profit rose 29.5% year-on-year to ₹5,332 crore.
Row 24: Union Bank of India is regulated by the RBI.
Row 25: Retail investors hold a 4.63% stake in Union Bank of India.
Row 26: Union Bank of India offers a standard retail product suite.
Row 27: Union Bank of India is regulated by the SEBI.
Row 28: Union Bank of India has an international presence in Shanghai.
Row 29: Union Bank of India has an international presence in Sydney.
Row 30: Union Bank of India has an international presence in the UK.
Row 31: Union Bank of India holds a universal banking license.
Row 32: Fitch upgraded Union Bank of India's Viability Rating from bb- to bb.
Row 33: Union Bank of India is undergoing a digital-transformation push branded 'Vyom'.
Row 34: Union Bank of India's Q1 FY27 advances figures rest on a single social-media-sourced citation.
Row 35: Union Bank of India offers an agricultural product suite.
Row 36: Union Bank of India ran 8,621 branches as of March 2025.
Row 37: Union Bank of India posted a capital adequacy of 18.46%.
Row 38: Union Bank of India has capital headroom to pursue its stated 18-20% credit-growth target.
Row 39: Union Bank of India provides cash-management services.
Row 40: Union Bank of India offers a corporate product suite.
Row 41: Union Bank of India is exposed to ordinary credit risk.
Row 42: Union Bank of India saw deposit growth of just 3.50%.
Row 43: Union Bank of India's Q1 FY27 deposit growth figures rest on a single social-media-sourced citation.
Row 44: Union Bank of India's deposit-growth lag is flagged as a potential weakness.
Row 45: Union Bank of India provides forex services.
Row 46: Union Bank of India's gross NPA improved to 2.65%.
Row 47: Insurance entities hold a 6.70% institutional stake in Union Bank of India.
Row 48: Union Bank of India is exposed to interest-rate risk.
Row 49: Mutual funds hold a 4.73% institutional stake in Union Bank of India.
Row 50: Union Bank of India's net NPA stood at 0.47%.","Union Bank of India reported a 29.5% year-on-year increase in standalone net profit to ₹5,332 crore alongside a net interest margin of 2.80% and a CET1 ratio of 15.7%. The bank maintains an international presence across multiple global financial centers while operating a vast domestic network of 8,621 branches and 8,910 ATMs as of March 2025.",Not relevant,"The assistant output discusses net profit, margins, and branch counts, completely failing to address the user's request regarding the government promoter or largest shareholder's holding percentage and date.",
What was Union Bank of India's CASA ratio in the most recently reported quarter?,F_Simple,F_Simple,0.4957014209614541,simple_triplet,True,"[""Union Bank of India"", ""CASA ratio""]","[{""entity"": ""Union Bank of India"", ""matched_node_name"": ""Union Bank of India"", ""matched_id"": ""0775442e-71f2-4a4b-baad-9c4292bf268f"", ""matched_type"": ""COMPANY"", ""similarity"": 1.0, ""source"": ""gazetteer""}, {""entity"": ""CASA ratio"", ""matched_node_name"": ""CASA ratio"", ""matched_id"": ""f552ef12-cf71-4307-80e3-1eb10e256154"", ""matched_type"": ""METRIC"", ""similarity"": 1.0, ""source"": ""gazetteer""}]",What was <COMPANY>'s <METRIC> in the most recently reported quarter?,"{""prop1"": null, ""nnp1"": ""0775442e-71f2-4a4b-baad-9c4292bf268f"", ""nn1"": ""COMPANY"", ""nnp2"": ""f552ef12-cf71-4307-80e3-1eb10e256154""}","{""nnp1"": ""0775442e-71f2-4a4b-baad-9c4292bf268f"", ""nnp2"": ""f552ef12-cf71-4307-80e3-1eb10e256154"", ""nnp3"": null, ""prop1"": null, ""nn1"": ""COMPANY"", ""nn2"": ""METRIC"", ""threshold"": null}",primary,1,"Template: simple_triplet (F_Simple)
Query intent: Simple question: subject linked to objects via a predicate.

Row 1: A precise current CASA ratio could not be found for Union Bank of India.","Union Bank of India's precise current CASA ratio is currently unavailable. Consequently, specific current data regarding this metric cannot be provided at this time.",Not relevant,"The assistant output fails to provide the requested CASA ratio, stating instead that the data is unavailable.",
What is Union Bank of India's net interest margin (NIM) for the latest reported period?,F_Simple,F_Simple,0.4559410416941235,simple_triplet,True,"[""Union Bank of India"", ""net interest margin""]","[{""entity"": ""Union Bank of India"", ""matched_node_name"": ""Union Bank of India"", ""matched_id"": ""0775442e-71f2-4a4b-baad-9c4292bf268f"", ""matched_type"": ""COMPANY"", ""similarity"": 1.0, ""source"": ""gazetteer""}, {""entity"": ""net interest margin"", ""matched_node_name"": ""Net interest margin"", ""matched_id"": ""ce0a12ce-b581-4229-a6b2-4d53c46e9d9d"", ""matched_type"": ""METRIC"", ""similarity"": 1.0, ""source"": ""gazetteer""}]",What is <COMPANY>'s <METRIC> (NIM) for the latest reported period?,"{""prop1"": null, ""nnp1"": ""0775442e-71f2-4a4b-baad-9c4292bf268f"", ""nn1"": ""COMPANY"", ""nnp2"": ""ce0a12ce-b581-4229-a6b2-4d53c46e9d9d""}","{""nnp1"": ""0775442e-71f2-4a4b-baad-9c4292bf268f"", ""nnp2"": ""ce0a12ce-b581-4229-a6b2-4d53c46e9d9d"", ""nnp3"": null, ""prop1"": null, ""nn1"": ""COMPANY"", ""nn2"": ""METRIC"", ""threshold"": null}",primary,1,"Template: simple_triplet (F_Simple)
Query intent: Simple question: subject linked to objects via a predicate.

Row 1: Union Bank of India posted a net interest margin of 2.80%.",Union Bank of India reported a net interest margin of 2.80%.,Relevant,The assistant output directly answers the user request by providing Union Bank of India's net interest margin for the latest reported period.,
What are Union Bank of India's gross NPA and net NPA ratios?,F_Simple,F_Simple,0.5339957873182645,simple_triplet,True,"[""Union Bank of India"", ""gross NPA"", ""net NPA""]","[{""entity"": ""Union Bank of India"", ""matched_node_name"": ""Union Bank of India"", ""matched_id"": ""0775442e-71f2-4a4b-baad-9c4292bf268f"", ""matched_type"": ""COMPANY"", ""similarity"": 1.0, ""source"": ""gazetteer""}, {""entity"": ""gross NPA"", ""matched_node_name"": ""gross NPA"", ""matched_id"": ""00c1065d-13f6-42fc-be09-d1a8be6780cd"", ""matched_type"": ""METRIC"", ""similarity"": 1.0, ""source"": ""gazetteer""}, {""entity"": ""net NPA"", ""matched_node_name"": ""net NPA"", ""matched_id"": ""4539ed7c-a229-4073-a946-c4b6498648c7"", ""matched_type"": ""METRIC"", ""similarity"": 1.0, ""source"": ""gazetteer""}]",What are <COMPANY>'s <METRIC> and <METRIC> ratios?,"{""prop1"": null, ""nnp1"": ""0775442e-71f2-4a4b-baad-9c4292bf268f"", ""nn1"": ""COMPANY"", ""nnp2"": ""00c1065d-13f6-42fc-be09-d1a8be6780cd""}","{""nnp1"": ""0775442e-71f2-4a4b-baad-9c4292bf268f"", ""nnp2"": ""00c1065d-13f6-42fc-be09-d1a8be6780cd"", ""nnp3"": null, ""prop1"": null, ""nn1"": ""COMPANY"", ""nn2"": ""METRIC"", ""threshold"": null}",primary,1,"Template: simple_triplet (F_Simple)
Query intent: Simple question: subject linked to objects via a predicate.

Row 1: Union Bank of India's gross NPA improved to 2.65%.","Union Bank of India experienced an improvement in its asset quality, with its gross non-performing assets (NPA) reaching 2.65%.",Somewhat relevant,The assistant output provides the gross NPA ratio but fails to provide the net NPA ratio as requested by the user.,
"What is Union Bank of India's capital adequacy ratio (CRAR), and its CET1 ratio if disclosed?",F_Simple,F_Simple,0.5026933839121343,simple_triplet,True,"[""Union Bank of India"", ""capital adequacy ratio"", ""CE""]","[{""entity"": ""Union Bank of India"", ""matched_node_name"": ""Union Bank of India"", ""matched_id"": ""0775442e-71f2-4a4b-baad-9c4292bf268f"", ""matched_type"": ""COMPANY"", ""similarity"": 1.0, ""source"": ""gazetteer""}, {""entity"": ""capital adequacy ratio"", ""matched_node_name"": ""capital adequacy ratio"", ""matched_id"": ""a9e7103c-2a43-4d54-94d2-0f9178dbb42e"", ""matched_type"": ""METRIC"", ""similarity"": 1.0, ""source"": ""gazetteer""}, {""entity"": ""CE"", ""matched_node_name"": ""NSE"", ""matched_id"": ""f991983e-e758-47f5-acbf-1afe822e5f20"", ""matched_type"": ""COMPANY"", ""similarity"": 0.6484348893165588, ""source"": ""semantic""}]","What is <COMPANY>'s <METRIC> (CRAR), and its <COMPANY>T1 ratio if disclosed?","{""prop1"": null, ""nnp1"": ""0775442e-71f2-4a4b-baad-9c4292bf268f"", ""nn1"": ""COMPANY"", ""nnp2"": ""f991983e-e758-47f5-acbf-1afe822e5f20""}","{""nnp1"": ""0775442e-71f2-4a4b-baad-9c4292bf268f"", ""nnp2"": ""f991983e-e758-47f5-acbf-1afe822e5f20"", ""nnp3"": null, ""prop1"": null, ""nn1"": ""COMPANY"", ""nn2"": ""COMPANY"", ""threshold"": null}",relaxed_direction,56,"Template: simple_triplet (F_Simple)
Query intent: Simple question: subject linked to objects via a predicate.

Row 1: Union Bank of India provides trade finance services.
Row 2: Union Bank of India provides treasury services.
Row 3: Union Bank of India provides forex services.
Row 4: Union Bank of India provides cash-management services.
Row 5: Union Bank of India offers an MSME product suite.
Row 6: Union Bank of India ran 8,621 branches as of March 2025.
Row 7: Union Bank of India operated 8,910 ATMs as of March 2025.
Row 8: A precise current CASA ratio could not be found for Union Bank of India.
Row 9: Union Bank of India's Q1 FY27 advances figures rest on a single social-media-sourced citation.
Row 10: Union Bank of India's net interest income surpassed ₹10,000 crore.
Row 11: Union Bank of India is exposed to ordinary credit risk.
Row 12: Union Bank of India is exposed to interest-rate risk.
Row 13: Union Bank of India posted a return on assets of 1.36% for three consecutive quarters.
Row 14: Union Bank of India's gross NPA improved to 2.65%.
Row 15: Union Bank of India's net NPA stood at 0.47%.
Row 16: Union Bank of India posted a capital adequacy of 18.46%.
Row 17: Union Bank of India's CET1 was cited at 15.7%.
Row 18: Union Bank of India holds a universal banking license.
Row 19: Union Bank of India posted a net interest margin of 2.80%.
Row 20: Union Bank of India offers a standard retail product suite.
Row 21: Union Bank of India's average CASA balances exceeded ₹24,000 crore.
Row 22: Union Bank of India's standalone net profit rose 29.5% year-on-year to ₹5,332 crore.
Row 23: Union Bank of India is exposed to funding and liquidity risk if its deposit-growth lag materializes.
Row 24: Union Bank of India offers an agricultural product suite.
Row 25: Union Bank of India has an international presence in the UK.
Row 26: Union Bank of India has an international presence in Hong Kong.
Row 27: Union Bank of India has an international presence in Dubai.
Row 28: Fitch upgraded Union Bank of India's Viability Rating from bb- to bb.
Row 29: Fitch affirmed Union Bank of India's Long-Term Issuer Default Rating at BBB- Stable.
Row 30: Union Bank of India is headquartered at Union Bank Bhavan in Nariman Point.
Row 31: Union Bank of India is undergoing a digital-transformation push branded 'Vyom'.
Row 32: Union Bank of India offers a corporate product suite.
Row 33: Union Bank of India has an international presence in Sydney.
Row 34: Union Bank of India has an international presence in Shanghai.
Row 35: Union Bank of India has an international presence in Beijing.
Row 36: Union Bank of India has an international presence in Abu Dhabi.
Row 37: Union Bank of India posted an advances growth of 12.50% year-on-year.
Row 38: Union Bank of India's Q1 FY27 deposit growth figures rest on a single social-media-sourced citation.
Row 39: Union Bank of India saw deposit growth of just 3.50%.
Row 40: Union Bank of India's deposit-growth lag is flagged as a potential weakness.
Row 41: Union Bank of India has capital headroom to pursue its stated 18-20% credit-growth target.
Row 42: Union Bank of India is exposed to technology risk tied to its post-merger integration.
Row 43: The key risk driver for Union Bank of India is the pace of deposit mobilization relative to its growth ambition.
Row 44: Union Bank of India is regulated by the RBI.
Row 45: Union Bank of India is regulated by the SEBI.
Row 46: Union Bank of India is rated by Fitch.
Row 47: Union Bank of India is headquartered in Mumbai.
Row 48: Retail investors hold a 4.63% stake in Union Bank of India.
Row 49: Asheesh Pandey was appointed MD & CEO of Union Bank of India in 2026.
Row 50: A. Manimekhalai's tenure as MD & CEO of Union Bank of India concluded in 2026.
Row 51: Insurance entities hold a 6.70% institutional stake in Union Bank of India.
Row 52: Andhra Bank was amalgamated into Union Bank of India.
Row 53: Corporation Bank was amalgamated into Union Bank of India.
Row 54: The Government of India owns roughly 74.76% of Union Bank of India.
Row 55: Mutual funds hold a 4.73% institutional stake in Union Bank of India.
Row 56: FIIs hold an 8.63% institutional stake in Union Bank of India.","Union Bank of India reported a standalone net profit rise of 29.5% year-on-year to ₹5,332 crore alongside a net interest income surpassing ₹10,000 crore. The institution maintains a capital adequacy ratio of 18.46% and a gross NPA of 2.65%, though it faces a key risk regarding its slower deposit growth of 3.50% relative to its credit-growth ambitions.",Somewhat relevant,The assistant provides the capital adequacy ratio but fails to provide the CET1 ratio as requested by the user.,
What are Union Bank of India's return on assets (ROA) and return on equity (ROE) for the latest quarter?,F_Simple,F_Simple,0.6404601230266839,simple_triplet,True,"[""Union Bank of India"", ""return on assets"", ""return on equity""]","[{""entity"": ""Union Bank of India"", ""matched_node_name"": ""Union Bank of India"", ""matched_id"": ""0775442e-71f2-4a4b-baad-9c4292bf268f"", ""matched_type"": ""COMPANY"", ""similarity"": 1.0, ""source"": ""gazetteer""}, {""entity"": ""return on assets"", ""matched_node_name"": ""return on assets"", ""matched_id"": ""dd83a8a6-2dd2-4407-9d71-917240c66c55"", ""matched_type"": ""METRIC"", ""similarity"": 1.0, ""source"": ""gazetteer""}, {""entity"": ""return on equity"", ""matched_node_name"": ""return on equity"", ""matched_id"": ""4c4c7086-00d6-4850-9bcd-ae7c8e8479a8"", ""matched_type"": ""METRIC"", ""similarity"": 1.0, ""source"": ""gazetteer""}]",What are <COMPANY>'s <METRIC> (ROA) and <METRIC> (ROE) for the latest quarter?,"{""prop1"": null, ""nnp1"": ""0775442e-71f2-4a4b-baad-9c4292bf268f"", ""nn1"": ""COMPANY"", ""nnp2"": ""dd83a8a6-2dd2-4407-9d71-917240c66c55""}","{""nnp1"": ""0775442e-71f2-4a4b-baad-9c4292bf268f"", ""nnp2"": ""dd83a8a6-2dd2-4407-9d71-917240c66c55"", ""nnp3"": null, ""prop1"": null, ""nn1"": ""COMPANY"", ""nn2"": ""METRIC"", ""threshold"": null}",primary,1,"Template: simple_triplet (F_Simple)
Query intent: Simple question: subject linked to objects via a predicate.

Row 1: Union Bank of India posted a return on assets of 1.36% for three consecutive quarters.",Union Bank of India achieved a return on assets of 1.36% for three consecutive quarters. This performance highlights the bank's consistent profitability over that period.,Somewhat relevant,The assistant provides the return on assets (ROA) but fails to provide the return on equity (ROE) requested by the user.,
What was Union Bank of India's total advances (loan book) and deposit growth in the latest quarter?,F_Simple,F_Simple,0.5786835426932809,simple_triplet,True,"[""Union Bank of India"", ""total advances"", ""deposit growth""]","[{""entity"": ""Union Bank of India"", ""matched_node_name"": ""Union Bank of India"", ""matched_id"": ""0775442e-71f2-4a4b-baad-9c4292bf268f"", ""matched_type"": ""COMPANY"", ""similarity"": 1.0, ""source"": ""gazetteer""}, {""entity"": ""total advances"", ""matched_node_name"": ""Total Advances"", ""matched_id"": ""96dbb53b-28f6-42c3-96e5-77dc48c86818"", ""matched_type"": ""METRIC"", ""similarity"": 1.0, ""source"": ""gazetteer""}, {""entity"": ""deposit growth"", ""matched_node_name"": ""deposit growth"", ""matched_id"": ""74d2ba68-dde6-485e-ad5d-c3483d1ec0d8"", ""matched_type"": ""METRIC"", ""similarity"": 1.0, ""source"": ""gazetteer""}]",What was <COMPANY>'s <METRIC> (loan book) and <METRIC> in the latest quarter?,"{""prop1"": null, ""nnp1"": ""0775442e-71f2-4a4b-baad-9c4292bf268f"", ""nn1"": ""COMPANY"", ""nnp2"": ""96dbb53b-28f6-42c3-96e5-77dc48c86818""}","{""nnp1"": ""0775442e-71f2-4a4b-baad-9c4292bf268f"", ""nnp2"": ""96dbb53b-28f6-42c3-96e5-77dc48c86818"", ""nnp3"": null, ""prop1"": null, ""nn1"": ""COMPANY"", ""nn2"": ""METRIC"", ""threshold"": null}",relaxed_direction,56,"Template: simple_triplet (F_Simple)
Query intent: Simple question: subject linked to objects via a predicate.

Row 1: Union Bank of India provides trade finance services.
Row 2: Union Bank of India provides treasury services.
Row 3: Union Bank of India provides forex services.
Row 4: Union Bank of India provides cash-management services.
Row 5: Union Bank of India offers an MSME product suite.
Row 6: Union Bank of India ran 8,621 branches as of March 2025.
Row 7: Union Bank of India operated 8,910 ATMs as of March 2025.
Row 8: A precise current CASA ratio could not be found for Union Bank of India.
Row 9: Union Bank of India's Q1 FY27 advances figures rest on a single social-media-sourced citation.
Row 10: Union Bank of India's net interest income surpassed ₹10,000 crore.
Row 11: Union Bank of India is exposed to ordinary credit risk.
Row 12: Union Bank of India is exposed to interest-rate risk.
Row 13: Union Bank of India posted a return on assets of 1.36% for three consecutive quarters.
Row 14: Union Bank of India's gross NPA improved to 2.65%.
Row 15: Union Bank of India's net NPA stood at 0.47%.
Row 16: Union Bank of India posted a capital adequacy of 18.46%.
Row 17: Union Bank of India's CET1 was cited at 15.7%.
Row 18: Union Bank of India holds a universal banking license.
Row 19: Union Bank of India posted a net interest margin of 2.80%.
Row 20: Union Bank of India offers a standard retail product suite.
Row 21: Union Bank of India's average CASA balances exceeded ₹24,000 crore.
Row 22: Union Bank of India's standalone net profit rose 29.5% year-on-year to ₹5,332 crore.
Row 23: Union Bank of India is exposed to funding and liquidity risk if its deposit-growth lag materializes.
Row 24: Union Bank of India offers an agricultural product suite.
Row 25: Union Bank of India has an international presence in the UK.
Row 26: Union Bank of India has an international presence in Hong Kong.
Row 27: Union Bank of India has an international presence in Dubai.
Row 28: Fitch upgraded Union Bank of India's Viability Rating from bb- to bb.
Row 29: Fitch affirmed Union Bank of India's Long-Term Issuer Default Rating at BBB- Stable.
Row 30: Union Bank of India is headquartered at Union Bank Bhavan in Nariman Point.
Row 31: Union Bank of India is undergoing a digital-transformation push branded 'Vyom'.
Row 32: Union Bank of India offers a corporate product suite.
Row 33: Union Bank of India has an international presence in Sydney.
Row 34: Union Bank of India has an international presence in Shanghai.
Row 35: Union Bank of India has an international presence in Beijing.
Row 36: Union Bank of India has an international presence in Abu Dhabi.
Row 37: Union Bank of India posted an advances growth of 12.50% year-on-year.
Row 38: Union Bank of India's Q1 FY27 deposit growth figures rest on a single social-media-sourced citation.
Row 39: Union Bank of India saw deposit growth of just 3.50%.
Row 40: Union Bank of India's deposit-growth lag is flagged as a potential weakness.
Row 41: Union Bank of India has capital headroom to pursue its stated 18-20% credit-growth target.
Row 42: Union Bank of India is exposed to technology risk tied to its post-merger integration.
Row 43: The key risk driver for Union Bank of India is the pace of deposit mobilization relative to its growth ambition.
Row 44: Union Bank of India is regulated by the RBI.
Row 45: Union Bank of India is regulated by the SEBI.
Row 46: Union Bank of India is rated by Fitch.
Row 47: Union Bank of India is headquartered in Mumbai.
Row 48: Retail investors hold a 4.63% stake in Union Bank of India.
Row 49: Asheesh Pandey was appointed MD & CEO of Union Bank of India in 2026.
Row 50: A. Manimekhalai's tenure as MD & CEO of Union Bank of India concluded in 2026.
Row 51: Insurance entities hold a 6.70% institutional stake in Union Bank of India.
Row 52: Andhra Bank was amalgamated into Union Bank of India.
Row 53: Corporation Bank was amalgamated into Union Bank of India.
Row 54: The Government of India owns roughly 74.76% of Union Bank of India.
Row 55: Mutual funds hold a 4.73% institutional stake in Union Bank of India.
Row 56: FIIs hold an 8.63% institutional stake in Union Bank of India.","Union Bank of India delivered strong financial performance with a 29.5% year-on-year increase in standalone net profit to ₹5,332 crore, alongside solid asset quality metrics including a gross NPA of 2.65% and a net NPA of 0.47%. However, the institution faces potential liquidity and funding risks due to a deposit growth lag of just 3.50% relative to its credit-growth ambitions, even as it maintains a robust capital adequacy ratio of 18.46%.",Somewhat relevant,The output mentions the deposit growth rate but fails to provide the specific total advances (loan book) amount requested by the user.,
"What credit ratings has Union Bank of India received, and from which rating agencies?",F_Simple,F_Simple,0.5428842858605917,simple_triplet,True,"[""Union Bank of India""]","[{""entity"": ""Union Bank of India"", ""matched_node_name"": ""Union Bank of India"", ""matched_id"": ""0775442e-71f2-4a4b-baad-9c4292bf268f"", ""matched_type"": ""COMPANY"", ""similarity"": 1.0, ""source"": ""gazetteer""}]","What credit ratings has <COMPANY> received, and from which rating agencies?","{""prop1"": ""HAS_RATING"", ""nnp1"": ""0775442e-71f2-4a4b-baad-9c4292bf268f"", ""nn1"": ""COMPANY"", ""nnp2"": null}","{""nnp1"": ""0775442e-71f2-4a4b-baad-9c4292bf268f"", ""nnp2"": null, ""nnp3"": null, ""prop1"": ""HAS_RATING"", ""nn1"": ""COMPANY"", ""nn2"": null, ""threshold"": null}",primary,2,"Template: simple_triplet (F_Simple)
Query intent: Simple question: subject linked to objects via a predicate.

Row 1: Fitch affirmed Union Bank of India's Long-Term Issuer Default Rating at BBB- Stable.
Row 2: Fitch upgraded Union Bank of India's Viability Rating from bb- to bb.","Fitch Ratings affirmed the Long-Term Issuer Default Rating of Union Bank of India at BBB- with a Stable outlook. Additionally, the agency upgraded the bank's Viability Rating from bb- to bb.",Somewhat relevant,"The assistant provides credit rating information for Union Bank of India from one agency (Fitch Ratings), but fails to mention ratings from other agencies as requested by the user.",
"Roughly how many branches and ATMs does Union Bank of India operate, and as of what date?",F_QuantCount,F_QuantCount,0.5789900185289873,quant_count,True,"[""ATMs"", ""Union Bank of India""]","[{""entity"": ""ATMs"", ""matched_node_name"": ""ATMs"", ""matched_id"": ""1d9af7d1-80d1-4631-9a7a-7765335565d0"", ""matched_type"": ""DISTRIBUTIONCHANNEL"", ""similarity"": 1.0, ""source"": ""gazetteer""}, {""entity"": ""Union Bank of India"", ""matched_node_name"": ""Union Bank of India"", ""matched_id"": ""0775442e-71f2-4a4b-baad-9c4292bf268f"", ""matched_type"": ""COMPANY"", ""similarity"": 1.0, ""source"": ""gazetteer""}]","Roughly how many branches and <DISTRIBUTIONCHANNEL> does <COMPANY> operate, and as of what date?","{""prop1"": null, ""nnp1"": ""0775442e-71f2-4a4b-baad-9c4292bf268f"", ""nn2"": ""DISTRIBUTIONCHANNEL"", ""nn1"": ""COMPANY""}","{""nnp1"": ""0775442e-71f2-4a4b-baad-9c4292bf268f"", ""nnp2"": ""1d9af7d1-80d1-4631-9a7a-7765335565d0"", ""nnp3"": null, ""prop1"": null, ""nn1"": ""COMPANY"", ""nn2"": ""DISTRIBUTIONCHANNEL"", ""threshold"": null}",primary,1,"Template: quant_count (F_QuantCount)
Query intent: Count related objects for a subject entity.

Row 1: subject_name=Union Bank of India | object_count=2 (2 facts)
  - Union Bank of India ran 8,621 branches as of March 2025.
  - Union Bank of India operated 8,910 ATMs as of March 2025.","As of March 2025, Union Bank of India operated a network comprising 8,621 branches and 8,910 ATMs.",Relevant,The assistant output directly and accurately addresses both the number of branches and ATMs as well as the specific date requested.,
"What products and services does Union Bank of India offer, and which customer segments does it serve?",F_Simple,F_Simple,0.6085853750573809,simple_triplet,True,"[""Union Bank of India""]","[{""entity"": ""Union Bank of India"", ""matched_node_name"": ""Union Bank of India"", ""matched_id"": ""0775442e-71f2-4a4b-baad-9c4292bf268f"", ""matched_type"": ""COMPANY"", ""similarity"": 1.0, ""source"": ""gazetteer""}]","What products and services does <COMPANY> offer, and which customer segments does it serve?","{""prop1"": ""OFFERS_PRODUCT"", ""nnp1"": ""0775442e-71f2-4a4b-baad-9c4292bf268f"", ""nn1"": ""COMPANY"", ""nnp2"": null}","{""nnp1"": ""0775442e-71f2-4a4b-baad-9c4292bf268f"", ""nnp2"": null, ""nnp3"": null, ""prop1"": ""OFFERS_PRODUCT"", ""nn1"": ""COMPANY"", ""nn2"": null, ""threshold"": null}",attribute_lookup,8,"Template: simple_triplet (F_Simple)
Query intent: Simple question: subject linked to objects via a predicate.

Row 1: Union Bank of India's banking_segment is Public Sector Bank
Row 2: Union Bank of India's country is India
Row 3: Union Bank of India's description is Union Bank of India, headquartered at Union Bank Bhavan, Nariman Point, Mumbai, is a Government of India-owned universal bank undergoing a digital-transformation push branded Vyom.
Row 4: Union Bank of India's exchange is NSE, BSE
Row 5: Union Bank of India's legal_name is Union Bank of India
Row 6: Union Bank of India's listed is True
Row 7: Union Bank of India's sector is Banking
Row 8: Union Bank of India's ticker is UNIONBANK","Headquartered in Mumbai and listed on the NSE and BSE under the ticker UNIONBANK, Union Bank of India is a government-owned public sector universal bank currently advancing a digital-transformation initiative known as Vyom. Operating within the banking sector, the institution is officially recognized by its legal name, Union Bank of India.",Not relevant,"The assistant output provides general corporate information about the bank's headquarters, stock tickers, and digital transformation, but fails to answer the user's questions regarding the specific products, services, and customer segments offered.",
What is Bank of India's ticker symbol and on which exchange(s) does it trade?,F_Simple,F_Simple,0.5660659596990265,simple_triplet,True,"[""Bank of India""]","[{""entity"": ""Bank of India"", ""matched_node_name"": ""Bank of India"", ""matched_id"": ""449a67f4-f12a-4e7e-8301-f545be3cbdb7"", ""matched_type"": ""COMPANY"", ""similarity"": 1.0, ""source"": ""gazetteer""}]",What is <COMPANY>'s ticker symbol and on which exchange(s) does it trade?,"{""prop1"": null, ""nnp1"": ""449a67f4-f12a-4e7e-8301-f545be3cbdb7"", ""nn1"": ""COMPANY"", ""nnp2"": null}","{""nnp1"": ""449a67f4-f12a-4e7e-8301-f545be3cbdb7"", ""nnp2"": null, ""nnp3"": null, ""prop1"": null, ""nn1"": ""COMPANY"", ""nn2"": null, ""threshold"": null}",primary,39,"Template: simple_triplet (F_Simple)
Query intent: Simple question: subject linked to objects via a predicate.

Row 1: Bank of India operates 8,166 domestic ATMs as part of its network.
Row 2: Bank of India is headquartered at the Bandra Kurla Complex.
Row 3: Bank of India reported a reasonably stable CASA ratio of 36.68% in Q1 FY27.
Row 4: Bank of India reported an 18.84% year-on-year growth in global advances, reaching ₹7.98 lakh crore.
Row 5: Bank of India's global deposits grew by 14.90% to reach ₹9.58 lakh crore.
Row 6: Bank of India is a Government of India-owned bank, with ownership cited at 73.38%.
Row 7: Bank of India offers standard products tailored to serve its MSME customers.
Row 8: Bank of India is headquartered in Maharashtra.
Row 9: Bank of India is headquartered in Mumbai.
Row 10: Bank of India reported a global net interest margin of 2.52% in Q1 FY27.
Row 11: Rajneesh Karnatak is the MD & CEO of Bank of India.
Row 12: Bank of India is formally regulated by the Reserve Bank of India (RBI).
Row 13: Bank of India offers the standard range of products to serve its retail customers.
Row 14: Bank of India is regulated by the Securities and Exchange Board of India (SEBI).
Row 15: Bank of India holds a universal banking license.
Row 16: Bank of India offers standard products to serve its agricultural customers.
Row 17: Bank of India's strongest and most directly evidenced point this quarter was its significant asset-quality improvement.
Row 18: Bank of India utilizes a domestic distribution channel consisting of 5,202 branches.
Row 19: Bank of India improved its capital adequacy ratio to 18.69% in Q1 FY27.
Row 20: Bank of India provides cash-management services.
Row 21: Bank of India reported a consolidated net profit of ₹1,747.39 crore, showing an unresolved inconsistency with its standalone figure.
Row 22: Bank of India offers standard products designed to serve its corporate customers.
Row 23: Bank of India reported a cost-to-income ratio of 46.3% in Q1 FY27.
Row 24: Bank of India reported a very low credit cost of 0.15% this quarter.
Row 25: Bank of India is exposed to ordinary credit risk.
Row 26: Bank of India displays a potential weakness regarding disclosure consistency between standalone and consolidated reporting.
Row 27: Bank of India reported domestic gross advances increased by 19.20% to ₹6.74 lakh crore.
Row 28: Bank of India provides forex services.
Row 29: Bank of India reported that its gross NPA fell by 111 basis points year-on-year to 1.81%.
Row 30: Bank of India remains exposed to general interest-rate risk.
Row 31: Bank of India's net NPA decreased by 24 basis points to 0.51%.
Row 32: Bank of India's net interest income grew 12.61% to reach ₹6,833 crore.
Row 33: Bank of India maintains a strong provision coverage ratio of 93.63%.
Row 34: Bank of India is subject to ordinary regulatory risk.
Row 35: Bank of India reported a return on assets of 1.01% in Q1 FY27.
Row 36: Bank of India reported a very low slippage ratio of 0.24% for the quarter.
Row 37: Bank of India reported a 36.23% year-on-year rise in standalone net profit, reaching ₹3,068 crore.
Row 38: Bank of India provides trade finance services to its customers.
Row 39: Bank of India provides treasury services.","Bank of India reported a strong financial performance in Q1 FY27, highlighted by a standalone net profit of ₹3,068 crore and robust global advances growth of 18.84% to reach ₹7.98 lakh crore. The institution also demonstrated significant asset-quality improvement, with gross NPA falling to 1.81% and a capital adequacy ratio of 18.69%.",Not relevant,The assistant output provides financial performance metrics for Q1 FY27 but completely fails to answer the user's question regarding Bank of India's ticker symbol and trading exchanges.,
"Who is the current MD & CEO (or Chairman, where that is the top executive title) of Bank of India?",F_Simple,F_Simple,0.6870087860052408,simple_triplet,True,"[""uti"", ""Bank of India""]","[{""entity"": ""uti"", ""matched_node_name"": ""UTI"", ""matched_id"": ""fd4feaba-a9ac-4e43-9418-e90485ccc0ee"", ""matched_type"": ""SHAREHOLDER"", ""similarity"": 1.0, ""source"": ""gazetteer""}, {""entity"": ""Bank of India"", ""matched_node_name"": ""Bank of India"", ""matched_id"": ""449a67f4-f12a-4e7e-8301-f545be3cbdb7"", ""matched_type"": ""COMPANY"", ""similarity"": 1.0, ""source"": ""gazetteer""}]","Who is the current MD & CEO (or Chairman, where that is the top exec<SHAREHOLDER>ve title) of <COMPANY>?","{""prop1"": ""GovernanceRole"", ""nnp1"": ""449a67f4-f12a-4e7e-8301-f545be3cbdb7"", ""nn1"": ""COMPANY"", ""nnp2"": ""fd4feaba-a9ac-4e43-9418-e90485ccc0ee""}","{""nnp1"": ""449a67f4-f12a-4e7e-8301-f545be3cbdb7"", ""nnp2"": ""fd4feaba-a9ac-4e43-9418-e90485ccc0ee"", ""nnp3"": null, ""prop1"": ""GovernanceRole"", ""nn1"": ""COMPANY"", ""nn2"": ""SHAREHOLDER"", ""threshold"": null}",relaxed_direction,1,"Template: simple_triplet (F_Simple)
Query intent: Simple question: subject linked to objects via a predicate.

Row 1: Rajneesh Karnatak is the MD & CEO of Bank of India.",Rajneesh Karnatak serves as the Managing Director and Chief Executive Officer of the Bank of India.,Relevant,The assistant output directly and accurately addresses the user's request by naming the current MD & CEO of Bank of India.,
"What percentage of Bank of India is held by its government promoter or largest shareholder, and as of what date?",F_LogUnion,F_LogUnion,0.6758920373727951,logical_union,True,"[""Bank of India""]","[{""entity"": ""Bank of India"", ""matched_node_name"": ""Bank of India"", ""matched_id"": ""449a67f4-f12a-4e7e-8301-f545be3cbdb7"", ""matched_type"": ""COMPANY"", ""similarity"": 1.0, ""source"": ""gazetteer""}]","What percentage of <COMPANY> is held by its government promoter or largest shareholder, and as of what date?","{""prop1"": ""REGULATED_BY"", ""nnp1"": ""449a67f4-f12a-4e7e-8301-f545be3cbdb7"", ""nn1"": ""COMPANY"", ""nnp2"": null}","{""nnp1"": ""449a67f4-f12a-4e7e-8301-f545be3cbdb7"", ""nnp2"": null, ""nnp3"": null, ""prop1"": ""REGULATED_BY"", ""nn1"": ""COMPANY"", ""nn2"": null, ""threshold"": null}",primary,39,"Template: logical_union (F_LogUnion)
Query intent: Union of two relationship patterns from the same subject.

Row 1: Bank of India operates 8,166 domestic ATMs as part of its network.
Row 2: Bank of India is headquartered at the Bandra Kurla Complex.
Row 3: Bank of India reported a reasonably stable CASA ratio of 36.68% in Q1 FY27.
Row 4: Bank of India reported an 18.84% year-on-year growth in global advances, reaching ₹7.98 lakh crore.
Row 5: Bank of India's global deposits grew by 14.90% to reach ₹9.58 lakh crore.
Row 6: Bank of India is a Government of India-owned bank, with ownership cited at 73.38%.
Row 7: Bank of India offers standard products tailored to serve its MSME customers.
Row 8: Bank of India is headquartered in Maharashtra.
Row 9: Bank of India is headquartered in Mumbai.
Row 10: Bank of India reported a global net interest margin of 2.52% in Q1 FY27.
Row 11: Rajneesh Karnatak is the MD & CEO of Bank of India.
Row 12: Bank of India is formally regulated by the Reserve Bank of India (RBI).
Row 13: Bank of India offers the standard range of products to serve its retail customers.
Row 14: Bank of India is regulated by the Securities and Exchange Board of India (SEBI).
Row 15: Bank of India holds a universal banking license.
Row 16: Bank of India offers standard products to serve its agricultural customers.
Row 17: Bank of India's strongest and most directly evidenced point this quarter was its significant asset-quality improvement.
Row 18: Bank of India utilizes a domestic distribution channel consisting of 5,202 branches.
Row 19: Bank of India improved its capital adequacy ratio to 18.69% in Q1 FY27.
Row 20: Bank of India provides cash-management services.
Row 21: Bank of India reported a consolidated net profit of ₹1,747.39 crore, showing an unresolved inconsistency with its standalone figure.
Row 22: Bank of India offers standard products designed to serve its corporate customers.
Row 23: Bank of India reported a cost-to-income ratio of 46.3% in Q1 FY27.
Row 24: Bank of India reported a very low credit cost of 0.15% this quarter.
Row 25: Bank of India is exposed to ordinary credit risk.
Row 26: Bank of India displays a potential weakness regarding disclosure consistency between standalone and consolidated reporting.
Row 27: Bank of India reported domestic gross advances increased by 19.20% to ₹6.74 lakh crore.
Row 28: Bank of India provides forex services.
Row 29: Bank of India reported that its gross NPA fell by 111 basis points year-on-year to 1.81%.
Row 30: Bank of India remains exposed to general interest-rate risk.
Row 31: Bank of India's net NPA decreased by 24 basis points to 0.51%.
Row 32: Bank of India's net interest income grew 12.61% to reach ₹6,833 crore.
Row 33: Bank of India maintains a strong provision coverage ratio of 93.63%.
Row 34: Bank of India is subject to ordinary regulatory risk.
Row 35: Bank of India reported a return on assets of 1.01% in Q1 FY27.
Row 36: Bank of India reported a very low slippage ratio of 0.24% for the quarter.
Row 37: Bank of India reported a 36.23% year-on-year rise in standalone net profit, reaching ₹3,068 crore.
Row 38: Bank of India provides trade finance services to its customers.
Row 39: Bank of India provides treasury services.","Bank of India reported a strong financial performance in Q1 FY27, highlighted by a 36.23% year-on-year increase in standalone net profit to ₹3,068 crore, robust global advances growth of 18.84% to ₹7.98 lakh crore, and significant asset-quality improvements that included a gross NPA reduction to 1.81%. The government-owned institution also strengthened its capital adequacy ratio to 18.69% while maintaining a stable CASA ratio of 36.68% and a global net interest margin of 2.52%.",Not relevant,The assistant output discusses financial performance and asset quality metrics for Bank of India but fails to provide the percentage of shares held by the government promoter or largest shareholder and the associated date.,
What was Bank of India's CASA ratio in the most recently reported quarter?,F_Simple,F_Simple,0.4957014209614541,simple_triplet,True,"[""Bank of India"", ""CASA ratio""]","[{""entity"": ""Bank of India"", ""matched_node_name"": ""Bank of India"", ""matched_id"": ""449a67f4-f12a-4e7e-8301-f545be3cbdb7"", ""matched_type"": ""COMPANY"", ""similarity"": 1.0, ""source"": ""gazetteer""}, {""entity"": ""CASA ratio"", ""matched_node_name"": ""CASA ratio"", ""matched_id"": ""f552ef12-cf71-4307-80e3-1eb10e256154"", ""matched_type"": ""METRIC"", ""similarity"": 1.0, ""source"": ""gazetteer""}]",What was <COMPANY>'s <METRIC> in the most recently reported quarter?,"{""prop1"": null, ""nnp1"": ""449a67f4-f12a-4e7e-8301-f545be3cbdb7"", ""nn1"": ""COMPANY"", ""nnp2"": ""f552ef12-cf71-4307-80e3-1eb10e256154""}","{""nnp1"": ""449a67f4-f12a-4e7e-8301-f545be3cbdb7"", ""nnp2"": ""f552ef12-cf71-4307-80e3-1eb10e256154"", ""nnp3"": null, ""prop1"": null, ""nn1"": ""COMPANY"", ""nn2"": ""METRIC"", ""threshold"": null}",primary,1,"Template: simple_triplet (F_Simple)
Query intent: Simple question: subject linked to objects via a predicate.

Row 1: Bank of India reported a reasonably stable CASA ratio of 36.68% in Q1 FY27.",Bank of India reported a reasonably stable CASA ratio of 36.68% in the first quarter of fiscal year 2027.,Relevant,The assistant output directly and completely answers the user request by providing Bank of India's CASA ratio for the most recently reported quarter.,
What is Bank of India's net interest margin (NIM) for the latest reported period?,F_Simple,F_Simple,0.4559410416941235,simple_triplet,True,"[""Bank of India"", ""net interest margin""]","[{""entity"": ""Bank of India"", ""matched_node_name"": ""Bank of India"", ""matched_id"": ""449a67f4-f12a-4e7e-8301-f545be3cbdb7"", ""matched_type"": ""COMPANY"", ""similarity"": 1.0, ""source"": ""gazetteer""}, {""entity"": ""net interest margin"", ""matched_node_name"": ""Net interest margin"", ""matched_id"": ""ce0a12ce-b581-4229-a6b2-4d53c46e9d9d"", ""matched_type"": ""METRIC"", ""similarity"": 1.0, ""source"": ""gazetteer""}]",What is <COMPANY>'s <METRIC> (NIM) for the latest reported period?,"{""prop1"": null, ""nnp1"": ""449a67f4-f12a-4e7e-8301-f545be3cbdb7"", ""nn1"": ""COMPANY"", ""nnp2"": ""ce0a12ce-b581-4229-a6b2-4d53c46e9d9d""}","{""nnp1"": ""449a67f4-f12a-4e7e-8301-f545be3cbdb7"", ""nnp2"": ""ce0a12ce-b581-4229-a6b2-4d53c46e9d9d"", ""nnp3"": null, ""prop1"": null, ""nn1"": ""COMPANY"", ""nn2"": ""METRIC"", ""threshold"": null}",primary,1,"Template: simple_triplet (F_Simple)
Query intent: Simple question: subject linked to objects via a predicate.

Row 1: Bank of India reported a global net interest margin of 2.52% in Q1 FY27.",Bank of India reported a global net interest margin of 2.52% for the first quarter of fiscal year 2027.,Relevant,The assistant output directly answers the user request by providing Bank of India's net interest margin for the latest reported period.,
What are Bank of India's gross NPA and net NPA ratios?,F_Simple,F_Simple,0.5339957873182645,simple_triplet,True,"[""Bank of India"", ""gross NPA"", ""net NPA""]","[{""entity"": ""Bank of India"", ""matched_node_name"": ""Bank of India"", ""matched_id"": ""449a67f4-f12a-4e7e-8301-f545be3cbdb7"", ""matched_type"": ""COMPANY"", ""similarity"": 1.0, ""source"": ""gazetteer""}, {""entity"": ""gross NPA"", ""matched_node_name"": ""gross NPA"", ""matched_id"": ""00c1065d-13f6-42fc-be09-d1a8be6780cd"", ""matched_type"": ""METRIC"", ""similarity"": 1.0, ""source"": ""gazetteer""}, {""entity"": ""net NPA"", ""matched_node_name"": ""net NPA"", ""matched_id"": ""4539ed7c-a229-4073-a946-c4b6498648c7"", ""matched_type"": ""METRIC"", ""similarity"": 1.0, ""source"": ""gazetteer""}]",What are <COMPANY>'s <METRIC> and <METRIC> ratios?,"{""prop1"": null, ""nnp1"": ""449a67f4-f12a-4e7e-8301-f545be3cbdb7"", ""nn1"": ""COMPANY"", ""nnp2"": ""00c1065d-13f6-42fc-be09-d1a8be6780cd""}","{""nnp1"": ""449a67f4-f12a-4e7e-8301-f545be3cbdb7"", ""nnp2"": ""00c1065d-13f6-42fc-be09-d1a8be6780cd"", ""nnp3"": null, ""prop1"": null, ""nn1"": ""COMPANY"", ""nn2"": ""METRIC"", ""threshold"": null}",primary,1,"Template: simple_triplet (F_Simple)
Query intent: Simple question: subject linked to objects via a predicate.

Row 1: Bank of India reported that its gross NPA fell by 111 basis points year-on-year to 1.81%.",Bank of India reported that its gross non-performing assets fell by 111 basis points year-on-year to 1.81%.,Somewhat relevant,The assistant output provides the gross NPA ratio but fails to provide the net NPA ratio as requested by the user.,
