query,is_gap,method,company_uuid,prop1_list,graph_match_count,kg_row_count,summary,judge_label
What is State Bank of India's ticker symbol and on which exchange(s) does it trade?,True,summary_fallback,a512c753-67dc-4353-9004-6e74f5b5d709,[],0,1,The retrieved facts do not cover State Bank of India's ticker symbol or the exchange(s) on which it trades.,Not relevant
"Who is the current MD & CEO (or Chairman, where that is the top executive title) of State Bank of India?",False,graph_check,a512c753-67dc-4353-9004-6e74f5b5d709,"['GovernanceRole', 'HOLDS_ROLE']",1,1,"The current Chairman and top executive of State Bank of India is C S Setty, as of August 1, 2024.",Relevant
"What percentage of State Bank of India is held by its government promoter or largest shareholder, and as of what date?",False,graph_check,a512c753-67dc-4353-9004-6e74f5b5d709,"['OWNS', 'REGULATED_BY', 'OwnershipStake', 'HELD_BY', 'OWNS_STAKE_IN']",8,8,"The Government of India, serving as the majority owner and largest shareholder, holds a 55.03% stake in State Bank of India as of 31 March 2026.",Relevant
What was State Bank of India's CASA ratio in the most recently reported quarter?,False,graph_check,a512c753-67dc-4353-9004-6e74f5b5d709,"['HAS_METRIC', 'MetricObservation']",12,12,"State Bank of India recorded a CASA ratio of 39.24% in the June 2026 quarter. During this same period, the bank also reported total deposits of ₹60.06 trillion.",Relevant
What is State Bank of India's net interest margin (NIM) for the latest reported period?,False,graph_check,a512c753-67dc-4353-9004-6e74f5b5d709,"['HAS_METRIC', 'MetricObservation']",12,12,State Bank of India has a domestic net interest margin of 3.00%. The provided facts do not specify the net interest margin for the latest reported period beyond this domestic figure.,Somewhat relevant
What are State Bank of India's gross NPA and net NPA ratios?,False,graph_check,a512c753-67dc-4353-9004-6e74f5b5d709,"['HAS_METRIC', 'MetricObservation']",12,12,"State Bank of India recorded a gross NPA ratio of 1.47% in the June 2026 quarter. Additionally, the bank reported a net NPA ratio of 0.38% for the same period.",Relevant
"What is State Bank of India's capital adequacy ratio (CRAR), and its CET1 ratio if disclosed?",False,graph_check,a512c753-67dc-4353-9004-6e74f5b5d709,"['HAS_METRIC', 'MetricObservation']",12,12,"State Bank of India maintained a capital adequacy ratio (CRAR) of 15.67% in the June 2026 quarter. However, the retrieved facts do not disclose the specific CET1 ratio figure, noting only that it is comfortably above the regulatory minimum of 8.80%.",Somewhat relevant
What are State Bank of India's return on assets (ROA) and return on equity (ROE) for the latest quarter?,False,graph_check,a512c753-67dc-4353-9004-6e74f5b5d709,"['HAS_METRIC', 'MetricObservation']",12,12,"State Bank of India reported a return on assets of 1.11% for the June 2026 quarter. During the same period, the bank recorded a return on equity of 17.87%.",Relevant
What was State Bank of India's total advances (loan book) and deposit growth in the latest quarter?,False,graph_check,a512c753-67dc-4353-9004-6e74f5b5d709,"['HAS_METRIC', 'MetricObservation']",12,12,"In the June 2026 quarter, State Bank of India recorded total deposits of ₹60.06 trillion, representing a 9.73% year-on-year increase. However, the retrieved facts do not cover the total advances or loan book growth.",Somewhat relevant
"What credit ratings has State Bank of India received, and from which rating agencies?",False,graph_check,a512c753-67dc-4353-9004-6e74f5b5d709,['HAS_RATING'],3,3,"State Bank of India has historically received long-term issuer and deposit ratings in the Baa2 and Baa3 ranges from Moody's, as well as the BBB- range from S&P and Fitch.",Relevant
"Roughly how many branches and ATMs does State Bank of India operate, and as of what date?",False,summary_fallback,a512c753-67dc-4353-9004-6e74f5b5d709,[],0,1,"State Bank of India operates roughly 22,500 branches and roughly 65,000 ATMs. The retrieved facts do not cover the specific date as of which these figures apply.",Somewhat relevant
"What products and services does State Bank of India offer, and which customer segments does it serve?",False,graph_check,a512c753-67dc-4353-9004-6e74f5b5d709,"['OFFERS_PRODUCT', 'SERVES']",9,9,"State Bank of India offers credit cards and debit cards to its clientele. It serves a diverse range of customer segments, including retail mass-market customers, High Net Worth Individuals, the NRI community, MSMEs, large corporates, institutional clients, and government clients.",Somewhat relevant
What is Bank of Baroda's ticker symbol and on which exchange(s) does it trade?,True,summary_fallback,2254cee1-6db0-4b96-9471-a6a45a3f6b64,[],0,5,The retrieved facts do not cover Bank of Baroda's ticker symbol or the specific exchange(s) on which it trades.,Not relevant
"Who is the current MD & CEO (or Chairman, where that is the top executive title) of Bank of Baroda?",False,graph_check,2254cee1-6db0-4b96-9471-a6a45a3f6b64,"['GovernanceRole', 'HOLDS_ROLE']",1,1,The current MD & CEO of Bank of Baroda is Debadatta Chand.,Relevant
"What percentage of Bank of Baroda is held by its government promoter or largest shareholder, and as of what date?",False,graph_check,2254cee1-6db0-4b96-9471-a6a45a3f6b64,"['OWNS', 'REGULATED_BY', 'OwnershipStake', 'HELD_BY', 'OWNS_STAKE_IN']",1,1,The retrieved facts do not cover the specific percentage of Bank of Baroda held by its government promoter or the date of that holding.,Not relevant
What was Bank of Baroda's CASA ratio in the most recently reported quarter?,False,graph_check,2254cee1-6db0-4b96-9471-a6a45a3f6b64,"['HAS_METRIC', 'MetricObservation']",15,15,"Bank of Baroda recorded a CASA ratio of 37.72% in Q1 FY27, which was down from 38.88% a year earlier. This represents the CASA ratio for the most recently reported quarter provided in the data.",Relevant
What is Bank of Baroda's net interest margin (NIM) for the latest reported period?,False,graph_check,2254cee1-6db0-4b96-9471-a6a45a3f6b64,"['HAS_METRIC', 'MetricObservation']",15,15,Bank of Baroda posted a net interest margin of 2.77% globally and 2.93% domestically in Q1 FY27.,Relevant
What are Bank of Baroda's gross NPA and net NPA ratios?,False,graph_check,2254cee1-6db0-4b96-9471-a6a45a3f6b64,"['HAS_METRIC', 'MetricObservation']",15,15,"Bank of Baroda reported a gross NPA of 1.99% in Q1 FY27. Additionally, the bank's net NPA stood at 0.50% for the same period.",Relevant
"What is Bank of Baroda's capital adequacy ratio (CRAR), and its CET1 ratio if disclosed?",False,graph_check,2254cee1-6db0-4b96-9471-a6a45a3f6b64,"['HAS_METRIC', 'MetricObservation']",15,15,"Bank of Baroda posted a standalone capital adequacy ratio of 16.30% in Q1 FY27. Additionally, the bank reported a standalone CET1 ratio of 13.90% and a consolidated CET1 ratio of 14.36% for the same period.",Relevant
What are Bank of Baroda's return on assets (ROA) and return on equity (ROE) for the latest quarter?,False,graph_check,2254cee1-6db0-4b96-9471-a6a45a3f6b64,"['HAS_METRIC', 'MetricObservation']",15,15,"For the latest quarter of Q1 FY27, Bank of Baroda recorded a reported return on assets of 0.25%. Additionally, the bank posted a reported return on equity of 3.89% for the same period.",Relevant
What was Bank of Baroda's total advances (loan book) and deposit growth in the latest quarter?,False,graph_check,2254cee1-6db0-4b96-9471-a6a45a3f6b64,"['HAS_METRIC', 'MetricObservation']",15,15,"The retrieved facts do not cover Bank of Baroda's total deposit growth rate in the latest quarter, though they do note that global advances grew by 17.4% year-on-year in Q1 FY27.",Somewhat relevant
"What credit ratings has Bank of Baroda received, and from which rating agencies?",False,graph_check,2254cee1-6db0-4b96-9471-a6a45a3f6b64,['HAS_RATING'],2,2,"Bank of Baroda received an AAA rating for its green infrastructure bond programme, though the rating agency was not specified in the provided data. Additionally, its AT-1 bonds hold an ICRA AA+ Stable rating from the rating agency ICRA.",Somewhat relevant
"Roughly how many branches and ATMs does Bank of Baroda operate, and as of what date?",False,summary_fallback,2254cee1-6db0-4b96-9471-a6a45a3f6b64,[],0,1,"Bank of Baroda operates more than 8,400 branches and over 10,000 ATMs. However, the retrieved facts do not specify the exact date for these figures.",Somewhat relevant
"What products and services does Bank of Baroda offer, and which customer segments does it serve?",False,graph_check,2254cee1-6db0-4b96-9471-a6a45a3f6b64,"['OFFERS_PRODUCT', 'SERVES']",6,6,"Bank of Baroda offers credit cards to its customers and caters to a diverse range of customer segments including retail, MSME, NRI, large-corporate, and government customers.",Somewhat relevant
What is Punjab National Bank's ticker symbol and on which exchange(s) does it trade?,True,summary_fallback,28601797-b0b6-4793-bc26-2752ed63056b,[],0,1,The retrieved facts do not cover Punjab National Bank's ticker symbol or the stock exchange(s) on which it trades.,Not relevant
"Who is the current MD & CEO (or Chairman, where that is the top executive title) of Punjab National Bank?",False,graph_check,28601797-b0b6-4793-bc26-2752ed63056b,"['GovernanceRole', 'HOLDS_ROLE']",2,2,"Ashok Chandra serves as the MD & CEO of Punjab National Bank, while K G Ananthakrishnan leads the institution as its non-executive chairman.",Relevant
"What percentage of Punjab National Bank is held by its government promoter or largest shareholder, and as of what date?",False,graph_check,28601797-b0b6-4793-bc26-2752ed63056b,"['OWNS', 'REGULATED_BY', 'OwnershipStake', 'HELD_BY', 'OWNS_STAKE_IN']",4,4,"The Government of India held 70.08% of Punjab National Bank as of March 31, 2026.",Relevant
What was Punjab National Bank's CASA ratio in the most recently reported quarter?,False,graph_check,28601797-b0b6-4793-bc26-2752ed63056b,"['HAS_METRIC', 'MetricObservation']",13,13,"Punjab National Bank reported a CASA ratio of 36.7% in Q1 FY27, as of June 30, 2026. This reflects the bank's deposit profile for the most recently reported quarter in the provided data.",Relevant
What is Punjab National Bank's net interest margin (NIM) for the latest reported period?,False,graph_check,28601797-b0b6-4793-bc26-2752ed63056b,"['HAS_METRIC', 'MetricObservation']",13,13,"For the latest reported period of Q1 FY27, Punjab National Bank recorded a net interest margin of 2.50% globally and 2.64% domestically.",Relevant
What are Punjab National Bank's gross NPA and net NPA ratios?,False,graph_check,28601797-b0b6-4793-bc26-2752ed63056b,"['HAS_METRIC', 'MetricObservation']",13,13,"Punjab National Bank's gross NPA ratio stood at 2.78% as of June 30, 2026, while its net NPA ratio was 0.28% in Q1 FY27.",Relevant
"What is Punjab National Bank's capital adequacy ratio (CRAR), and its CET1 ratio if disclosed?",False,graph_check,28601797-b0b6-4793-bc26-2752ed63056b,"['HAS_METRIC', 'MetricObservation']",13,13,"Punjab National Bank's capital adequacy ratio (CRAR) stood at 18.13% in Q1 FY27, while its CET1 capital improved to 14.52%.",Relevant
What are Punjab National Bank's return on assets (ROA) and return on equity (ROE) for the latest quarter?,False,graph_check,28601797-b0b6-4793-bc26-2752ed63056b,"['HAS_METRIC', 'MetricObservation']",13,13,"For Q1 FY27, Punjab National Bank reported a return on assets of 1.04% and an annualized return on equity of 17.33%.",Relevant
What was Punjab National Bank's total advances (loan book) and deposit growth in the latest quarter?,False,graph_check,28601797-b0b6-4793-bc26-2752ed63056b,"['HAS_METRIC', 'MetricObservation']",13,13,The retrieved facts do not cover Punjab National Bank's total advances (loan book) and deposit growth in the latest quarter.,Not relevant
"What credit ratings has Punjab National Bank received, and from which rating agencies?",False,graph_check,28601797-b0b6-4793-bc26-2752ed63056b,['HAS_RATING'],2,2,"Punjab National Bank has received credit ratings from Fitch Ratings, which include an upgraded Viability Rating of bb and a Long-Term Issuer Default Rating of BBB- with a Stable outlook as of February 1, 2026.",Relevant
"Roughly how many branches and ATMs does Punjab National Bank operate, and as of what date?",False,summary_fallback,28601797-b0b6-4793-bc26-2752ed63056b,[],0,1,"Punjab National Bank operates 10,324 branches and 11,065 ATMs as of March 2026. Additionally, the bank maintains an international presence through various representative offices.",Relevant
"What products and services does Punjab National Bank offer, and which customer segments does it serve?",False,graph_check,28601797-b0b6-4793-bc26-2752ed63056b,"['OFFERS_PRODUCT', 'SERVES']",4,4,"Punjab National Bank offers the standard deposit and loan suite, gold coins and bullion, and distributes life and non-life insurance as well as asset-management products. The provided facts do not cover the customer segments that the bank serves.",Somewhat relevant
What is Canara Bank's ticker symbol and on which exchange(s) does it trade?,True,summary_fallback,a436d155-4c3f-46b9-ba63-736f6abcd1cf,[],0,5,The retrieved facts do not cover Canara Bank's ticker symbol or the stock exchange(s) on which it trades.,Not relevant
"Who is the current MD & CEO (or Chairman, where that is the top executive title) of Canara Bank?",False,graph_check,a436d155-4c3f-46b9-ba63-736f6abcd1cf,"['GovernanceRole', 'HOLDS_ROLE']",1,1,The current MD & CEO of Canara Bank is Brajesh Kumar Singh.,Somewhat relevant
"What percentage of Canara Bank is held by its government promoter or largest shareholder, and as of what date?",False,graph_check,a436d155-4c3f-46b9-ba63-736f6abcd1cf,"['OWNS', 'REGULATED_BY', 'OwnershipStake', 'HELD_BY', 'OWNS_STAKE_IN']",1,1,"The Government of India held a 62.93% ownership stake in Canara Bank as of March 2026. This reflects the promoter's holding in the bank as of March 31, 2026.",Relevant
What was Canara Bank's CASA ratio in the most recently reported quarter?,False,graph_check,a436d155-4c3f-46b9-ba63-736f6abcd1cf,"['HAS_METRIC', 'MetricObservation']",13,13,"Canara Bank reported a CASA ratio of 29.70% in Q1 FY27, as of June 30, 2026. This represents the bank's standing for the most recently reported quarter in the provided data.",Relevant
What is Canara Bank's net interest margin (NIM) for the latest reported period?,False,graph_check,a436d155-4c3f-46b9-ba63-736f6abcd1cf,"['HAS_METRIC', 'MetricObservation']",13,13,"The retrieved facts do not cover Canara Bank's net interest margin (NIM) for the latest reported period. Therefore, this specific figure cannot be provided from the available data.",Not relevant
What are Canara Bank's gross NPA and net NPA ratios?,False,graph_check,a436d155-4c3f-46b9-ba63-736f6abcd1cf,"['HAS_METRIC', 'MetricObservation']",13,13,"Canara Bank reported a gross NPA of 1.57% and a net NPA of 0.36% in Q1 FY27 (as of June 30, 2026).",Relevant
"What is Canara Bank's capital adequacy ratio (CRAR), and its CET1 ratio if disclosed?",False,graph_check,a436d155-4c3f-46b9-ba63-736f6abcd1cf,"['HAS_METRIC', 'MetricObservation']",13,13,"Canara Bank reported a capital adequacy ratio (CRAR) of 17.17% in Q1 FY27 as of June 30, 2026. Additionally, the bank disclosed a CET1 ratio of 12.91% for the same period.",Relevant
What are Canara Bank's return on assets (ROA) and return on equity (ROE) for the latest quarter?,False,graph_check,a436d155-4c3f-46b9-ba63-736f6abcd1cf,"['HAS_METRIC', 'MetricObservation']",13,13,"Canara Bank reported a return on assets (ROA) of 1.04% and a return on equity (ROE) of 18.31% for the latest quarter, Q1 FY27, as of June 30, 2026.",Relevant
What was Canara Bank's total advances (loan book) and deposit growth in the latest quarter?,False,graph_check,a436d155-4c3f-46b9-ba63-736f6abcd1cf,"['HAS_METRIC', 'MetricObservation']",13,13,"In the latest quarter of Q1 FY27, Canara Bank's advances grew by 17.97% year-on-year, while its deposits recorded a year-on-year growth of 11.63%.",Relevant
"What credit ratings has Canara Bank received, and from which rating agencies?",True,graph_check,a436d155-4c3f-46b9-ba63-736f6abcd1cf,['HAS_RATING'],0,5,The retrieved facts do not cover the credit ratings Canara Bank has received or the rating agencies that issued them.,Not relevant
"Roughly how many branches and ATMs does Canara Bank operate, and as of what date?",False,summary_fallback,a436d155-4c3f-46b9-ba63-736f6abcd1cf,[],0,1,"As of June 2025, Canara Bank operates 9,861 branches and 7,907 ATMs.",Relevant
"What products and services does Canara Bank offer, and which customer segments does it serve?",True,graph_check,a436d155-4c3f-46b9-ba63-736f6abcd1cf,"['OFFERS_PRODUCT', 'SERVES']",0,5,"Canara Bank is a Government of India-owned universal bank that operates as a public sector bank in India, offering a strong retail, agricultural, and MSME franchise. The retrieved facts do not specifically detail the full range of individual products and services offered beyond its universal banking and franchise focus.",Somewhat relevant
What is Union Bank of India's ticker symbol and on which exchange(s) does it trade?,True,summary_fallback,775db758-b4be-46f3-9c39-937b6fb14466,[],0,5,The retrieved facts do not cover Union Bank of India's ticker symbol or the exchange(s) on which it trades.,Not relevant
"Who is the current MD & CEO (or Chairman, where that is the top executive title) of Union Bank of India?",False,graph_check,775db758-b4be-46f3-9c39-937b6fb14466,"['GovernanceRole', 'HOLDS_ROLE']",2,2,"The current MD & CEO of Union Bank of India is Asheesh Pandey, who was appointed to the role in 2026. He succeeds A. Manimekhalai, who has completed her tenure.",Relevant
"What percentage of Union Bank of India is held by its government promoter or largest shareholder, and as of what date?",False,graph_check,775db758-b4be-46f3-9c39-937b6fb14466,"['OWNS', 'REGULATED_BY', 'OwnershipStake', 'HELD_BY', 'OWNS_STAKE_IN']",7,7,The Government of India owns roughly 74.76% of Union Bank of India. The retrieved facts do not cover the specific date as of which this holding is measured.,Somewhat relevant
What was Union Bank of India's CASA ratio in the most recently reported quarter?,False,graph_check,775db758-b4be-46f3-9c39-937b6fb14466,"['HAS_METRIC', 'MetricObservation']",14,14,"The retrieved facts do not provide Union Bank of India's CASA ratio for the most recently reported quarter, though they do note that average CASA balances exceed ₹24,000 crore.",Not relevant
What is Union Bank of India's net interest margin (NIM) for the latest reported period?,False,graph_check,775db758-b4be-46f3-9c39-937b6fb14466,"['HAS_METRIC', 'MetricObservation']",14,14,Union Bank of India stated a net interest margin of 2.80% in its earnings-call transcript.,Relevant
What are Union Bank of India's gross NPA and net NPA ratios?,False,graph_check,775db758-b4be-46f3-9c39-937b6fb14466,"['HAS_METRIC', 'MetricObservation']",14,14,Union Bank of India reported an improved gross NPA ratio of 2.65% and a net NPA of 0.47%.,Relevant
"What is Union Bank of India's capital adequacy ratio (CRAR), and its CET1 ratio if disclosed?",False,graph_check,775db758-b4be-46f3-9c39-937b6fb14466,"['HAS_METRIC', 'MetricObservation']",14,14,"Union Bank of India reported a capital adequacy ratio (CRAR) of 18.46%. Additionally, a February 2026 release disclosed its CET1 ratio at 15.7%.",Relevant
What are Union Bank of India's return on assets (ROA) and return on equity (ROE) for the latest quarter?,False,graph_check,775db758-b4be-46f3-9c39-937b6fb14466,"['HAS_METRIC', 'MetricObservation']",14,14,"Union Bank of India reported a return on assets of 1.36% for Q1 FY27, but the retrieved facts do not cover a specific figure for its return on equity.",Somewhat relevant
What was Union Bank of India's total advances (loan book) and deposit growth in the latest quarter?,False,graph_check,775db758-b4be-46f3-9c39-937b6fb14466,"['HAS_METRIC', 'MetricObservation']",14,14,Union Bank of India recorded a year-on-year advances growth of 12.50% and a deposit growth of 3.50%. The provided facts do not contain figures specifically detailing the bank's total advances (loan book) amount.,Somewhat relevant
"What credit ratings has Union Bank of India received, and from which rating agencies?",False,graph_check,775db758-b4be-46f3-9c39-937b6fb14466,['HAS_RATING'],3,3,"Union Bank of India has received credit ratings from Fitch, which include an upgraded Viability Rating of bb as of February 1, 2026, following a previous rating of bb-. Additionally, Fitch affirmed the bank's Long-Term Issuer Default Rating at BBB- Stable on the same date.",Relevant
"Roughly how many branches and ATMs does Union Bank of India operate, and as of what date?",True,summary_fallback,775db758-b4be-46f3-9c39-937b6fb14466,[],0,1,"Union Bank of India operates a network of approximately 8,621 to 8,697 branches and between 8,656 and 8,690 ATMs, though the specific date for these figures is not covered in the retrieved facts.",Somewhat relevant
"What products and services does Union Bank of India offer, and which customer segments does it serve?",False,graph_check,775db758-b4be-46f3-9c39-937b6fb14466,"['OFFERS_PRODUCT', 'SERVES']",4,4,"Union Bank of India offers products geared toward the corporate customer segment and provides a standard product suite to the MSME, retail, and agricultural customer segments.",Relevant
What is Bank of India's ticker symbol and on which exchange(s) does it trade?,True,summary_fallback,1072c755-5223-4800-b399-295cd32a902f,[],0,5,The retrieved facts do not cover Bank of India's ticker symbol or the stock exchange(s) on which it trades.,Not relevant
"Who is the current MD & CEO (or Chairman, where that is the top executive title) of Bank of India?",False,graph_check,1072c755-5223-4800-b399-295cd32a902f,"['GovernanceRole', 'HOLDS_ROLE']",1,1,"The current MD & CEO of Bank of India is Rajneesh Karnatak, whose term has been extended by three years.",Relevant
"What percentage of Bank of India is held by its government promoter or largest shareholder, and as of what date?",False,graph_check,1072c755-5223-4800-b399-295cd32a902f,"['OWNS', 'REGULATED_BY', 'OwnershipStake', 'HELD_BY', 'OWNS_STAKE_IN']",3,3,The Government of India owns a 73.38% stake in Bank of India. The retrieved facts do not provide the date as of which this percentage is held.,Somewhat relevant
What was Bank of India's CASA ratio in the most recently reported quarter?,False,graph_check,1072c755-5223-4800-b399-295cd32a902f,"['HAS_METRIC', 'MetricObservation']",12,12,"Bank of India's CASA ratio stood at 36.68% for the most recently reported quarter, Q1 FY27, as of June 30, 2026.",Relevant
What is Bank of India's net interest margin (NIM) for the latest reported period?,False,graph_check,1072c755-5223-4800-b399-295cd32a902f,"['HAS_METRIC', 'MetricObservation']",12,12,"Bank of India's global net interest margin was 2.52% for the latest reported period of Q1 FY27 (as of June 30, 2026). During this same period, the bank also reported a net interest income of ₹6,833 crore.",Relevant
What are Bank of India's gross NPA and net NPA ratios?,False,graph_check,1072c755-5223-4800-b399-295cd32a902f,"['HAS_METRIC', 'MetricObservation']",12,12,"During Q1 FY27, Bank of India's gross NPA improved to 1.81%, and its net NPA decreased to 0.51% as of June 30, 2026.",Relevant
"What is Bank of India's capital adequacy ratio (CRAR), and its CET1 ratio if disclosed?",False,graph_check,1072c755-5223-4800-b399-295cd32a902f,"['HAS_METRIC', 'MetricObservation']",12,12,"Bank of India's capital adequacy ratio (CRAR) improved to 18.69% during Q1 FY27 as of June 30, 2026. However, the retrieved facts do not cover its CET1 ratio.",Somewhat relevant
What are Bank of India's return on assets (ROA) and return on equity (ROE) for the latest quarter?,False,graph_check,1072c755-5223-4800-b399-295cd32a902f,"['HAS_METRIC', 'MetricObservation']",12,12,"For Q1 FY27 (as of 2026-06-30), Bank of India reported a return on assets of 1.01%. However, the retrieved facts do not provide a specific figure for the return on equity for the latest quarter.",Somewhat relevant
What was Bank of India's total advances (loan book) and deposit growth in the latest quarter?,False,graph_check,1072c755-5223-4800-b399-295cd32a902f,"['HAS_METRIC', 'MetricObservation']",12,12,The retrieved facts do not cover Bank of India's total advances (loan book) or deposit growth for the latest quarter.,Not relevant
"What credit ratings has Bank of India received, and from which rating agencies?",True,graph_check,1072c755-5223-4800-b399-295cd32a902f,['HAS_RATING'],0,5,The retrieved facts do not cover the credit ratings or rating agencies associated with Bank of India.,Not relevant
"Roughly how many branches and ATMs does Bank of India operate, and as of what date?",True,summary_fallback,1072c755-5223-4800-b399-295cd32a902f,[],0,0,,Not relevant
"What products and services does Bank of India offer, and which customer segments does it serve?",False,graph_check,1072c755-5223-4800-b399-295cd32a902f,"['OFFERS_PRODUCT', 'SERVES']",4,4,"Bank of India offers a standard product range to its retail and MSME customers, while also providing services to corporate and agricultural customers. The retrieved facts do not cover specific products or services beyond this standard range.",Somewhat relevant
What is Indian Bank's ticker symbol and on which exchange(s) does it trade?,True,summary_fallback,daf48486-ea5e-45c2-bef1-7129588f4483,[],0,5,The provided facts do not cover Indian Bank's ticker symbol or the specific exchanges on which it trades.,Not relevant
"Who is the current MD & CEO (or Chairman, where that is the top executive title) of Indian Bank?",False,graph_check,daf48486-ea5e-45c2-bef1-7129588f4483,"['GovernanceRole', 'HOLDS_ROLE']",1,1,"The current MD & CEO of Indian Bank is Binod Kumar, who has held the role since his appointment in January 2025.",Relevant
"What percentage of Indian Bank is held by its government promoter or largest shareholder, and as of what date?",False,graph_check,daf48486-ea5e-45c2-bef1-7129588f4483,"['OWNS', 'REGULATED_BY', 'OwnershipStake', 'HELD_BY', 'OWNS_STAKE_IN']",1,1,"The Government of India holds a 73.84% stake in Indian Bank as of February 6, 2026.",Relevant
What was Indian Bank's CASA ratio in the most recently reported quarter?,False,graph_check,daf48486-ea5e-45c2-bef1-7129588f4483,"['HAS_METRIC', 'MetricObservation']",7,7,"The retrieved facts do not disclose Indian Bank's CASA ratio for the most recently reported quarter. However, the bank reported other financial metrics for Q1 FY27, including a gross NPA of 1.86% and a net NPA of 0.15%.",Not relevant
What is Indian Bank's net interest margin (NIM) for the latest reported period?,False,graph_check,daf48486-ea5e-45c2-bef1-7129588f4483,"['HAS_METRIC', 'MetricObservation']",7,7,The retrieved facts do not cover Indian Bank's net interest margin for the latest reported period.,Not relevant
What are Indian Bank's gross NPA and net NPA ratios?,False,graph_check,daf48486-ea5e-45c2-bef1-7129588f4483,"['HAS_METRIC', 'MetricObservation']",7,7,Indian Bank reported a gross NPA of 1.86% and a net NPA of 0.15% for Q1 FY27.,Relevant
"What is Indian Bank's capital adequacy ratio (CRAR), and its CET1 ratio if disclosed?",False,graph_check,daf48486-ea5e-45c2-bef1-7129588f4483,"['HAS_METRIC', 'MetricObservation']",7,7,"Indian Bank recorded a capital adequacy ratio (CRAR) of 17.58% in Q1 FY27. Additionally, the bank's CET1 ratio stood at 16.51% for the same quarter.",Relevant
What are Indian Bank's return on assets (ROA) and return on equity (ROE) for the latest quarter?,False,graph_check,daf48486-ea5e-45c2-bef1-7129588f4483,"['HAS_METRIC', 'MetricObservation']",7,7,The retrieved facts do not cover Indian Bank's return on assets (ROA) or return on equity (ROE) for the latest quarter.,Not relevant
What was Indian Bank's total advances (loan book) and deposit growth in the latest quarter?,False,graph_check,daf48486-ea5e-45c2-bef1-7129588f4483,"['HAS_METRIC', 'MetricObservation']",7,7,The retrieved facts do not cover Indian Bank's total advances (loan book) and deposit growth in the latest quarter.,Not relevant
"What credit ratings has Indian Bank received, and from which rating agencies?",False,graph_check,daf48486-ea5e-45c2-bef1-7129588f4483,['HAS_RATING'],3,3,"Indian Bank has received credit ratings from CRISIL, which placed the bank at AAA Stable for its Tier II Basel III and infrastructure bonds on February 6, 2026, and at AA+ Stable for its Additional Tier I bonds. Additionally, CRISIL rated the bank's certificate-of-deposit programme at A1+.",Relevant
"Roughly how many branches and ATMs does Indian Bank operate, and as of what date?",False,summary_fallback,daf48486-ea5e-45c2-bef1-7129588f4483,[],0,1,"The retrieved facts do not cover the number of branches operated by Indian Bank, nor do they specify the date for the ATM count. However, the facts do note that Indian Bank operates a network of 5,657 ATMs and cash-recycling machines.",Somewhat relevant
"What products and services does Indian Bank offer, and which customer segments does it serve?",False,graph_check,daf48486-ea5e-45c2-bef1-7129588f4483,"['OFFERS_PRODUCT', 'SERVES']",6,6,"Indian Bank serves retail customers, corporate customers, MSME customers, NRI customers, agricultural customers, and government or institutional customers. The retrieved facts do not cover the specific products and services offered by the bank.",Somewhat relevant
What is Central Bank of India's ticker symbol and on which exchange(s) does it trade?,True,summary_fallback,4d998ac2-533e-40a6-a217-b71dfe465f4c,[],0,5,The retrieved facts do not cover Central Bank of India's ticker symbol or the exchange(s) on which it trades.,Not relevant
"Who is the current MD & CEO (or Chairman, where that is the top executive title) of Central Bank of India?",False,graph_check,4d998ac2-533e-40a6-a217-b71dfe465f4c,"['GovernanceRole', 'HOLDS_ROLE']",2,2,"Kalyan Kumar took charge as the MD & CEO of Central Bank of India on October 1, 2025. Additionally, Tapan Ray serves as the non-executive chairman of the bank.",Relevant
"What percentage of Central Bank of India is held by its government promoter or largest shareholder, and as of what date?",False,graph_check,4d998ac2-533e-40a6-a217-b71dfe465f4c,"['OWNS', 'REGULATED_BY', 'OwnershipStake', 'HELD_BY', 'OWNS_STAKE_IN']",4,4,The Government of India held an 89.27% ownership stake in Central Bank of India as of 31 March 2025.,Relevant
What was Central Bank of India's CASA ratio in the most recently reported quarter?,False,graph_check,4d998ac2-533e-40a6-a217-b71dfe465f4c,"['HAS_METRIC', 'MetricObservation']",13,13,"Central Bank of India posted a CASA ratio of 46.61% in Q1 FY27, as of July 1, 2026. This figure reflects the bank's remarkably strong performance in the most recently reported quarter.",Relevant
What is Central Bank of India's net interest margin (NIM) for the latest reported period?,False,graph_check,4d998ac2-533e-40a6-a217-b71dfe465f4c,"['HAS_METRIC', 'MetricObservation']",13,13,"Central Bank of India reported a net interest margin of 3.06% for the latest reported period of Q1 FY27. This performance was accompanied by a net interest income of ₹3,914 crore, which rose 15.70% year-on-year.",Relevant
What are Central Bank of India's gross NPA and net NPA ratios?,False,graph_check,4d998ac2-533e-40a6-a217-b71dfe465f4c,"['HAS_METRIC', 'MetricObservation']",13,13,"Central Bank of India's gross NPA ratio stands at 2.60%, while its net NPA ratio is 0.49% for Q1 FY27.",Relevant
"What is Central Bank of India's capital adequacy ratio (CRAR), and its CET1 ratio if disclosed?",False,graph_check,4d998ac2-533e-40a6-a217-b71dfe465f4c,"['HAS_METRIC', 'MetricObservation']",13,13,"Central Bank of India reported a capital adequacy ratio (CRAR) of 18.28% for Q1 FY27 as of July 1, 2026. Additionally, the bank disclosed a CET1 ratio of 16.54% for the same period.",Relevant
What are Central Bank of India's return on assets (ROA) and return on equity (ROE) for the latest quarter?,False,graph_check,4d998ac2-533e-40a6-a217-b71dfe465f4c,"['HAS_METRIC', 'MetricObservation']",13,13,"For Q1 FY27, Central Bank of India recorded a return on assets (ROA) of 1.00% and achieved a return on equity (ROE) of 14.92%.",Relevant
What was Central Bank of India's total advances (loan book) and deposit growth in the latest quarter?,False,graph_check,4d998ac2-533e-40a6-a217-b71dfe465f4c,"['HAS_METRIC', 'MetricObservation']",13,13,"Central Bank of India's total advances reached ₹354,348 crore, marking a 28.58% year-on-year increase for Q1 FY27. Meanwhile, the bank recorded a deposit growth of 11.68% as of July 1, 2026, which lagged behind its advances growth.",Relevant
"What credit ratings has Central Bank of India received, and from which rating agencies?",False,graph_check,4d998ac2-533e-40a6-a217-b71dfe465f4c,['HAS_RATING'],1,1,"Central Bank of India received an IND AA Stable rating on its Tier II bonds from India Ratings, which reaffirmed the rating.",Somewhat relevant
"Roughly how many branches and ATMs does Central Bank of India operate, and as of what date?",False,summary_fallback,4d998ac2-533e-40a6-a217-b71dfe465f4c,[],0,1,"Central Bank of India operated a network comprising 4,608 verified branches and 3,644 ATMs as of March 2021.",Relevant
"What products and services does Central Bank of India offer, and which customer segments does it serve?",True,graph_check,4d998ac2-533e-40a6-a217-b71dfe465f4c,"['OFFERS_PRODUCT', 'SERVES']",0,5,"The retrieved facts do not cover the specific products and services offered by Central Bank of India. However, the bank serves the retail, MSME, and agricultural customer segments as a Government of India-owned universal bank.",Somewhat relevant
What is Indian Overseas Bank's ticker symbol and on which exchange(s) does it trade?,False,graph_check,d019bebb-cc26-4b4b-ae43-cd32202f6748,['OPERATES_IN'],5,5,The retrieved facts do not cover Indian Overseas Bank's ticker symbol or the stock exchanges on which it trades.,Not relevant
"Who is the current MD & CEO (or Chairman, where that is the top executive title) of Indian Overseas Bank?",False,graph_check,d019bebb-cc26-4b4b-ae43-cd32202f6748,"['GovernanceRole', 'HOLDS_ROLE', 'OPERATES_IN']",7,7,"Ajay Kumar Srivastava serves as the MD & CEO of Indian Overseas Bank. The bank is headquartered in Chennai, Tamil Nadu, and maintains representative offices in Dubai, Guangzhou, and Kuala Lumpur.",Relevant
"What percentage of Indian Overseas Bank is held by its government promoter or largest shareholder, and as of what date?",False,graph_check,d019bebb-cc26-4b4b-ae43-cd32202f6748,"['OWNS', 'REGULATED_BY', 'OwnershipStake', 'HELD_BY', 'OWNS_STAKE_IN', 'OPERATES_IN']",6,6,"The Government of India owns a 92.44% stake in Indian Overseas Bank. However, the retrieved facts do not specify the exact date as of which this percentage is held.",Somewhat relevant
What was Indian Overseas Bank's CASA ratio in the most recently reported quarter?,False,graph_check,d019bebb-cc26-4b4b-ae43-cd32202f6748,"['HAS_METRIC', 'MetricObservation', 'OPERATES_IN']",18,15,Indian Overseas Bank reported a global CASA ratio of 41.05% for Q1 FY27.,Relevant
What is Indian Overseas Bank's net interest margin (NIM) for the latest reported period?,False,graph_check,d019bebb-cc26-4b4b-ae43-cd32202f6748,"['HAS_METRIC', 'MetricObservation', 'OPERATES_IN']",18,18,Indian Overseas Bank reported a global net interest margin of 3.37% and a domestic net interest margin of 3.48%.,Relevant
What are Indian Overseas Bank's gross NPA and net NPA ratios?,False,graph_check,d019bebb-cc26-4b4b-ae43-cd32202f6748,"['HAS_METRIC', 'MetricObservation', 'OPERATES_IN']",18,15,"Indian Overseas Bank's gross NPA improved to 1.33%, and the bank reported a net NPA of 0.18%.",Relevant
"What is Indian Overseas Bank's capital adequacy ratio (CRAR), and its CET1 ratio if disclosed?",False,graph_check,d019bebb-cc26-4b4b-ae43-cd32202f6748,"['HAS_METRIC', 'MetricObservation', 'OPERATES_IN']",18,15,"Indian Overseas Bank reported a capital adequacy ratio (CRAR) of 19.36%. However, the retrieved facts do not disclose its CET1 ratio.",Relevant
What are Indian Overseas Bank's return on assets (ROA) and return on equity (ROE) for the latest quarter?,False,graph_check,d019bebb-cc26-4b4b-ae43-cd32202f6748,"['HAS_METRIC', 'MetricObservation', 'OPERATES_IN']",18,18,The retrieved facts do not cover Indian Overseas Bank's return on assets (ROA) or return on equity (ROE) for the latest quarter.,Not relevant
What was Indian Overseas Bank's total advances (loan book) and deposit growth in the latest quarter?,False,graph_check,d019bebb-cc26-4b4b-ae43-cd32202f6748,"['HAS_METRIC', 'MetricObservation', 'OPERATES_IN']",18,15,Indian Overseas Bank reported global advances of ₹3.22 trillion in Q1 FY27 and year-on-year deposit growth of 13.72%.,Relevant
"What credit ratings has Indian Overseas Bank received, and from which rating agencies?",False,graph_check,d019bebb-cc26-4b4b-ae43-cd32202f6748,"['HAS_RATING', 'OPERATES_IN']",6,6,"Indian Overseas Bank holds an AA Stable rating for its Basel III Tier II bonds, though the specific rating agencies that issued this rating are not specified in the available data.",Somewhat relevant
"Roughly how many branches and ATMs does Indian Overseas Bank operate, and as of what date?",False,graph_check,d019bebb-cc26-4b4b-ae43-cd32202f6748,['OPERATES_IN'],5,0,,Not relevant
"What products and services does Indian Overseas Bank offer, and which customer segments does it serve?",False,graph_check,d019bebb-cc26-4b4b-ae43-cd32202f6748,"['OFFERS_PRODUCT', 'SERVES', 'OPERATES_IN']",11,11,"Indian Overseas Bank serves corporate, MSME, NRI, agricultural, and retail customer segments, as well as the Tamil diaspora through its overseas offices. However, the retrieved facts do not cover the specific products and services the bank offers.",Somewhat relevant
What is UCO Bank's ticker symbol and on which exchange(s) does it trade?,True,summary_fallback,62aaa846-bbe6-4e89-8a09-db8194f71fd2,[],0,5,The retrieved facts do not cover UCO Bank's ticker symbol or the exchange(s) on which it trades.,Not relevant
"Who is the current MD & CEO (or Chairman, where that is the top executive title) of UCO Bank?",True,graph_check,62aaa846-bbe6-4e89-8a09-db8194f71fd2,"['GovernanceRole', 'HOLDS_ROLE']",0,5,The retrieved facts do not cover who the current MD & CEO or Chairman of UCO Bank is.,Not relevant
"What percentage of UCO Bank is held by its government promoter or largest shareholder, and as of what date?",True,graph_check,62aaa846-bbe6-4e89-8a09-db8194f71fd2,"['OWNS', 'REGULATED_BY', 'OwnershipStake', 'HELD_BY', 'OWNS_STAKE_IN']",0,5,"The retrieved facts do not cover the percentage of UCO Bank held by its government promoter or largest shareholder, nor the date for such holding.",Not relevant
What was UCO Bank's CASA ratio in the most recently reported quarter?,False,graph_check,62aaa846-bbe6-4e89-8a09-db8194f71fd2,"['HAS_METRIC', 'MetricObservation']",7,7,The retrieved facts do not cover UCO Bank's CASA ratio for the most recently reported quarter.,Not relevant
What is UCO Bank's net interest margin (NIM) for the latest reported period?,False,graph_check,62aaa846-bbe6-4e89-8a09-db8194f71fd2,"['HAS_METRIC', 'MetricObservation']",7,7,"UCO Bank reported a net interest margin of around 3% in the June 2026 quarter. This figure represents the bank's latest reported performance for this metric as of June 30, 2026.",Relevant
What are UCO Bank's gross NPA and net NPA ratios?,False,graph_check,62aaa846-bbe6-4e89-8a09-db8194f71fd2,"['HAS_METRIC', 'MetricObservation']",7,7,The retrieved facts do not cover UCO Bank's gross NPA and net NPA ratios.,Not relevant
"What is UCO Bank's capital adequacy ratio (CRAR), and its CET1 ratio if disclosed?",False,graph_check,62aaa846-bbe6-4e89-8a09-db8194f71fd2,"['HAS_METRIC', 'MetricObservation']",7,7,"UCO Bank's capital adequacy ratio stands at 17.12% for FY26 as of March 31, 2026. The retrieved facts do not disclose its CET1 ratio.",Relevant
What are UCO Bank's return on assets (ROA) and return on equity (ROE) for the latest quarter?,False,graph_check,62aaa846-bbe6-4e89-8a09-db8194f71fd2,"['HAS_METRIC', 'MetricObservation']",7,7,The retrieved facts do not cover UCO Bank's return on assets (ROA) or return on equity (ROE) for the latest quarter.,Not relevant
What was UCO Bank's total advances (loan book) and deposit growth in the latest quarter?,False,graph_check,62aaa846-bbe6-4e89-8a09-db8194f71fd2,"['HAS_METRIC', 'MetricObservation']",7,7,"The retrieved facts do not cover UCO Bank's deposit growth for the latest quarter. However, the bank reported that its total advances were up 21.33% year-on-year as of June 30, 2026.",Somewhat relevant
"What credit ratings has UCO Bank received, and from which rating agencies?",False,graph_check,62aaa846-bbe6-4e89-8a09-db8194f71fd2,['HAS_RATING'],2,2,UCO Bank received a bond rating upgrade to AA Stable from CARE Ratings and a reaffirmed A1+ short-term rating on its certificate-of-deposit programme from CRISIL.,Relevant
"Roughly how many branches and ATMs does UCO Bank operate, and as of what date?",True,summary_fallback,62aaa846-bbe6-4e89-8a09-db8194f71fd2,[],0,0,,Not relevant
"What products and services does UCO Bank offer, and which customer segments does it serve?",True,graph_check,62aaa846-bbe6-4e89-8a09-db8194f71fd2,"['OFFERS_PRODUCT', 'SERVES']",0,5,"The retrieved facts do not cover the specific products and services UCO Bank offers, nor the customer segments it serves, other than noting that it operates as a Government of India-owned universal bank.",Not relevant
What is Bank of Maharashtra's ticker symbol and on which exchange(s) does it trade?,True,summary_fallback,28cb9b08-7bcd-4cb7-a686-e71f9cfa2dc6,[],0,6,The retrieved facts do not cover Bank of Maharashtra's ticker symbol or the specific exchanges on which it trades.,Not relevant
"Who is the current MD & CEO (or Chairman, where that is the top executive title) of Bank of Maharashtra?",False,graph_check,28cb9b08-7bcd-4cb7-a686-e71f9cfa2dc6,"['GovernanceRole', 'HOLDS_ROLE']",1,1,"The current MD & CEO of Bank of Maharashtra is Nidhu Saxena, who has held the role since March 2024.",Relevant
"What percentage of Bank of Maharashtra is held by its government promoter or largest shareholder, and as of what date?",False,graph_check,28cb9b08-7bcd-4cb7-a686-e71f9cfa2dc6,"['OWNS', 'REGULATED_BY', 'OwnershipStake', 'HELD_BY', 'OWNS_STAKE_IN']",2,2,The Government of India held a 79.60% stake in Bank of Maharashtra as of March 2025.,Relevant
What was Bank of Maharashtra's CASA ratio in the most recently reported quarter?,False,graph_check,28cb9b08-7bcd-4cb7-a686-e71f9cfa2dc6,"['HAS_METRIC', 'MetricObservation']",3,3,The retrieved facts do not cover Bank of Maharashtra's CASA ratio for the most recently reported quarter.,Not relevant
What is Bank of Maharashtra's net interest margin (NIM) for the latest reported period?,False,graph_check,28cb9b08-7bcd-4cb7-a686-e71f9cfa2dc6,"['HAS_METRIC', 'MetricObservation']",3,3,The retrieved facts do not cover Bank of Maharashtra's net interest margin (NIM) for the latest reported period.,Not relevant
What are Bank of Maharashtra's gross NPA and net NPA ratios?,False,graph_check,28cb9b08-7bcd-4cb7-a686-e71f9cfa2dc6,"['HAS_METRIC', 'MetricObservation']",3,3,Bank of Maharashtra reported a gross NPA of 1.45% in Q1 FY27 (as of 2026-04-01). The retrieved facts do not cover the net NPA ratio.,Somewhat relevant
"What is Bank of Maharashtra's capital adequacy ratio (CRAR), and its CET1 ratio if disclosed?",False,graph_check,28cb9b08-7bcd-4cb7-a686-e71f9cfa2dc6,"['HAS_METRIC', 'MetricObservation']",3,3,The retrieved facts do not cover Bank of Maharashtra's capital adequacy ratio (CRAR) or its CET1 ratio.,Not relevant
What are Bank of Maharashtra's return on assets (ROA) and return on equity (ROE) for the latest quarter?,False,graph_check,28cb9b08-7bcd-4cb7-a686-e71f9cfa2dc6,"['HAS_METRIC', 'MetricObservation']",3,3,The retrieved facts do not cover Bank of Maharashtra's return on assets (ROA) or return on equity (ROE) for the latest quarter.,Not relevant
What was Bank of Maharashtra's total advances (loan book) and deposit growth in the latest quarter?,False,graph_check,28cb9b08-7bcd-4cb7-a686-e71f9cfa2dc6,"['HAS_METRIC', 'MetricObservation']",3,3,The retrieved facts do not cover Bank of Maharashtra's total advances or deposit growth for the latest quarter.,Not relevant
"What credit ratings has Bank of Maharashtra received, and from which rating agencies?",False,graph_check,28cb9b08-7bcd-4cb7-a686-e71f9cfa2dc6,['HAS_RATING'],1,1,"Bank of Maharashtra has received an A1+ rating from rating agencies on its certificate-of-deposit programme, as reaffirmed on November 1, 2024.",Somewhat relevant
"Roughly how many branches and ATMs does Bank of Maharashtra operate, and as of what date?",True,summary_fallback,28cb9b08-7bcd-4cb7-a686-e71f9cfa2dc6,[],0,0,,Not relevant
"What products and services does Bank of Maharashtra offer, and which customer segments does it serve?",True,graph_check,28cb9b08-7bcd-4cb7-a686-e71f9cfa2dc6,"['OFFERS_PRODUCT', 'SERVES']",0,6,"Bank of Maharashtra operates as a Government of India-owned universal bank engaged in the banking industry, but the retrieved facts do not cover its specific products, services, or customer segments.",Not relevant
What is Punjab & Sind Bank's ticker symbol and on which exchange(s) does it trade?,True,summary_fallback,2b559985-38e8-4787-a4ec-ddb952007279,[],0,3,The retrieved facts do not cover Punjab & Sind Bank's ticker symbol or the stock exchange(s) on which it trades.,Not relevant
"Who is the current MD & CEO (or Chairman, where that is the top executive title) of Punjab & Sind Bank?",False,graph_check,2b559985-38e8-4787-a4ec-ddb952007279,"['GovernanceRole', 'HOLDS_ROLE']",2,2,"The current Managing Director of Punjab & Sind Bank is Swarup Kumar Saha, whose tenure has been extended until February 2027. Additionally, Charan Singh serves as the non-executive chairman of the bank.",Relevant
"What percentage of Punjab & Sind Bank is held by its government promoter or largest shareholder, and as of what date?",False,graph_check,2b559985-38e8-4787-a4ec-ddb952007279,"['OWNS', 'REGULATED_BY', 'OwnershipStake', 'HELD_BY', 'OWNS_STAKE_IN']",2,2,"The Government of India held a 93.85% ownership stake in Punjab & Sind Bank as of June 1, 2025. This government promoter stake represents the largest shareholding in the bank.",Relevant
What was Punjab & Sind Bank's CASA ratio in the most recently reported quarter?,False,graph_check,2b559985-38e8-4787-a4ec-ddb952007279,"['HAS_METRIC', 'MetricObservation']",10,10,The retrieved facts do not cover Punjab & Sind Bank's CASA ratio for the most recently reported quarter.,Not relevant
What is Punjab & Sind Bank's net interest margin (NIM) for the latest reported period?,False,graph_check,2b559985-38e8-4787-a4ec-ddb952007279,"['HAS_METRIC', 'MetricObservation']",10,10,The retrieved facts do not cover Punjab & Sind Bank's net interest margin (NIM) for the latest reported period.,Not relevant
What are Punjab & Sind Bank's gross NPA and net NPA ratios?,False,graph_check,2b559985-38e8-4787-a4ec-ddb952007279,"['HAS_METRIC', 'MetricObservation']",10,10,"Punjab & Sind Bank brought its gross non-performing asset (NPA) ratio down to 2.21% from 3.34%. Additionally, the bank lowered its net NPA ratio to 0.65% from 0.91%.",Relevant
"What is Punjab & Sind Bank's capital adequacy ratio (CRAR), and its CET1 ratio if disclosed?",False,graph_check,2b559985-38e8-4787-a4ec-ddb952007279,"['HAS_METRIC', 'MetricObservation']",10,10,Punjab & Sind Bank reported a capital adequacy ratio (CRAR) of 17.61% and a CET1 ratio of 16.56%.,Relevant
What are Punjab & Sind Bank's return on assets (ROA) and return on equity (ROE) for the latest quarter?,False,graph_check,2b559985-38e8-4787-a4ec-ddb952007279,"['HAS_METRIC', 'MetricObservation']",10,10,"The retrieved facts do not provide the specific return on assets (ROA) or return on equity (ROE) figures for Punjab & Sind Bank for the latest quarter, noting only that its return on equity is constrained.",Somewhat relevant
What was Punjab & Sind Bank's total advances (loan book) and deposit growth in the latest quarter?,False,graph_check,2b559985-38e8-4787-a4ec-ddb952007279,"['HAS_METRIC', 'MetricObservation']",10,10,"Punjab & Sind Bank's advances reached ₹1,17,419 crore, representing an increase of roughly 20% from ₹97,622 crore a year earlier. However, the retrieved facts do not cover the bank's deposit growth for the latest quarter.",Somewhat relevant
"What credit ratings has Punjab & Sind Bank received, and from which rating agencies?",False,graph_check,2b559985-38e8-4787-a4ec-ddb952007279,['HAS_RATING'],1,1,"Punjab & Sind Bank received an AA Stable rating from CRISIL for its ₹500 crore Tier II bonds and ₹3,000 crore infrastructure bonds, which was reaffirmed on 10 September 2025.",Somewhat relevant
"Roughly how many branches and ATMs does Punjab & Sind Bank operate, and as of what date?",True,summary_fallback,2b559985-38e8-4787-a4ec-ddb952007279,[],0,1,"Punjab & Sind Bank operates 1,817 branches as of June 2025, while the retrieved facts do not provide a specific ATM count. Additionally, the bank had a 2023 management target to operate 4,000 combined branches and ATMs by March 2026.",Somewhat relevant
"What products and services does Punjab & Sind Bank offer, and which customer segments does it serve?",False,graph_check,2b559985-38e8-4787-a4ec-ddb952007279,"['OFFERS_PRODUCT', 'SERVES']",3,3,"Punjab & Sind Bank serves agricultural, MSME, and retail customer franchises that are concentrated in the Punjab region. However, the retrieved facts do not cover the specific products and services the bank offers.",Somewhat relevant
What is HDFC Bank's ticker symbol and on which exchange(s) does it trade?,True,summary_fallback,fc5ecc71-2b19-4aa7-9a58-348aab4f89eb,[],0,5,The retrieved facts do not cover HDFC Bank's ticker symbol or the exchanges on which it trades.,Not relevant
"Who is the current MD & CEO (or Chairman, where that is the top executive title) of HDFC Bank?",False,graph_check,fc5ecc71-2b19-4aa7-9a58-348aab4f89eb,"['GovernanceRole', 'HOLDS_ROLE']",2,2,"The current MD & CEO of HDFC Bank is Sashidhar Jagdishan. Additionally, Atanu Chakraborty holds the role of chairman at the bank.",Relevant
"What percentage of HDFC Bank is held by its government promoter or largest shareholder, and as of what date?",False,graph_check,fc5ecc71-2b19-4aa7-9a58-348aab4f89eb,"['OWNS', 'REGULATED_BY', 'OwnershipStake', 'HELD_BY', 'OWNS_STAKE_IN']",4,4,The Government of India held a 0.18% ownership stake in HDFC Bank as of September 2026. The retrieved facts do not cover who the largest shareholder is.,Somewhat relevant
What was HDFC Bank's CASA ratio in the most recently reported quarter?,False,graph_check,fc5ecc71-2b19-4aa7-9a58-348aab4f89eb,"['HAS_METRIC', 'MetricObservation']",13,13,"HDFC Bank reported a CASA ratio of 32% in Q1 FY27. During the same period, the bank also recorded total deposits of ₹31,708 billion, representing a 14.7% year-on-year increase.",Relevant
What is HDFC Bank's net interest margin (NIM) for the latest reported period?,False,graph_check,fc5ecc71-2b19-4aa7-9a58-348aab4f89eb,"['HAS_METRIC', 'MetricObservation']",13,13,"HDFC Bank's net interest margin compressed to 3.26% in the latest reported period of Q1 FY27. During the same quarter, the bank also recorded a 7% year-on-year growth in net interest income.",Relevant
What are HDFC Bank's gross NPA and net NPA ratios?,False,graph_check,fc5ecc71-2b19-4aa7-9a58-348aab4f89eb,"['HAS_METRIC', 'MetricObservation']",13,13,"HDFC Bank reported a headline gross NPA of 1.17% (and 0.91% excluding agriculture) in Q1 FY27. However, the retrieved facts do not cover the bank's net NPA ratio.",Somewhat relevant
"What is HDFC Bank's capital adequacy ratio (CRAR), and its CET1 ratio if disclosed?",False,graph_check,fc5ecc71-2b19-4aa7-9a58-348aab4f89eb,"['HAS_METRIC', 'MetricObservation']",13,13,"HDFC Bank documented a capital adequacy ratio of 19.6% in Q1 FY27. Additionally, the bank achieved a CET1 ratio of 17.4% during the same period.",Relevant
What are HDFC Bank's return on assets (ROA) and return on equity (ROE) for the latest quarter?,False,graph_check,fc5ecc71-2b19-4aa7-9a58-348aab4f89eb,"['HAS_METRIC', 'MetricObservation']",13,13,"In Q1 FY27, HDFC Bank achieved a return on assets (ROA) of 1.85%. Additionally, the bank sustained a return on equity (ROE) of 13.8% during the same quarter.",Relevant
What was HDFC Bank's total advances (loan book) and deposit growth in the latest quarter?,False,graph_check,fc5ecc71-2b19-4aa7-9a58-348aab4f89eb,"['HAS_METRIC', 'MetricObservation']",13,13,"In Q1 FY27, HDFC Bank reported total deposits of ₹31,708 billion, marking a 14.7% year-on-year increase, and gross advances of ₹30,608 billion, reflecting a 15.4% year-on-year growth.",Relevant
"What credit ratings has HDFC Bank received, and from which rating agencies?",True,graph_check,fc5ecc71-2b19-4aa7-9a58-348aab4f89eb,['HAS_RATING'],0,5,The retrieved facts do not cover the credit ratings received by HDFC Bank or the rating agencies that issued them.,Not relevant
"Roughly how many branches and ATMs does HDFC Bank operate, and as of what date?",True,summary_fallback,fc5ecc71-2b19-4aa7-9a58-348aab4f89eb,[],0,1,"The retrieved facts do not cover the number of branches and ATMs that HDFC Bank operates, nor do they specify a date for such data.",Not relevant
"What products and services does HDFC Bank offer, and which customer segments does it serve?",False,graph_check,fc5ecc71-2b19-4aa7-9a58-348aab4f89eb,"['OFFERS_PRODUCT', 'SERVES']",14,14,"HDFC Bank offers auto loans, corporate loans, credit cards, home loans, personal loans, SME loans, and third-party insurance distribution services. To serve its market, the bank caters to affluent, corporate, government, large-corporate, mid-market, NRI, retail, and SME customer segments.",Relevant
What is ICICI Bank's ticker symbol and on which exchange(s) does it trade?,True,summary_fallback,02db780d-0076-4d28-8fb6-d6d5dd1ded13,[],0,5,ICICI Bank trades on the NYSE. The retrieved facts do not cover its ticker symbol.,Somewhat relevant
"Who is the current MD & CEO (or Chairman, where that is the top executive title) of ICICI Bank?",True,graph_check,02db780d-0076-4d28-8fb6-d6d5dd1ded13,"['GovernanceRole', 'HOLDS_ROLE']",0,5,The retrieved facts do not cover who the current MD & CEO or Chairman of ICICI Bank is.,Not relevant
"What percentage of ICICI Bank is held by its government promoter or largest shareholder, and as of what date?",False,graph_check,02db780d-0076-4d28-8fb6-d6d5dd1ded13,"['OWNS', 'REGULATED_BY', 'OwnershipStake', 'HELD_BY', 'OWNS_STAKE_IN']",3,3,The retrieved facts do not cover the percentage of ICICI Bank held by its government promoter or largest shareholder.,Not relevant
What was ICICI Bank's CASA ratio in the most recently reported quarter?,False,graph_check,02db780d-0076-4d28-8fb6-d6d5dd1ded13,"['HAS_METRIC', 'MetricObservation']",10,10,ICICI Bank's average CASA ratio was 38.1% for Q1 FY27.,Relevant
What is ICICI Bank's net interest margin (NIM) for the latest reported period?,False,graph_check,02db780d-0076-4d28-8fb6-d6d5dd1ded13,"['HAS_METRIC', 'MetricObservation']",10,10,ICICI Bank maintains a net interest margin of 4.36%.,Relevant
What are ICICI Bank's gross NPA and net NPA ratios?,False,graph_check,02db780d-0076-4d28-8fb6-d6d5dd1ded13,"['HAS_METRIC', 'MetricObservation']",10,10,ICICI Bank reported a gross NPA of 1.38% and a net NPA of 0.35%.,Relevant
"What is ICICI Bank's capital adequacy ratio (CRAR), and its CET1 ratio if disclosed?",False,graph_check,02db780d-0076-4d28-8fb6-d6d5dd1ded13,"['HAS_METRIC', 'MetricObservation']",10,10,ICICI Bank reported a capital adequacy ratio (CRAR) of 16.84% and a CET1 ratio of 16.19% for Q1 FY27.,Relevant
What are ICICI Bank's return on assets (ROA) and return on equity (ROE) for the latest quarter?,False,graph_check,02db780d-0076-4d28-8fb6-d6d5dd1ded13,"['HAS_METRIC', 'MetricObservation']",10,10,ICICI Bank achieved a sector-leading return on assets of 2.18% and reported a Q1 FY27 return on equity of 11.90%.,Relevant
What was ICICI Bank's total advances (loan book) and deposit growth in the latest quarter?,False,graph_check,02db780d-0076-4d28-8fb6-d6d5dd1ded13,"['HAS_METRIC', 'MetricObservation']",10,10,The retrieved facts do not cover ICICI Bank's total advances (loan book) or deposit growth.,Not relevant
"What credit ratings has ICICI Bank received, and from which rating agencies?",True,graph_check,02db780d-0076-4d28-8fb6-d6d5dd1ded13,['HAS_RATING'],0,5,The retrieved facts do not cover the credit ratings received by ICICI Bank or the rating agencies that issued them.,Not relevant
"Roughly how many branches and ATMs does ICICI Bank operate, and as of what date?",False,summary_fallback,02db780d-0076-4d28-8fb6-d6d5dd1ded13,[],0,1,"ICICI Bank runs a combination of 12,190 ATMs and cash-recycling machines. However, the provided facts do not cover the number of branches or the specific date for these figures.",Somewhat relevant
"What products and services does ICICI Bank offer, and which customer segments does it serve?",False,graph_check,02db780d-0076-4d28-8fb6-d6d5dd1ded13,"['OFFERS_PRODUCT', 'SERVES']",8,8,"ICICI Bank offers a variety of products and services, including auto loans, home loans, personal loans, credit cards, and business-banking products for SMEs. To serve these offerings, the bank maintains strong retail, corporate, and SME franchises to support its customer segments.",Relevant
What is Axis Bank's ticker symbol and on which exchange(s) does it trade?,True,summary_fallback,e8b9706a-a447-4e0c-be64-cc5d7acbb11a,[],0,3,The retrieved facts do not cover Axis Bank's ticker symbol or the exchange(s) on which it trades.,Not relevant
"Who is the current MD & CEO (or Chairman, where that is the top executive title) of Axis Bank?",False,graph_check,e8b9706a-a447-4e0c-be64-cc5d7acbb11a,"['GovernanceRole', 'HOLDS_ROLE']",3,3,Amitabh Chaudhry serves as the MD & CEO of Axis Bank. N. S. Vishwanathan holds the position of non-executive chairman at the bank.,Relevant
"What percentage of Axis Bank is held by its government promoter or largest shareholder, and as of what date?",False,graph_check,e8b9706a-a447-4e0c-be64-cc5d7acbb11a,"['OWNS', 'REGULATED_BY', 'OwnershipStake', 'HELD_BY', 'OWNS_STAKE_IN']",4,4,The retrieved facts do not cover the percentage of Axis Bank held by its government promoter or largest shareholder.,Not relevant
What was Axis Bank's CASA ratio in the most recently reported quarter?,False,graph_check,e8b9706a-a447-4e0c-be64-cc5d7acbb11a,"['HAS_METRIC', 'MetricObservation']",12,12,Axis Bank's CASA ratio for Q1 FY27 was 38%. This metric reflects the proportion of the bank's total deposits held in current and savings accounts during that quarter.,Relevant
What is Axis Bank's net interest margin (NIM) for the latest reported period?,False,graph_check,e8b9706a-a447-4e0c-be64-cc5d7acbb11a,"['HAS_METRIC', 'MetricObservation']",12,12,The retrieved facts do not cover Axis Bank's net interest margin (NIM) for the latest reported period.,Not relevant
What are Axis Bank's gross NPA and net NPA ratios?,False,graph_check,e8b9706a-a447-4e0c-be64-cc5d7acbb11a,"['HAS_METRIC', 'MetricObservation']",12,12,"Axis Bank reported a stable gross NPA of 1.28%. Additionally, the bank reported a net NPA of 0.39%.",Relevant
"What is Axis Bank's capital adequacy ratio (CRAR), and its CET1 ratio if disclosed?",False,graph_check,e8b9706a-a447-4e0c-be64-cc5d7acbb11a,"['HAS_METRIC', 'MetricObservation']",12,12,Axis Bank reported a capital adequacy ratio (CRAR) of 16.67% and a CET1 capital ratio of 14.64%.,Relevant
What are Axis Bank's return on assets (ROA) and return on equity (ROE) for the latest quarter?,False,graph_check,e8b9706a-a447-4e0c-be64-cc5d7acbb11a,"['HAS_METRIC', 'MetricObservation']",12,12,Axis Bank reported a return on assets of 1.51% and a return on equity of 14.16%.,Relevant
What was Axis Bank's total advances (loan book) and deposit growth in the latest quarter?,False,graph_check,e8b9706a-a447-4e0c-be64-cc5d7acbb11a,"['HAS_METRIC', 'MetricObservation']",12,12,"Axis Bank's total advances reached ₹12,61,557 crore, reflecting a 19% year-on-year increase. Additionally, the bank's total deposits grew by 18% year-on-year to reach ₹13,72,936 crore.",Relevant
"What credit ratings has Axis Bank received, and from which rating agencies?",False,graph_check,e8b9706a-a447-4e0c-be64-cc5d7acbb11a,['HAS_RATING'],1,1,"Axis Bank has received an IND AAA rating for its fixed deposits, though the retrieved facts do not specify which rating agencies issued it beyond this designation.",Somewhat relevant
"Roughly how many branches and ATMs does Axis Bank operate, and as of what date?",False,summary_fallback,e8b9706a-a447-4e0c-be64-cc5d7acbb11a,[],0,1,"The retrieved facts do not cover the number of ATMs operated by Axis Bank, nor the specific date for the branch count. However, the facts state that Axis Bank operates a network of 6,295 domestic branches and utilizes extension counters.",Somewhat relevant
"What products and services does Axis Bank offer, and which customer segments does it serve?",False,graph_check,e8b9706a-a447-4e0c-be64-cc5d7acbb11a,"['OFFERS_PRODUCT', 'SERVES']",2,2,Axis Bank serves the retail business segment and offers its wealth management services under the Burgundy brand.,Somewhat relevant
What is Kotak Mahindra Bank's ticker symbol and on which exchange(s) does it trade?,True,summary_fallback,7db3e390-676f-4e46-966c-45f455a2e640,[],0,4,The retrieved facts do not cover Kotak Mahindra Bank's ticker symbol or the exchange(s) on which it trades.,Not relevant
"Who is the current MD & CEO (or Chairman, where that is the top executive title) of Kotak Mahindra Bank?",False,graph_check,7db3e390-676f-4e46-966c-45f455a2e640,"['GovernanceRole', 'HOLDS_ROLE']",2,2,"The current MD & CEO of Kotak Mahindra Bank is Ashok Vaswani, though he has announced his resignation effective at the end of December 2026. Additionally, C. S. Rajan serves as the part-time, non-executive chairman of the bank.",Relevant
"What percentage of Kotak Mahindra Bank is held by its government promoter or largest shareholder, and as of what date?",False,graph_check,7db3e390-676f-4e46-966c-45f455a2e640,"['OWNS', 'REGULATED_BY', 'OwnershipStake', 'HELD_BY', 'OWNS_STAKE_IN']",5,5,"The retrieved facts do not cover the percentage held by a government promoter or the single largest shareholder. However, they note that the Kotak family promotes and holds a 25.87% ownership stake in Kotak Mahindra Bank as of September 2026.",Somewhat relevant
What was Kotak Mahindra Bank's CASA ratio in the most recently reported quarter?,False,graph_check,7db3e390-676f-4e46-966c-45f455a2e640,"['HAS_METRIC', 'MetricObservation']",17,15,Kotak Mahindra Bank achieved a CASA ratio of 40.30% in Q1 FY27.,Relevant
What is Kotak Mahindra Bank's net interest margin (NIM) for the latest reported period?,False,graph_check,7db3e390-676f-4e46-966c-45f455a2e640,"['HAS_METRIC', 'MetricObservation']",17,15,Kotak Mahindra Bank's net interest margin fell to 4.53% amid competitive pricing.,Relevant
What are Kotak Mahindra Bank's gross NPA and net NPA ratios?,False,graph_check,7db3e390-676f-4e46-966c-45f455a2e640,"['HAS_METRIC', 'MetricObservation']",17,15,Kotak Mahindra Bank posted a gross NPA of 1.18% and a net NPA of 0.27% in Q1 FY27.,Relevant
"What is Kotak Mahindra Bank's capital adequacy ratio (CRAR), and its CET1 ratio if disclosed?",False,graph_check,7db3e390-676f-4e46-966c-45f455a2e640,"['HAS_METRIC', 'MetricObservation']",17,15,Kotak Mahindra Bank reported a capital adequacy ratio (CRAR) of 22.8% and a CET1 ratio of 22.4%.,Relevant
What are Kotak Mahindra Bank's return on assets (ROA) and return on equity (ROE) for the latest quarter?,False,graph_check,7db3e390-676f-4e46-966c-45f455a2e640,"['HAS_METRIC', 'MetricObservation']",17,15,"Kotak Mahindra Bank achieved a return on equity of 11.98% in Q1 FY27. However, the retrieved facts do not cover a specific return on assets (ROA) figure for the latest quarter, other than noting that an extracted return-on-assets figure of 0.53% was flagged as anomalously low.",Somewhat relevant
What was Kotak Mahindra Bank's total advances (loan book) and deposit growth in the latest quarter?,False,graph_check,7db3e390-676f-4e46-966c-45f455a2e640,"['HAS_METRIC', 'MetricObservation']",17,15,"Kotak Mahindra Bank reported total advances of ₹5,12,249 crore and total deposits reaching ₹5,72,820 crore at the end of Q1 FY27. However, the retrieved facts do not cover the specific deposit growth rate for the latest quarter.",Somewhat relevant
"What credit ratings has Kotak Mahindra Bank received, and from which rating agencies?",True,graph_check,7db3e390-676f-4e46-966c-45f455a2e640,['HAS_RATING'],0,4,The retrieved facts do not cover the credit ratings or rating agencies for Kotak Mahindra Bank.,Not relevant
"Roughly how many branches and ATMs does Kotak Mahindra Bank operate, and as of what date?",False,summary_fallback,7db3e390-676f-4e46-966c-45f455a2e640,[],0,1,"Kotak Mahindra Bank operates a network of 2,301 branches and utilizes 2,734 ATMs in its physical distribution network. However, the retrieved facts do not provide the date as of which these figures apply.",Somewhat relevant
"What products and services does Kotak Mahindra Bank offer, and which customer segments does it serve?",False,graph_check,7db3e390-676f-4e46-966c-45f455a2e640,"['OFFERS_PRODUCT', 'SERVES']",3,3,"Kotak Mahindra Bank offers a digital banking platform named 811. The bank serves the SME segment through a conservative franchise and also operates a conservative, historically high-margin retail franchise.",Relevant
What is IndusInd Bank's ticker symbol and on which exchange(s) does it trade?,True,summary_fallback,4212ea87-cc68-4d83-b9de-f99f629011de,[],0,3,The retrieved facts do not provide IndusInd Bank's ticker symbol or the stock exchanges on which it trades.,Not relevant
"Who is the current MD & CEO (or Chairman, where that is the top executive title) of IndusInd Bank?",False,graph_check,4212ea87-cc68-4d83-b9de-f99f629011de,"['GovernanceRole', 'HOLDS_ROLE']",1,1,"The current MD & CEO of IndusInd Bank is Rajiv Anand, who took charge in August 2025.",Relevant
"What percentage of IndusInd Bank is held by its government promoter or largest shareholder, and as of what date?",False,graph_check,4212ea87-cc68-4d83-b9de-f99f629011de,"['OWNS', 'REGULATED_BY', 'OwnershipStake', 'HELD_BY', 'OWNS_STAKE_IN']",1,1,"The retrieved facts do not cover the percentage of IndusInd Bank held by its government promoter or largest shareholder as of a specific date, nor do they provide a specific date. However, the Hinduja Group promotes and holds a nearly 16 percent ownership stake in IndusInd Bank.",Somewhat relevant
What was IndusInd Bank's CASA ratio in the most recently reported quarter?,False,graph_check,4212ea87-cc68-4d83-b9de-f99f629011de,"['HAS_METRIC', 'MetricObservation']",13,13,"IndusInd Bank's CASA ratio fell to 29.43% from 31.48% a year earlier. Total deposits reached ₹4,14,766 crore.",Relevant
What is IndusInd Bank's net interest margin (NIM) for the latest reported period?,False,graph_check,4212ea87-cc68-4d83-b9de-f99f629011de,"['HAS_METRIC', 'MetricObservation']",13,13,IndusInd Bank reported a net interest margin of 3.57% for Q1 FY27. This latest reported period reflects the bank's core lending profitability alongside other performance metrics such as a return on assets of 0.78% and a return on equity of 6.26%.,Relevant
What are IndusInd Bank's gross NPA and net NPA ratios?,False,graph_check,4212ea87-cc68-4d83-b9de-f99f629011de,"['HAS_METRIC', 'MetricObservation']",13,13,IndusInd Bank reported a gross NPA ratio of 3.25% and a Q1 FY27 net NPA ratio of 0.95%.,Relevant
"What is IndusInd Bank's capital adequacy ratio (CRAR), and its CET1 ratio if disclosed?",False,graph_check,4212ea87-cc68-4d83-b9de-f99f629011de,"['HAS_METRIC', 'MetricObservation']",13,13,"IndusInd Bank reported a capital adequacy ratio (CRAR) of 17.15% for Q1 FY27. Additionally, the bank disclosed a CET1 ratio of 16.10% for the same period.",Relevant
What are IndusInd Bank's return on assets (ROA) and return on equity (ROE) for the latest quarter?,False,graph_check,4212ea87-cc68-4d83-b9de-f99f629011de,"['HAS_METRIC', 'MetricObservation']",13,13,IndusInd Bank reported a return on assets (ROA) of 0.78% and a return on equity (ROE) of 6.26% for Q1 FY27.,Relevant
What was IndusInd Bank's total advances (loan book) and deposit growth in the latest quarter?,False,graph_check,4212ea87-cc68-4d83-b9de-f99f629011de,"['HAS_METRIC', 'MetricObservation']",13,13,"IndusInd Bank's total advances stood at ₹3,26,274 crore for Q1 FY27, while its total deposits reached ₹4,14,766 crore. The provided facts do not contain the specific growth rates for either the loan book or deposits.",Somewhat relevant
"What credit ratings has IndusInd Bank received, and from which rating agencies?",False,graph_check,4212ea87-cc68-4d83-b9de-f99f629011de,['HAS_RATING'],1,1,"IndusInd Bank has received a CRISIL AA+ rating, which carries a Negative outlook.",Somewhat relevant
"Roughly how many branches and ATMs does IndusInd Bank operate, and as of what date?",False,summary_fallback,4212ea87-cc68-4d83-b9de-f99f629011de,[],0,1,"IndusInd Bank operates a distribution network of 3,137 branches and 2,853 ATMs. However, the retrieved facts do not specify the date for these figures.",Somewhat relevant
"What products and services does IndusInd Bank offer, and which customer segments does it serve?",False,graph_check,4212ea87-cc68-4d83-b9de-f99f629011de,"['OFFERS_PRODUCT', 'SERVES']",1,1,IndusInd Bank offers a digital banking app branded 'Indie'. The retrieved facts do not cover the specific customer segments the bank serves.,Somewhat relevant
What is Yes Bank's ticker symbol and on which exchange(s) does it trade?,True,summary_fallback,c456f4b2-ca3b-4494-931c-db4e0c3ff3d8,[],0,4,The retrieved facts do not cover Yes Bank's ticker symbol or the exchange(s) on which it trades.,Not relevant
"Who is the current MD & CEO (or Chairman, where that is the top executive title) of Yes Bank?",False,graph_check,c456f4b2-ca3b-4494-931c-db4e0c3ff3d8,"['GovernanceRole', 'HOLDS_ROLE']",4,4,"Vinay M. Tonse is the current MD & CEO of Yes Bank, as referenced in July 2026 coverage following Prashant Kumar.",Relevant
"What percentage of Yes Bank is held by its government promoter or largest shareholder, and as of what date?",False,graph_check,c456f4b2-ca3b-4494-931c-db4e0c3ff3d8,"['OWNS', 'REGULATED_BY', 'OwnershipStake', 'HELD_BY', 'OWNS_STAKE_IN']",2,2,"Sumitomo Mitsui Banking Corporation is the single largest shareholder of Yes Bank with a 20% stake, as of 18 September 2025. Additionally, State Bank of India retained an ownership stake of roughly 10% after divesting 13.18% of its shares on the same date.",Relevant
What was Yes Bank's CASA ratio in the most recently reported quarter?,False,graph_check,c456f4b2-ca3b-4494-931c-db4e0c3ff3d8,"['HAS_METRIC', 'MetricObservation']",12,12,"Yes Bank reported a CASA ratio of 32.70% for Q1 FY27, which represents a decrease of 240 basis points quarter-on-quarter.",Relevant
What is Yes Bank's net interest margin (NIM) for the latest reported period?,False,graph_check,c456f4b2-ca3b-4494-931c-db4e0c3ff3d8,"['HAS_METRIC', 'MetricObservation']",12,12,Yes Bank reported a net interest margin of 2.70% for Q1 FY27. This latest reported period also saw the bank achieve an 18% year-on-year increase in net interest income.,Relevant
What are Yes Bank's gross NPA and net NPA ratios?,False,graph_check,c456f4b2-ca3b-4494-931c-db4e0c3ff3d8,"['HAS_METRIC', 'MetricObservation']",12,12,"Yes Bank's gross NPA stands at 1.30%, reflecting a 30 basis point improvement year-on-year, while its net NPA was reported at 0.20% for Q1 FY27.",Relevant
"What is Yes Bank's capital adequacy ratio (CRAR), and its CET1 ratio if disclosed?",False,graph_check,c456f4b2-ca3b-4494-931c-db4e0c3ff3d8,"['HAS_METRIC', 'MetricObservation']",12,12,"Yes Bank reported a CET1 ratio of 14% for Q1 FY27. However, the retrieved facts do not cover Yes Bank's capital adequacy ratio (CRAR).",Somewhat relevant
What are Yes Bank's return on assets (ROA) and return on equity (ROE) for the latest quarter?,False,graph_check,c456f4b2-ca3b-4494-931c-db4e0c3ff3d8,"['HAS_METRIC', 'MetricObservation']",12,12,Yes Bank reported a return on assets (ROA) of 0.90% and a return on equity (ROE) of 8.30% for Q1 FY27.,Relevant
What was Yes Bank's total advances (loan book) and deposit growth in the latest quarter?,False,graph_check,c456f4b2-ca3b-4494-931c-db4e0c3ff3d8,"['HAS_METRIC', 'MetricObservation']",12,12,"In Q1 FY27, Yes Bank reported total advances of roughly ₹2.85 lakh crore, representing an 18.3% increase year-on-year. During the same quarter, total deposits reached roughly ₹3.15 lakh crore, growing by 14.3% year-on-year.",Relevant
"What credit ratings has Yes Bank received, and from which rating agencies?",False,graph_check,c456f4b2-ca3b-4494-931c-db4e0c3ff3d8,['HAS_RATING'],3,3,"Yes Bank received credit ratings from the rating agency ICRA, which upgraded its infrastructure and Tier II bonds to AA Stable in July 2026 from AA- Stable. However, the bank's Additional Tier I (Basel III Tier I) bonds remain rated ICRA D.",Relevant
"Roughly how many branches and ATMs does Yes Bank operate, and as of what date?",True,summary_fallback,c456f4b2-ca3b-4494-931c-db4e0c3ff3d8,[],0,0,,Not relevant
"What products and services does Yes Bank offer, and which customer segments does it serve?",True,graph_check,c456f4b2-ca3b-4494-931c-db4e0c3ff3d8,"['OFFERS_PRODUCT', 'SERVES']",0,4,"Yes Bank operates in the universal banking segment, holding a universal banking license and offering services as a bank headquartered in Mumbai, India. The retrieved facts do not cover the specific customer segments it serves.",Somewhat relevant
What is IDFC First Bank's ticker symbol and on which exchange(s) does it trade?,True,summary_fallback,aa5b8ff4-0579-4529-87bb-ad8e214ba77b,[],0,4,The retrieved facts do not cover IDFC First Bank's ticker symbol or the exchange(s) on which it trades.,Not relevant
"Who is the current MD & CEO (or Chairman, where that is the top executive title) of IDFC First Bank?",False,graph_check,aa5b8ff4-0579-4529-87bb-ad8e214ba77b,"['GovernanceRole', 'HOLDS_ROLE']",1,1,"The current MD & CEO of IDFC FIRST Bank is V. Vaidyanathan, who has been reappointed to the position.",Relevant
"What percentage of IDFC First Bank is held by its government promoter or largest shareholder, and as of what date?",False,graph_check,aa5b8ff4-0579-4529-87bb-ad8e214ba77b,"['OWNS', 'REGULATED_BY', 'OwnershipStake', 'HELD_BY', 'OWNS_STAKE_IN']",9,9,The retrieved facts do not cover the percentage held by a government promoter or the largest shareholder for IDFC First Bank.,Not relevant
What was IDFC First Bank's CASA ratio in the most recently reported quarter?,False,graph_check,aa5b8ff4-0579-4529-87bb-ad8e214ba77b,"['HAS_METRIC', 'MetricObservation']",10,10,"IDFC First Bank achieved a sector-leading CASA ratio of 50.8% in the most recently reported quarter, Q1 FY27. This strong deposit profile supported a total deposit figure of ₹2,99,405 crore, which grew by 16.6% year-on-year.",Relevant
What is IDFC First Bank's net interest margin (NIM) for the latest reported period?,False,graph_check,aa5b8ff4-0579-4529-87bb-ad8e214ba77b,"['HAS_METRIC', 'MetricObservation']",10,10,IDFC First Bank recorded a net interest margin of 5.96% in Q1 FY27.,Relevant
What are IDFC First Bank's gross NPA and net NPA ratios?,False,graph_check,aa5b8ff4-0579-4529-87bb-ad8e214ba77b,"['HAS_METRIC', 'MetricObservation']",10,10,"IDFC First Bank recorded a gross NPA ratio of 1.51% during Q1 FY27. Additionally, the bank's net NPA metric stood at 0.44% for the same period.",Relevant
"What is IDFC First Bank's capital adequacy ratio (CRAR), and its CET1 ratio if disclosed?",False,graph_check,aa5b8ff4-0579-4529-87bb-ad8e214ba77b,"['HAS_METRIC', 'MetricObservation']",10,10,"IDFC First Bank reported a capital adequacy ratio (CRAR) of 15.05% in Q1 FY27. However, the retrieved facts do not disclose its CET1 ratio.",Somewhat relevant
What are IDFC First Bank's return on assets (ROA) and return on equity (ROE) for the latest quarter?,False,graph_check,aa5b8ff4-0579-4529-87bb-ad8e214ba77b,"['HAS_METRIC', 'MetricObservation']",10,10,"The retrieved facts do not cover IDFC First Bank's actual return on assets (ROA) or return on equity (ROE) for the latest quarter, as they only mention a long-term return-on-assets vision of 1.7-1.8% and an anticipated return on equity improvement.",Not relevant
What was IDFC First Bank's total advances (loan book) and deposit growth in the latest quarter?,False,graph_check,aa5b8ff4-0579-4529-87bb-ad8e214ba77b,"['HAS_METRIC', 'MetricObservation']",10,10,"In Q1 FY27, IDFC First Bank reached total advances of ₹3,05,488 crore. Additionally, the bank reported total deposits of ₹2,99,405 crore, reflecting a deposit growth of 16.6% year-on-year.",Relevant
"What credit ratings has IDFC First Bank received, and from which rating agencies?",False,graph_check,aa5b8ff4-0579-4529-87bb-ad8e214ba77b,['HAS_RATING'],3,3,"IDFC First Bank has received several credit ratings from the rating agency CRISIL, including an AAA Stable rating for fixed deposits, an AA+ Stable rating for Tier II Basel III bonds, and an A1+ rating for its certificate-of-deposit programme, all reaffirmed on October 21, 2025.",Relevant
"Roughly how many branches and ATMs does IDFC First Bank operate, and as of what date?",True,summary_fallback,aa5b8ff4-0579-4529-87bb-ad8e214ba77b,[],0,1,"IDFC First Bank operates a network of 1,155 branches, though the retrieved facts do not cover the number of ATMs or the specific date of this branch count.",Somewhat relevant
"What products and services does IDFC First Bank offer, and which customer segments does it serve?",False,graph_check,aa5b8ff4-0579-4529-87bb-ad8e214ba77b,"['OFFERS_PRODUCT', 'SERVES']",1,1,"IDFC First Bank offers fixed deposits to its customers. The retrieved facts do not cover the other products, services, or customer segments offered by the bank.",Somewhat relevant
What is Federal Bank's ticker symbol and on which exchange(s) does it trade?,True,summary_fallback,cdc54c14-4841-485f-9367-55abd39e099e,[],0,4,The retrieved facts do not cover Federal Bank's ticker symbol or the stock exchanges on which it trades.,Not relevant
"Who is the current MD & CEO (or Chairman, where that is the top executive title) of Federal Bank?",False,graph_check,cdc54c14-4841-485f-9367-55abd39e099e,"['GovernanceRole', 'HOLDS_ROLE']",2,2,"The current MD & CEO of Federal Bank is KVS Manian. Additionally, Elias George serves as the part-time chairman and an independent director for the bank.",Relevant
"What percentage of Federal Bank is held by its government promoter or largest shareholder, and as of what date?",False,graph_check,cdc54c14-4841-485f-9367-55abd39e099e,"['OWNS', 'REGULATED_BY', 'OwnershipStake', 'HELD_BY', 'OWNS_STAKE_IN']",6,6,The retrieved facts do not cover the percentage of Federal Bank held by its government promoter or largest shareholder.,Not relevant
What was Federal Bank's CASA ratio in the most recently reported quarter?,False,graph_check,cdc54c14-4841-485f-9367-55abd39e099e,"['HAS_METRIC', 'MetricObservation']",9,9,Federal Bank reported a CASA ratio of 32.23% in Q1 FY27.,Relevant
What is Federal Bank's net interest margin (NIM) for the latest reported period?,False,graph_check,cdc54c14-4841-485f-9367-55abd39e099e,"['HAS_METRIC', 'MetricObservation']",9,9,Federal Bank's net interest margin (NIM) is 3.33%.,Relevant
What are Federal Bank's gross NPA and net NPA ratios?,False,graph_check,cdc54c14-4841-485f-9367-55abd39e099e,"['HAS_METRIC', 'MetricObservation']",9,9,"Federal Bank reported a gross NPA metric of 1.52%. However, the retrieved facts do not cover the net NPA ratio.",Somewhat relevant
"What is Federal Bank's capital adequacy ratio (CRAR), and its CET1 ratio if disclosed?",False,graph_check,cdc54c14-4841-485f-9367-55abd39e099e,"['HAS_METRIC', 'MetricObservation']",9,9,Federal Bank reported a capital adequacy ratio (CRAR) of 16.97% and a CET1 ratio of 15.89%.,Relevant
What are Federal Bank's return on assets (ROA) and return on equity (ROE) for the latest quarter?,False,graph_check,cdc54c14-4841-485f-9367-55abd39e099e,"['HAS_METRIC', 'MetricObservation']",9,9,The retrieved facts do not cover Federal Bank's return on assets (ROA) or return on equity (ROE) for the latest quarter.,Not relevant
What was Federal Bank's total advances (loan book) and deposit growth in the latest quarter?,False,graph_check,cdc54c14-4841-485f-9367-55abd39e099e,"['HAS_METRIC', 'MetricObservation']",9,9,"Federal Bank logged total advances of ₹2.81 lakh crore and total deposits of ₹3.20 lakh crore. However, the retrieved facts do not cover the specific deposit growth rate for the latest quarter.",Somewhat relevant
"What credit ratings has Federal Bank received, and from which rating agencies?",True,graph_check,cdc54c14-4841-485f-9367-55abd39e099e,['HAS_RATING'],0,4,The retrieved facts do not cover the credit ratings received by Federal Bank or the rating agencies that issued them.,Not relevant
"Roughly how many branches and ATMs does Federal Bank operate, and as of what date?",True,summary_fallback,cdc54c14-4841-485f-9367-55abd39e099e,[],0,1,"The retrieved facts do not cover the number of branches and ATMs that Federal Bank operates, nor the date of such figures.",Not relevant
"What products and services does Federal Bank offer, and which customer segments does it serve?",False,graph_check,cdc54c14-4841-485f-9367-55abd39e099e,"['OFFERS_PRODUCT', 'SERVES']",3,3,"Federal Bank provides banking services to SME clients and large-corporate clients, while serving a retail customer base with a strong tilt toward the Kerala NRI diaspora.",Somewhat relevant
What is RBL Bank's ticker symbol and on which exchange(s) does it trade?,True,summary_fallback,5d8a90d7-6178-4821-84d5-7dce0785f0aa,[],0,4,The retrieved facts do not cover RBL Bank's ticker symbol or the stock exchange(s) on which it trades.,Not relevant
"Who is the current MD & CEO (or Chairman, where that is the top executive title) of RBL Bank?",False,graph_check,5d8a90d7-6178-4821-84d5-7dce0785f0aa,"['GovernanceRole', 'HOLDS_ROLE']",1,1,"The current MD & CEO of RBL Bank is R Subramaniakumar, who has served in the role since June 1, 2022.",Relevant
"What percentage of RBL Bank is held by its government promoter or largest shareholder, and as of what date?",False,graph_check,5d8a90d7-6178-4821-84d5-7dce0785f0aa,"['OWNS', 'REGULATED_BY', 'OwnershipStake', 'HELD_BY', 'OWNS_STAKE_IN']",4,4,The retrieved facts do not cover the percentage held by a government promoter or the largest shareholder of RBL Bank.,Not relevant
What was RBL Bank's CASA ratio in the most recently reported quarter?,False,graph_check,5d8a90d7-6178-4821-84d5-7dce0785f0aa,"['HAS_METRIC', 'MetricObservation']",8,8,RBL Bank reported an average CASA ratio of 25.2% in Q1 FY27.,Relevant
What is RBL Bank's net interest margin (NIM) for the latest reported period?,False,graph_check,5d8a90d7-6178-4821-84d5-7dce0785f0aa,"['HAS_METRIC', 'MetricObservation']",8,8,RBL Bank's net interest margin stood at 4.12% in Q1 FY27. This metric experienced a decline during the period.,Relevant
What are RBL Bank's gross NPA and net NPA ratios?,False,graph_check,5d8a90d7-6178-4821-84d5-7dce0785f0aa,"['HAS_METRIC', 'MetricObservation']",8,8,RBL Bank recorded a gross NPA of 1.30% in Q1 FY27 and registered a net NPA of 0.37%.,Relevant
"What is RBL Bank's capital adequacy ratio (CRAR), and its CET1 ratio if disclosed?",False,graph_check,5d8a90d7-6178-4821-84d5-7dce0785f0aa,"['HAS_METRIC', 'MetricObservation']",8,8,"RBL Bank's capital adequacy ratio (CRAR) surged to 33.3% in Q1 FY27 following a substantial capital infusion. However, the retrieved facts do not disclose its CET1 ratio.",Somewhat relevant
What are RBL Bank's return on assets (ROA) and return on equity (ROE) for the latest quarter?,False,graph_check,5d8a90d7-6178-4821-84d5-7dce0785f0aa,"['HAS_METRIC', 'MetricObservation']",8,8,"The retrieved facts do not cover RBL Bank's return on assets (ROA) or return on equity (ROE) for the latest quarter. Therefore, those specific figures cannot be provided from the available data.",Not relevant
What was RBL Bank's total advances (loan book) and deposit growth in the latest quarter?,False,graph_check,5d8a90d7-6178-4821-84d5-7dce0785f0aa,"['HAS_METRIC', 'MetricObservation']",8,8,"RBL Bank reported total advances of ₹1.16 trillion, representing a 23% increase year-on-year, while its total deposits reached ₹1.25 trillion.",Somewhat relevant
"What credit ratings has RBL Bank received, and from which rating agencies?",False,graph_check,5d8a90d7-6178-4821-84d5-7dce0785f0aa,['HAS_RATING'],2,2,"RBL Bank has received an AAA Stable rating from CRISIL for its fixed deposits and infrastructure bonds, as well as an A1+ rating from CRISIL for its certificates of deposit, both as of June 22, 2026.",Relevant
"Roughly how many branches and ATMs does RBL Bank operate, and as of what date?",False,summary_fallback,5d8a90d7-6178-4821-84d5-7dce0785f0aa,[],0,1,RBL Bank operates a network of 628 branches. The provided facts do not contain information regarding the number of ATMs or the specific date of these branch figures.,Somewhat relevant
"What products and services does RBL Bank offer, and which customer segments does it serve?",False,graph_check,5d8a90d7-6178-4821-84d5-7dce0785f0aa,"['OFFERS_PRODUCT', 'SERVES']",8,8,"RBL Bank offers credit cards through its digital payments operations, alongside its broader banking services. The institution serves a diverse customer base that includes high-net-worth individuals, MSMEs, entrepreneurs, government entities, large corporates, startups, and young professionals.",Relevant
What is South Indian Bank's ticker symbol and on which exchange(s) does it trade?,True,summary_fallback,da75b497-7522-4871-8df9-173b6b7f0407,[],0,4,The retrieved facts do not cover South Indian Bank's ticker symbol or the stock exchange(s) on which it trades.,Not relevant
"Who is the current MD & CEO (or Chairman, where that is the top executive title) of South Indian Bank?",False,graph_check,da75b497-7522-4871-8df9-173b6b7f0407,"['GovernanceRole', 'HOLDS_ROLE']",3,3,"Mahesh Muralidhar Pai will take charge as MD & CEO of South Indian Bank from October 2026, succeeding P. R. Seshadri, who is stepping down on 30 September 2026. Additionally, Jose Joseph Kattoor was appointed part-time chairman of the bank effective 23 March 2026.",Relevant
"What percentage of South Indian Bank is held by its government promoter or largest shareholder, and as of what date?",False,graph_check,da75b497-7522-4871-8df9-173b6b7f0407,"['OWNS', 'REGULATED_BY', 'OwnershipStake', 'HELD_BY', 'OWNS_STAKE_IN']",8,8,The retrieved facts do not cover the percentage of South Indian Bank held by its government promoter or largest shareholder.,Not relevant
What was South Indian Bank's CASA ratio in the most recently reported quarter?,False,graph_check,da75b497-7522-4871-8df9-173b6b7f0407,"['HAS_METRIC', 'MetricObservation']",12,12,"A precise CASA ratio for South Indian Bank was not found for the most recently reported quarter. However, the bank reported Q1 FY27 total deposits of ₹1.26 trillion, representing an 11.4% increase year-on-year.",Somewhat relevant
What is South Indian Bank's net interest margin (NIM) for the latest reported period?,False,graph_check,da75b497-7522-4871-8df9-173b6b7f0407,"['HAS_METRIC', 'MetricObservation']",12,12,The retrieved facts do not cover South Indian Bank's net interest margin (NIM) for the latest reported period.,Not relevant
What are South Indian Bank's gross NPA and net NPA ratios?,False,graph_check,da75b497-7522-4871-8df9-173b6b7f0407,"['HAS_METRIC', 'MetricObservation']",12,12,"South Indian Bank's gross NPA improved to 1.38% from 3.15% a year earlier, while its net NPA went down to 0.26% from 0.68%.",Relevant
"What is South Indian Bank's capital adequacy ratio (CRAR), and its CET1 ratio if disclosed?",False,graph_check,da75b497-7522-4871-8df9-173b6b7f0407,"['HAS_METRIC', 'MetricObservation']",12,12,"South Indian Bank's capital adequacy ratio (CRAR) was 19.62%, up from 19.48% a year earlier. The retrieved facts do not cover the CET1 ratio.",Somewhat relevant
What are South Indian Bank's return on assets (ROA) and return on equity (ROE) for the latest quarter?,False,graph_check,da75b497-7522-4871-8df9-173b6b7f0407,"['HAS_METRIC', 'MetricObservation']",12,12,"South Indian Bank's return on assets improved to 1.07% from 1.01%. However, the retrieved facts do not cover the specific return on equity (ROE) for the latest quarter, noting only that ROE is expected to benefit from falling provisions.",Somewhat relevant
What was South Indian Bank's total advances (loan book) and deposit growth in the latest quarter?,False,graph_check,da75b497-7522-4871-8df9-173b6b7f0407,"['HAS_METRIC', 'MetricObservation']",12,12,"In Q1 FY27, South Indian Bank reported total advances of ₹1.03 trillion, representing an 18.6% year-on-year growth. During the same quarter, the bank achieved total deposits of ₹1.26 trillion, marking an 11.4% increase compared to the previous year.",Relevant
"What credit ratings has South Indian Bank received, and from which rating agencies?",True,graph_check,da75b497-7522-4871-8df9-173b6b7f0407,['HAS_RATING'],0,4,The retrieved facts do not cover the credit ratings received by South Indian Bank or the rating agencies that issued them.,Not relevant
"Roughly how many branches and ATMs does South Indian Bank operate, and as of what date?",True,summary_fallback,da75b497-7522-4871-8df9-173b6b7f0407,[],0,1,"Current branch and ATM counts for South Indian Bank were not found for this session, so those figures cannot be provided.",Not relevant
"What products and services does South Indian Bank offer, and which customer segments does it serve?",False,graph_check,da75b497-7522-4871-8df9-173b6b7f0407,"['OFFERS_PRODUCT', 'SERVES']",4,4,"South Indian Bank serves the retail, non-resident Indian (NRI), small and medium-sized enterprise (SME), and corporate customer segments, maintaining a strong franchise within both its retail and NRI operations. However, the retrieved facts do not cover the specific products and services the bank offers.",Somewhat relevant
What is Karur Vysya Bank's ticker symbol and on which exchange(s) does it trade?,True,summary_fallback,05ce5ca5-7af6-45a7-aa25-28cc953d4c56,[],0,5,The retrieved facts do not cover Karur Vysya Bank's ticker symbol or the stock exchanges on which it trades.,Not relevant
"Who is the current MD & CEO (or Chairman, where that is the top executive title) of Karur Vysya Bank?",False,graph_check,05ce5ca5-7af6-45a7-aa25-28cc953d4c56,"['GovernanceRole', 'HOLDS_ROLE']",2,2,"The current MD & CEO of Karur Vysya Bank is B. Ramesh Babu, whose reappointment runs through 28 July 2028. Additionally, Dr. Meena Hemchandra serves as the independent part-time chairperson through 24 July 2028.",Relevant
"What percentage of Karur Vysya Bank is held by its government promoter or largest shareholder, and as of what date?",False,graph_check,05ce5ca5-7af6-45a7-aa25-28cc953d4c56,"['OWNS', 'REGULATED_BY', 'OwnershipStake', 'HELD_BY', 'OWNS_STAKE_IN']",9,9,The retrieved facts do not cover the percentage of Karur Vysya Bank held by a government promoter or its largest shareholder.,Not relevant
What was Karur Vysya Bank's CASA ratio in the most recently reported quarter?,False,graph_check,05ce5ca5-7af6-45a7-aa25-28cc953d4c56,"['HAS_METRIC', 'MetricObservation']",10,10,The retrieved facts do not cover Karur Vysya Bank's CASA ratio for the most recently reported quarter.,Not relevant
What is Karur Vysya Bank's net interest margin (NIM) for the latest reported period?,False,graph_check,05ce5ca5-7af6-45a7-aa25-28cc953d4c56,"['HAS_METRIC', 'MetricObservation']",10,10,Karur Vysya Bank's net interest margin for Q1 FY27 was 4.34%.,Relevant
What are Karur Vysya Bank's gross NPA and net NPA ratios?,False,graph_check,05ce5ca5-7af6-45a7-aa25-28cc953d4c56,"['HAS_METRIC', 'MetricObservation']",10,10,Karur Vysya Bank reported a gross NPA of 0.74% and a net NPA of 0.19%.,Relevant
"What is Karur Vysya Bank's capital adequacy ratio (CRAR), and its CET1 ratio if disclosed?",False,graph_check,05ce5ca5-7af6-45a7-aa25-28cc953d4c56,"['HAS_METRIC', 'MetricObservation']",10,10,"Karur Vysya Bank reported a capital adequacy ratio (CRAR) of 18.61%. However, the retrieved facts do not disclose its specific CET1 ratio.",Relevant
What are Karur Vysya Bank's return on assets (ROA) and return on equity (ROE) for the latest quarter?,False,graph_check,05ce5ca5-7af6-45a7-aa25-28cc953d4c56,"['HAS_METRIC', 'MetricObservation']",10,10,The retrieved facts do not cover Karur Vysya Bank's return on assets (ROA) or return on equity (ROE) for the latest quarter.,Not relevant
What was Karur Vysya Bank's total advances (loan book) and deposit growth in the latest quarter?,False,graph_check,05ce5ca5-7af6-45a7-aa25-28cc953d4c56,"['HAS_METRIC', 'MetricObservation']",10,10,"Karur Vysya Bank recorded total advances of ₹1,04,680 crore, representing a 17.13% growth. Additionally, the bank recorded Q1 FY27 total deposits of ₹1,22,587 crore, which grew by 14.94% year-on-year.",Relevant
"What credit ratings has Karur Vysya Bank received, and from which rating agencies?",False,graph_check,05ce5ca5-7af6-45a7-aa25-28cc953d4c56,['HAS_RATING'],1,1,"Karur Vysya Bank holds an A1+ rating from the rating agency ICRA, as of June 29, 2026.",Somewhat relevant
"Roughly how many branches and ATMs does Karur Vysya Bank operate, and as of what date?",False,summary_fallback,05ce5ca5-7af6-45a7-aa25-28cc953d4c56,[],0,1,"Karur Vysya Bank operates 902 branches and 2,252 ATMs across 22 states and union territories. However, the retrieved facts do not specify the exact date for these figures.",Somewhat relevant
"What products and services does Karur Vysya Bank offer, and which customer segments does it serve?",False,graph_check,05ce5ca5-7af6-45a7-aa25-28cc953d4c56,"['OFFERS_PRODUCT', 'SERVES']",4,4,"Karur Vysya Bank serves the retail, agriculture, and MSME customer segments, and it has highlighted an explicit portfolio shift toward RAM segments on its earnings call. However, the retrieved facts do not cover the specific products and services offered by the bank.",Somewhat relevant
What is City Union Bank's ticker symbol and on which exchange(s) does it trade?,True,summary_fallback,9a0d8f96-3447-4532-97ce-021f12253399,[],0,4,The retrieved facts do not cover City Union Bank's ticker symbol or the stock exchanges on which it trades.,Not relevant
"Who is the current MD & CEO (or Chairman, where that is the top executive title) of City Union Bank?",False,graph_check,9a0d8f96-3447-4532-97ce-021f12253399,"['GovernanceRole', 'HOLDS_ROLE']",3,3,"R. Vijay Anandh is the current MD & CEO of City Union Bank, having assumed the role effective May 1, 2026.",Relevant
"What percentage of City Union Bank is held by its government promoter or largest shareholder, and as of what date?",False,graph_check,9a0d8f96-3447-4532-97ce-021f12253399,"['OWNS', 'REGULATED_BY', 'OwnershipStake', 'HELD_BY', 'OWNS_STAKE_IN']",5,5,The retrieved facts do not cover the percentage held by City Union Bank's government promoter or largest shareholder.,Not relevant
What was City Union Bank's CASA ratio in the most recently reported quarter?,False,graph_check,9a0d8f96-3447-4532-97ce-021f12253399,"['HAS_METRIC', 'MetricObservation']",16,15,"City Union Bank reported a CASA ratio of roughly 26.6% in Q1 FY27. This was accompanied by total deposits of ₹793,423 million, representing a 21% year-on-year growth.",Relevant
What is City Union Bank's net interest margin (NIM) for the latest reported period?,False,graph_check,9a0d8f96-3447-4532-97ce-021f12253399,"['HAS_METRIC', 'MetricObservation']",16,15,City Union Bank reported a net interest margin of 3.78% for Q1 FY27.,Relevant
What are City Union Bank's gross NPA and net NPA ratios?,False,graph_check,9a0d8f96-3447-4532-97ce-021f12253399,"['HAS_METRIC', 'MetricObservation']",16,15,"City Union Bank's gross NPA improved sharply to 1.73% year-on-year from 2.99%. Additionally, the bank reported a Q1 FY27 net NPA of 0.61%, down from 1.2%.",Relevant
"What is City Union Bank's capital adequacy ratio (CRAR), and its CET1 ratio if disclosed?",False,graph_check,9a0d8f96-3447-4532-97ce-021f12253399,"['HAS_METRIC', 'MetricObservation']",16,15,City Union Bank reported a capital adequacy ratio (CRAR) of 21.73% for Q1 FY27. The provided facts do not disclose the bank's CET1 ratio.,Relevant
What are City Union Bank's return on assets (ROA) and return on equity (ROE) for the latest quarter?,False,graph_check,9a0d8f96-3447-4532-97ce-021f12253399,"['HAS_METRIC', 'MetricObservation']",16,15,City Union Bank reported a return on assets of 1.57% and a return on equity of 14.37%.,Relevant
What was City Union Bank's total advances (loan book) and deposit growth in the latest quarter?,False,graph_check,9a0d8f96-3447-4532-97ce-021f12253399,"['HAS_METRIC', 'MetricObservation']",16,15,"In the latest quarter of Q1 FY27, City Union Bank reported total advances (loan book) of ₹676,454 million, reflecting a 25% growth year-on-year. Additionally, the bank recorded total deposits of ₹793,423 million, representing a 21% growth for the same period.",Relevant
"What credit ratings has City Union Bank received, and from which rating agencies?",False,graph_check,9a0d8f96-3447-4532-97ce-021f12253399,['HAS_RATING'],1,1,"City Union Bank has received an AA- issuer rating from CARE Ratings as of March 31, 2026.",Somewhat relevant
"Roughly how many branches and ATMs does City Union Bank operate, and as of what date?",True,summary_fallback,9a0d8f96-3447-4532-97ce-021f12253399,[],0,0,,Not relevant
"What products and services does City Union Bank offer, and which customer segments does it serve?",False,graph_check,9a0d8f96-3447-4532-97ce-021f12253399,"['OFFERS_PRODUCT', 'SERVES']",2,2,"City Union Bank offers retail-focused and MSME-focused business services. However, the retrieved facts do not cover the specific products offered or the broader customer segments served beyond these business models.",Somewhat relevant
What is DCB Bank's ticker symbol and on which exchange(s) does it trade?,True,summary_fallback,597741f2-edce-4910-b132-f04c2c375a72,[],0,3,The retrieved facts do not cover DCB Bank's ticker symbol or the stock exchange(s) on which it trades.,Not relevant
"Who is the current MD & CEO (or Chairman, where that is the top executive title) of DCB Bank?",False,graph_check,597741f2-edce-4910-b132-f04c2c375a72,"['GovernanceRole', 'HOLDS_ROLE']",2,2,"Praveen Kutty is the current MD & CEO of DCB Bank, having served in the role since 2024. Additionally, Farokh N. Subedar has served as chairperson of the bank since 2023.",Relevant
"What percentage of DCB Bank is held by its government promoter or largest shareholder, and as of what date?",False,graph_check,597741f2-edce-4910-b132-f04c2c375a72,"['OWNS', 'REGULATED_BY', 'OwnershipStake', 'HELD_BY', 'OWNS_STAKE_IN']",6,6,"The Aga Khan Fund for Economic Development (AKFED), along with Platinum Jubilee Investments, held a combined 16.23% stake in DCB Bank as of Q1 FY27 (April 1, 2026). The retrieved facts do not state whether AKFED is classified as a government promoter.",Somewhat relevant
What was DCB Bank's CASA ratio in the most recently reported quarter?,False,graph_check,597741f2-edce-4910-b132-f04c2c375a72,"['HAS_METRIC', 'MetricObservation']",17,15,"DCB Bank's CASA ratio was 21.65% in Q1 FY27, as of April 1, 2026. This relatively low CASA ratio implies a somewhat higher cost of funds for the bank.",Relevant
What is DCB Bank's net interest margin (NIM) for the latest reported period?,False,graph_check,597741f2-edce-4910-b132-f04c2c375a72,"['HAS_METRIC', 'MetricObservation']",17,15,"DCB Bank's net interest margin for the latest reported period (Q1 FY27) was 3.35%. This figure reflects the bank's performance as of April 1, 2026.",Relevant
What are DCB Bank's gross NPA and net NPA ratios?,False,graph_check,597741f2-edce-4910-b132-f04c2c375a72,"['HAS_METRIC', 'MetricObservation']",17,15,"DCB Bank's gross NPA improved to 2.43% from 2.98%. Additionally, the bank's net NPA improved to 0.84% from 1.22%.",Relevant
"What is DCB Bank's capital adequacy ratio (CRAR), and its CET1 ratio if disclosed?",False,graph_check,597741f2-edce-4910-b132-f04c2c375a72,"['HAS_METRIC', 'MetricObservation']",17,15,"DCB Bank reported a capital adequacy ratio (CRAR) of 17.03% in Q1 FY27. However, the retrieved facts do not disclose its CET1 ratio.",Somewhat relevant
What are DCB Bank's return on assets (ROA) and return on equity (ROE) for the latest quarter?,False,graph_check,597741f2-edce-4910-b132-f04c2c375a72,"['HAS_METRIC', 'MetricObservation']",17,15,"DCB Bank reported a return on assets (ROA) of 0.96% in Q1 FY27. Additionally, the bank's return on equity (ROE) improved to 13.61%.",Relevant
What was DCB Bank's total advances (loan book) and deposit growth in the latest quarter?,False,graph_check,597741f2-edce-4910-b132-f04c2c375a72,"['HAS_METRIC', 'MetricObservation']",17,15,"DCB Bank recorded total advances of ₹59,951 crore and total deposits of ₹74,482 crore. However, the retrieved facts do not cover the deposit growth rate for the latest quarter.",Somewhat relevant
"What credit ratings has DCB Bank received, and from which rating agencies?",False,graph_check,597741f2-edce-4910-b132-f04c2c375a72,['HAS_RATING'],2,2,"DCB Bank has received an AA- Stable credit rating for its long-term subordinated debt from both CRISIL and CARE, as well as an A1+ rating for its certificates of deposit.",Relevant
"Roughly how many branches and ATMs does DCB Bank operate, and as of what date?",False,summary_fallback,597741f2-edce-4910-b132-f04c2c375a72,[],0,1,"DCB Bank operates 480 branches. However, the retrieved facts do not cover the number of ATMs or the specific date for this branch count.",Somewhat relevant
"What products and services does DCB Bank offer, and which customer segments does it serve?",True,graph_check,597741f2-edce-4910-b132-f04c2c375a72,"['OFFERS_PRODUCT', 'SERVES']",0,3,"DCB Bank offers products and services centered around granular secured lending, specifically mortgages, gold loans, and MSME credit. The bank operates a retail and SME-focused model and serves these customer segments under its universal banking license.",Relevant
What is Karnataka Bank's ticker symbol and on which exchange(s) does it trade?,True,summary_fallback,07f29a92-f862-45a7-856e-4d5fbe477a50,[],0,3,The retrieved facts do not cover Karnataka Bank's ticker symbol or the stock exchanges on which it trades.,Not relevant
"Who is the current MD & CEO (or Chairman, where that is the top executive title) of Karnataka Bank?",False,graph_check,07f29a92-f862-45a7-856e-4d5fbe477a50,"['GovernanceRole', 'HOLDS_ROLE']",2,2,"Raghavendra Srinivas Bhat serves as the MD & CEO of Karnataka Bank, having assumed the role on 16 July 2025.",Relevant
"What percentage of Karnataka Bank is held by its government promoter or largest shareholder, and as of what date?",False,graph_check,07f29a92-f862-45a7-856e-4d5fbe477a50,"['OWNS', 'REGULATED_BY', 'OwnershipStake', 'HELD_BY', 'OWNS_STAKE_IN']",4,4,"The retrieved facts do not provide information on the percentage held by the government promoter or largest shareholder of Karnataka Bank, nor the date of such a holding.",Not relevant
What was Karnataka Bank's CASA ratio in the most recently reported quarter?,False,graph_check,07f29a92-f862-45a7-856e-4d5fbe477a50,"['HAS_METRIC', 'MetricObservation']",5,5,The retrieved facts do not cover Karnataka Bank's CASA ratio for the most recently reported quarter.,Not relevant
What is Karnataka Bank's net interest margin (NIM) for the latest reported period?,False,graph_check,07f29a92-f862-45a7-856e-4d5fbe477a50,"['HAS_METRIC', 'MetricObservation']",5,5,The retrieved facts do not cover Karnataka Bank's net interest margin for the latest reported period.,Not relevant
What are Karnataka Bank's gross NPA and net NPA ratios?,False,graph_check,07f29a92-f862-45a7-856e-4d5fbe477a50,"['HAS_METRIC', 'MetricObservation']",5,5,Karnataka Bank reported a gross NPA of 2.58% and a net NPA of 0.87%.,Relevant
"What is Karnataka Bank's capital adequacy ratio (CRAR), and its CET1 ratio if disclosed?",False,graph_check,07f29a92-f862-45a7-856e-4d5fbe477a50,"['HAS_METRIC', 'MetricObservation']",5,5,"Karnataka Bank's capital adequacy ratio (CRAR) is not covered in the retrieved facts. Similarly, the CET1 ratio is not disclosed or mentioned in the provided data.",Relevant
What are Karnataka Bank's return on assets (ROA) and return on equity (ROE) for the latest quarter?,False,graph_check,07f29a92-f862-45a7-856e-4d5fbe477a50,"['HAS_METRIC', 'MetricObservation']",5,5,"The retrieved facts do not cover Karnataka Bank's return on assets (ROA) for the latest quarter. Regarding return on equity (ROE), Karnataka Bank has run at a low level of roughly 10% to 11.6% over recent three-year periods.",Somewhat relevant
What was Karnataka Bank's total advances (loan book) and deposit growth in the latest quarter?,False,graph_check,07f29a92-f862-45a7-856e-4d5fbe477a50,"['HAS_METRIC', 'MetricObservation']",5,5,The retrieved facts do not cover Karnataka Bank's total advances or deposit growth in the latest quarter.,Not relevant
"What credit ratings has Karnataka Bank received, and from which rating agencies?",True,graph_check,07f29a92-f862-45a7-856e-4d5fbe477a50,['HAS_RATING'],0,3,The retrieved facts do not cover the credit ratings received by Karnataka Bank or the rating agencies that issued them.,Not relevant
"Roughly how many branches and ATMs does Karnataka Bank operate, and as of what date?",False,summary_fallback,07f29a92-f862-45a7-856e-4d5fbe477a50,[],0,1,"Karnataka Bank operates a network of 957 branches and 1,188 ATMs. However, the provided facts do not specify the date as of which these figures apply.",Somewhat relevant
"What products and services does Karnataka Bank offer, and which customer segments does it serve?",True,graph_check,07f29a92-f862-45a7-856e-4d5fbe477a50,"['OFFERS_PRODUCT', 'SERVES']",0,3,"Karnataka Bank operates a retail and SME-focused universal-bank model under a universal banking license, serving over 11 million customers. Headquartered in Mangalore and incorporated in 1924, it functions as an A Class Scheduled Commercial Bank regulated by the RBI and SEBI.",Somewhat relevant
What is Tamilnad Mercantile Bank's ticker symbol and on which exchange(s) does it trade?,True,summary_fallback,5e168c27-0019-47a1-ab6e-3539eb1538f2,[],0,4,The retrieved facts do not cover Tamilnad Mercantile Bank's ticker symbol or the exchange(s) on which it trades.,Not relevant
"Who is the current MD & CEO (or Chairman, where that is the top executive title) of Tamilnad Mercantile Bank?",False,graph_check,5e168c27-0019-47a1-ab6e-3539eb1538f2,"['GovernanceRole', 'HOLDS_ROLE']",1,1,"Salee S. Nair is the current MD & CEO of Tamilnad Mercantile Bank, having served in the position since August 2024.",Relevant
"What percentage of Tamilnad Mercantile Bank is held by its government promoter or largest shareholder, and as of what date?",False,graph_check,5e168c27-0019-47a1-ab6e-3539eb1538f2,"['OWNS', 'REGULATED_BY', 'OwnershipStake', 'HELD_BY', 'OWNS_STAKE_IN']",6,6,"The retrieved facts do not cover the percentage held by a government promoter or the largest individual shareholder of Tamilnad Mercantile Bank, as they only detail holdings for various overseas corporate-body shareholders as of March 2025.",Not relevant
What was Tamilnad Mercantile Bank's CASA ratio in the most recently reported quarter?,False,graph_check,5e168c27-0019-47a1-ab6e-3539eb1538f2,"['HAS_METRIC', 'MetricObservation']",6,6,Tamilnad Mercantile Bank recorded a CASA ratio of roughly 26% in Q1 FY27.,Relevant
What is Tamilnad Mercantile Bank's net interest margin (NIM) for the latest reported period?,False,graph_check,5e168c27-0019-47a1-ab6e-3539eb1538f2,"['HAS_METRIC', 'MetricObservation']",6,6,The retrieved facts do not cover Tamilnad Mercantile Bank's net interest margin (NIM) for the latest reported period.,Not relevant
What are Tamilnad Mercantile Bank's gross NPA and net NPA ratios?,False,graph_check,5e168c27-0019-47a1-ab6e-3539eb1538f2,"['HAS_METRIC', 'MetricObservation']",6,6,"Tamilnad Mercantile Bank reported a gross NPA of 0.69%, which reflects a decline from 1.22% a year earlier. However, the provided facts do not contain the specific figure for the bank's net NPA ratio.",Somewhat relevant
"What is Tamilnad Mercantile Bank's capital adequacy ratio (CRAR), and its CET1 ratio if disclosed?",False,graph_check,5e168c27-0019-47a1-ab6e-3539eb1538f2,"['HAS_METRIC', 'MetricObservation']",6,6,"Tamilnad Mercantile Bank has a very strong capital-adequacy ratio of 32.33%. However, the retrieved facts do not disclose its CET1 ratio.",Somewhat relevant
What are Tamilnad Mercantile Bank's return on assets (ROA) and return on equity (ROE) for the latest quarter?,False,graph_check,5e168c27-0019-47a1-ab6e-3539eb1538f2,"['HAS_METRIC', 'MetricObservation']",6,6,Tamilnad Mercantile Bank achieved a return on assets (ROA) of 2.14% and a return on equity (ROE) of 15.93%.,Relevant
What was Tamilnad Mercantile Bank's total advances (loan book) and deposit growth in the latest quarter?,False,graph_check,5e168c27-0019-47a1-ab6e-3539eb1538f2,"['HAS_METRIC', 'MetricObservation']",6,6,The retrieved facts do not cover Tamilnad Mercantile Bank's total advances (loan book) and deposit growth for the latest quarter.,Not relevant
"What credit ratings has Tamilnad Mercantile Bank received, and from which rating agencies?",False,graph_check,5e168c27-0019-47a1-ab6e-3539eb1538f2,['HAS_RATING'],2,2,"Tamilnad Mercantile Bank has received an A+ Stable rating on its fixed deposits and an A1+ rating on its short-term fixed deposits and certificates of deposit, both from the rating agency CRISIL as of June 10, 2026.",Relevant
"Roughly how many branches and ATMs does Tamilnad Mercantile Bank operate, and as of what date?",True,summary_fallback,5e168c27-0019-47a1-ab6e-3539eb1538f2,[],0,0,,Not relevant
"What products and services does Tamilnad Mercantile Bank offer, and which customer segments does it serve?",True,graph_check,5e168c27-0019-47a1-ab6e-3539eb1538f2,"['OFFERS_PRODUCT', 'SERVES']",0,4,"Tamilnad Mercantile Bank offers a traditional banking model with a heavy focus on gold loans, operating under a universal banking license. The bank serves retail, MSME (micro, small, and medium enterprises), and agricultural customer segments through its rural and semi-urban franchise.",Relevant
What is CSB Bank's ticker symbol and on which exchange(s) does it trade?,True,summary_fallback,4868e74b-b807-4521-b395-c576e4eda387,[],0,3,The retrieved facts do not cover CSB Bank's ticker symbol or the stock exchange(s) on which it trades.,Not relevant
"Who is the current MD & CEO (or Chairman, where that is the top executive title) of CSB Bank?",False,graph_check,4868e74b-b807-4521-b395-c576e4eda387,"['GovernanceRole', 'HOLDS_ROLE']",1,1,The current MD & CEO of CSB Bank is Pralay Mondal.,Relevant
"What percentage of CSB Bank is held by its government promoter or largest shareholder, and as of what date?",False,graph_check,4868e74b-b807-4521-b395-c576e4eda387,"['OWNS', 'REGULATED_BY', 'OwnershipStake', 'HELD_BY', 'OWNS_STAKE_IN']",7,7,FIH Mauritius Investments Ltd held a 40.00% stake in CSB Bank as of December 2025. The retrieved facts do not cover any holding percentage for a government promoter.,Somewhat relevant
What was CSB Bank's CASA ratio in the most recently reported quarter?,False,graph_check,4868e74b-b807-4521-b395-c576e4eda387,"['HAS_METRIC', 'MetricObservation']",9,9,"CSB Bank reported a CASA ratio of 19% in the most recently reported quarter, Q1 FY27. Additionally, the bank recorded total deposits of ₹45,415 crore during the same period, representing a 26% year-on-year increase.",Relevant
What is CSB Bank's net interest margin (NIM) for the latest reported period?,False,graph_check,4868e74b-b807-4521-b395-c576e4eda387,"['HAS_METRIC', 'MetricObservation']",9,9,The retrieved facts do not cover CSB Bank's net interest margin (NIM) for the latest reported period.,Not relevant
What are CSB Bank's gross NPA and net NPA ratios?,False,graph_check,4868e74b-b807-4521-b395-c576e4eda387,"['HAS_METRIC', 'MetricObservation']",9,9,"For Q1 FY27, CSB Bank's gross NPA improved to 1.75% from 1.84%, while its net NPA decreased to 0.39% from 0.66%.",Relevant
"What is CSB Bank's capital adequacy ratio (CRAR), and its CET1 ratio if disclosed?",False,graph_check,4868e74b-b807-4521-b395-c576e4eda387,"['HAS_METRIC', 'MetricObservation']",9,9,"CSB Bank maintained a capital adequacy ratio of 19.96% in Q1 FY27. However, the retrieved facts do not cover its CET1 ratio.",Somewhat relevant
What are CSB Bank's return on assets (ROA) and return on equity (ROE) for the latest quarter?,False,graph_check,4868e74b-b807-4521-b395-c576e4eda387,"['HAS_METRIC', 'MetricObservation']",9,9,The retrieved facts do not cover CSB Bank's return on assets (ROA) or return on equity (ROE) for the latest quarter.,Not relevant
What was CSB Bank's total advances (loan book) and deposit growth in the latest quarter?,False,graph_check,4868e74b-b807-4521-b395-c576e4eda387,"['HAS_METRIC', 'MetricObservation']",9,9,"CSB Bank reported total deposits of ₹45,415 crore, representing a 26% year-on-year increase in Q1 FY27. Additionally, the bank recorded net advances (loan book) of ₹40,309 crore for the same quarter, marking a 24% growth year-on-year.",Relevant
"What credit ratings has CSB Bank received, and from which rating agencies?",True,graph_check,4868e74b-b807-4521-b395-c576e4eda387,['HAS_RATING'],0,3,The retrieved facts do not cover the credit ratings received by CSB Bank or the rating agencies that issued them.,Not relevant
"Roughly how many branches and ATMs does CSB Bank operate, and as of what date?",True,summary_fallback,4868e74b-b807-4521-b395-c576e4eda387,[],0,0,,Not relevant
"What products and services does CSB Bank offer, and which customer segments does it serve?",True,graph_check,4868e74b-b807-4521-b395-c576e4eda387,"['OFFERS_PRODUCT', 'SERVES']",0,3,"The retrieved facts do not cover the products, services, or customer segments offered and served by CSB Bank.",Not relevant
What is Bandhan Bank's ticker symbol and on which exchange(s) does it trade?,True,summary_fallback,9bfe6b11-0376-4b74-ad31-0f1de9ab4e26,[],0,1,The retrieved facts do not cover Bandhan Bank's ticker symbol or the exchange(s) on which it trades.,Not relevant
"Who is the current MD & CEO (or Chairman, where that is the top executive title) of Bandhan Bank?",False,graph_check,9bfe6b11-0376-4b74-ad31-0f1de9ab4e26,"['GovernanceRole', 'HOLDS_ROLE']",1,1,"Partha Pratim Sengupta is the current MD & CEO of Bandhan Bank, having assumed the role after receiving RBI approval in October 2024.",Relevant
"What percentage of Bandhan Bank is held by its government promoter or largest shareholder, and as of what date?",False,graph_check,9bfe6b11-0376-4b74-ad31-0f1de9ab4e26,"['OWNS', 'REGULATED_BY', 'OwnershipStake', 'HELD_BY', 'OWNS_STAKE_IN']",5,5,Bandhan Financial Holdings held a 39.98% promoter stake in Bandhan Bank as of December 2024. The provided facts do not contain information regarding a government promoter or the single largest shareholder beyond this promoter stake.,Somewhat relevant
What was Bandhan Bank's CASA ratio in the most recently reported quarter?,False,graph_check,9bfe6b11-0376-4b74-ad31-0f1de9ab4e26,"['HAS_METRIC', 'MetricObservation']",9,9,"Bandhan Bank recorded a CASA ratio of 29.4% in the most recently reported quarter, Q1 FY27.",Relevant
What is Bandhan Bank's net interest margin (NIM) for the latest reported period?,False,graph_check,9bfe6b11-0376-4b74-ad31-0f1de9ab4e26,"['HAS_METRIC', 'MetricObservation']",9,9,The retrieved facts do not cover Bandhan Bank's net interest margin (NIM) for the latest reported period.,Not relevant
What are Bandhan Bank's gross NPA and net NPA ratios?,False,graph_check,9bfe6b11-0376-4b74-ad31-0f1de9ab4e26,"['HAS_METRIC', 'MetricObservation']",9,9,"Bandhan Bank reported an elevated gross NPA ratio of 3.1%. Additionally, the bank recorded an elevated net NPA ratio of 0.9%.",Relevant
"What is Bandhan Bank's capital adequacy ratio (CRAR), and its CET1 ratio if disclosed?",False,graph_check,9bfe6b11-0376-4b74-ad31-0f1de9ab4e26,"['HAS_METRIC', 'MetricObservation']",9,9,Bandhan Bank maintains a robust capital adequacy ratio (CRAR) of 18.2%. The retrieved facts do not disclose the CET1 ratio.,Relevant
What are Bandhan Bank's return on assets (ROA) and return on equity (ROE) for the latest quarter?,False,graph_check,9bfe6b11-0376-4b74-ad31-0f1de9ab4e26,"['HAS_METRIC', 'MetricObservation']",9,9,The retrieved facts do not cover Bandhan Bank's return on assets (ROA) or return on equity (ROE) for the latest quarter.,Not relevant
What was Bandhan Bank's total advances (loan book) and deposit growth in the latest quarter?,False,graph_check,9bfe6b11-0376-4b74-ad31-0f1de9ab4e26,"['HAS_METRIC', 'MetricObservation']",9,9,"The retrieved facts do not cover Bandhan Bank's total deposit growth for the latest quarter. However, the bank's gross advances reached ₹1,555.6 billion in Q1 FY27.",Somewhat relevant
"What credit ratings has Bandhan Bank received, and from which rating agencies?",False,graph_check,9bfe6b11-0376-4b74-ad31-0f1de9ab4e26,['HAS_RATING'],2,2,"Bandhan Bank has received an AA- Stable rating on its non-convertible debentures and an A1+ rating on its certificates of deposit, both from the rating agency CRISIL as of September 30, 2025.",Relevant
"Roughly how many branches and ATMs does Bandhan Bank operate, and as of what date?",True,summary_fallback,9bfe6b11-0376-4b74-ad31-0f1de9ab4e26,[],0,1,"Bandhan Bank operates a network of roughly 6,350 banking outlets as of 30 June 2026. The retrieved facts do not provide a separate specific count for ATMs.",Somewhat relevant
"What products and services does Bandhan Bank offer, and which customer segments does it serve?",False,graph_check,9bfe6b11-0376-4b74-ad31-0f1de9ab4e26,"['OFFERS_PRODUCT', 'SERVES']",4,4,"Bandhan Bank provides banking and lending products and banking services, serving a customer base that includes retail, microfinance, and corporate customers, micro-entrepreneurs, the MSME sector, and rural and semi-urban unbanked households.",Relevant
What is Jammu & Kashmir Bank's ticker symbol and on which exchange(s) does it trade?,True,summary_fallback,930d5dba-324f-4b48-8a80-c1685eab56ed,[],0,5,The retrieved facts do not cover Jammu & Kashmir Bank's ticker symbol or the exchange(s) on which it trades.,Not relevant
"Who is the current MD & CEO (or Chairman, where that is the top executive title) of Jammu & Kashmir Bank?",False,graph_check,930d5dba-324f-4b48-8a80-c1685eab56ed,"['GovernanceRole', 'HOLDS_ROLE']",1,1,"Amitava Chatterjee is the MD & CEO of Jammu & Kashmir Bank, having assumed the role in December 2024.",Relevant
"What percentage of Jammu & Kashmir Bank is held by its government promoter or largest shareholder, and as of what date?",False,graph_check,930d5dba-324f-4b48-8a80-c1685eab56ed,"['OWNS', 'REGULATED_BY', 'OwnershipStake', 'HELD_BY', 'OWNS_STAKE_IN']",5,5,"The Government of Jammu & Kashmir acts as a promoter for Jammu & Kashmir Bank, with the Chief Secretary of the J&K government holding a 51.89% ownership stake in the bank as of June 2025.",Relevant
What was Jammu & Kashmir Bank's CASA ratio in the most recently reported quarter?,False,graph_check,930d5dba-324f-4b48-8a80-c1685eab56ed,"['HAS_METRIC', 'MetricObservation']",7,7,The retrieved facts do not cover Jammu & Kashmir Bank's CASA ratio for the most recently reported quarter.,Not relevant
What is Jammu & Kashmir Bank's net interest margin (NIM) for the latest reported period?,False,graph_check,930d5dba-324f-4b48-8a80-c1685eab56ed,"['HAS_METRIC', 'MetricObservation']",7,7,The retrieved facts do not cover Jammu & Kashmir Bank's net interest margin (NIM) for the latest reported period.,Not relevant
What are Jammu & Kashmir Bank's gross NPA and net NPA ratios?,False,graph_check,930d5dba-324f-4b48-8a80-c1685eab56ed,"['HAS_METRIC', 'MetricObservation']",7,7,"Jammu & Kashmir Bank reported a gross NPA ratio of 2.37% in Q1 FY27. However, the retrieved facts do not cover the net NPA ratio.",Somewhat relevant
"What is Jammu & Kashmir Bank's capital adequacy ratio (CRAR), and its CET1 ratio if disclosed?",False,graph_check,930d5dba-324f-4b48-8a80-c1685eab56ed,"['HAS_METRIC', 'MetricObservation']",7,7,Jammu & Kashmir Bank maintained a capital adequacy ratio of 16.67% under Basel III. The retrieved facts do not disclose the CET1 ratio.,Relevant
What are Jammu & Kashmir Bank's return on assets (ROA) and return on equity (ROE) for the latest quarter?,False,graph_check,930d5dba-324f-4b48-8a80-c1685eab56ed,"['HAS_METRIC', 'MetricObservation']",7,7,The retrieved facts do not cover Jammu & Kashmir Bank's return on assets (ROA) or return on equity (ROE) for the latest quarter.,Not relevant
What was Jammu & Kashmir Bank's total advances (loan book) and deposit growth in the latest quarter?,False,graph_check,930d5dba-324f-4b48-8a80-c1685eab56ed,"['HAS_METRIC', 'MetricObservation']",7,7,"In Q1 FY27, Jammu & Kashmir Bank reported total advances reaching ₹1,28,183.11 crore and total deposits of ₹1,73,420.33 crore. However, the provided facts do not contain information regarding the growth rates for either the loan book or deposits.",Somewhat relevant
"What credit ratings has Jammu & Kashmir Bank received, and from which rating agencies?",False,graph_check,930d5dba-324f-4b48-8a80-c1685eab56ed,['HAS_RATING'],1,1,"Jammu & Kashmir Bank holds an AA- Stable credit rating from CARE Ratings on its Tier II Basel III bonds, as of September 15, 2025.",Somewhat relevant
"Roughly how many branches and ATMs does Jammu & Kashmir Bank operate, and as of what date?",False,summary_fallback,930d5dba-324f-4b48-8a80-c1685eab56ed,[],0,1,"Jammu & Kashmir Bank operates 1,008 branches as of December 2025, along with 1,436 ATMs.",Relevant
"What products and services does Jammu & Kashmir Bank offer, and which customer segments does it serve?",False,graph_check,930d5dba-324f-4b48-8a80-c1685eab56ed,"['OFFERS_PRODUCT', 'SERVES']",6,6,"Jammu & Kashmir Bank serves a diverse customer base comprising corporate clients, PSUs, artisans, farmers, government and semi-government employees, and households. The provided facts do not cover the specific products and services the bank offers.",Somewhat relevant
What is Dhanlaxmi Bank's ticker symbol and on which exchange(s) does it trade?,True,summary_fallback,a3a35fb3-1a4e-4623-bd0c-c07c91ae9e0c,[],0,3,The retrieved facts do not cover Dhanlaxmi Bank's ticker symbol or the exchange(s) on which it trades.,Not relevant
"Who is the current MD & CEO (or Chairman, where that is the top executive title) of Dhanlaxmi Bank?",False,graph_check,a3a35fb3-1a4e-4623-bd0c-c07c91ae9e0c,"['GovernanceRole', 'HOLDS_ROLE']",2,2,"The current MD & CEO of Dhanlaxmi Bank is Ajith Kumar K.K., who assumed the role after receiving RBI approval in 2024.",Relevant
"What percentage of Dhanlaxmi Bank is held by its government promoter or largest shareholder, and as of what date?",False,graph_check,a3a35fb3-1a4e-4623-bd0c-c07c91ae9e0c,"['OWNS', 'REGULATED_BY', 'OwnershipStake', 'HELD_BY', 'OWNS_STAKE_IN']",4,4,The retrieved facts do not cover the percentage held by a government promoter or the largest shareholder of Dhanlaxmi Bank.,Not relevant
What was Dhanlaxmi Bank's CASA ratio in the most recently reported quarter?,False,graph_check,a3a35fb3-1a4e-4623-bd0c-c07c91ae9e0c,"['HAS_METRIC', 'MetricObservation']",6,6,The retrieved facts do not cover Dhanlaxmi Bank's CASA ratio for the most recently reported quarter.,Not relevant
What is Dhanlaxmi Bank's net interest margin (NIM) for the latest reported period?,False,graph_check,a3a35fb3-1a4e-4623-bd0c-c07c91ae9e0c,"['HAS_METRIC', 'MetricObservation']",6,6,The retrieved facts do not cover Dhanlaxmi Bank's net interest margin for the latest reported period.,Not relevant
What are Dhanlaxmi Bank's gross NPA and net NPA ratios?,False,graph_check,a3a35fb3-1a4e-4623-bd0c-c07c91ae9e0c,"['HAS_METRIC', 'MetricObservation']",6,6,"As of Q1 FY27, Dhanlaxmi Bank's gross NPA improved sharply to 1.82%. However, the retrieved facts do not cover the net NPA ratio.",Somewhat relevant
"What is Dhanlaxmi Bank's capital adequacy ratio (CRAR), and its CET1 ratio if disclosed?",False,graph_check,a3a35fb3-1a4e-4623-bd0c-c07c91ae9e0c,"['HAS_METRIC', 'MetricObservation']",6,6,The retrieved facts do not cover Dhanlaxmi Bank's capital adequacy ratio (CRAR) or its CET1 ratio.,Not relevant
What are Dhanlaxmi Bank's return on assets (ROA) and return on equity (ROE) for the latest quarter?,False,graph_check,a3a35fb3-1a4e-4623-bd0c-c07c91ae9e0c,"['HAS_METRIC', 'MetricObservation']",6,6,"The retrieved facts do not cover Dhanlaxmi Bank's return on assets (ROA) for the latest quarter. While the return on equity is noted as improving off a low base under the new management, a specific numeric figure for ROE is also not provided in the facts.",Not relevant
What was Dhanlaxmi Bank's total advances (loan book) and deposit growth in the latest quarter?,False,graph_check,a3a35fb3-1a4e-4623-bd0c-c07c91ae9e0c,"['HAS_METRIC', 'MetricObservation']",6,6,The retrieved facts do not cover Dhanlaxmi Bank's total advances or deposit growth for the latest quarter.,Not relevant
"What credit ratings has Dhanlaxmi Bank received, and from which rating agencies?",False,graph_check,a3a35fb3-1a4e-4623-bd0c-c07c91ae9e0c,['HAS_RATING'],1,1,"Dhanlaxmi Bank holds a BBB- Stable credit rating on its ₹150 crore Basel III Tier II bonds as of March 24, 2026. However, the retrieved facts do not specify which rating agencies issued this rating.",Somewhat relevant
"Roughly how many branches and ATMs does Dhanlaxmi Bank operate, and as of what date?",False,summary_fallback,a3a35fb3-1a4e-4623-bd0c-c07c91ae9e0c,[],0,1,Dhanlaxmi Bank operates 264 branches and 285 ATMs. The provided facts do not specify the date as of which these branch and ATM counts are current.,Somewhat relevant
"What products and services does Dhanlaxmi Bank offer, and which customer segments does it serve?",True,graph_check,a3a35fb3-1a4e-4623-bd0c-c07c91ae9e0c,"['OFFERS_PRODUCT', 'SERVES']",0,3,"The retrieved facts do not cover the specific products and services Dhanlaxmi Bank offers, nor do they detail the customer segments it serves.",Not relevant
What is IDBI Bank's ticker symbol and on which exchange(s) does it trade?,True,summary_fallback,ae5a64b2-a28a-4ef7-8a9e-101e3768ba16,[],0,4,The retrieved facts do not cover IDBI Bank's ticker symbol or the stock exchange(s) on which it trades.,Not relevant
"Who is the current MD & CEO (or Chairman, where that is the top executive title) of IDBI Bank?",False,graph_check,ae5a64b2-a28a-4ef7-8a9e-101e3768ba16,"['GovernanceRole', 'HOLDS_ROLE']",2,2,"The current MD & CEO of IDBI Bank is Rakesh Sharma. Additionally, T. N. Manoharan serves as the chairman and part-time independent director of the bank.",Relevant
"What percentage of IDBI Bank is held by its government promoter or largest shareholder, and as of what date?",False,graph_check,ae5a64b2-a28a-4ef7-8a9e-101e3768ba16,"['OWNS', 'REGULATED_BY', 'OwnershipStake', 'HELD_BY', 'OWNS_STAKE_IN']",2,2,"LIC holds the largest ownership stake in IDBI Bank at 49.24%, while the Government of India holds a 45.48% to 45.50% stake, both as of August 2025.",Relevant
What was IDBI Bank's CASA ratio in the most recently reported quarter?,False,graph_check,ae5a64b2-a28a-4ef7-8a9e-101e3768ba16,"['HAS_METRIC', 'MetricObservation']",6,6,The retrieved facts do not cover IDBI Bank's CASA ratio for the most recently reported quarter.,Not relevant
What is IDBI Bank's net interest margin (NIM) for the latest reported period?,False,graph_check,ae5a64b2-a28a-4ef7-8a9e-101e3768ba16,"['HAS_METRIC', 'MetricObservation']",6,6,"IDBI Bank reported a net interest margin of 3.61% for Q1 FY27. Additionally, the bank posted a Q1 FY27 net interest income of ₹3,486 crore.",Relevant
What are IDBI Bank's gross NPA and net NPA ratios?,False,graph_check,ae5a64b2-a28a-4ef7-8a9e-101e3768ba16,"['HAS_METRIC', 'MetricObservation']",6,6,"IDBI Bank's gross NPA improved sharply to 2.98% from 4.53% a year earlier. However, the retrieved facts do not provide the net NPA ratio for the bank.",Somewhat relevant
"What is IDBI Bank's capital adequacy ratio (CRAR), and its CET1 ratio if disclosed?",False,graph_check,ae5a64b2-a28a-4ef7-8a9e-101e3768ba16,"['HAS_METRIC', 'MetricObservation']",6,6,The retrieved facts do not cover IDBI Bank's capital adequacy ratio (CRAR) or its CET1 ratio.,Not relevant
What are IDBI Bank's return on assets (ROA) and return on equity (ROE) for the latest quarter?,False,graph_check,ae5a64b2-a28a-4ef7-8a9e-101e3768ba16,"['HAS_METRIC', 'MetricObservation']",6,6,The retrieved facts do not provide IDBI Bank's return on assets (ROA) or return on equity (ROE) for the latest quarter.,Not relevant
What was IDBI Bank's total advances (loan book) and deposit growth in the latest quarter?,False,graph_check,ae5a64b2-a28a-4ef7-8a9e-101e3768ba16,"['HAS_METRIC', 'MetricObservation']",6,6,The retrieved facts do not cover IDBI Bank's total advances (loan book) and deposit growth in the latest quarter.,Not relevant
"What credit ratings has IDBI Bank received, and from which rating agencies?",True,graph_check,ae5a64b2-a28a-4ef7-8a9e-101e3768ba16,['HAS_RATING'],0,4,The retrieved facts do not cover the credit ratings or rating agencies associated with IDBI Bank.,Not relevant
"Roughly how many branches and ATMs does IDBI Bank operate, and as of what date?",True,summary_fallback,ae5a64b2-a28a-4ef7-8a9e-101e3768ba16,[],0,1,"IDBI Bank operates an extensive branch network with roughly 1,890 to 2,104 branches alongside a network of between 3,300 and 3,700 ATMs, though the specific date for these figures is not covered in the retrieved facts.",Somewhat relevant
"What products and services does IDBI Bank offer, and which customer segments does it serve?",False,graph_check,ae5a64b2-a28a-4ef7-8a9e-101e3768ba16,"['OFFERS_PRODUCT', 'SERVES']",4,4,"As part of its universal banking business, IDBI Bank offers its products and services to retail, corporate, MSME, and agricultural customer segments.",Somewhat relevant
What is AU Small Finance Bank's ticker symbol and on which exchange(s) does it trade?,False,summary_fallback,5eac19fe-2076-46b7-a761-6a12c2542113,[],0,8,"AU Small Finance Bank's ticker symbol is AUBANK, and it trades on the NSE and BSE exchanges.",Relevant
"Who is the current MD & CEO (or Chairman, where that is the top executive title) of AU Small Finance Bank?",False,graph_check,5eac19fe-2076-46b7-a761-6a12c2542113,"['GovernanceRole', 'HOLDS_ROLE']",1,1,"The current MD & CEO of AU Small Finance Bank is Sanjay Agarwal, who is also the founder.",Relevant
"What percentage of AU Small Finance Bank is held by its government promoter or largest shareholder, and as of what date?",False,graph_check,5eac19fe-2076-46b7-a761-6a12c2542113,"['OWNS', 'REGULATED_BY', 'OwnershipStake', 'HELD_BY', 'OWNS_STAKE_IN']",4,4,The retrieved facts do not cover the percentage held by the government promoter or largest shareholder of AU Small Finance Bank.,Not relevant
What was AU Small Finance Bank's CASA ratio in the most recently reported quarter?,False,graph_check,5eac19fe-2076-46b7-a761-6a12c2542113,"['HAS_METRIC', 'MetricObservation']",13,13,"AU Small Finance Bank reported a CASA ratio of roughly 29% in Q1 FY27. Additionally, the bank recorded total deposits of ₹1,57,727 crore during the same quarter, representing a 24% year-on-year increase.",Relevant
What is AU Small Finance Bank's net interest margin (NIM) for the latest reported period?,False,graph_check,5eac19fe-2076-46b7-a761-6a12c2542113,"['HAS_METRIC', 'MetricObservation']",13,13,AU Small Finance Bank reported a net interest margin of 5.9% for the latest reported period in Q1 FY27.,Relevant
What are AU Small Finance Bank's gross NPA and net NPA ratios?,False,graph_check,5eac19fe-2076-46b7-a761-6a12c2542113,"['HAS_METRIC', 'MetricObservation']",13,13,"In Q1 FY27, AU Small Finance Bank improved its gross NPA ratio to 2.10% year-on-year. Additionally, the bank's net NPA ratio improved to 0.76% year-on-year for the same period.",Relevant
"What is AU Small Finance Bank's capital adequacy ratio (CRAR), and its CET1 ratio if disclosed?",False,graph_check,5eac19fe-2076-46b7-a761-6a12c2542113,"['HAS_METRIC', 'MetricObservation']",13,13,"AU Small Finance Bank maintained a capital adequacy ratio (CRAR) of 18.9% in Q1 FY27. Additionally, the bank disclosed a CET1 ratio of 17.1% for the same period.",Relevant
What are AU Small Finance Bank's return on assets (ROA) and return on equity (ROE) for the latest quarter?,False,graph_check,5eac19fe-2076-46b7-a761-6a12c2542113,"['HAS_METRIC', 'MetricObservation']",13,13,The retrieved facts do not cover AU Small Finance Bank's return on assets (ROA) or return on equity (ROE) for the latest quarter.,Not relevant
What was AU Small Finance Bank's total advances (loan book) and deposit growth in the latest quarter?,False,graph_check,5eac19fe-2076-46b7-a761-6a12c2542113,"['HAS_METRIC', 'MetricObservation']",13,13,"In Q1 FY27, AU Small Finance Bank reported gross advances of ₹1,44,250 crore, marking a 23% growth, while total deposits reached ₹1,57,727 crore, reflecting a 24% year-on-year increase.",Relevant
"What credit ratings has AU Small Finance Bank received, and from which rating agencies?",False,graph_check,5eac19fe-2076-46b7-a761-6a12c2542113,['HAS_RATING'],1,1,"AU Small Finance Bank received an AA Stable long-term entity rating from ICRA, which was reaffirmed on February 27, 2026.",Somewhat relevant
"Roughly how many branches and ATMs does AU Small Finance Bank operate, and as of what date?",True,summary_fallback,5eac19fe-2076-46b7-a761-6a12c2542113,[],0,1,"AU Small Finance Bank operates roughly 2,790 physical touchpoints across 21 states and four union territories as of March 2026. The retrieved facts do not provide a separate breakdown specifically for the number of branches and ATMs.",Somewhat relevant
"What products and services does AU Small Finance Bank offer, and which customer segments does it serve?",True,graph_check,5eac19fe-2076-46b7-a761-6a12c2542113,"['OFFERS_PRODUCT', 'SERVES']",0,8,"AU Small Finance Bank offers core business services that include vehicle finance, MSME, retail, wholesale, and digital banking. The retrieved facts do not cover the specific customer segments it serves.",Somewhat relevant
What is Equitas Small Finance Bank's ticker symbol and on which exchange(s) does it trade?,True,summary_fallback,f6d9dd01-aa74-431c-a635-cc406184c407,[],0,4,The retrieved facts do not provide Equitas Small Finance Bank's ticker symbol or the exchange(s) on which it trades.,Not relevant
"Who is the current MD & CEO (or Chairman, where that is the top executive title) of Equitas Small Finance Bank?",False,graph_check,f6d9dd01-aa74-431c-a635-cc406184c407,"['GovernanceRole', 'HOLDS_ROLE']",2,2,"Pathangi P. N. Vasudevan has served as the MD & CEO of Equitas Small Finance Bank since 2016. Additionally, Anil Sharma serves as the independent non-executive part-time chairman of the bank.",Relevant
"What percentage of Equitas Small Finance Bank is held by its government promoter or largest shareholder, and as of what date?",False,graph_check,f6d9dd01-aa74-431c-a635-cc406184c407,"['OWNS', 'REGULATED_BY', 'OwnershipStake', 'HELD_BY', 'OWNS_STAKE_IN']",5,5,The retrieved facts do not cover the percentage of Equitas Small Finance Bank held by a government promoter or its largest shareholder.,Not relevant
What was Equitas Small Finance Bank's CASA ratio in the most recently reported quarter?,False,graph_check,f6d9dd01-aa74-431c-a635-cc406184c407,"['HAS_METRIC', 'MetricObservation']",11,11,Equitas Small Finance Bank reported a CASA ratio of 25% for Q1 FY27.,Relevant
What is Equitas Small Finance Bank's net interest margin (NIM) for the latest reported period?,False,graph_check,f6d9dd01-aa74-431c-a635-cc406184c407,"['HAS_METRIC', 'MetricObservation']",11,11,Equitas Small Finance Bank reported a net interest margin of 7.24% on a daily-average basis.,Relevant
What are Equitas Small Finance Bank's gross NPA and net NPA ratios?,False,graph_check,f6d9dd01-aa74-431c-a635-cc406184c407,"['HAS_METRIC', 'MetricObservation']",11,11,"Equitas Small Finance Bank's gross NPA was in the 2.36-2.42% range in Q1 FY27, and its net NPA was reported in the range of 0.70-0.71%.",Relevant
"What is Equitas Small Finance Bank's capital adequacy ratio (CRAR), and its CET1 ratio if disclosed?",False,graph_check,f6d9dd01-aa74-431c-a635-cc406184c407,"['HAS_METRIC', 'MetricObservation']",11,11,The retrieved facts do not cover Equitas Small Finance Bank's capital adequacy ratio (CRAR) or its CET1 ratio.,Not relevant
What are Equitas Small Finance Bank's return on assets (ROA) and return on equity (ROE) for the latest quarter?,False,graph_check,f6d9dd01-aa74-431c-a635-cc406184c407,"['HAS_METRIC', 'MetricObservation']",11,11,Equitas Small Finance Bank reported a return on assets of 1.18% and a return on equity of 11.76%.,Relevant
What was Equitas Small Finance Bank's total advances (loan book) and deposit growth in the latest quarter?,False,graph_check,f6d9dd01-aa74-431c-a635-cc406184c407,"['HAS_METRIC', 'MetricObservation']",11,11,The retrieved facts do not cover Equitas Small Finance Bank's total advances or deposit growth for the latest quarter.,Not relevant
"What credit ratings has Equitas Small Finance Bank received, and from which rating agencies?",False,graph_check,f6d9dd01-aa74-431c-a635-cc406184c407,['HAS_RATING'],2,2,"Equitas Small Finance Bank has received an AA- Stable issuer rating and an A1+ rating on its certificates of deposit, both of which were reaffirmed by CARE Ratings.",Relevant
"Roughly how many branches and ATMs does Equitas Small Finance Bank operate, and as of what date?",True,summary_fallback,f6d9dd01-aa74-431c-a635-cc406184c407,[],0,0,,Not relevant
"What products and services does Equitas Small Finance Bank offer, and which customer segments does it serve?",True,graph_check,f6d9dd01-aa74-431c-a635-cc406184c407,"['OFFERS_PRODUCT', 'SERVES']",0,4,"Equitas Small Finance Bank operates a diversified retail model offering products and services that span small-business and MSE lending, vehicle finance, affordable housing, and microfinance. While the retrieved facts do not explicitly detail the specific customer segments served beyond indicating a retail and small-business focus, the bank functions as a standalone listed small finance bank headquartered in Chennai, Tamil Nadu.",Somewhat relevant
What is Ujjivan Small Finance Bank's ticker symbol and on which exchange(s) does it trade?,True,summary_fallback,b6c093cb-78d7-475e-a215-2be544a59fa9,[],0,3,The retrieved facts do not cover Ujjivan Small Finance Bank's ticker symbol or the exchange(s) on which it trades.,Not relevant
"Who is the current MD & CEO (or Chairman, where that is the top executive title) of Ujjivan Small Finance Bank?",False,graph_check,b6c093cb-78d7-475e-a215-2be544a59fa9,"['GovernanceRole', 'HOLDS_ROLE']",3,3,"Carol Furtado serves as the acting MD & CEO of Ujjivan Small Finance Bank, effective September 1, 2026, following the early retirement of Sanjeev Nautiyal.",Relevant
"What percentage of Ujjivan Small Finance Bank is held by its government promoter or largest shareholder, and as of what date?",False,graph_check,b6c093cb-78d7-475e-a215-2be544a59fa9,"['OWNS', 'REGULATED_BY', 'OwnershipStake', 'HELD_BY', 'OWNS_STAKE_IN']",5,5,The retrieved facts do not cover the percentage of Ujjivan Small Finance Bank held by its government promoter or largest shareholder.,Not relevant
What was Ujjivan Small Finance Bank's CASA ratio in the most recently reported quarter?,False,graph_check,b6c093cb-78d7-475e-a215-2be544a59fa9,"['HAS_METRIC', 'MetricObservation']",8,8,The retrieved facts do not cover Ujjivan Small Finance Bank's CASA ratio for the most recently reported quarter.,Not relevant
What is Ujjivan Small Finance Bank's net interest margin (NIM) for the latest reported period?,False,graph_check,b6c093cb-78d7-475e-a215-2be544a59fa9,"['HAS_METRIC', 'MetricObservation']",8,8,The retrieved facts do not cover Ujjivan Small Finance Bank's net interest margin (NIM) for the latest reported period.,Not relevant
What are Ujjivan Small Finance Bank's gross NPA and net NPA ratios?,False,graph_check,b6c093cb-78d7-475e-a215-2be544a59fa9,"['HAS_METRIC', 'MetricObservation']",8,8,"Ujjivan Small Finance Bank reported a gross NPA of 2.17%. However, the retrieved facts do not cover the net NPA ratio.",Somewhat relevant
"What is Ujjivan Small Finance Bank's capital adequacy ratio (CRAR), and its CET1 ratio if disclosed?",False,graph_check,b6c093cb-78d7-475e-a215-2be544a59fa9,"['HAS_METRIC', 'MetricObservation']",8,8,The retrieved facts do not cover Ujjivan Small Finance Bank's capital adequacy ratio (CRAR) or its CET1 ratio.,Not relevant
What are Ujjivan Small Finance Bank's return on assets (ROA) and return on equity (ROE) for the latest quarter?,False,graph_check,b6c093cb-78d7-475e-a215-2be544a59fa9,"['HAS_METRIC', 'MetricObservation']",8,8,"Ujjivan Small Finance Bank achieved a return on equity of 18.2%. However, the retrieved facts do not cover the bank's return on assets (ROA).",Somewhat relevant
What was Ujjivan Small Finance Bank's total advances (loan book) and deposit growth in the latest quarter?,False,graph_check,b6c093cb-78d7-475e-a215-2be544a59fa9,"['HAS_METRIC', 'MetricObservation']",8,8,"The retrieved facts do not cover Ujjivan Small Finance Bank's total advances (loan book) or deposit growth in the latest quarter, though its gross loan book grew by 28.9% year-on-year in Q1 FY27.",Somewhat relevant
"What credit ratings has Ujjivan Small Finance Bank received, and from which rating agencies?",False,graph_check,b6c093cb-78d7-475e-a215-2be544a59fa9,['HAS_RATING'],1,1,"Ujjivan Small Finance Bank holds an A1+ rating for its certificate-of-deposit programme, though the specific rating agencies are not mentioned in the available data. This rating was noted as of January 9, 2026.",Somewhat relevant
"Roughly how many branches and ATMs does Ujjivan Small Finance Bank operate, and as of what date?",True,summary_fallback,b6c093cb-78d7-475e-a215-2be544a59fa9,[],0,1,"The retrieved facts do not cover the specific number of branches and ATMs operated by Ujjivan Small Finance Bank, as they only state that the bank utilizes 842 banking touchpoints across 326 districts.",Somewhat relevant
"What products and services does Ujjivan Small Finance Bank offer, and which customer segments does it serve?",True,graph_check,b6c093cb-78d7-475e-a215-2be544a59fa9,"['OFFERS_PRODUCT', 'SERVES']",0,3,"The retrieved facts do not cover the specific products and services offered by Ujjivan Small Finance Bank, nor do they detail the customer segments it serves.",Not relevant
What is ESAF Small Finance Bank's ticker symbol and on which exchange(s) does it trade?,True,summary_fallback,13f4e153-ac1b-44a0-aaf2-82e76f19db97,[],0,4,The retrieved facts do not cover ESAF Small Finance Bank's ticker symbol or the exchange(s) on which it trades.,Not relevant
"Who is the current MD & CEO (or Chairman, where that is the top executive title) of ESAF Small Finance Bank?",False,graph_check,13f4e153-ac1b-44a0-aaf2-82e76f19db97,"['GovernanceRole', 'HOLDS_ROLE']",2,2,"The current MD & CEO of ESAF Small Finance Bank is Dr. K. Paul Thomas, who has held the position since October 2018. Additionally, Karthikeyan Manickam serves as the independent part-time chairman of the bank.",Relevant
"What percentage of ESAF Small Finance Bank is held by its government promoter or largest shareholder, and as of what date?",False,graph_check,13f4e153-ac1b-44a0-aaf2-82e76f19db97,"['OWNS', 'REGULATED_BY', 'OwnershipStake', 'HELD_BY', 'OWNS_STAKE_IN']",4,4,ESAF Financial Holdings Pvt Ltd held the largest promoter stake of 52.87% in ESAF Small Finance Bank as of September 2025.,Relevant
What was ESAF Small Finance Bank's CASA ratio in the most recently reported quarter?,False,graph_check,13f4e153-ac1b-44a0-aaf2-82e76f19db97,"['HAS_METRIC', 'MetricObservation']",11,11,"ESAF Small Finance Bank reported a CASA ratio of 23.39% for Q1 FY27, which is down from 24.79% a year earlier.",Relevant
What is ESAF Small Finance Bank's net interest margin (NIM) for the latest reported period?,False,graph_check,13f4e153-ac1b-44a0-aaf2-82e76f19db97,"['HAS_METRIC', 'MetricObservation']",11,11,"ESAF Small Finance Bank's net interest margin increased to 7.9% in Q1 FY27, up from 6% in the previous period. This represents an improvement in the bank's profitability from interest-earning assets as of April 1, 2026.",Relevant
What are ESAF Small Finance Bank's gross NPA and net NPA ratios?,False,graph_check,13f4e153-ac1b-44a0-aaf2-82e76f19db97,"['HAS_METRIC', 'MetricObservation']",11,11,"In Q1 FY27, ESAF Small Finance Bank's gross NPA improved to 5.40% from 7.48%. Additionally, the bank's net NPA decreased to 0.83% from 3.77% during the same period.",Relevant
"What is ESAF Small Finance Bank's capital adequacy ratio (CRAR), and its CET1 ratio if disclosed?",False,graph_check,13f4e153-ac1b-44a0-aaf2-82e76f19db97,"['HAS_METRIC', 'MetricObservation']",11,11,"ESAF Small Finance Bank's capital adequacy ratio (CRAR) improved to 23.86% from 22.74% in Q1 FY27. However, the retrieved facts do not disclose its CET1 ratio.",Relevant
What are ESAF Small Finance Bank's return on assets (ROA) and return on equity (ROE) for the latest quarter?,False,graph_check,13f4e153-ac1b-44a0-aaf2-82e76f19db97,"['HAS_METRIC', 'MetricObservation']",11,11,The retrieved facts do not cover ESAF Small Finance Bank's return on assets (ROA) or return on equity (ROE) for the latest quarter.,Not relevant
What was ESAF Small Finance Bank's total advances (loan book) and deposit growth in the latest quarter?,False,graph_check,13f4e153-ac1b-44a0-aaf2-82e76f19db97,"['HAS_METRIC', 'MetricObservation']",11,11,"The retrieved facts do not provide the deposit growth figure for ESAF Small Finance Bank in the latest quarter. However, the bank's gross advances reached ₹23,216 crore in Q1 FY27, representing a 27.39% year-on-year increase.",Somewhat relevant
"What credit ratings has ESAF Small Finance Bank received, and from which rating agencies?",False,graph_check,13f4e153-ac1b-44a0-aaf2-82e76f19db97,['HAS_RATING'],2,2,"ESAF Small Finance Bank has received an A- long-term rating and an A1 short-term rating from CARE Ratings, as of the September 2, 2026 outlook revision.",Relevant
"Roughly how many branches and ATMs does ESAF Small Finance Bank operate, and as of what date?",True,summary_fallback,13f4e153-ac1b-44a0-aaf2-82e76f19db97,[],0,0,,Not relevant
"What products and services does ESAF Small Finance Bank offer, and which customer segments does it serve?",True,graph_check,13f4e153-ac1b-44a0-aaf2-82e76f19db97,"['OFFERS_PRODUCT', 'SERVES']",0,4,"The retrieved facts do not cover the specific products and services offered by ESAF Small Finance Bank, nor do they detail the customer segments it serves.",Not relevant
What is Utkarsh Small Finance Bank's ticker symbol and on which exchange(s) does it trade?,True,summary_fallback,3a06b31f-38ae-4276-b2c6-93e15d8bfabf,[],0,4,"The provided facts state that Utkarsh Small Finance Bank is listed, but they do not cover its specific ticker symbol or the exchange(s) on which it trades.",Not relevant
"Who is the current MD & CEO (or Chairman, where that is the top executive title) of Utkarsh Small Finance Bank?",False,graph_check,3a06b31f-38ae-4276-b2c6-93e15d8bfabf,"['GovernanceRole', 'HOLDS_ROLE']",2,2,Govind Singh is the MD and CEO of Utkarsh Small Finance Bank.,Relevant
"What percentage of Utkarsh Small Finance Bank is held by its government promoter or largest shareholder, and as of what date?",False,graph_check,3a06b31f-38ae-4276-b2c6-93e15d8bfabf,"['OWNS', 'REGULATED_BY', 'OwnershipStake', 'HELD_BY', 'OWNS_STAKE_IN']",5,5,The retrieved facts do not provide the percentage held by a government promoter or the specific largest shareholder.,Not relevant
What was Utkarsh Small Finance Bank's CASA ratio in the most recently reported quarter?,False,graph_check,3a06b31f-38ae-4276-b2c6-93e15d8bfabf,"['HAS_METRIC', 'MetricObservation']",9,9,"Utkarsh Small Finance Bank reported a CASA ratio of 22.1% for Q1 FY27, which represents an increase from the previous year.",Relevant
What is Utkarsh Small Finance Bank's net interest margin (NIM) for the latest reported period?,False,graph_check,3a06b31f-38ae-4276-b2c6-93e15d8bfabf,"['HAS_METRIC', 'MetricObservation']",9,9,The retrieved facts do not cover Utkarsh Small Finance Bank's net interest margin (NIM) for the latest reported period.,Not relevant
What are Utkarsh Small Finance Bank's gross NPA and net NPA ratios?,False,graph_check,3a06b31f-38ae-4276-b2c6-93e15d8bfabf,"['HAS_METRIC', 'MetricObservation']",9,9,"Utkarsh Small Finance Bank maintains a gross NPA ratio of 6.09%, reflecting unresolved legacy stress, alongside a net NPA ratio of 2.86%, which marks the highest level of asset-quality stress in its segment.",Relevant
"What is Utkarsh Small Finance Bank's capital adequacy ratio (CRAR), and its CET1 ratio if disclosed?",False,graph_check,3a06b31f-38ae-4276-b2c6-93e15d8bfabf,"['HAS_METRIC', 'MetricObservation']",9,9,The retrieved facts do not provide information on Utkarsh Small Finance Bank's capital adequacy ratio (CRAR) or its CET1 ratio.,Not relevant
What are Utkarsh Small Finance Bank's return on assets (ROA) and return on equity (ROE) for the latest quarter?,False,graph_check,3a06b31f-38ae-4276-b2c6-93e15d8bfabf,"['HAS_METRIC', 'MetricObservation']",9,9,,Not relevant
What was Utkarsh Small Finance Bank's total advances (loan book) and deposit growth in the latest quarter?,False,graph_check,3a06b31f-38ae-4276-b2c6-93e15d8bfabf,"['HAS_METRIC', 'MetricObservation']",9,9,"In Q1 FY27, Utkarsh Small Finance Bank accumulated total deposits of ₹22,053 crore, reflecting weak year-on-year growth. However, the retrieved facts do not cover the total advances or loan book growth for that quarter, aside from reporting gross loans amounting to ₹19,612 crore.",Somewhat relevant
"What credit ratings has Utkarsh Small Finance Bank received, and from which rating agencies?",False,graph_check,3a06b31f-38ae-4276-b2c6-93e15d8bfabf,['HAS_RATING'],2,2,"Utkarsh Small Finance Bank received an A- Stable rating on a proposed Tier II bond from CARE Ratings as of September 1, 2026. Additionally, the bank holds a Negative outlook rating over asset-quality stress as of May 22, 2025.",Somewhat relevant
"Roughly how many branches and ATMs does Utkarsh Small Finance Bank operate, and as of what date?",True,summary_fallback,3a06b31f-38ae-4276-b2c6-93e15d8bfabf,[],0,0,,Not relevant
"What products and services does Utkarsh Small Finance Bank offer, and which customer segments does it serve?",True,graph_check,3a06b31f-38ae-4276-b2c6-93e15d8bfabf,"['OFFERS_PRODUCT', 'SERVES']",0,4,"The retrieved facts do not cover the specific products, services, and customer segments that Utkarsh Small Finance Bank offers and serves.",Not relevant
What is Suryoday Small Finance Bank's ticker symbol and on which exchange(s) does it trade?,True,summary_fallback,462386a3-7982-4909-9a6f-2a2cbbd09377,[],0,4,The retrieved facts do not cover Suryoday Small Finance Bank's ticker symbol or the exchange(s) on which it trades.,Not relevant
"Who is the current MD & CEO (or Chairman, where that is the top executive title) of Suryoday Small Finance Bank?",False,graph_check,462386a3-7982-4909-9a6f-2a2cbbd09377,"['GovernanceRole', 'HOLDS_ROLE']",2,2,"The current MD & CEO of Suryoday Small Finance Bank is Baskar Babu Ramachandran, who has held the role for roughly 18.7 years. Additionally, Krishna Nair serves as the independent, non-executive part-time chairman of the bank.",Relevant
"What percentage of Suryoday Small Finance Bank is held by its government promoter or largest shareholder, and as of what date?",False,graph_check,462386a3-7982-4909-9a6f-2a2cbbd09377,"['OWNS', 'REGULATED_BY', 'OwnershipStake', 'HELD_BY', 'OWNS_STAKE_IN']",6,6,"Baskar Babu Ramachandran holds the largest promoter stake in Suryoday Small Finance Bank at 5.22% as of June 2026, while the provided facts do not specify any government promoter holding.",Relevant
What was Suryoday Small Finance Bank's CASA ratio in the most recently reported quarter?,False,graph_check,462386a3-7982-4909-9a6f-2a2cbbd09377,"['HAS_METRIC', 'MetricObservation']",7,7,The retrieved facts do not cover Suryoday Small Finance Bank's CASA ratio for the most recently reported quarter.,Not relevant
What is Suryoday Small Finance Bank's net interest margin (NIM) for the latest reported period?,False,graph_check,462386a3-7982-4909-9a6f-2a2cbbd09377,"['HAS_METRIC', 'MetricObservation']",7,7,"Suryoday Small Finance Bank reported a net interest margin of 4.21% for the latest reported period in Q1 FY27, which is up from 4.06% a year earlier.",Relevant
What are Suryoday Small Finance Bank's gross NPA and net NPA ratios?,False,graph_check,462386a3-7982-4909-9a6f-2a2cbbd09377,"['HAS_METRIC', 'MetricObservation']",7,7,"For Q1 FY27, Suryoday Small Finance Bank's gross NPA is reported at 2.47% by one source and 6.60% by another, while its net NPA is reported in a range of 1.14% to 1.27%.",Relevant
"What is Suryoday Small Finance Bank's capital adequacy ratio (CRAR), and its CET1 ratio if disclosed?",False,graph_check,462386a3-7982-4909-9a6f-2a2cbbd09377,"['HAS_METRIC', 'MetricObservation']",7,7,"Suryoday Small Finance Bank reported a capital adequacy ratio (CRAR) of 21.6% in Q1 FY27. However, the retrieved facts do not disclose its CET1 ratio.",Somewhat relevant
What are Suryoday Small Finance Bank's return on assets (ROA) and return on equity (ROE) for the latest quarter?,False,graph_check,462386a3-7982-4909-9a6f-2a2cbbd09377,"['HAS_METRIC', 'MetricObservation']",7,7,The retrieved facts do not cover Suryoday Small Finance Bank's return on assets (ROA) or return on equity (ROE) for the latest quarter.,Not relevant
What was Suryoday Small Finance Bank's total advances (loan book) and deposit growth in the latest quarter?,False,graph_check,462386a3-7982-4909-9a6f-2a2cbbd09377,"['HAS_METRIC', 'MetricObservation']",7,7,The retrieved facts do not cover Suryoday Small Finance Bank's total advances (loan book) or deposit growth for the latest quarter.,Not relevant
"What credit ratings has Suryoday Small Finance Bank received, and from which rating agencies?",True,graph_check,462386a3-7982-4909-9a6f-2a2cbbd09377,['HAS_RATING'],0,4,The retrieved facts do not cover the credit ratings or rating agencies associated with Suryoday Small Finance Bank.,Not relevant
"Roughly how many branches and ATMs does Suryoday Small Finance Bank operate, and as of what date?",True,summary_fallback,462386a3-7982-4909-9a6f-2a2cbbd09377,[],0,0,,Not relevant
"What products and services does Suryoday Small Finance Bank offer, and which customer segments does it serve?",True,graph_check,462386a3-7982-4909-9a6f-2a2cbbd09377,"['OFFERS_PRODUCT', 'SERVES']",0,4,"The retrieved facts do not cover the specific products and services offered by Suryoday Small Finance Bank. However, the bank runs an urban and semi-urban microfinance-origin model serving those respective customer segments under its small-finance-bank license.",Somewhat relevant
What is Jana Small Finance Bank's ticker symbol and on which exchange(s) does it trade?,True,summary_fallback,611bbf07-0b28-4249-b871-20b5e994c196,[],0,4,The retrieved facts do not cover Jana Small Finance Bank's ticker symbol or the exchange(s) on which it trades.,Not relevant
"Who is the current MD & CEO (or Chairman, where that is the top executive title) of Jana Small Finance Bank?",False,graph_check,611bbf07-0b28-4249-b871-20b5e994c196,"['GovernanceRole', 'HOLDS_ROLE']",2,2,"Ajay Chamanlal Kanwal is the current MD & CEO of Jana Small Finance Bank, having served in the position since August 2017.",Relevant
"What percentage of Jana Small Finance Bank is held by its government promoter or largest shareholder, and as of what date?",False,graph_check,611bbf07-0b28-4249-b871-20b5e994c196,"['OWNS', 'REGULATED_BY', 'OwnershipStake', 'HELD_BY', 'OWNS_STAKE_IN']",5,5,"Jana Holdings Limited, the promoter of Jana Small Finance Bank, held a 16.94% ownership stake in the bank as of June 2026.",Relevant
What was Jana Small Finance Bank's CASA ratio in the most recently reported quarter?,False,graph_check,611bbf07-0b28-4249-b871-20b5e994c196,"['HAS_METRIC', 'MetricObservation']",8,8,The retrieved facts do not cover Jana Small Finance Bank's CASA ratio for the most recently reported quarter.,Not relevant
What is Jana Small Finance Bank's net interest margin (NIM) for the latest reported period?,False,graph_check,611bbf07-0b28-4249-b871-20b5e994c196,"['HAS_METRIC', 'MetricObservation']",8,8,The retrieved facts do not cover Jana Small Finance Bank's net interest margin (NIM) for the latest reported period.,Not relevant
What are Jana Small Finance Bank's gross NPA and net NPA ratios?,False,graph_check,611bbf07-0b28-4249-b871-20b5e994c196,"['HAS_METRIC', 'MetricObservation']",8,8,"In Q1 FY27, Jana Small Finance Bank recorded a gross NPA ratio of 2.39% and a net NPA ratio of 0.91%.",Relevant
"What is Jana Small Finance Bank's capital adequacy ratio (CRAR), and its CET1 ratio if disclosed?",False,graph_check,611bbf07-0b28-4249-b871-20b5e994c196,"['HAS_METRIC', 'MetricObservation']",8,8,"Jana Small Finance Bank reported a capital adequacy ratio (CRAR) of 20.18% as of Q1 FY27. However, the retrieved facts do not disclose its CET1 ratio.",Somewhat relevant
What are Jana Small Finance Bank's return on assets (ROA) and return on equity (ROE) for the latest quarter?,False,graph_check,611bbf07-0b28-4249-b871-20b5e994c196,"['HAS_METRIC', 'MetricObservation']",8,8,"The retrieved facts do not cover Jana Small Finance Bank's return on assets (ROA) for the latest quarter. However, the facts indicate that the bank recorded a return on equity (ROE) of 8% for FY26.",Somewhat relevant
What was Jana Small Finance Bank's total advances (loan book) and deposit growth in the latest quarter?,False,graph_check,611bbf07-0b28-4249-b871-20b5e994c196,"['HAS_METRIC', 'MetricObservation']",8,8,The retrieved facts do not cover Jana Small Finance Bank's total advances (loan book) and deposit growth for the latest quarter.,Not relevant
"What credit ratings has Jana Small Finance Bank received, and from which rating agencies?",True,graph_check,611bbf07-0b28-4249-b871-20b5e994c196,['HAS_RATING'],0,4,The retrieved facts do not cover the credit ratings or rating agencies associated with Jana Small Finance Bank.,Not relevant
"Roughly how many branches and ATMs does Jana Small Finance Bank operate, and as of what date?",True,summary_fallback,611bbf07-0b28-4249-b871-20b5e994c196,[],0,0,,Not relevant
"What products and services does Jana Small Finance Bank offer, and which customer segments does it serve?",False,graph_check,611bbf07-0b28-4249-b871-20b5e994c196,"['OFFERS_PRODUCT', 'SERVES']",2,2,Jana Small Finance Bank serves the MSME banking segment and runs a digital-banking push branded as DigiGen.,Somewhat relevant
"What is State Bank of India's primary competitive advantage, and how strong is the evidence behind that claim?",False,graph_check,a512c753-67dc-4353-9004-6e74f5b5d709,['HAS_ADVANTAGE'],1,1,"State Bank of India's principal competitive advantage is its unmatched branch, ATM and digital scale combined with sovereign backing. The retrieved facts do not cover the strength of the evidence behind that claim.",Somewhat relevant
What is the key strength identified for State Bank of India in the current analysis?,False,graph_check,a512c753-67dc-4353-9004-6e74f5b5d709,['HAS_STRENGTH'],1,1,"The key strength identified for State Bank of India as of June 30, 2026, is posting record profitability alongside the lowest non-performing-asset levels seen in more than two decades.",Relevant
What is the main weakness or vulnerability flagged for State Bank of India?,False,graph_check,a512c753-67dc-4353-9004-6e74f5b5d709,"['HAS_WEAKNESS', 'HAS_RISK_DRIVER', 'EXPOSED_TO']",2,2,"The main risk driver and vulnerability for State Bank of India is asset quality in unsecured retail and MSME lending. Additionally, its domestic net interest margin trails several private-bank peers.",Relevant
What is the biggest threat facing State Bank of India according to the analysis?,False,graph_check,a512c753-67dc-4353-9004-6e74f5b5d709,['THREATENS'],1,1,The biggest threat facing State Bank of India is private banks continuing to take retail and digital market share.,Relevant
"What credit, market, operational or regulatory risks is State Bank of India exposed to?",False,graph_check,a512c753-67dc-4353-9004-6e74f5b5d709,"['HURT_BY', 'REGULATED_BY', 'RegulatoryRelation', 'REGULATORY_RELATION', 'HAS_METRIC', 'MetricObservation', 'HAS_WEAKNESS', 'HAS_RISK_DRIVER', 'EXPOSED_TO']",17,17,"The retrieved facts do not cover specific credit, market, or operational risks beyond noting that asset quality in unsecured retail and MSME lending serves as the main risk driver for State Bank of India. On the regulatory front, the bank is regulated by the RBI and SEBI.",Somewhat relevant
Who are State Bank of India's main named competitors?,False,graph_check,a512c753-67dc-4353-9004-6e74f5b5d709,['COMPETES_WITH'],3,3,"State Bank of India's main named competitors are HDFC Bank and ICICI Bank, which compete with it for retail and digital market share, as well as Bank of Baroda.",Relevant
"What is Bank of Baroda's primary competitive advantage, and how strong is the evidence behind that claim?",False,graph_check,2254cee1-6db0-4b96-9471-a6a45a3f6b64,['HAS_ADVANTAGE'],1,1,Bank of Baroda's primary competitive advantage is its 24-country network. The retrieved facts do not provide information on the strength of the evidence behind that claim.,Somewhat relevant
What is the key strength identified for Bank of Baroda in the current analysis?,True,graph_check,2254cee1-6db0-4b96-9471-a6a45a3f6b64,['HAS_STRENGTH'],0,5,The retrieved facts do not cover the key strength identified for Bank of Baroda in the current analysis.,Not relevant
What is the main weakness or vulnerability flagged for Bank of Baroda?,False,graph_check,2254cee1-6db0-4b96-9471-a6a45a3f6b64,"['HAS_WEAKNESS', 'HAS_RISK_DRIVER', 'EXPOSED_TO']",1,1,Bank of Baroda identifies legal and contingent-liability exposure as its key risk driver. This legal and contingent-liability exposure serves as the main weakness or vulnerability flagged for the bank.,Relevant
What is the biggest threat facing Bank of Baroda according to the analysis?,False,graph_check,2254cee1-6db0-4b96-9471-a6a45a3f6b64,['THREATENS'],1,1,The biggest threat facing Bank of Baroda is funding-cost pressure caused by its rising reliance on bulk and Certificate of Deposit (CD) funding.,Relevant
"What credit, market, operational or regulatory risks is Bank of Baroda exposed to?",False,graph_check,2254cee1-6db0-4b96-9471-a6a45a3f6b64,"['HURT_BY', 'REGULATED_BY', 'RegulatoryRelation', 'REGULATORY_RELATION', 'HAS_METRIC', 'MetricObservation', 'HAS_WEAKNESS', 'HAS_RISK_DRIVER', 'EXPOSED_TO']",20,20,"Bank of Baroda is exposed to credit and asset-quality risks through its reported gross non-performing assets of 1.99% and net non-performing assets of 0.50% in Q1 FY27, alongside legal and contingent-liability exposures identified as key risk drivers. Furthermore, the bank faces regulatory oversight as it is regulated by the RBI, SEBI, and multiple overseas regulators.",Somewhat relevant
Who are Bank of Baroda's main named competitors?,False,graph_check,2254cee1-6db0-4b96-9471-a6a45a3f6b64,['COMPETES_WITH'],1,1,"Bank of Baroda's main named competitor is SBI, with which it shares the distinction of maintaining the widest overseas footprint of any public sector undertaking bank.",Somewhat relevant
"What is Punjab National Bank's primary competitive advantage, and how strong is the evidence behind that claim?",True,graph_check,28601797-b0b6-4793-bc26-2752ed63056b,['HAS_ADVANTAGE'],0,1,The retrieved facts do not cover Punjab National Bank's primary competitive advantage or the strength of the evidence behind such a claim.,Not relevant
What is the key strength identified for Punjab National Bank in the current analysis?,False,graph_check,28601797-b0b6-4793-bc26-2752ed63056b,['HAS_STRENGTH'],1,1,"The clearest strength identified for Punjab National Bank this quarter is a sharp asset-quality turnaround, as of June 30, 2026.",Relevant
What is the main weakness or vulnerability flagged for Punjab National Bank?,False,graph_check,28601797-b0b6-4793-bc26-2752ed63056b,"['HAS_WEAKNESS', 'HAS_RISK_DRIVER', 'EXPOSED_TO']",2,2,"The key risk driver for Punjab National Bank is residual legacy corporate exposure, which is accompanied by a weakness where its net interest income growth of only 2.1% is lagging the pace of balance-sheet growth as of June 30, 2026.",Relevant
What is the biggest threat facing Punjab National Bank according to the analysis?,False,graph_check,28601797-b0b6-4793-bc26-2752ed63056b,['THREATENS'],1,1,"The biggest threat facing Punjab National Bank is its legacy of large corporate NPAs, which remains a lingering threat and structural weak point relative to cleaner peers.",Relevant
"What credit, market, operational or regulatory risks is Punjab National Bank exposed to?",False,graph_check,28601797-b0b6-4793-bc26-2752ed63056b,"['HURT_BY', 'REGULATED_BY', 'RegulatoryRelation', 'REGULATORY_RELATION', 'HAS_METRIC', 'MetricObservation', 'HAS_WEAKNESS', 'HAS_RISK_DRIVER', 'EXPOSED_TO']",17,17,"The retrieved facts do not cover specific credit, market, or operational risks beyond noting that Punjab National Bank's key risk driver is residual legacy corporate exposure alongside an impaired-loan ratio of 3.2% reported by Fitch. On the regulatory front, the bank is regulated by SEBI and holds a universal banking license.",Somewhat relevant
Who are Punjab National Bank's main named competitors?,True,graph_check,28601797-b0b6-4793-bc26-2752ed63056b,['COMPETES_WITH'],0,1,The retrieved facts do not cover Punjab National Bank's main named competitors.,Not relevant
"What is Canara Bank's primary competitive advantage, and how strong is the evidence behind that claim?",True,graph_check,a436d155-4c3f-46b9-ba63-736f6abcd1cf,['HAS_ADVANTAGE'],0,5,"Canara Bank's primary competitive advantage is its strong South Indian retail, agricultural, and MSME franchise as a Government of India-owned universal bank. The retrieved facts do not cover the strength of the evidence behind that claim.",Somewhat relevant
What is the key strength identified for Canara Bank in the current analysis?,False,graph_check,a436d155-4c3f-46b9-ba63-736f6abcd1cf,['HAS_STRENGTH'],1,1,"The key strength identified for Canara Bank in the current analysis is its clear, high-confidence strength in asset quality, as of June 30, 2026.",Relevant
What is the main weakness or vulnerability flagged for Canara Bank?,False,graph_check,a436d155-4c3f-46b9-ba63-736f6abcd1cf,"['HAS_WEAKNESS', 'HAS_RISK_DRIVER', 'EXPOSED_TO']",2,2,"The main vulnerability flagged for Canara Bank is that its net profit grew by only about 2% year-on-year as of June 30, 2026, despite strong net interest income. Additionally, monsoon-linked agricultural seasonality serves as a key risk driver for the bank.",Relevant
What is the biggest threat facing Canara Bank according to the analysis?,False,graph_check,a436d155-4c3f-46b9-ba63-736f6abcd1cf,['THREATENS'],1,1,"According to the analysis as of June 30, 2026, the biggest threat facing Canara Bank is its relatively low CASA ratio, which increases its sensitivity to funding costs.",Relevant
"What credit, market, operational or regulatory risks is Canara Bank exposed to?",False,graph_check,a436d155-4c3f-46b9-ba63-736f6abcd1cf,"['HURT_BY', 'REGULATED_BY', 'RegulatoryRelation', 'REGULATORY_RELATION', 'HAS_METRIC', 'MetricObservation', 'HAS_WEAKNESS', 'HAS_RISK_DRIVER', 'EXPOSED_TO']",18,18,Canara Bank is exposed to monsoon-linked agricultural seasonality as a key risk driver and is regulated by both the RBI and SEBI. The retrieved facts do not cover specific market or operational risks beyond these details.,Somewhat relevant
Who are Canara Bank's main named competitors?,True,graph_check,a436d155-4c3f-46b9-ba63-736f6abcd1cf,['COMPETES_WITH'],0,5,The retrieved facts do not cover Canara Bank's main named competitors.,Not relevant
"What is Union Bank of India's primary competitive advantage, and how strong is the evidence behind that claim?",True,graph_check,775db758-b4be-46f3-9c39-937b6fb14466,['HAS_ADVANTAGE'],0,5,The retrieved facts do not cover Union Bank of India's primary competitive advantage or the strength of the evidence behind it.,Not relevant
What is the key strength identified for Union Bank of India in the current analysis?,True,graph_check,775db758-b4be-46f3-9c39-937b6fb14466,['HAS_STRENGTH'],0,5,The retrieved facts do not cover the key strength identified for Union Bank of India in the current analysis.,Not relevant
What is the main weakness or vulnerability flagged for Union Bank of India?,False,graph_check,775db758-b4be-46f3-9c39-937b6fb14466,"['HAS_WEAKNESS', 'HAS_RISK_DRIVER', 'EXPOSED_TO']",5,5,"The main vulnerability flagged for Union Bank of India is funding and liquidity risk caused by a deposit-growth lag, with its key risk driver being the pace of deposit mobilization relative to its credit growth ambition.",Relevant
What is the biggest threat facing Union Bank of India according to the analysis?,True,graph_check,775db758-b4be-46f3-9c39-937b6fb14466,['THREATENS'],0,5,The retrieved facts do not cover the biggest threat facing Union Bank of India.,Not relevant
"What credit, market, operational or regulatory risks is Union Bank of India exposed to?",False,graph_check,775db758-b4be-46f3-9c39-937b6fb14466,"['HURT_BY', 'REGULATED_BY', 'RegulatoryRelation', 'REGULATORY_RELATION', 'HAS_METRIC', 'MetricObservation', 'HAS_WEAKNESS', 'HAS_RISK_DRIVER', 'EXPOSED_TO']",21,21,"Union Bank of India is exposed to ordinary credit risk, ordinary interest-rate risk, funding and liquidity risk stemming from a flagged deposit-growth lag, and technology risk tied to its post-merger integration. Additionally, the bank operates under the regulatory oversight of the RBI and SEBI.",Relevant
Who are Union Bank of India's main named competitors?,True,graph_check,775db758-b4be-46f3-9c39-937b6fb14466,['COMPETES_WITH'],0,5,The retrieved facts do not cover Union Bank of India's main named competitors.,Not relevant
"What is Bank of India's primary competitive advantage, and how strong is the evidence behind that claim?",True,graph_check,1072c755-5223-4800-b399-295cd32a902f,['HAS_ADVANTAGE'],0,5,The retrieved facts do not cover Bank of India's primary competitive advantage or the strength of the evidence behind such a claim.,Not relevant
What is the key strength identified for Bank of India in the current analysis?,True,graph_check,1072c755-5223-4800-b399-295cd32a902f,['HAS_STRENGTH'],0,5,The retrieved facts do not cover the key strength identified for Bank of India in the current analysis.,Not relevant
What is the main weakness or vulnerability flagged for Bank of India?,False,graph_check,1072c755-5223-4800-b399-295cd32a902f,"['HAS_WEAKNESS', 'HAS_RISK_DRIVER', 'EXPOSED_TO']",3,3,"Bank of India is vulnerable to ordinary credit risk, interest-rate risk, and regulatory risk.",Relevant
What is the biggest threat facing Bank of India according to the analysis?,True,graph_check,1072c755-5223-4800-b399-295cd32a902f,['THREATENS'],0,5,The retrieved facts do not cover the biggest threat facing Bank of India.,Not relevant
"What credit, market, operational or regulatory risks is Bank of India exposed to?",False,graph_check,1072c755-5223-4800-b399-295cd32a902f,"['HURT_BY', 'REGULATED_BY', 'RegulatoryRelation', 'REGULATORY_RELATION', 'HAS_METRIC', 'MetricObservation', 'HAS_WEAKNESS', 'HAS_RISK_DRIVER', 'EXPOSED_TO']",17,1,"Bank of India is exposed to regulatory risk. The retrieved facts do not cover credit, market, or operational risks.",Somewhat relevant
Who are Bank of India's main named competitors?,True,graph_check,1072c755-5223-4800-b399-295cd32a902f,['COMPETES_WITH'],0,5,The retrieved facts do not cover Bank of India's main named competitors.,Not relevant
"What is Indian Bank's primary competitive advantage, and how strong is the evidence behind that claim?",True,graph_check,daf48486-ea5e-45c2-bef1-7129588f4483,['HAS_ADVANTAGE'],0,5,The retrieved facts do not cover Indian Bank's primary competitive advantage or the strength of the evidence behind such a claim.,Not relevant
What is the key strength identified for Indian Bank in the current analysis?,False,graph_check,daf48486-ea5e-45c2-bef1-7129588f4483,['HAS_STRENGTH'],2,2,"The key strengths identified for Indian Bank in the current analysis include its asset quality, which is highlighted as a clear and high-confidence strength, as well as its strong capital position with metrics maintained comfortably above regulatory minimums.",Relevant
What is the main weakness or vulnerability flagged for Indian Bank?,False,graph_check,daf48486-ea5e-45c2-bef1-7129588f4483,"['HAS_WEAKNESS', 'HAS_RISK_DRIVER', 'EXPOSED_TO']",1,1,"The main vulnerability flagged for Indian Bank is its concentration of corporate and infrastructure loans, which serves as its key risk driver.",Relevant
What is the biggest threat facing Indian Bank according to the analysis?,True,graph_check,daf48486-ea5e-45c2-bef1-7129588f4483,['THREATENS'],0,5,The retrieved facts do not cover what the biggest threat facing Indian Bank is according to the analysis.,Not relevant
"What credit, market, operational or regulatory risks is Indian Bank exposed to?",False,graph_check,daf48486-ea5e-45c2-bef1-7129588f4483,"['HURT_BY', 'REGULATED_BY', 'RegulatoryRelation', 'REGULATORY_RELATION', 'HAS_METRIC', 'MetricObservation', 'HAS_WEAKNESS', 'HAS_RISK_DRIVER', 'EXPOSED_TO']",11,1,"The retrieved facts do not cover the credit, market, operational, or regulatory risks to which Indian Bank is exposed.",Not relevant
Who are Indian Bank's main named competitors?,True,graph_check,daf48486-ea5e-45c2-bef1-7129588f4483,['COMPETES_WITH'],0,5,The retrieved facts do not cover Indian Bank's main named competitors.,Not relevant
"What is Central Bank of India's primary competitive advantage, and how strong is the evidence behind that claim?",False,graph_check,4d998ac2-533e-40a6-a217-b71dfe465f4c,['HAS_ADVANTAGE'],1,1,Central Bank of India's primary competitive advantage is a genuine funding-cost advantage derived from its high CASA levels compared to the PSU peer group. The provided facts do not contain specific evidence or metrics regarding the strength of this claim.,Relevant
What is the key strength identified for Central Bank of India in the current analysis?,False,graph_check,4d998ac2-533e-40a6-a217-b71dfe465f4c,['HAS_STRENGTH'],2,2,"The directly evidenced strengths for Central Bank of India this quarter, as of July 1, 2026, are its high CASA ratio and rapid advances growth.",Relevant
What is the main weakness or vulnerability flagged for Central Bank of India?,False,graph_check,4d998ac2-533e-40a6-a217-b71dfe465f4c,"['HAS_WEAKNESS', 'HAS_RISK_DRIVER', 'EXPOSED_TO']",3,3,"The primary weaknesses flagged for the Central Bank of India include a still-elevated cost-to-income ratio, a legacy gross-NPA overhang relative to its sub-2% peers, and a potential funding gap as a key risk driver if deposit growth lags.",Relevant
What is the biggest threat facing Central Bank of India according to the analysis?,False,graph_check,4d998ac2-533e-40a6-a217-b71dfe465f4c,['THREATENS'],1,1,"According to the analysis, the biggest threat facing Central Bank of India is a funding-gap risk implied by advances outgrowing deposits.",Relevant
"What credit, market, operational or regulatory risks is Central Bank of India exposed to?",False,graph_check,4d998ac2-533e-40a6-a217-b71dfe465f4c,"['HURT_BY', 'REGULATED_BY', 'RegulatoryRelation', 'REGULATORY_RELATION', 'HAS_METRIC', 'MetricObservation', 'HAS_WEAKNESS', 'HAS_RISK_DRIVER', 'EXPOSED_TO']",19,19,"Central Bank of India considers a potential funding gap as a key risk driver if deposit growth lags behind its advances growth. Additionally, the bank carries a legacy gross-NPA overhang relative to its sub-2% peers, alongside being regulated by both the RBI and SEBI.",Relevant
Who are Central Bank of India's main named competitors?,True,graph_check,4d998ac2-533e-40a6-a217-b71dfe465f4c,['COMPETES_WITH'],0,5,The retrieved facts do not cover Central Bank of India's main named competitors.,Not relevant
"What is Indian Overseas Bank's primary competitive advantage, and how strong is the evidence behind that claim?",False,graph_check,d019bebb-cc26-4b4b-ae43-cd32202f6748,"['OPERATES_IN', 'HAS_ADVANTAGE']",5,5,The retrieved facts do not cover Indian Overseas Bank's primary competitive advantage or the strength of the evidence behind such a claim.,Not relevant
What is the key strength identified for Indian Overseas Bank in the current analysis?,False,graph_check,d019bebb-cc26-4b4b-ae43-cd32202f6748,"['OPERATES_IN', 'HAS_STRENGTH']",6,6,The clearest strength identified for Indian Overseas Bank in the current analysis is its improving asset quality.,Relevant
What is the main weakness or vulnerability flagged for Indian Overseas Bank?,False,graph_check,d019bebb-cc26-4b4b-ae43-cd32202f6748,"['OPERATES_IN', 'HAS_WEAKNESS', 'HAS_RISK_DRIVER', 'EXPOSED_TO']",8,8,"The main weaknesses flagged for Indian Overseas Bank are a sharp rise in the cost-to-income ratio and a decline in CASA, which together pressure the bank's efficiency and funding costs.",Relevant
What is the biggest threat facing Indian Overseas Bank according to the analysis?,False,graph_check,d019bebb-cc26-4b4b-ae43-cd32202f6748,"['OPERATES_IN', 'THREATENS']",6,6,"The biggest threat facing Indian Overseas Bank is a rising credit-deposit ratio, which is increasing liquidity and funding pressure.",Relevant
"What credit, market, operational or regulatory risks is Indian Overseas Bank exposed to?",False,graph_check,d019bebb-cc26-4b4b-ae43-cd32202f6748,"['HURT_BY', 'REGULATED_BY', 'RegulatoryRelation', 'REGULATORY_RELATION', 'HAS_METRIC', 'MetricObservation', 'OPERATES_IN', 'HAS_WEAKNESS', 'HAS_RISK_DRIVER', 'EXPOSED_TO']",24,24,"The retrieved facts do not cover credit, market, or operational risks for Indian Overseas Bank. However, the bank is subject to regulatory oversight by the RBI and SEBI, as well as minimum-public-shareholding norms.",Somewhat relevant
Who are Indian Overseas Bank's main named competitors?,False,graph_check,d019bebb-cc26-4b4b-ae43-cd32202f6748,"['COMPETES_WITH', 'OPERATES_IN']",5,5,The retrieved facts do not cover Indian Overseas Bank's main named competitors.,Not relevant
"What is UCO Bank's primary competitive advantage, and how strong is the evidence behind that claim?",True,graph_check,62aaa846-bbe6-4e89-8a09-db8194f71fd2,['HAS_ADVANTAGE'],0,5,The retrieved facts do not cover UCO Bank's primary competitive advantage or the strength of the evidence behind such a claim.,Not relevant
What is the key strength identified for UCO Bank in the current analysis?,False,graph_check,62aaa846-bbe6-4e89-8a09-db8194f71fd2,['HAS_STRENGTH'],1,1,"The clearest strength identified for UCO Bank in the current analysis as of June 30, 2026, is its current growth and profitability momentum, which includes an 80% jump in operating profit.",Relevant
What is the main weakness or vulnerability flagged for UCO Bank?,False,graph_check,62aaa846-bbe6-4e89-8a09-db8194f71fd2,"['HAS_WEAKNESS', 'HAS_RISK_DRIVER', 'EXPOSED_TO']",2,2,"The main vulnerability flagged for UCO Bank is its reliance on continued external capital raises to fund its growth, alongside the lack of a clearly confirmed MD and CEO transition status as of the research date.",Relevant
What is the biggest threat facing UCO Bank according to the analysis?,False,graph_check,62aaa846-bbe6-4e89-8a09-db8194f71fd2,['THREATENS'],1,1,"The biggest threat facing UCO Bank is the continued dilution of the Government of India's stake toward the regulatory public-float floor, which threatens to pressure the bank's near-term valuation dynamics.",Relevant
"What credit, market, operational or regulatory risks is UCO Bank exposed to?",False,graph_check,62aaa846-bbe6-4e89-8a09-db8194f71fd2,"['HURT_BY', 'REGULATED_BY', 'RegulatoryRelation', 'REGULATORY_RELATION', 'HAS_METRIC', 'MetricObservation', 'HAS_WEAKNESS', 'HAS_RISK_DRIVER', 'EXPOSED_TO']",11,11,"The retrieved facts do not cover specific credit, market, or operational risks for UCO Bank, but they do note that its key risk driver is its reliance on continued external capital raises to fund growth. Additionally, the bank is regulated by the Reserve Bank of India and the Securities and Exchange Board of India.",Somewhat relevant
Who are UCO Bank's main named competitors?,True,graph_check,62aaa846-bbe6-4e89-8a09-db8194f71fd2,['COMPETES_WITH'],0,5,The retrieved facts do not cover UCO Bank's main named competitors.,Not relevant
"What is Bank of Maharashtra's primary competitive advantage, and how strong is the evidence behind that claim?",True,graph_check,28cb9b08-7bcd-4cb7-a686-e71f9cfa2dc6,['HAS_ADVANTAGE'],0,6,The retrieved facts do not cover Bank of Maharashtra's primary competitive advantage or the strength of the evidence behind such a claim.,Not relevant
What is the key strength identified for Bank of Maharashtra in the current analysis?,False,graph_check,28cb9b08-7bcd-4cb7-a686-e71f9cfa2dc6,['HAS_STRENGTH'],2,2,"The key strength identified for Bank of Maharashtra is its best-in-class asset quality, alongside a sustained 27% profit growth demonstrated for both the quarter and the prior year.",Relevant
What is the main weakness or vulnerability flagged for Bank of Maharashtra?,False,graph_check,28cb9b08-7bcd-4cb7-a686-e71f9cfa2dc6,"['HAS_WEAKNESS', 'HAS_RISK_DRIVER', 'EXPOSED_TO']",2,2,"The main vulnerability flagged for Bank of Maharashtra is its repeated need to raise capital, driven by a dependency on periodic capital raises while diluting government ownership toward the regulatory floor. This reliance on frequent capital raising represents a genuine weakness for the institution.",Relevant
What is the biggest threat facing Bank of Maharashtra according to the analysis?,False,graph_check,28cb9b08-7bcd-4cb7-a686-e71f9cfa2dc6,['THREATENS'],1,1,"The biggest threat facing Bank of Maharashtra is further government stake reduction toward the 75% public-float floor, which could dilute near-term earnings per share.",Relevant
"What credit, market, operational or regulatory risks is Bank of Maharashtra exposed to?",False,graph_check,28cb9b08-7bcd-4cb7-a686-e71f9cfa2dc6,"['HURT_BY', 'REGULATED_BY', 'RegulatoryRelation', 'REGULATORY_RELATION', 'HAS_METRIC', 'MetricObservation', 'HAS_WEAKNESS', 'HAS_RISK_DRIVER', 'EXPOSED_TO']",7,7,"Bank of Maharashtra is exposed to key risk drivers that include a dependency on periodic capital raises while diluting government ownership toward the regulatory floor, as well as a repeated need to raise capital that constitutes a genuine weakness. Additionally, the bank operates under the regulatory oversight of both the RBI and SEBI.",Somewhat relevant
Who are Bank of Maharashtra's main named competitors?,True,graph_check,28cb9b08-7bcd-4cb7-a686-e71f9cfa2dc6,['COMPETES_WITH'],0,6,The retrieved facts do not cover Bank of Maharashtra's main named competitors.,Not relevant
"What is Punjab & Sind Bank's primary competitive advantage, and how strong is the evidence behind that claim?",True,graph_check,2b559985-38e8-4787-a4ec-ddb952007279,['HAS_ADVANTAGE'],0,3,The retrieved facts do not cover Punjab & Sind Bank's primary competitive advantage or the strength of the evidence behind such a claim.,Not relevant
What is the key strength identified for Punjab & Sind Bank in the current analysis?,False,graph_check,2b559985-38e8-4787-a4ec-ddb952007279,['HAS_STRENGTH'],2,2,The key strengths identified for Punjab & Sind Bank include notable asset-quality improvement and solid capital adequacy.,Relevant
What is the main weakness or vulnerability flagged for Punjab & Sind Bank?,False,graph_check,2b559985-38e8-4787-a4ec-ddb952007279,"['HAS_WEAKNESS', 'HAS_RISK_DRIVER', 'EXPOSED_TO']",2,2,"The clearest weakness flagged for Punjab & Sind Bank is its small scale, which reflects the smallest advances base and branch network among its peers. Additionally, the bank suffers from a modest earnings profile as explicitly characterized by CRISIL's rating rationale.",Relevant
What is the biggest threat facing Punjab & Sind Bank according to the analysis?,False,graph_check,2b559985-38e8-4787-a4ec-ddb952007279,['THREATENS'],1,1,"The biggest threat facing Punjab & Sind Bank is a very high government-ownership concentration, which increases regulatory and dilution-overhang risks relative to its peers.",Relevant
"What credit, market, operational or regulatory risks is Punjab & Sind Bank exposed to?",False,graph_check,2b559985-38e8-4787-a4ec-ddb952007279,"['HURT_BY', 'REGULATED_BY', 'RegulatoryRelation', 'REGULATORY_RELATION', 'HAS_METRIC', 'MetricObservation', 'HAS_WEAKNESS', 'HAS_RISK_DRIVER', 'EXPOSED_TO']",14,14,"The retrieved facts do not cover the specific credit, market, or operational risks to which Punjab & Sind Bank is exposed. However, the facts do note that the bank is regulated by both the RBI and SEBI.",Somewhat relevant
Who are Punjab & Sind Bank's main named competitors?,True,graph_check,2b559985-38e8-4787-a4ec-ddb952007279,['COMPETES_WITH'],0,3,The retrieved facts do not cover Punjab & Sind Bank's main named competitors.,Not relevant
"What is HDFC Bank's primary competitive advantage, and how strong is the evidence behind that claim?",False,graph_check,fc5ecc71-2b19-4aa7-9a58-348aab4f89eb,['HAS_ADVANTAGE'],1,1,HDFC Bank's primary competitive advantage is maintaining the largest branch network of any private bank in India. The retrieved facts do not cover the strength of the evidence behind this claim.,Somewhat relevant
What is the key strength identified for HDFC Bank in the current analysis?,True,graph_check,fc5ecc71-2b19-4aa7-9a58-348aab4f89eb,['HAS_STRENGTH'],0,5,The retrieved facts do not cover the key strength identified for HDFC Bank in the current analysis.,Not relevant
What is the main weakness or vulnerability flagged for HDFC Bank?,False,graph_check,fc5ecc71-2b19-4aa7-9a58-348aab4f89eb,"['HAS_WEAKNESS', 'HAS_RISK_DRIVER', 'EXPOSED_TO']",3,3,"The main vulnerability flagged for HDFC Bank is ongoing net interest margin compression, alongside uncertainty regarding CEO succession following Sashidhar Jagdishan's announced retirement. Additionally, the key risk driver for the bank is its unsecured and agricultural asset quality.",Relevant
What is the biggest threat facing HDFC Bank according to the analysis?,False,graph_check,fc5ecc71-2b19-4aa7-9a58-348aab4f89eb,['THREATENS'],1,1,"The biggest threat facing HDFC Bank is aggressive deposit competition from public sector undertakings and other private banks, which threatens the bank's CASA ratio.",Relevant
"What credit, market, operational or regulatory risks is HDFC Bank exposed to?",False,graph_check,fc5ecc71-2b19-4aa7-9a58-348aab4f89eb,"['HURT_BY', 'REGULATED_BY', 'RegulatoryRelation', 'REGULATORY_RELATION', 'HAS_METRIC', 'MetricObservation', 'HAS_WEAKNESS', 'HAS_RISK_DRIVER', 'EXPOSED_TO']",19,19,"The retrieved facts do not cover specific credit, market, or operational risks beyond noting that HDFC Bank's key risk driver is its unsecured and agricultural asset quality. Regarding regulatory context, the bank is regulated by the RBI and SEBI.",Somewhat relevant
Who are HDFC Bank's main named competitors?,False,graph_check,fc5ecc71-2b19-4aa7-9a58-348aab4f89eb,['COMPETES_WITH'],1,1,"HDFC Bank's main named competitor is State Bank of India, with whom it competes for retail and digital market share.",Somewhat relevant
"What is ICICI Bank's primary competitive advantage, and how strong is the evidence behind that claim?",False,graph_check,02db780d-0076-4d28-8fb6-d6d5dd1ded13,['HAS_ADVANTAGE'],1,1,"ICICI Bank's primary competitive advantage is its sustained asset-quality track record, which serves as a valuation-relevant advantage for the institution. The retrieved facts do not provide specific metrics or further details to quantify the strength of the evidence behind this claim.",Somewhat relevant
What is the key strength identified for ICICI Bank in the current analysis?,True,graph_check,02db780d-0076-4d28-8fb6-d6d5dd1ded13,['HAS_STRENGTH'],0,5,"The key strengths identified for ICICI Bank are its strong retail, SME, and corporate franchise, along with a large digital-payments footprint.",Relevant
What is the main weakness or vulnerability flagged for ICICI Bank?,False,graph_check,02db780d-0076-4d28-8fb6-d6d5dd1ded13,"['HAS_WEAKNESS', 'HAS_RISK_DRIVER', 'EXPOSED_TO']",2,2,The main vulnerability flagged for ICICI Bank is that its pace of unsecured retail buildup and retail-loan growth could increase its sensitivity to unsecured credit over time.,Relevant
What is the biggest threat facing ICICI Bank according to the analysis?,False,graph_check,02db780d-0076-4d28-8fb6-d6d5dd1ded13,['THREATENS'],1,1,"According to the analysis, the biggest threat facing ICICI Bank is that its net interest margin may come under pressure as the interest-rate cycle turns.",Relevant
"What credit, market, operational or regulatory risks is ICICI Bank exposed to?",False,graph_check,02db780d-0076-4d28-8fb6-d6d5dd1ded13,"['HURT_BY', 'REGULATED_BY', 'RegulatoryRelation', 'REGULATORY_RELATION', 'HAS_METRIC', 'MetricObservation', 'HAS_WEAKNESS', 'HAS_RISK_DRIVER', 'EXPOSED_TO']",15,15,"The retrieved facts do not cover market or operational risks, but they indicate that ICICI Bank's key credit risk driver is the pace of unsecured retail buildup, which could increase unsecured-credit sensitivity over time. Additionally, the bank is subject to regulatory oversight by the RBI and SEBI.",Somewhat relevant
Who are ICICI Bank's main named competitors?,False,graph_check,02db780d-0076-4d28-8fb6-d6d5dd1ded13,['COMPETES_WITH'],1,1,"ICICI Bank's main named competitor is the State Bank of India, with whom it competes for retail and digital market share.",Somewhat relevant
"What is Axis Bank's primary competitive advantage, and how strong is the evidence behind that claim?",True,graph_check,e8b9706a-a447-4e0c-be64-cc5d7acbb11a,['HAS_ADVANTAGE'],0,3,The retrieved facts do not cover Axis Bank's primary competitive advantage or the strength of the evidence behind such a claim.,Not relevant
What is the key strength identified for Axis Bank in the current analysis?,False,graph_check,e8b9706a-a447-4e0c-be64-cc5d7acbb11a,['HAS_STRENGTH'],1,1,"A key strength for Axis Bank for the quarter is its advances growth of 19% year-on-year, which was led by corporate and SME lending.",Relevant
What is the main weakness or vulnerability flagged for Axis Bank?,False,graph_check,e8b9706a-a447-4e0c-be64-cc5d7acbb11a,"['HAS_WEAKNESS', 'HAS_RISK_DRIVER', 'EXPOSED_TO']",3,3,"The main weaknesses flagged for Axis Bank include a net interest margin that has fallen to a cycle low of 3.46% and retail growth of only 8% lagging behind corporate growth of 38%, which raises concentration questions. Additionally, the bank faces a key risk driver regarding an asset-quality lag effect following its fast corporate-loan growth.",Relevant
What is the biggest threat facing Axis Bank according to the analysis?,False,graph_check,e8b9706a-a447-4e0c-be64-cc5d7acbb11a,['THREATENS'],1,1,"According to the analysis, the biggest threat facing Axis Bank is rapid corporate-loan growth, which could eventually pressure asset quality.",Relevant
"What credit, market, operational or regulatory risks is Axis Bank exposed to?",False,graph_check,e8b9706a-a447-4e0c-be64-cc5d7acbb11a,"['HURT_BY', 'REGULATED_BY', 'RegulatoryRelation', 'REGULATORY_RELATION', 'HAS_METRIC', 'MetricObservation', 'HAS_WEAKNESS', 'HAS_RISK_DRIVER', 'EXPOSED_TO']",18,18,"Axis Bank's key risk driver is the asset-quality lag effect following its fast corporate-loan growth, alongside speculative weaknesses from retail growth lagging corporate growth and raising concentration questions. Additionally, the bank is regulated by the RBI and SEBI.",Relevant
Who are Axis Bank's main named competitors?,True,graph_check,e8b9706a-a447-4e0c-be64-cc5d7acbb11a,['COMPETES_WITH'],0,3,The retrieved facts do not cover Axis Bank's main named competitors.,Not relevant
"What is Kotak Mahindra Bank's primary competitive advantage, and how strong is the evidence behind that claim?",True,graph_check,7db3e390-676f-4e46-966c-45f455a2e640,['HAS_ADVANTAGE'],0,4,The retrieved facts do not cover Kotak Mahindra Bank's primary competitive advantage or the strength of the evidence behind it.,Not relevant
What is the key strength identified for Kotak Mahindra Bank in the current analysis?,False,graph_check,7db3e390-676f-4e46-966c-45f455a2e640,['HAS_STRENGTH'],2,2,"The key strength identified for Kotak Mahindra Bank is its sector-leading CASA ratio of roughly 40%. Additionally, the bank possesses a very high capital adequacy, which serves as a major strength by providing ample room for growth.",Relevant
What is the main weakness or vulnerability flagged for Kotak Mahindra Bank?,False,graph_check,7db3e390-676f-4e46-966c-45f455a2e640,"['HAS_WEAKNESS', 'HAS_RISK_DRIVER', 'EXPOSED_TO']",3,3,"The clearest weakness flagged for Kotak Mahindra Bank is the announced CEO departure at the end of December 2026 with no successor named, which serves as the key risk driver due to the upcoming leadership transition. Additionally, a key financial weakness noted is a 12 basis point year-on-year decline in the bank's net interest margin.",Relevant
What is the biggest threat facing Kotak Mahindra Bank according to the analysis?,False,graph_check,7db3e390-676f-4e46-966c-45f455a2e640,['THREATENS'],1,1,"The biggest threat facing Kotak Mahindra Bank is a second consecutive CEO exit, which may unsettle investor confidence.",Relevant
"What credit, market, operational or regulatory risks is Kotak Mahindra Bank exposed to?",False,graph_check,7db3e390-676f-4e46-966c-45f455a2e640,"['HURT_BY', 'REGULATED_BY', 'RegulatoryRelation', 'REGULATORY_RELATION', 'HAS_METRIC', 'MetricObservation', 'HAS_WEAKNESS', 'HAS_RISK_DRIVER', 'EXPOSED_TO']",23,23,"Kotak Mahindra Bank is exposed to regulatory risks as it is regulated by the RBI and SEBI, and faces market risk from competitive pricing that caused its net interest margin to fall to 4.53% (declining 12 basis points year-on-year). Additionally, the bank faces operational and strategic risks driven by an upcoming leadership transition, stemming from the announced CEO departure at the end of December 2026 with no successor named.",Relevant
Who are Kotak Mahindra Bank's main named competitors?,True,graph_check,7db3e390-676f-4e46-966c-45f455a2e640,['COMPETES_WITH'],0,4,The retrieved facts do not cover Kotak Mahindra Bank's main named competitors.,Not relevant
"What is IndusInd Bank's primary competitive advantage, and how strong is the evidence behind that claim?",True,graph_check,4212ea87-cc68-4d83-b9de-f99f629011de,['HAS_ADVANTAGE'],0,3,"IndusInd Bank's primary competitive advantages lie in its historical strengths in vehicle finance and microfinance, supported by its universal banking license and backing by the Hinduja Group. The retrieved facts do not provide specific performance metrics or evidence to quantify the strength of these claims.",Relevant
What is the key strength identified for IndusInd Bank in the current analysis?,True,graph_check,4212ea87-cc68-4d83-b9de-f99f629011de,['HAS_STRENGTH'],0,3,The key historical strength identified for IndusInd Bank is in vehicle finance and microfinance.,Relevant
What is the main weakness or vulnerability flagged for IndusInd Bank?,True,graph_check,4212ea87-cc68-4d83-b9de-f99f629011de,"['HAS_WEAKNESS', 'HAS_RISK_DRIVER', 'EXPOSED_TO']",0,3,The retrieved facts do not cover the main weakness or vulnerability flagged for IndusInd Bank.,Not relevant
What is the biggest threat facing IndusInd Bank according to the analysis?,True,graph_check,4212ea87-cc68-4d83-b9de-f99f629011de,['THREATENS'],0,3,The retrieved facts do not cover the biggest threat facing IndusInd Bank.,Not relevant
"What credit, market, operational or regulatory risks is IndusInd Bank exposed to?",False,graph_check,4212ea87-cc68-4d83-b9de-f99f629011de,"['HURT_BY', 'REGULATED_BY', 'RegulatoryRelation', 'REGULATORY_RELATION', 'HAS_METRIC', 'MetricObservation', 'HAS_WEAKNESS', 'HAS_RISK_DRIVER', 'EXPOSED_TO']",16,16,"The retrieved facts do not cover the specific credit, market, operational, or regulatory risks to which IndusInd Bank is exposed. However, the data notes that the bank is regulated by the RBI and SEBI.",Not relevant
Who are IndusInd Bank's main named competitors?,True,graph_check,4212ea87-cc68-4d83-b9de-f99f629011de,['COMPETES_WITH'],0,3,The retrieved facts do not cover IndusInd Bank's main named competitors.,Not relevant
"What is Yes Bank's primary competitive advantage, and how strong is the evidence behind that claim?",True,graph_check,c456f4b2-ca3b-4494-931c-db4e0c3ff3d8,['HAS_ADVANTAGE'],0,4,The retrieved facts do not cover Yes Bank's primary competitive advantage or the strength of the evidence behind such a claim.,Not relevant
What is the key strength identified for Yes Bank in the current analysis?,True,graph_check,c456f4b2-ca3b-4494-931c-db4e0c3ff3d8,['HAS_STRENGTH'],0,4,The retrieved facts do not cover the key strength identified for Yes Bank in the current analysis.,Not relevant
What is the main weakness or vulnerability flagged for Yes Bank?,True,graph_check,c456f4b2-ca3b-4494-931c-db4e0c3ff3d8,"['HAS_WEAKNESS', 'HAS_RISK_DRIVER', 'EXPOSED_TO']",0,4,The retrieved facts do not cover the main weakness or vulnerability flagged for Yes Bank.,Not relevant
What is the biggest threat facing Yes Bank according to the analysis?,True,graph_check,c456f4b2-ca3b-4494-931c-db4e0c3ff3d8,['THREATENS'],0,4,The retrieved facts do not cover what the biggest threat facing Yes Bank is.,Not relevant
"What credit, market, operational or regulatory risks is Yes Bank exposed to?",False,graph_check,c456f4b2-ca3b-4494-931c-db4e0c3ff3d8,"['HURT_BY', 'REGULATED_BY', 'RegulatoryRelation', 'REGULATORY_RELATION', 'HAS_METRIC', 'MetricObservation', 'HAS_WEAKNESS', 'HAS_RISK_DRIVER', 'EXPOSED_TO']",15,15,"The retrieved facts do not cover the credit, market, operational, or regulatory risks Yes Bank is exposed to.",Not relevant
Who are Yes Bank's main named competitors?,True,graph_check,c456f4b2-ca3b-4494-931c-db4e0c3ff3d8,['COMPETES_WITH'],0,4,The retrieved facts do not cover Yes Bank's main named competitors.,Not relevant
"What is IDFC First Bank's primary competitive advantage, and how strong is the evidence behind that claim?",True,graph_check,aa5b8ff4-0579-4529-87bb-ad8e214ba77b,['HAS_ADVANTAGE'],0,4,The retrieved facts do not cover IDFC First Bank's primary competitive advantage or the strength of the evidence behind it.,Not relevant
What is the key strength identified for IDFC First Bank in the current analysis?,False,graph_check,aa5b8ff4-0579-4529-87bb-ad8e214ba77b,['HAS_STRENGTH'],2,2,"A key strength identified for IDFC FIRST Bank is its sector-leading 50.8% CASA ratio, which materially lowers funding costs. Additionally, the bank's record quarterly profit growth reflects both its declining credit costs and margin strength.",Relevant
What is the main weakness or vulnerability flagged for IDFC First Bank?,False,graph_check,aa5b8ff4-0579-4529-87bb-ad8e214ba77b,"['HAS_WEAKNESS', 'HAS_RISK_DRIVER', 'EXPOSED_TO']",7,7,"A recognized weakness for IDFC First Bank is its high cost-to-income ratio, which remains at 70.7%. Additionally, the bank faces vulnerability from a thinner Common Equity Tier 1 (CET1) capital of 13.33% compared to several larger peers, along with ordinary credit risk stemming from its residual wholesale-book legacy.",Relevant
What is the biggest threat facing IDFC First Bank according to the analysis?,False,graph_check,aa5b8ff4-0579-4529-87bb-ad8e214ba77b,['THREATENS'],1,1,"According to the analysis, the biggest threat facing IDFC First Bank is the possibility that its residual infrastructure and wholesale legacy exposure could still generate episodic credit costs.",Relevant
"What credit, market, operational or regulatory risks is IDFC First Bank exposed to?",False,graph_check,aa5b8ff4-0579-4529-87bb-ad8e214ba77b,"['HURT_BY', 'REGULATED_BY', 'RegulatoryRelation', 'REGULATORY_RELATION', 'HAS_METRIC', 'MetricObservation', 'HAS_WEAKNESS', 'HAS_RISK_DRIVER', 'EXPOSED_TO']",19,1,"IDFC First Bank is exposed to regulatory risk owing to its comparatively thinner capital cushion. The provided knowledge-graph facts do not contain information regarding credit, market, or operational risks for the bank.",Somewhat relevant
Who are IDFC First Bank's main named competitors?,True,graph_check,aa5b8ff4-0579-4529-87bb-ad8e214ba77b,['COMPETES_WITH'],0,4,The retrieved facts do not mention IDFC First Bank's main named competitors.,Not relevant
"What is Federal Bank's primary competitive advantage, and how strong is the evidence behind that claim?",True,graph_check,cdc54c14-4841-485f-9367-55abd39e099e,['HAS_ADVANTAGE'],0,4,The retrieved facts do not cover Federal Bank's primary competitive advantage or the strength of the evidence behind such a claim.,Not relevant
What is the key strength identified for Federal Bank in the current analysis?,False,graph_check,cdc54c14-4841-485f-9367-55abd39e099e,['HAS_STRENGTH'],2,2,"The key strengths identified for Federal Bank in the current analysis include its Net NPA reaching a decadal low of 0.18% in Q1 FY27 and its net profit rising 36.6% year-on-year to ₹1,177 crore.",Relevant
What is the main weakness or vulnerability flagged for Federal Bank?,False,graph_check,cdc54c14-4841-485f-9367-55abd39e099e,"['HAS_WEAKNESS', 'HAS_RISK_DRIVER', 'EXPOSED_TO']",3,3,Federal Bank's key risk driver and vulnerability is the cyclicality of its unsecured retail and MSME asset quality. Additional operational weaknesses include a cost-to-income ratio that remains at 52.50% and a return on equity of 12.01% that still trails its top private-bank peers.,Relevant
What is the biggest threat facing Federal Bank according to the analysis?,False,graph_check,cdc54c14-4841-485f-9367-55abd39e099e,['THREATENS'],1,1,The biggest threat facing Federal Bank is the potential takeover-related uncertainty caused by having no promoter or anchor investor as it continues scaling.,Relevant
"What credit, market, operational or regulatory risks is Federal Bank exposed to?",False,graph_check,cdc54c14-4841-485f-9367-55abd39e099e,"['HURT_BY', 'REGULATED_BY', 'RegulatoryRelation', 'REGULATORY_RELATION', 'HAS_METRIC', 'MetricObservation', 'HAS_WEAKNESS', 'HAS_RISK_DRIVER', 'EXPOSED_TO']",15,15,"Federal Bank is exposed to key risk drivers stemming from unsecured retail and MSME asset-quality cyclicality. Additionally, the bank is subject to regulatory oversight by both the RBI and SEBI.",Somewhat relevant
Who are Federal Bank's main named competitors?,False,graph_check,cdc54c14-4841-485f-9367-55abd39e099e,['COMPETES_WITH'],1,1,The retrieved facts do not mention Federal Bank's main named competitors.,Not relevant
"What is RBL Bank's primary competitive advantage, and how strong is the evidence behind that claim?",True,graph_check,5d8a90d7-6178-4821-84d5-7dce0785f0aa,['HAS_ADVANTAGE'],0,4,The retrieved facts do not cover RBL Bank's primary competitive advantage or the strength of the evidence behind such a claim.,Not relevant
What is the key strength identified for RBL Bank in the current analysis?,False,graph_check,5d8a90d7-6178-4821-84d5-7dce0785f0aa,['HAS_STRENGTH'],1,1,RBL Bank considers the strategic and balance-sheet support stemming from Emirates NBD ownership as its key strength.,Relevant
What is the main weakness or vulnerability flagged for RBL Bank?,False,graph_check,5d8a90d7-6178-4821-84d5-7dce0785f0aa,"['HAS_WEAKNESS', 'HAS_RISK_DRIVER', 'EXPOSED_TO']",2,2,"The key risk driver and main vulnerability for RBL Bank is its unsecured retail and credit-card asset quality. Additionally, a genuine weakness has been attributed to its CASA decline.",Relevant
What is the biggest threat facing RBL Bank according to the analysis?,False,graph_check,5d8a90d7-6178-4821-84d5-7dce0785f0aa,['THREATENS'],1,1,"According to the analysis, the biggest threat facing RBL Bank is execution risk tied to the large ownership change and pending integration.",Relevant
"What credit, market, operational or regulatory risks is RBL Bank exposed to?",False,graph_check,5d8a90d7-6178-4821-84d5-7dce0785f0aa,"['HURT_BY', 'REGULATED_BY', 'RegulatoryRelation', 'REGULATORY_RELATION', 'HAS_METRIC', 'MetricObservation', 'HAS_WEAKNESS', 'HAS_RISK_DRIVER', 'EXPOSED_TO']",12,12,"RBL Bank is exposed to key risks driven by its unsecured retail and credit-card asset quality, along with regulatory oversight and rules from both the RBI regarding foreign-bank majority ownership and SEBI regarding open-offer and takeover-code requirements.",Relevant
Who are RBL Bank's main named competitors?,True,graph_check,5d8a90d7-6178-4821-84d5-7dce0785f0aa,['COMPETES_WITH'],0,4,The retrieved facts do not cover RBL Bank's main named competitors.,Not relevant
"What is South Indian Bank's primary competitive advantage, and how strong is the evidence behind that claim?",True,graph_check,da75b497-7522-4871-8df9-173b6b7f0407,['HAS_ADVANTAGE'],0,4,The retrieved facts do not cover South Indian Bank's primary competitive advantage or the strength of the evidence behind such a claim.,Not relevant
What is the key strength identified for South Indian Bank in the current analysis?,True,graph_check,da75b497-7522-4871-8df9-173b6b7f0407,['HAS_STRENGTH'],0,4,The key strength identified for South Indian Bank is its strong South Indian and non-resident Indian (NRI) franchise.,Relevant
What is the main weakness or vulnerability flagged for South Indian Bank?,False,graph_check,da75b497-7522-4871-8df9-173b6b7f0407,"['HAS_WEAKNESS', 'HAS_RISK_DRIVER', 'EXPOSED_TO']",6,6,"The main weaknesses flagged for South Indian Bank include a 12% year-on-year decline in operating profit and the vulnerability of having both the MD & CEO and chairman roles in transition simultaneously as of 2026. Additionally, the bank faces risks related to leadership-transition execution, operational management during this transition, ordinary regulatory oversight, and its history of volatile asset quality.",Relevant
What is the biggest threat facing South Indian Bank according to the analysis?,False,graph_check,da75b497-7522-4871-8df9-173b6b7f0407,['THREATENS'],1,1,The biggest threat facing South Indian Bank is the execution-continuity risk created by having both a new CEO and a new chairman in the same year.,Relevant
"What credit, market, operational or regulatory risks is South Indian Bank exposed to?",False,graph_check,da75b497-7522-4871-8df9-173b6b7f0407,"['HURT_BY', 'REGULATED_BY', 'RegulatoryRelation', 'REGULATORY_RELATION', 'HAS_METRIC', 'MetricObservation', 'HAS_WEAKNESS', 'HAS_RISK_DRIVER', 'EXPOSED_TO']",20,1,"South Indian Bank is exposed to ordinary regulatory risk. The retrieved facts do not cover any additional credit, market, or operational risks.",Somewhat relevant
Who are South Indian Bank's main named competitors?,False,graph_check,da75b497-7522-4871-8df9-173b6b7f0407,['COMPETES_WITH'],1,1,The retrieved facts do not cover who South Indian Bank's main named competitors are.,Not relevant
"What is Karur Vysya Bank's primary competitive advantage, and how strong is the evidence behind that claim?",True,graph_check,05ce5ca5-7af6-45a7-aa25-28cc953d4c56,['HAS_ADVANTAGE'],0,5,The retrieved facts do not cover Karur Vysya Bank's primary competitive advantage or the strength of the evidence behind such a claim.,Not relevant
What is the key strength identified for Karur Vysya Bank in the current analysis?,False,graph_check,05ce5ca5-7af6-45a7-aa25-28cc953d4c56,['HAS_STRENGTH'],1,1,The key strength identified for Karur Vysya Bank is that it has the best asset-quality figures of any private bank in the document.,Relevant
What is the main weakness or vulnerability flagged for Karur Vysya Bank?,False,graph_check,05ce5ca5-7af6-45a7-aa25-28cc953d4c56,"['HAS_WEAKNESS', 'HAS_RISK_DRIVER', 'EXPOSED_TO']",5,5,"The main vulnerabilities flagged for Karur Vysya Bank include geographic concentration risk stemming from its Tamil Nadu-centric footprint and credit risk driven by MSME and agricultural-loan cyclicality. Additionally, the bank maintains the smallest total advances base among the larger private-bank peers reviewed, and its CASA ratio was not disclosed in the sources reviewed.",Relevant
What is the biggest threat facing Karur Vysya Bank according to the analysis?,True,graph_check,05ce5ca5-7af6-45a7-aa25-28cc953d4c56,['THREATENS'],0,5,The retrieved facts do not cover what the biggest threat facing Karur Vysya Bank is according to the analysis.,Not relevant
"What credit, market, operational or regulatory risks is Karur Vysya Bank exposed to?",False,graph_check,05ce5ca5-7af6-45a7-aa25-28cc953d4c56,"['HURT_BY', 'REGULATED_BY', 'RegulatoryRelation', 'REGULATORY_RELATION', 'HAS_METRIC', 'MetricObservation', 'HAS_WEAKNESS', 'HAS_RISK_DRIVER', 'EXPOSED_TO']",17,17,"Karur Vysya Bank is exposed to geographic concentration risk due to its Tamil Nadu-centric footprint, alongside credit risk stemming from MSME and agricultural-loan cyclicality. Additionally, the bank is regulated by both the RBI and SEBI.",Somewhat relevant
Who are Karur Vysya Bank's main named competitors?,True,graph_check,05ce5ca5-7af6-45a7-aa25-28cc953d4c56,['COMPETES_WITH'],0,5,The retrieved facts do not cover Karur Vysya Bank's main named competitors.,Not relevant
"What is City Union Bank's primary competitive advantage, and how strong is the evidence behind that claim?",True,graph_check,9a0d8f96-3447-4532-97ce-021f12253399,['HAS_ADVANTAGE'],0,4,The retrieved facts do not cover City Union Bank's primary competitive advantage or the strength of the evidence behind it.,Not relevant
What is the key strength identified for City Union Bank in the current analysis?,True,graph_check,9a0d8f96-3447-4532-97ce-021f12253399,['HAS_STRENGTH'],0,4,The retrieved facts do not cover the key strength identified for City Union Bank in the current analysis.,Not relevant
What is the main weakness or vulnerability flagged for City Union Bank?,False,graph_check,9a0d8f96-3447-4532-97ce-021f12253399,"['HAS_WEAKNESS', 'HAS_RISK_DRIVER', 'EXPOSED_TO']",1,1,"The main vulnerability flagged for City Union Bank is its geographic concentration, with roughly 59% of its branches located in Tamil Nadu.",Relevant
What is the biggest threat facing City Union Bank according to the analysis?,True,graph_check,9a0d8f96-3447-4532-97ce-021f12253399,['THREATENS'],0,4,The retrieved facts do not cover what the biggest threat facing City Union Bank is according to the analysis.,Not relevant
"What credit, market, operational or regulatory risks is City Union Bank exposed to?",False,graph_check,9a0d8f96-3447-4532-97ce-021f12253399,"['HURT_BY', 'REGULATED_BY', 'RegulatoryRelation', 'REGULATORY_RELATION', 'HAS_METRIC', 'MetricObservation', 'HAS_WEAKNESS', 'HAS_RISK_DRIVER', 'EXPOSED_TO']",20,20,"The retrieved facts do not cover the specific credit, market, operational, or regulatory risks City Union Bank is exposed to, aside from noting that its roughly 59% Tamil Nadu branch concentration is considered a clear weakness.",Somewhat relevant
Who are City Union Bank's main named competitors?,True,graph_check,9a0d8f96-3447-4532-97ce-021f12253399,['COMPETES_WITH'],0,4,The retrieved facts do not cover City Union Bank's main named competitors.,Not relevant
"What is DCB Bank's primary competitive advantage, and how strong is the evidence behind that claim?",True,graph_check,597741f2-edce-4910-b132-f04c2c375a72,['HAS_ADVANTAGE'],0,3,"The retrieved facts do not cover DCB Bank's primary competitive advantage or the strength of the evidence behind it, as they only describe the bank's universal banking license, headquarters, promoter, and retail- and SME-focused model built around granular secured lending.",Not relevant
What is the key strength identified for DCB Bank in the current analysis?,True,graph_check,597741f2-edce-4910-b132-f04c2c375a72,['HAS_STRENGTH'],0,3,The retrieved facts do not cover the key strength identified for DCB Bank in the current analysis.,Not relevant
What is the main weakness or vulnerability flagged for DCB Bank?,True,graph_check,597741f2-edce-4910-b132-f04c2c375a72,"['HAS_WEAKNESS', 'HAS_RISK_DRIVER', 'EXPOSED_TO']",0,3,The retrieved facts do not cover the main weakness or vulnerability flagged for DCB Bank.,Not relevant
What is the biggest threat facing DCB Bank according to the analysis?,True,graph_check,597741f2-edce-4910-b132-f04c2c375a72,['THREATENS'],0,3,The retrieved facts do not cover what the biggest threat facing DCB Bank is according to the analysis.,Not relevant
"What credit, market, operational or regulatory risks is DCB Bank exposed to?",False,graph_check,597741f2-edce-4910-b132-f04c2c375a72,"['HURT_BY', 'REGULATED_BY', 'RegulatoryRelation', 'REGULATORY_RELATION', 'HAS_METRIC', 'MetricObservation', 'HAS_WEAKNESS', 'HAS_RISK_DRIVER', 'EXPOSED_TO']",20,20,"The retrieved facts do not cover the specific credit, market, or operational risks DCB Bank is exposed to, though they note the bank is regulated by the RBI and SEBI.",Somewhat relevant
Who are DCB Bank's main named competitors?,True,graph_check,597741f2-edce-4910-b132-f04c2c375a72,['COMPETES_WITH'],0,3,The retrieved facts do not cover DCB Bank's main named competitors.,Not relevant
"What is Karnataka Bank's primary competitive advantage, and how strong is the evidence behind that claim?",True,graph_check,07f29a92-f862-45a7-856e-4d5fbe477a50,['HAS_ADVANTAGE'],0,3,The retrieved facts do not cover Karnataka Bank's primary competitive advantage or the strength of the evidence behind such a claim.,Not relevant
What is the key strength identified for Karnataka Bank in the current analysis?,True,graph_check,07f29a92-f862-45a7-856e-4d5fbe477a50,['HAS_STRENGTH'],0,3,The retrieved facts do not identify a specific key strength for Karnataka Bank.,Not relevant
What is the main weakness or vulnerability flagged for Karnataka Bank?,False,graph_check,07f29a92-f862-45a7-856e-4d5fbe477a50,"['HAS_WEAKNESS', 'HAS_RISK_DRIVER', 'EXPOSED_TO']",2,2,"Karnataka Bank is primarily vulnerable to credit risk, which is driven by its elevated Gross NPA (GNPA) and Net NPA (NNPA) levels relative to peers. Additionally, the bank faces operational risk stemming from its below-peer growth and returns.",Relevant
What is the biggest threat facing Karnataka Bank according to the analysis?,True,graph_check,07f29a92-f862-45a7-856e-4d5fbe477a50,['THREATENS'],0,3,The retrieved facts do not cover the biggest threat facing Karnataka Bank.,Not relevant
"What credit, market, operational or regulatory risks is Karnataka Bank exposed to?",False,graph_check,07f29a92-f862-45a7-856e-4d5fbe477a50,"['HURT_BY', 'REGULATED_BY', 'RegulatoryRelation', 'REGULATORY_RELATION', 'HAS_METRIC', 'MetricObservation', 'HAS_WEAKNESS', 'HAS_RISK_DRIVER', 'EXPOSED_TO']",9,9,"Karnataka Bank is exposed to credit risk due to its elevated Gross NPA of 2.58% and net NPA of 0.87% relative to peers, as well as operational risk stemming from its below-peer growth and returns, including a low sales growth of 7.43% over the past five years and a return on equity running roughly 10-11.6% over recent three-year periods. Additionally, the bank is regulated by both the RBI and SEBI.",Relevant
Who are Karnataka Bank's main named competitors?,True,graph_check,07f29a92-f862-45a7-856e-4d5fbe477a50,['COMPETES_WITH'],0,3,The retrieved facts do not cover Karnataka Bank's main named competitors.,Not relevant
"What is Tamilnad Mercantile Bank's primary competitive advantage, and how strong is the evidence behind that claim?",True,graph_check,5e168c27-0019-47a1-ab6e-3539eb1538f2,['HAS_ADVANTAGE'],0,4,The retrieved facts do not cover Tamilnad Mercantile Bank's primary competitive advantage or the strength of the evidence behind it.,Not relevant
What is the key strength identified for Tamilnad Mercantile Bank in the current analysis?,True,graph_check,5e168c27-0019-47a1-ab6e-3539eb1538f2,['HAS_STRENGTH'],0,4,The retrieved facts do not cover the key strength identified for Tamilnad Mercantile Bank in the current analysis.,Not relevant
What is the main weakness or vulnerability flagged for Tamilnad Mercantile Bank?,False,graph_check,5e168c27-0019-47a1-ab6e-3539eb1538f2,"['HAS_WEAKNESS', 'HAS_RISK_DRIVER', 'EXPOSED_TO']",2,2,"Tamilnad Mercantile Bank's main vulnerability is its heavy geographic concentration in Tamil Nadu and South India. Additionally, the bank faces a key risk driver stemming from gold-price volatility, which affects its collateral values.",Relevant
What is the biggest threat facing Tamilnad Mercantile Bank according to the analysis?,False,graph_check,5e168c27-0019-47a1-ab6e-3539eb1538f2,['THREATENS'],1,1,Competition from larger private banks and small finance banks in gold loans and MSME lending specifically threatens Tamilnad Mercantile Bank.,Relevant
"What credit, market, operational or regulatory risks is Tamilnad Mercantile Bank exposed to?",False,graph_check,5e168c27-0019-47a1-ab6e-3539eb1538f2,"['HURT_BY', 'REGULATED_BY', 'RegulatoryRelation', 'REGULATORY_RELATION', 'HAS_METRIC', 'MetricObservation', 'HAS_WEAKNESS', 'HAS_RISK_DRIVER', 'EXPOSED_TO']",11,11,"Tamilnad Mercantile Bank faces operational and market risks stemming from a heavy geographic concentration in Tamil Nadu and South India, as well as gold-price volatility that impacts its collateral values. Additionally, the bank is subject to regulatory oversight by the RBI and SEBI.",Relevant
Who are Tamilnad Mercantile Bank's main named competitors?,True,graph_check,5e168c27-0019-47a1-ab6e-3539eb1538f2,['COMPETES_WITH'],0,4,The retrieved facts do not cover Tamilnad Mercantile Bank's main named competitors.,Not relevant
"What is CSB Bank's primary competitive advantage, and how strong is the evidence behind that claim?",True,graph_check,4868e74b-b807-4521-b395-c576e4eda387,['HAS_ADVANTAGE'],0,3,The retrieved facts do not cover CSB Bank's primary competitive advantage or the strength of the evidence behind it.,Not relevant
What is the key strength identified for CSB Bank in the current analysis?,False,graph_check,4868e74b-b807-4521-b395-c576e4eda387,['HAS_STRENGTH'],1,1,"The key strength identified for CSB Bank is the strategic and financial backing it receives from Fairfax, which CRISIL characterizes as a commitment of support.",Relevant
What is the main weakness or vulnerability flagged for CSB Bank?,False,graph_check,4868e74b-b807-4521-b395-c576e4eda387,"['HAS_WEAKNESS', 'HAS_RISK_DRIVER', 'EXPOSED_TO']",4,4,"The main vulnerabilities flagged for CSB Bank include modest earnings, a limited non-gold loan track record, and a low 19% CASA ratio that results in a costlier deposit mix than its peers. Furthermore, the key risk driver for the bank centers on its asset-quality and earnings track record beyond traditional gold loans.",Relevant
What is the biggest threat facing CSB Bank according to the analysis?,False,graph_check,4868e74b-b807-4521-b395-c576e4eda387,['THREATENS'],1,1,"The biggest threat facing CSB Bank is its ongoing sensitivity to gold prices and gold-loan regulation, which stems from its historical loan book concentration.",Relevant
"What credit, market, operational or regulatory risks is CSB Bank exposed to?",False,graph_check,4868e74b-b807-4521-b395-c576e4eda387,"['HURT_BY', 'REGULATED_BY', 'RegulatoryRelation', 'REGULATORY_RELATION', 'HAS_METRIC', 'MetricObservation', 'HAS_WEAKNESS', 'HAS_RISK_DRIVER', 'EXPOSED_TO']",16,16,"CSB Bank faces key risks driven by its asset-quality and earnings track record beyond its traditional gold loans, along with weaknesses including modest earnings and a limited non-gold loan track record. Additionally, the bank is regulated by the RBI and SEBI.",Relevant
Who are CSB Bank's main named competitors?,False,graph_check,4868e74b-b807-4521-b395-c576e4eda387,['COMPETES_WITH'],1,1,"The retrieved facts do not cover CSB Bank's main named competitors, as they only mention that CSB Bank faces intense competition from Dhanlaxmi Bank.",Somewhat relevant
"What is Bandhan Bank's primary competitive advantage, and how strong is the evidence behind that claim?",True,graph_check,9bfe6b11-0376-4b74-ad31-0f1de9ab4e26,['HAS_ADVANTAGE'],0,1,The retrieved facts do not cover Bandhan Bank's primary competitive advantage or the strength of the evidence behind such a claim.,Not relevant
What is the key strength identified for Bandhan Bank in the current analysis?,False,graph_check,9bfe6b11-0376-4b74-ad31-0f1de9ab4e26,['HAS_STRENGTH'],1,1,"The key strength identified for Bandhan Bank in the current analysis is its established market position in the micro loan segment, as cited by CRISIL.",Relevant
What is the main weakness or vulnerability flagged for Bandhan Bank?,False,graph_check,9bfe6b11-0376-4b74-ad31-0f1de9ab4e26,"['HAS_WEAKNESS', 'HAS_RISK_DRIVER', 'EXPOSED_TO']",3,3,"CRISIL explicitly flags Bandhan Bank's geographic concentration in East and Northeast India as a key weakness in its rating rationale. Additionally, the bank is exposed to credit risk stemming from microfinance and Emerging Entrants Business (EEB) cyclicality.",Relevant
What is the biggest threat facing Bandhan Bank according to the analysis?,False,graph_check,9bfe6b11-0376-4b74-ad31-0f1de9ab4e26,['THREATENS'],1,1,The biggest threat facing Bandhan Bank is its vulnerability to microfinance-sector stress cycles.,Relevant
"What credit, market, operational or regulatory risks is Bandhan Bank exposed to?",False,graph_check,9bfe6b11-0376-4b74-ad31-0f1de9ab4e26,"['HURT_BY', 'REGULATED_BY', 'RegulatoryRelation', 'REGULATORY_RELATION', 'HAS_METRIC', 'MetricObservation', 'HAS_WEAKNESS', 'HAS_RISK_DRIVER', 'EXPOSED_TO']",14,14,"Bandhan Bank is exposed to credit risk arising from microfinance and emerging entrepreneurs business cyclicality, as well as geographic concentration risk in East and Northeast India. Additionally, the bank is subject to regulatory oversight and compliance requirements from both the RBI and SEBI.",Relevant
Who are Bandhan Bank's main named competitors?,True,graph_check,9bfe6b11-0376-4b74-ad31-0f1de9ab4e26,['COMPETES_WITH'],0,1,The retrieved facts do not cover Bandhan Bank's main named competitors.,Not relevant
"What is Jammu & Kashmir Bank's primary competitive advantage, and how strong is the evidence behind that claim?",False,graph_check,930d5dba-324f-4b48-8a80-c1685eab56ed,['HAS_ADVANTAGE'],2,2,"Jammu & Kashmir Bank's primary competitive advantage is its exclusive government-banker status, which functions as a structural advantage. The evidence behind this claim is that this exclusive role directly enables the bank to benefit from a low-cost and sticky deposit franchise.",Relevant
What is the key strength identified for Jammu & Kashmir Bank in the current analysis?,True,graph_check,930d5dba-324f-4b48-8a80-c1685eab56ed,['HAS_STRENGTH'],0,5,The retrieved facts do not mention the key strength identified for Jammu & Kashmir Bank in the current analysis.,Not relevant
What is the main weakness or vulnerability flagged for Jammu & Kashmir Bank?,False,graph_check,930d5dba-324f-4b48-8a80-c1685eab56ed,"['HAS_WEAKNESS', 'HAS_RISK_DRIVER', 'EXPOSED_TO']",2,2,"CARE Ratings flags the bank's geographic concentration in Jammu & Kashmir and Ladakh as a key vulnerability. Additionally, the rating agency notes a moderate scale of operations as another weakness for the bank.",Relevant
What is the biggest threat facing Jammu & Kashmir Bank according to the analysis?,False,graph_check,930d5dba-324f-4b48-8a80-c1685eab56ed,['THREATENS'],1,1,"The biggest threat facing Jammu & Kashmir Bank is its political and security exposure, which stems from its heavy regional concentration.",Relevant
"What credit, market, operational or regulatory risks is Jammu & Kashmir Bank exposed to?",False,graph_check,930d5dba-324f-4b48-8a80-c1685eab56ed,"['HURT_BY', 'REGULATED_BY', 'RegulatoryRelation', 'REGULATORY_RELATION', 'HAS_METRIC', 'MetricObservation', 'HAS_WEAKNESS', 'HAS_RISK_DRIVER', 'EXPOSED_TO']",11,11,"The retrieved facts do not cover the specific credit, market, operational, or regulatory risks Jammu & Kashmir Bank is exposed to, other than CARE Ratings highlighting geographic concentration in J&K and Ladakh and a moderate scale of operations as weaknesses.",Somewhat relevant
Who are Jammu & Kashmir Bank's main named competitors?,True,graph_check,930d5dba-324f-4b48-8a80-c1685eab56ed,['COMPETES_WITH'],0,5,The retrieved facts do not cover Jammu & Kashmir Bank's main named competitors.,Not relevant
"What is Dhanlaxmi Bank's primary competitive advantage, and how strong is the evidence behind that claim?",True,graph_check,a3a35fb3-1a4e-4623-bd0c-c07c91ae9e0c,['HAS_ADVANTAGE'],0,3,The retrieved facts do not cover Dhanlaxmi Bank's primary competitive advantage or the strength of the evidence behind such a claim.,Not relevant
What is the key strength identified for Dhanlaxmi Bank in the current analysis?,False,graph_check,a3a35fb3-1a4e-4623-bd0c-c07c91ae9e0c,['HAS_STRENGTH'],2,2,The key strengths identified for Dhanlaxmi Bank are its net profit doubling year-on-year and a sharp improvement in its gross NPA to 1.82% from 3.22% a year earlier.,Relevant
What is the main weakness or vulnerability flagged for Dhanlaxmi Bank?,False,graph_check,a3a35fb3-1a4e-4623-bd0c-c07c91ae9e0c,"['HAS_WEAKNESS', 'HAS_RISK_DRIVER', 'EXPOSED_TO']",3,3,"The clearest weakness flagged for Dhanlaxmi Bank is its small scale, consisting of only 264 branches. Additional vulnerabilities include a history of governance disputes and a near-sub-investment-grade rating as of March 24, 2026.",Relevant
What is the biggest threat facing Dhanlaxmi Bank according to the analysis?,True,graph_check,a3a35fb3-1a4e-4623-bd0c-c07c91ae9e0c,['THREATENS'],0,3,The retrieved facts do not cover the biggest threat facing Dhanlaxmi Bank.,Not relevant
"What credit, market, operational or regulatory risks is Dhanlaxmi Bank exposed to?",False,graph_check,a3a35fb3-1a4e-4623-bd0c-c07c91ae9e0c,"['HURT_BY', 'REGULATED_BY', 'RegulatoryRelation', 'REGULATORY_RELATION', 'HAS_METRIC', 'MetricObservation', 'HAS_WEAKNESS', 'HAS_RISK_DRIVER', 'EXPOSED_TO']",12,12,"The retrieved facts do not cover specific credit, market, or operational risks for Dhanlaxmi Bank, though they note that a key risk driver is its near-sub-investment-grade rating.",Somewhat relevant
Who are Dhanlaxmi Bank's main named competitors?,False,graph_check,a3a35fb3-1a4e-4623-bd0c-c07c91ae9e0c,['COMPETES_WITH'],3,3,"Dhanlaxmi Bank's main named competitors are CSB Bank, Federal Bank, and South Indian Bank.",Relevant
"What is IDBI Bank's primary competitive advantage, and how strong is the evidence behind that claim?",True,graph_check,ae5a64b2-a28a-4ef7-8a9e-101e3768ba16,['HAS_ADVANTAGE'],0,4,The retrieved facts do not cover IDBI Bank's primary competitive advantage or the strength of the evidence behind such a claim.,Not relevant
What is the key strength identified for IDBI Bank in the current analysis?,True,graph_check,ae5a64b2-a28a-4ef7-8a9e-101e3768ba16,['HAS_STRENGTH'],0,4,The retrieved facts do not cover the key strength identified for IDBI Bank in the current analysis.,Not relevant
What is the main weakness or vulnerability flagged for IDBI Bank?,False,graph_check,ae5a64b2-a28a-4ef7-8a9e-101e3768ba16,"['HAS_WEAKNESS', 'HAS_RISK_DRIVER', 'EXPOSED_TO']",2,2,The main weakness flagged for IDBI Bank is the ongoing strategic uncertainty and risk stemming from its multi-year disinvestment and ownership-transition process.,Relevant
What is the biggest threat facing IDBI Bank according to the analysis?,True,graph_check,ae5a64b2-a28a-4ef7-8a9e-101e3768ba16,['THREATENS'],0,4,The retrieved facts do not cover the biggest threat facing IDBI Bank.,Not relevant
"What credit, market, operational or regulatory risks is IDBI Bank exposed to?",False,graph_check,ae5a64b2-a28a-4ef7-8a9e-101e3768ba16,"['HURT_BY', 'REGULATED_BY', 'RegulatoryRelation', 'REGULATORY_RELATION', 'HAS_METRIC', 'MetricObservation', 'HAS_WEAKNESS', 'HAS_RISK_DRIVER', 'EXPOSED_TO']",13,13,"IDBI Bank's key risk driver is the ongoing uncertainty surrounding its disinvestment and ownership-transition process. The retrieved facts do not cover specific credit, market, or operational risks beyond this strategic uncertainty.",Somewhat relevant
Who are IDBI Bank's main named competitors?,True,graph_check,ae5a64b2-a28a-4ef7-8a9e-101e3768ba16,['COMPETES_WITH'],0,4,The retrieved facts do not cover IDBI Bank's main named competitors.,Not relevant
"What is AU Small Finance Bank's primary competitive advantage, and how strong is the evidence behind that claim?",True,graph_check,5eac19fe-2076-46b7-a761-6a12c2542113,['HAS_ADVANTAGE'],0,8,The retrieved facts do not cover AU Small Finance Bank's primary competitive advantage or the strength of the evidence behind such a claim.,Not relevant
What is the key strength identified for AU Small Finance Bank in the current analysis?,True,graph_check,5eac19fe-2076-46b7-a761-6a12c2542113,['HAS_STRENGTH'],0,8,The retrieved facts do not cover the key strength identified for AU Small Finance Bank in the current analysis.,Not relevant
What is the main weakness or vulnerability flagged for AU Small Finance Bank?,False,graph_check,5eac19fe-2076-46b7-a761-6a12c2542113,"['HAS_WEAKNESS', 'HAS_RISK_DRIVER', 'EXPOSED_TO']",1,1,The main vulnerability flagged for AU Small Finance Bank is stress within its unsecured or MFI-adjacent portfolio.,Relevant
What is the biggest threat facing AU Small Finance Bank according to the analysis?,True,graph_check,5eac19fe-2076-46b7-a761-6a12c2542113,['THREATENS'],0,8,The retrieved facts do not cover the biggest threat facing AU Small Finance Bank.,Not relevant
"What credit, market, operational or regulatory risks is AU Small Finance Bank exposed to?",False,graph_check,5eac19fe-2076-46b7-a761-6a12c2542113,"['HURT_BY', 'REGULATED_BY', 'RegulatoryRelation', 'REGULATORY_RELATION', 'HAS_METRIC', 'MetricObservation', 'HAS_WEAKNESS', 'HAS_RISK_DRIVER', 'EXPOSED_TO']",17,17,"The retrieved facts do not cover specific credit, market, or operational risks, but note that the key risk driver for AU Small Finance Bank is unsecured or MFI-adjacent portfolio stress.",Somewhat relevant
Who are AU Small Finance Bank's main named competitors?,False,graph_check,5eac19fe-2076-46b7-a761-6a12c2542113,['COMPETES_WITH'],1,1,The retrieved facts do not cover AU Small Finance Bank's main named competitors.,Not relevant
"What is Equitas Small Finance Bank's primary competitive advantage, and how strong is the evidence behind that claim?",True,graph_check,f6d9dd01-aa74-431c-a635-cc406184c407,['HAS_ADVANTAGE'],0,4,The retrieved facts do not cover Equitas Small Finance Bank's primary competitive advantage or the strength of the evidence behind such a claim.,Not relevant
What is the key strength identified for Equitas Small Finance Bank in the current analysis?,False,graph_check,f6d9dd01-aa74-431c-a635-cc406184c407,['HAS_STRENGTH'],1,1,"The key strength identified for Equitas Small Finance Bank in the current analysis is its diversified secured book, which limits microfinance concentration.",Relevant
What is the main weakness or vulnerability flagged for Equitas Small Finance Bank?,False,graph_check,f6d9dd01-aa74-431c-a635-cc406184c407,"['HAS_WEAKNESS', 'HAS_RISK_DRIVER', 'EXPOSED_TO']",3,3,"Equitas Small Finance Bank's main vulnerability is its elevated cost-to-income ratio of 68.38%. Additionally, the bank faces a key risk driven by a deposit growth of 10% year-on-year that trails its advances growth of 27%.",Relevant
What is the biggest threat facing Equitas Small Finance Bank according to the analysis?,False,graph_check,f6d9dd01-aa74-431c-a635-cc406184c407,['THREATENS'],1,1,"The biggest threat facing Equitas Small Finance Bank is the residual effect of the 2024-25 sector-wide microfinance stress cycle. This ongoing challenge is reflected in the bank's gross NPA, which stands at around 2.4%.",Relevant
"What credit, market, operational or regulatory risks is Equitas Small Finance Bank exposed to?",False,graph_check,f6d9dd01-aa74-431c-a635-cc406184c407,"['HURT_BY', 'REGULATED_BY', 'RegulatoryRelation', 'REGULATORY_RELATION', 'HAS_METRIC', 'MetricObservation', 'HAS_WEAKNESS', 'HAS_RISK_DRIVER', 'EXPOSED_TO']",17,17,"Equitas Small Finance Bank is exposed to credit risk, indicated by a gross NPA range of 2.36% to 2.42% and a net NPA range of 0.70% to 0.71% in Q1 FY27, as well as operational and strategic risk driven by a deposit growth lag where 10% year-on-year deposit growth trails its 27% advances growth. Additionally, the bank is subject to regulatory oversight by both the RBI and SEBI while operating under a small-finance-bank license.",Relevant
Who are Equitas Small Finance Bank's main named competitors?,True,graph_check,f6d9dd01-aa74-431c-a635-cc406184c407,['COMPETES_WITH'],0,4,The retrieved facts do not cover Equitas Small Finance Bank's main named competitors.,Not relevant
"What is Ujjivan Small Finance Bank's primary competitive advantage, and how strong is the evidence behind that claim?",True,graph_check,b6c093cb-78d7-475e-a215-2be544a59fa9,['HAS_ADVANTAGE'],0,3,The retrieved facts do not cover Ujjivan Small Finance Bank's primary competitive advantage or the strength of the evidence behind such a claim.,Not relevant
What is the key strength identified for Ujjivan Small Finance Bank in the current analysis?,True,graph_check,b6c093cb-78d7-475e-a215-2be544a59fa9,['HAS_STRENGTH'],0,3,The retrieved facts do not cover the key strength identified for Ujjivan Small Finance Bank in the current analysis.,Not relevant
What is the main weakness or vulnerability flagged for Ujjivan Small Finance Bank?,False,graph_check,b6c093cb-78d7-475e-a215-2be544a59fa9,"['HAS_WEAKNESS', 'HAS_RISK_DRIVER', 'EXPOSED_TO']",1,1,"The clearest weakness flagged for Ujjivan Small Finance Bank is its sudden, health-related CEO transition.",Relevant
What is the biggest threat facing Ujjivan Small Finance Bank according to the analysis?,False,graph_check,b6c093cb-78d7-475e-a215-2be544a59fa9,['THREATENS'],1,1,Sector-wide over-leverage stress remains the biggest threat to Ujjivan Small Finance Bank's residual microbanking exposure.,Relevant
"What credit, market, operational or regulatory risks is Ujjivan Small Finance Bank exposed to?",False,graph_check,b6c093cb-78d7-475e-a215-2be544a59fa9,"['HURT_BY', 'REGULATED_BY', 'RegulatoryRelation', 'REGULATORY_RELATION', 'HAS_METRIC', 'MetricObservation', 'HAS_WEAKNESS', 'HAS_RISK_DRIVER', 'EXPOSED_TO']",12,12,"Ujjivan Small Finance Bank is subject to regulatory oversight by the RBI and SEBI. The retrieved facts do not cover specific credit, market, or operational risks beyond noting a sudden, health-related CEO transition as its clearest weakness.",Somewhat relevant
Who are Ujjivan Small Finance Bank's main named competitors?,True,graph_check,b6c093cb-78d7-475e-a215-2be544a59fa9,['COMPETES_WITH'],0,3,The retrieved facts do not mention the main named competitors of Ujjivan Small Finance Bank.,Not relevant
"What is ESAF Small Finance Bank's primary competitive advantage, and how strong is the evidence behind that claim?",True,graph_check,13f4e153-ac1b-44a0-aaf2-82e76f19db97,['HAS_ADVANTAGE'],0,4,The retrieved facts do not cover ESAF Small Finance Bank's primary competitive advantage or the strength of the evidence behind such a claim.,Not relevant
What is the key strength identified for ESAF Small Finance Bank in the current analysis?,True,graph_check,13f4e153-ac1b-44a0-aaf2-82e76f19db97,['HAS_STRENGTH'],0,4,The retrieved facts do not cover the key strength identified for ESAF Small Finance Bank in the current analysis.,Not relevant
What is the main weakness or vulnerability flagged for ESAF Small Finance Bank?,True,graph_check,13f4e153-ac1b-44a0-aaf2-82e76f19db97,"['HAS_WEAKNESS', 'HAS_RISK_DRIVER', 'EXPOSED_TO']",0,4,The retrieved facts do not cover the main weakness or vulnerability flagged for ESAF Small Finance Bank.,Not relevant
What is the biggest threat facing ESAF Small Finance Bank according to the analysis?,True,graph_check,13f4e153-ac1b-44a0-aaf2-82e76f19db97,['THREATENS'],0,4,The retrieved facts do not cover what the biggest threat facing ESAF Small Finance Bank is.,Not relevant
"What credit, market, operational or regulatory risks is ESAF Small Finance Bank exposed to?",False,graph_check,13f4e153-ac1b-44a0-aaf2-82e76f19db97,"['HURT_BY', 'REGULATED_BY', 'RegulatoryRelation', 'REGULATORY_RELATION', 'HAS_METRIC', 'MetricObservation', 'HAS_WEAKNESS', 'HAS_RISK_DRIVER', 'EXPOSED_TO']",14,14,"ESAF Small Finance Bank is exposed to regulatory oversight as it is regulated by both the RBI and SEBI, remaining subject to RBI's microfinance and household-indebtedness guidelines. The provided facts do not cover market or operational risks, nor specific credit risks beyond noting portfolio clean-up efforts and a gross NPA of 5.40% in Q1 FY27.",Somewhat relevant
Who are ESAF Small Finance Bank's main named competitors?,False,graph_check,13f4e153-ac1b-44a0-aaf2-82e76f19db97,['COMPETES_WITH'],1,1,AU Small Finance Bank is a named peer competitor to ESAF Small Finance Bank.,Somewhat relevant
"What is Utkarsh Small Finance Bank's primary competitive advantage, and how strong is the evidence behind that claim?",True,graph_check,3a06b31f-38ae-4276-b2c6-93e15d8bfabf,['HAS_ADVANTAGE'],0,4,The retrieved facts do not cover Utkarsh Small Finance Bank's primary competitive advantage or the strength of the evidence behind it.,Not relevant
What is the key strength identified for Utkarsh Small Finance Bank in the current analysis?,True,graph_check,3a06b31f-38ae-4276-b2c6-93e15d8bfabf,['HAS_STRENGTH'],0,4,The retrieved facts do not cover the key strength identified for Utkarsh Small Finance Bank in the current analysis.,Not relevant
What is the main weakness or vulnerability flagged for Utkarsh Small Finance Bank?,False,graph_check,3a06b31f-38ae-4276-b2c6-93e15d8bfabf,"['HAS_WEAKNESS', 'HAS_RISK_DRIVER', 'EXPOSED_TO']",3,3,"Utkarsh Small Finance Bank is exposed to significant credit risk driven by high gross and net NPA figures, alongside regulatory risk stemming from a negative rating outlook. Additionally, the bank faces concentration and governance risks resulting from the substantial recent dilution of its promoter.",Relevant
What is the biggest threat facing Utkarsh Small Finance Bank according to the analysis?,True,graph_check,3a06b31f-38ae-4276-b2c6-93e15d8bfabf,['THREATENS'],0,4,The retrieved facts do not cover the biggest threat facing Utkarsh Small Finance Bank.,Not relevant
"What credit, market, operational or regulatory risks is Utkarsh Small Finance Bank exposed to?",False,graph_check,3a06b31f-38ae-4276-b2c6-93e15d8bfabf,"['HURT_BY', 'REGULATED_BY', 'RegulatoryRelation', 'REGULATORY_RELATION', 'HAS_METRIC', 'MetricObservation', 'HAS_WEAKNESS', 'HAS_RISK_DRIVER', 'EXPOSED_TO']",14,1,Utkarsh Small Finance Bank is exposed to regulatory risk specifically due to the negative rating outlook it has received.,Somewhat relevant
Who are Utkarsh Small Finance Bank's main named competitors?,True,graph_check,3a06b31f-38ae-4276-b2c6-93e15d8bfabf,['COMPETES_WITH'],0,4,The retrieved facts do not cover Utkarsh Small Finance Bank's main named competitors.,Not relevant
"What is Suryoday Small Finance Bank's primary competitive advantage, and how strong is the evidence behind that claim?",True,graph_check,462386a3-7982-4909-9a6f-2a2cbbd09377,['HAS_ADVANTAGE'],0,4,The retrieved facts do not cover Suryoday Small Finance Bank's primary competitive advantage or the strength of the evidence behind such a claim.,Not relevant
What is the key strength identified for Suryoday Small Finance Bank in the current analysis?,True,graph_check,462386a3-7982-4909-9a6f-2a2cbbd09377,['HAS_STRENGTH'],0,4,The retrieved facts do not cover the key strength identified for Suryoday Small Finance Bank.,Not relevant
What is the main weakness or vulnerability flagged for Suryoday Small Finance Bank?,True,graph_check,462386a3-7982-4909-9a6f-2a2cbbd09377,"['HAS_WEAKNESS', 'HAS_RISK_DRIVER', 'EXPOSED_TO']",0,4,The retrieved facts do not cover the main weakness or vulnerability flagged for Suryoday Small Finance Bank.,Not relevant
What is the biggest threat facing Suryoday Small Finance Bank according to the analysis?,True,graph_check,462386a3-7982-4909-9a6f-2a2cbbd09377,['THREATENS'],0,4,The retrieved facts do not cover what the biggest threat facing Suryoday Small Finance Bank is.,Not relevant
"What credit, market, operational or regulatory risks is Suryoday Small Finance Bank exposed to?",False,graph_check,462386a3-7982-4909-9a6f-2a2cbbd09377,"['HURT_BY', 'REGULATED_BY', 'RegulatoryRelation', 'REGULATORY_RELATION', 'HAS_METRIC', 'MetricObservation', 'HAS_WEAKNESS', 'HAS_RISK_DRIVER', 'EXPOSED_TO']",10,10,"The retrieved facts do not cover the specific credit, market, or operational risks to which Suryoday Small Finance Bank is exposed, though they note that the bank is regulated by the RBI and SEBI.",Somewhat relevant
Who are Suryoday Small Finance Bank's main named competitors?,True,graph_check,462386a3-7982-4909-9a6f-2a2cbbd09377,['COMPETES_WITH'],0,4,The retrieved facts do not cover Suryoday Small Finance Bank's main named competitors.,Not relevant
"What is Jana Small Finance Bank's primary competitive advantage, and how strong is the evidence behind that claim?",True,graph_check,611bbf07-0b28-4249-b871-20b5e994c196,['HAS_ADVANTAGE'],0,4,The retrieved facts do not cover Jana Small Finance Bank's primary competitive advantage or the strength of the evidence behind such a claim.,Not relevant
What is the key strength identified for Jana Small Finance Bank in the current analysis?,True,graph_check,611bbf07-0b28-4249-b871-20b5e994c196,['HAS_STRENGTH'],0,4,The retrieved facts do not cover the key strength identified for Jana Small Finance Bank in the current analysis.,Not relevant
What is the main weakness or vulnerability flagged for Jana Small Finance Bank?,True,graph_check,611bbf07-0b28-4249-b871-20b5e994c196,"['HAS_WEAKNESS', 'HAS_RISK_DRIVER', 'EXPOSED_TO']",0,4,The retrieved facts do not cover the main weakness or vulnerability flagged for Jana Small Finance Bank.,Not relevant
What is the biggest threat facing Jana Small Finance Bank according to the analysis?,False,graph_check,611bbf07-0b28-4249-b871-20b5e994c196,['THREATENS'],1,1,"The biggest threat facing Jana Small Finance Bank is the continued dilution of the promoter's holding, which poses a risk to the bank's governance and ownership stability.",Relevant
"What credit, market, operational or regulatory risks is Jana Small Finance Bank exposed to?",False,graph_check,611bbf07-0b28-4249-b871-20b5e994c196,"['HURT_BY', 'REGULATED_BY', 'RegulatoryRelation', 'REGULATORY_RELATION', 'HAS_METRIC', 'MetricObservation', 'HAS_WEAKNESS', 'HAS_RISK_DRIVER', 'EXPOSED_TO']",11,11,"The retrieved facts do not cover the specific credit, market, operational, or regulatory risks Jana Small Finance Bank is exposed to. However, the facts do note that the bank is regulated by the RBI and the SEBI, and recorded a gross NPA of 2.39% and a net NPA of 0.91% in Q1 FY27.",Somewhat relevant
Who are Jana Small Finance Bank's main named competitors?,True,graph_check,611bbf07-0b28-4249-b871-20b5e994c196,['COMPETES_WITH'],0,4,The retrieved facts do not cover the main named competitors of Jana Small Finance Bank.,Not relevant
"Compare the gross NPA ratio of HDFC Bank and ICICI Bank. Which is stronger, and by how much?",False,graph_check,fc5ecc71-2b19-4aa7-9a58-348aab4f89eb,"['HAS_METRIC', 'MetricObservation']",13,23,"HDFC Bank reported a headline gross NPA ratio of 1.17% in Q1 FY27, while ICICI Bank reported a gross NPA of 1.38%. HDFC Bank is stronger by 0.21 percentage points, as a lower gross NPA ratio indicates better asset quality.",Relevant
"Compare the return on equity of HDFC Bank and ICICI Bank. Which is stronger, and by how much?",False,graph_check,fc5ecc71-2b19-4aa7-9a58-348aab4f89eb,"['HAS_METRIC', 'MetricObservation']",13,23,"HDFC Bank reported a return on equity of 13.8% in Q1 FY27, while ICICI Bank reported a return on equity of 11.90% for the same period. HDFC Bank is stronger by 1.90 percentage points.",Relevant
"Compare the CASA ratio of HDFC Bank and ICICI Bank. Which is stronger, and by how much?",False,graph_check,fc5ecc71-2b19-4aa7-9a58-348aab4f89eb,"['HAS_METRIC', 'MetricObservation']",13,23,"In Q1 FY27, HDFC Bank reported a CASA ratio of 32%, whereas ICICI Bank recorded an average CASA ratio of 38.1%. Consequently, ICICI Bank is stronger in this metric by 6.1 percentage points.",Relevant
"Compare the net interest margin of HDFC Bank and ICICI Bank. Which is stronger, and by how much?",False,graph_check,fc5ecc71-2b19-4aa7-9a58-348aab4f89eb,"['HAS_METRIC', 'MetricObservation']",13,23,"The retrieved facts do not cover the net interest margin for ICICI Bank, as it only mentions a currently strong net interest margin of 4.36% without a specific time period, while HDFC Bank's net interest margin compressed to 3.26% in Q1 FY27. Therefore, a direct comparison between the two banks for the same period cannot be made using the available data.",Somewhat relevant
"Compare the gross NPA ratio of HDFC Bank and Axis Bank. Which is stronger, and by how much?",False,graph_check,fc5ecc71-2b19-4aa7-9a58-348aab4f89eb,"['HAS_METRIC', 'MetricObservation']",13,25,"HDFC Bank reported a gross NPA ratio of 1.17%, while Axis Bank reported a gross NPA ratio of 1.28%. HDFC Bank is stronger by 0.11 percentage points, as a lower gross NPA ratio indicates better asset quality.",Relevant
"Compare the return on equity of HDFC Bank and Axis Bank. Which is stronger, and by how much?",False,graph_check,fc5ecc71-2b19-4aa7-9a58-348aab4f89eb,"['HAS_METRIC', 'MetricObservation']",13,25,"Axis Bank recorded a return on equity of 14.16%, while HDFC Bank sustained a return on equity of 13.8% in Q1 FY27. Therefore, Axis Bank is stronger by 0.36 percentage points.",Relevant
"Compare the CASA ratio of HDFC Bank and Axis Bank. Which is stronger, and by how much?",False,graph_check,fc5ecc71-2b19-4aa7-9a58-348aab4f89eb,"['HAS_METRIC', 'MetricObservation']",13,25,"In Q1 FY27, Axis Bank reported a CASA ratio of 38%, while HDFC Bank recorded a CASA ratio of 32%, making Axis Bank stronger by 6 percentage points.",Relevant
"Compare the net interest margin of HDFC Bank and Axis Bank. Which is stronger, and by how much?",False,graph_check,fc5ecc71-2b19-4aa7-9a58-348aab4f89eb,"['HAS_METRIC', 'MetricObservation']",13,25,"The retrieved facts do not cover the net interest margin for Axis Bank, as they only state that Axis Bank monitors its net interest margin without providing the specific figure. Consequently, a comparison of the net interest margin between HDFC Bank and Axis Bank cannot be made using the available data.",Not relevant
"Compare the gross NPA ratio of ICICI Bank and Axis Bank. Which is stronger, and by how much?",False,graph_check,02db780d-0076-4d28-8fb6-d6d5dd1ded13,"['HAS_METRIC', 'MetricObservation']",10,22,"ICICI Bank reported a gross NPA of 1.38%, while Axis Bank reported a gross NPA of 1.28%. Axis Bank is stronger in this metric by 0.10 percentage points, as a lower gross NPA ratio indicates better asset quality.",Relevant
"Compare the return on equity of ICICI Bank and Axis Bank. Which is stronger, and by how much?",False,graph_check,02db780d-0076-4d28-8fb6-d6d5dd1ded13,"['HAS_METRIC', 'MetricObservation']",10,22,"Axis Bank has the stronger return on equity at 14.16% compared to ICICI Bank's 11.90%, making it stronger by 2.26 percentage points.",Relevant
"Compare the CASA ratio of ICICI Bank and Axis Bank. Which is stronger, and by how much?",False,graph_check,02db780d-0076-4d28-8fb6-d6d5dd1ded13,"['HAS_METRIC', 'MetricObservation']",10,22,"ICICI Bank's average CASA ratio for Q1 FY27 was 38.1%, while Axis Bank's CASA ratio for the same period was 38%. Consequently, ICICI Bank is stronger by 0.1 percentage points.",Relevant
"Compare the net interest margin of ICICI Bank and Axis Bank. Which is stronger, and by how much?",False,graph_check,02db780d-0076-4d28-8fb6-d6d5dd1ded13,"['HAS_METRIC', 'MetricObservation']",10,22,"The retrieved facts do not cover the net interest margin for Axis Bank, so a complete comparison of the net interest margin cannot be made using the provided information, although ICICI Bank maintains a net interest margin of 4.36%.",Somewhat relevant
"Compare the gross NPA ratio of ICICI Bank and Kotak Mahindra Bank. Which is stronger, and by how much?",False,graph_check,02db780d-0076-4d28-8fb6-d6d5dd1ded13,"['HAS_METRIC', 'MetricObservation']",10,27,"ICICI Bank reported a gross NPA of 1.38%, while Kotak Mahindra Bank posted a gross NPA of 1.18%. Kotak Mahindra Bank is stronger by 0.20 percentage points, having a lower gross non-performing asset ratio.",Relevant
"Compare the return on equity of ICICI Bank and Kotak Mahindra Bank. Which is stronger, and by how much?",False,graph_check,02db780d-0076-4d28-8fb6-d6d5dd1ded13,"['HAS_METRIC', 'MetricObservation']",10,27,"Kotak Mahindra Bank reported a Q1 FY27 return on equity of 11.98%, which is slightly stronger than ICICI Bank's return on equity of 11.90% by 0.08 percentage points.",Relevant
"Compare the CASA ratio of ICICI Bank and Kotak Mahindra Bank. Which is stronger, and by how much?",False,graph_check,02db780d-0076-4d28-8fb6-d6d5dd1ded13,"['HAS_METRIC', 'MetricObservation']",10,27,"For Q1 FY27, ICICI Bank recorded an average CASA ratio of 38.1%, while Kotak Mahindra Bank achieved a CASA ratio of 40.30%. Consequently, Kotak Mahindra Bank is stronger by 2.20 percentage points.",Relevant
"Compare the net interest margin of ICICI Bank and Kotak Mahindra Bank. Which is stronger, and by how much?",False,graph_check,02db780d-0076-4d28-8fb6-d6d5dd1ded13,"['HAS_METRIC', 'MetricObservation']",10,27,"Kotak Mahindra Bank's net interest margin is 4.53%, while ICICI Bank's net interest margin is 4.36%. Kotak Mahindra Bank is stronger by 0.17 percentage points.",Relevant
"Compare the gross NPA ratio of HDFC Bank and Kotak Mahindra Bank. Which is stronger, and by how much?",False,graph_check,fc5ecc71-2b19-4aa7-9a58-348aab4f89eb,"['HAS_METRIC', 'MetricObservation']",13,30,"In Q1 FY27, HDFC Bank reported a headline gross NPA ratio of 1.17% compared to 1.18% for Kotak Mahindra Bank. HDFC Bank is stronger by 0.01 percentage points, having a slightly lower gross non-performing asset ratio.",Relevant
"Compare the return on equity of HDFC Bank and Kotak Mahindra Bank. Which is stronger, and by how much?",False,graph_check,fc5ecc71-2b19-4aa7-9a58-348aab4f89eb,"['HAS_METRIC', 'MetricObservation']",13,30,"In Q1 FY27, HDFC Bank achieved a return on equity of 13.8%, whereas Kotak Mahindra Bank recorded a return on equity of 11.98%. Consequently, HDFC Bank's return on equity is stronger by 1.82 percentage points.",Relevant
"Compare the CASA ratio of HDFC Bank and Kotak Mahindra Bank. Which is stronger, and by how much?",False,graph_check,fc5ecc71-2b19-4aa7-9a58-348aab4f89eb,"['HAS_METRIC', 'MetricObservation']",13,30,"In Q1 FY27, HDFC Bank reported a CASA ratio of 32%, whereas Kotak Mahindra Bank recorded a stronger CASA ratio of 40.30%, making Kotak Mahindra Bank stronger by 8.30 percentage points.",Relevant
"Compare the net interest margin of HDFC Bank and Kotak Mahindra Bank. Which is stronger, and by how much?",False,graph_check,fc5ecc71-2b19-4aa7-9a58-348aab4f89eb,"['HAS_METRIC', 'MetricObservation']",13,30,"The retrieved facts do not cover the net interest margin for Kotak Mahindra Bank, as the available data only notes that its margin fell amid competitive pricing without providing a specific numerical figure. Consequently, a direct comparison of the net interest margin between HDFC Bank, which reported a margin of 3.26% in Q1 FY27, and Kotak Mahindra Bank cannot be made using the provided facts.",Somewhat relevant
"Compare the gross NPA ratio of State Bank of India and HDFC Bank. Which is stronger, and by how much?",False,graph_check,a512c753-67dc-4353-9004-6e74f5b5d709,"['HAS_METRIC', 'MetricObservation']",12,25,"State Bank of India recorded a gross NPA ratio of 1.47% in the June 2026 quarter, while HDFC Bank reported a headline gross NPA of 1.17% in Q1 FY27. Therefore, HDFC Bank is stronger by 0.30 percentage points in terms of gross asset quality.",Relevant
"Compare the return on equity of State Bank of India and HDFC Bank. Which is stronger, and by how much?",False,graph_check,a512c753-67dc-4353-9004-6e74f5b5d709,"['HAS_METRIC', 'MetricObservation']",12,25,"State Bank of India reported a return on equity of 17.87% in the June 2026 quarter, while HDFC Bank sustained a return on equity of 13.8% in Q1 FY27. State Bank of India is stronger by 4.07 percentage points.",Relevant
"Compare the CASA ratio of State Bank of India and HDFC Bank. Which is stronger, and by how much?",False,graph_check,a512c753-67dc-4353-9004-6e74f5b5d709,"['HAS_METRIC', 'MetricObservation']",12,25,"State Bank of India recorded a CASA ratio of 39.24% in the June 2026 quarter, while HDFC Bank reported a CASA ratio of 32% in Q1 FY27. State Bank of India is stronger in this metric by 7.24 percentage points.",Relevant
"Compare the net interest margin of State Bank of India and HDFC Bank. Which is stronger, and by how much?",False,graph_check,a512c753-67dc-4353-9004-6e74f5b5d709,"['HAS_METRIC', 'MetricObservation']",12,25,"The retrieved facts do not cover the net interest margin for HDFC Bank, as they only provide a domestic net interest margin of 3.00% for State Bank of India. Therefore, a complete comparison of the net interest margin cannot be made using the provided data.",Somewhat relevant
"Compare the gross NPA ratio of State Bank of India and Bank of Baroda. Which is stronger, and by how much?",False,graph_check,a512c753-67dc-4353-9004-6e74f5b5d709,"['HAS_METRIC', 'MetricObservation']",12,27,"State Bank of India recorded a gross NPA ratio of 1.47% in the June 2026 quarter, while Bank of Baroda reported a gross NPA of 1.99% in Q1 FY27. State Bank of India is stronger by 0.52 percentage points, as a lower gross NPA ratio indicates better asset quality.",Relevant
"Compare the return on equity of State Bank of India and Bank of Baroda. Which is stronger, and by how much?",False,graph_check,a512c753-67dc-4353-9004-6e74f5b5d709,"['HAS_METRIC', 'MetricObservation']",12,27,"State Bank of India reported a return on equity of 17.87% in the June 2026 quarter, while Bank of Baroda recorded a return on equity of 3.89% in Q1 FY27. Therefore, State Bank of India is stronger by 13.98 percentage points.",Relevant
"Compare the CASA ratio of State Bank of India and Bank of Baroda. Which is stronger, and by how much?",False,graph_check,a512c753-67dc-4353-9004-6e74f5b5d709,"['HAS_METRIC', 'MetricObservation']",12,27,"State Bank of India recorded a CASA ratio of 39.24% in the June 2026 quarter, while Bank of Baroda recorded a Q1 FY27 CASA ratio of 37.72%. State Bank of India is stronger by 1.52 percentage points.",Relevant
"Compare the net interest margin of State Bank of India and Bank of Baroda. Which is stronger, and by how much?",False,graph_check,a512c753-67dc-4353-9004-6e74f5b5d709,"['HAS_METRIC', 'MetricObservation']",12,27,"The retrieved facts do not cover the net interest margin for Bank of Baroda on a directly comparable basis to State Bank of India's stated 3.00% domestic figure, as Bank of Baroda's metrics are reported as 2.77% globally and 2.93% domestically in Q1 FY27. Therefore, a precise comparison cannot be made using the available data.",Somewhat relevant
"Compare the gross NPA ratio of State Bank of India and Punjab National Bank. Which is stronger, and by how much?",False,graph_check,a512c753-67dc-4353-9004-6e74f5b5d709,"['HAS_METRIC', 'MetricObservation']",12,25,"State Bank of India recorded a gross NPA ratio of 1.47% in the June 2026 quarter, while Punjab National Bank recorded a gross NPA of 2.78%. State Bank of India is stronger in this metric by 1.31 percentage points.",Relevant
"Compare the return on equity of State Bank of India and Punjab National Bank. Which is stronger, and by how much?",False,graph_check,a512c753-67dc-4353-9004-6e74f5b5d709,"['HAS_METRIC', 'MetricObservation']",12,25,"State Bank of India reported a return on equity of 17.87%, while Punjab National Bank reported an annualized return on equity of 17.33%. State Bank of India is stronger by 0.54 percentage points.",Relevant
"Compare the CASA ratio of State Bank of India and Punjab National Bank. Which is stronger, and by how much?",False,graph_check,a512c753-67dc-4353-9004-6e74f5b5d709,"['HAS_METRIC', 'MetricObservation']",12,25,"In the June 2026 quarter, State Bank of India recorded a CASA ratio of 39.24%, while Punjab National Bank reported a CASA ratio of 36.7%. Therefore, State Bank of India is stronger by 2.54 percentage points.",Relevant
"Compare the net interest margin of State Bank of India and Punjab National Bank. Which is stronger, and by how much?",False,graph_check,a512c753-67dc-4353-9004-6e74f5b5d709,"['HAS_METRIC', 'MetricObservation']",12,25,"State Bank of India has a domestic net interest margin of 3.00%, whereas Punjab National Bank recorded a global net interest margin of 2.50% and a domestic net interest margin of 2.64%. State Bank of India is stronger in this metric by 0.36 percentage points on a domestic basis.",Relevant
"Compare the gross NPA ratio of Bank of Baroda and Canara Bank. Which is stronger, and by how much?",False,graph_check,2254cee1-6db0-4b96-9471-a6a45a3f6b64,"['HAS_METRIC', 'MetricObservation']",15,28,"In Q1 FY27, Bank of Baroda reported a gross NPA ratio of 1.99%, while Canara Bank recorded a gross NPA of 1.57%. Canara Bank is stronger in asset quality, holding a lower gross NPA ratio by 0.42 percentage points.",Relevant
"Compare the return on equity of Bank of Baroda and Canara Bank. Which is stronger, and by how much?",False,graph_check,2254cee1-6db0-4b96-9471-a6a45a3f6b64,"['HAS_METRIC', 'MetricObservation']",15,28,"Canara Bank recorded a return on equity of 18.31% in Q1 FY27, while Bank of Baroda reported a return on equity of 3.89% for the same period. Canara Bank is stronger by 14.42 percentage points.",Relevant
"Compare the CASA ratio of Bank of Baroda and Canara Bank. Which is stronger, and by how much?",False,graph_check,2254cee1-6db0-4b96-9471-a6a45a3f6b64,"['HAS_METRIC', 'MetricObservation']",15,28,"Bank of Baroda recorded a Q1 FY27 CASA ratio of 37.72%, while Canara Bank reported a CASA ratio of 29.70% for the same period. Therefore, Bank of Baroda is stronger in this metric by 8.02 percentage points.",Relevant
"Compare the net interest margin of Bank of Baroda and Canara Bank. Which is stronger, and by how much?",False,graph_check,2254cee1-6db0-4b96-9471-a6a45a3f6b64,"['HAS_METRIC', 'MetricObservation']",15,28,"The retrieved facts do not cover the net interest margin for Canara Bank, so a comparison with Bank of Baroda's global net interest margin of 2.77% and domestic net interest margin of 2.93% in Q1 FY27 cannot be made.",Not relevant
"Compare the gross NPA ratio of Bank of Baroda and Punjab National Bank. Which is stronger, and by how much?",False,graph_check,2254cee1-6db0-4b96-9471-a6a45a3f6b64,"['HAS_METRIC', 'MetricObservation']",15,28,"In Q1 FY27, Bank of Baroda reported a gross NPA ratio of 1.99%, while Punjab National Bank recorded a gross NPA of 2.78%. Bank of Baroda is stronger on this metric by 0.79 percentage points, having a lower ratio of non-performing assets.",Relevant
"Compare the return on equity of Bank of Baroda and Punjab National Bank. Which is stronger, and by how much?",False,graph_check,2254cee1-6db0-4b96-9471-a6a45a3f6b64,"['HAS_METRIC', 'MetricObservation']",15,28,"In Q1 FY27, Bank of Baroda recorded a return on equity of 3.89%, while Punjab National Bank reported an annualized return on equity of 17.33%. Punjab National Bank is stronger by 13.44 percentage points.",Relevant
"Compare the CASA ratio of Bank of Baroda and Punjab National Bank. Which is stronger, and by how much?",False,graph_check,2254cee1-6db0-4b96-9471-a6a45a3f6b64,"['HAS_METRIC', 'MetricObservation']",15,28,"Bank of Baroda recorded a Q1 FY27 CASA ratio of 37.72%, while Punjab National Bank reported a CASA ratio of 36.7%. Bank of Baroda is stronger on this metric by 1.02 percentage points.",Relevant
"Compare the net interest margin of Bank of Baroda and Punjab National Bank. Which is stronger, and by how much?",False,graph_check,2254cee1-6db0-4b96-9471-a6a45a3f6b64,"['HAS_METRIC', 'MetricObservation']",15,28,"The retrieved facts do not cover the net interest margin for either Bank of Baroda or Punjab National Bank. Therefore, a comparison of their net interest margins cannot be made using the available data.",Not relevant
"Compare the gross NPA ratio of Canara Bank and Union Bank of India. Which is stronger, and by how much?",False,graph_check,a436d155-4c3f-46b9-ba63-736f6abcd1cf,"['HAS_METRIC', 'MetricObservation']",13,27,"Canara Bank reported a gross NPA ratio of 1.57% in Q1 FY27, while Union Bank of India reported a gross NPA ratio of 2.65%. Canara Bank is stronger by 1.08 percentage points, as a lower gross NPA ratio indicates better asset quality.",Relevant
"Compare the return on equity of Canara Bank and Union Bank of India. Which is stronger, and by how much?",False,graph_check,a436d155-4c3f-46b9-ba63-736f6abcd1cf,"['HAS_METRIC', 'MetricObservation']",13,27,"Canara Bank reported a return on equity of 18.31% in Q1 FY27, whereas the retrieved facts do not provide a specific return on equity figure for Union Bank of India. Therefore, a complete numerical comparison between the two banks cannot be made based on the available data.",Somewhat relevant
"Compare the CASA ratio of Canara Bank and Union Bank of India. Which is stronger, and by how much?",False,graph_check,a436d155-4c3f-46b9-ba63-736f6abcd1cf,"['HAS_METRIC', 'MetricObservation']",13,27,"Canara Bank reported a CASA ratio of 29.70% in Q1 FY27, while the retrieved facts for Union Bank of India do not provide a comparable percentage figure for its CASA ratio. Therefore, a complete numerical comparison between the two banks on this specific metric cannot be made using the available data.",Somewhat relevant
"Compare the net interest margin of Canara Bank and Union Bank of India. Which is stronger, and by how much?",False,graph_check,a436d155-4c3f-46b9-ba63-736f6abcd1cf,"['HAS_METRIC', 'MetricObservation']",13,27,"The retrieved facts do not cover the net interest margin for Canara Bank, so a direct comparison of this specific metric cannot be made.",Not relevant
"Compare the gross NPA ratio of Union Bank of India and Bank of India. Which is stronger, and by how much?",False,graph_check,775db758-b4be-46f3-9c39-937b6fb14466,"['HAS_METRIC', 'MetricObservation']",14,26,"Union Bank of India reported a gross NPA ratio of 2.65%, whereas Bank of India recorded a gross NPA ratio of 1.81% for Q1 FY27. Bank of India is stronger on this metric, possessing a lower gross NPA ratio by 0.84 percentage points.",Relevant
"Compare the return on equity of Union Bank of India and Bank of India. Which is stronger, and by how much?",False,graph_check,775db758-b4be-46f3-9c39-937b6fb14466,"['HAS_METRIC', 'MetricObservation']",14,26,"The retrieved facts do not cover the specific return on equity figures for either Union Bank of India or Bank of India, as the provided data only notes that both banks track or expect improvements in this metric without providing numerical values. Therefore, a quantitative comparison of their return on equity cannot be made using the available facts.",Not relevant
"Compare the CASA ratio of Union Bank of India and Bank of India. Which is stronger, and by how much?",False,graph_check,775db758-b4be-46f3-9c39-937b6fb14466,"['HAS_METRIC', 'MetricObservation']",14,26,"The retrieved facts do not provide a specific CASA ratio percentage for Union Bank of India, so a direct numeric comparison of the CASA ratio cannot be made. While Bank of India reported a CASA ratio of 36.68% for Q1 FY27, Union Bank of India's data only notes that its average CASA balances exceed ₹24,000 crore without stating the percentage.",Somewhat relevant
"Compare the net interest margin of Union Bank of India and Bank of India. Which is stronger, and by how much?",False,graph_check,775db758-b4be-46f3-9c39-937b6fb14466,"['HAS_METRIC', 'MetricObservation']",14,26,"Union Bank of India reported a net interest margin of 2.80%, while Bank of India recorded a global net interest margin of 2.52% for Q1 FY27. Union Bank of India is stronger in this metric by 0.28 percentage points.",Relevant
"Compare the gross NPA ratio of Indian Bank and Central Bank of India. Which is stronger, and by how much?",False,graph_check,daf48486-ea5e-45c2-bef1-7129588f4483,"['HAS_METRIC', 'MetricObservation']",7,20,"In Q1 FY27, Indian Bank reported a gross NPA ratio of 1.86%, while Central Bank of India recorded a gross NPA ratio of 2.60%. Indian Bank is stronger in asset quality with a lower gross NPA ratio by 0.74 percentage points.",Relevant
"Compare the return on equity of Indian Bank and Central Bank of India. Which is stronger, and by how much?",False,graph_check,daf48486-ea5e-45c2-bef1-7129588f4483,"['HAS_METRIC', 'MetricObservation']",7,20,"The retrieved facts do not cover the return on equity for Indian Bank, as only the figure for Central Bank of India is provided at 14.92% for Q1 FY27. Therefore, a complete comparison between the two banks on this specific metric cannot be made from the available data.",Somewhat relevant
"Compare the CASA ratio of Indian Bank and Central Bank of India. Which is stronger, and by how much?",False,graph_check,daf48486-ea5e-45c2-bef1-7129588f4483,"['HAS_METRIC', 'MetricObservation']",7,20,"Indian Bank's precise Q1 FY27 CASA ratio was not disclosed in the referenced reports, whereas Central Bank of India posted a CASA ratio of 46.61%. Therefore, a direct comparison of the CASA ratio cannot be completed with the available data.",Somewhat relevant
"Compare the net interest margin of Indian Bank and Central Bank of India. Which is stronger, and by how much?",False,graph_check,daf48486-ea5e-45c2-bef1-7129588f4483,"['HAS_METRIC', 'MetricObservation']",7,20,"The retrieved facts do not cover the net interest margin for Indian Bank, so a comparison with the Central Bank of India's net interest margin of 3.06% for Q1 FY27 cannot be made.",Not relevant
"Compare the gross NPA ratio of Indian Overseas Bank and UCO Bank. Which is stronger, and by how much?",False,graph_check,d019bebb-cc26-4b4b-ae43-cd32202f6748,"['HAS_METRIC', 'MetricObservation', 'OPERATES_IN']",18,30,"The retrieved facts do not cover the gross NPA ratio for UCO Bank, so a comparison with Indian Overseas Bank's gross NPA ratio of 1.33% cannot be made.",Somewhat relevant
"Compare the return on equity of Indian Overseas Bank and UCO Bank. Which is stronger, and by how much?",False,graph_check,d019bebb-cc26-4b4b-ae43-cd32202f6748,"['HAS_METRIC', 'MetricObservation', 'OPERATES_IN']",18,30,"The retrieved facts do not cover the return on equity for either Indian Overseas Bank or UCO Bank, so a comparison cannot be made using the available data.",Not relevant
"Compare the CASA ratio of Indian Overseas Bank and UCO Bank. Which is stronger, and by how much?",False,graph_check,d019bebb-cc26-4b4b-ae43-cd32202f6748,"['HAS_METRIC', 'MetricObservation', 'OPERATES_IN']",18,30,"The retrieved facts do not provide the CASA ratio for UCO Bank, so a comparison with Indian Overseas Bank's global CASA ratio of 41.05% cannot be made.",Somewhat relevant
"Compare the net interest margin of Indian Overseas Bank and UCO Bank. Which is stronger, and by how much?",False,graph_check,d019bebb-cc26-4b4b-ae43-cd32202f6748,"['HAS_METRIC', 'MetricObservation', 'OPERATES_IN']",18,30,"The retrieved facts do not provide the exact net interest margin for UCO Bank, which is reported only generally as around 3% for the June 2026 quarter, so a precise comparative difference cannot be calculated against Indian Overseas Bank's global net interest margin of 3.37% or domestic net interest margin of 3.48%.",Somewhat relevant
"Compare the gross NPA ratio of Bank of Maharashtra and Punjab & Sind Bank. Which is stronger, and by how much?",False,graph_check,28cb9b08-7bcd-4cb7-a686-e71f9cfa2dc6,"['HAS_METRIC', 'MetricObservation']",3,13,"Bank of Maharashtra reported a gross NPA ratio of 1.45% in Q1 FY27, while Punjab & Sind Bank brought its gross NPA down to 2.21%. Bank of Maharashtra is stronger by 0.76 percentage points, having the lower gross NPA ratio.",Relevant
"Compare the return on equity of Bank of Maharashtra and Punjab & Sind Bank. Which is stronger, and by how much?",False,graph_check,28cb9b08-7bcd-4cb7-a686-e71f9cfa2dc6,"['HAS_METRIC', 'MetricObservation']",3,13,"The retrieved facts do not provide the specific return on equity figures for either Bank of Maharashtra or Punjab & Sind Bank, noting only that Punjab & Sind Bank's return on equity is constrained. Therefore, a direct comparison of their return on equity cannot be made using the available data.",Not relevant
"Compare the CASA ratio of Bank of Maharashtra and Punjab & Sind Bank. Which is stronger, and by how much?",False,graph_check,28cb9b08-7bcd-4cb7-a686-e71f9cfa2dc6,"['HAS_METRIC', 'MetricObservation']",3,13,"The retrieved facts do not cover the CASA ratio for either Bank of Maharashtra or Punjab & Sind Bank, so a comparison of their CASA ratios cannot be made.",Not relevant
"Compare the net interest margin of Bank of Maharashtra and Punjab & Sind Bank. Which is stronger, and by how much?",False,graph_check,28cb9b08-7bcd-4cb7-a686-e71f9cfa2dc6,"['HAS_METRIC', 'MetricObservation']",3,13,"The retrieved facts do not cover the net interest margin for either the Bank of Maharashtra or Punjab & Sind Bank, so a direct comparison of this specific metric cannot be made.",Not relevant
"Compare the gross NPA ratio of IndusInd Bank and Yes Bank. Which is stronger, and by how much?",False,graph_check,4212ea87-cc68-4d83-b9de-f99f629011de,"['HAS_METRIC', 'MetricObservation']",13,25,"The retrieved facts do not cover the gross NPA ratio for IndusInd Bank, as only a qualitative statement is provided, so a direct comparison of the ratio cannot be made.",Not relevant
"Compare the return on equity of IndusInd Bank and Yes Bank. Which is stronger, and by how much?",False,graph_check,4212ea87-cc68-4d83-b9de-f99f629011de,"['HAS_METRIC', 'MetricObservation']",13,25,"For Q1 FY27, Yes Bank reported a return on equity of 8.30%, while IndusInd Bank reported a return on equity of 6.26%, making Yes Bank stronger by 2.04 percentage points.",Relevant
"Compare the CASA ratio of IndusInd Bank and Yes Bank. Which is stronger, and by how much?",False,graph_check,4212ea87-cc68-4d83-b9de-f99f629011de,"['HAS_METRIC', 'MetricObservation']",13,25,"IndusInd Bank has a CASA ratio of 29.43%, while Yes Bank has a stronger CASA ratio of 32.70%. This makes Yes Bank's CASA ratio stronger by 3.27 percentage points.",Relevant
"Compare the net interest margin of IndusInd Bank and Yes Bank. Which is stronger, and by how much?",False,graph_check,4212ea87-cc68-4d83-b9de-f99f629011de,"['HAS_METRIC', 'MetricObservation']",13,25,"IndusInd Bank reported a Q1 FY27 net interest margin of 3.57%, while Yes Bank reported a net interest margin of 2.70% for the same period. IndusInd Bank is stronger by 0.87 percentage points.",Relevant
"Compare the gross NPA ratio of IDFC First Bank and Federal Bank. Which is stronger, and by how much?",False,graph_check,aa5b8ff4-0579-4529-87bb-ad8e214ba77b,"['HAS_METRIC', 'MetricObservation']",10,19,"During Q1 FY27, IDFC First Bank reported a gross NPA ratio of 1.51%, while Federal Bank reported a gross NPA ratio of 1.52%. IDFC First Bank is marginally stronger with a gross NPA ratio that is lower by 0.01 percentage points.",Relevant
"Compare the return on equity of IDFC First Bank and Federal Bank. Which is stronger, and by how much?",False,graph_check,aa5b8ff4-0579-4529-87bb-ad8e214ba77b,"['HAS_METRIC', 'MetricObservation']",10,19,"The retrieved facts do not cover the return on equity for either IDFC First Bank or Federal Bank, so a direct comparison of this metric cannot be made.",Not relevant
"Compare the CASA ratio of IDFC First Bank and Federal Bank. Which is stronger, and by how much?",False,graph_check,aa5b8ff4-0579-4529-87bb-ad8e214ba77b,"['HAS_METRIC', 'MetricObservation']",10,19,"IDFC First Bank has a CASA ratio of 50.8% in Q1 FY27, while Federal Bank reported a CASA ratio of 32.23% in the same period, making IDFC First Bank stronger by 18.57 percentage points.",Relevant
"Compare the net interest margin of IDFC First Bank and Federal Bank. Which is stronger, and by how much?",False,graph_check,aa5b8ff4-0579-4529-87bb-ad8e214ba77b,"['HAS_METRIC', 'MetricObservation']",10,19,"The retrieved facts do not cover the net interest margin for IDFC First Bank, as only Federal Bank's net interest margin of 3.33% is provided. Therefore, a complete comparison of the net interest margin between the two banks cannot be made using the available data.",Somewhat relevant
"Compare the gross NPA ratio of Federal Bank and South Indian Bank. Which is stronger, and by how much?",False,graph_check,cdc54c14-4841-485f-9367-55abd39e099e,"['HAS_METRIC', 'MetricObservation']",9,21,"Federal Bank reported a gross NPA ratio of 1.52%, while South Indian Bank reported a gross NPA of 1.38%. South Indian Bank is stronger on this metric by 0.14 percentage points.",Relevant
"Compare the return on equity of Federal Bank and South Indian Bank. Which is stronger, and by how much?",False,graph_check,cdc54c14-4841-485f-9367-55abd39e099e,"['HAS_METRIC', 'MetricObservation']",9,21,"The retrieved facts do not provide the return on equity figure for either Federal Bank or South Indian Bank, so a comparison cannot be made.",Not relevant
"Compare the CASA ratio of Federal Bank and South Indian Bank. Which is stronger, and by how much?",False,graph_check,cdc54c14-4841-485f-9367-55abd39e099e,"['HAS_METRIC', 'MetricObservation']",9,21,"Federal Bank reported a CASA ratio of 32.23% in Q1 FY27, but a precise CASA ratio for South Indian Bank was not found for this session. Consequently, a direct comparison between the two banks' CASA ratios cannot be made using the available data.",Somewhat relevant
"Compare the net interest margin of Federal Bank and South Indian Bank. Which is stronger, and by how much?",False,graph_check,cdc54c14-4841-485f-9367-55abd39e099e,"['HAS_METRIC', 'MetricObservation']",9,21,"The retrieved facts do not cover the net interest margin for South Indian Bank, so a comparison cannot be made.",Somewhat relevant
"Compare the gross NPA ratio of RBL Bank and Bandhan Bank. Which is stronger, and by how much?",False,graph_check,5d8a90d7-6178-4821-84d5-7dce0785f0aa,"['HAS_METRIC', 'MetricObservation']",8,17,"RBL Bank recorded a gross NPA ratio of 1.30% in Q1 FY27, while Bandhan Bank reported a higher gross NPA ratio of 3.1%. RBL Bank is stronger on this metric by 1.80 percentage points.",Relevant
"Compare the return on equity of RBL Bank and Bandhan Bank. Which is stronger, and by how much?",False,graph_check,5d8a90d7-6178-4821-84d5-7dce0785f0aa,"['HAS_METRIC', 'MetricObservation']",8,17,"The retrieved facts do not cover the return on equity for either RBL Bank or Bandhan Bank, so a comparison of this specific metric cannot be made.",Not relevant
"Compare the CASA ratio of RBL Bank and Bandhan Bank. Which is stronger, and by how much?",False,graph_check,5d8a90d7-6178-4821-84d5-7dce0785f0aa,"['HAS_METRIC', 'MetricObservation']",8,17,"Bandhan Bank has a stronger CASA ratio at 29.4% in Q1 FY27 compared to RBL Bank's average CASA ratio of 25.2% in the same period, making Bandhan Bank's ratio stronger by 4.2 percentage points.",Relevant
"Compare the net interest margin of RBL Bank and Bandhan Bank. Which is stronger, and by how much?",False,graph_check,5d8a90d7-6178-4821-84d5-7dce0785f0aa,"['HAS_METRIC', 'MetricObservation']",8,17,"The retrieved facts do not cover the net interest margin for Bandhan Bank, so a comparison with RBL Bank's net interest margin of 4.12% in Q1 FY27 cannot be made.",Somewhat relevant
"Compare the gross NPA ratio of Karur Vysya Bank and City Union Bank. Which is stronger, and by how much?",False,graph_check,05ce5ca5-7af6-45a7-aa25-28cc953d4c56,"['HAS_METRIC', 'MetricObservation']",10,26,"Karur Vysya Bank has a gross NPA ratio of 0.74%, while City Union Bank reported a gross NPA of 1.73%. Karur Vysya Bank is stronger with a gross NPA ratio that is lower by 0.99 percentage points.",Relevant
"Compare the return on equity of Karur Vysya Bank and City Union Bank. Which is stronger, and by how much?",False,graph_check,05ce5ca5-7af6-45a7-aa25-28cc953d4c56,"['HAS_METRIC', 'MetricObservation']",10,26,"The retrieved facts do not provide the return on equity for Karur Vysya Bank, so a comparison with City Union Bank's return on equity of 14.37% cannot be made.",Somewhat relevant
"Compare the CASA ratio of Karur Vysya Bank and City Union Bank. Which is stronger, and by how much?",False,graph_check,05ce5ca5-7af6-45a7-aa25-28cc953d4c56,"['HAS_METRIC', 'MetricObservation']",10,26,"The retrieved facts do not cover the CASA ratio for Karur Vysya Bank, while City Union Bank reported a CASA ratio of roughly 26.6% in Q1 FY27. Therefore, a complete comparison of the CASA ratio between the two banks cannot be made using the available data.",Somewhat relevant
"Compare the net interest margin of Karur Vysya Bank and City Union Bank. Which is stronger, and by how much?",False,graph_check,05ce5ca5-7af6-45a7-aa25-28cc953d4c56,"['HAS_METRIC', 'MetricObservation']",10,26,Karur Vysya Bank has a stronger net interest margin of 4.34% compared to City Union Bank's 3.78% for Q1 FY27. Karur Vysya Bank's margin is stronger by 0.56 percentage points.,Relevant
"Compare the gross NPA ratio of DCB Bank and Karnataka Bank. Which is stronger, and by how much?",False,graph_check,597741f2-edce-4910-b132-f04c2c375a72,"['HAS_METRIC', 'MetricObservation']",17,22,"DCB Bank has a gross NPA ratio of 2.43%, while Karnataka Bank has an elevated gross NPA ratio of 2.58%. Therefore, DCB Bank is stronger by 0.15 percentage points in terms of asset quality.",Relevant
"Compare the return on equity of DCB Bank and Karnataka Bank. Which is stronger, and by how much?",False,graph_check,597741f2-edce-4910-b132-f04c2c375a72,"['HAS_METRIC', 'MetricObservation']",17,22,"The retrieved facts do not provide a specific return on equity figure for Karnataka Bank to enable a direct numeric comparison with DCB Bank's return on equity of 13.61%, though Karnataka Bank is noted as having a low return on equity running roughly 10-11.6% over recent three-year periods.",Somewhat relevant
"Compare the CASA ratio of DCB Bank and Karnataka Bank. Which is stronger, and by how much?",False,graph_check,597741f2-edce-4910-b132-f04c2c375a72,"['HAS_METRIC', 'MetricObservation']",17,22,"The retrieved facts do not cover the CASA ratio for Karnataka Bank, so a direct comparison of the CASA ratio between the two banks cannot be made.",Not relevant
"Compare the net interest margin of DCB Bank and Karnataka Bank. Which is stronger, and by how much?",False,graph_check,597741f2-edce-4910-b132-f04c2c375a72,"['HAS_METRIC', 'MetricObservation']",17,22,"The retrieved facts do not cover the net interest margin for Karnataka Bank, so a direct comparison of this metric cannot be made. DCB Bank reported a net interest margin of 3.35% in Q1 FY27, but corresponding figures for Karnataka Bank are absent from the provided data.",Somewhat relevant
"Compare the gross NPA ratio of Tamilnad Mercantile Bank and CSB Bank. Which is stronger, and by how much?",False,graph_check,5e168c27-0019-47a1-ab6e-3539eb1538f2,"['HAS_METRIC', 'MetricObservation']",6,15,"Tamilnad Mercantile Bank reported a gross NPA ratio of 0.69%, while CSB Bank reported a gross NPA ratio of 1.75%. Tamilnad Mercantile Bank is stronger on this metric by 1.06 percentage points.",Relevant
"Compare the return on equity of Tamilnad Mercantile Bank and CSB Bank. Which is stronger, and by how much?",False,graph_check,5e168c27-0019-47a1-ab6e-3539eb1538f2,"['HAS_METRIC', 'MetricObservation']",6,15,"Tamilnad Mercantile Bank achieved a return on equity of 15.93%, whereas the retrieved facts do not provide a return on equity figure for CSB Bank. Therefore, a comparison of their return on equity cannot be made using the available data.",Somewhat relevant
"Compare the CASA ratio of Tamilnad Mercantile Bank and CSB Bank. Which is stronger, and by how much?",False,graph_check,5e168c27-0019-47a1-ab6e-3539eb1538f2,"['HAS_METRIC', 'MetricObservation']",6,15,"Tamilnad Mercantile Bank recorded a Q1 FY27 CASA ratio of roughly 26%, whereas CSB Bank reported a Q1 FY27 CASA ratio of 19%. Therefore, Tamilnad Mercantile Bank is stronger by approximately 7 percentage points.",Relevant
"Compare the net interest margin of Tamilnad Mercantile Bank and CSB Bank. Which is stronger, and by how much?",False,graph_check,5e168c27-0019-47a1-ab6e-3539eb1538f2,"['HAS_METRIC', 'MetricObservation']",6,15,"The retrieved facts do not cover the net interest margin for either Tamilnad Mercantile Bank or CSB Bank, so a comparison for this specific metric cannot be made.",Not relevant
"Compare the gross NPA ratio of Jammu & Kashmir Bank and Dhanlaxmi Bank. Which is stronger, and by how much?",False,graph_check,930d5dba-324f-4b48-8a80-c1685eab56ed,"['HAS_METRIC', 'MetricObservation']",7,13,"In Q1 FY27, Jammu & Kashmir Bank reported a gross NPA ratio of 2.37%, while Dhanlaxmi Bank reported a gross NPA ratio of 1.82%. Dhanlaxmi Bank is stronger on this metric by 0.55 percentage points, as a lower gross NPA ratio indicates better asset quality.",Relevant
"Compare the return on equity of Jammu & Kashmir Bank and Dhanlaxmi Bank. Which is stronger, and by how much?",False,graph_check,930d5dba-324f-4b48-8a80-c1685eab56ed,"['HAS_METRIC', 'MetricObservation']",7,13,"The retrieved facts do not cover the return on equity for either Jammu & Kashmir Bank or Dhanlaxmi Bank, so a direct comparison of this specific metric cannot be made.",Not relevant
"Compare the CASA ratio of Jammu & Kashmir Bank and Dhanlaxmi Bank. Which is stronger, and by how much?",False,graph_check,930d5dba-324f-4b48-8a80-c1685eab56ed,"['HAS_METRIC', 'MetricObservation']",7,13,"The retrieved facts do not cover the CASA ratio for either Jammu & Kashmir Bank or Dhanlaxmi Bank, so a comparison cannot be made using the available data.",Not relevant
"Compare the net interest margin of Jammu & Kashmir Bank and Dhanlaxmi Bank. Which is stronger, and by how much?",False,graph_check,930d5dba-324f-4b48-8a80-c1685eab56ed,"['HAS_METRIC', 'MetricObservation']",7,13,"The retrieved facts do not cover the net interest margin for either Jammu & Kashmir Bank or Dhanlaxmi Bank, so a comparison cannot be made using the provided data.",Not relevant
"Compare the gross NPA ratio of IDBI Bank and Yes Bank. Which is stronger, and by how much?",False,graph_check,ae5a64b2-a28a-4ef7-8a9e-101e3768ba16,"['HAS_METRIC', 'MetricObservation']",6,18,"IDBI Bank reported a gross NPA of 2.98%, whereas Yes Bank reported a gross NPA of 1.30%. Yes Bank is stronger on this metric by 1.68 percentage points, as a lower gross NPA ratio indicates better asset quality.",Relevant
"Compare the return on equity of IDBI Bank and Yes Bank. Which is stronger, and by how much?",False,graph_check,ae5a64b2-a28a-4ef7-8a9e-101e3768ba16,"['HAS_METRIC', 'MetricObservation']",6,18,"IDBI Bank posted a return on equity of 16.10% for FY24-25, whereas Yes Bank reported a return on equity of 8.30% for Q1 FY27. Consequently, IDBI Bank is stronger by 7.80 percentage points.",Relevant
"Compare the CASA ratio of IDBI Bank and Yes Bank. Which is stronger, and by how much?",False,graph_check,ae5a64b2-a28a-4ef7-8a9e-101e3768ba16,"['HAS_METRIC', 'MetricObservation']",6,18,"The retrieved facts do not provide the CASA ratio for IDBI Bank, so a comparison between the two banks on this specific metric cannot be made using the available data. However, Yes Bank reported a CASA ratio of 32.70% for Q1 FY27.",Somewhat relevant
"Compare the net interest margin of IDBI Bank and Yes Bank. Which is stronger, and by how much?",False,graph_check,ae5a64b2-a28a-4ef7-8a9e-101e3768ba16,"['HAS_METRIC', 'MetricObservation']",6,18,"IDBI Bank reported a net interest margin of 3.61% for Q1 FY27, whereas Yes Bank reported a net interest margin of 2.70% for the same period. Therefore, IDBI Bank's net interest margin is stronger by 0.91 percentage points.",Relevant
"Compare the gross NPA ratio of AU Small Finance Bank and Equitas Small Finance Bank. Which is stronger, and by how much?",False,graph_check,5eac19fe-2076-46b7-a761-6a12c2542113,"['HAS_METRIC', 'MetricObservation']",13,24,"In Q1 FY27, AU Small Finance Bank reported a gross NPA ratio of 2.10%, whereas Equitas Small Finance Bank reported a gross NPA ratio in the range of 2.36% to 2.42%. AU Small Finance Bank is stronger on this asset quality metric, having a gross NPA ratio that is lower by approximately 0.26 to 0.32 percentage points.",Relevant
"Compare the return on equity of AU Small Finance Bank and Equitas Small Finance Bank. Which is stronger, and by how much?",False,graph_check,5eac19fe-2076-46b7-a761-6a12c2542113,"['HAS_METRIC', 'MetricObservation']",13,24,"The retrieved facts provide a return on equity of 11.76% for Equitas Small Finance Bank, but they do not contain a specific numeric figure for the return on equity of AU Small Finance Bank, noting only that it is expected to improve. Consequently, a complete numeric comparison between the two cannot be made using the available data.",Somewhat relevant
"Compare the CASA ratio of AU Small Finance Bank and Equitas Small Finance Bank. Which is stronger, and by how much?",False,graph_check,5eac19fe-2076-46b7-a761-6a12c2542113,"['HAS_METRIC', 'MetricObservation']",13,24,"AU Small Finance Bank reported a Q1 FY27 CASA ratio of roughly 29%, while Equitas Small Finance Bank reported a CASA ratio of 25%. AU Small Finance Bank is stronger by roughly 4 percentage points.",Relevant
"Compare the net interest margin of AU Small Finance Bank and Equitas Small Finance Bank. Which is stronger, and by how much?",False,graph_check,5eac19fe-2076-46b7-a761-6a12c2542113,"['HAS_METRIC', 'MetricObservation']",13,24,"Equitas Small Finance Bank reported a net interest margin of 7.24% in Q1 FY27, whereas AU Small Finance Bank reported a net interest margin of 5.9% for the same period. Equitas Small Finance Bank is stronger by 1.34 percentage points.",Relevant
"Compare the gross NPA ratio of Ujjivan Small Finance Bank and ESAF Small Finance Bank. Which is stronger, and by how much?",False,graph_check,b6c093cb-78d7-475e-a215-2be544a59fa9,"['HAS_METRIC', 'MetricObservation']",8,19,"Ujjivan Small Finance Bank reported a gross NPA ratio of 2.17%, whereas ESAF Small Finance Bank reported a gross NPA of 5.40%. Ujjivan Small Finance Bank is stronger by 3.23 percentage points, having a lower and healthier level of bad loans.",Relevant
"Compare the return on equity of Ujjivan Small Finance Bank and ESAF Small Finance Bank. Which is stronger, and by how much?",False,graph_check,b6c093cb-78d7-475e-a215-2be544a59fa9,"['HAS_METRIC', 'MetricObservation']",8,19,"Ujjivan Small Finance Bank achieved a return on equity of 18.2%, whereas the retrieved facts do not provide a specific numerical return on equity for ESAF Small Finance Bank, which only expects a normalization following provisioning improvements and a portfolio clean-up. Therefore, a complete numerical comparison cannot be made using the available data.",Somewhat relevant
"Compare the CASA ratio of Ujjivan Small Finance Bank and ESAF Small Finance Bank. Which is stronger, and by how much?",False,graph_check,b6c093cb-78d7-475e-a215-2be544a59fa9,"['HAS_METRIC', 'MetricObservation']",8,19,"The retrieved facts do not cover the CASA ratio for Ujjivan Small Finance Bank, though ESAF Small Finance Bank reported a Q1 FY27 CASA ratio of 23.39%. Therefore, a complete comparison of the CASA ratio between the two banks cannot be made using the provided data.",Not relevant
"Compare the net interest margin of Ujjivan Small Finance Bank and ESAF Small Finance Bank. Which is stronger, and by how much?",False,graph_check,b6c093cb-78d7-475e-a215-2be544a59fa9,"['HAS_METRIC', 'MetricObservation']",8,19,"The retrieved facts do not cover the net interest margin for Ujjivan Small Finance Bank, so a direct comparison cannot be made using the available data. However, ESAF Small Finance Bank reported a net interest margin of 7.9% in Q1 FY27.",Somewhat relevant
"Compare the gross NPA ratio of Utkarsh Small Finance Bank and Suryoday Small Finance Bank. Which is stronger, and by how much?",False,graph_check,3a06b31f-38ae-4276-b2c6-93e15d8bfabf,"['HAS_METRIC', 'MetricObservation']",9,16,"Utkarsh Small Finance Bank maintains a gross NPA of 6.09%, while Suryoday Small Finance Bank reports a gross NPA of either 2.47% or 6.60% depending on the source. Consequently, depending on the source used for Suryoday, Utkarsh is stronger by 0.51 percentage points or weaker by 3.63 percentage points.",Somewhat relevant
"Compare the return on equity of Utkarsh Small Finance Bank and Suryoday Small Finance Bank. Which is stronger, and by how much?",False,graph_check,3a06b31f-38ae-4276-b2c6-93e15d8bfabf,"['HAS_METRIC', 'MetricObservation']",9,16,"The retrieved facts do not provide specific numeric figures for the return on equity of either Utkarsh Small Finance Bank or Suryoday Small Finance Bank, as both institutions only have qualitative expectations regarding future generation or profitability rebounds. Therefore, a direct comparison of their return on equity cannot be made using the available data.",Not relevant
"Compare the CASA ratio of Utkarsh Small Finance Bank and Suryoday Small Finance Bank. Which is stronger, and by how much?",False,graph_check,3a06b31f-38ae-4276-b2c6-93e15d8bfabf,"['HAS_METRIC', 'MetricObservation']",9,16,"The provided knowledge graph facts do not contain the CASA ratio for Suryoday Small Finance Bank, so a direct comparison of the CASA ratio cannot be made using the available data.",Not relevant
"Compare the net interest margin of Utkarsh Small Finance Bank and Suryoday Small Finance Bank. Which is stronger, and by how much?",False,graph_check,3a06b31f-38ae-4276-b2c6-93e15d8bfabf,"['HAS_METRIC', 'MetricObservation']",9,16,"The retrieved facts do not cover the net interest margin for Utkarsh Small Finance Bank, so a direct comparison of the net interest margin between the two banks cannot be made using the provided data.",Not relevant
"Compare the gross NPA ratio of Jana Small Finance Bank and AU Small Finance Bank. Which is stronger, and by how much?",False,graph_check,611bbf07-0b28-4249-b871-20b5e994c196,"['HAS_METRIC', 'MetricObservation']",8,21,"In Q1 FY27, Jana Small Finance Bank recorded a gross NPA ratio of 2.39%, while AU Small Finance Bank reported a stronger gross NPA ratio of 2.10%, making AU Small Finance Bank stronger by 0.29 percentage points.",Relevant
"Compare the return on equity of Jana Small Finance Bank and AU Small Finance Bank. Which is stronger, and by how much?",False,graph_check,611bbf07-0b28-4249-b871-20b5e994c196,"['HAS_METRIC', 'MetricObservation']",8,21,"The retrieved facts do not provide a specific return on equity figure for AU Small Finance Bank, while Jana Small Finance Bank recorded an FY26 return on equity of 8%. Therefore, a complete numeric comparison of return on equity between the two banks cannot be made using the available data.",Somewhat relevant
"Compare the CASA ratio of Jana Small Finance Bank and AU Small Finance Bank. Which is stronger, and by how much?",False,graph_check,611bbf07-0b28-4249-b871-20b5e994c196,"['HAS_METRIC', 'MetricObservation']",8,21,"The retrieved facts do not cover the CASA ratio for Jana Small Finance Bank, so a direct comparison of the CASA ratio between the two banks cannot be made using the provided data. However, AU Small Finance Bank reported a Q1 FY27 CASA ratio of roughly 29%.",Somewhat relevant
"Compare the net interest margin of Jana Small Finance Bank and AU Small Finance Bank. Which is stronger, and by how much?",False,graph_check,611bbf07-0b28-4249-b871-20b5e994c196,"['HAS_METRIC', 'MetricObservation']",8,21,"The retrieved facts do not cover the net interest margin for Jana Small Finance Bank, so a direct comparison of the net interest margin between the two banks cannot be made using the provided data, although AU Small Finance Bank reported a net interest margin of 5.9% in Q1 FY27.",Somewhat relevant
"Compare the gross NPA ratio of Kotak Mahindra Bank and IndusInd Bank. Which is stronger, and by how much?",False,graph_check,7db3e390-676f-4e46-966c-45f455a2e640,"['HAS_METRIC', 'MetricObservation']",17,30,"Kotak Mahindra Bank posted a gross NPA ratio of 1.18%, while IndusInd Bank reported a gross NPA of 3.25%. Kotak Mahindra Bank is stronger by 2.07 percentage points, having a lower and healthier bad-loan ratio.",Relevant
"Compare the return on equity of Kotak Mahindra Bank and IndusInd Bank. Which is stronger, and by how much?",False,graph_check,7db3e390-676f-4e46-966c-45f455a2e640,"['HAS_METRIC', 'MetricObservation']",17,30,"Kotak Mahindra Bank achieved a return on equity of 11.98% in Q1 FY27, while IndusInd Bank reported a return on equity of 6.26% for the same period. Kotak Mahindra Bank is stronger by 5.72 percentage points.",Relevant
"Compare the CASA ratio of Kotak Mahindra Bank and IndusInd Bank. Which is stronger, and by how much?",False,graph_check,7db3e390-676f-4e46-966c-45f455a2e640,"['HAS_METRIC', 'MetricObservation']",17,30,"Kotak Mahindra Bank achieved a CASA ratio of 40.30%, while IndusInd Bank recorded a CASA ratio of 29.43%. Kotak Mahindra Bank is stronger by 10.87 percentage points.",Relevant
"Compare the net interest margin of Kotak Mahindra Bank and IndusInd Bank. Which is stronger, and by how much?",False,graph_check,7db3e390-676f-4e46-966c-45f455a2e640,"['HAS_METRIC', 'MetricObservation']",17,30,"Kotak Mahindra Bank reported a net interest margin of 4.53%, while IndusInd Bank reported a net interest margin of 3.57%. Kotak Mahindra Bank is stronger by 0.96 percentage points.",Relevant
"Compare the gross NPA ratio of Axis Bank and IDFC First Bank. Which is stronger, and by how much?",False,graph_check,e8b9706a-a447-4e0c-be64-cc5d7acbb11a,"['HAS_METRIC', 'MetricObservation']",12,22,"Axis Bank reported a gross NPA ratio of 1.28%, while IDFC First Bank recorded a gross NPA metric of 1.51% during Q1 FY27. Axis Bank is stronger by 0.23 percentage points, as a lower gross NPA ratio indicates better asset quality.",Relevant
"Compare the return on equity of Axis Bank and IDFC First Bank. Which is stronger, and by how much?",False,graph_check,e8b9706a-a447-4e0c-be64-cc5d7acbb11a,"['HAS_METRIC', 'MetricObservation']",12,22,"The retrieved facts do not provide the return on equity for IDFC First Bank, so a complete comparison of the return on equity between the two banks cannot be made using the available data. However, Axis Bank recorded a return on equity of 14.16%.",Somewhat relevant
"Compare the CASA ratio of Axis Bank and IDFC First Bank. Which is stronger, and by how much?",False,graph_check,e8b9706a-a447-4e0c-be64-cc5d7acbb11a,"['HAS_METRIC', 'MetricObservation']",12,22,"IDFC First Bank has the stronger CASA ratio at 50.8% for Q1 FY27 compared to Axis Bank's 38% for the same period, making it stronger by 12.8 percentage points.",Relevant
"Compare the net interest margin of Axis Bank and IDFC First Bank. Which is stronger, and by how much?",False,graph_check,e8b9706a-a447-4e0c-be64-cc5d7acbb11a,"['HAS_METRIC', 'MetricObservation']",12,22,"The retrieved facts do not cover the net interest margin for Axis Bank, as the data only notes that Axis Bank monitors its net interest margin without providing a specific figure. Therefore, a complete numeric comparison between the two banks cannot be made using the available facts.",Not relevant
"Across all 39 listed Indian banks in this dataset, which report the highest CASA ratio?",False,summary_fallback,,"['HAS_METRIC', 'MetricObservation']",0,1,"Across all listed Indian banks in the dataset, Central Bank of India reports the highest CASA ratio at a remarkably strong 46.61% as of July 1, 2026.",Relevant
"Across all 39 listed Indian banks in this dataset, which report the lowest CASA ratio?",True,summary_fallback,,"['HAS_METRIC', 'MetricObservation']",0,1,"CSB Bank reported the lowest CASA ratio among the listed Indian banks in the dataset, with a Q1 FY27 CASA ratio of 19% as of April 1, 2026. The provided facts do not contain the CASA ratios for the other 38 banks to allow for a broader comparison.",Relevant
"Across all 39 listed Indian banks in this dataset, which report the highest net interest margin?",False,summary_fallback,,"['HAS_METRIC', 'MetricObservation']",0,1,"ESAF Small Finance Bank reports the highest net interest margin among the listed Indian banks, with its margin having increased to 7.9% from 6% in Q1 FY27 as of April 1, 2026.",Relevant
"Across all 39 listed Indian banks in this dataset, which report the lowest net interest margin?",True,summary_fallback,,"['HAS_METRIC', 'MetricObservation']",0,1,"The retrieved facts do not cover the net interest margins for all 39 listed Indian banks in the dataset, as they only provide data for Bank of Baroda.",Not relevant
"Across all 39 listed Indian banks in this dataset, which report the highest gross NPA ratio?",False,summary_fallback,,"['HAS_METRIC', 'MetricObservation']",0,1,"ESAF Small Finance Bank reports the highest gross NPA ratio among the listed Indian banks, with a ratio of 5.40% as of April 1, 2026.",Relevant
"Across all 39 listed Indian banks in this dataset, which report the lowest gross NPA ratio?",False,summary_fallback,,"['HAS_METRIC', 'MetricObservation']",0,1,"Based on the provided dataset, HDFC Bank reported the lowest headline gross NPA ratio of 1.17% (and 0.91% excluding agriculture) in Q1 FY27.",Relevant
"Across all 39 listed Indian banks in this dataset, which report the highest net NPA ratio?",True,summary_fallback,,"['HAS_METRIC', 'MetricObservation']",0,1,"Based on the provided data, IndusInd Bank reported the highest net NPA ratio at 0.95% for Q1 FY27. The retrieved facts do not contain the net NPA ratios for the other 38 listed Indian banks to provide a broader comparison.",Somewhat relevant
"Across all 39 listed Indian banks in this dataset, which report the lowest net NPA ratio?",False,summary_fallback,,"['HAS_METRIC', 'MetricObservation']",0,1,"Indian Bank reported the lowest net NPA ratio across all listed Indian banks in the dataset, with a net NPA of 0.15% for Q1 FY27.",Relevant
"Across all 39 listed Indian banks in this dataset, which report the highest return on assets?",False,summary_fallback,,"['HAS_METRIC', 'MetricObservation']",0,1,"ICICI Bank reported the highest return on assets across all listed Indian banks in the dataset, achieving a sector-leading rate of 2.18%.",Relevant
"Across all 39 listed Indian banks in this dataset, which report the lowest return on assets?",True,summary_fallback,,"['HAS_METRIC', 'MetricObservation']",0,1,"The retrieved facts do not cover the return on assets for all 39 listed Indian banks, as they only provide data for Bank of Baroda, which recorded a reported return on assets of 0.25% in Q1 FY27.",Not relevant
"Across all 39 listed Indian banks in this dataset, which report the highest return on equity?",False,summary_fallback,,"['HAS_METRIC', 'MetricObservation']",0,1,"Canara Bank reported the highest return on equity among all listed Indian banks in the dataset, with a return on equity of 18.31% in Q1 FY27 as of June 30, 2026.",Relevant
"Across all 39 listed Indian banks in this dataset, which report the lowest return on equity?",True,summary_fallback,,"['HAS_METRIC', 'MetricObservation']",0,1,"Based on the available data, Bank of Baroda recorded the lowest return on equity among the listed Indian banks, with a reported figure of 3.89% in Q1 FY27. The retrieved facts do not cover the remaining 38 banks to provide a broader comparison across all institutions in the dataset.",Somewhat relevant
"Across all 39 listed Indian banks in this dataset, which report the highest cost-to-income ratio?",False,summary_fallback,,"['HAS_METRIC', 'MetricObservation']",0,1,"Among all listed Indian banks in the dataset, DCB Bank reports the highest cost-to-income ratio, with its ratio remaining elevated at 60.92%.",Relevant
"Across all 39 listed Indian banks in this dataset, which report the lowest cost-to-income ratio?",True,summary_fallback,,"['HAS_METRIC', 'MetricObservation']",0,1,"Based on the available data, ICICI Bank reported the lowest cost-to-income ratio among the listed banks at roughly 38.5% for Q1 FY27. The retrieved facts do not provide the figures for the remaining banks to complete a full ranking.",Somewhat relevant
"Across all 39 listed Indian banks in this dataset, which report the highest capital adequacy ratio (CRAR)?",False,summary_fallback,,"['HAS_METRIC', 'MetricObservation']",0,1,"Based on the available data, RBL Bank reports the highest capital adequacy ratio (CRAR) among the listed Indian banks, reaching 33.3% in Q1 FY27 following a substantial capital infusion.",Relevant
"Across all 39 listed Indian banks in this dataset, which report the lowest capital adequacy ratio (CRAR)?",True,summary_fallback,,"['HAS_METRIC', 'MetricObservation']",0,1,"The retrieved facts do not cover the capital adequacy ratios across all 39 listed Indian banks, as they only provide information for the State Bank of India.",Not relevant
"Across all 39 listed Indian banks in this dataset, which report the highest CET1 ratio?",True,summary_fallback,,"['HAS_METRIC', 'MetricObservation']",0,0,,Not relevant
"Across all 39 listed Indian banks in this dataset, which report the lowest CET1 ratio?",True,summary_fallback,,"['HAS_METRIC', 'MetricObservation']",0,0,,Not relevant
"Across all 39 listed Indian banks in this dataset, which report the highest provision coverage ratio?",False,summary_fallback,,"['HAS_METRIC', 'MetricObservation']",0,1,"Indian Bank reports the highest provision coverage ratio among all listed Indian banks in the dataset, achieving a ratio of 98.22%.",Relevant
"Across all 39 listed Indian banks in this dataset, which report the lowest provision coverage ratio?",True,summary_fallback,,"['HAS_METRIC', 'MetricObservation']",0,1,"Based on the available data, the retrieved facts do not cover the provision coverage ratios for all 39 listed Indian banks, so a comprehensive ranking cannot be provided. The only figure available in the dataset is for HDFC Bank, which maintained a provision coverage ratio of 66% in Q1 FY27 as of April 1, 2026.",Not relevant
"Across all 39 listed Indian banks in this dataset, which report the highest year-on-year deposit growth?",True,summary_fallback,,"['HAS_METRIC', 'MetricObservation']",0,1,"The retrieved facts do not cover the deposit growth rates for all 39 listed Indian banks, as the data only provides a deposit growth figure of 11.68% for the Central Bank of India as of July 1, 2026. Therefore, a complete ranking of the highest year-on-year deposit growth across all banks cannot be determined from the available information.",Relevant
"Across all 39 listed Indian banks in this dataset, which report the lowest year-on-year deposit growth?",False,summary_fallback,,"['HAS_METRIC', 'MetricObservation']",0,1,"Based on the available data, Central Bank of India recorded the lowest year-on-year deposit growth among the listed banks at 11.68% as of July 1, 2026.",Relevant
"Across all 39 listed Indian banks in this dataset, which report the highest year-on-year advances growth?",True,summary_fallback,,"['HAS_METRIC', 'MetricObservation']",0,0,,Not relevant
"Across all 39 listed Indian banks in this dataset, which report the lowest year-on-year advances growth?",True,summary_fallback,,"['HAS_METRIC', 'MetricObservation']",0,0,,Not relevant
"Across all 39 listed Indian banks in this dataset, which report the highest year-on-year net profit growth?",True,summary_fallback,,"['HAS_METRIC', 'MetricObservation']",0,1,"Based on the available data, HDFC Bank reported a profit after tax of ₹19,060 crore, which represents a 5% year-on-year growth in Q1 FY27. The retrieved facts do not cover the year-on-year net profit growth for the other listed Indian banks in the dataset.",Somewhat relevant
"Across all 39 listed Indian banks in this dataset, which report the lowest year-on-year net profit growth?",False,summary_fallback,,"['HAS_METRIC', 'MetricObservation']",0,1,"Canara Bank reported the lowest year-on-year net profit growth among the listed Indian banks in the dataset, with its net profit growing only about 2% in Q1 FY27 as of June 30, 2026.",Relevant
"Across all 39 listed Indian banks in this dataset, which report the highest branch network size?",True,summary_fallback,,[],0,0,,Not relevant
"Across all 39 listed Indian banks in this dataset, which report the lowest branch network size?",True,summary_fallback,,[],0,0,,Not relevant
"Across all 39 listed Indian banks in this dataset, which report the highest net interest income?",False,summary_fallback,,"['HAS_METRIC', 'MetricObservation']",0,1,"State Bank of India reported the highest net interest income among the listed Indian banks, reaching ₹46,992 crore, up 14.88% in the June 2026 quarter.",Relevant
"Across all 39 listed Indian banks in this dataset, which report the lowest net interest income?",True,summary_fallback,,"['HAS_METRIC', 'MetricObservation']",0,1,"The retrieved facts do not cover the net interest income for all 39 listed Indian banks, as they only mention a 7% year-on-year growth in net interest income for HDFC Bank in Q1 FY27.",Not relevant
"Across all 39 listed Indian banks in this dataset, which report the highest government or promoter shareholding percentage?",False,graph_check,daf48486-ea5e-45c2-bef1-7129588f4483,"['OWNS', 'REGULATED_BY', 'OwnershipStake', 'HELD_BY', 'OWNS_STAKE_IN']",1,1,"Indian Bank reports the highest government shareholding percentage among the listed banks in the dataset, with the Government of India owning a 73.84% stake as of February 6, 2026. The provided facts do not contain ownership figures for the remaining 38 listed Indian banks.",Somewhat relevant
"Across all 39 listed Indian banks in this dataset, which report the lowest government or promoter shareholding percentage?",False,graph_check,daf48486-ea5e-45c2-bef1-7129588f4483,"['OWNS', 'REGULATED_BY', 'OwnershipStake', 'HELD_BY', 'OWNS_STAKE_IN']",1,1,"The retrieved facts do not cover the government or promoter shareholding percentages for all 39 listed Indian banks, as they only provide a 73.84% stake for Indian Bank as of February 6, 2026.",Not relevant
"Which segment — Public Sector, Private Sector, or Small Finance Banks — has the highest average CASA ratio?",True,summary_fallback,,"['CONTAINS', 'HAS_METRIC', 'MetricObservation']",0,1,"The retrieved facts do not cover the average CASA ratio for the Public Sector, Private Sector, or Small Finance Banks.",Not relevant
Which segment has the highest average net interest margin?,False,summary_fallback,,"['HAS_METRIC', 'MetricObservation']",0,1,"Small Finance Banks have the highest average net interest margin, with a maximum value of 7.9 based on a company count of 1.",Relevant
Which segment has the highest average gross NPA ratio?,False,summary_fallback,,"['HAS_METRIC', 'MetricObservation']",0,1,"Based on the available data, Small Finance Banks have the highest average gross NPA ratio with a maximum value of 5.4.",Relevant
Which segment has the highest average return on equity?,True,summary_fallback,,"['HAS_METRIC', 'MetricObservation']",0,1,"The retrieved facts do not cover the average return on equity for the segments, so that comparison cannot be made from the available data.",Not relevant
Which segment has the highest average capital adequacy ratio?,False,summary_fallback,,"['HAS_METRIC', 'MetricObservation']",0,1,"The Small Finance Banks segment has the highest average capital adequacy ratio, with a value of 23.86 based on a company count of 1.",Relevant
Which Public Sector Bank has the largest branch network?,True,summary_fallback,,['CONTAINS'],0,1,The retrieved facts do not provide information regarding which Public Sector Bank has the largest branch network.,Not relevant
Which Public Sector Bank has the strongest asset quality (lowest gross NPA)?,False,summary_fallback,,"['CONTAINS', 'HAS_METRIC', 'MetricObservation']",0,1,"Based on the retrieved data, Canara Bank reported the lowest gross NPA among public sector banks at 1.57% in Q1 FY27 (as of June 30, 2026).",Relevant
"Which Public Sector Bank posted a one-off or unusual profit event this quarter, and why?",True,summary_fallback,,"['CONTAINS', 'HAS_METRIC', 'MetricObservation']",0,1,The retrieved facts do not cover which Public Sector Bank posted a one-off or unusual profit event this quarter or the reasons behind it.,Not relevant
Which Private Sector Bank has the largest market capitalization or scale among peers?,True,summary_fallback,,['CONTAINS'],0,1,The retrieved facts do not cover market capitalization or scale comparisons among Private Sector Banks.,Not relevant
Which Private Sector Banks are under any regulatory restriction or heightened supervisory scrutiny?,True,summary_fallback,,"['REGULATED_BY', 'CONTAINS', 'RegulatoryRelation', 'REGULATORY_RELATION']",0,1,The retrieved facts do not cover which Private Sector Banks are under regulatory restriction or heightened supervisory scrutiny.,Not relevant
Which Private Sector Bank has the highest CASA ratio?,False,summary_fallback,,"['CONTAINS', 'HAS_METRIC', 'MetricObservation']",0,1,ICICI Bank achieved the highest average CASA ratio among private sector banks at 38.1% for Q1 FY27.,Relevant
"Which Small Finance Bank has converted, or is closest to converting, to a universal bank license?",False,graph_check,f6d9dd01-aa74-431c-a635-cc406184c407,"['RegulatoryRelation', 'REGULATORY_RELATION']",3,3,"The retrieved facts do not cover which Small Finance Bank has converted, or is closest to converting, to a universal bank license.",Not relevant
"Which Small Finance Bank has the highest gross NPA ratio, and is that figure flagged as uncertain in the sourcing?",True,summary_fallback,,"['HAS_METRIC', 'MetricObservation']",0,1,"ESAF Small Finance Bank has the highest gross NPA ratio at 5.40% as of April 1, 2026, and the retrieved facts do not state whether this figure is flagged as uncertain in the sourcing.",Relevant
Which Small Finance Banks have secured banking-license upgrades or new approvals recently?,True,summary_fallback,,"['RegulatoryRelation', 'REGULATORY_RELATION']",0,1,The retrieved facts do not cover which Small Finance Banks have secured banking-license upgrades or new approvals recently.,Not relevant
How do Small Finance Banks as a group compare to Private Sector Banks on net interest margin?,True,summary_fallback,,"['CONTAINS', 'HAS_METRIC', 'MetricObservation']",0,2,The retrieved facts do not cover net interest margin comparisons between Small Finance Banks and Private Sector Banks.,Not relevant
Which banks in this dataset are majority owned by the Government of India?,False,summary_fallback,,"['OWNS', 'REGULATED_BY']",0,2,"The Government of India is the majority owner of SBI, holding a 55.03% stake as of 31 March 2026, and also holds controlling equity stakes in several other Indian public sector banks including PNB, Canara Bank, Indian Bank, Central Bank of India, UCO Bank, and Bank of Maharashtra.",Relevant
Which banks in this dataset have no single promoter holding a majority stake?,True,summary_fallback,,[],0,0,,Not relevant
Which banks have an ADR or GDR listed on a foreign exchange in addition to their NSE/BSE listing?,True,summary_fallback,,[],0,1,The retrieved facts do not cover which banks have an ADR or GDR listed on a foreign exchange in addition to their NSE or BSE listing.,Not relevant
Which banks have a joint-venture or subsidiary bank operating outside India?,True,summary_fallback,,"['OWNS', 'JOINT_VENTURE_WITH']",0,2,The retrieved facts do not cover which banks have a joint-venture or subsidiary bank operating outside India.,Not relevant
"Which banks are headquartered in Kerala, and how do they compare to each other?",True,summary_fallback,,[],0,0,,Not relevant
"Which banks are headquartered in South India generally (Tamil Nadu, Karnataka, Kerala)?",True,summary_fallback,,[],0,2,The retrieved facts do not cover which banks are headquartered in South India.,Not relevant
Which banks are headquartered in Maharashtra?,True,summary_fallback,,[],0,1,The retrieved facts do not cover which banks are headquartered in Maharashtra.,Not relevant
Which banks have undergone a merger or amalgamation in their recent history?,True,summary_fallback,,[],0,0,,Not relevant
"Which banks have flagged rating-outlook divergences between agencies (e.g., one agency Negative while another is Stable)?",True,summary_fallback,,[],0,0,,Not relevant
Which banks have data points in this dataset explicitly marked as unresolved or internally inconsistent across sources?,True,summary_fallback,,[],0,9,The retrieved facts do not cover which banks have data points explicitly marked as unresolved or internally inconsistent across sources.,Relevant
"Which banks report figures on both a standalone and consolidated basis, and how do those figures differ?",True,summary_fallback,,[],0,0,,Not relevant
Which banks have the widest international branch or representative-office network?,True,summary_fallback,,[],0,0,,Not relevant
"Which banks rely most heavily on a single flagship digital platform (e.g., YONO) as a strategic differentiator?",True,summary_fallback,,[],0,0,,Not relevant
Which banks are most exposed to MSME or agricultural lending as a customer segment?,True,summary_fallback,,"['HURT_BY', 'SERVES', 'HAS_WEAKNESS', 'HAS_RISK_DRIVER', 'EXPOSED_TO']",0,3,The retrieved facts do not cover specific exposure figures or metrics for MSME or agricultural lending.,Not relevant
Which banks are most exposed to microfinance or small-ticket unsecured lending?,True,summary_fallback,,"['HURT_BY', 'HAS_WEAKNESS', 'HAS_RISK_DRIVER', 'EXPOSED_TO']",0,2,The retrieved facts do not cover which banks are most exposed to microfinance or small-ticket unsecured lending.,Not relevant
"Which regulator(s) oversee every bank in this dataset, and what specific powers do they exercise (licensing, capital norms, disclosure)?",True,summary_fallback,,"['REGULATED_BY', 'RegulatoryRelation', 'REGULATORY_RELATION']",0,1,The retrieved facts do not cover which regulators oversee every bank in the dataset or the specific powers they exercise.,Not relevant
"Which credit rating agencies are referenced across this dataset, and which agency is affiliated with Fitch?",True,summary_fallback,,['HAS_RATING'],0,0,,Not relevant
"Which banks have been rated by CRISIL Ratings, and what ratings did they receive?",False,summary_fallback,,"['HAS_RATING', 'RATED_BY']",0,20,"CRISIL Ratings has evaluated several banks and assigned specific ratings, such as reaffirming an A1+ short-term rating on UCO Bank's certificate-of-deposit programme and rating DCB Bank's certificates of deposit as A1+ alongside an AA- Stable rating for its long-term subordinated debt. Additionally, CRISIL provides ratings for AU Small Finance Bank, Axis Bank, Bandhan Bank, Bank of Maharashtra, CSB Bank, IDFC FIRST Bank, Indian Bank, IndusInd Bank, Punjab & Sind Bank, RBL Bank, Suryoday Small Finance Bank, Tamilnad Mercantile Bank, and Ujjivan Small Finance Bank, while historical or general ratings are noted for South Indian Bank and Jana Small Finance Bank lacks a currently verifiable rating.",Somewhat relevant
"Which banks have been rated by ICRA, and what ratings did they receive?",True,summary_fallback,,"['HAS_RATING', 'RATED_BY']",0,13,"ICRA has rated Bank of Baroda, assigning an AAA rating to its green infrastructure bond programme, and reaffirmed a BBB- Stable rating for Dhanlaxmi Bank's bonds. The retrieved facts do not cover the specific ratings received by AU Small Finance Bank, Indian Overseas Bank, Jana Small Finance Bank, Karur Vysya Bank, Suryoday Small Finance Bank, Utkarsh Small Finance Bank, and Yes Bank.",Somewhat relevant
"Which banks have been rated by CARE Ratings, and what ratings did they receive?",True,summary_fallback,,"['HAS_RATING', 'RATED_BY']",0,13,"CARE Ratings has rated DCB Bank, receiving an A1+ rating for certificates of deposit and an AA- Stable rating for long-term subordinated debt, alongside assigning an AA Stable rating to UCO Bank's bonds and reaffirming an AA- rating with a Positive outlook (and an AA- issuer rating) for City Union Bank. The retrieved facts do not cover specific rating details for ESAF Small Finance Bank, Equitas Small Finance Bank, Jammu & Kashmir Bank, Jana Small Finance Bank, or Utkarsh Small Finance Bank, nor do they specify which bank received the A- Stable rating mentioned in the data.",Relevant
Which banks have been rated by India Ratings or Fitch directly?,True,summary_fallback,,"['HAS_RATING', 'RATED_BY']",0,3,The retrieved facts do not cover which banks have been rated by India Ratings or Fitch directly.,Not relevant
"Which banks have an AT-1 or Tier-2 bond rating mentioned, and what is it?",True,summary_fallback,,[],0,0,,Not relevant
"Which banks have had a rating upgrade mentioned in this dataset, and by which agency?",True,summary_fallback,,[],0,0,,Not relevant
"Which banks have had a rating outlook change (e.g., to Negative or Positive) mentioned in this dataset?",True,summary_fallback,,[],0,0,,Not relevant
Which banks are licensed as universal banks versus small finance banks?,True,summary_fallback,,"['RegulatoryRelation', 'REGULATORY_RELATION']",0,0,,Not relevant
"Which banks hold equity stakes in overseas banking joint ventures, and in which countries?",True,summary_fallback,,"['OWNS', 'OPERATES_IN', 'JOINT_VENTURE_WITH']",0,1,The retrieved facts do not cover which banks hold equity stakes in overseas banking joint ventures or in which countries.,Not relevant
"Which banks have subsidiaries offering non-banking services (e.g., credit cards, investment banking, asset management)?",True,summary_fallback,,"['INVESTS_IN', 'OWNS']",0,2,"The retrieved facts do not cover which banks have subsidiaries offering non-banking services such as credit cards, investment banking, or asset management.",Not relevant
Which banks distribute third-party insurance or asset-management products?,False,summary_fallback,,['OFFERS_PRODUCT'],0,1,HDFC Bank offers third-party insurance distribution.,Somewhat relevant
"Which banks are exposed to litigation or legal-settlement risk, and what is the nature of that exposure?",True,summary_fallback,,[],0,0,,Not relevant
"Which banks disclose a Chairman separate from the MD & CEO role, and which combine the roles?",True,summary_fallback,,[],0,0,,Not relevant
Which banks have LIC (Life Insurance Corporation of India) as a disclosed shareholder?,True,summary_fallback,,"['OWNS', 'OwnershipStake', 'HELD_BY', 'OWNS_STAKE_IN', 'HAS_METRIC', 'MetricObservation']",0,2,The retrieved facts do not cover which banks have LIC (Life Insurance Corporation of India) as a disclosed shareholder.,Not relevant
"Which banks have FIIs, NRIs or GDR holders disclosed as a shareholder category, and what percentage do they hold?",False,summary_fallback,,"['OWNS', 'OwnershipStake', 'HELD_BY', 'OWNS_STAKE_IN']",0,16,"Several banks have disclosed FIIs, NRIs, or GDR holders as shareholder categories, with State Bank of India showing a combined 12.49% stake for FIIs, NRIs, and GDRs as of March 31, 2026. Additionally, FII ownership stakes are held across numerous institutions, including HDFC Bank at 41.82%, ICICI Bank at roughly 45%, Axis Bank at 39.91%, Kotak Mahindra Bank at 25.21%, IDFC FIRST Bank at 36.10%, Federal Bank at roughly 26.3%, South Indian Bank at roughly 24.2%, City Union Bank at roughly 28.0%, Bandhan Bank at 23.2%, Karur Vysya Bank at about 15.8%, Karnataka Bank at 13.10%, Dhanlaxmi Bank at roughly 15.31%, Union Bank of India at 8.63%, Utkarsh Small Finance Bank at 11.90%, and Central Bank of India at about 1.3%.",Relevant
"Which banks have mutual funds or UTI disclosed as shareholders, and what percentage do they hold?",False,summary_fallback,,"['OWNS', 'INVESTS_IN', 'OwnershipStake', 'HELD_BY', 'OWNS_STAKE_IN']",0,9,"Mutual funds and UTI hold a 13.57% stake in State Bank of India, while mutual funds hold a 6.53% stake in Punjab National Bank, a 4.73% stake in Union Bank of India, and about 0.22% in Central Bank of India. Additionally, mutual funds hold ownership stakes of 33.00% in Axis Bank, 24.50% in Kotak Mahindra Bank, 12.76% in IDFC FIRST Bank, roughly 37.27% in Equitas Small Finance Bank, and 14.83% in Ujjivan Small Finance Bank.",Relevant
Which banks' promoter or government shareholding percentage could not be confirmed in this dataset?,True,summary_fallback,,[],0,0,,Not relevant
Which banks are named as competitors of HDFC Bank and ICICI Bank in this dataset?,False,graph_check,fc5ecc71-2b19-4aa7-9a58-348aab4f89eb,['COMPETES_WITH'],1,1,"The retrieved facts do not cover competitors for ICICI Bank, as they only identify State Bank of India as a competitor for HDFC Bank in retail and digital market share.",Somewhat relevant
Which banks are named as competitors of State Bank of India in this dataset?,False,graph_check,a512c753-67dc-4353-9004-6e74f5b5d709,['COMPETES_WITH'],3,3,"Bank of Baroda, HDFC Bank, and ICICI Bank are named as competitors of State Bank of India in this dataset.",Relevant
Which banks are named as competitors of the leading Small Finance Banks in this dataset?,True,summary_fallback,,['COMPETES_WITH'],0,0,,Not relevant
Which banks source their financial metrics primarily from Q1 FY27 (quarter ended June 2026) investor disclosures?,True,summary_fallback,,[],0,0,,Not relevant
Which banks have metrics sourced from a single secondary source flagged as lower-confidence?,True,summary_fallback,,[],0,0,,Not relevant
Which banks have a BOBCARD-style or dedicated card-issuing subsidiary?,True,graph_check,43c2bccb-d1f6-4830-bab6-29fabe166f02,['OWNS'],0,2,Bank of Baroda operates BOBCARD as its dedicated credit card subsidiary.,Relevant
Which banks explicitly mention Basel III capital norms as a regulatory dependency?,True,summary_fallback,,"['REGULATED_BY', 'RegulatoryRelation', 'REGULATORY_RELATION']",0,1,The retrieved facts do not cover which banks explicitly mention Basel III capital norms as a regulatory dependency.,Not relevant
Which banks explicitly mention priority-sector-lending mandates as a regulatory dependency?,True,summary_fallback,,"['REGULATED_BY', 'CONTAINS', 'RegulatoryRelation', 'REGULATORY_RELATION']",0,1,The retrieved facts do not cover which banks explicitly mention priority-sector-lending mandates as a regulatory dependency.,Not relevant
Which banks mention SEBI's minimum public shareholding or takeover code as a specific regulatory dependency?,True,summary_fallback,,"['OWNS', 'REGULATED_BY', 'OwnershipStake', 'HELD_BY', 'OWNS_STAKE_IN', 'RegulatoryRelation', 'REGULATORY_RELATION', 'HAS_METRIC', 'MetricObservation']",0,8,The retrieved facts do not cover whether any banks mention SEBI's minimum public shareholding or takeover code as a specific regulatory dependency.,Relevant
"Which banks have overseas representative offices as distinct from full branches, and where?",True,summary_fallback,,['OPERATES_IN'],0,0,,Not relevant
"Which banks' NRI banking services are tied to a specific geographic remittance corridor (e.g., Gulf or African)?",False,summary_fallback,,[],0,1,"Canara Bank's international operations include a presence in Tanzania, though the provided facts do not specify whether its NRI banking services are tied to a specific geographic remittance corridor.",Somewhat relevant
How does the RBI repo rate influence net interest margin across the banks in this dataset?,True,summary_fallback,,"['HAS_METRIC', 'MetricObservation']",0,1,The retrieved facts do not cover how the RBI repo rate influences the net interest margin across the banks in this dataset.,Not relevant
How does India's GDP growth rate influence loan demand across the banks in this dataset?,True,summary_fallback,,[],0,1,"The retrieved facts do not cover how India's GDP growth rate specifically influences loan demand across the banks in this dataset, other than noting that it influences loan demand for State Bank of India.",Somewhat relevant
Which banks are most sensitive to interest-rate risk because of their deposit-book composition?,True,summary_fallback,,"['CAUSES', 'HAS_WEAKNESS', 'HAS_RISK_DRIVER', 'EXPOSED_TO']",0,2,"Bank of India is exposed to interest-rate risk, while Union Bank of India is exposed to ordinary interest-rate risk. The retrieved facts do not cover specific deposit-book compositions to determine which bank is most sensitive.",Not relevant
Which banks are most sensitive to credit risk because of large corporate loan exposure?,True,summary_fallback,,"['CAUSES', 'HAS_WEAKNESS', 'HAS_RISK_DRIVER', 'EXPOSED_TO', 'HURT_BY']",0,5,The retrieved facts do not cover which banks are most sensitive to credit risk specifically because of large corporate loan exposure.,Not relevant
Which banks are most exposed to cyber risk given the scale of their digital user base?,False,summary_fallback,,"['HURT_BY', 'HAS_WEAKNESS', 'HAS_RISK_DRIVER', 'EXPOSED_TO']",0,2,State Bank of India is most exposed to cyber risk given the scale of its digital user base.,Somewhat relevant
Which banks are most exposed to currency or overseas-regulatory risk because of their international footprint?,True,summary_fallback,,"['HURT_BY', 'REGULATED_BY', 'CAUSES', 'RegulatoryRelation', 'REGULATORY_RELATION', 'OPERATES_IN', 'HAS_WEAKNESS', 'HAS_RISK_DRIVER', 'EXPOSED_TO']",0,4,The retrieved facts do not cover which banks are most exposed to currency or overseas-regulatory risk because of their international footprint.,Not relevant
Which banks are most exposed to funding-cost risk from a declining CASA ratio?,True,summary_fallback,,"['HURT_BY', 'INVESTS_IN', 'HAS_METRIC', 'MetricObservation', 'HAS_WEAKNESS', 'HAS_RISK_DRIVER', 'EXPOSED_TO']",0,2,The retrieved facts do not cover which banks are most exposed to funding-cost risk from a declining CASA ratio.,Not relevant
Which banks are most exposed to asset-quality risk in unsecured retail or MSME lending?,True,summary_fallback,,"['HURT_BY', 'HAS_WEAKNESS', 'HAS_RISK_DRIVER', 'EXPOSED_TO']",0,2,The retrieved facts do not cover which banks are most exposed to asset-quality risk in unsecured retail or MSME lending.,Not relevant
Which banks are most exposed to concentration risk in a specific geography?,True,summary_fallback,,"['HURT_BY', 'HAS_METRIC', 'MetricObservation', 'HAS_WEAKNESS', 'HAS_RISK_DRIVER', 'EXPOSED_TO']",0,2,The retrieved facts do not cover which specific banks are most exposed to concentration risk in a particular geography.,Not relevant
Which banks are most exposed to risk from legacy corporate NPAs or past fraud incidents?,True,summary_fallback,,[],0,0,,Not relevant
"How would a rise in the RBI repo rate be expected to affect PSU banks versus Private banks differently, based on the drivers described?",True,summary_fallback,,['HURT_BY'],0,0,,Not relevant
"How would a slowdown in India's GDP growth be expected to affect Small Finance Banks versus larger universal banks, based on the drivers described?",True,summary_fallback,,"['HURT_BY', 'OWNS']",0,0,,Not relevant
Which banks' valuation-relevant qualitative notes mention the market pricing sovereign ownership differently from private ownership?,True,summary_fallback,,['OWNS'],0,2,The retrieved facts do not cover which banks' valuation-relevant qualitative notes mention the market pricing sovereign ownership differently from private ownership.,Not relevant
Which banks explicitly flag margin as being driven by their CASA/deposit mix?,True,summary_fallback,,"['HAS_METRIC', 'MetricObservation']",0,1,The retrieved facts do not cover which banks explicitly flag margin as being driven by their CASA or deposit mix.,Not relevant
Which banks explicitly flag growth as being driven by retail credit demand and digital acquisition?,True,summary_fallback,,[],0,9,The retrieved facts do not cover which banks explicitly flag growth as being driven by retail credit demand and digital acquisition.,Not relevant
Which banks explicitly flag return on equity as being driven by operating leverage or normalization of provisioning?,True,summary_fallback,,"['HAS_METRIC', 'MetricObservation']",0,1,The retrieved facts do not cover which banks explicitly flag return on equity as being driven by operating leverage or normalization of provisioning.,Not relevant
Which banks explicitly flag the key risk driver as legacy or contingent-liability exposure?,True,summary_fallback,,"['HAS_WEAKNESS', 'HAS_RISK_DRIVER', 'EXPOSED_TO', 'HURT_BY']",0,1,The retrieved facts do not cover which banks explicitly flag legacy or contingent-liability exposure as a key risk driver.,Not relevant
Which banks explicitly flag the key risk driver as asset quality in unsecured or small-ticket lending?,True,summary_fallback,,"['HAS_WEAKNESS', 'HAS_RISK_DRIVER', 'EXPOSED_TO']",0,1,The retrieved facts do not cover which banks explicitly flag asset quality as the key risk driver in unsecured or small-ticket lending.,Not relevant
Which banks explicitly flag technology or digital-platform uptime as an operational dependency?,True,summary_fallback,,"['HAS_METRIC', 'MetricObservation']",0,1,The retrieved facts do not cover which banks explicitly flag technology or digital-platform uptime as an operational dependency.,Not relevant
Which banks explicitly flag continued regulatory support (RBI or Ministry of Finance) as a named dependency?,True,summary_fallback,,"['REGULATED_BY', 'RegulatoryRelation', 'REGULATORY_RELATION']",0,1,The retrieved facts do not cover which banks explicitly flag continued regulatory support as a named dependency.,Relevant
What reporting period do most of the financial figures in this dataset refer to?,True,summary_fallback,,[],0,0,,Not relevant
How does the dataset treat a figure that could not be verified from a reliable source?,True,summary_fallback,,[],0,0,,Not relevant
How does the dataset treat a figure that appeared internally inconsistent across sources?,True,summary_fallback,,[],0,0,,Not relevant
"Which two figures for Bank of India's profit are flagged as inconsistent (standalone vs. consolidated), and which is which?",False,graph_check,1072c755-5223-4800-b399-295cd32a902f,"['HAS_METRIC', 'MetricObservation']",12,12,The retrieved facts do not cover figures for Bank of India's profit flagged as inconsistent between standalone and consolidated statements.,Not relevant
"Which growth figures for Union Bank of India are flagged as coming from a single, lower-confidence secondary source?",True,summary_fallback,775db758-b4be-46f3-9c39-937b6fb14466,[],0,0,,Not relevant
What discrepancy is flagged between IDBI Bank's Q1 FY27 profit and its FY24-25 profit figures?,False,graph_check,ae5a64b2-a28a-4ef7-8a9e-101e3768ba16,"['HAS_METRIC', 'MetricObservation']",6,6,"The retrieved facts do not cover any discrepancy flagged between IDBI Bank's Q1 FY27 profit and its FY24-25 profit figures. They only note that the bank reported an FY24-25 net profit of ₹7,515 crore and a Q1 FY27 net interest income of ₹3,486 crore.",Not relevant
What anomaly is flagged in Jammu & Kashmir Bank's net interest income figure?,False,graph_check,930d5dba-324f-4b48-8a80-c1685eab56ed,"['HAS_METRIC', 'MetricObservation']",7,7,The retrieved facts do not mention any anomaly flagged in Jammu & Kashmir Bank's net interest income figure.,Relevant
What anomaly is flagged in Jana Small Finance Bank's net interest income figure?,False,graph_check,611bbf07-0b28-4249-b871-20b5e994c196,"['HAS_METRIC', 'MetricObservation']",8,8,"Jana Small Finance Bank has a cited net-interest-income figure of ₹15,145 crore, although this reported number appears inconsistent with the bank's actual scale.",Relevant
"What conflicting gross NPA figures are reported for Suryoday Small Finance Bank, and what are the two values?",False,graph_check,462386a3-7982-4909-9a6f-2a2cbbd09377,"['HAS_METRIC', 'MetricObservation']",7,7,"For Q1 FY27, Suryoday Small Finance Bank has conflicting gross NPA figures reported by different sources for the same period. The two conflicting values are 2.47% and 6.60%.",Relevant
What conflicting rating outlooks are reported for Utkarsh Small Finance Bank between ICRA and CARE?,True,summary_fallback,3a06b31f-38ae-4276-b2c6-93e15d8bfabf,[],0,1,"The retrieved facts do not cover the specific conflicting rating outlooks reported by ICRA and CARE for Utkarsh Small Finance Bank, only noting that ICRA evaluated and gave the bank a revised outlook as of May 22, 2025.",Not relevant
"Which banking segments defined in the underlying ontology (Payments Banks, Foreign Banks) have no listed member companies in this dataset, and why?",False,summary_fallback,,"['BELONGS_TO_SEGMENT', 'CONTAINS']",0,1,"Payments Banks has no other listed member companies in this dataset besides Fino Payments Bank Limited because it is the only one licensed and listed in that segment, while Foreign Banks has no listed member companies at all. The provided facts do not explain why these segments have no other members beyond this single listing.",Relevant
"Is Fino Payments Bank included in this dataset's researched company set, and what is its listing status?",False,summary_fallback,1519c0fb-ae5e-433e-859b-831cf248d912,[],0,3,Fino Payments Bank Limited is included in the researched company set and is licensed and listed as a payments bank.,Relevant
"What two regulators are common to every bank in this dataset, and what does each one govern?",True,summary_fallback,,[],0,0,,Not relevant
What five credit rating agencies (or agency groups) are referenced throughout this dataset?,True,summary_fallback,,['HAS_RATING'],0,0,,Not relevant
"Does this dataset contain any investment recommendations such as buy, sell, hold or a target price?",True,summary_fallback,,[],0,0,,Not relevant
"How many total listed Indian banks does this dataset cover, and how are they split by segment?",True,summary_fallback,daf48486-ea5e-45c2-bef1-7129588f4483,[],0,1,The retrieved facts do not cover the total number of listed Indian banks or how they are split by segment.,Not relevant
As of what date is the scope of this dataset defined?,True,summary_fallback,,[],0,0,,Not relevant
What is the difference in how this dataset presents facts compared to the original structured entity/relationship version it was derived from?,True,summary_fallback,,[],0,0,,Not relevant
"For a bank where a specific figure is marked 'not found,' what should be assumed about that figure?",True,summary_fallback,,[],0,0,,Not relevant
Which banks have a note about board leadership (Chairman or MD & CEO) marked as unconfirmed in this dataset?,True,summary_fallback,,[],0,0,,Not relevant
What is the single primary source cited for State Bank of India's most recent financial metrics in this dataset?,True,graph_check,a512c753-67dc-4353-9004-6e74f5b5d709,['SUPPORTED_BY'],0,1,The retrieved facts do not cover the primary source cited for State Bank of India's most recent financial metrics.,Relevant
What is the single primary source cited for Bank of Baroda's most recent financial metrics in this dataset?,True,graph_check,2254cee1-6db0-4b96-9471-a6a45a3f6b64,['SUPPORTED_BY'],0,5,The retrieved facts do not cover the specific primary source cited for Bank of Baroda's most recent financial metrics.,Relevant
What is the single primary source cited for Punjab National Bank's most recent financial metrics in this dataset?,True,graph_check,28601797-b0b6-4793-bc26-2752ed63056b,['SUPPORTED_BY'],0,1,The retrieved facts do not cover the primary source cited for Punjab National Bank's most recent financial metrics.,Relevant
What is the single primary source cited for Canara Bank's most recent financial metrics in this dataset?,True,graph_check,a436d155-4c3f-46b9-ba63-736f6abcd1cf,['SUPPORTED_BY'],0,5,The retrieved facts do not cover the primary source cited for Canara Bank's most recent financial metrics.,Relevant
What is the single primary source cited for Union Bank of India's most recent financial metrics in this dataset?,True,graph_check,775db758-b4be-46f3-9c39-937b6fb14466,['SUPPORTED_BY'],0,5,The retrieved facts do not cover the primary source cited for Union Bank of India's most recent financial metrics.,Relevant
What is the single primary source cited for Bank of India's most recent financial metrics in this dataset?,True,graph_check,1072c755-5223-4800-b399-295cd32a902f,['SUPPORTED_BY'],0,5,The retrieved facts do not cover the specific primary source cited for Bank of India's most recent financial metrics.,Relevant
What is the single primary source cited for Indian Bank's most recent financial metrics in this dataset?,True,graph_check,daf48486-ea5e-45c2-bef1-7129588f4483,['SUPPORTED_BY'],0,5,The retrieved facts do not cover the primary source cited for Indian Bank's most recent financial metrics.,Relevant
What is the single primary source cited for Central Bank of India's most recent financial metrics in this dataset?,True,graph_check,4d998ac2-533e-40a6-a217-b71dfe465f4c,['SUPPORTED_BY'],0,5,The retrieved facts do not cover the primary source cited for Central Bank of India's most recent financial metrics.,Relevant
What is the single primary source cited for Indian Overseas Bank's most recent financial metrics in this dataset?,False,graph_check,d019bebb-cc26-4b4b-ae43-cd32202f6748,"['SUPPORTED_BY', 'OPERATES_IN']",5,5,The retrieved facts do not cover the primary source cited for Indian Overseas Bank's most recent financial metrics.,Relevant
What is the single primary source cited for UCO Bank's most recent financial metrics in this dataset?,True,graph_check,62aaa846-bbe6-4e89-8a09-db8194f71fd2,['SUPPORTED_BY'],0,5,The retrieved facts do not cover the primary source cited for UCO Bank's most recent financial metrics.,Relevant
What is the single primary source cited for Bank of Maharashtra's most recent financial metrics in this dataset?,True,graph_check,28cb9b08-7bcd-4cb7-a686-e71f9cfa2dc6,['SUPPORTED_BY'],0,6,The retrieved facts do not cover the primary source cited for Bank of Maharashtra's most recent financial metrics.,Relevant
What is the single primary source cited for Punjab & Sind Bank's most recent financial metrics in this dataset?,True,graph_check,2b559985-38e8-4787-a4ec-ddb952007279,['SUPPORTED_BY'],0,3,The retrieved facts do not cover the single primary source cited for Punjab & Sind Bank's most recent financial metrics.,Relevant
What is the single primary source cited for HDFC Bank's most recent financial metrics in this dataset?,True,graph_check,fc5ecc71-2b19-4aa7-9a58-348aab4f89eb,['SUPPORTED_BY'],0,5,The retrieved facts do not cover the single primary source cited for HDFC Bank's most recent financial metrics.,Relevant
What is the single primary source cited for ICICI Bank's most recent financial metrics in this dataset?,True,graph_check,02db780d-0076-4d28-8fb6-d6d5dd1ded13,['SUPPORTED_BY'],0,5,The retrieved facts do not cover the single primary source cited for ICICI Bank's most recent financial metrics.,Relevant
What is the single primary source cited for Axis Bank's most recent financial metrics in this dataset?,True,graph_check,e8b9706a-a447-4e0c-be64-cc5d7acbb11a,['SUPPORTED_BY'],0,3,The retrieved facts do not cover the primary source cited for Axis Bank's most recent financial metrics.,Relevant
What is the single primary source cited for Kotak Mahindra Bank's most recent financial metrics in this dataset?,True,graph_check,7db3e390-676f-4e46-966c-45f455a2e640,['SUPPORTED_BY'],0,4,The retrieved facts do not mention the primary source cited for Kotak Mahindra Bank's most recent financial metrics.,Relevant
What is the single primary source cited for IndusInd Bank's most recent financial metrics in this dataset?,True,graph_check,4212ea87-cc68-4d83-b9de-f99f629011de,['SUPPORTED_BY'],0,3,The retrieved facts do not cover the primary source cited for IndusInd Bank's most recent financial metrics.,Relevant
What is the single primary source cited for Yes Bank's most recent financial metrics in this dataset?,True,graph_check,c456f4b2-ca3b-4494-931c-db4e0c3ff3d8,['SUPPORTED_BY'],0,4,The retrieved facts do not mention the primary source cited for Yes Bank's most recent financial metrics.,Relevant
What is the single primary source cited for IDFC First Bank's most recent financial metrics in this dataset?,True,graph_check,aa5b8ff4-0579-4529-87bb-ad8e214ba77b,['SUPPORTED_BY'],0,4,The retrieved facts do not cover the primary source cited for IDFC First Bank's most recent financial metrics.,Relevant
What is the single primary source cited for Federal Bank's most recent financial metrics in this dataset?,True,graph_check,cdc54c14-4841-485f-9367-55abd39e099e,['SUPPORTED_BY'],0,4,The retrieved facts do not mention the primary source cited for Federal Bank's most recent financial metrics.,Relevant
What is the single primary source cited for RBL Bank's most recent financial metrics in this dataset?,True,graph_check,5d8a90d7-6178-4821-84d5-7dce0785f0aa,['SUPPORTED_BY'],0,4,The retrieved facts do not cover the primary source cited for RBL Bank's most recent financial metrics.,Relevant
What is the single primary source cited for South Indian Bank's most recent financial metrics in this dataset?,True,graph_check,da75b497-7522-4871-8df9-173b6b7f0407,['SUPPORTED_BY'],0,4,The retrieved facts do not cover the primary source cited for South Indian Bank's most recent financial metrics.,Relevant
What is the single primary source cited for Karur Vysya Bank's most recent financial metrics in this dataset?,True,graph_check,05ce5ca5-7af6-45a7-aa25-28cc953d4c56,['SUPPORTED_BY'],0,5,The retrieved facts do not cover the primary source cited for Karur Vysya Bank's most recent financial metrics.,Relevant
What is the single primary source cited for City Union Bank's most recent financial metrics in this dataset?,True,graph_check,9a0d8f96-3447-4532-97ce-021f12253399,['SUPPORTED_BY'],0,4,The retrieved facts do not cover the primary source cited for City Union Bank's most recent financial metrics.,Relevant
What is the single primary source cited for DCB Bank's most recent financial metrics in this dataset?,True,graph_check,597741f2-edce-4910-b132-f04c2c375a72,['SUPPORTED_BY'],0,3,The retrieved facts do not cover the single primary source cited for DCB Bank's most recent financial metrics.,Relevant
What is the single primary source cited for Karnataka Bank's most recent financial metrics in this dataset?,True,graph_check,07f29a92-f862-45a7-856e-4d5fbe477a50,['SUPPORTED_BY'],0,3,The retrieved facts do not cover the primary source cited for Karnataka Bank's most recent financial metrics.,Relevant
What is the single primary source cited for Tamilnad Mercantile Bank's most recent financial metrics in this dataset?,True,graph_check,5e168c27-0019-47a1-ab6e-3539eb1538f2,['SUPPORTED_BY'],0,4,The retrieved facts do not cover the specific primary source cited for Tamilnad Mercantile Bank's most recent financial metrics.,Relevant
What is the single primary source cited for CSB Bank's most recent financial metrics in this dataset?,True,graph_check,4868e74b-b807-4521-b395-c576e4eda387,['SUPPORTED_BY'],0,3,The retrieved facts do not cover the primary source cited for CSB Bank's most recent financial metrics.,Relevant
What is the single primary source cited for Bandhan Bank's most recent financial metrics in this dataset?,True,graph_check,9bfe6b11-0376-4b74-ad31-0f1de9ab4e26,['SUPPORTED_BY'],0,1,The retrieved facts do not mention the primary source cited for Bandhan Bank's most recent financial metrics.,Relevant
What is the single primary source cited for Jammu & Kashmir Bank's most recent financial metrics in this dataset?,True,graph_check,930d5dba-324f-4b48-8a80-c1685eab56ed,['SUPPORTED_BY'],0,5,The retrieved facts do not cover the specific primary source cited for Jammu & Kashmir Bank's most recent financial metrics.,Relevant
What is the single primary source cited for Dhanlaxmi Bank's most recent financial metrics in this dataset?,True,graph_check,a3a35fb3-1a4e-4623-bd0c-c07c91ae9e0c,['SUPPORTED_BY'],0,3,The retrieved facts do not cover the primary source cited for Dhanlaxmi Bank's most recent financial metrics.,Relevant
What is the single primary source cited for IDBI Bank's most recent financial metrics in this dataset?,True,graph_check,ae5a64b2-a28a-4ef7-8a9e-101e3768ba16,['SUPPORTED_BY'],0,4,The retrieved facts do not cover the primary source cited for IDBI Bank's most recent financial metrics.,Relevant
What is the single primary source cited for AU Small Finance Bank's most recent financial metrics in this dataset?,True,graph_check,5eac19fe-2076-46b7-a761-6a12c2542113,['SUPPORTED_BY'],0,8,The retrieved facts do not cover the primary source cited for AU Small Finance Bank's most recent financial metrics.,Relevant
What is the single primary source cited for Equitas Small Finance Bank's most recent financial metrics in this dataset?,True,graph_check,f6d9dd01-aa74-431c-a635-cc406184c407,['SUPPORTED_BY'],0,4,The retrieved facts do not cover the single primary source cited for Equitas Small Finance Bank's most recent financial metrics.,Relevant
What is the single primary source cited for Ujjivan Small Finance Bank's most recent financial metrics in this dataset?,True,graph_check,b6c093cb-78d7-475e-a215-2be544a59fa9,['SUPPORTED_BY'],0,3,The retrieved facts do not cover the primary source cited for Ujjivan Small Finance Bank's most recent financial metrics.,Relevant
What is the single primary source cited for ESAF Small Finance Bank's most recent financial metrics in this dataset?,True,graph_check,13f4e153-ac1b-44a0-aaf2-82e76f19db97,['SUPPORTED_BY'],0,4,The retrieved facts do not cover the single primary source cited for ESAF Small Finance Bank's most recent financial metrics.,Relevant
What is the single primary source cited for Utkarsh Small Finance Bank's most recent financial metrics in this dataset?,True,graph_check,3a06b31f-38ae-4276-b2c6-93e15d8bfabf,['SUPPORTED_BY'],0,4,The retrieved facts do not cover the single primary source cited for Utkarsh Small Finance Bank's most recent financial metrics.,Relevant
What is the single primary source cited for Suryoday Small Finance Bank's most recent financial metrics in this dataset?,True,graph_check,462386a3-7982-4909-9a6f-2a2cbbd09377,['SUPPORTED_BY'],0,4,The retrieved facts do not cover the primary source cited for Suryoday Small Finance Bank's most recent financial metrics.,Relevant
What is the single primary source cited for Jana Small Finance Bank's most recent financial metrics in this dataset?,True,graph_check,611bbf07-0b28-4249-b871-20b5e994c196,['SUPPORTED_BY'],0,4,The retrieved facts do not cover the primary source cited for Jana Small Finance Bank's most recent financial metrics.,Not relevant
"What customer segment does State Bank of India appear to prioritize most, based on its product mix and distribution network?",False,graph_check,a512c753-67dc-4353-9004-6e74f5b5d709,"['OFFERS_PRODUCT', 'SERVES']",9,9,"The retrieved facts do not cover which specific customer segment State Bank of India prioritizes most based on its product mix and distribution network. However, the data shows that the bank serves a diverse range of customers, including retail mass-market customers, High Net Worth Individuals, MSMEs, large corporates, government and institutional clients, and the NRI community, while also issuing credit and debit cards.",Somewhat relevant
"What customer segment does Bank of Baroda appear to prioritize most, based on its product mix and distribution network?",False,graph_check,2254cee1-6db0-4b96-9471-a6a45a3f6b64,"['OFFERS_PRODUCT', 'SERVES']",6,6,The retrieved facts do not cover which specific customer segment Bank of Baroda prioritizes most based on its product mix and distribution network.,Not relevant
"What customer segment does Punjab National Bank appear to prioritize most, based on its product mix and distribution network?",False,graph_check,28601797-b0b6-4793-bc26-2752ed63056b,"['OFFERS_PRODUCT', 'SERVES']",4,4,"The retrieved facts do not cover which customer segment Punjab National Bank appears to prioritize most, as they only outline the bank's standard deposit and loan suite, gold coins and bullion, insurance distribution, and asset-management products without specifying target demographics.",Not relevant
"What customer segment does Canara Bank appear to prioritize most, based on its product mix and distribution network?",True,graph_check,a436d155-4c3f-46b9-ba63-736f6abcd1cf,"['OFFERS_PRODUCT', 'SERVES']",0,5,"Based on its product mix and distribution network, Canara Bank appears to prioritize the retail, agricultural, and MSME customer segments, particularly with a strong franchise in South India.",Relevant
"What customer segment does Union Bank of India appear to prioritize most, based on its product mix and distribution network?",False,graph_check,775db758-b4be-46f3-9c39-937b6fb14466,"['OFFERS_PRODUCT', 'SERVES']",4,4,"The retrieved facts do not indicate that Union Bank of India prioritizes one customer segment over another, as the bank serves the MSME, retail, agricultural, and corporate customer segments with its standard product suite and product offerings.",Relevant
"What customer segment does Bank of India appear to prioritize most, based on its product mix and distribution network?",False,graph_check,1072c755-5223-4800-b399-295cd32a902f,"['OFFERS_PRODUCT', 'SERVES']",4,4,"The retrieved facts do not indicate which specific customer segment Bank of India prioritizes most based on its product mix and distribution network, as they only note that the bank serves agricultural, corporate, MSME, and retail customers.",Somewhat relevant
"What customer segment does Indian Bank appear to prioritize most, based on its product mix and distribution network?",False,graph_check,daf48486-ea5e-45c2-bef1-7129588f4483,"['OFFERS_PRODUCT', 'SERVES']",6,6,"The retrieved facts do not cover which customer segment Indian Bank prioritizes most based on its product mix and distribution network. The provided information only indicates that the bank serves MSME, NRI, retail, agricultural, corporate, and government or institutional customers without specifying any prioritization.",Not relevant
"What customer segment does Central Bank of India appear to prioritize most, based on its product mix and distribution network?",True,graph_check,4d998ac2-533e-40a6-a217-b71dfe465f4c,"['OFFERS_PRODUCT', 'SERVES']",0,5,"Based on its product mix and distribution network, Central Bank of India appears to prioritize the retail, MSME, and agricultural sectors.",Relevant
"What customer segment does Indian Overseas Bank appear to prioritize most, based on its product mix and distribution network?",False,graph_check,d019bebb-cc26-4b4b-ae43-cd32202f6748,"['OFFERS_PRODUCT', 'SERVES', 'OPERATES_IN']",11,11,"The retrieved facts do not indicate which specific customer segment Indian Overseas Bank prioritizes most, though they show the bank serves MSME, NRI, retail, agricultural, and corporate customers, and maintains overseas offices to specifically serve the Tamil diaspora.",Somewhat relevant
"What customer segment does UCO Bank appear to prioritize most, based on its product mix and distribution network?",True,graph_check,62aaa846-bbe6-4e89-8a09-db8194f71fd2,"['OFFERS_PRODUCT', 'SERVES']",0,5,The retrieved facts do not cover the specific customer segment that UCO Bank prioritizes based on its product mix and distribution network.,Not relevant
"What customer segment does Bank of Maharashtra appear to prioritize most, based on its product mix and distribution network?",True,graph_check,28cb9b08-7bcd-4cb7-a686-e71f9cfa2dc6,"['OFFERS_PRODUCT', 'SERVES']",0,6,The retrieved facts do not cover what customer segment Bank of Maharashtra appears to prioritize most based on its product mix and distribution network.,Not relevant
"What customer segment does Punjab & Sind Bank appear to prioritize most, based on its product mix and distribution network?",False,graph_check,2b559985-38e8-4787-a4ec-ddb952007279,"['OFFERS_PRODUCT', 'SERVES']",3,3,"Based on its product mix and distribution network, Punjab & Sind Bank appears to prioritize its agricultural, MSME, and retail franchises, all of which are concentrated in the Punjab region.",Relevant
"What customer segment does HDFC Bank appear to prioritize most, based on its product mix and distribution network?",False,graph_check,fc5ecc71-2b19-4aa7-9a58-348aab4f89eb,"['OFFERS_PRODUCT', 'SERVES']",14,14,"The retrieved facts do not indicate which specific customer segment HDFC Bank prioritizes most. However, the bank serves a diverse customer base—including retail, affluent, SME, mid-market, large-corporate, government, and NRI customers—supported by a product mix that spans home loans, auto loans, personal loans, SME and corporate loans, credit cards, and third-party insurance distribution.",Somewhat relevant
"What customer segment does ICICI Bank appear to prioritize most, based on its product mix and distribution network?",False,graph_check,02db780d-0076-4d28-8fb6-d6d5dd1ded13,"['OFFERS_PRODUCT', 'SERVES']",8,8,"Based on its product mix and distribution network, ICICI Bank appears to prioritize a balanced approach across retail, SME, and corporate segments, as it possesses strong franchises in all three areas alongside offerings for home, auto, and personal loans, credit cards, and specialized business-banking products.",Relevant
"What customer segment does Axis Bank appear to prioritize most, based on its product mix and distribution network?",False,graph_check,e8b9706a-a447-4e0c-be64-cc5d7acbb11a,"['OFFERS_PRODUCT', 'SERVES']",2,2,"Based on the retrieved facts, the specific customer segment that Axis Bank appears to prioritize most is not covered. However, the facts do note that Axis Bank serves the retail business segment and offers wealth management services under the Burgundy brand.",Somewhat relevant
"What customer segment does Kotak Mahindra Bank appear to prioritize most, based on its product mix and distribution network?",False,graph_check,7db3e390-676f-4e46-966c-45f455a2e640,"['OFFERS_PRODUCT', 'SERVES']",3,3,"Based on its product mix and distribution network, Kotak Mahindra Bank appears to prioritize the retail and SME segments through a conservative, historically high-margin franchise and a digital banking platform named 811.",Relevant
"What customer segment does IndusInd Bank appear to prioritize most, based on its product mix and distribution network?",False,graph_check,4212ea87-cc68-4d83-b9de-f99f629011de,"['OFFERS_PRODUCT', 'SERVES']",1,1,The retrieved facts do not cover what customer segment IndusInd Bank prioritizes most based on its product mix and distribution network.,Not relevant
"What customer segment does Yes Bank appear to prioritize most, based on its product mix and distribution network?",True,graph_check,c456f4b2-ca3b-4494-931c-db4e0c3ff3d8,"['OFFERS_PRODUCT', 'SERVES']",0,4,The retrieved facts do not cover the specific customer segments that Yes Bank prioritizes based on its product mix and distribution network.,Not relevant
"What customer segment does IDFC First Bank appear to prioritize most, based on its product mix and distribution network?",False,graph_check,aa5b8ff4-0579-4529-87bb-ad8e214ba77b,"['OFFERS_PRODUCT', 'SERVES']",1,1,"The retrieved facts do not cover what customer segment IDFC First Bank appears to prioritize most based on its product mix and distribution network, as the available information only notes that the bank offers fixed deposits to its customers.",Not relevant
"What customer segment does Federal Bank appear to prioritize most, based on its product mix and distribution network?",False,graph_check,cdc54c14-4841-485f-9367-55abd39e099e,"['OFFERS_PRODUCT', 'SERVES']",3,3,"Federal Bank appears to prioritize its retail base most, as evidenced by a strong tilt toward the Kerala NRI diaspora within its customer segments. Additionally, the bank serves small and medium-sized enterprise clients alongside large-corporate clients.",Relevant
"What customer segment does RBL Bank appear to prioritize most, based on its product mix and distribution network?",False,graph_check,5d8a90d7-6178-4821-84d5-7dce0785f0aa,"['OFFERS_PRODUCT', 'SERVES']",8,8,"Based on its product mix and operations, RBL Bank serves a diverse customer base that includes high-net-worth individuals, MSMEs, large corporates, government entities, young professionals, entrepreneurs, and startups, while also offering credit cards particularly within its digital payments operations. The retrieved facts do not specify which single customer segment the bank prioritizes most among these groups.",Somewhat relevant
"What customer segment does South Indian Bank appear to prioritize most, based on its product mix and distribution network?",False,graph_check,da75b497-7522-4871-8df9-173b6b7f0407,"['OFFERS_PRODUCT', 'SERVES']",4,4,"The retrieved facts do not provide specific details regarding product mix and distribution network to determine which customer segment South Indian Bank prioritizes most, though they note the bank serves the NRI, retail, corporate, and SME segments.",Somewhat relevant
"What customer segment does Karur Vysya Bank appear to prioritize most, based on its product mix and distribution network?",False,graph_check,05ce5ca5-7af6-45a7-aa25-28cc953d4c56,"['OFFERS_PRODUCT', 'SERVES']",4,4,"Based on its product mix and distribution network, Karur Vysya Bank serves the retail, agriculture, and MSME segments, and has highlighted an explicit portfolio shift toward RAM segments on its earnings call.",Relevant
"What customer segment does City Union Bank appear to prioritize most, based on its product mix and distribution network?",False,graph_check,9a0d8f96-3447-4532-97ce-021f12253399,"['OFFERS_PRODUCT', 'SERVES']",2,2,"Based on its business model, City Union Bank appears to primarily prioritize the MSME and retail customer segments.",Relevant
"What customer segment does DCB Bank appear to prioritize most, based on its product mix and distribution network?",True,graph_check,597741f2-edce-4910-b132-f04c2c375a72,"['OFFERS_PRODUCT', 'SERVES']",0,3,"Based on its product mix and distribution network, DCB Bank appears to prioritize the retail and SME customer segments. This focus is built around granular secured lending, including mortgages, gold loans, and MSME credit, operating under a universal banking license.",Relevant
"What customer segment does Karnataka Bank appear to prioritize most, based on its product mix and distribution network?",True,graph_check,07f29a92-f862-45a7-856e-4d5fbe477a50,"['OFFERS_PRODUCT', 'SERVES']",0,3,"Based on its product mix and distribution network, Karnataka Bank appears to prioritize the retail and SME segments through its universal-bank model. It serves a customer base of over 11 million individuals and businesses utilizing its network of branches, ATMs, cash recyclers, and e-lobbies.",Relevant
"What customer segment does Tamilnad Mercantile Bank appear to prioritize most, based on its product mix and distribution network?",True,graph_check,5e168c27-0019-47a1-ab6e-3539eb1538f2,"['OFFERS_PRODUCT', 'SERVES']",0,4,"Tamilnad Mercantile Bank appears to prioritize retail, MSME, and agricultural customer segments most, as reflected in its traditional South India-focused model featuring a heavy gold-loan and rural/semi-urban franchise.",Relevant
"What customer segment does CSB Bank appear to prioritize most, based on its product mix and distribution network?",True,graph_check,4868e74b-b807-4521-b395-c576e4eda387,"['OFFERS_PRODUCT', 'SERVES']",0,3,"The retrieved facts do not cover CSB Bank's product mix, distribution network, or customer segment prioritization.",Not relevant
"What customer segment does Bandhan Bank appear to prioritize most, based on its product mix and distribution network?",False,graph_check,9bfe6b11-0376-4b74-ad31-0f1de9ab4e26,"['OFFERS_PRODUCT', 'SERVES']",4,4,"Based on its product mix and distribution network, Bandhan Bank appears to prioritize rural and semi-urban unbanked households, alongside its established microfinance base, micro-entrepreneurs, MSMEs, and corporate customers.",Relevant
"What customer segment does Jammu & Kashmir Bank appear to prioritize most, based on its product mix and distribution network?",False,graph_check,930d5dba-324f-4b48-8a80-c1685eab56ed,"['OFFERS_PRODUCT', 'SERVES']",6,6,"Based on its customer base, Jammu & Kashmir Bank serves a diverse segment that includes corporate clients, government and semi-government employees, farmers, artisans, public sector undertakings, and households. However, the retrieved facts do not indicate which specific customer segment the bank prioritizes most.",Somewhat relevant
"What customer segment does Dhanlaxmi Bank appear to prioritize most, based on its product mix and distribution network?",True,graph_check,a3a35fb3-1a4e-4623-bd0c-c07c91ae9e0c,"['OFFERS_PRODUCT', 'SERVES']",0,3,The retrieved facts do not cover what customer segment Dhanlaxmi Bank appears to prioritize most based on its product mix and distribution network.,Not relevant
"What customer segment does IDBI Bank appear to prioritize most, based on its product mix and distribution network?",False,graph_check,ae5a64b2-a28a-4ef7-8a9e-101e3768ba16,"['OFFERS_PRODUCT', 'SERVES']",4,4,"Based on its universal banking business, IDBI Bank serves MSME, retail, agricultural, and corporate customers. The retrieved facts do not indicate that the bank prioritizes any single one of these customer segments over the others.",Relevant
"What customer segment does AU Small Finance Bank appear to prioritize most, based on its product mix and distribution network?",True,graph_check,5eac19fe-2076-46b7-a761-6a12c2542113,"['OFFERS_PRODUCT', 'SERVES']",0,8,"Based on its product mix, AU Small Finance Bank appears to prioritize vehicle finance, MSME, retail, wholesale, and digital banking as part of its core business. However, the retrieved facts do not specifically indicate which of these segments the bank prioritizes *most*.",Somewhat relevant
"What customer segment does Equitas Small Finance Bank appear to prioritize most, based on its product mix and distribution network?",True,graph_check,f6d9dd01-aa74-431c-a635-cc406184c407,"['OFFERS_PRODUCT', 'SERVES']",0,4,"Equitas Small Finance Bank appears to prioritize a diversified retail customer segment, with a particular focus on small-business and MSE lending, vehicle finance, affordable housing, and microfinance. This priority is driven through its standalone listed small finance bank model headquartered in Chennai, Tamil Nadu.",Relevant
"What customer segment does Ujjivan Small Finance Bank appear to prioritize most, based on its product mix and distribution network?",True,graph_check,b6c093cb-78d7-475e-a215-2be544a59fa9,"['OFFERS_PRODUCT', 'SERVES']",0,3,The retrieved facts do not cover the specific customer segment that Ujjivan Small Finance Bank appears to prioritize most based on its product mix and distribution network.,Not relevant
"What customer segment does ESAF Small Finance Bank appear to prioritize most, based on its product mix and distribution network?",True,graph_check,13f4e153-ac1b-44a0-aaf2-82e76f19db97,"['OFFERS_PRODUCT', 'SERVES']",0,4,"Based on the retrieved facts, ESAF Small Finance Bank converted from the ESAF Microfinance/NBFC-MFI group, but the provided facts do not contain specific information regarding its product mix or distribution network to determine which customer segment it prioritizes most.",Not relevant
"What customer segment does Utkarsh Small Finance Bank appear to prioritize most, based on its product mix and distribution network?",True,graph_check,3a06b31f-38ae-4276-b2c6-93e15d8bfabf,"['OFFERS_PRODUCT', 'SERVES']",0,4,"Based on its historical operations, Utkarsh Small Finance Bank appears to prioritize the microfinance segment through a joint liability group (JLG) heavy model, though it is currently pushing to grow its non-JLG, secured-retail book.",Relevant
"What customer segment does Suryoday Small Finance Bank appear to prioritize most, based on its product mix and distribution network?",True,graph_check,462386a3-7982-4909-9a6f-2a2cbbd09377,"['OFFERS_PRODUCT', 'SERVES']",0,4,"Based on its operational model, Suryoday Small Finance Bank appears to prioritize the microfinance customer segment through an urban and semi-urban microfinance-origin approach.",Relevant
"What customer segment does Jana Small Finance Bank appear to prioritize most, based on its product mix and distribution network?",False,graph_check,611bbf07-0b28-4249-b871-20b5e994c196,"['OFFERS_PRODUCT', 'SERVES']",2,2,"Based on its product mix and distribution network, Jana Small Finance Bank appears to prioritize the MSME banking segment. Additionally, the bank supports this focus with a digital-banking push branded as DigiGen.",Relevant
"What is State Bank of India's cost-to-income ratio, and how does it compare with the average for its segment?",False,graph_check,a512c753-67dc-4353-9004-6e74f5b5d709,"['HAS_METRIC', 'MetricObservation']",1,1,"State Bank of India recorded a cost-to-income ratio of 46.71% in the June 2026 quarter, which is stronger by 8.69 percentage points compared to the universal bank segment average of 55.4 for its peer group of 8 other companies.",Relevant
"What is Bank of Baroda's cost-to-income ratio, and how does it compare with the average for its segment?",True,graph_check,2254cee1-6db0-4b96-9471-a6a45a3f6b64,"['HAS_METRIC', 'MetricObservation']",0,0,,Not relevant
"What is Punjab National Bank's cost-to-income ratio, and how does it compare with the average for its segment?",False,graph_check,28601797-b0b6-4793-bc26-2752ed63056b,"['HAS_METRIC', 'MetricObservation']",1,0,,Not relevant
"What is Canara Bank's cost-to-income ratio, and how does it compare with the average for its segment?",False,graph_check,a436d155-4c3f-46b9-ba63-736f6abcd1cf,"['HAS_METRIC', 'MetricObservation']",1,1,"Canara Bank reported a cost-to-income ratio of 49.03% in Q1 FY27, which is stronger by 6.37 percentage points compared to the Public Sector Banks segment average of 55.4%.",Relevant
"What is Union Bank of India's cost-to-income ratio, and how does it compare with the average for its segment?",False,graph_check,775db758-b4be-46f3-9c39-937b6fb14466,"['HAS_METRIC', 'MetricObservation']",1,0,,Not relevant
"What is Bank of India's cost-to-income ratio, and how does it compare with the average for its segment?",False,graph_check,1072c755-5223-4800-b399-295cd32a902f,"['HAS_METRIC', 'MetricObservation']",1,0,,Not relevant
"What is Indian Bank's cost-to-income ratio, and how does it compare with the average for its segment?",True,graph_check,daf48486-ea5e-45c2-bef1-7129588f4483,"['HAS_METRIC', 'MetricObservation']",0,0,,Not relevant
"What is Central Bank of India's cost-to-income ratio, and how does it compare with the average for its segment?",False,graph_check,4d998ac2-533e-40a6-a217-b71dfe465f4c,"['HAS_METRIC', 'MetricObservation']",1,2,"Central Bank of India's cost-to-income ratio stood at 55.40%, which compares to a segment average of 49.03% across 7 other public sector banks and 46.71% across 8 other universal banks. This places the bank's ratio 6.37 percentage points above the public sector bank average and 8.69 percentage points above the universal bank average, indicating a higher cost relative to income than both peer groups.",Relevant
"What is Indian Overseas Bank's cost-to-income ratio, and how does it compare with the average for its segment?",False,graph_check,d019bebb-cc26-4b4b-ae43-cd32202f6748,"['HAS_METRIC', 'MetricObservation', 'OPERATES_IN']",1,0,,Not relevant
"What is UCO Bank's cost-to-income ratio, and how does it compare with the average for its segment?",True,graph_check,62aaa846-bbe6-4e89-8a09-db8194f71fd2,"['HAS_METRIC', 'MetricObservation']",0,0,,Not relevant
"What is Bank of Maharashtra's cost-to-income ratio, and how does it compare with the average for its segment?",True,graph_check,28cb9b08-7bcd-4cb7-a686-e71f9cfa2dc6,"['HAS_METRIC', 'MetricObservation']",0,0,,Not relevant
"What is Punjab & Sind Bank's cost-to-income ratio, and how does it compare with the average for its segment?",True,graph_check,2b559985-38e8-4787-a4ec-ddb952007279,"['HAS_METRIC', 'MetricObservation']",0,0,,Not relevant
"What is HDFC Bank's cost-to-income ratio, and how does it compare with the average for its segment?",False,graph_check,fc5ecc71-2b19-4aa7-9a58-348aab4f89eb,"['HAS_METRIC', 'MetricObservation']",1,1,"HDFC Bank operated with a cost-to-income ratio of 39.2% in Q1 FY27, which is higher than the average of 38.5% for its Private Sector Banks segment. This places HDFC Bank's ratio 0.7 percentage points above the peer group average.",Relevant
"What is ICICI Bank's cost-to-income ratio, and how does it compare with the average for its segment?",False,graph_check,02db780d-0076-4d28-8fb6-d6d5dd1ded13,"['HAS_METRIC', 'MetricObservation']",1,1,"ICICI Bank reported a Q1 FY27 cost-to-income ratio of roughly 38.5%, which compares favorably to the private sector banking segment average of 39.2% across five other companies by 0.7 percentage points.",Relevant
"What is Axis Bank's cost-to-income ratio, and how does it compare with the average for its segment?",True,graph_check,e8b9706a-a447-4e0c-be64-cc5d7acbb11a,"['HAS_METRIC', 'MetricObservation']",0,0,,Not relevant
"What is Kotak Mahindra Bank's cost-to-income ratio, and how does it compare with the average for its segment?",False,graph_check,7db3e390-676f-4e46-966c-45f455a2e640,"['HAS_METRIC', 'MetricObservation']",1,0,,Not relevant
"What is IndusInd Bank's cost-to-income ratio, and how does it compare with the average for its segment?",True,graph_check,4212ea87-cc68-4d83-b9de-f99f629011de,"['HAS_METRIC', 'MetricObservation']",0,0,,Not relevant
"What is Yes Bank's cost-to-income ratio, and how does it compare with the average for its segment?",False,graph_check,c456f4b2-ca3b-4494-931c-db4e0c3ff3d8,"['HAS_METRIC', 'MetricObservation']",1,0,,Not relevant
"What is IDFC First Bank's cost-to-income ratio, and how does it compare with the average for its segment?",True,graph_check,aa5b8ff4-0579-4529-87bb-ad8e214ba77b,"['HAS_METRIC', 'MetricObservation']",0,0,,Not relevant
"What is Federal Bank's cost-to-income ratio, and how does it compare with the average for its segment?",True,graph_check,cdc54c14-4841-485f-9367-55abd39e099e,"['HAS_METRIC', 'MetricObservation']",0,0,,Not relevant
"What is RBL Bank's cost-to-income ratio, and how does it compare with the average for its segment?",True,graph_check,5d8a90d7-6178-4821-84d5-7dce0785f0aa,"['HAS_METRIC', 'MetricObservation']",0,0,,Not relevant
"What is South Indian Bank's cost-to-income ratio, and how does it compare with the average for its segment?",True,graph_check,da75b497-7522-4871-8df9-173b6b7f0407,"['HAS_METRIC', 'MetricObservation']",0,0,,Not relevant
"What is Karur Vysya Bank's cost-to-income ratio, and how does it compare with the average for its segment?",True,graph_check,05ce5ca5-7af6-45a7-aa25-28cc953d4c56,"['HAS_METRIC', 'MetricObservation']",0,0,,Not relevant
"What is City Union Bank's cost-to-income ratio, and how does it compare with the average for its segment?",False,graph_check,9a0d8f96-3447-4532-97ce-021f12253399,"['HAS_METRIC', 'MetricObservation']",1,0,,Not relevant
"What is DCB Bank's cost-to-income ratio, and how does it compare with the average for its segment?",False,graph_check,597741f2-edce-4910-b132-f04c2c375a72,"['HAS_METRIC', 'MetricObservation']",1,1,"DCB Bank's cost-to-income ratio remained elevated at 60.92%. The retrieved facts do not cover the average cost-to-income ratio for its segment, so a comparison cannot be made.",Somewhat relevant
"What is Karnataka Bank's cost-to-income ratio, and how does it compare with the average for its segment?",True,graph_check,07f29a92-f862-45a7-856e-4d5fbe477a50,"['HAS_METRIC', 'MetricObservation']",0,0,,Not relevant
"What is Tamilnad Mercantile Bank's cost-to-income ratio, and how does it compare with the average for its segment?",True,graph_check,5e168c27-0019-47a1-ab6e-3539eb1538f2,"['HAS_METRIC', 'MetricObservation']",0,0,,Not relevant
"What is CSB Bank's cost-to-income ratio, and how does it compare with the average for its segment?",True,graph_check,4868e74b-b807-4521-b395-c576e4eda387,"['HAS_METRIC', 'MetricObservation']",0,0,,Not relevant
"What is Bandhan Bank's cost-to-income ratio, and how does it compare with the average for its segment?",True,graph_check,9bfe6b11-0376-4b74-ad31-0f1de9ab4e26,"['HAS_METRIC', 'MetricObservation']",0,0,,Not relevant
"What is Jammu & Kashmir Bank's cost-to-income ratio, and how does it compare with the average for its segment?",True,graph_check,930d5dba-324f-4b48-8a80-c1685eab56ed,"['HAS_METRIC', 'MetricObservation']",0,0,,Not relevant
"What is Dhanlaxmi Bank's cost-to-income ratio, and how does it compare with the average for its segment?",True,graph_check,a3a35fb3-1a4e-4623-bd0c-c07c91ae9e0c,"['HAS_METRIC', 'MetricObservation']",0,0,,Not relevant
"What is IDBI Bank's cost-to-income ratio, and how does it compare with the average for its segment?",True,graph_check,ae5a64b2-a28a-4ef7-8a9e-101e3768ba16,"['HAS_METRIC', 'MetricObservation']",0,0,,Not relevant
"What is AU Small Finance Bank's cost-to-income ratio, and how does it compare with the average for its segment?",True,graph_check,5eac19fe-2076-46b7-a761-6a12c2542113,"['HAS_METRIC', 'MetricObservation']",0,0,,Not relevant
"What is Equitas Small Finance Bank's cost-to-income ratio, and how does it compare with the average for its segment?",True,graph_check,f6d9dd01-aa74-431c-a635-cc406184c407,"['HAS_METRIC', 'MetricObservation']",0,0,,Not relevant
"What is Ujjivan Small Finance Bank's cost-to-income ratio, and how does it compare with the average for its segment?",True,graph_check,b6c093cb-78d7-475e-a215-2be544a59fa9,"['HAS_METRIC', 'MetricObservation']",0,0,,Not relevant
"What is ESAF Small Finance Bank's cost-to-income ratio, and how does it compare with the average for its segment?",True,graph_check,13f4e153-ac1b-44a0-aaf2-82e76f19db97,"['HAS_METRIC', 'MetricObservation']",0,0,,Not relevant
"What is Utkarsh Small Finance Bank's cost-to-income ratio, and how does it compare with the average for its segment?",True,graph_check,3a06b31f-38ae-4276-b2c6-93e15d8bfabf,"['HAS_METRIC', 'MetricObservation']",0,0,,Not relevant
"What is Suryoday Small Finance Bank's cost-to-income ratio, and how does it compare with the average for its segment?",True,graph_check,462386a3-7982-4909-9a6f-2a2cbbd09377,"['HAS_METRIC', 'MetricObservation']",0,0,,Not relevant
"What is Jana Small Finance Bank's cost-to-income ratio, and how does it compare with the average for its segment?",True,graph_check,611bbf07-0b28-4249-b871-20b5e994c196,"['HAS_METRIC', 'MetricObservation']",0,0,,Not relevant
"What is State Bank of India's provision coverage ratio, and what does that imply about its NPA cushion?",False,graph_check,a512c753-67dc-4353-9004-6e74f5b5d709,"['HAS_METRIC', 'MetricObservation']",12,12,"State Bank of India recorded a provision coverage ratio of 74.20%, which increases to 91.82% including technical write-offs, in the June 2026 quarter. The retrieved facts do not cover the specific implications of this ratio regarding its non-performing asset cushion.",Somewhat relevant
"What is Bank of Baroda's provision coverage ratio, and what does that imply about its NPA cushion?",False,graph_check,2254cee1-6db0-4b96-9471-a6a45a3f6b64,"['HAS_METRIC', 'MetricObservation']",15,15,Bank of Baroda reported a provision coverage ratio of 93.28% including technical write-offs in Q1 FY27. The provided facts do not contain information regarding what this ratio implies about the bank's NPA cushion.,Somewhat relevant
"What is Punjab National Bank's provision coverage ratio, and what does that imply about its NPA cushion?",False,graph_check,28601797-b0b6-4793-bc26-2752ed63056b,"['HAS_METRIC', 'MetricObservation']",13,13,"Punjab National Bank's provision coverage ratio stood at 97.23% as of June 30, 2026. The provided facts do not contain information regarding what this ratio implies about its NPA cushion.",Somewhat relevant
"What is Canara Bank's provision coverage ratio, and what does that imply about its NPA cushion?",False,graph_check,a436d155-4c3f-46b9-ba63-736f6abcd1cf,"['HAS_METRIC', 'MetricObservation']",13,13,Canara Bank reported a provision coverage ratio of 94.76% in Q1 FY27. The provided facts do not contain information explaining what this implies about its NPA cushion.,Somewhat relevant
"What is Union Bank of India's provision coverage ratio, and what does that imply about its NPA cushion?",False,graph_check,775db758-b4be-46f3-9c39-937b6fb14466,"['HAS_METRIC', 'MetricObservation']",14,14,The retrieved facts do not cover Union Bank of India's provision coverage ratio or what it implies about its NPA cushion.,Not relevant
"What is Bank of India's provision coverage ratio, and what does that imply about its NPA cushion?",False,graph_check,1072c755-5223-4800-b399-295cd32a902f,"['HAS_METRIC', 'MetricObservation']",12,12,"Bank of India recorded a provision coverage ratio of 93.63% in Q1 FY27. This high ratio implies a very strong cushion against non-performing assets, indicating that the bank has adequately provided for potential bad loans.",Relevant
"What is Indian Bank's provision coverage ratio, and what does that imply about its NPA cushion?",False,graph_check,daf48486-ea5e-45c2-bef1-7129588f4483,"['HAS_METRIC', 'MetricObservation']",7,7,Indian Bank achieved a provision coverage ratio of 98.22%. The provided facts do not explain what this ratio implies about the bank's NPA cushion.,Somewhat relevant
"What is Central Bank of India's provision coverage ratio, and what does that imply about its NPA cushion?",False,graph_check,4d998ac2-533e-40a6-a217-b71dfe465f4c,"['HAS_METRIC', 'MetricObservation']",13,13,Central Bank of India maintained a provision coverage ratio of 95.86% in Q1 FY27. The provided facts do not detail what that ratio implies about the bank's NPA cushion.,Somewhat relevant
"What is Indian Overseas Bank's provision coverage ratio, and what does that imply about its NPA cushion?",False,graph_check,d019bebb-cc26-4b4b-ae43-cd32202f6748,"['HAS_METRIC', 'MetricObservation', 'OPERATES_IN']",18,15,"Indian Overseas Bank reported a provision coverage ratio of 97.67%, which is not accompanied by facts explaining what that implies about its NPA cushion. Therefore, the retrieved facts do not cover the implication regarding its NPA cushion.",Somewhat relevant
"What is UCO Bank's provision coverage ratio, and what does that imply about its NPA cushion?",False,graph_check,62aaa846-bbe6-4e89-8a09-db8194f71fd2,"['HAS_METRIC', 'MetricObservation']",7,7,"The retrieved facts do not cover UCO Bank's provision coverage ratio, so the cushion provided by that ratio cannot be determined from the available information.",Not relevant
"What is Bank of Maharashtra's provision coverage ratio, and what does that imply about its NPA cushion?",False,graph_check,28cb9b08-7bcd-4cb7-a686-e71f9cfa2dc6,"['HAS_METRIC', 'MetricObservation']",3,3,The retrieved facts do not cover Bank of Maharashtra's provision coverage ratio or its implications for the NPA cushion.,Not relevant
"What is Punjab & Sind Bank's provision coverage ratio, and what does that imply about its NPA cushion?",False,graph_check,2b559985-38e8-4787-a4ec-ddb952007279,"['HAS_METRIC', 'MetricObservation']",10,10,The retrieved facts do not cover Punjab & Sind Bank's provision coverage ratio or its implications for its NPA cushion.,Not relevant
"What is HDFC Bank's provision coverage ratio, and what does that imply about its NPA cushion?",False,graph_check,fc5ecc71-2b19-4aa7-9a58-348aab4f89eb,"['HAS_METRIC', 'MetricObservation']",13,13,HDFC Bank maintained a provision coverage ratio of 66% in Q1 FY27. The provided facts do not detail what this implies about its NPA cushion.,Somewhat relevant
"What is ICICI Bank's provision coverage ratio, and what does that imply about its NPA cushion?",False,graph_check,02db780d-0076-4d28-8fb6-d6d5dd1ded13,"['HAS_METRIC', 'MetricObservation']",10,10,"ICICI Bank reported a provision coverage ratio of 74.7% for Q1 FY27, which indicates a robust cushion against non-performing assets.",Relevant
"What is Axis Bank's provision coverage ratio, and what does that imply about its NPA cushion?",False,graph_check,e8b9706a-a447-4e0c-be64-cc5d7acbb11a,"['HAS_METRIC', 'MetricObservation']",12,12,"Axis Bank maintained a provision coverage ratio of 70%, which provides a solid cushion by covering a significant portion of its non-performing assets.",Relevant
"What is Kotak Mahindra Bank's provision coverage ratio, and what does that imply about its NPA cushion?",False,graph_check,7db3e390-676f-4e46-966c-45f455a2e640,"['HAS_METRIC', 'MetricObservation']",17,15,"A valid provision coverage figure could not be located for Kotak Mahindra Bank, meaning the retrieved facts do not cover its specific ratio or cushion implications.",Not relevant
"What is IndusInd Bank's provision coverage ratio, and what does that imply about its NPA cushion?",False,graph_check,4212ea87-cc68-4d83-b9de-f99f629011de,"['HAS_METRIC', 'MetricObservation']",13,13,IndusInd Bank reported a Q1 FY27 provision coverage ratio of 71%. The retrieved facts do not cover what that implies about its NPA cushion.,Somewhat relevant
"What is Yes Bank's provision coverage ratio, and what does that imply about its NPA cushion?",False,graph_check,c456f4b2-ca3b-4494-931c-db4e0c3ff3d8,"['HAS_METRIC', 'MetricObservation']",12,12,The retrieved facts do not cover Yes Bank's provision coverage ratio or what it implies about its NPA cushion.,Not relevant
"What is IDFC First Bank's provision coverage ratio, and what does that imply about its NPA cushion?",False,graph_check,aa5b8ff4-0579-4529-87bb-ad8e214ba77b,"['HAS_METRIC', 'MetricObservation']",10,10,The retrieved facts do not cover IDFC First Bank's provision coverage ratio or what it implies about its NPA cushion.,Not relevant
"What is Federal Bank's provision coverage ratio, and what does that imply about its NPA cushion?",False,graph_check,cdc54c14-4841-485f-9367-55abd39e099e,"['HAS_METRIC', 'MetricObservation']",9,9,"Federal Bank reported a provision coverage metric of 87%, which indicates a strong cushion against its non-performing assets.",Relevant
"What is RBL Bank's provision coverage ratio, and what does that imply about its NPA cushion?",False,graph_check,5d8a90d7-6178-4821-84d5-7dce0785f0aa,"['HAS_METRIC', 'MetricObservation']",8,8,The retrieved facts do not cover RBL Bank's provision coverage ratio or what it implies about its NPA cushion.,Not relevant
"What is South Indian Bank's provision coverage ratio, and what does that imply about its NPA cushion?",False,graph_check,da75b497-7522-4871-8df9-173b6b7f0407,"['HAS_METRIC', 'MetricObservation']",12,12,The retrieved facts do not cover South Indian Bank's provision coverage ratio or what it implies about its NPA cushion.,Not relevant
"What is Karur Vysya Bank's provision coverage ratio, and what does that imply about its NPA cushion?",False,graph_check,05ce5ca5-7af6-45a7-aa25-28cc953d4c56,"['HAS_METRIC', 'MetricObservation']",10,10,Karur Vysya Bank reported a provision coverage ratio of 96.21%. The retrieved facts do not cover what this implies about its NPA cushion.,Somewhat relevant
"What is City Union Bank's provision coverage ratio, and what does that imply about its NPA cushion?",False,graph_check,9a0d8f96-3447-4532-97ce-021f12253399,"['HAS_METRIC', 'MetricObservation']",16,15,"City Union Bank reported a Q1 FY27 provision coverage ratio of 85% including technical write-offs, or 65% excluding them. The provided facts do not detail what this implies about its NPA cushion.",Somewhat relevant
"What is DCB Bank's provision coverage ratio, and what does that imply about its NPA cushion?",False,graph_check,597741f2-edce-4910-b132-f04c2c375a72,"['HAS_METRIC', 'MetricObservation']",17,15,DCB Bank recorded a provision coverage ratio of 79.81% in Q1 FY27. The provided facts do not detail what this ratio implies about its NPA cushion.,Somewhat relevant
"What is Karnataka Bank's provision coverage ratio, and what does that imply about its NPA cushion?",False,graph_check,07f29a92-f862-45a7-856e-4d5fbe477a50,"['HAS_METRIC', 'MetricObservation']",5,5,The retrieved facts do not cover Karnataka Bank's provision coverage ratio or what it implies about its NPA cushion.,Not relevant
"What is Tamilnad Mercantile Bank's provision coverage ratio, and what does that imply about its NPA cushion?",False,graph_check,5e168c27-0019-47a1-ab6e-3539eb1538f2,"['HAS_METRIC', 'MetricObservation']",6,6,The retrieved facts do not cover Tamilnad Mercantile Bank's provision coverage ratio or what it implies about its NPA cushion.,Not relevant
"What is CSB Bank's provision coverage ratio, and what does that imply about its NPA cushion?",False,graph_check,4868e74b-b807-4521-b395-c576e4eda387,"['HAS_METRIC', 'MetricObservation']",9,9,CSB Bank reported a strong provision coverage ratio of 86.83% in Q1 FY27. The provided facts do not detail what this ratio implies about its NPA cushion.,Somewhat relevant
"What is Bandhan Bank's provision coverage ratio, and what does that imply about its NPA cushion?",False,graph_check,9bfe6b11-0376-4b74-ad31-0f1de9ab4e26,"['HAS_METRIC', 'MetricObservation']",9,9,Bandhan Bank reported a provision coverage ratio of 71.1% in Q1 FY27. The provided facts do not detail what this ratio implies about its NPA cushion.,Somewhat relevant
"What is Jammu & Kashmir Bank's provision coverage ratio, and what does that imply about its NPA cushion?",False,graph_check,930d5dba-324f-4b48-8a80-c1685eab56ed,"['HAS_METRIC', 'MetricObservation']",7,7,Jammu & Kashmir Bank's provision coverage ratio stood at 90.53%. The retrieved facts do not provide information on what this implies about its NPA cushion.,Somewhat relevant
"What is Dhanlaxmi Bank's provision coverage ratio, and what does that imply about its NPA cushion?",False,graph_check,a3a35fb3-1a4e-4623-bd0c-c07c91ae9e0c,"['HAS_METRIC', 'MetricObservation']",6,6,The retrieved facts do not provide information on Dhanlaxmi Bank's provision coverage ratio or its NPA cushion.,Not relevant
"What is IDBI Bank's provision coverage ratio, and what does that imply about its NPA cushion?",False,graph_check,ae5a64b2-a28a-4ef7-8a9e-101e3768ba16,"['HAS_METRIC', 'MetricObservation']",6,6,The retrieved facts do not cover IDBI Bank's provision coverage ratio or what it implies about its NPA cushion.,Not relevant
"What is AU Small Finance Bank's provision coverage ratio, and what does that imply about its NPA cushion?",False,graph_check,5eac19fe-2076-46b7-a761-6a12c2542113,"['HAS_METRIC', 'MetricObservation']",13,13,"AU Small Finance Bank reported a provision coverage ratio of 85% in Q1 FY27, which indicates a strong cushion against its non-performing assets.",Relevant
"What is Equitas Small Finance Bank's provision coverage ratio, and what does that imply about its NPA cushion?",False,graph_check,f6d9dd01-aa74-431c-a635-cc406184c407,"['HAS_METRIC', 'MetricObservation']",11,11,"Equitas Small Finance Bank reported a provision coverage ratio of 71.02%, or 86.96% when including write-offs. This coverage level provides a substantial cushion to absorb potential losses from its non-performing assets.",Relevant
"What is Ujjivan Small Finance Bank's provision coverage ratio, and what does that imply about its NPA cushion?",False,graph_check,b6c093cb-78d7-475e-a215-2be544a59fa9,"['HAS_METRIC', 'MetricObservation']",8,8,"Ujjivan Small Finance Bank's provision coverage ratio strengthened to 85%. This strong coverage ratio implies a robust NPA cushion, indicating that the bank has adequately provided for potential bad loans.",Relevant
"What is ESAF Small Finance Bank's provision coverage ratio, and what does that imply about its NPA cushion?",False,graph_check,13f4e153-ac1b-44a0-aaf2-82e76f19db97,"['HAS_METRIC', 'MetricObservation']",11,11,"ESAF Small Finance Bank's provision coverage ratio rose to 85.5% in Q1 FY27. This high coverage ratio implies a substantial cushion against non-performing assets, supporting portfolio clean-up and financial stabilization.",Relevant
"What is Utkarsh Small Finance Bank's provision coverage ratio, and what does that imply about its NPA cushion?",False,graph_check,3a06b31f-38ae-4276-b2c6-93e15d8bfabf,"['HAS_METRIC', 'MetricObservation']",9,9,The retrieved facts do not cover Utkarsh Small Finance Bank's provision coverage ratio or what it implies about its NPA cushion.,Not relevant
"What is Suryoday Small Finance Bank's provision coverage ratio, and what does that imply about its NPA cushion?",False,graph_check,462386a3-7982-4909-9a6f-2a2cbbd09377,"['HAS_METRIC', 'MetricObservation']",7,7,The retrieved facts do not cover Suryoday Small Finance Bank's provision coverage ratio or what it implies about its NPA cushion.,Not relevant
"What is Jana Small Finance Bank's provision coverage ratio, and what does that imply about its NPA cushion?",False,graph_check,611bbf07-0b28-4249-b871-20b5e994c196,"['HAS_METRIC', 'MetricObservation']",8,8,The provided facts do not contain information regarding Jana Small Finance Bank's provision coverage ratio or what it implies about its NPA cushion.,Not relevant
"What is State Bank of India's net interest income for the latest reported quarter, and its year-on-year growth rate?",False,graph_check,a512c753-67dc-4353-9004-6e74f5b5d709,"['HAS_METRIC', 'MetricObservation']",12,12,"State Bank of India reported a net interest income of ₹46,992 crore for the June 2026 quarter. This figure represents a year-on-year growth rate of 14.88%.",Relevant
"What is Bank of Baroda's net interest income for the latest reported quarter, and its year-on-year growth rate?",False,graph_check,2254cee1-6db0-4b96-9471-a6a45a3f6b64,"['HAS_METRIC', 'MetricObservation']",15,15,"Bank of Baroda generated a net interest income of ₹12,524 crore in Q1 FY27. However, the retrieved facts do not provide the year-on-year growth rate for this metric.",Somewhat relevant
"What is Punjab National Bank's net interest income for the latest reported quarter, and its year-on-year growth rate?",False,graph_check,28601797-b0b6-4793-bc26-2752ed63056b,"['HAS_METRIC', 'MetricObservation']",13,13,"Punjab National Bank reported a net interest income of ₹10,798 crore for the latest reported quarter, representing a year-on-year growth rate of 2.1%.",Relevant
"What is Canara Bank's net interest income for the latest reported quarter, and its year-on-year growth rate?",False,graph_check,a436d155-4c3f-46b9-ba63-736f6abcd1cf,"['HAS_METRIC', 'MetricObservation']",13,13,"Canara Bank's net interest income reached ₹10,215 crore in Q1 FY27 as of June 30, 2026. However, the retrieved facts do not cover its year-on-year growth rate.",Somewhat relevant
"What is Union Bank of India's net interest income for the latest reported quarter, and its year-on-year growth rate?",False,graph_check,775db758-b4be-46f3-9c39-937b6fb14466,"['HAS_METRIC', 'MetricObservation']",14,14,"Union Bank of India reported a net interest income of ₹10,037 crore. However, the retrieved facts do not cover its year-on-year growth rate.",Somewhat relevant
"What is Bank of India's net interest income for the latest reported quarter, and its year-on-year growth rate?",False,graph_check,1072c755-5223-4800-b399-295cd32a902f,"['HAS_METRIC', 'MetricObservation']",12,12,"Bank of India reported a net interest income of ₹6,833 crore for Q1 FY27. However, the retrieved facts do not cover its year-on-year growth rate.",Somewhat relevant
"What is Indian Bank's net interest income for the latest reported quarter, and its year-on-year growth rate?",False,graph_check,daf48486-ea5e-45c2-bef1-7129588f4483,"['HAS_METRIC', 'MetricObservation']",7,7,The retrieved facts do not cover Indian Bank's net interest income or its year-on-year growth rate for the latest reported quarter.,Not relevant
"What is Central Bank of India's net interest income for the latest reported quarter, and its year-on-year growth rate?",False,graph_check,4d998ac2-533e-40a6-a217-b71dfe465f4c,"['HAS_METRIC', 'MetricObservation']",13,13,"Central Bank of India reported a net interest income of ₹3,914 crore as of July 1, 2026, representing a year-on-year growth rate of 15.70%.",Relevant
"What is Indian Overseas Bank's net interest income for the latest reported quarter, and its year-on-year growth rate?",False,graph_check,d019bebb-cc26-4b4b-ae43-cd32202f6748,"['HAS_METRIC', 'MetricObservation', 'OPERATES_IN']",18,15,"Indian Overseas Bank reported a net interest income of ₹3,688 crore, accompanied by a year-on-year growth rate of 34.30%.",Relevant
"What is UCO Bank's net interest income for the latest reported quarter, and its year-on-year growth rate?",False,graph_check,62aaa846-bbe6-4e89-8a09-db8194f71fd2,"['HAS_METRIC', 'MetricObservation']",7,7,The retrieved facts do not cover UCO Bank's net interest income for the latest reported quarter or its year-on-year growth rate.,Not relevant
"What is Bank of Maharashtra's net interest income for the latest reported quarter, and its year-on-year growth rate?",False,graph_check,28cb9b08-7bcd-4cb7-a686-e71f9cfa2dc6,"['HAS_METRIC', 'MetricObservation']",3,3,The retrieved facts do not provide Bank of Maharashtra's net interest income or its year-on-year growth rate for the latest reported quarter.,Not relevant
"What is Punjab & Sind Bank's net interest income for the latest reported quarter, and its year-on-year growth rate?",False,graph_check,2b559985-38e8-4787-a4ec-ddb952007279,"['HAS_METRIC', 'MetricObservation']",10,10,The retrieved facts do not cover Punjab & Sind Bank's net interest income or its year-on-year growth rate for the latest reported quarter.,Not relevant
"What is HDFC Bank's net interest income for the latest reported quarter, and its year-on-year growth rate?",False,graph_check,fc5ecc71-2b19-4aa7-9a58-348aab4f89eb,"['HAS_METRIC', 'MetricObservation']",13,13,"The retrieved facts do not cover the specific absolute figure for HDFC Bank's net interest income for the latest reported quarter. However, the facts state that HDFC Bank recorded a 7% year-on-year growth in net interest income in Q1 FY27.",Somewhat relevant
"What is ICICI Bank's net interest income for the latest reported quarter, and its year-on-year growth rate?",False,graph_check,02db780d-0076-4d28-8fb6-d6d5dd1ded13,"['HAS_METRIC', 'MetricObservation']",10,10,The retrieved facts do not cover ICICI Bank's net interest income for the latest reported quarter or its year-on-year growth rate.,Not relevant
"What is Axis Bank's net interest income for the latest reported quarter, and its year-on-year growth rate?",False,graph_check,e8b9706a-a447-4e0c-be64-cc5d7acbb11a,"['HAS_METRIC', 'MetricObservation']",12,12,The retrieved facts do not cover Axis Bank's net interest income or its year-on-year growth rate for the latest reported quarter.,Not relevant
"What is Kotak Mahindra Bank's net interest income for the latest reported quarter, and its year-on-year growth rate?",False,graph_check,7db3e390-676f-4e46-966c-45f455a2e640,"['HAS_METRIC', 'MetricObservation']",17,15,"Kotak Mahindra Bank reported a net interest income of ₹7,928 crore for Q1 FY27. However, the retrieved facts do not cover its year-on-year growth rate.",Somewhat relevant
"What is IndusInd Bank's net interest income for the latest reported quarter, and its year-on-year growth rate?",False,graph_check,4212ea87-cc68-4d83-b9de-f99f629011de,"['HAS_METRIC', 'MetricObservation']",13,13,The retrieved facts do not cover IndusInd Bank's net interest income or its year-on-year growth rate for the latest reported quarter.,Not relevant
"What is Yes Bank's net interest income for the latest reported quarter, and its year-on-year growth rate?",False,graph_check,c456f4b2-ca3b-4494-931c-db4e0c3ff3d8,"['HAS_METRIC', 'MetricObservation']",12,12,"For the latest reported quarter of Q1 FY27, Yes Bank's net interest income rose with a year-on-year growth rate of 18%.",Somewhat relevant
"What is IDFC First Bank's net interest income for the latest reported quarter, and its year-on-year growth rate?",False,graph_check,aa5b8ff4-0579-4529-87bb-ad8e214ba77b,"['HAS_METRIC', 'MetricObservation']",10,10,The retrieved facts do not cover IDFC First Bank's net interest income or its year-on-year growth rate for the latest reported quarter.,Not relevant
"What is Federal Bank's net interest income for the latest reported quarter, and its year-on-year growth rate?",False,graph_check,cdc54c14-4841-485f-9367-55abd39e099e,"['HAS_METRIC', 'MetricObservation']",9,9,"Federal Bank recorded a net interest income of ₹2,946 crore. However, the retrieved facts do not provide its year-on-year growth rate.",Somewhat relevant
"What is RBL Bank's net interest income for the latest reported quarter, and its year-on-year growth rate?",False,graph_check,5d8a90d7-6178-4821-84d5-7dce0785f0aa,"['HAS_METRIC', 'MetricObservation']",8,8,"RBL Bank generated a net interest income of ₹1,654 crore in Q1 FY27. However, the retrieved facts do not provide the year-on-year growth rate for this metric.",Somewhat relevant
"What is South Indian Bank's net interest income for the latest reported quarter, and its year-on-year growth rate?",False,graph_check,da75b497-7522-4871-8df9-173b6b7f0407,"['HAS_METRIC', 'MetricObservation']",12,12,"South Indian Bank reported a net interest income of ₹1,024.72 crore for Q1 FY27, representing a year-on-year growth rate of 23.1%.",Relevant
"What is Karur Vysya Bank's net interest income for the latest reported quarter, and its year-on-year growth rate?",False,graph_check,05ce5ca5-7af6-45a7-aa25-28cc953d4c56,"['HAS_METRIC', 'MetricObservation']",10,10,"Karur Vysya Bank's net interest income rose 31.76% year-on-year to ₹1,423 crore.",Relevant
"What is City Union Bank's net interest income for the latest reported quarter, and its year-on-year growth rate?",False,graph_check,9a0d8f96-3447-4532-97ce-021f12253399,"['HAS_METRIC', 'MetricObservation']",16,15,"City Union Bank reported a net interest income of ₹8,201 million for Q1 FY27. This figure represents a year-on-year growth rate of 31%.",Relevant
"What is DCB Bank's net interest income for the latest reported quarter, and its year-on-year growth rate?",False,graph_check,597741f2-edce-4910-b132-f04c2c375a72,"['HAS_METRIC', 'MetricObservation']",17,15,"DCB Bank reported a net interest income of ₹684 crore. However, the retrieved facts do not cover its year-on-year growth rate.",Somewhat relevant
"What is Karnataka Bank's net interest income for the latest reported quarter, and its year-on-year growth rate?",False,graph_check,07f29a92-f862-45a7-856e-4d5fbe477a50,"['HAS_METRIC', 'MetricObservation']",5,5,The retrieved facts do not provide information on Karnataka Bank's net interest income or its year-on-year growth rate for the latest reported quarter.,Not relevant
"What is Tamilnad Mercantile Bank's net interest income for the latest reported quarter, and its year-on-year growth rate?",False,graph_check,5e168c27-0019-47a1-ab6e-3539eb1538f2,"['HAS_METRIC', 'MetricObservation']",6,6,The retrieved facts do not cover Tamilnad Mercantile Bank's net interest income or its year-on-year growth rate for the latest reported quarter.,Not relevant
"What is CSB Bank's net interest income for the latest reported quarter, and its year-on-year growth rate?",False,graph_check,4868e74b-b807-4521-b395-c576e4eda387,"['HAS_METRIC', 'MetricObservation']",9,9,"For the latest reported quarter of Q1 FY27, CSB Bank posted a net interest income of ₹479 crore. This represented a year-on-year growth rate of 26%.",Relevant
"What is Bandhan Bank's net interest income for the latest reported quarter, and its year-on-year growth rate?",False,graph_check,9bfe6b11-0376-4b74-ad31-0f1de9ab4e26,"['HAS_METRIC', 'MetricObservation']",9,9,The retrieved facts do not cover Bandhan Bank's net interest income or its year-on-year growth rate for the latest reported quarter.,Not relevant
"What is Jammu & Kashmir Bank's net interest income for the latest reported quarter, and its year-on-year growth rate?",False,graph_check,930d5dba-324f-4b48-8a80-c1685eab56ed,"['HAS_METRIC', 'MetricObservation']",7,7,"Jammu & Kashmir Bank reported a net interest income of ₹3,546.08 crore for Q1 FY27. However, the provided facts do not contain information regarding its year-on-year growth rate.",Somewhat relevant
"What is Dhanlaxmi Bank's net interest income for the latest reported quarter, and its year-on-year growth rate?",False,graph_check,a3a35fb3-1a4e-4623-bd0c-c07c91ae9e0c,"['HAS_METRIC', 'MetricObservation']",6,6,The retrieved facts do not cover Dhanlaxmi Bank's net interest income or its year-on-year growth rate for the latest reported quarter.,Not relevant
"What is IDBI Bank's net interest income for the latest reported quarter, and its year-on-year growth rate?",False,graph_check,ae5a64b2-a28a-4ef7-8a9e-101e3768ba16,"['HAS_METRIC', 'MetricObservation']",6,6,"The retrieved facts do not cover IDBI Bank's year-on-year growth rate for net interest income, though it reported a net interest income of ₹3,486 crore for Q1 FY27.",Somewhat relevant
"What is AU Small Finance Bank's net interest income for the latest reported quarter, and its year-on-year growth rate?",False,graph_check,5eac19fe-2076-46b7-a761-6a12c2542113,"['HAS_METRIC', 'MetricObservation']",13,13,"AU Small Finance Bank reported a net interest income of ₹2,695 crore for Q1 FY27, representing a 32% increase.",Relevant
"What is Equitas Small Finance Bank's net interest income for the latest reported quarter, and its year-on-year growth rate?",False,graph_check,f6d9dd01-aa74-431c-a635-cc406184c407,"['HAS_METRIC', 'MetricObservation']",11,11,"Equitas Small Finance Bank's net interest income rose 31% to ₹1,029.4 crore.",Relevant
"What is Ujjivan Small Finance Bank's net interest income for the latest reported quarter, and its year-on-year growth rate?",False,graph_check,b6c093cb-78d7-475e-a215-2be544a59fa9,"['HAS_METRIC', 'MetricObservation']",8,8,"Ujjivan Small Finance Bank generated ₹1,186 crore in net interest income for Q1 FY27. However, the retrieved facts do not cover its year-on-year growth rate for this specific metric.",Somewhat relevant
"What is ESAF Small Finance Bank's net interest income for the latest reported quarter, and its year-on-year growth rate?",False,graph_check,13f4e153-ac1b-44a0-aaf2-82e76f19db97,"['HAS_METRIC', 'MetricObservation']",11,11,The retrieved facts do not cover ESAF Small Finance Bank's net interest income or its year-on-year growth rate for the latest reported quarter.,Not relevant
"What is Utkarsh Small Finance Bank's net interest income for the latest reported quarter, and its year-on-year growth rate?",False,graph_check,3a06b31f-38ae-4276-b2c6-93e15d8bfabf,"['HAS_METRIC', 'MetricObservation']",9,9,The retrieved facts do not cover Utkarsh Small Finance Bank's net interest income or its year-on-year growth rate for the latest reported quarter.,Not relevant
"What is Suryoday Small Finance Bank's net interest income for the latest reported quarter, and its year-on-year growth rate?",False,graph_check,462386a3-7982-4909-9a6f-2a2cbbd09377,"['HAS_METRIC', 'MetricObservation']",7,7,Suryoday Small Finance Bank reported an annualized-equivalent net interest income of ₹622.36 crore in Q1 FY27. This figure represents a year-on-year growth rate of 25.69%.,Relevant
"What is Jana Small Finance Bank's net interest income for the latest reported quarter, and its year-on-year growth rate?",False,graph_check,611bbf07-0b28-4249-b871-20b5e994c196,"['HAS_METRIC', 'MetricObservation']",8,8,The retrieved facts do not cover Jana Small Finance Bank's net interest income or its year-on-year growth rate for the latest reported quarter.,Not relevant
"Does State Bank of India have any overseas branches, representative offices, or joint-venture equity stakes, and where?",False,graph_check,a512c753-67dc-4353-9004-6e74f5b5d709,"['OWNS', 'OPERATES_IN', 'JOINT_VENTURE_WITH']",3,3,"The retrieved facts do not cover whether State Bank of India has any overseas branches, representative offices, or joint-venture equity stakes, or where they are located.",Not relevant
"Does Bank of Baroda have any overseas branches, representative offices, or joint-venture equity stakes, and where?",False,graph_check,2254cee1-6db0-4b96-9471-a6a45a3f6b64,"['OWNS', 'OPERATES_IN', 'JOINT_VENTURE_WITH']",2,2,"Bank of Baroda operates a joint-venture bank featuring 16 branches located in Zambia. The retrieved facts do not cover whether the bank has any other overseas branches, representative offices, or additional joint-venture equity stakes.",Somewhat relevant
"Does Punjab National Bank have any overseas branches, representative offices, or joint-venture equity stakes, and where?",False,graph_check,28601797-b0b6-4793-bc26-2752ed63056b,"['OWNS', 'OPERATES_IN', 'JOINT_VENTURE_WITH']",11,1,"The retrieved facts do not cover whether Punjab National Bank has any overseas branches, representative offices, or joint-venture equity stakes.",Not relevant
"Does Canara Bank have any overseas branches, representative offices, or joint-venture equity stakes, and where?",False,graph_check,a436d155-4c3f-46b9-ba63-736f6abcd1cf,"['OWNS', 'OPERATES_IN', 'JOINT_VENTURE_WITH']",9,1,"Canara Bank runs 9,861 branches as of June 2025. The retrieved facts do not cover whether the bank has any overseas branches, representative offices, or joint-venture equity stakes, or where they might be located.",Not relevant
"Does Union Bank of India have any overseas branches, representative offices, or joint-venture equity stakes, and where?",False,graph_check,775db758-b4be-46f3-9c39-937b6fb14466,"['OWNS', 'OPERATES_IN', 'JOINT_VENTURE_WITH']",9,1,"The retrieved facts do not cover whether Union Bank of India has any overseas branches, representative offices, or joint-venture equity stakes. They only state that the bank operates a network of approximately 8,621 to 8,697 branches.",Not relevant
"Does Bank of India have any overseas branches, representative offices, or joint-venture equity stakes, and where?",False,graph_check,1072c755-5223-4800-b399-295cd32a902f,"['OWNS', 'OPERATES_IN', 'JOINT_VENTURE_WITH']",3,3,"The retrieved facts do not cover whether Bank of India has any overseas branches, representative offices, or joint-venture equity stakes, or where they are located.",Not relevant
"Does Indian Bank have any overseas branches, representative offices, or joint-venture equity stakes, and where?",False,graph_check,daf48486-ea5e-45c2-bef1-7129588f4483,"['OWNS', 'OPERATES_IN', 'JOINT_VENTURE_WITH']",5,5,"Indian Bank does have an overseas branch presence, operating an international branch in Singapore and maintaining an international branch presence in Colombo.",Relevant
"Does Central Bank of India have any overseas branches, representative offices, or joint-venture equity stakes, and where?",False,graph_check,4d998ac2-533e-40a6-a217-b71dfe465f4c,"['OWNS', 'OPERATES_IN', 'JOINT_VENTURE_WITH']",2,1,"The retrieved facts do not cover whether the Central Bank of India has any overseas branches, representative offices, or joint-venture equity stakes.",Not relevant
"Does Indian Overseas Bank have any overseas branches, representative offices, or joint-venture equity stakes, and where?",False,graph_check,d019bebb-cc26-4b4b-ae43-cd32202f6748,"['OWNS', 'OPERATES_IN', 'JOINT_VENTURE_WITH']",5,1,"The retrieved facts do not cover whether Indian Overseas Bank has any overseas branches, representative offices, or joint-venture equity stakes, as they only state that the bank operates a network of 3,236 branches.",Not relevant
"Does UCO Bank have any overseas branches, representative offices, or joint-venture equity stakes, and where?",False,graph_check,62aaa846-bbe6-4e89-8a09-db8194f71fd2,"['OWNS', 'OPERATES_IN', 'JOINT_VENTURE_WITH']",5,5,"UCO Bank operates overseas branches in Hong Kong and Singapore as of March 2025, and it also maintains a representative office in Tehran.",Relevant
"Does Bank of Maharashtra have any overseas branches, representative offices, or joint-venture equity stakes, and where?",False,graph_check,28cb9b08-7bcd-4cb7-a686-e71f9cfa2dc6,"['OWNS', 'OPERATES_IN', 'JOINT_VENTURE_WITH']",2,2,"The retrieved facts do not cover whether Bank of Maharashtra has any overseas branches, representative offices, or joint-venture equity stakes.",Not relevant
"Does Punjab & Sind Bank have any overseas branches, representative offices, or joint-venture equity stakes, and where?",False,graph_check,2b559985-38e8-4787-a4ec-ddb952007279,"['OWNS', 'OPERATES_IN', 'JOINT_VENTURE_WITH']",1,1,"The retrieved facts do not cover whether Punjab & Sind Bank has any overseas branches, representative offices, or joint-venture equity stakes. The available information only notes that the bank operates 1,817 branches as of June 2025, with 635 of those concentrated within Punjab.",Not relevant
"Does HDFC Bank have any overseas branches, representative offices, or joint-venture equity stakes, and where?",False,graph_check,fc5ecc71-2b19-4aa7-9a58-348aab4f89eb,"['OWNS', 'OPERATES_IN', 'JOINT_VENTURE_WITH']",3,3,"The retrieved facts do not cover whether HDFC Bank has any overseas branches, representative offices, or joint-venture equity stakes, as they only indicate that the bank operates in India, Mumbai, and Maharashtra.",Not relevant
"Does ICICI Bank have any overseas branches, representative offices, or joint-venture equity stakes, and where?",False,graph_check,02db780d-0076-4d28-8fb6-d6d5dd1ded13,"['OWNS', 'OPERATES_IN', 'JOINT_VENTURE_WITH']",2,2,"The retrieved facts do not cover whether ICICI Bank has any overseas branches, representative offices, or joint-venture equity stakes.",Not relevant
"Does Axis Bank have any overseas branches, representative offices, or joint-venture equity stakes, and where?",False,graph_check,e8b9706a-a447-4e0c-be64-cc5d7acbb11a,"['OWNS', 'OPERATES_IN', 'JOINT_VENTURE_WITH']",1,1,"The retrieved facts do not cover whether Axis Bank has any overseas branches, representative offices, or joint-venture equity stakes, or where they might be located.",Not relevant
"Does Kotak Mahindra Bank have any overseas branches, representative offices, or joint-venture equity stakes, and where?",False,graph_check,7db3e390-676f-4e46-966c-45f455a2e640,"['OWNS', 'OPERATES_IN', 'JOINT_VENTURE_WITH']",2,1,"The retrieved facts do not cover whether Kotak Mahindra Bank has any overseas branches, representative offices, or joint-venture equity stakes, as they only mention that the bank operates a network of 2,301 branches.",Not relevant
"Does IndusInd Bank have any overseas branches, representative offices, or joint-venture equity stakes, and where?",False,graph_check,4212ea87-cc68-4d83-b9de-f99f629011de,"['OWNS', 'OPERATES_IN', 'JOINT_VENTURE_WITH']",2,1,"The retrieved facts do not cover whether IndusInd Bank has any overseas branches, representative offices, or joint-venture equity stakes, as they only state that the bank operates a distribution network of 3,137 branches.",Not relevant
"Does Yes Bank have any overseas branches, representative offices, or joint-venture equity stakes, and where?",False,graph_check,c456f4b2-ca3b-4494-931c-db4e0c3ff3d8,"['OWNS', 'OPERATES_IN', 'JOINT_VENTURE_WITH']",2,2,"The retrieved facts do not cover whether Yes Bank has any overseas branches, representative offices, or joint-venture equity stakes. Yes Bank is headquartered in Mumbai, Maharashtra.",Not relevant
"Does IDFC First Bank have any overseas branches, representative offices, or joint-venture equity stakes, and where?",False,graph_check,aa5b8ff4-0579-4529-87bb-ad8e214ba77b,"['OWNS', 'OPERATES_IN', 'JOINT_VENTURE_WITH']",2,1,"The retrieved facts do not cover whether IDFC First Bank has any overseas branches, representative offices, or joint-venture equity stakes.",Not relevant
"Does Federal Bank have any overseas branches, representative offices, or joint-venture equity stakes, and where?",False,graph_check,cdc54c14-4841-485f-9367-55abd39e099e,"['OWNS', 'OPERATES_IN', 'JOINT_VENTURE_WITH']",6,6,"Federal Bank maintains overseas representative offices in Dubai and Abu Dhabi, alongside an IFSC banking unit located in GIFT City.",Somewhat relevant
"Does RBL Bank have any overseas branches, representative offices, or joint-venture equity stakes, and where?",False,graph_check,5d8a90d7-6178-4821-84d5-7dce0785f0aa,"['OWNS', 'OPERATES_IN', 'JOINT_VENTURE_WITH']",3,1,"The retrieved facts do not cover whether RBL Bank has any overseas branches, representative offices, or joint-venture equity stakes. The available information only notes that RBL Bank operates a network of 628 branches.",Not relevant
"Does South Indian Bank have any overseas branches, representative offices, or joint-venture equity stakes, and where?",False,graph_check,da75b497-7522-4871-8df9-173b6b7f0407,"['OWNS', 'OPERATES_IN', 'JOINT_VENTURE_WITH']",2,1,"The retrieved facts do not cover whether South Indian Bank has any overseas branches, representative offices, or joint-venture equity stakes, as current branch counts were not found for this session.",Not relevant
"Does Karur Vysya Bank have any overseas branches, representative offices, or joint-venture equity stakes, and where?",False,graph_check,05ce5ca5-7af6-45a7-aa25-28cc953d4c56,"['OWNS', 'OPERATES_IN', 'JOINT_VENTURE_WITH']",3,1,"The retrieved facts do not cover whether Karur Vysya Bank has any overseas branches, representative offices, or joint-venture equity stakes.",Not relevant
"Does City Union Bank have any overseas branches, representative offices, or joint-venture equity stakes, and where?",False,graph_check,9a0d8f96-3447-4532-97ce-021f12253399,"['OWNS', 'OPERATES_IN', 'JOINT_VENTURE_WITH']",2,2,"The retrieved facts do not cover whether City Union Bank has any overseas branches, representative offices, or joint-venture equity stakes.",Not relevant
"Does DCB Bank have any overseas branches, representative offices, or joint-venture equity stakes, and where?",False,graph_check,597741f2-edce-4910-b132-f04c2c375a72,"['OWNS', 'OPERATES_IN', 'JOINT_VENTURE_WITH']",2,1,"The retrieved facts do not cover whether DCB Bank has any overseas branches, representative offices, or joint-venture equity stakes.",Not relevant
"Does Karnataka Bank have any overseas branches, representative offices, or joint-venture equity stakes, and where?",False,graph_check,07f29a92-f862-45a7-856e-4d5fbe477a50,"['OWNS', 'OPERATES_IN', 'JOINT_VENTURE_WITH']",2,2,"The retrieved facts do not cover whether Karnataka Bank has any overseas branches, representative offices, or joint-venture equity stakes. The provided information only notes that Karnataka Bank is headquartered in Mangalore, Karnataka.",Not relevant
"Does Tamilnad Mercantile Bank have any overseas branches, representative offices, or joint-venture equity stakes, and where?",False,graph_check,5e168c27-0019-47a1-ab6e-3539eb1538f2,"['OWNS', 'OPERATES_IN', 'JOINT_VENTURE_WITH']",4,4,"The retrieved facts do not cover whether Tamilnad Mercantile Bank has any overseas branches, representative offices, or joint-venture equity stakes.",Not relevant
"Does CSB Bank have any overseas branches, representative offices, or joint-venture equity stakes, and where?",False,graph_check,4868e74b-b807-4521-b395-c576e4eda387,"['OWNS', 'OPERATES_IN', 'JOINT_VENTURE_WITH']",2,2,"The retrieved facts do not cover whether CSB Bank has any overseas branches, representative offices, or joint-venture equity stakes.",Not relevant
"Does Bandhan Bank have any overseas branches, representative offices, or joint-venture equity stakes, and where?",False,graph_check,9bfe6b11-0376-4b74-ad31-0f1de9ab4e26,"['OWNS', 'OPERATES_IN', 'JOINT_VENTURE_WITH']",2,2,"The retrieved facts do not cover whether Bandhan Bank has any overseas branches, representative offices, or joint-venture equity stakes.",Not relevant
"Does Jammu & Kashmir Bank have any overseas branches, representative offices, or joint-venture equity stakes, and where?",False,graph_check,930d5dba-324f-4b48-8a80-c1685eab56ed,"['OWNS', 'OPERATES_IN', 'JOINT_VENTURE_WITH']",4,1,"The retrieved facts do not cover whether Jammu & Kashmir Bank has any overseas branches, representative offices, or joint-venture equity stakes. The available information only notes that the bank operates 1,008 branches as of December 2025.",Not relevant
"Does Dhanlaxmi Bank have any overseas branches, representative offices, or joint-venture equity stakes, and where?",False,graph_check,a3a35fb3-1a4e-4623-bd0c-c07c91ae9e0c,"['OWNS', 'OPERATES_IN', 'JOINT_VENTURE_WITH']",2,1,"The retrieved facts do not cover whether Dhanlaxmi Bank has any overseas branches, representative offices, or joint-venture equity stakes, as they only state that the bank runs 264 branches.",Not relevant
"Does IDBI Bank have any overseas branches, representative offices, or joint-venture equity stakes, and where?",False,graph_check,ae5a64b2-a28a-4ef7-8a9e-101e3768ba16,"['OWNS', 'OPERATES_IN', 'JOINT_VENTURE_WITH']",2,1,"The retrieved facts do not cover whether IDBI Bank has any overseas branches, representative offices, or joint-venture equity stakes, or where they might be located.",Not relevant
"Does AU Small Finance Bank have any overseas branches, representative offices, or joint-venture equity stakes, and where?",False,graph_check,5eac19fe-2076-46b7-a761-6a12c2542113,"['OWNS', 'OPERATES_IN', 'JOINT_VENTURE_WITH']",4,4,"The retrieved facts do not cover whether AU Small Finance Bank has any overseas branches, representative offices, or joint-venture equity stakes. The available information only notes that the bank is headquartered in Jaipur, Rajasthan, and maintains corporate offices in Mumbai, including the Bandra Kurla Complex.",Not relevant
"Does Equitas Small Finance Bank have any overseas branches, representative offices, or joint-venture equity stakes, and where?",False,graph_check,f6d9dd01-aa74-431c-a635-cc406184c407,"['OWNS', 'OPERATES_IN', 'JOINT_VENTURE_WITH']",2,2,"The retrieved facts do not cover whether Equitas Small Finance Bank has any overseas branches, representative offices, or joint-venture equity stakes. The available information only indicates that the bank is headquartered in Chennai, Tamil Nadu.",Not relevant
"Does Ujjivan Small Finance Bank have any overseas branches, representative offices, or joint-venture equity stakes, and where?",False,graph_check,b6c093cb-78d7-475e-a215-2be544a59fa9,"['OWNS', 'OPERATES_IN', 'JOINT_VENTURE_WITH']",1,1,"The retrieved facts do not cover whether Ujjivan Small Finance Bank has any overseas branches, representative offices, or joint-venture equity stakes, as they only indicate that the bank is headquartered in Bengaluru.",Not relevant
"Does ESAF Small Finance Bank have any overseas branches, representative offices, or joint-venture equity stakes, and where?",False,graph_check,13f4e153-ac1b-44a0-aaf2-82e76f19db97,"['OWNS', 'OPERATES_IN', 'JOINT_VENTURE_WITH']",2,2,"The retrieved facts do not cover whether ESAF Small Finance Bank has any overseas branches, representative offices, or joint-venture equity stakes.",Not relevant
"Does Utkarsh Small Finance Bank have any overseas branches, representative offices, or joint-venture equity stakes, and where?",False,graph_check,3a06b31f-38ae-4276-b2c6-93e15d8bfabf,"['OWNS', 'OPERATES_IN', 'JOINT_VENTURE_WITH']",2,2,"The retrieved facts do not cover whether Utkarsh Small Finance Bank has any overseas branches, representative offices, or joint-venture equity stakes.",Not relevant
"Does Suryoday Small Finance Bank have any overseas branches, representative offices, or joint-venture equity stakes, and where?",False,graph_check,462386a3-7982-4909-9a6f-2a2cbbd09377,"['OWNS', 'OPERATES_IN', 'JOINT_VENTURE_WITH']",1,1,"The retrieved facts do not cover whether Suryoday Small Finance Bank has any overseas branches, representative offices, or joint-venture equity stakes.",Not relevant
"Does Jana Small Finance Bank have any overseas branches, representative offices, or joint-venture equity stakes, and where?",False,graph_check,611bbf07-0b28-4249-b871-20b5e994c196,"['OWNS', 'OPERATES_IN', 'JOINT_VENTURE_WITH']",2,2,"The retrieved facts do not cover whether Jana Small Finance Bank has any overseas branches, representative offices, or joint-venture equity stakes.",Not relevant
"What technology platform, digital channel, or core banking system is specifically associated with State Bank of India?",False,graph_check,a512c753-67dc-4353-9004-6e74f5b5d709,"['USES_TECHNOLOGY', 'USES_CHANNEL']",4,4,"State Bank of India is specifically associated with the YONO platform for its digital-first push and uses Finacle-based technology for its core banking system. Additionally, the bank utilizes a vast infrastructure consisting of roughly 22,500 branches and approximately 65,000 ATMs to reach its customers.",Relevant
"What technology platform, digital channel, or core banking system is specifically associated with Bank of Baroda?",False,graph_check,2254cee1-6db0-4b96-9471-a6a45a3f6b64,"['USES_TECHNOLOGY', 'USES_CHANNEL']",3,3,"The retrieved facts do not cover what technology platform, digital channel, or core banking system is specifically associated with Bank of Baroda.",Not relevant
"What technology platform, digital channel, or core banking system is specifically associated with Punjab National Bank?",False,graph_check,28601797-b0b6-4793-bc26-2752ed63056b,"['USES_TECHNOLOGY', 'USES_CHANNEL']",3,3,"The retrieved facts do not cover the specific technology platform, digital channel, or core banking system associated with Punjab National Bank.",Not relevant
"What technology platform, digital channel, or core banking system is specifically associated with Canara Bank?",False,graph_check,a436d155-4c3f-46b9-ba63-736f6abcd1cf,"['USES_TECHNOLOGY', 'USES_CHANNEL']",3,3,"The retrieved facts do not cover the specific technology platform, digital channel, or core banking system associated with Canara Bank.",Not relevant
"What technology platform, digital channel, or core banking system is specifically associated with Union Bank of India?",False,graph_check,775db758-b4be-46f3-9c39-937b6fb14466,"['USES_TECHNOLOGY', 'USES_CHANNEL']",2,2,"The retrieved facts do not mention any technology platform, digital channel, or core banking system specifically associated with Union Bank of India. They only note the bank's branch and ATM network sizes.",Not relevant
"What technology platform, digital channel, or core banking system is specifically associated with Bank of India?",True,graph_check,1072c755-5223-4800-b399-295cd32a902f,"['USES_TECHNOLOGY', 'USES_CHANNEL']",0,5,"The retrieved facts do not cover what technology platform, digital channel, or core banking system is associated with Bank of India.",Not relevant
"What technology platform, digital channel, or core banking system is specifically associated with Indian Bank?",False,graph_check,daf48486-ea5e-45c2-bef1-7129588f4483,"['USES_TECHNOLOGY', 'USES_CHANNEL']",3,3,"The retrieved facts do not cover the specific technology platform, digital channel, or core banking system associated with Indian Bank.",Not relevant
"What technology platform, digital channel, or core banking system is specifically associated with Central Bank of India?",False,graph_check,4d998ac2-533e-40a6-a217-b71dfe465f4c,"['USES_TECHNOLOGY', 'USES_CHANNEL']",2,2,"The retrieved facts do not mention the specific technology platform, digital channel, or core banking system associated with the Central Bank of India. They only note the bank's operational network size, which included 3,644 ATMs and 4,608 verified branches as of March 2021.",Not relevant
"What technology platform, digital channel, or core banking system is specifically associated with Indian Overseas Bank?",False,graph_check,d019bebb-cc26-4b4b-ae43-cd32202f6748,"['OPERATES_IN', 'USES_TECHNOLOGY', 'USES_CHANNEL']",10,10,"The retrieved facts do not mention the specific technology platform, digital channel, or core banking system associated with Indian Overseas Bank.",Not relevant
"What technology platform, digital channel, or core banking system is specifically associated with UCO Bank?",True,graph_check,62aaa846-bbe6-4e89-8a09-db8194f71fd2,"['USES_TECHNOLOGY', 'USES_CHANNEL']",0,5,"The retrieved facts do not cover what technology platform, digital channel, or core banking system is associated with UCO Bank.",Not relevant
"What technology platform, digital channel, or core banking system is specifically associated with Bank of Maharashtra?",True,graph_check,28cb9b08-7bcd-4cb7-a686-e71f9cfa2dc6,"['USES_TECHNOLOGY', 'USES_CHANNEL']",0,6,"The retrieved facts do not mention the specific technology platform, digital channel, or core banking system associated with Bank of Maharashtra.",Not relevant
"What technology platform, digital channel, or core banking system is specifically associated with Punjab & Sind Bank?",False,graph_check,2b559985-38e8-4787-a4ec-ddb952007279,"['USES_TECHNOLOGY', 'USES_CHANNEL']",2,2,"The retrieved facts do not cover what technology platform, digital channel, or core banking system is associated with Punjab & Sind Bank.",Not relevant
