text,formica_label
"Does Jammu & Kashmir Bank have any overseas branches, representative offices, or joint-venture equity stakes, and where?",F_LogUnion
"Which Small Finance Bank has converted, or is closest to converting, to a universal bank license?",F_LogUnion
What are Indian Overseas Bank's gross NPA and net NPA ratios?,F_Simple
What are Utkarsh Small Finance Bank's return on assets (ROA) and return on equity (ROE) for the latest quarter?,F_Simple
"Roughly how many branches and ATMs does Union Bank of India operate, and as of what date?",F_QuantCount
"What is Bank of Maharashtra's net interest income for the latest reported quarter, and its year-on-year growth rate?",F_Simple
"What products and services does Tamilnad Mercantile Bank offer, and which customer segments does it serve?",F_Simple
What is the single primary source cited for RBL Bank's most recent financial metrics in this dataset?,F_Simple
What was Ujjivan Small Finance Bank's CASA ratio in the most recently reported quarter?,F_Simple
Which segment has the highest average net interest margin?,F_GroupAggregate
"Compare the CASA ratio of Axis Bank and IDFC First Bank. Which is stronger, and by how much?",F_CompMore
What was Canara Bank's total advances (loan book) and deposit growth in the latest quarter?,F_Simple
"Who is the current MD & CEO (or Chairman, where that is the top executive title) of Union Bank of India?",F_Simple
"Across all 39 listed Indian banks in this dataset, which report the lowest branch network size?",F_GlobalRank
What is RBL Bank's ticker symbol and on which exchange(s) does it trade?,F_Simple
"What percentage of Axis Bank is held by its government promoter or largest shareholder, and as of what date?",F_LogUnion
What is the key strength identified for UCO Bank in the current analysis?,F_Simple
"Compare the net interest margin of IndusInd Bank and Yes Bank. Which is stronger, and by how much?",F_CompMore
"Across all 39 listed Indian banks in this dataset, which report the highest CET1 ratio?",F_GlobalRank
What was ESAF Small Finance Bank's CASA ratio in the most recently reported quarter?,F_Simple
What was IDBI Bank's total advances (loan book) and deposit growth in the latest quarter?,F_Simple
What is the biggest threat facing City Union Bank according to the analysis?,F_Simple
"What credit, market, operational or regulatory risks is Ujjivan Small Finance Bank exposed to?",F_LogUnion
What was Bandhan Bank's total advances (loan book) and deposit growth in the latest quarter?,F_Simple
"Who is the current MD & CEO (or Chairman, where that is the top executive title) of UCO Bank?",F_Simple
"Who is the current MD & CEO (or Chairman, where that is the top executive title) of City Union Bank?",F_Simple
Who are Ujjivan Small Finance Bank's main named competitors?,F_Simple
"What is Yes Bank's primary competitive advantage, and how strong is the evidence behind that claim?",F_Simple
"Roughly how many branches and ATMs does Jammu & Kashmir Bank operate, and as of what date?",F_QuantCount
"What credit, market, operational or regulatory risks is South Indian Bank exposed to?",F_LogUnion
"What is AU Small Finance Bank's capital adequacy ratio (CRAR), and its CET1 ratio if disclosed?",F_Simple
Which banks are licensed as universal banks versus small finance banks?,F_GlobalRank
What is the main weakness or vulnerability flagged for Suryoday Small Finance Bank?,F_LogUnion
"Compare the return on equity of State Bank of India and Bank of Baroda. Which is stronger, and by how much?",F_CompMore
"What percentage of Dhanlaxmi Bank is held by its government promoter or largest shareholder, and as of what date?",F_LogUnion
What is the main weakness or vulnerability flagged for South Indian Bank?,F_LogUnion
What are ESAF Small Finance Bank's return on assets (ROA) and return on equity (ROE) for the latest quarter?,F_Simple
"Roughly how many branches and ATMs does Bank of India operate, and as of what date?",F_QuantCount
"What credit ratings has Tamilnad Mercantile Bank received, and from which rating agencies?",F_Simple
"What credit, market, operational or regulatory risks is Dhanlaxmi Bank exposed to?",F_LogUnion
"What is Equitas Small Finance Bank's cost-to-income ratio, and how does it compare with the average for its segment?",F_CompToGroupAverage
"What products and services does Indian Overseas Bank offer, and which customer segments does it serve?",F_Simple
"What is Suryoday Small Finance Bank's provision coverage ratio, and what does that imply about its NPA cushion?",F_Simple
What are Jammu & Kashmir Bank's return on assets (ROA) and return on equity (ROE) for the latest quarter?,F_Simple
As of what date is the scope of this dataset defined?,F_Simple
"What is Bandhan Bank's capital adequacy ratio (CRAR), and its CET1 ratio if disclosed?",F_Simple
"What is Jammu & Kashmir Bank's capital adequacy ratio (CRAR), and its CET1 ratio if disclosed?",F_Simple
"What products and services does Bank of Baroda offer, and which customer segments does it serve?",F_Simple
What are Canara Bank's return on assets (ROA) and return on equity (ROE) for the latest quarter?,F_Simple
What was RBL Bank's CASA ratio in the most recently reported quarter?,F_Simple
"Compare the net interest margin of Bank of Baroda and Canara Bank. Which is stronger, and by how much?",F_CompMore
"What is Karnataka Bank's net interest income for the latest reported quarter, and its year-on-year growth rate?",F_Simple
What are Dhanlaxmi Bank's return on assets (ROA) and return on equity (ROE) for the latest quarter?,F_Simple
What are ICICI Bank's return on assets (ROA) and return on equity (ROE) for the latest quarter?,F_Simple
"What is Bank of India's net interest income for the latest reported quarter, and its year-on-year growth rate?",F_Simple
What was CSB Bank's total advances (loan book) and deposit growth in the latest quarter?,F_Simple
What is the single primary source cited for Ujjivan Small Finance Bank's most recent financial metrics in this dataset?,F_Simple
"Does City Union Bank have any overseas branches, representative offices, or joint-venture equity stakes, and where?",F_LogUnion
"What customer segment does Indian Overseas Bank appear to prioritize most, based on its product mix and distribution network?",F_Simple
What are IDBI Bank's gross NPA and net NPA ratios?,F_Simple
"What credit ratings has Karnataka Bank received, and from which rating agencies?",F_Simple
"What products and services does HDFC Bank offer, and which customer segments does it serve?",F_Simple
"What is Yes Bank's capital adequacy ratio (CRAR), and its CET1 ratio if disclosed?",F_Simple
"What percentage of Central Bank of India is held by its government promoter or largest shareholder, and as of what date?",F_LogUnion
What is Axis Bank's ticker symbol and on which exchange(s) does it trade?,F_Simple
"What customer segment does Bank of Baroda appear to prioritize most, based on its product mix and distribution network?",F_Simple
What was Union Bank of India's CASA ratio in the most recently reported quarter?,F_Simple
"What is Utkarsh Small Finance Bank's capital adequacy ratio (CRAR), and its CET1 ratio if disclosed?",F_Simple
What is the biggest threat facing ICICI Bank according to the analysis?,F_Simple
"What credit, market, operational or regulatory risks is Canara Bank exposed to?",F_LogUnion
What are ESAF Small Finance Bank's gross NPA and net NPA ratios?,F_Simple
What was Punjab & Sind Bank's CASA ratio in the most recently reported quarter?,F_Simple
"What technology platform, digital channel, or core banking system is specifically associated with Canara Bank?",F_LogUnion
"What is Union Bank of India's capital adequacy ratio (CRAR), and its CET1 ratio if disclosed?",F_Simple
"What is Indian Bank's capital adequacy ratio (CRAR), and its CET1 ratio if disclosed?",F_Simple
"Roughly how many branches and ATMs does ESAF Small Finance Bank operate, and as of what date?",F_QuantCount
What is Kotak Mahindra Bank's net interest margin (NIM) for the latest reported period?,F_Simple
What was Union Bank of India's total advances (loan book) and deposit growth in the latest quarter?,F_Simple
"What conflicting gross NPA figures are reported for Suryoday Small Finance Bank, and what are the two values?",F_Simple
"Across all 39 listed Indian banks in this dataset, which report the highest net interest income?",F_GlobalRank
"Does Axis Bank have any overseas branches, representative offices, or joint-venture equity stakes, and where?",F_LogUnion
"What percentage of IDFC First Bank is held by its government promoter or largest shareholder, and as of what date?",F_LogUnion
"Across all 39 listed Indian banks in this dataset, which report the highest year-on-year advances growth?",F_GlobalRank
What are UCO Bank's gross NPA and net NPA ratios?,F_Simple
What is the main weakness or vulnerability flagged for ICICI Bank?,F_LogUnion
"What customer segment does Karnataka Bank appear to prioritize most, based on its product mix and distribution network?",F_Simple
"What is Bank of Baroda's provision coverage ratio, and what does that imply about its NPA cushion?",F_Simple
"What is Axis Bank's capital adequacy ratio (CRAR), and its CET1 ratio if disclosed?",F_Simple
"What customer segment does Jammu & Kashmir Bank appear to prioritize most, based on its product mix and distribution network?",F_Simple
What is the biggest threat facing DCB Bank according to the analysis?,F_Simple
What is the biggest threat facing Central Bank of India according to the analysis?,F_Simple
What are Jana Small Finance Bank's gross NPA and net NPA ratios?,F_Simple
"Roughly how many branches and ATMs does City Union Bank operate, and as of what date?",F_QuantCount
"What credit ratings has IDBI Bank received, and from which rating agencies?",F_Simple
"What customer segment does Axis Bank appear to prioritize most, based on its product mix and distribution network?",F_Simple
"What credit, market, operational or regulatory risks is Equitas Small Finance Bank exposed to?",F_LogUnion
"What is Punjab & Sind Bank's primary competitive advantage, and how strong is the evidence behind that claim?",F_Simple
Which banks explicitly mention Basel III capital norms as a regulatory dependency?,F_Simple
What is DCB Bank's net interest margin (NIM) for the latest reported period?,F_Simple
What was Bank of Maharashtra's CASA ratio in the most recently reported quarter?,F_Simple
"What is Federal Bank's primary competitive advantage, and how strong is the evidence behind that claim?",F_Simple
What was Punjab & Sind Bank's total advances (loan book) and deposit growth in the latest quarter?,F_Simple
"Compare the return on equity of Bank of Baroda and Canara Bank. Which is stronger, and by how much?",F_CompMore
"What credit ratings has Indian Bank received, and from which rating agencies?",F_Simple
"Which banks rely most heavily on a single flagship digital platform (e.g., YONO) as a strategic differentiator?",F_Simple
"Compare the return on equity of Bank of Baroda and Punjab National Bank. Which is stronger, and by how much?",F_CompMore
"What is Dhanlaxmi Bank's provision coverage ratio, and what does that imply about its NPA cushion?",F_Simple
Which banks have a BOBCARD-style or dedicated card-issuing subsidiary?,F_LogUnion
"Does Yes Bank have any overseas branches, representative offices, or joint-venture equity stakes, and where?",F_LogUnion
How does the dataset treat a figure that appeared internally inconsistent across sources?,F_Simple
"What products and services does Dhanlaxmi Bank offer, and which customer segments does it serve?",F_Simple
Which banks have been rated by India Ratings or Fitch directly?,F_LogUnion
What is ICICI Bank's ticker symbol and on which exchange(s) does it trade?,F_Simple
What is the single primary source cited for Suryoday Small Finance Bank's most recent financial metrics in this dataset?,F_Simple
What is the biggest threat facing Karnataka Bank according to the analysis?,F_Simple
"What is Bank of India's cost-to-income ratio, and how does it compare with the average for its segment?",F_CompToGroupAverage
What is RBL Bank's net interest margin (NIM) for the latest reported period?,F_Simple
"What percentage of ICICI Bank is held by its government promoter or largest shareholder, and as of what date?",F_LogUnion
"Compare the net interest margin of Canara Bank and Union Bank of India. Which is stronger, and by how much?",F_CompMore
What is IndusInd Bank's ticker symbol and on which exchange(s) does it trade?,F_Simple
Who are Bank of Maharashtra's main named competitors?,F_Simple
Which banks are named as competitors of HDFC Bank and ICICI Bank in this dataset?,F_Simple
"What customer segment does Bank of Maharashtra appear to prioritize most, based on its product mix and distribution network?",F_Simple
"What is Suryoday Small Finance Bank's cost-to-income ratio, and how does it compare with the average for its segment?",F_CompToGroupAverage
What are Ujjivan Small Finance Bank's gross NPA and net NPA ratios?,F_Simple
"Does Suryoday Small Finance Bank have any overseas branches, representative offices, or joint-venture equity stakes, and where?",F_LogUnion
What was CSB Bank's CASA ratio in the most recently reported quarter?,F_Simple
What was Bank of Maharashtra's total advances (loan book) and deposit growth in the latest quarter?,F_Simple
"What credit, market, operational or regulatory risks is Suryoday Small Finance Bank exposed to?",F_LogUnion
"What is CSB Bank's primary competitive advantage, and how strong is the evidence behind that claim?",F_Simple
"Roughly how many branches and ATMs does Karur Vysya Bank operate, and as of what date?",F_QuantCount
"What is Suryoday Small Finance Bank's net interest income for the latest reported quarter, and its year-on-year growth rate?",F_Simple
What was Karnataka Bank's total advances (loan book) and deposit growth in the latest quarter?,F_Simple
What are Federal Bank's gross NPA and net NPA ratios?,F_Simple
"What is Kotak Mahindra Bank's cost-to-income ratio, and how does it compare with the average for its segment?",F_CompToGroupAverage
"What credit, market, operational or regulatory risks is Karnataka Bank exposed to?",F_LogUnion
What is the key strength identified for Jammu & Kashmir Bank in the current analysis?,F_Simple
"What credit, market, operational or regulatory risks is Bank of Baroda exposed to?",F_LogUnion
What is the biggest threat facing State Bank of India according to the analysis?,F_Simple
"How would a slowdown in India's GDP growth be expected to affect Small Finance Banks versus larger universal banks, based on the drivers described?",F_CompMore
"What is Tamilnad Mercantile Bank's provision coverage ratio, and what does that imply about its NPA cushion?",F_Simple
What is the main weakness or vulnerability flagged for Tamilnad Mercantile Bank?,F_LogUnion
"Roughly how many branches and ATMs does AU Small Finance Bank operate, and as of what date?",F_QuantCount
"What is Bandhan Bank's primary competitive advantage, and how strong is the evidence behind that claim?",F_Simple
"Compare the return on equity of IDFC First Bank and Federal Bank. Which is stronger, and by how much?",F_CompMore
"What credit, market, operational or regulatory risks is Bank of Maharashtra exposed to?",F_LogUnion
"Compare the net interest margin of ICICI Bank and Kotak Mahindra Bank. Which is stronger, and by how much?",F_CompMore
"What is Equitas Small Finance Bank's primary competitive advantage, and how strong is the evidence behind that claim?",F_Simple
What is the biggest threat facing South Indian Bank according to the analysis?,F_Simple
What is the key strength identified for Punjab National Bank in the current analysis?,F_Simple
"What is IDBI Bank's provision coverage ratio, and what does that imply about its NPA cushion?",F_Simple
"What percentage of Tamilnad Mercantile Bank is held by its government promoter or largest shareholder, and as of what date?",F_LogUnion
"Compare the CASA ratio of State Bank of India and Bank of Baroda. Which is stronger, and by how much?",F_CompMore
What are Yes Bank's gross NPA and net NPA ratios?,F_Simple
Which banks explicitly flag continued regulatory support (RBI or Ministry of Finance) as a named dependency?,F_LogUnion
"Who is the current MD & CEO (or Chairman, where that is the top executive title) of Utkarsh Small Finance Bank?",F_Simple
What is CSB Bank's net interest margin (NIM) for the latest reported period?,F_Simple
What was South Indian Bank's total advances (loan book) and deposit growth in the latest quarter?,F_Simple
"What is Indian Bank's net interest income for the latest reported quarter, and its year-on-year growth rate?",F_Simple
"What is Karnataka Bank's capital adequacy ratio (CRAR), and its CET1 ratio if disclosed?",F_Simple
"What is Ujjivan Small Finance Bank's cost-to-income ratio, and how does it compare with the average for its segment?",F_CompToGroupAverage
Which banks explicitly flag margin as being driven by their CASA/deposit mix?,F_Simple
"What customer segment does IDBI Bank appear to prioritize most, based on its product mix and distribution network?",F_Simple
"What is Karur Vysya Bank's capital adequacy ratio (CRAR), and its CET1 ratio if disclosed?",F_Simple
"What percentage of DCB Bank is held by its government promoter or largest shareholder, and as of what date?",F_LogUnion
"Compare the CASA ratio of Jana Small Finance Bank and AU Small Finance Bank. Which is stronger, and by how much?",F_CompMore
What is Indian Overseas Bank's ticker symbol and on which exchange(s) does it trade?,F_Simple
"Which banks have been rated by ICRA, and what ratings did they receive?",F_Simple
"Compare the gross NPA ratio of Axis Bank and IDFC First Bank. Which is stronger, and by how much?",F_CompMore
What are Punjab National Bank's return on assets (ROA) and return on equity (ROE) for the latest quarter?,F_Simple
"Compare the gross NPA ratio of IndusInd Bank and Yes Bank. Which is stronger, and by how much?",F_CompMore
Which banks have a note about board leadership (Chairman or MD & CEO) marked as unconfirmed in this dataset?,F_LogUnion
What are Tamilnad Mercantile Bank's return on assets (ROA) and return on equity (ROE) for the latest quarter?,F_Simple
"Roughly how many branches and ATMs does DCB Bank operate, and as of what date?",F_QuantCount
What are IndusInd Bank's return on assets (ROA) and return on equity (ROE) for the latest quarter?,F_Simple
What is the main weakness or vulnerability flagged for Kotak Mahindra Bank?,F_LogUnion
"Roughly how many branches and ATMs does Axis Bank operate, and as of what date?",F_QuantCount
"What is South Indian Bank's net interest income for the latest reported quarter, and its year-on-year growth rate?",F_Simple
What is Central Bank of India's net interest margin (NIM) for the latest reported period?,F_Simple
"Compare the return on equity of Tamilnad Mercantile Bank and CSB Bank. Which is stronger, and by how much?",F_CompMore
"Compare the CASA ratio of State Bank of India and HDFC Bank. Which is stronger, and by how much?",F_CompMore
"Across all 39 listed Indian banks in this dataset, which report the highest gross NPA ratio?",F_GlobalRank
What is Yes Bank's net interest margin (NIM) for the latest reported period?,F_Simple
"What is Central Bank of India's cost-to-income ratio, and how does it compare with the average for its segment?",F_CompToGroupAverage
What was DCB Bank's total advances (loan book) and deposit growth in the latest quarter?,F_Simple
"What customer segment does Union Bank of India appear to prioritize most, based on its product mix and distribution network?",F_Simple
Who are Union Bank of India's main named competitors?,F_Simple
"Across all 39 listed Indian banks in this dataset, which report the highest cost-to-income ratio?",F_GlobalRank
"What credit ratings has ESAF Small Finance Bank received, and from which rating agencies?",F_Simple
What is the main weakness or vulnerability flagged for Indian Bank?,F_LogUnion
"Across all 39 listed Indian banks in this dataset, which report the highest return on assets?",F_GlobalRank
What is the biggest threat facing Suryoday Small Finance Bank according to the analysis?,F_Simple
"Roughly how many branches and ATMs does State Bank of India operate, and as of what date?",F_QuantCount
"Across all 39 listed Indian banks in this dataset, which report the lowest year-on-year net profit growth?",F_GlobalRank
"What is Jana Small Finance Bank's capital adequacy ratio (CRAR), and its CET1 ratio if disclosed?",F_Simple
"What is IndusInd Bank's capital adequacy ratio (CRAR), and its CET1 ratio if disclosed?",F_Simple
"What products and services does Union Bank of India offer, and which customer segments does it serve?",F_Simple
Which banks source their financial metrics primarily from Q1 FY27 (quarter ended June 2026) investor disclosures?,F_Simple
"What customer segment does Canara Bank appear to prioritize most, based on its product mix and distribution network?",F_Simple
"What products and services does Karur Vysya Bank offer, and which customer segments does it serve?",F_Simple
"Compare the CASA ratio of Utkarsh Small Finance Bank and Suryoday Small Finance Bank. Which is stronger, and by how much?",F_CompMore
Which banks have metrics sourced from a single secondary source flagged as lower-confidence?,F_CompLess
What is the biggest threat facing IDBI Bank according to the analysis?,F_Simple
What is the single primary source cited for Punjab National Bank's most recent financial metrics in this dataset?,F_Simple
"Which credit rating agencies are referenced across this dataset, and which agency is affiliated with Fitch?",F_Simple
What is IDFC First Bank's net interest margin (NIM) for the latest reported period?,F_Simple
"Compare the CASA ratio of Tamilnad Mercantile Bank and CSB Bank. Which is stronger, and by how much?",F_CompMore
"Compare the return on equity of ICICI Bank and Axis Bank. Which is stronger, and by how much?",F_CompMore
"Compare the net interest margin of ICICI Bank and Axis Bank. Which is stronger, and by how much?",F_CompMore
"What is Punjab National Bank's net interest income for the latest reported quarter, and its year-on-year growth rate?",F_Simple
"What technology platform, digital channel, or core banking system is specifically associated with Punjab National Bank?",F_LogUnion
"Compare the net interest margin of Tamilnad Mercantile Bank and CSB Bank. Which is stronger, and by how much?",F_CompMore
What are Ujjivan Small Finance Bank's return on assets (ROA) and return on equity (ROE) for the latest quarter?,F_Simple
"Which banks disclose a Chairman separate from the MD & CEO role, and which combine the roles?",F_Simple
What reporting period do most of the financial figures in this dataset refer to?,F_Simple
"Who is the current MD & CEO (or Chairman, where that is the top executive title) of Karur Vysya Bank?",F_Simple
What is the key strength identified for CSB Bank in the current analysis?,F_Simple
What are RBL Bank's return on assets (ROA) and return on equity (ROE) for the latest quarter?,F_Simple
"What credit, market, operational or regulatory risks is ESAF Small Finance Bank exposed to?",F_LogUnion
"What is Kotak Mahindra Bank's primary competitive advantage, and how strong is the evidence behind that claim?",F_Simple
"What is Tamilnad Mercantile Bank's net interest income for the latest reported quarter, and its year-on-year growth rate?",F_Simple
What is the single primary source cited for ICICI Bank's most recent financial metrics in this dataset?,F_Simple
"What customer segment does Punjab & Sind Bank appear to prioritize most, based on its product mix and distribution network?",F_Simple
What is the single primary source cited for Dhanlaxmi Bank's most recent financial metrics in this dataset?,F_Simple
"What is DCB Bank's capital adequacy ratio (CRAR), and its CET1 ratio if disclosed?",F_Simple
What is the biggest threat facing Indian Overseas Bank according to the analysis?,F_Simple
"Compare the gross NPA ratio of Federal Bank and South Indian Bank. Which is stronger, and by how much?",F_CompMore
"What products and services does Indian Bank offer, and which customer segments does it serve?",F_Simple
What was Federal Bank's CASA ratio in the most recently reported quarter?,F_Simple
What is the main weakness or vulnerability flagged for Karnataka Bank?,F_LogUnion
"What credit ratings has CSB Bank received, and from which rating agencies?",F_Simple
"What credit ratings has Bank of Maharashtra received, and from which rating agencies?",F_Simple
"What customer segment does IDFC First Bank appear to prioritize most, based on its product mix and distribution network?",F_Simple
What is the main weakness or vulnerability flagged for Jammu & Kashmir Bank?,F_LogUnion
What is the single primary source cited for Federal Bank's most recent financial metrics in this dataset?,F_Simple
"Roughly how many branches and ATMs does IDBI Bank operate, and as of what date?",F_QuantCount
Which Small Finance Banks have secured banking-license upgrades or new approvals recently?,F_LogUnion
What is the main weakness or vulnerability flagged for HDFC Bank?,F_LogUnion
"What technology platform, digital channel, or core banking system is specifically associated with Bank of India?",F_LogUnion
"Which banks are headquartered in South India generally (Tamil Nadu, Karnataka, Kerala)?",F_Simple
What are CSB Bank's return on assets (ROA) and return on equity (ROE) for the latest quarter?,F_Simple
"Who is the current MD & CEO (or Chairman, where that is the top executive title) of Ujjivan Small Finance Bank?",F_Simple
What is Indian Bank's net interest margin (NIM) for the latest reported period?,F_Simple
How do Small Finance Banks as a group compare to Private Sector Banks on net interest margin?,F_GroupAggregate
"What is Punjab & Sind Bank's capital adequacy ratio (CRAR), and its CET1 ratio if disclosed?",F_Simple
What is the biggest threat facing HDFC Bank according to the analysis?,F_Simple
What is the key strength identified for Ujjivan Small Finance Bank in the current analysis?,F_Simple
Which banks are most exposed to funding-cost risk from a declining CASA ratio?,F_Simple
What was Bank of India's CASA ratio in the most recently reported quarter?,F_Simple
"What credit ratings has Punjab & Sind Bank received, and from which rating agencies?",F_Simple
"Compare the CASA ratio of ICICI Bank and Kotak Mahindra Bank. Which is stronger, and by how much?",F_CompMore
What is IDBI Bank's net interest margin (NIM) for the latest reported period?,F_Simple
What was Dhanlaxmi Bank's CASA ratio in the most recently reported quarter?,F_Simple
What are Punjab & Sind Bank's return on assets (ROA) and return on equity (ROE) for the latest quarter?,F_Simple
"Which regulator(s) oversee every bank in this dataset, and what specific powers do they exercise (licensing, capital norms, disclosure)?",F_Simple
"What is UCO Bank's cost-to-income ratio, and how does it compare with the average for its segment?",F_CompToGroupAverage
What was IDFC First Bank's total advances (loan book) and deposit growth in the latest quarter?,F_Simple
"What credit, market, operational or regulatory risks is Central Bank of India exposed to?",F_LogUnion
"What percentage of Karur Vysya Bank is held by its government promoter or largest shareholder, and as of what date?",F_LogUnion
"Does RBL Bank have any overseas branches, representative offices, or joint-venture equity stakes, and where?",F_LogUnion
"What is Canara Bank's primary competitive advantage, and how strong is the evidence behind that claim?",F_Simple
What is Jammu & Kashmir Bank's net interest margin (NIM) for the latest reported period?,F_Simple
"What customer segment does HDFC Bank appear to prioritize most, based on its product mix and distribution network?",F_Simple
Who are DCB Bank's main named competitors?,F_Simple
What is the key strength identified for Equitas Small Finance Bank in the current analysis?,F_Simple
"Compare the gross NPA ratio of RBL Bank and Bandhan Bank. Which is stronger, and by how much?",F_CompMore
What is the key strength identified for Axis Bank in the current analysis?,F_Simple
Who are Yes Bank's main named competitors?,F_Simple
How does the RBI repo rate influence net interest margin across the banks in this dataset?,F_Simple
"What credit ratings has Jana Small Finance Bank received, and from which rating agencies?",F_Simple
What is the main weakness or vulnerability flagged for RBL Bank?,F_LogUnion
"Compare the CASA ratio of IndusInd Bank and Yes Bank. Which is stronger, and by how much?",F_CompMore
"What credit, market, operational or regulatory risks is CSB Bank exposed to?",F_LogUnion
"Across all 39 listed Indian banks in this dataset, which report the lowest capital adequacy ratio (CRAR)?",F_GlobalRank
"Who is the current MD & CEO (or Chairman, where that is the top executive title) of DCB Bank?",F_Simple
What was Canara Bank's CASA ratio in the most recently reported quarter?,F_Simple
"What is Punjab National Bank's capital adequacy ratio (CRAR), and its CET1 ratio if disclosed?",F_Simple
"What percentage of RBL Bank is held by its government promoter or largest shareholder, and as of what date?",F_LogUnion
What was ESAF Small Finance Bank's total advances (loan book) and deposit growth in the latest quarter?,F_Simple
What is Punjab & Sind Bank's net interest margin (NIM) for the latest reported period?,F_Simple
"What is Jammu & Kashmir Bank's provision coverage ratio, and what does that imply about its NPA cushion?",F_Simple
Which Private Sector Bank has the highest CASA ratio?,F_GlobalRank
What was State Bank of India's CASA ratio in the most recently reported quarter?,F_Simple
"Across all 39 listed Indian banks in this dataset, which report the highest return on equity?",F_GlobalRank
What is the main weakness or vulnerability flagged for Karur Vysya Bank?,F_LogUnion
"What is Bank of Baroda's cost-to-income ratio, and how does it compare with the average for its segment?",F_CompToGroupAverage
"What is IDBI Bank's primary competitive advantage, and how strong is the evidence behind that claim?",F_Simple
"Across all 39 listed Indian banks in this dataset, which report the lowest year-on-year deposit growth?",F_GlobalRank
"Compare the return on equity of DCB Bank and Karnataka Bank. Which is stronger, and by how much?",F_CompMore
"What is Punjab National Bank's provision coverage ratio, and what does that imply about its NPA cushion?",F_Simple
"Roughly how many branches and ATMs does Utkarsh Small Finance Bank operate, and as of what date?",F_QuantCount
"Does Bandhan Bank have any overseas branches, representative offices, or joint-venture equity stakes, and where?",F_LogUnion
What was Utkarsh Small Finance Bank's CASA ratio in the most recently reported quarter?,F_Simple
"Does Federal Bank have any overseas branches, representative offices, or joint-venture equity stakes, and where?",F_LogUnion
What is Indian Overseas Bank's net interest margin (NIM) for the latest reported period?,F_Simple
"Compare the CASA ratio of Federal Bank and South Indian Bank. Which is stronger, and by how much?",F_CompMore
What is the main weakness or vulnerability flagged for Union Bank of India?,F_LogUnion
"What customer segment does Ujjivan Small Finance Bank appear to prioritize most, based on its product mix and distribution network?",F_Simple
"Compare the gross NPA ratio of Utkarsh Small Finance Bank and Suryoday Small Finance Bank. Which is stronger, and by how much?",F_CompMore
"What is IDBI Bank's net interest income for the latest reported quarter, and its year-on-year growth rate?",F_Simple
"Across all 39 listed Indian banks in this dataset, which report the lowest year-on-year advances growth?",F_GlobalRank
What is the single primary source cited for AU Small Finance Bank's most recent financial metrics in this dataset?,F_Simple
"What products and services does IDFC First Bank offer, and which customer segments does it serve?",F_Simple
"What technology platform, digital channel, or core banking system is specifically associated with Union Bank of India?",F_LogUnion
Who are Equitas Small Finance Bank's main named competitors?,F_Simple
Which segment has the highest average capital adequacy ratio?,F_GroupAggregate
"How would a rise in the RBI repo rate be expected to affect PSU banks versus Private banks differently, based on the drivers described?",F_CompMore
"What is Bank of India's capital adequacy ratio (CRAR), and its CET1 ratio if disclosed?",F_Simple
What are Bank of India's return on assets (ROA) and return on equity (ROE) for the latest quarter?,F_Simple
"Compare the CASA ratio of Kotak Mahindra Bank and IndusInd Bank. Which is stronger, and by how much?",F_CompMore
What are Yes Bank's return on assets (ROA) and return on equity (ROE) for the latest quarter?,F_Simple
What is Bank of Baroda's ticker symbol and on which exchange(s) does it trade?,F_Simple
What is the key strength identified for Union Bank of India in the current analysis?,F_Simple
"Does Kotak Mahindra Bank have any overseas branches, representative offices, or joint-venture equity stakes, and where?",F_LogUnion
"What products and services does DCB Bank offer, and which customer segments does it serve?",F_Simple
"What percentage of Ujjivan Small Finance Bank is held by its government promoter or largest shareholder, and as of what date?",F_LogUnion
"Compare the CASA ratio of Indian Overseas Bank and UCO Bank. Which is stronger, and by how much?",F_CompMore
"What is Canara Bank's provision coverage ratio, and what does that imply about its NPA cushion?",F_Simple
Who are Suryoday Small Finance Bank's main named competitors?,F_Simple
"Does Bank of Baroda have any overseas branches, representative offices, or joint-venture equity stakes, and where?",F_LogUnion
"Compare the return on equity of State Bank of India and HDFC Bank. Which is stronger, and by how much?",F_CompMore
"What customer segment does Karur Vysya Bank appear to prioritize most, based on its product mix and distribution network?",F_Simple
Who are UCO Bank's main named competitors?,F_Simple
Who are South Indian Bank's main named competitors?,F_Simple
"What is UCO Bank's net interest income for the latest reported quarter, and its year-on-year growth rate?",F_Simple
What is the main weakness or vulnerability flagged for IndusInd Bank?,F_LogUnion
"Compare the gross NPA ratio of State Bank of India and Punjab National Bank. Which is stronger, and by how much?",F_CompMore
"What credit ratings has Karur Vysya Bank received, and from which rating agencies?",F_Simple
What is the single primary source cited for HDFC Bank's most recent financial metrics in this dataset?,F_Simple
"What credit ratings has Federal Bank received, and from which rating agencies?",F_Simple
"What credit ratings has Equitas Small Finance Bank received, and from which rating agencies?",F_Simple
"What percentage of State Bank of India is held by its government promoter or largest shareholder, and as of what date?",F_LogUnion
"What is State Bank of India's capital adequacy ratio (CRAR), and its CET1 ratio if disclosed?",F_Simple
"What products and services does Karnataka Bank offer, and which customer segments does it serve?",F_Simple
"What is Federal Bank's provision coverage ratio, and what does that imply about its NPA cushion?",F_Simple
What are Suryoday Small Finance Bank's return on assets (ROA) and return on equity (ROE) for the latest quarter?,F_Simple
"Compare the net interest margin of HDFC Bank and Kotak Mahindra Bank. Which is stronger, and by how much?",F_CompMore
"What products and services does Yes Bank offer, and which customer segments does it serve?",F_Simple
"What is Axis Bank's provision coverage ratio, and what does that imply about its NPA cushion?",F_Simple
What was Punjab National Bank's CASA ratio in the most recently reported quarter?,F_Simple
"Does Indian Overseas Bank have any overseas branches, representative offices, or joint-venture equity stakes, and where?",F_LogUnion
"Who is the current MD & CEO (or Chairman, where that is the top executive title) of Dhanlaxmi Bank?",F_Simple
"Across all 39 listed Indian banks in this dataset, which report the highest CASA ratio?",F_GlobalRank
"Compare the CASA ratio of Karur Vysya Bank and City Union Bank. Which is stronger, and by how much?",F_CompMore
"What credit, market, operational or regulatory risks is Tamilnad Mercantile Bank exposed to?",F_LogUnion
"What credit ratings has Suryoday Small Finance Bank received, and from which rating agencies?",F_Simple
"Compare the gross NPA ratio of Bank of Baroda and Punjab National Bank. Which is stronger, and by how much?",F_CompMore
What is the key strength identified for Punjab & Sind Bank in the current analysis?,F_Simple
"What is Yes Bank's cost-to-income ratio, and how does it compare with the average for its segment?",F_CompToGroupAverage
"What percentage of Equitas Small Finance Bank is held by its government promoter or largest shareholder, and as of what date?",F_LogUnion
What is South Indian Bank's net interest margin (NIM) for the latest reported period?,F_Simple
What was DCB Bank's CASA ratio in the most recently reported quarter?,F_Simple
"Who is the current MD & CEO (or Chairman, where that is the top executive title) of Punjab National Bank?",F_Simple
What is Bandhan Bank's ticker symbol and on which exchange(s) does it trade?,F_Simple
What is the main weakness or vulnerability flagged for Federal Bank?,F_LogUnion
"What products and services does Canara Bank offer, and which customer segments does it serve?",F_Simple
"What is Tamilnad Mercantile Bank's capital adequacy ratio (CRAR), and its CET1 ratio if disclosed?",F_Simple
"Roughly how many branches and ATMs does Indian Overseas Bank operate, and as of what date?",F_QuantCount
"Compare the gross NPA ratio of AU Small Finance Bank and Equitas Small Finance Bank. Which is stronger, and by how much?",F_CompMore
What are Union Bank of India's return on assets (ROA) and return on equity (ROE) for the latest quarter?,F_Simple
"What is UCO Bank's primary competitive advantage, and how strong is the evidence behind that claim?",F_Simple
"What credit ratings has Yes Bank received, and from which rating agencies?",F_Simple
What is Bank of Maharashtra's ticker symbol and on which exchange(s) does it trade?,F_Simple
Which banks are most sensitive to credit risk because of large corporate loan exposure?,F_Simple
"What is ESAF Small Finance Bank's cost-to-income ratio, and how does it compare with the average for its segment?",F_CompToGroupAverage
"What is Central Bank of India's net interest income for the latest reported quarter, and its year-on-year growth rate?",F_Simple
What is Indian Bank's ticker symbol and on which exchange(s) does it trade?,F_Simple
What five credit rating agencies (or agency groups) are referenced throughout this dataset?,F_Simple
"Compare the gross NPA ratio of Union Bank of India and Bank of India. Which is stronger, and by how much?",F_CompMore
"Compare the return on equity of ICICI Bank and Kotak Mahindra Bank. Which is stronger, and by how much?",F_CompMore
Who are Axis Bank's main named competitors?,F_Simple
"What is Bank of Maharashtra's provision coverage ratio, and what does that imply about its NPA cushion?",F_Simple
"What is ICICI Bank's cost-to-income ratio, and how does it compare with the average for its segment?",F_CompToGroupAverage
"What is Axis Bank's primary competitive advantage, and how strong is the evidence behind that claim?",F_Simple
What is the biggest threat facing Kotak Mahindra Bank according to the analysis?,F_Simple
What is ESAF Small Finance Bank's net interest margin (NIM) for the latest reported period?,F_Simple
"What customer segment does RBL Bank appear to prioritize most, based on its product mix and distribution network?",F_Simple
"Who is the current MD & CEO (or Chairman, where that is the top executive title) of CSB Bank?",F_Simple
Which banks are most exposed to risk from legacy corporate NPAs or past fraud incidents?,F_LogUnion
What is Tamilnad Mercantile Bank's net interest margin (NIM) for the latest reported period?,F_Simple
"Compare the return on equity of Ujjivan Small Finance Bank and ESAF Small Finance Bank. Which is stronger, and by how much?",F_CompMore
"Does ICICI Bank have any overseas branches, representative offices, or joint-venture equity stakes, and where?",F_LogUnion
"What is Bank of Maharashtra's primary competitive advantage, and how strong is the evidence behind that claim?",F_Simple
"Across all 39 listed Indian banks in this dataset, which report the highest capital adequacy ratio (CRAR)?",F_GlobalRank
"Compare the gross NPA ratio of ICICI Bank and Kotak Mahindra Bank. Which is stronger, and by how much?",F_CompMore
"Which banks have FIIs, NRIs or GDR holders disclosed as a shareholder category, and what percentage do they hold?",F_LogUnion
What is Bank of India's ticker symbol and on which exchange(s) does it trade?,F_Simple
"Compare the gross NPA ratio of State Bank of India and HDFC Bank. Which is stronger, and by how much?",F_CompMore
What was Central Bank of India's total advances (loan book) and deposit growth in the latest quarter?,F_Simple
Which segment has the highest average return on equity?,F_GroupAggregate
"What is Karnataka Bank's primary competitive advantage, and how strong is the evidence behind that claim?",F_Simple
What was Jammu & Kashmir Bank's CASA ratio in the most recently reported quarter?,F_Simple
Which banks explicitly flag technology or digital-platform uptime as an operational dependency?,F_LogUnion
What is City Union Bank's net interest margin (NIM) for the latest reported period?,F_Simple
What is ESAF Small Finance Bank's ticker symbol and on which exchange(s) does it trade?,F_Simple
"What is Union Bank of India's net interest income for the latest reported quarter, and its year-on-year growth rate?",F_Simple
"What products and services does Jammu & Kashmir Bank offer, and which customer segments does it serve?",F_Simple
"What percentage of ESAF Small Finance Bank is held by its government promoter or largest shareholder, and as of what date?",F_LogUnion
"What is ESAF Small Finance Bank's primary competitive advantage, and how strong is the evidence behind that claim?",F_Simple
"What credit, market, operational or regulatory risks is UCO Bank exposed to?",F_LogUnion
What is the biggest threat facing Bank of Baroda according to the analysis?,F_Simple
"What is City Union Bank's provision coverage ratio, and what does that imply about its NPA cushion?",F_Simple
"What percentage of Kotak Mahindra Bank is held by its government promoter or largest shareholder, and as of what date?",F_LogUnion
"What is RBL Bank's provision coverage ratio, and what does that imply about its NPA cushion?",F_Simple
What is Utkarsh Small Finance Bank's ticker symbol and on which exchange(s) does it trade?,F_Simple
"What percentage of UCO Bank is held by its government promoter or largest shareholder, and as of what date?",F_LogUnion
"Roughly how many branches and ATMs does Dhanlaxmi Bank operate, and as of what date?",F_QuantCount
"What products and services does Federal Bank offer, and which customer segments does it serve?",F_Simple
"Compare the CASA ratio of HDFC Bank and Axis Bank. Which is stronger, and by how much?",F_CompMore
Who are Tamilnad Mercantile Bank's main named competitors?,F_Simple
Who are RBL Bank's main named competitors?,F_Simple
Who are Punjab National Bank's main named competitors?,F_Simple
"What credit, market, operational or regulatory risks is Jana Small Finance Bank exposed to?",F_LogUnion
"What credit ratings has South Indian Bank received, and from which rating agencies?",F_Simple
Who are Bank of Baroda's main named competitors?,F_Simple
What is the key strength identified for Dhanlaxmi Bank in the current analysis?,F_Simple
What was Bandhan Bank's CASA ratio in the most recently reported quarter?,F_Simple
What is the main weakness or vulnerability flagged for Equitas Small Finance Bank?,F_LogUnion
Who are ICICI Bank's main named competitors?,F_Simple
"What percentage of Jana Small Finance Bank is held by its government promoter or largest shareholder, and as of what date?",F_LogUnion
What was Kotak Mahindra Bank's CASA ratio in the most recently reported quarter?,F_Simple
What are Punjab & Sind Bank's gross NPA and net NPA ratios?,F_Simple
"Does Punjab & Sind Bank have any overseas branches, representative offices, or joint-venture equity stakes, and where?",F_LogUnion
"Compare the gross NPA ratio of HDFC Bank and Axis Bank. Which is stronger, and by how much?",F_CompMore
Who are IDFC First Bank's main named competitors?,F_Simple
What was Indian Bank's total advances (loan book) and deposit growth in the latest quarter?,F_Simple
"Compare the CASA ratio of IDFC First Bank and Federal Bank. Which is stronger, and by how much?",F_CompMore
Which banks in this dataset are majority owned by the Government of India?,F_Simple
"Compare the net interest margin of Bank of Maharashtra and Punjab & Sind Bank. Which is stronger, and by how much?",F_CompMore
What are Punjab National Bank's gross NPA and net NPA ratios?,F_Simple
What is the key strength identified for HDFC Bank in the current analysis?,F_Simple
"What credit ratings has ICICI Bank received, and from which rating agencies?",F_Simple
What was RBL Bank's total advances (loan book) and deposit growth in the latest quarter?,F_Simple
What are Karnataka Bank's return on assets (ROA) and return on equity (ROE) for the latest quarter?,F_Simple
What was Suryoday Small Finance Bank's CASA ratio in the most recently reported quarter?,F_Simple
"Roughly how many branches and ATMs does Bandhan Bank operate, and as of what date?",F_QuantCount
"Roughly how many branches and ATMs does CSB Bank operate, and as of what date?",F_QuantCount
"What credit ratings has City Union Bank received, and from which rating agencies?",F_Simple
"How many total listed Indian banks does this dataset cover, and how are they split by segment?",F_QuantCount
"Who is the current MD & CEO (or Chairman, where that is the top executive title) of Indian Overseas Bank?",F_Simple
"What products and services does Jana Small Finance Bank offer, and which customer segments does it serve?",F_Simple
"What is Union Bank of India's cost-to-income ratio, and how does it compare with the average for its segment?",F_CompToGroupAverage
"Which banks have overseas representative offices as distinct from full branches, and where?",F_Simple
"Compare the return on equity of Indian Overseas Bank and UCO Bank. Which is stronger, and by how much?",F_CompMore
"Which banking segments defined in the underlying ontology (Payments Banks, Foreign Banks) have no listed member companies in this dataset, and why?",F_Simple
What is the key strength identified for DCB Bank in the current analysis?,F_Simple
"Compare the net interest margin of AU Small Finance Bank and Equitas Small Finance Bank. Which is stronger, and by how much?",F_CompMore
"Compare the net interest margin of Indian Overseas Bank and UCO Bank. Which is stronger, and by how much?",F_CompMore
"What credit, market, operational or regulatory risks is Utkarsh Small Finance Bank exposed to?",F_LogUnion
What are Bank of India's gross NPA and net NPA ratios?,F_Simple
"Compare the net interest margin of Jammu & Kashmir Bank and Dhanlaxmi Bank. Which is stronger, and by how much?",F_CompMore
"Compare the return on equity of Canara Bank and Union Bank of India. Which is stronger, and by how much?",F_CompMore
What is the biggest threat facing IndusInd Bank according to the analysis?,F_Simple
"What is HDFC Bank's provision coverage ratio, and what does that imply about its NPA cushion?",F_Simple
"What is CSB Bank's provision coverage ratio, and what does that imply about its NPA cushion?",F_Simple
"What percentage of Karnataka Bank is held by its government promoter or largest shareholder, and as of what date?",F_LogUnion
"What percentage of South Indian Bank is held by its government promoter or largest shareholder, and as of what date?",F_LogUnion
What is the single primary source cited for Union Bank of India's most recent financial metrics in this dataset?,F_Simple
"What customer segment does Dhanlaxmi Bank appear to prioritize most, based on its product mix and distribution network?",F_Simple
What is Tamilnad Mercantile Bank's ticker symbol and on which exchange(s) does it trade?,F_Simple
What is the key strength identified for Bank of Maharashtra in the current analysis?,F_Simple
What are IDFC First Bank's gross NPA and net NPA ratios?,F_Simple
What is AU Small Finance Bank's net interest margin (NIM) for the latest reported period?,F_Simple
What are Federal Bank's return on assets (ROA) and return on equity (ROE) for the latest quarter?,F_Simple
"Compare the net interest margin of Utkarsh Small Finance Bank and Suryoday Small Finance Bank. Which is stronger, and by how much?",F_CompMore
What is the main weakness or vulnerability flagged for Punjab National Bank?,F_LogUnion
"Compare the CASA ratio of ICICI Bank and Axis Bank. Which is stronger, and by how much?",F_CompMore
What are Karnataka Bank's gross NPA and net NPA ratios?,F_Simple
"What is State Bank of India's net interest income for the latest reported quarter, and its year-on-year growth rate?",F_Simple
"What is IDFC First Bank's provision coverage ratio, and what does that imply about its NPA cushion?",F_Simple
"Compare the return on equity of Federal Bank and South Indian Bank. Which is stronger, and by how much?",F_CompMore
Which banks are most sensitive to interest-rate risk because of their deposit-book composition?,F_Simple
"What is Bandhan Bank's net interest income for the latest reported quarter, and its year-on-year growth rate?",F_Simple
"What credit ratings has RBL Bank received, and from which rating agencies?",F_Simple
"Compare the return on equity of Bank of Maharashtra and Punjab & Sind Bank. Which is stronger, and by how much?",F_CompMore
"What is South Indian Bank's primary competitive advantage, and how strong is the evidence behind that claim?",F_Simple
"What products and services does Bank of India offer, and which customer segments does it serve?",F_Simple
"Roughly how many branches and ATMs does Central Bank of India operate, and as of what date?",F_QuantCount
Who are HDFC Bank's main named competitors?,F_Simple
"What credit ratings has Punjab National Bank received, and from which rating agencies?",F_Simple
"Which Public Sector Bank posted a one-off or unusual profit event this quarter, and why?",F_LogUnion
What is the main weakness or vulnerability flagged for IDFC First Bank?,F_LogUnion
What is Suryoday Small Finance Bank's net interest margin (NIM) for the latest reported period?,F_Simple
"Who is the current MD & CEO (or Chairman, where that is the top executive title) of Suryoday Small Finance Bank?",F_Simple
What are South Indian Bank's return on assets (ROA) and return on equity (ROE) for the latest quarter?,F_Simple
What is Yes Bank's ticker symbol and on which exchange(s) does it trade?,F_Simple
What is the main weakness or vulnerability flagged for Yes Bank?,F_LogUnion
"Across all 39 listed Indian banks in this dataset, which report the lowest CASA ratio?",F_GlobalRank
What is the biggest threat facing Federal Bank according to the analysis?,F_Simple
What are Dhanlaxmi Bank's gross NPA and net NPA ratios?,F_Simple
"Compare the return on equity of Jana Small Finance Bank and AU Small Finance Bank. Which is stronger, and by how much?",F_CompMore
What are Indian Bank's gross NPA and net NPA ratios?,F_Simple
What is Central Bank of India's ticker symbol and on which exchange(s) does it trade?,F_Simple
"What credit, market, operational or regulatory risks is Punjab & Sind Bank exposed to?",F_LogUnion
"Roughly how many branches and ATMs does Indian Bank operate, and as of what date?",F_QuantCount
"Who is the current MD & CEO (or Chairman, where that is the top executive title) of Jana Small Finance Bank?",F_Simple
"What is CSB Bank's net interest income for the latest reported quarter, and its year-on-year growth rate?",F_Simple
What is the main weakness or vulnerability flagged for DCB Bank?,F_LogUnion
"Does Utkarsh Small Finance Bank have any overseas branches, representative offices, or joint-venture equity stakes, and where?",F_LogUnion
"What is Union Bank of India's provision coverage ratio, and what does that imply about its NPA cushion?",F_Simple
"Compare the CASA ratio of Bank of Baroda and Canara Bank. Which is stronger, and by how much?",F_CompMore
What is Utkarsh Small Finance Bank's net interest margin (NIM) for the latest reported period?,F_Simple
What is the main weakness or vulnerability flagged for Axis Bank?,F_LogUnion
"What is Indian Overseas Bank's provision coverage ratio, and what does that imply about its NPA cushion?",F_Simple
"What is Jammu & Kashmir Bank's cost-to-income ratio, and how does it compare with the average for its segment?",F_CompToGroupAverage
"What percentage of Jammu & Kashmir Bank is held by its government promoter or largest shareholder, and as of what date?",F_LogUnion
What is IndusInd Bank's net interest margin (NIM) for the latest reported period?,F_Simple
What was Jana Small Finance Bank's total advances (loan book) and deposit growth in the latest quarter?,F_Simple
"What is RBL Bank's primary competitive advantage, and how strong is the evidence behind that claim?",F_Simple
What are State Bank of India's gross NPA and net NPA ratios?,F_Simple
"Roughly how many branches and ATMs does Karnataka Bank operate, and as of what date?",F_QuantCount
What is the key strength identified for AU Small Finance Bank in the current analysis?,F_Simple
What was Equitas Small Finance Bank's total advances (loan book) and deposit growth in the latest quarter?,F_Simple
"What technology platform, digital channel, or core banking system is specifically associated with Central Bank of India?",F_LogUnion
"What is Punjab & Sind Bank's cost-to-income ratio, and how does it compare with the average for its segment?",F_CompToGroupAverage
"What is Karnataka Bank's cost-to-income ratio, and how does it compare with the average for its segment?",F_CompToGroupAverage
What was Indian Overseas Bank's total advances (loan book) and deposit growth in the latest quarter?,F_Simple
What is the main weakness or vulnerability flagged for Punjab & Sind Bank?,F_LogUnion
Who are Karur Vysya Bank's main named competitors?,F_Simple
"What percentage of Bank of India is held by its government promoter or largest shareholder, and as of what date?",F_LogUnion
What are City Union Bank's gross NPA and net NPA ratios?,F_Simple
"What is City Union Bank's cost-to-income ratio, and how does it compare with the average for its segment?",F_CompToGroupAverage
"Roughly how many branches and ATMs does Federal Bank operate, and as of what date?",F_QuantCount
What are IDFC First Bank's return on assets (ROA) and return on equity (ROE) for the latest quarter?,F_Simple
"Who is the current MD & CEO (or Chairman, where that is the top executive title) of HDFC Bank?",F_Simple
"What is Indian Overseas Bank's net interest income for the latest reported quarter, and its year-on-year growth rate?",F_Simple
"Who is the current MD & CEO (or Chairman, where that is the top executive title) of IDBI Bank?",F_Simple
"Roughly how many branches and ATMs does UCO Bank operate, and as of what date?",F_QuantCount
"Compare the gross NPA ratio of Ujjivan Small Finance Bank and ESAF Small Finance Bank. Which is stronger, and by how much?",F_CompMore
"Roughly how many branches and ATMs does RBL Bank operate, and as of what date?",F_QuantCount
"Does Central Bank of India have any overseas branches, representative offices, or joint-venture equity stakes, and where?",F_LogUnion
"What credit ratings has State Bank of India received, and from which rating agencies?",F_Simple
What are Suryoday Small Finance Bank's gross NPA and net NPA ratios?,F_Simple
"Which banks are headquartered in Kerala, and how do they compare to each other?",F_CompMore
What are AU Small Finance Bank's gross NPA and net NPA ratios?,F_Simple
What is the single primary source cited for Punjab & Sind Bank's most recent financial metrics in this dataset?,F_Simple
What is Jana Small Finance Bank's net interest margin (NIM) for the latest reported period?,F_Simple
"What is Utkarsh Small Finance Bank's net interest income for the latest reported quarter, and its year-on-year growth rate?",F_Simple
What is HDFC Bank's ticker symbol and on which exchange(s) does it trade?,F_Simple
What is the biggest threat facing Bank of India according to the analysis?,F_Simple
"What is Utkarsh Small Finance Bank's provision coverage ratio, and what does that imply about its NPA cushion?",F_Simple
Who are Punjab & Sind Bank's main named competitors?,F_Simple
"What credit ratings has Axis Bank received, and from which rating agencies?",F_Simple
"Does UCO Bank have any overseas branches, representative offices, or joint-venture equity stakes, and where?",F_LogUnion
"What is IDFC First Bank's cost-to-income ratio, and how does it compare with the average for its segment?",F_CompToGroupAverage
What is the key strength identified for Federal Bank in the current analysis?,F_Simple
"What technology platform, digital channel, or core banking system is specifically associated with Indian Bank?",F_LogUnion
What are State Bank of India's return on assets (ROA) and return on equity (ROE) for the latest quarter?,F_Simple
What is the biggest threat facing Yes Bank according to the analysis?,F_Simple
"Across all 39 listed Indian banks in this dataset, which report the highest year-on-year deposit growth?",F_GlobalRank
"What credit ratings has Jammu & Kashmir Bank received, and from which rating agencies?",F_Simple
What are CSB Bank's gross NPA and net NPA ratios?,F_Simple
"Compare the CASA ratio of HDFC Bank and ICICI Bank. Which is stronger, and by how much?",F_CompMore
"Across all 39 listed Indian banks in this dataset, which report the lowest net NPA ratio?",F_GlobalRank
"What is South Indian Bank's capital adequacy ratio (CRAR), and its CET1 ratio if disclosed?",F_Simple
"Which banks have an AT-1 or Tier-2 bond rating mentioned, and what is it?",F_LogUnion
"Across all 39 listed Indian banks in this dataset, which report the lowest return on equity?",F_GlobalRank
"Does Jana Small Finance Bank have any overseas branches, representative offices, or joint-venture equity stakes, and where?",F_LogUnion
Which banks are named as competitors of State Bank of India in this dataset?,F_Simple
What is the biggest threat facing UCO Bank according to the analysis?,F_Simple
"Compare the net interest margin of Jana Small Finance Bank and AU Small Finance Bank. Which is stronger, and by how much?",F_CompMore
"Compare the return on equity of State Bank of India and Punjab National Bank. Which is stronger, and by how much?",F_CompMore
"What customer segment does Jana Small Finance Bank appear to prioritize most, based on its product mix and distribution network?",F_Simple
"What is Dhanlaxmi Bank's net interest income for the latest reported quarter, and its year-on-year growth rate?",F_Simple
What was Utkarsh Small Finance Bank's total advances (loan book) and deposit growth in the latest quarter?,F_Simple
What is the biggest threat facing Bank of Maharashtra according to the analysis?,F_Simple
What is the single primary source cited for Bank of India's most recent financial metrics in this dataset?,F_Simple
What is Federal Bank's ticker symbol and on which exchange(s) does it trade?,F_Simple
"What is Indian Overseas Bank's cost-to-income ratio, and how does it compare with the average for its segment?",F_CompToGroupAverage
What was Yes Bank's total advances (loan book) and deposit growth in the latest quarter?,F_Simple
What are Indian Bank's return on assets (ROA) and return on equity (ROE) for the latest quarter?,F_Simple
What is HDFC Bank's net interest margin (NIM) for the latest reported period?,F_Simple
What is the biggest threat facing RBL Bank according to the analysis?,F_Simple
"Compare the return on equity of HDFC Bank and Axis Bank. Which is stronger, and by how much?",F_CompMore
What is the key strength identified for RBL Bank in the current analysis?,F_Simple
"Who is the current MD & CEO (or Chairman, where that is the top executive title) of Punjab & Sind Bank?",F_Simple
"Compare the net interest margin of Karur Vysya Bank and City Union Bank. Which is stronger, and by how much?",F_CompMore
What is Ujjivan Small Finance Bank's ticker symbol and on which exchange(s) does it trade?,F_Simple
What is the single primary source cited for Kotak Mahindra Bank's most recent financial metrics in this dataset?,F_Simple
What is the biggest threat facing Indian Bank according to the analysis?,F_Simple
Which banks have undergone a merger or amalgamation in their recent history?,F_LogUnion
"What is Indian Bank's primary competitive advantage, and how strong is the evidence behind that claim?",F_Simple
"Compare the gross NPA ratio of HDFC Bank and Kotak Mahindra Bank. Which is stronger, and by how much?",F_CompMore
"What products and services does Bandhan Bank offer, and which customer segments does it serve?",F_Simple
"What percentage of AU Small Finance Bank is held by its government promoter or largest shareholder, and as of what date?",F_LogUnion
What is State Bank of India's ticker symbol and on which exchange(s) does it trade?,F_Simple
What is Dhanlaxmi Bank's ticker symbol and on which exchange(s) does it trade?,F_Simple
"What is City Union Bank's net interest income for the latest reported quarter, and its year-on-year growth rate?",F_Simple
What is the key strength identified for Bank of Baroda in the current analysis?,F_Simple
"Compare the net interest margin of RBL Bank and Bandhan Bank. Which is stronger, and by how much?",F_CompMore
"Compare the net interest margin of Indian Bank and Central Bank of India. Which is stronger, and by how much?",F_CompMore
What is Axis Bank's net interest margin (NIM) for the latest reported period?,F_Simple
"What is Suryoday Small Finance Bank's capital adequacy ratio (CRAR), and its CET1 ratio if disclosed?",F_Simple
What are Bank of Maharashtra's gross NPA and net NPA ratios?,F_Simple
Which banks explicitly flag the key risk driver as legacy or contingent-liability exposure?,F_LogUnion
What is the main weakness or vulnerability flagged for Bank of Maharashtra?,F_LogUnion
"What is Central Bank of India's capital adequacy ratio (CRAR), and its CET1 ratio if disclosed?",F_Simple
"Does HDFC Bank have any overseas branches, representative offices, or joint-venture equity stakes, and where?",F_LogUnion
"Who is the current MD & CEO (or Chairman, where that is the top executive title) of Kotak Mahindra Bank?",F_Simple
"What customer segment does Equitas Small Finance Bank appear to prioritize most, based on its product mix and distribution network?",F_Simple
"What customer segment does Indian Bank appear to prioritize most, based on its product mix and distribution network?",F_Simple
"What products and services does RBL Bank offer, and which customer segments does it serve?",F_Simple
"What credit ratings has Bank of India received, and from which rating agencies?",F_Simple
"What products and services does Bank of Maharashtra offer, and which customer segments does it serve?",F_Simple
What is Karnataka Bank's ticker symbol and on which exchange(s) does it trade?,F_Simple
"What is Karur Vysya Bank's net interest income for the latest reported quarter, and its year-on-year growth rate?",F_Simple
"What percentage of CSB Bank is held by its government promoter or largest shareholder, and as of what date?",F_LogUnion
"What customer segment does Tamilnad Mercantile Bank appear to prioritize most, based on its product mix and distribution network?",F_Simple
What is the key strength identified for Bank of India in the current analysis?,F_Simple
Who are AU Small Finance Bank's main named competitors?,F_Simple
Which banks are most exposed to cyber risk given the scale of their digital user base?,F_Simple
What is the biggest threat facing Union Bank of India according to the analysis?,F_Simple
"What percentage of Bandhan Bank is held by its government promoter or largest shareholder, and as of what date?",F_LogUnion
What is the single primary source cited for UCO Bank's most recent financial metrics in this dataset?,F_Simple
What was ICICI Bank's total advances (loan book) and deposit growth in the latest quarter?,F_Simple
What is Punjab National Bank's net interest margin (NIM) for the latest reported period?,F_Simple
"What is Indian Overseas Bank's primary competitive advantage, and how strong is the evidence behind that claim?",F_Simple
"Who is the current MD & CEO (or Chairman, where that is the top executive title) of IndusInd Bank?",F_Simple
"What is AU Small Finance Bank's provision coverage ratio, and what does that imply about its NPA cushion?",F_Simple
"Who is the current MD & CEO (or Chairman, where that is the top executive title) of Axis Bank?",F_Simple
"What is Tamilnad Mercantile Bank's cost-to-income ratio, and how does it compare with the average for its segment?",F_CompToGroupAverage
What are Axis Bank's gross NPA and net NPA ratios?,F_Simple
What is the main weakness or vulnerability flagged for Indian Overseas Bank?,F_LogUnion
What is the single primary source cited for Axis Bank's most recent financial metrics in this dataset?,F_Simple
Who are Jana Small Finance Bank's main named competitors?,F_Simple
Who are Canara Bank's main named competitors?,F_Simple
"Who is the current MD & CEO (or Chairman, where that is the top executive title) of Indian Bank?",F_Simple
What is the single primary source cited for Tamilnad Mercantile Bank's most recent financial metrics in this dataset?,F_Simple
Who are Federal Bank's main named competitors?,F_Simple
"What is Federal Bank's capital adequacy ratio (CRAR), and its CET1 ratio if disclosed?",F_Simple
"Roughly how many branches and ATMs does Yes Bank operate, and as of what date?",F_QuantCount
"What two regulators are common to every bank in this dataset, and what does each one govern?",F_Simple
What is Punjab & Sind Bank's ticker symbol and on which exchange(s) does it trade?,F_Simple
"Does Indian Bank have any overseas branches, representative offices, or joint-venture equity stakes, and where?",F_LogUnion
"Compare the CASA ratio of State Bank of India and Punjab National Bank. Which is stronger, and by how much?",F_CompMore
What anomaly is flagged in Jammu & Kashmir Bank's net interest income figure?,F_Simple
What are Kotak Mahindra Bank's gross NPA and net NPA ratios?,F_Simple
What are Canara Bank's gross NPA and net NPA ratios?,F_Simple
What is UCO Bank's ticker symbol and on which exchange(s) does it trade?,F_Simple
"Across all 39 listed Indian banks in this dataset, which report the highest branch network size?",F_GlobalRank
"What credit, market, operational or regulatory risks is IndusInd Bank exposed to?",F_LogUnion
What is the main weakness or vulnerability flagged for Dhanlaxmi Bank?,F_LogUnion
"What customer segment does Central Bank of India appear to prioritize most, based on its product mix and distribution network?",F_Simple
"Does IndusInd Bank have any overseas branches, representative offices, or joint-venture equity stakes, and where?",F_LogUnion
What is the biggest threat facing Punjab National Bank according to the analysis?,F_Simple
"What is State Bank of India's primary competitive advantage, and how strong is the evidence behind that claim?",F_Simple
What is Punjab National Bank's ticker symbol and on which exchange(s) does it trade?,F_Simple
"What is AU Small Finance Bank's primary competitive advantage, and how strong is the evidence behind that claim?",F_Simple
What is the key strength identified for ESAF Small Finance Bank in the current analysis?,F_Simple
"Compare the CASA ratio of Indian Bank and Central Bank of India. Which is stronger, and by how much?",F_CompMore
"What customer segment does State Bank of India appear to prioritize most, based on its product mix and distribution network?",F_Simple
"What is Dhanlaxmi Bank's capital adequacy ratio (CRAR), and its CET1 ratio if disclosed?",F_Simple
"Across all 39 listed Indian banks in this dataset, which report the lowest CET1 ratio?",F_GlobalRank
"What is RBL Bank's cost-to-income ratio, and how does it compare with the average for its segment?",F_CompToGroupAverage
"What products and services does IDBI Bank offer, and which customer segments does it serve?",F_Simple
"Roughly how many branches and ATMs does Suryoday Small Finance Bank operate, and as of what date?",F_QuantCount
What is Karur Vysya Bank's ticker symbol and on which exchange(s) does it trade?,F_Simple
"Compare the CASA ratio of Bank of Maharashtra and Punjab & Sind Bank. Which is stronger, and by how much?",F_CompMore
What is the single primary source cited for Karnataka Bank's most recent financial metrics in this dataset?,F_Simple
What is Suryoday Small Finance Bank's ticker symbol and on which exchange(s) does it trade?,F_Simple
"What products and services does AU Small Finance Bank offer, and which customer segments does it serve?",F_Simple
"Compare the net interest margin of Bank of Baroda and Punjab National Bank. Which is stronger, and by how much?",F_CompMore
What was Axis Bank's total advances (loan book) and deposit growth in the latest quarter?,F_Simple
"What is Bank of Baroda's capital adequacy ratio (CRAR), and its CET1 ratio if disclosed?",F_Simple
"Does this dataset contain any investment recommendations such as buy, sell, hold or a target price?",F_LogUnion
"Compare the gross NPA ratio of Kotak Mahindra Bank and IndusInd Bank. Which is stronger, and by how much?",F_CompMore
What is the key strength identified for South Indian Bank in the current analysis?,F_Simple
"Who is the current MD & CEO (or Chairman, where that is the top executive title) of Bank of India?",F_Simple
What was Karur Vysya Bank's total advances (loan book) and deposit growth in the latest quarter?,F_Simple
"What is Kotak Mahindra Bank's net interest income for the latest reported quarter, and its year-on-year growth rate?",F_Simple
"What percentage of City Union Bank is held by its government promoter or largest shareholder, and as of what date?",F_LogUnion
"Across all 39 listed Indian banks in this dataset, which report the lowest provision coverage ratio?",F_GlobalRank
What was Dhanlaxmi Bank's total advances (loan book) and deposit growth in the latest quarter?,F_Simple
"Which banks have been rated by CRISIL Ratings, and what ratings did they receive?",F_Simple
"What customer segment does South Indian Bank appear to prioritize most, based on its product mix and distribution network?",F_Simple
Which Public Sector Bank has the largest branch network?,F_GlobalRank
"Compare the CASA ratio of HDFC Bank and Kotak Mahindra Bank. Which is stronger, and by how much?",F_CompMore
"Across all 39 listed Indian banks in this dataset, which report the lowest net interest margin?",F_GlobalRank
What is the key strength identified for ICICI Bank in the current analysis?,F_Simple
"Which banks report figures on both a standalone and consolidated basis, and how do those figures differ?",F_Simple
Which banks have LIC (Life Insurance Corporation of India) as a disclosed shareholder?,F_Simple
What is Jana Small Finance Bank's ticker symbol and on which exchange(s) does it trade?,F_Simple
"What credit ratings has AU Small Finance Bank received, and from which rating agencies?",F_Simple
What is the biggest threat facing Ujjivan Small Finance Bank according to the analysis?,F_Simple
Which banks mention SEBI's minimum public shareholding or takeover code as a specific regulatory dependency?,F_LogUnion
What is the single primary source cited for Bank of Maharashtra's most recent financial metrics in this dataset?,F_Simple
What was IDBI Bank's CASA ratio in the most recently reported quarter?,F_Simple
What is Ujjivan Small Finance Bank's net interest margin (NIM) for the latest reported period?,F_Simple
"What percentage of Indian Bank is held by its government promoter or largest shareholder, and as of what date?",F_LogUnion
"What is Punjab & Sind Bank's net interest income for the latest reported quarter, and its year-on-year growth rate?",F_Simple
Which Private Sector Bank has the largest market capitalization or scale among peers?,F_LogUnion
What is the main weakness or vulnerability flagged for Bank of India?,F_LogUnion
What anomaly is flagged in Jana Small Finance Bank's net interest income figure?,F_Simple
"What credit, market, operational or regulatory risks is DCB Bank exposed to?",F_LogUnion
"What is UCO Bank's capital adequacy ratio (CRAR), and its CET1 ratio if disclosed?",F_Simple
"What credit ratings has Ujjivan Small Finance Bank received, and from which rating agencies?",F_Simple
What is the key strength identified for Karur Vysya Bank in the current analysis?,F_Simple
"What credit, market, operational or regulatory risks is Karur Vysya Bank exposed to?",F_LogUnion
What are Central Bank of India's gross NPA and net NPA ratios?,F_Simple
"What is Jana Small Finance Bank's net interest income for the latest reported quarter, and its year-on-year growth rate?",F_Simple
"What is Bank of India's primary competitive advantage, and how strong is the evidence behind that claim?",F_Simple
Which banks are headquartered in Maharashtra?,F_Simple
Which banks' valuation-relevant qualitative notes mention the market pricing sovereign ownership differently from private ownership?,F_Simple
"What customer segment does Bank of India appear to prioritize most, based on its product mix and distribution network?",F_Simple
"What products and services does State Bank of India offer, and which customer segments does it serve?",F_Simple
What is Equitas Small Finance Bank's ticker symbol and on which exchange(s) does it trade?,F_Simple
"Compare the gross NPA ratio of Indian Overseas Bank and UCO Bank. Which is stronger, and by how much?",F_CompMore
What is the biggest threat facing Axis Bank according to the analysis?,F_Simple
"What is Canara Bank's capital adequacy ratio (CRAR), and its CET1 ratio if disclosed?",F_Simple
"What products and services does ICICI Bank offer, and which customer segments does it serve?",F_Simple
What was Ujjivan Small Finance Bank's total advances (loan book) and deposit growth in the latest quarter?,F_Simple
"What is IDFC First Bank's primary competitive advantage, and how strong is the evidence behind that claim?",F_Simple
What was Karur Vysya Bank's CASA ratio in the most recently reported quarter?,F_Simple
"Compare the return on equity of Utkarsh Small Finance Bank and Suryoday Small Finance Bank. Which is stronger, and by how much?",F_CompMore
"What is ESAF Small Finance Bank's capital adequacy ratio (CRAR), and its CET1 ratio if disclosed?",F_Simple
"What is Suryoday Small Finance Bank's primary competitive advantage, and how strong is the evidence behind that claim?",F_Simple
"What credit, market, operational or regulatory risks is HDFC Bank exposed to?",F_LogUnion
"What is HDFC Bank's net interest income for the latest reported quarter, and its year-on-year growth rate?",F_Simple
What is the main weakness or vulnerability flagged for Ujjivan Small Finance Bank?,F_LogUnion
Who are Utkarsh Small Finance Bank's main named competitors?,F_Simple
"What is Karur Vysya Bank's cost-to-income ratio, and how does it compare with the average for its segment?",F_CompToGroupAverage
"Does CSB Bank have any overseas branches, representative offices, or joint-venture equity stakes, and where?",F_LogUnion
"What is State Bank of India's cost-to-income ratio, and how does it compare with the average for its segment?",F_CompToGroupAverage
"What is Punjab National Bank's cost-to-income ratio, and how does it compare with the average for its segment?",F_CompToGroupAverage
What are South Indian Bank's gross NPA and net NPA ratios?,F_Simple
"What products and services does CSB Bank offer, and which customer segments does it serve?",F_Simple
What was Bank of Baroda's CASA ratio in the most recently reported quarter?,F_Simple
"Which banks have mutual funds or UTI disclosed as shareholders, and what percentage do they hold?",F_LogUnion
What is CSB Bank's ticker symbol and on which exchange(s) does it trade?,F_Simple
What is the key strength identified for City Union Bank in the current analysis?,F_Simple
"What is South Indian Bank's cost-to-income ratio, and how does it compare with the average for its segment?",F_CompToGroupAverage
"Compare the gross NPA ratio of Jammu & Kashmir Bank and Dhanlaxmi Bank. Which is stronger, and by how much?",F_CompMore
"What is IDFC First Bank's capital adequacy ratio (CRAR), and its CET1 ratio if disclosed?",F_Simple
"What products and services does Axis Bank offer, and which customer segments does it serve?",F_Simple
What was Indian Overseas Bank's CASA ratio in the most recently reported quarter?,F_Simple
Who are Indian Overseas Bank's main named competitors?,F_Simple
"Roughly how many branches and ATMs does Bank of Baroda operate, and as of what date?",F_QuantCount
What was Jammu & Kashmir Bank's total advances (loan book) and deposit growth in the latest quarter?,F_Simple
"Compare the net interest margin of State Bank of India and Punjab National Bank. Which is stronger, and by how much?",F_CompMore
"What is Karur Vysya Bank's provision coverage ratio, and what does that imply about its NPA cushion?",F_Simple
"What is Bank of Baroda's net interest income for the latest reported quarter, and its year-on-year growth rate?",F_Simple
Who are City Union Bank's main named competitors?,F_Simple
"What customer segment does IndusInd Bank appear to prioritize most, based on its product mix and distribution network?",F_Simple
What is Bandhan Bank's net interest margin (NIM) for the latest reported period?,F_Simple
"What products and services does ESAF Small Finance Bank offer, and which customer segments does it serve?",F_Simple
What is the single primary source cited for Central Bank of India's most recent financial metrics in this dataset?,F_Simple
"Who is the current MD & CEO (or Chairman, where that is the top executive title) of IDFC First Bank?",F_Simple
"What products and services does IndusInd Bank offer, and which customer segments does it serve?",F_Simple
Which banks are named as competitors of the leading Small Finance Banks in this dataset?,F_GlobalRank
Which banks are most exposed to concentration risk in a specific geography?,F_Simple
"What credit ratings has Central Bank of India received, and from which rating agencies?",F_Simple
Which banks explicitly mention priority-sector-lending mandates as a regulatory dependency?,F_Simple
What was Bank of India's total advances (loan book) and deposit growth in the latest quarter?,F_Simple
"Which banks hold equity stakes in overseas banking joint ventures, and in which countries?",F_Simple
What was City Union Bank's total advances (loan book) and deposit growth in the latest quarter?,F_Simple
"What is Jana Small Finance Bank's primary competitive advantage, and how strong is the evidence behind that claim?",F_Simple
"Who is the current MD & CEO (or Chairman, where that is the top executive title) of Central Bank of India?",F_Simple
"What percentage of Utkarsh Small Finance Bank is held by its government promoter or largest shareholder, and as of what date?",F_LogUnion
"Compare the CASA ratio of IDBI Bank and Yes Bank. Which is stronger, and by how much?",F_CompMore
"What credit ratings has HDFC Bank received, and from which rating agencies?",F_Simple
What was Indian Bank's CASA ratio in the most recently reported quarter?,F_Simple
"What is Bank of Maharashtra's cost-to-income ratio, and how does it compare with the average for its segment?",F_CompToGroupAverage
"What credit, market, operational or regulatory risks is IDFC First Bank exposed to?",F_LogUnion
"What percentage of Suryoday Small Finance Bank is held by its government promoter or largest shareholder, and as of what date?",F_LogUnion
"Compare the return on equity of HDFC Bank and ICICI Bank. Which is stronger, and by how much?",F_CompMore
What was Kotak Mahindra Bank's total advances (loan book) and deposit growth in the latest quarter?,F_Simple
What are Karur Vysya Bank's return on assets (ROA) and return on equity (ROE) for the latest quarter?,F_Simple
What was Federal Bank's total advances (loan book) and deposit growth in the latest quarter?,F_Simple
What is the key strength identified for Canara Bank in the current analysis?,F_Simple
"Does Bank of Maharashtra have any overseas branches, representative offices, or joint-venture equity stakes, and where?",F_LogUnion
What is the key strength identified for Kotak Mahindra Bank in the current analysis?,F_Simple
"What credit ratings has UCO Bank received, and from which rating agencies?",F_Simple
What is the key strength identified for Bandhan Bank in the current analysis?,F_Simple
"What is Yes Bank's net interest income for the latest reported quarter, and its year-on-year growth rate?",F_Simple
"Compare the gross NPA ratio of Indian Bank and Central Bank of India. Which is stronger, and by how much?",F_CompMore
What is the main weakness or vulnerability flagged for Central Bank of India?,F_LogUnion
What is the biggest threat facing CSB Bank according to the analysis?,F_Simple
"Compare the net interest margin of DCB Bank and Karnataka Bank. Which is stronger, and by how much?",F_CompMore
"What customer segment does ICICI Bank appear to prioritize most, based on its product mix and distribution network?",F_Simple
"Across all 39 listed Indian banks in this dataset, which report the highest government or promoter shareholding percentage?",F_LogUnion
"What is Bank of Maharashtra's capital adequacy ratio (CRAR), and its CET1 ratio if disclosed?",F_Simple
What was UCO Bank's total advances (loan book) and deposit growth in the latest quarter?,F_Simple
Who are State Bank of India's main named competitors?,F_Simple
"Compare the CASA ratio of Bank of Baroda and Punjab National Bank. Which is stronger, and by how much?",F_CompMore
What is the single primary source cited for Jana Small Finance Bank's most recent financial metrics in this dataset?,F_Simple
"What credit ratings has Union Bank of India received, and from which rating agencies?",F_Simple
What is the biggest threat facing Karur Vysya Bank according to the analysis?,F_Simple
"Compare the gross NPA ratio of Tamilnad Mercantile Bank and CSB Bank. Which is stronger, and by how much?",F_CompMore
What is the single primary source cited for IndusInd Bank's most recent financial metrics in this dataset?,F_Simple
What is the main weakness or vulnerability flagged for IDBI Bank?,F_LogUnion
Which banks' promoter or government shareholding percentage could not be confirmed in this dataset?,F_LogUnion
Which banks are most exposed to asset-quality risk in unsecured retail or MSME lending?,F_LogUnion
"What credit ratings has Indian Overseas Bank received, and from which rating agencies?",F_Simple
Who are CSB Bank's main named competitors?,F_Simple
"What credit ratings has Dhanlaxmi Bank received, and from which rating agencies?",F_Simple
What is Karur Vysya Bank's net interest margin (NIM) for the latest reported period?,F_Simple
What is the key strength identified for IDBI Bank in the current analysis?,F_Simple
"Roughly how many branches and ATMs does Canara Bank operate, and as of what date?",F_QuantCount
"Who is the current MD & CEO (or Chairman, where that is the top executive title) of Jammu & Kashmir Bank?",F_Simple
"Compare the net interest margin of Federal Bank and South Indian Bank. Which is stronger, and by how much?",F_CompMore
What was IndusInd Bank's CASA ratio in the most recently reported quarter?,F_Simple
"What is Indian Overseas Bank's capital adequacy ratio (CRAR), and its CET1 ratio if disclosed?",F_Simple
What is State Bank of India's net interest margin (NIM) for the latest reported period?,F_Simple
What is the key strength identified for Karnataka Bank in the current analysis?,F_Simple
What is the single primary source cited for Utkarsh Small Finance Bank's most recent financial metrics in this dataset?,F_Simple
What is Union Bank of India's net interest margin (NIM) for the latest reported period?,F_Simple
"What products and services does South Indian Bank offer, and which customer segments does it serve?",F_Simple
"What is South Indian Bank's provision coverage ratio, and what does that imply about its NPA cushion?",F_Simple
"What products and services does Utkarsh Small Finance Bank offer, and which customer segments does it serve?",F_Simple
What is the single primary source cited for Yes Bank's most recent financial metrics in this dataset?,F_Simple
"Compare the gross NPA ratio of DCB Bank and Karnataka Bank. Which is stronger, and by how much?",F_CompMore
"Across all 39 listed Indian banks in this dataset, which report the highest year-on-year net profit growth?",F_GlobalRank
What is the key strength identified for Suryoday Small Finance Bank in the current analysis?,F_Simple
What is Karnataka Bank's net interest margin (NIM) for the latest reported period?,F_Simple
What are Bandhan Bank's gross NPA and net NPA ratios?,F_Simple
"Which Small Finance Bank has the highest gross NPA ratio, and is that figure flagged as uncertain in the sourcing?",F_GlobalRank
"Who is the current MD & CEO (or Chairman, where that is the top executive title) of Tamilnad Mercantile Bank?",F_Simple
What are HDFC Bank's gross NPA and net NPA ratios?,F_Simple
What is Bank of Maharashtra's net interest margin (NIM) for the latest reported period?,F_Simple
"What is Dhanlaxmi Bank's cost-to-income ratio, and how does it compare with the average for its segment?",F_CompToGroupAverage
"What credit, market, operational or regulatory risks is Yes Bank exposed to?",F_LogUnion
What is the key strength identified for Jana Small Finance Bank in the current analysis?,F_Simple
"What credit, market, operational or regulatory risks is AU Small Finance Bank exposed to?",F_LogUnion
"What percentage of Union Bank of India is held by its government promoter or largest shareholder, and as of what date?",F_LogUnion
"Compare the gross NPA ratio of State Bank of India and Bank of Baroda. Which is stronger, and by how much?",F_CompMore
"Compare the return on equity of AU Small Finance Bank and Equitas Small Finance Bank. Which is stronger, and by how much?",F_CompMore
What are Jammu & Kashmir Bank's gross NPA and net NPA ratios?,F_Simple
"Does Canara Bank have any overseas branches, representative offices, or joint-venture equity stakes, and where?",F_LogUnion
"Roughly how many branches and ATMs does Punjab & Sind Bank operate, and as of what date?",F_QuantCount
What is the main weakness or vulnerability flagged for State Bank of India?,F_LogUnion
Who are Dhanlaxmi Bank's main named competitors?,F_Simple
What was Equitas Small Finance Bank's CASA ratio in the most recently reported quarter?,F_Simple
"Does Union Bank of India have any overseas branches, representative offices, or joint-venture equity stakes, and where?",F_LogUnion
"Which two figures for Bank of India's profit are flagged as inconsistent (standalone vs. consolidated), and which is which?",F_Simple
What was Tamilnad Mercantile Bank's total advances (loan book) and deposit growth in the latest quarter?,F_Simple
What are Bank of Baroda's return on assets (ROA) and return on equity (ROE) for the latest quarter?,F_Simple
"What is Utkarsh Small Finance Bank's primary competitive advantage, and how strong is the evidence behind that claim?",F_Simple
"What products and services does Punjab National Bank offer, and which customer segments does it serve?",F_Simple
"Across all 39 listed Indian banks in this dataset, which report the highest net interest margin?",F_GlobalRank
What is the key strength identified for Indian Bank in the current analysis?,F_Simple
"Across all 39 listed Indian banks in this dataset, which report the lowest gross NPA ratio?",F_GlobalRank
"What is Jana Small Finance Bank's cost-to-income ratio, and how does it compare with the average for its segment?",F_CompToGroupAverage
"What products and services does Equitas Small Finance Bank offer, and which customer segments does it serve?",F_Simple
"Compare the net interest margin of Kotak Mahindra Bank and IndusInd Bank. Which is stronger, and by how much?",F_CompMore
What is the biggest threat facing Punjab & Sind Bank according to the analysis?,F_Simple
"Compare the gross NPA ratio of Bank of Maharashtra and Punjab & Sind Bank. Which is stronger, and by how much?",F_CompMore
"What is Utkarsh Small Finance Bank's cost-to-income ratio, and how does it compare with the average for its segment?",F_CompToGroupAverage
"Which banks have had a rating outlook change (e.g., to Negative or Positive) mentioned in this dataset?",F_LogUnion
"What percentage of Canara Bank is held by its government promoter or largest shareholder, and as of what date?",F_LogUnion
What are Axis Bank's return on assets (ROA) and return on equity (ROE) for the latest quarter?,F_Simple
What are RBL Bank's gross NPA and net NPA ratios?,F_Simple
"Compare the gross NPA ratio of Jana Small Finance Bank and AU Small Finance Bank. Which is stronger, and by how much?",F_CompMore
"What is ICICI Bank's provision coverage ratio, and what does that imply about its NPA cushion?",F_Simple
"What is Indian Bank's provision coverage ratio, and what does that imply about its NPA cushion?",F_Simple
"Compare the CASA ratio of DCB Bank and Karnataka Bank. Which is stronger, and by how much?",F_CompMore
"Does ESAF Small Finance Bank have any overseas branches, representative offices, or joint-venture equity stakes, and where?",F_LogUnion
What is the biggest threat facing Canara Bank according to the analysis?,F_Simple
"Roughly how many branches and ATMs does HDFC Bank operate, and as of what date?",F_QuantCount
What is the main weakness or vulnerability flagged for Bandhan Bank?,F_LogUnion
What is the main weakness or vulnerability flagged for AU Small Finance Bank?,F_LogUnion
"Across all 39 listed Indian banks in this dataset, which report the lowest government or promoter shareholding percentage?",F_LogUnion
"What products and services does City Union Bank offer, and which customer segments does it serve?",F_Simple
What is the key strength identified for Tamilnad Mercantile Bank in the current analysis?,F_Simple
"What technology platform, digital channel, or core banking system is specifically associated with Punjab & Sind Bank?",F_LogUnion
What is the key strength identified for Utkarsh Small Finance Bank in the current analysis?,F_Simple
Which banks have a joint-venture or subsidiary bank operating outside India?,F_LogUnion
Who are IndusInd Bank's main named competitors?,F_Simple
"What is Equitas Small Finance Bank's net interest income for the latest reported quarter, and its year-on-year growth rate?",F_Simple
"Compare the gross NPA ratio of Bank of Baroda and Canara Bank. Which is stronger, and by how much?",F_CompMore
"Compare the CASA ratio of Jammu & Kashmir Bank and Dhanlaxmi Bank. Which is stronger, and by how much?",F_CompMore
What are Bank of Baroda's gross NPA and net NPA ratios?,F_Simple
What are Bank of Maharashtra's return on assets (ROA) and return on equity (ROE) for the latest quarter?,F_Simple
"Roughly how many branches and ATMs does Tamilnad Mercantile Bank operate, and as of what date?",F_QuantCount
What was South Indian Bank's CASA ratio in the most recently reported quarter?,F_Simple
What conflicting rating outlooks are reported for Utkarsh Small Finance Bank between ICRA and CARE?,F_Simple
"Does Dhanlaxmi Bank have any overseas branches, representative offices, or joint-venture equity stakes, and where?",F_LogUnion
"Roughly how many branches and ATMs does Kotak Mahindra Bank operate, and as of what date?",F_QuantCount
What are UCO Bank's return on assets (ROA) and return on equity (ROE) for the latest quarter?,F_Simple
"Does DCB Bank have any overseas branches, representative offices, or joint-venture equity stakes, and where?",F_LogUnion
"Which banks have been rated by CARE Ratings, and what ratings did they receive?",F_Simple
"What is City Union Bank's primary competitive advantage, and how strong is the evidence behind that claim?",F_Simple
What is Kotak Mahindra Bank's ticker symbol and on which exchange(s) does it trade?,F_Simple
"Who is the current MD & CEO (or Chairman, where that is the top executive title) of Karnataka Bank?",F_Simple
"What credit, market, operational or regulatory risks is Union Bank of India exposed to?",F_LogUnion
What is Jammu & Kashmir Bank's ticker symbol and on which exchange(s) does it trade?,F_Simple
"What is Canara Bank's cost-to-income ratio, and how does it compare with the average for its segment?",F_CompToGroupAverage
What is the single primary source cited for Bandhan Bank's most recent financial metrics in this dataset?,F_Simple
"Compare the CASA ratio of Canara Bank and Union Bank of India. Which is stronger, and by how much?",F_CompMore
"Does Punjab National Bank have any overseas branches, representative offices, or joint-venture equity stakes, and where?",F_LogUnion
What is the key strength identified for Indian Overseas Bank in the current analysis?,F_Simple
What is IDBI Bank's ticker symbol and on which exchange(s) does it trade?,F_Simple
"What credit ratings has Canara Bank received, and from which rating agencies?",F_Simple
What is the main weakness or vulnerability flagged for Bank of Baroda?,F_LogUnion
"Who is the current MD & CEO (or Chairman, where that is the top executive title) of ICICI Bank?",F_Simple
"What is Axis Bank's cost-to-income ratio, and how does it compare with the average for its segment?",F_CompToGroupAverage
What was Axis Bank's CASA ratio in the most recently reported quarter?,F_Simple
What is Bank of Baroda's net interest margin (NIM) for the latest reported period?,F_Simple
What is the key strength identified for Central Bank of India in the current analysis?,F_Simple
What is Union Bank of India's ticker symbol and on which exchange(s) does it trade?,F_Simple
"What products and services does Kotak Mahindra Bank offer, and which customer segments does it serve?",F_Simple
"What is ICICI Bank's primary competitive advantage, and how strong is the evidence behind that claim?",F_Simple
Who are Central Bank of India's main named competitors?,F_Simple
What is the single primary source cited for City Union Bank's most recent financial metrics in this dataset?,F_Simple
"Which growth figures for Union Bank of India are flagged as coming from a single, lower-confidence secondary source?",F_CompLess
"Across all 39 listed Indian banks in this dataset, which report the highest net NPA ratio?",F_GlobalRank
What is the single primary source cited for Jammu & Kashmir Bank's most recent financial metrics in this dataset?,F_Simple
"What is Punjab National Bank's primary competitive advantage, and how strong is the evidence behind that claim?",F_Simple
"What is IDFC First Bank's net interest income for the latest reported quarter, and its year-on-year growth rate?",F_Simple
What are City Union Bank's return on assets (ROA) and return on equity (ROE) for the latest quarter?,F_Simple
"What customer segment does Utkarsh Small Finance Bank appear to prioritize most, based on its product mix and distribution network?",F_Simple
"Compare the net interest margin of IDBI Bank and Yes Bank. Which is stronger, and by how much?",F_CompMore
What discrepancy is flagged between IDBI Bank's Q1 FY27 profit and its FY24-25 profit figures?,F_Simple
"What credit ratings has IDFC First Bank received, and from which rating agencies?",F_Simple
"What percentage of Punjab National Bank is held by its government promoter or largest shareholder, and as of what date?",F_LogUnion
"What is City Union Bank's capital adequacy ratio (CRAR), and its CET1 ratio if disclosed?",F_Simple
"Does State Bank of India have any overseas branches, representative offices, or joint-venture equity stakes, and where?",F_LogUnion
What are Utkarsh Small Finance Bank's gross NPA and net NPA ratios?,F_Simple
"Does IDFC First Bank have any overseas branches, representative offices, or joint-venture equity stakes, and where?",F_LogUnion
What is Dhanlaxmi Bank's net interest margin (NIM) for the latest reported period?,F_Simple
"Who is the current MD & CEO (or Chairman, where that is the top executive title) of Federal Bank?",F_Simple
"Who is the current MD & CEO (or Chairman, where that is the top executive title) of Canara Bank?",F_Simple
What is the biggest threat facing Equitas Small Finance Bank according to the analysis?,F_Simple
"Compare the net interest margin of Union Bank of India and Bank of India. Which is stronger, and by how much?",F_CompMore
"Does IDBI Bank have any overseas branches, representative offices, or joint-venture equity stakes, and where?",F_LogUnion
"What percentage of IDBI Bank is held by its government promoter or largest shareholder, and as of what date?",F_LogUnion
What is the key strength identified for State Bank of India in the current analysis?,F_Simple
Which banks are most exposed to MSME or agricultural lending as a customer segment?,F_LogUnion
"Does AU Small Finance Bank have any overseas branches, representative offices, or joint-venture equity stakes, and where?",F_LogUnion
What is the biggest threat facing Utkarsh Small Finance Bank according to the analysis?,F_Simple
What was Punjab National Bank's total advances (loan book) and deposit growth in the latest quarter?,F_Simple
"What customer segment does Yes Bank appear to prioritize most, based on its product mix and distribution network?",F_Simple
"Does Tamilnad Mercantile Bank have any overseas branches, representative offices, or joint-venture equity stakes, and where?",F_LogUnion
"What percentage of IndusInd Bank is held by its government promoter or largest shareholder, and as of what date?",F_LogUnion
"What is Ujjivan Small Finance Bank's provision coverage ratio, and what does that imply about its NPA cushion?",F_Simple
"What is Canara Bank's net interest income for the latest reported quarter, and its year-on-year growth rate?",F_Simple
"What is IDBI Bank's cost-to-income ratio, and how does it compare with the average for its segment?",F_CompToGroupAverage
Who are Bank of India's main named competitors?,F_Simple
How does India's GDP growth rate influence loan demand across the banks in this dataset?,F_Simple
What is the single primary source cited for Karur Vysya Bank's most recent financial metrics in this dataset?,F_Simple
"Does Equitas Small Finance Bank have any overseas branches, representative offices, or joint-venture equity stakes, and where?",F_LogUnion
"What is IndusInd Bank's provision coverage ratio, and what does that imply about its NPA cushion?",F_Simple
"Compare the CASA ratio of AU Small Finance Bank and Equitas Small Finance Bank. Which is stronger, and by how much?",F_CompMore
What is the biggest threat facing IDFC First Bank according to the analysis?,F_Simple
What is ICICI Bank's net interest margin (NIM) for the latest reported period?,F_Simple
What is the main weakness or vulnerability flagged for ESAF Small Finance Bank?,F_LogUnion
"What technology platform, digital channel, or core banking system is specifically associated with UCO Bank?",F_LogUnion
"What is ICICI Bank's capital adequacy ratio (CRAR), and its CET1 ratio if disclosed?",F_Simple
"Compare the net interest margin of Axis Bank and IDFC First Bank. Which is stronger, and by how much?",F_CompMore
"Compare the net interest margin of HDFC Bank and ICICI Bank. Which is stronger, and by how much?",F_CompMore
"What customer segment does Kotak Mahindra Bank appear to prioritize most, based on its product mix and distribution network?",F_Simple
"Which banks have flagged rating-outlook divergences between agencies (e.g., one agency Negative while another is Stable)?",F_Simple
"Which banks have subsidiaries offering non-banking services (e.g., credit cards, investment banking, asset management)?",F_Simple
"Which banks' NRI banking services are tied to a specific geographic remittance corridor (e.g., Gulf or African)?",F_LogUnion
"What technology platform, digital channel, or core banking system is specifically associated with Bank of Maharashtra?",F_LogUnion
What was HDFC Bank's total advances (loan book) and deposit growth in the latest quarter?,F_Simple
What is the single primary source cited for DCB Bank's most recent financial metrics in this dataset?,F_Simple
"What customer segment does UCO Bank appear to prioritize most, based on its product mix and distribution network?",F_Simple
Who are Indian Bank's main named competitors?,F_Simple
What was UCO Bank's CASA ratio in the most recently reported quarter?,F_Simple
"Roughly how many branches and ATMs does IDFC First Bank operate, and as of what date?",F_QuantCount
What is the single primary source cited for IDBI Bank's most recent financial metrics in this dataset?,F_Simple
"Across all 39 listed Indian banks in this dataset, which report the lowest net interest income?",F_GlobalRank
What are Indian Overseas Bank's return on assets (ROA) and return on equity (ROE) for the latest quarter?,F_Simple
"Who is the current MD & CEO (or Chairman, where that is the top executive title) of ESAF Small Finance Bank?",F_Simple
"What products and services does Ujjivan Small Finance Bank offer, and which customer segments does it serve?",F_Simple
"What is Tamilnad Mercantile Bank's primary competitive advantage, and how strong is the evidence behind that claim?",F_Simple
"What credit, market, operational or regulatory risks is Federal Bank exposed to?",F_LogUnion
"What is Bandhan Bank's cost-to-income ratio, and how does it compare with the average for its segment?",F_CompToGroupAverage
Which banks are most exposed to currency or overseas-regulatory risk because of their international footprint?,F_LogUnion
"What is Ujjivan Small Finance Bank's primary competitive advantage, and how strong is the evidence behind that claim?",F_Simple
"What products and services does UCO Bank offer, and which customer segments does it serve?",F_Simple
What are Union Bank of India's gross NPA and net NPA ratios?,F_Simple
What are HDFC Bank's return on assets (ROA) and return on equity (ROE) for the latest quarter?,F_Simple
What are Equitas Small Finance Bank's return on assets (ROA) and return on equity (ROE) for the latest quarter?,F_Simple
"What technology platform, digital channel, or core banking system is specifically associated with State Bank of India?",F_LogUnion
What was Yes Bank's CASA ratio in the most recently reported quarter?,F_Simple
"What is DCB Bank's net interest income for the latest reported quarter, and its year-on-year growth rate?",F_Simple
"What credit, market, operational or regulatory risks is IDBI Bank exposed to?",F_LogUnion
"What is Karnataka Bank's provision coverage ratio, and what does that imply about its NPA cushion?",F_Simple
What is Federal Bank's net interest margin (NIM) for the latest reported period?,F_Simple
What was State Bank of India's total advances (loan book) and deposit growth in the latest quarter?,F_Simple
What was ICICI Bank's CASA ratio in the most recently reported quarter?,F_Simple
What is Canara Bank's ticker symbol and on which exchange(s) does it trade?,F_Simple
What was Suryoday Small Finance Bank's total advances (loan book) and deposit growth in the latest quarter?,F_Simple
What is the biggest threat facing Dhanlaxmi Bank according to the analysis?,F_Simple
"Who is the current MD & CEO (or Chairman, where that is the top executive title) of South Indian Bank?",F_Simple
What was Karnataka Bank's CASA ratio in the most recently reported quarter?,F_Simple
Which banks distribute third-party insurance or asset-management products?,F_LogUnion
"What is IndusInd Bank's cost-to-income ratio, and how does it compare with the average for its segment?",F_CompToGroupAverage
Which banks have the widest international branch or representative-office network?,F_LogUnion
What is the key strength identified for Yes Bank in the current analysis?,F_Simple
Who are Karnataka Bank's main named competitors?,F_Simple
"What is Ujjivan Small Finance Bank's net interest income for the latest reported quarter, and its year-on-year growth rate?",F_Simple
"What customer segment does Suryoday Small Finance Bank appear to prioritize most, based on its product mix and distribution network?",F_Simple
"What is ESAF Small Finance Bank's net interest income for the latest reported quarter, and its year-on-year growth rate?",F_Simple
"Roughly how many branches and ATMs does South Indian Bank operate, and as of what date?",F_QuantCount
"What credit, market, operational or regulatory risks is City Union Bank exposed to?",F_LogUnion
"What credit ratings has DCB Bank received, and from which rating agencies?",F_Simple
What is the single primary source cited for ESAF Small Finance Bank's most recent financial metrics in this dataset?,F_Simple
"What is Ujjivan Small Finance Bank's capital adequacy ratio (CRAR), and its CET1 ratio if disclosed?",F_Simple
"What is HDFC Bank's capital adequacy ratio (CRAR), and its CET1 ratio if disclosed?",F_Simple
"Is Fino Payments Bank included in this dataset's researched company set, and what is its listing status?",F_Simple
"What credit, market, operational or regulatory risks is State Bank of India exposed to?",F_LogUnion
"For a bank where a specific figure is marked 'not found,' what should be assumed about that figure?",F_Simple
What is the single primary source cited for Equitas Small Finance Bank's most recent financial metrics in this dataset?,F_Simple
"Compare the gross NPA ratio of Karur Vysya Bank and City Union Bank. Which is stronger, and by how much?",F_CompMore
"What credit, market, operational or regulatory risks is Bandhan Bank exposed to?",F_LogUnion
"What technology platform, digital channel, or core banking system is specifically associated with Bank of Baroda?",F_LogUnion
"What is AU Small Finance Bank's net interest income for the latest reported quarter, and its year-on-year growth rate?",F_Simple
"What credit, market, operational or regulatory risks is ICICI Bank exposed to?",F_LogUnion
What is the biggest threat facing Bandhan Bank according to the analysis?,F_Simple
How does the dataset treat a figure that could not be verified from a reliable source?,F_Simple
Which banks explicitly flag growth as being driven by retail credit demand and digital acquisition?,F_Simple
What is the main weakness or vulnerability flagged for Canara Bank?,F_LogUnion
"Compare the return on equity of Axis Bank and IDFC First Bank. Which is stronger, and by how much?",F_CompMore
"Compare the gross NPA ratio of ICICI Bank and Axis Bank. Which is stronger, and by how much?",F_CompMore
"What is UCO Bank's provision coverage ratio, and what does that imply about its NPA cushion?",F_Simple
What was HDFC Bank's CASA ratio in the most recently reported quarter?,F_Simple
"What percentage of HDFC Bank is held by its government promoter or largest shareholder, and as of what date?",F_LogUnion
"Does Karnataka Bank have any overseas branches, representative offices, or joint-venture equity stakes, and where?",F_LogUnion
