query,ground_truth,gold_label,predicted_template,template_confidence,template_id,template_match,entities,resolved_entities,masked_query,cypher_parameters,triplet_slots,cypher_strategy,kg_row_count,kg_hop_path,summary,judge_label,judge_rationale,error
What is State Bank of India's ticker symbol and on which exchange(s) does it trade?,"SBIN, listed on both the NSE and the BSE.",F_Simple,F_Simple,0.5272617020235415,simple_triplet,True,"[""State Bank of India""]","[{""entity"": ""State Bank of India"", ""matched_node_name"": ""State Bank of India"", ""matched_id"": ""6a8d74a8-0c5f-46d7-a218-87d56da5234f"", ""matched_type"": ""COMPANY"", ""similarity"": 1.0, ""source"": ""gazetteer""}]",What is <COMPANY>'s ticker symbol and on which exchange(s) does it trade?,"{""nnp1"": ""6a8d74a8-0c5f-46d7-a218-87d56da5234f""}","{""nnp1"": ""6a8d74a8-0c5f-46d7-a218-87d56da5234f"", ""nnp2"": null, ""nnp3"": null, ""prop1"": null, ""nn1"": ""COMPANY"", ""nn2"": null, ""threshold"": null, ""target_ids"": [], ""prop1_list"": [], ""metric_name"": null, ""topic_name1"": ""State Bank of India"", ""topic_name2"": null, ""segment_ids"": []}",attribute_lookup_direct,7,"Template: simple_triplet (F_Simple)
Query intent: Simple question: subject linked to objects via a predicate.

Row 1: State Bank of India's banking_segment is Public Sector Bank
Row 2: State Bank of India's country is India
Row 3: State Bank of India's description is State Bank of India is India's largest bank by assets, headquartered in Mumbai, Maharashtra. It is a universal bank run on a hybrid model that combines its huge branch network with a digital-first push through its YONO platform.
Row 4: State Bank of India's exchange is NSE, BSE
Row 5: State Bank of India's legal_name is State Bank of India
Row 6: State Bank of India's listed is True
Row 7: State Bank of India's ticker is SBIN","State Bank of India's ticker symbol is SBIN, and it trades on the NSE and BSE exchanges.",Relevant,"The assistant summary correctly identifies the ticker symbol as SBIN and lists both the NSE and BSE exchanges, perfectly matching all material facts in the reference answer.",
"Who is the current MD & CEO (or Chairman, where that is the top executive title) of State Bank of India?","The bank's top executive is titled Chairman, not MD & CEO, under the SBI Act; C S Setty has held the role since his appointment was reported in August 2024.",F_Simple,F_Simple,0.5283378025783668,simple_triplet,True,"[""State Bank of India""]","[{""entity"": ""State Bank of India"", ""matched_node_name"": ""State Bank of India"", ""matched_id"": ""6a8d74a8-0c5f-46d7-a218-87d56da5234f"", ""matched_type"": ""COMPANY"", ""similarity"": 1.0, ""source"": ""gazetteer""}]","Who is the current MD & CEO (or Chairman, where that is the top executive title) of <COMPANY>?","{""nn1"": ""COMPANY"", ""target_ids"": [], ""prop1_list"": [""GovernanceRole"", ""HOLDS_ROLE"", ""GOVERNANCE_ROLE""], ""nnp1"": ""6a8d74a8-0c5f-46d7-a218-87d56da5234f""}","{""nnp1"": ""6a8d74a8-0c5f-46d7-a218-87d56da5234f"", ""nnp2"": null, ""nnp3"": null, ""prop1"": ""GovernanceRole"", ""nn1"": ""COMPANY"", ""nn2"": null, ""threshold"": null, ""target_ids"": [], ""prop1_list"": [""GovernanceRole"", ""HOLDS_ROLE"", ""GOVERNANCE_ROLE""], ""metric_name"": null, ""topic_name1"": ""State Bank of India"", ""topic_name2"": null, ""segment_ids"": []}",primary,1,"Template: simple_triplet (F_Simple)
Query intent: Simple question: subject linked to objects via a predicate.

Row 1: [State Bank of India] C S Setty holds the title of Chairman, serving as the top executive of State Bank of India. (as of 2024-08-01)","The current Chairman and top executive of State Bank of India is C. S. Setty, as of August 1, 2024.",Relevant,"The assistant summary correctly identifies C. S. Setty as the Chairman and top executive of State Bank of India as of August 2024, matching the core facts of the reference answer.",
"What percentage of State Bank of India is held by its government promoter or largest shareholder, and as of what date?","The Government of India is SBI's majority owner, holding 55.03% as of 31 March 2026.",F_LogUnion,F_LogUnion,0.6214196189605303,logical_union,True,"[""State Bank of India""]","[{""entity"": ""State Bank of India"", ""matched_node_name"": ""State Bank of India"", ""matched_id"": ""6a8d74a8-0c5f-46d7-a218-87d56da5234f"", ""matched_type"": ""COMPANY"", ""similarity"": 1.0, ""source"": ""gazetteer""}]","What percentage of <COMPANY> is held by its government promoter or largest shareholder, and as of what date?","{""nn1"": ""COMPANY"", ""nnp1"": ""6a8d74a8-0c5f-46d7-a218-87d56da5234f"", ""prop1_list"": [""OWNS"", ""REGULATED_BY"", ""OwnershipStake"", ""HELD_BY"", ""OWNS_STAKE_IN"", ""CorporateStructureRelation"", ""OWNERSHIP_STAKE"", ""CORPORATE_STRUCTURE_RELATION""], ""target_ids"": [], ""nnp2"": null}","{""nnp1"": ""6a8d74a8-0c5f-46d7-a218-87d56da5234f"", ""nnp2"": null, ""nnp3"": null, ""prop1"": ""CorporateStructureRelation"", ""nn1"": ""COMPANY"", ""nn2"": null, ""threshold"": null, ""target_ids"": [], ""prop1_list"": [""OWNS"", ""REGULATED_BY"", ""OwnershipStake"", ""HELD_BY"", ""OWNS_STAKE_IN"", ""CorporateStructureRelation"", ""OWNERSHIP_STAKE"", ""CORPORATE_STRUCTURE_RELATION""], ""metric_name"": null, ""topic_name1"": ""State Bank of India"", ""topic_name2"": null, ""segment_ids"": []}",primary,9,"Template: logical_union (F_LogUnion)
Query intent: Union of two relationship patterns from the same subject.

Row 1: State Bank of India conducts its investment banking operations through its subsidiary, SBI Caps.
Row 2: State Bank of India acted as the anchor investor in Yes Bank's 2020 reconstruction, holding a stake that later fell to roughly 10% after a 13.18% divestment. (as of 2020-01-01)
Row 3: [State Bank of India] The Government of India is the majority owner of State Bank of India, holding a 55.03% stake. (as of 2026-03-31)
Row 4: [State Bank of India] LIC holds an 8.70% ownership stake in State Bank of India. (as of 2026-03-31)
Row 5: [State Bank of India] Mutual funds, along with UTI, hold a 13.57% stake in State Bank of India. (as of 2026-03-31)
Row 6: [State Bank of India] UTI, together with mutual funds, holds a 13.57% stake in State Bank of India. (as of 2026-03-31)
Row 7: [State Bank of India] FIIs are part of a group holding a 12.49% stake in State Bank of India. (as of 2026-03-31)
Row 8: [State Bank of India] NRIs are part of a group holding a 12.49% stake in State Bank of India. (as of 2026-03-31)
Row 9: [State Bank of India] GDRs account for part of a 12.49% group stake in State Bank of India. (as of 2026-03-31)","The Government of India, acting as the government promoter and majority owner, holds a 55.03% stake in State Bank of India as of March 31, 2026.",Relevant,"The assistant summary accurately captures both the exact percentage of 55.03% and the specific date of March 31, 2026, as stated in the reference answer.",
What was State Bank of India's CASA ratio in the most recently reported quarter?,39.24% in the June 2026 quarter (Q1 FY27).,F_Simple,F_Simple,0.45300680749982714,simple_triplet,True,"[""State Bank of India"", ""CASA ratio""]","[{""entity"": ""State Bank of India"", ""matched_node_name"": ""State Bank of India"", ""matched_id"": ""6a8d74a8-0c5f-46d7-a218-87d56da5234f"", ""matched_type"": ""COMPANY"", ""similarity"": 1.0, ""source"": ""gazetteer""}, {""entity"": ""CASA ratio"", ""matched_node_name"": ""CASA ratio"", ""matched_id"": ""2f007236-19aa-494e-a277-c5e8d54d60fe"", ""matched_type"": ""METRIC"", ""similarity"": 1.0, ""source"": ""gazetteer""}]",What was <COMPANY>'s <METRIC> in the most recently reported quarter?,"{""nn1"": ""COMPANY"", ""target_ids"": [""2f007236-19aa-494e-a277-c5e8d54d60fe""], ""prop1_list"": [""HAS_METRIC"", ""MetricObservation"", ""HAS_WEAKNESS"", ""HAS_RISK_DRIVER"", ""HAS_STRENGTH"", ""HAS_GROWTH_DRIVER"", ""HAS_OPPORTUNITY"", ""HAS_MARGIN_DRIVER"", ""HAS_ROE_DRIVER"", ""HAS_VALUATION_DRIVER"", ""METRIC_OBSERVATION""], ""nnp1"": ""6a8d74a8-0c5f-46d7-a218-87d56da5234f""}","{""nnp1"": ""6a8d74a8-0c5f-46d7-a218-87d56da5234f"", ""nnp2"": ""2f007236-19aa-494e-a277-c5e8d54d60fe"", ""nnp3"": null, ""prop1"": ""HAS_STRENGTH"", ""nn1"": ""COMPANY"", ""nn2"": ""METRIC"", ""threshold"": null, ""target_ids"": [""2f007236-19aa-494e-a277-c5e8d54d60fe""], ""prop1_list"": [""HAS_METRIC"", ""MetricObservation"", ""HAS_WEAKNESS"", ""HAS_RISK_DRIVER"", ""HAS_STRENGTH"", ""HAS_GROWTH_DRIVER"", ""HAS_OPPORTUNITY"", ""HAS_MARGIN_DRIVER"", ""HAS_ROE_DRIVER"", ""HAS_VALUATION_DRIVER"", ""METRIC_OBSERVATION""], ""metric_name"": null, ""topic_name1"": ""State Bank of India"", ""topic_name2"": ""CASA ratio"", ""segment_ids"": []}",primary,23,"Template: simple_triplet (F_Simple)
Query intent: Simple question: subject linked to objects via a predicate.

Row 1: State Bank of India posted a CASA ratio of 39.24% in the June 2026 quarter. (as of 2026-06-30)
Row 2: State Bank of India posted a return on assets of 1.11% in Q1 FY27. (as of 2026-06-30)
Row 3: State Bank of India recorded a return on equity of 17.87% for the quarter ended June 2026. (as of 2026-06-30)
Row 4: State Bank of India reported a cost-to-income ratio of 46.71% in Q1 FY27. (as of 2026-06-30)
Row 5: State Bank of India posted a gross NPA of 1.47% for the quarter ended June 2026. (as of 2026-06-30)
Row 6: State Bank of India achieved a net NPA of 0.38% in Q1 FY27. (as of 2026-06-30)
Row 7: State Bank of India reported a provision coverage ratio of 74.20% (91.82% including technical write-offs) in the June 2026 quarter. (as of 2026-06-30)
Row 8: State Bank of India reported a capital adequacy ratio of 15.67% in Q1 FY27. (as of 2026-06-30)
Row 9: State Bank of India notes its CET1 percentage is comfortably above the regulatory minimum of 8.80%.
Row 10: State Bank of India carries long-term issuer and deposit ratings from global agencies.
Row 11: State Bank of India's growth is expected to be driven by retail credit demand.
Row 12: State Bank of India relies on digital acquisition via YONO as a growth driver.
Row 13: State Bank of India's margins are driven by its CASA mix.
Row 14: [State Bank of India] The trajectory of the repo rate acts as a margin driver for State Bank of India.
Row 15: State Bank of India expects its return on equity to be driven by the operating leverage that comes with scale.
Row 16: [State Bank of India] The main risk driver for State Bank of India is asset quality in unsecured retail and MSME lending.
Row 17: [State Bank of India] A key valuation driver for State Bank of India revolves around how the market prices a sovereign-owned bank against private peers.
Row 18: State Bank of India recorded total deposits of ₹60.06 trillion, up 9.73% year-on-year, in the quarter ended June 2026. (as of 2026-06-30)
Row 19: State Bank of India reported net interest income of ₹46,992 crore, up 14.88%, for the June 2026 quarter. (as of 2026-06-30)
Row 20: [State Bank of India] A key strength for State Bank of India is posting record profitability with the lowest non-performing-asset levels in more than two decades.
Row 21: [State Bank of India] A fair weakness for State Bank of India is that its domestic net interest margin trails several private-bank peers.
Row 22: State Bank of India's domestic net interest margin was recorded at 3.00% for the quarter ended June 2026. (as of 2026-06-30)
Row 23: State Bank of India has an opportunity to leverage its YONO platform's scale for further cross-selling.","State Bank of India posted a CASA ratio of 39.24% in the June 2026 quarter, which is the most recently reported quarter.",Relevant,The assistant summary correctly matches the reference answer by stating State Bank of India's CASA ratio of 39.24% for the June 2026 quarter.,
What is State Bank of India's net interest margin (NIM) for the latest reported period?,3.00% (domestic).,F_Simple,F_Simple,0.41326111719969927,simple_triplet,True,"[""State Bank of India"", ""net interest margin""]","[{""entity"": ""State Bank of India"", ""matched_node_name"": ""State Bank of India"", ""matched_id"": ""6a8d74a8-0c5f-46d7-a218-87d56da5234f"", ""matched_type"": ""COMPANY"", ""similarity"": 1.0, ""source"": ""gazetteer""}, {""entity"": ""net interest margin"", ""matched_node_name"": ""net interest margin"", ""matched_id"": ""d5aaa814-57dd-46cd-b801-d73c80a43d6c"", ""matched_type"": ""METRIC"", ""similarity"": 1.0, ""source"": ""gazetteer""}]",What is <COMPANY>'s <METRIC> (NIM) for the latest reported period?,"{""nn1"": ""COMPANY"", ""target_ids"": [""d5aaa814-57dd-46cd-b801-d73c80a43d6c""], ""prop1_list"": [""HAS_METRIC"", ""MetricObservation"", ""HAS_WEAKNESS"", ""HAS_RISK_DRIVER"", ""HAS_STRENGTH"", ""HAS_GROWTH_DRIVER"", ""HAS_OPPORTUNITY"", ""HAS_MARGIN_DRIVER"", ""HAS_ROE_DRIVER"", ""HAS_VALUATION_DRIVER"", ""METRIC_OBSERVATION""], ""nnp1"": ""6a8d74a8-0c5f-46d7-a218-87d56da5234f""}","{""nnp1"": ""6a8d74a8-0c5f-46d7-a218-87d56da5234f"", ""nnp2"": ""d5aaa814-57dd-46cd-b801-d73c80a43d6c"", ""nnp3"": null, ""prop1"": ""HAS_STRENGTH"", ""nn1"": ""COMPANY"", ""nn2"": ""METRIC"", ""threshold"": null, ""target_ids"": [""d5aaa814-57dd-46cd-b801-d73c80a43d6c""], ""prop1_list"": [""HAS_METRIC"", ""MetricObservation"", ""HAS_WEAKNESS"", ""HAS_RISK_DRIVER"", ""HAS_STRENGTH"", ""HAS_GROWTH_DRIVER"", ""HAS_OPPORTUNITY"", ""HAS_MARGIN_DRIVER"", ""HAS_ROE_DRIVER"", ""HAS_VALUATION_DRIVER"", ""METRIC_OBSERVATION""], ""metric_name"": null, ""topic_name1"": ""State Bank of India"", ""topic_name2"": ""net interest margin"", ""segment_ids"": []}",relaxed_direction,23,"Template: simple_triplet (F_Simple)
Query intent: Simple question: subject linked to objects via a predicate.

Row 1: State Bank of India posted a return on assets of 1.11% in Q1 FY27. (as of 2026-06-30)
Row 2: State Bank of India recorded a return on equity of 17.87% for the quarter ended June 2026. (as of 2026-06-30)
Row 3: State Bank of India reported a cost-to-income ratio of 46.71% in Q1 FY27. (as of 2026-06-30)
Row 4: State Bank of India posted a gross NPA of 1.47% for the quarter ended June 2026. (as of 2026-06-30)
Row 5: State Bank of India achieved a net NPA of 0.38% in Q1 FY27. (as of 2026-06-30)
Row 6: State Bank of India reported a provision coverage ratio of 74.20% (91.82% including technical write-offs) in the June 2026 quarter. (as of 2026-06-30)
Row 7: State Bank of India reported a capital adequacy ratio of 15.67% in Q1 FY27. (as of 2026-06-30)
Row 8: State Bank of India notes its CET1 percentage is comfortably above the regulatory minimum of 8.80%.
Row 9: State Bank of India carries long-term issuer and deposit ratings from global agencies.
Row 10: State Bank of India's growth is expected to be driven by retail credit demand.
Row 11: State Bank of India relies on digital acquisition via YONO as a growth driver.
Row 12: State Bank of India's margins are driven by its CASA mix.
Row 13: [State Bank of India] The trajectory of the repo rate acts as a margin driver for State Bank of India.
Row 14: State Bank of India expects its return on equity to be driven by the operating leverage that comes with scale.
Row 15: [State Bank of India] The main risk driver for State Bank of India is asset quality in unsecured retail and MSME lending.
Row 16: [State Bank of India] A key valuation driver for State Bank of India revolves around how the market prices a sovereign-owned bank against private peers.
Row 17: State Bank of India posted a CASA ratio of 39.24% in the June 2026 quarter. (as of 2026-06-30)
Row 18: State Bank of India recorded total deposits of ₹60.06 trillion, up 9.73% year-on-year, in the quarter ended June 2026. (as of 2026-06-30)
Row 19: State Bank of India reported net interest income of ₹46,992 crore, up 14.88%, for the June 2026 quarter. (as of 2026-06-30)
Row 20: [State Bank of India] A key strength for State Bank of India is posting record profitability with the lowest non-performing-asset levels in more than two decades.
Row 21: [State Bank of India] A fair weakness for State Bank of India is that its domestic net interest margin trails several private-bank peers.
Row 22: State Bank of India's domestic net interest margin was recorded at 3.00% for the quarter ended June 2026. (as of 2026-06-30)
Row 23: State Bank of India has an opportunity to leverage its YONO platform's scale for further cross-selling.",State Bank of India's domestic net interest margin was recorded at 3.00% for the latest reported period ending June 2026.,Relevant,"The assistant summary correctly captures the 3.00% domestic net interest margin from the reference answer, matching the core financial fact despite including an additional future date.",
What are State Bank of India's gross NPA and net NPA ratios?,Gross NPA 1.47% and net NPA 0.38%.,F_Simple,F_Simple,0.5219059417885892,simple_triplet,True,"[""State Bank of India"", ""gross NPA"", ""net NPA""]","[{""entity"": ""State Bank of India"", ""matched_node_name"": ""State Bank of India"", ""matched_id"": ""6a8d74a8-0c5f-46d7-a218-87d56da5234f"", ""matched_type"": ""COMPANY"", ""similarity"": 1.0, ""source"": ""gazetteer""}, {""entity"": ""gross NPA"", ""matched_node_name"": ""gross NPA"", ""matched_id"": ""17de1b02-766d-4a7f-861e-a11cf8caa7ab"", ""matched_type"": ""METRIC"", ""similarity"": 1.0, ""source"": ""gazetteer""}, {""entity"": ""net NPA"", ""matched_node_name"": ""net NPA"", ""matched_id"": ""b0454088-e2c7-4c48-8ede-4505aee1e817"", ""matched_type"": ""METRIC"", ""similarity"": 1.0, ""source"": ""gazetteer""}]",What are <COMPANY>'s <METRIC> and <METRIC> ratios?,"{""nn1"": ""COMPANY"", ""target_ids"": [""17de1b02-766d-4a7f-861e-a11cf8caa7ab"", ""b0454088-e2c7-4c48-8ede-4505aee1e817""], ""prop1_list"": [""HAS_METRIC"", ""MetricObservation"", ""HAS_WEAKNESS"", ""HAS_RISK_DRIVER"", ""HAS_STRENGTH"", ""HAS_GROWTH_DRIVER"", ""HAS_OPPORTUNITY"", ""HAS_MARGIN_DRIVER"", ""HAS_ROE_DRIVER"", ""HAS_VALUATION_DRIVER"", ""METRIC_OBSERVATION""], ""nnp1"": ""6a8d74a8-0c5f-46d7-a218-87d56da5234f""}","{""nnp1"": ""6a8d74a8-0c5f-46d7-a218-87d56da5234f"", ""nnp2"": ""17de1b02-766d-4a7f-861e-a11cf8caa7ab"", ""nnp3"": null, ""prop1"": ""HAS_STRENGTH"", ""nn1"": ""COMPANY"", ""nn2"": ""METRIC"", ""threshold"": null, ""target_ids"": [""17de1b02-766d-4a7f-861e-a11cf8caa7ab"", ""b0454088-e2c7-4c48-8ede-4505aee1e817""], ""prop1_list"": [""HAS_METRIC"", ""MetricObservation"", ""HAS_WEAKNESS"", ""HAS_RISK_DRIVER"", ""HAS_STRENGTH"", ""HAS_GROWTH_DRIVER"", ""HAS_OPPORTUNITY"", ""HAS_MARGIN_DRIVER"", ""HAS_ROE_DRIVER"", ""HAS_VALUATION_DRIVER"", ""METRIC_OBSERVATION""], ""metric_name"": null, ""topic_name1"": ""State Bank of India"", ""topic_name2"": ""gross NPA"", ""segment_ids"": []}",primary,23,"Template: simple_triplet (F_Simple)
Query intent: Simple question: subject linked to objects via a predicate.

Row 1: State Bank of India posted a gross NPA of 1.47% for the quarter ended June 2026. (as of 2026-06-30)
Row 2: State Bank of India achieved a net NPA of 0.38% in Q1 FY27. (as of 2026-06-30)
Row 3: State Bank of India posted a return on assets of 1.11% in Q1 FY27. (as of 2026-06-30)
Row 4: State Bank of India recorded a return on equity of 17.87% for the quarter ended June 2026. (as of 2026-06-30)
Row 5: State Bank of India reported a cost-to-income ratio of 46.71% in Q1 FY27. (as of 2026-06-30)
Row 6: State Bank of India reported a provision coverage ratio of 74.20% (91.82% including technical write-offs) in the June 2026 quarter. (as of 2026-06-30)
Row 7: State Bank of India reported a capital adequacy ratio of 15.67% in Q1 FY27. (as of 2026-06-30)
Row 8: State Bank of India notes its CET1 percentage is comfortably above the regulatory minimum of 8.80%.
Row 9: State Bank of India carries long-term issuer and deposit ratings from global agencies.
Row 10: State Bank of India's growth is expected to be driven by retail credit demand.
Row 11: State Bank of India relies on digital acquisition via YONO as a growth driver.
Row 12: State Bank of India's margins are driven by its CASA mix.
Row 13: [State Bank of India] The trajectory of the repo rate acts as a margin driver for State Bank of India.
Row 14: State Bank of India expects its return on equity to be driven by the operating leverage that comes with scale.
Row 15: [State Bank of India] The main risk driver for State Bank of India is asset quality in unsecured retail and MSME lending.
Row 16: [State Bank of India] A key valuation driver for State Bank of India revolves around how the market prices a sovereign-owned bank against private peers.
Row 17: State Bank of India posted a CASA ratio of 39.24% in the June 2026 quarter. (as of 2026-06-30)
Row 18: State Bank of India recorded total deposits of ₹60.06 trillion, up 9.73% year-on-year, in the quarter ended June 2026. (as of 2026-06-30)
Row 19: State Bank of India reported net interest income of ₹46,992 crore, up 14.88%, for the June 2026 quarter. (as of 2026-06-30)
Row 20: [State Bank of India] A key strength for State Bank of India is posting record profitability with the lowest non-performing-asset levels in more than two decades.
Row 21: [State Bank of India] A fair weakness for State Bank of India is that its domestic net interest margin trails several private-bank peers.
Row 22: State Bank of India's domestic net interest margin was recorded at 3.00% for the quarter ended June 2026. (as of 2026-06-30)
Row 23: State Bank of India has an opportunity to leverage its YONO platform's scale for further cross-selling.","State Bank of India posted a gross NPA of 1.47% for the quarter ended June 2026. Additionally, the bank achieved a net NPA of 0.38% in Q1 FY27.",Relevant,The assistant summary correctly captures both the gross NPA of 1.47% and the net NPA of 0.38% as stated in the reference answer.,
"What is State Bank of India's capital adequacy ratio (CRAR), and its CET1 ratio if disclosed?","Capital adequacy ratio 15.67%. CET1 percentage not stated, other than that it is comfortably above the 8.80% regulatory minimum.",F_Simple,F_Simple,0.4585325082585684,simple_triplet,True,"[""State Bank of India"", ""capital adequacy ratio"", ""CET1 ratio""]","[{""entity"": ""State Bank of India"", ""matched_node_name"": ""State Bank of India"", ""matched_id"": ""6a8d74a8-0c5f-46d7-a218-87d56da5234f"", ""matched_type"": ""COMPANY"", ""similarity"": 1.0, ""source"": ""gazetteer""}, {""entity"": ""capital adequacy ratio"", ""matched_node_name"": ""capital adequacy ratio"", ""matched_id"": ""e2c8bdab-25f2-49d9-b3b9-f24b21583fe2"", ""matched_type"": ""METRIC"", ""similarity"": 1.0, ""source"": ""gazetteer""}, {""entity"": ""CET1 ratio"", ""matched_node_name"": ""CET1 percentage"", ""matched_id"": ""c5469579-75e6-4c83-b0f9-c16c1485a02f"", ""matched_type"": ""METRIC"", ""similarity"": 0.99, ""source"": ""alias""}]","What is <COMPANY>'s <METRIC> (CRAR), and its <METRIC> if disclosed?","{""nn1"": ""COMPANY"", ""target_ids"": [""e2c8bdab-25f2-49d9-b3b9-f24b21583fe2"", ""c5469579-75e6-4c83-b0f9-c16c1485a02f""], ""prop1_list"": [""HAS_METRIC"", ""MetricObservation"", ""HAS_WEAKNESS"", ""HAS_RISK_DRIVER"", ""HAS_STRENGTH"", ""HAS_GROWTH_DRIVER"", ""HAS_OPPORTUNITY"", ""HAS_MARGIN_DRIVER"", ""HAS_ROE_DRIVER"", ""HAS_VALUATION_DRIVER"", ""METRIC_OBSERVATION""], ""nnp1"": ""6a8d74a8-0c5f-46d7-a218-87d56da5234f""}","{""nnp1"": ""6a8d74a8-0c5f-46d7-a218-87d56da5234f"", ""nnp2"": ""e2c8bdab-25f2-49d9-b3b9-f24b21583fe2"", ""nnp3"": null, ""prop1"": ""HAS_STRENGTH"", ""nn1"": ""COMPANY"", ""nn2"": ""METRIC"", ""threshold"": null, ""target_ids"": [""e2c8bdab-25f2-49d9-b3b9-f24b21583fe2"", ""c5469579-75e6-4c83-b0f9-c16c1485a02f""], ""prop1_list"": [""HAS_METRIC"", ""MetricObservation"", ""HAS_WEAKNESS"", ""HAS_RISK_DRIVER"", ""HAS_STRENGTH"", ""HAS_GROWTH_DRIVER"", ""HAS_OPPORTUNITY"", ""HAS_MARGIN_DRIVER"", ""HAS_ROE_DRIVER"", ""HAS_VALUATION_DRIVER"", ""METRIC_OBSERVATION""], ""metric_name"": null, ""topic_name1"": ""State Bank of India"", ""topic_name2"": ""capital adequacy ratio"", ""segment_ids"": []}",primary,23,"Template: simple_triplet (F_Simple)
Query intent: Simple question: subject linked to objects via a predicate.

Row 1: State Bank of India reported a capital adequacy ratio of 15.67% in Q1 FY27. (as of 2026-06-30)
Row 2: State Bank of India posted a return on assets of 1.11% in Q1 FY27. (as of 2026-06-30)
Row 3: State Bank of India recorded a return on equity of 17.87% for the quarter ended June 2026. (as of 2026-06-30)
Row 4: State Bank of India reported a cost-to-income ratio of 46.71% in Q1 FY27. (as of 2026-06-30)
Row 5: State Bank of India posted a gross NPA of 1.47% for the quarter ended June 2026. (as of 2026-06-30)
Row 6: State Bank of India achieved a net NPA of 0.38% in Q1 FY27. (as of 2026-06-30)
Row 7: State Bank of India reported a provision coverage ratio of 74.20% (91.82% including technical write-offs) in the June 2026 quarter. (as of 2026-06-30)
Row 8: State Bank of India notes its CET1 percentage is comfortably above the regulatory minimum of 8.80%.
Row 9: State Bank of India carries long-term issuer and deposit ratings from global agencies.
Row 10: State Bank of India's growth is expected to be driven by retail credit demand.
Row 11: State Bank of India relies on digital acquisition via YONO as a growth driver.
Row 12: State Bank of India's margins are driven by its CASA mix.
Row 13: [State Bank of India] The trajectory of the repo rate acts as a margin driver for State Bank of India.
Row 14: State Bank of India expects its return on equity to be driven by the operating leverage that comes with scale.
Row 15: [State Bank of India] The main risk driver for State Bank of India is asset quality in unsecured retail and MSME lending.
Row 16: [State Bank of India] A key valuation driver for State Bank of India revolves around how the market prices a sovereign-owned bank against private peers.
Row 17: State Bank of India posted a CASA ratio of 39.24% in the June 2026 quarter. (as of 2026-06-30)
Row 18: State Bank of India recorded total deposits of ₹60.06 trillion, up 9.73% year-on-year, in the quarter ended June 2026. (as of 2026-06-30)
Row 19: State Bank of India reported net interest income of ₹46,992 crore, up 14.88%, for the June 2026 quarter. (as of 2026-06-30)
Row 20: [State Bank of India] A key strength for State Bank of India is posting record profitability with the lowest non-performing-asset levels in more than two decades.
Row 21: [State Bank of India] A fair weakness for State Bank of India is that its domestic net interest margin trails several private-bank peers.
Row 22: State Bank of India's domestic net interest margin was recorded at 3.00% for the quarter ended June 2026. (as of 2026-06-30)
Row 23: State Bank of India has an opportunity to leverage its YONO platform's scale for further cross-selling.","State Bank of India reported a capital adequacy ratio of 15.67% in Q1 FY27. While its exact CET1 numeric figure is not disclosed in the retrieved facts, the bank notes that its CET1 percentage is comfortably above the regulatory minimum of 8.80%.",Relevant,The assistant summary correctly captures both the capital adequacy ratio of 15.67% and the fact that the CET1 percentage is comfortably above the 8.80% regulatory minimum while its exact numeric figure is not disclosed.,
What are State Bank of India's return on assets (ROA) and return on equity (ROE) for the latest quarter?,Return on assets 1.11% and return on equity 17.87% for Q1 FY27.,F_Simple,F_Simple,0.5859677884172529,simple_triplet,True,"[""State Bank of India"", ""return on assets"", ""return on equity""]","[{""entity"": ""State Bank of India"", ""matched_node_name"": ""State Bank of India"", ""matched_id"": ""6a8d74a8-0c5f-46d7-a218-87d56da5234f"", ""matched_type"": ""COMPANY"", ""similarity"": 1.0, ""source"": ""gazetteer""}, {""entity"": ""return on assets"", ""matched_node_name"": ""return on assets"", ""matched_id"": ""9fe9c63b-26ba-4633-b3f0-2f73fa5b6d37"", ""matched_type"": ""METRIC"", ""similarity"": 1.0, ""source"": ""gazetteer""}, {""entity"": ""return on equity"", ""matched_node_name"": ""return on equity"", ""matched_id"": ""14e844eb-fd2b-4028-9460-92f4196b984a"", ""matched_type"": ""METRIC"", ""similarity"": 1.0, ""source"": ""gazetteer""}]",What are <COMPANY>'s <METRIC> (ROA) and <METRIC> (ROE) for the latest quarter?,"{""nn1"": ""COMPANY"", ""target_ids"": [""9fe9c63b-26ba-4633-b3f0-2f73fa5b6d37"", ""14e844eb-fd2b-4028-9460-92f4196b984a""], ""prop1_list"": [""HAS_METRIC"", ""MetricObservation"", ""HAS_WEAKNESS"", ""HAS_RISK_DRIVER"", ""HAS_STRENGTH"", ""HAS_GROWTH_DRIVER"", ""HAS_OPPORTUNITY"", ""HAS_MARGIN_DRIVER"", ""HAS_ROE_DRIVER"", ""HAS_VALUATION_DRIVER"", ""METRIC_OBSERVATION""], ""nnp1"": ""6a8d74a8-0c5f-46d7-a218-87d56da5234f""}","{""nnp1"": ""6a8d74a8-0c5f-46d7-a218-87d56da5234f"", ""nnp2"": ""9fe9c63b-26ba-4633-b3f0-2f73fa5b6d37"", ""nnp3"": null, ""prop1"": ""HAS_STRENGTH"", ""nn1"": ""COMPANY"", ""nn2"": ""METRIC"", ""threshold"": null, ""target_ids"": [""9fe9c63b-26ba-4633-b3f0-2f73fa5b6d37"", ""14e844eb-fd2b-4028-9460-92f4196b984a""], ""prop1_list"": [""HAS_METRIC"", ""MetricObservation"", ""HAS_WEAKNESS"", ""HAS_RISK_DRIVER"", ""HAS_STRENGTH"", ""HAS_GROWTH_DRIVER"", ""HAS_OPPORTUNITY"", ""HAS_MARGIN_DRIVER"", ""HAS_ROE_DRIVER"", ""HAS_VALUATION_DRIVER"", ""METRIC_OBSERVATION""], ""metric_name"": null, ""topic_name1"": ""State Bank of India"", ""topic_name2"": ""return on assets"", ""segment_ids"": []}",primary,23,"Template: simple_triplet (F_Simple)
Query intent: Simple question: subject linked to objects via a predicate.

Row 1: State Bank of India posted a return on assets of 1.11% in Q1 FY27. (as of 2026-06-30)
Row 2: State Bank of India recorded a return on equity of 17.87% for the quarter ended June 2026. (as of 2026-06-30)
Row 3: State Bank of India reported a cost-to-income ratio of 46.71% in Q1 FY27. (as of 2026-06-30)
Row 4: State Bank of India posted a gross NPA of 1.47% for the quarter ended June 2026. (as of 2026-06-30)
Row 5: State Bank of India achieved a net NPA of 0.38% in Q1 FY27. (as of 2026-06-30)
Row 6: State Bank of India reported a provision coverage ratio of 74.20% (91.82% including technical write-offs) in the June 2026 quarter. (as of 2026-06-30)
Row 7: State Bank of India reported a capital adequacy ratio of 15.67% in Q1 FY27. (as of 2026-06-30)
Row 8: State Bank of India notes its CET1 percentage is comfortably above the regulatory minimum of 8.80%.
Row 9: State Bank of India carries long-term issuer and deposit ratings from global agencies.
Row 10: State Bank of India's growth is expected to be driven by retail credit demand.
Row 11: State Bank of India relies on digital acquisition via YONO as a growth driver.
Row 12: State Bank of India's margins are driven by its CASA mix.
Row 13: [State Bank of India] The trajectory of the repo rate acts as a margin driver for State Bank of India.
Row 14: State Bank of India expects its return on equity to be driven by the operating leverage that comes with scale.
Row 15: [State Bank of India] The main risk driver for State Bank of India is asset quality in unsecured retail and MSME lending.
Row 16: [State Bank of India] A key valuation driver for State Bank of India revolves around how the market prices a sovereign-owned bank against private peers.
Row 17: State Bank of India posted a CASA ratio of 39.24% in the June 2026 quarter. (as of 2026-06-30)
Row 18: State Bank of India recorded total deposits of ₹60.06 trillion, up 9.73% year-on-year, in the quarter ended June 2026. (as of 2026-06-30)
Row 19: State Bank of India reported net interest income of ₹46,992 crore, up 14.88%, for the June 2026 quarter. (as of 2026-06-30)
Row 20: [State Bank of India] A key strength for State Bank of India is posting record profitability with the lowest non-performing-asset levels in more than two decades.
Row 21: [State Bank of India] A fair weakness for State Bank of India is that its domestic net interest margin trails several private-bank peers.
Row 22: State Bank of India's domestic net interest margin was recorded at 3.00% for the quarter ended June 2026. (as of 2026-06-30)
Row 23: State Bank of India has an opportunity to leverage its YONO platform's scale for further cross-selling.","State Bank of India posted a return on assets of 1.11% in Q1 FY27, as of June 30, 2026. For the same quarter ended June 2026, the bank recorded a return on equity of 17.87%.",Relevant,The assistant summary accurately captures both the return on assets of 1.11% and the return on equity of 17.87% for Q1 FY27 as stated in the reference answer.,
What was State Bank of India's total advances (loan book) and deposit growth in the latest quarter?,"Total deposits ₹60.06 trillion, up 9.73% year-on-year; domestic advances ₹42.76 trillion, up 18.15% year-on-year.",F_Simple,F_Simple,0.5741154930246071,simple_triplet,True,"[""State Bank of India"", ""total advances"", ""loan"", ""deposit growth""]","[{""entity"": ""State Bank of India"", ""matched_node_name"": ""State Bank of India"", ""matched_id"": ""6a8d74a8-0c5f-46d7-a218-87d56da5234f"", ""matched_type"": ""COMPANY"", ""similarity"": 1.0, ""source"": ""gazetteer""}, {""entity"": ""total advances"", ""matched_node_name"": ""Total advances"", ""matched_id"": ""a1b36a29-fc07-41cc-b3a3-010e50f98882"", ""matched_type"": ""ASSETCLASS"", ""similarity"": 1.0, ""source"": ""gazetteer""}, {""entity"": ""loan"", ""matched_node_name"": ""loan"", ""matched_id"": ""13c28420-d40d-41d9-9101-1e3596e3c2ba"", ""matched_type"": ""PRODUCT"", ""similarity"": 1.0, ""source"": ""gazetteer""}, {""entity"": ""deposit growth"", ""matched_node_name"": ""Deposit growth"", ""matched_id"": ""7a5ad916-7608-42a4-b7b8-cef3032e3b45"", ""matched_type"": ""METRIC"", ""similarity"": 1.0, ""source"": ""gazetteer""}]",What was <COMPANY>'s <ASSETCLASS> (<PRODUCT> book) and <METRIC> in the latest quarter?,"{""nn1"": ""COMPANY"", ""target_ids"": [""a1b36a29-fc07-41cc-b3a3-010e50f98882"", ""13c28420-d40d-41d9-9101-1e3596e3c2ba"", ""7a5ad916-7608-42a4-b7b8-cef3032e3b45""], ""prop1_list"": [""HAS_METRIC"", ""MetricObservation"", ""ExposureRelation"", ""FUNDED_BY"", ""HAS_WEAKNESS"", ""HAS_RISK_DRIVER"", ""HAS_LOAN_EXPOSURE_TO"", ""HAS_STRENGTH"", ""HAS_GROWTH_DRIVER"", ""HAS_OPPORTUNITY"", ""HAS_MARGIN_DRIVER"", ""HAS_ROE_DRIVER"", ""HAS_VALUATION_DRIVER"", ""HAS_ASSET_EXPOSURE_TO"", ""METRIC_OBSERVATION"", ""EXPOSURE_RELATION""], ""nnp1"": ""6a8d74a8-0c5f-46d7-a218-87d56da5234f""}","{""nnp1"": ""6a8d74a8-0c5f-46d7-a218-87d56da5234f"", ""nnp2"": ""13c28420-d40d-41d9-9101-1e3596e3c2ba"", ""nnp3"": null, ""prop1"": ""HAS_STRENGTH"", ""nn1"": ""COMPANY"", ""nn2"": ""PRODUCT"", ""threshold"": null, ""target_ids"": [""a1b36a29-fc07-41cc-b3a3-010e50f98882"", ""13c28420-d40d-41d9-9101-1e3596e3c2ba"", ""7a5ad916-7608-42a4-b7b8-cef3032e3b45""], ""prop1_list"": [""HAS_METRIC"", ""MetricObservation"", ""ExposureRelation"", ""FUNDED_BY"", ""HAS_WEAKNESS"", ""HAS_RISK_DRIVER"", ""HAS_LOAN_EXPOSURE_TO"", ""HAS_STRENGTH"", ""HAS_GROWTH_DRIVER"", ""HAS_OPPORTUNITY"", ""HAS_MARGIN_DRIVER"", ""HAS_ROE_DRIVER"", ""HAS_VALUATION_DRIVER"", ""HAS_ASSET_EXPOSURE_TO"", ""METRIC_OBSERVATION"", ""EXPOSURE_RELATION""], ""metric_name"": null, ""topic_name1"": ""State Bank of India"", ""topic_name2"": ""loan"", ""segment_ids"": []}",relaxed_direction,35,"Template: simple_triplet (F_Simple)
Query intent: Simple question: subject linked to objects via a predicate.

Row 1: State Bank of India holds a large corporate loan book.
Row 2: State Bank of India is exposed to interest-rate risk given the massive size of its deposit base.
Row 3: State Bank of India is exposed to cyber risk owing to the scale of its digital user base.
Row 4: State Bank of India is exposed to ordinary regulatory risk.
Row 5: State Bank of India posted a return on assets of 1.11% in Q1 FY27. (as of 2026-06-30)
Row 6: State Bank of India recorded a return on equity of 17.87% for the quarter ended June 2026. (as of 2026-06-30)
Row 7: State Bank of India reported a cost-to-income ratio of 46.71% in Q1 FY27. (as of 2026-06-30)
Row 8: State Bank of India posted a gross NPA of 1.47% for the quarter ended June 2026. (as of 2026-06-30)
Row 9: State Bank of India achieved a net NPA of 0.38% in Q1 FY27. (as of 2026-06-30)
Row 10: State Bank of India reported a provision coverage ratio of 74.20% (91.82% including technical write-offs) in the June 2026 quarter. (as of 2026-06-30)
Row 11: State Bank of India reported a capital adequacy ratio of 15.67% in Q1 FY27. (as of 2026-06-30)
Row 12: State Bank of India notes its CET1 percentage is comfortably above the regulatory minimum of 8.80%.
Row 13: State Bank of India carries long-term issuer and deposit ratings from global agencies.
Row 14: State Bank of India's growth is expected to be driven by retail credit demand.
Row 15: State Bank of India relies on digital acquisition via YONO as a growth driver.
Row 16: State Bank of India's margins are driven by its CASA mix.
Row 17: [State Bank of India] The trajectory of the repo rate acts as a margin driver for State Bank of India.
Row 18: State Bank of India expects its return on equity to be driven by the operating leverage that comes with scale.
Row 19: [State Bank of India] The main risk driver for State Bank of India is asset quality in unsecured retail and MSME lending.
Row 20: [State Bank of India] A key valuation driver for State Bank of India revolves around how the market prices a sovereign-owned bank against private peers.
Row 21: State Bank of India is exposed to credit risk through its large corporate loan book.
Row 22: State Bank of India provides home loans as part of its retail product range.
Row 23: State Bank of India offers auto loans.
Row 24: State Bank of India provides personal loans.
Row 25: State Bank of India includes education loans in its product offerings.
Row 26: State Bank of India has exposure to agricultural loans.
Row 27: State Bank of India offers MSME loans.
Row 28: State Bank of India posted a CASA ratio of 39.24% in the June 2026 quarter. (as of 2026-06-30)
Row 29: State Bank of India recorded total deposits of ₹60.06 trillion, up 9.73% year-on-year, in the quarter ended June 2026. (as of 2026-06-30)
Row 30: State Bank of India's domestic loan book (advances) reached ₹42.76 trillion, an 18.15% increase year-on-year, in Q1 FY27. (as of 2026-06-30)
Row 31: State Bank of India reported net interest income of ₹46,992 crore, up 14.88%, for the June 2026 quarter. (as of 2026-06-30)
Row 32: [State Bank of India] A key strength for State Bank of India is posting record profitability with the lowest non-performing-asset levels in more than two decades.
Row 33: [State Bank of India] A fair weakness for State Bank of India is that its domestic net interest margin trails several private-bank peers.
Row 34: State Bank of India's domestic net interest margin was recorded at 3.00% for the quarter ended June 2026. (as of 2026-06-30)
Row 35: State Bank of India has an opportunity to leverage its YONO platform's scale for further cross-selling.","In the quarter ended June 2026, State Bank of India's domestic loan book (advances) reached ₹42.76 trillion, representing an 18.15% increase year-on-year. During the same latest quarter, the bank recorded total deposits of ₹60.06 trillion, which grew by 9.73% year-on-year.",Relevant,"The assistant summary accurately captures all the key financial metrics from the reference answer, including total deposits of ₹60.06 trillion with 9.73% growth and domestic advances of ₹42.76 trillion with 18.15% growth.",
"What credit ratings has State Bank of India received, and from which rating agencies?",Historically in the Moody's Baa2/Baa3 and S&P/Fitch BBB- range on long-term issuer/deposit ratings (older Business Standard archive coverage); no dated 2026 rating action could be confirmed.,F_Simple,F_Simple,0.5229460713108118,simple_triplet,True,"[""State Bank of India""]","[{""entity"": ""State Bank of India"", ""matched_node_name"": ""State Bank of India"", ""matched_id"": ""6a8d74a8-0c5f-46d7-a218-87d56da5234f"", ""matched_type"": ""COMPANY"", ""similarity"": 1.0, ""source"": ""gazetteer""}]","What credit ratings has <COMPANY> received, and from which rating agencies?","{""nn1"": ""COMPANY"", ""target_ids"": [], ""prop1_list"": [""HAS_RATING"", ""RATED_BY""], ""nnp1"": ""6a8d74a8-0c5f-46d7-a218-87d56da5234f""}","{""nnp1"": ""6a8d74a8-0c5f-46d7-a218-87d56da5234f"", ""nnp2"": null, ""nnp3"": null, ""prop1"": ""HAS_RATING"", ""nn1"": ""COMPANY"", ""nn2"": null, ""threshold"": null, ""target_ids"": [], ""prop1_list"": [""HAS_RATING"", ""RATED_BY""], ""metric_name"": null, ""topic_name1"": ""State Bank of India"", ""topic_name2"": null, ""segment_ids"": []}",primary,3,"Template: simple_triplet (F_Simple)
Query intent: Simple question: subject linked to objects via a predicate.

Row 1: State Bank of India has historically been rated by Fitch.
Row 2: State Bank of India has historically been rated by Moody's.
Row 3: State Bank of India has historically been rated by S&P.","State Bank of India has historically been rated by Fitch, Moody's, and S&P.",Somewhat relevant,"The assistant summary correctly identifies the rating agencies (Fitch, Moody's, and S&P) mentioned in the reference answer, but it completely omits the specific credit rating levels (Baa2/Baa3 and BBB-) associated with them.",
"Roughly how many branches and ATMs does State Bank of India operate, and as of what date?","Roughly 22,500 branches and 65,000 ATMs (government public-statement figure via Business Today, not independently re-verified).",F_QuantCount,F_QuantCount,0.5019551925676716,quant_count,True,"[""branches"", ""ATMs"", ""State Bank of India""]","[{""entity"": ""branches"", ""matched_node_name"": ""branches"", ""matched_id"": ""825450c5-3a89-46a1-bf6f-9b5e414de076"", ""matched_type"": ""DISTRIBUTIONCHANNEL"", ""similarity"": 1.0, ""source"": ""gazetteer""}, {""entity"": ""ATMs"", ""matched_node_name"": ""ATMs"", ""matched_id"": ""4211be7c-a18e-4211-bd8a-4534d423385e"", ""matched_type"": ""DISTRIBUTIONCHANNEL"", ""similarity"": 1.0, ""source"": ""gazetteer""}, {""entity"": ""State Bank of India"", ""matched_node_name"": ""State Bank of India"", ""matched_id"": ""6a8d74a8-0c5f-46d7-a218-87d56da5234f"", ""matched_type"": ""COMPANY"", ""similarity"": 1.0, ""source"": ""gazetteer""}]","Roughly how many <DISTRIBUTIONCHANNEL> and <DISTRIBUTIONCHANNEL> does <COMPANY> operate, and as of what date?","{""nn1"": ""COMPANY"", ""prop1_list"": [""USES_CHANNEL"", ""DEPENDS_ON""], ""nnp1"": ""6a8d74a8-0c5f-46d7-a218-87d56da5234f"", ""nn2"": ""DISTRIBUTIONCHANNEL""}","{""nnp1"": ""6a8d74a8-0c5f-46d7-a218-87d56da5234f"", ""nnp2"": ""825450c5-3a89-46a1-bf6f-9b5e414de076"", ""nnp3"": null, ""prop1"": ""USES_CHANNEL"", ""nn1"": ""COMPANY"", ""nn2"": ""DISTRIBUTIONCHANNEL"", ""threshold"": null, ""target_ids"": [""825450c5-3a89-46a1-bf6f-9b5e414de076"", ""4211be7c-a18e-4211-bd8a-4534d423385e""], ""prop1_list"": [""USES_CHANNEL"", ""DEPENDS_ON""], ""metric_name"": null, ""topic_name1"": ""State Bank of India"", ""topic_name2"": ""branches"", ""segment_ids"": []}",primary,1,"Template: quant_count (F_QuantCount)
Query intent: Count related objects for a subject entity.

Row 1: subject_name=State Bank of India | object_count=3 (3 facts)
  - State Bank of India utilizes its huge branch network as part of its hybrid operating model.
  - State Bank of India runs roughly 22,500 branches, making it the largest branch network in the country.
  - State Bank of India operates approximately 65,000 ATMs.","State Bank of India operates roughly 22,500 branches and approximately 65,000 ATMs, though the provided facts do not specify a date for these figures.",Relevant,"The assistant summary correctly captures the figures for both branches (roughly 22,500) and ATMs (approximately 65,000) as stated in the reference answer, and correctly notes that a specific date is not provided in the source text.",
"What products and services does State Bank of India offer, and which customer segments does it serve?","Full retail and corporate banking suite (deposits, home/auto/personal/education/agri/MSME loans, cards), plus wealth management, trade finance, treasury/forex, cash management, investment banking via SBI Caps, and NRI banking, serving retail mass-market, HNI, MSME, large-corporate, government/institutional and NRI customers.",F_Simple,F_Simple,0.5902610031105305,simple_triplet,True,"[""State Bank of India""]","[{""entity"": ""State Bank of India"", ""matched_node_name"": ""State Bank of India"", ""matched_id"": ""6a8d74a8-0c5f-46d7-a218-87d56da5234f"", ""matched_type"": ""COMPANY"", ""similarity"": 1.0, ""source"": ""gazetteer""}]","What products and services does <COMPANY> offer, and which customer segments does it serve?","{""nn1"": ""COMPANY"", ""target_ids"": [], ""prop1_list"": [""ExposureRelation"", ""OFFERS_PRODUCT"", ""PROVIDES_SERVICE"", ""SERVES"", ""TARGETS"", ""HAS_ASSET_EXPOSURE_TO"", ""EXPOSURE_RELATION""], ""nnp1"": ""6a8d74a8-0c5f-46d7-a218-87d56da5234f""}","{""nnp1"": ""6a8d74a8-0c5f-46d7-a218-87d56da5234f"", ""nnp2"": null, ""nnp3"": null, ""prop1"": ""SERVES"", ""nn1"": ""COMPANY"", ""nn2"": null, ""threshold"": null, ""target_ids"": [], ""prop1_list"": [""ExposureRelation"", ""OFFERS_PRODUCT"", ""PROVIDES_SERVICE"", ""SERVES"", ""TARGETS"", ""HAS_ASSET_EXPOSURE_TO"", ""EXPOSURE_RELATION""], ""metric_name"": null, ""topic_name1"": ""State Bank of India"", ""topic_name2"": null, ""segment_ids"": []}",primary,28,"Template: simple_triplet (F_Simple)
Query intent: Simple question: subject linked to objects via a predicate.

Row 1: State Bank of India serves high-net-worth individuals (HNIs).
Row 2: State Bank of India offers MSME loans.
Row 3: State Bank of India serves MSMEs.
Row 4: State Bank of India offers NRI banking services.
Row 5: State Bank of India serves the NRI community.
Row 6: State Bank of India has exposure to agricultural loans.
Row 7: State Bank of India offers auto loans.
Row 8: State Bank of India provides cash management services.
Row 9: State Bank of India holds a large corporate loan book.
Row 10: State Bank of India issues credit cards to its customers.
Row 11: State Bank of India is exposed to credit risk through its large corporate loan book.
Row 12: State Bank of India is exposed to cyber risk owing to the scale of its digital user base.
Row 13: State Bank of India issues debit cards.
Row 14: State Bank of India's domestic loan book (advances) reached ₹42.76 trillion, an 18.15% increase year-on-year, in Q1 FY27. (as of 2026-06-30)
Row 15: State Bank of India includes education loans in its product offerings.
Row 16: State Bank of India provides forex services.
Row 17: State Bank of India provides services to government clients.
Row 18: State Bank of India provides home loans as part of its retail product range.
Row 19: State Bank of India serves institutional clients.
Row 20: State Bank of India is exposed to interest-rate risk given the massive size of its deposit base.
Row 21: State Bank of India provides investment banking services.
Row 22: State Bank of India serves large corporates.
Row 23: State Bank of India provides personal loans.
Row 24: State Bank of India is exposed to ordinary regulatory risk.
Row 25: State Bank of India serves retail mass-market customers.
Row 26: State Bank of India offers trade finance services.
Row 27: State Bank of India offers treasury services.
Row 28: State Bank of India provides wealth management services.","State Bank of India offers a diverse range of products and services including MSME loans, NRI banking services, auto loans, cash management services, credit cards, debit cards, education loans, forex services, home loans, investment banking services, personal loans, trade finance, treasury services, and wealth management, alongside maintaining a large corporate loan book and agricultural loan exposure. To serve these offerings, the bank caters to several distinct customer segments, including high-net-worth individuals (HNIs), MSMEs, the NRI community, government clients, institutional clients, large corporates, and retail mass-market customers.",Relevant,"The assistant summary accurately captures all the products, services, and customer segments mentioned in the reference answer without any contradictions.",
What is Bank of Baroda's ticker symbol and on which exchange(s) does it trade?,"BANKBARODA, listed on both the NSE and the BSE.",F_Simple,F_Simple,0.5272617020235415,simple_triplet,True,"[""Bank of Baroda""]","[{""entity"": ""Bank of Baroda"", ""matched_node_name"": ""Bank of Baroda"", ""matched_id"": ""14075cdc-7bd6-4aba-889f-18f38f4364cb"", ""matched_type"": ""COMPANY"", ""similarity"": 1.0, ""source"": ""gazetteer""}]",What is <COMPANY>'s ticker symbol and on which exchange(s) does it trade?,"{""nnp1"": ""14075cdc-7bd6-4aba-889f-18f38f4364cb""}","{""nnp1"": ""14075cdc-7bd6-4aba-889f-18f38f4364cb"", ""nnp2"": null, ""nnp3"": null, ""prop1"": null, ""nn1"": ""COMPANY"", ""nn2"": null, ""threshold"": null, ""target_ids"": [], ""prop1_list"": [], ""metric_name"": null, ""topic_name1"": ""Bank of Baroda"", ""topic_name2"": null, ""segment_ids"": []}",attribute_lookup_direct,7,"Template: simple_triplet (F_Simple)
Query intent: Simple question: subject linked to objects via a predicate.

Row 1: Bank of Baroda's banking_segment is Public Sector Bank
Row 2: Bank of Baroda's country is India
Row 3: Bank of Baroda's description is Bank of Baroda, headquartered in Vadodara, Gujarat, is a universal bank and a Government of India-owned public sector bank with the widest overseas footprint of any PSU bank besides SBI, present in 24 countries.
Row 4: Bank of Baroda's exchange is NSE, BSE
Row 5: Bank of Baroda's legal_name is Bank of Baroda
Row 6: Bank of Baroda's listed is True
Row 7: Bank of Baroda's ticker is BANKBARODA","Bank of Baroda's ticker symbol is BANKBARODA, and it trades on the NSE and BSE stock exchanges.",Relevant,The assistant summary accurately captures both the ticker symbol (BANKBARODA) and the exchanges (NSE and BSE) stated in the reference answer.,
"Who is the current MD & CEO (or Chairman, where that is the top executive title) of Bank of Baroda?",Debadatta Chand is MD & CEO; the current non-executive chairman could not be confirmed.,F_Simple,F_Simple,0.5283378025783668,simple_triplet,True,"[""Bank of Baroda""]","[{""entity"": ""Bank of Baroda"", ""matched_node_name"": ""Bank of Baroda"", ""matched_id"": ""14075cdc-7bd6-4aba-889f-18f38f4364cb"", ""matched_type"": ""COMPANY"", ""similarity"": 1.0, ""source"": ""gazetteer""}]","Who is the current MD & CEO (or Chairman, where that is the top executive title) of <COMPANY>?","{""nn1"": ""COMPANY"", ""target_ids"": [], ""prop1_list"": [""GovernanceRole"", ""HOLDS_ROLE"", ""GOVERNANCE_ROLE""], ""nnp1"": ""14075cdc-7bd6-4aba-889f-18f38f4364cb""}","{""nnp1"": ""14075cdc-7bd6-4aba-889f-18f38f4364cb"", ""nnp2"": null, ""nnp3"": null, ""prop1"": ""GovernanceRole"", ""nn1"": ""COMPANY"", ""nn2"": null, ""threshold"": null, ""target_ids"": [], ""prop1_list"": [""GovernanceRole"", ""HOLDS_ROLE"", ""GOVERNANCE_ROLE""], ""metric_name"": null, ""topic_name1"": ""Bank of Baroda"", ""topic_name2"": null, ""segment_ids"": []}",primary,1,"Template: simple_triplet (F_Simple)
Query intent: Simple question: subject linked to objects via a predicate.

Row 1: [Bank of Baroda] Debadatta Chand serves as the MD & CEO of Bank of Baroda.",The current MD & CEO of Bank of Baroda is Debadatta Chand.,Relevant,"The assistant summary correctly identifies Debadatta Chand as the MD & CEO of Bank of Baroda, which matches the known fact in the reference answer, and appropriately omits the unconfirmed chairman detail.",
What was Bank of Baroda's CASA ratio in the most recently reported quarter?,"37.72% in Q1 FY27, down from 38.88% a year earlier.",F_Simple,F_Simple,0.45300680749982714,simple_triplet,True,"[""Bank of Baroda"", ""CASA ratio""]","[{""entity"": ""Bank of Baroda"", ""matched_node_name"": ""Bank of Baroda"", ""matched_id"": ""14075cdc-7bd6-4aba-889f-18f38f4364cb"", ""matched_type"": ""COMPANY"", ""similarity"": 1.0, ""source"": ""gazetteer""}, {""entity"": ""CASA ratio"", ""matched_node_name"": ""CASA ratio"", ""matched_id"": ""2f007236-19aa-494e-a277-c5e8d54d60fe"", ""matched_type"": ""METRIC"", ""similarity"": 1.0, ""source"": ""gazetteer""}]",What was <COMPANY>'s <METRIC> in the most recently reported quarter?,"{""nn1"": ""COMPANY"", ""target_ids"": [""2f007236-19aa-494e-a277-c5e8d54d60fe""], ""prop1_list"": [""HAS_METRIC"", ""MetricObservation"", ""HAS_WEAKNESS"", ""HAS_RISK_DRIVER"", ""HAS_STRENGTH"", ""HAS_GROWTH_DRIVER"", ""HAS_OPPORTUNITY"", ""HAS_MARGIN_DRIVER"", ""HAS_ROE_DRIVER"", ""HAS_VALUATION_DRIVER"", ""METRIC_OBSERVATION""], ""nnp1"": ""14075cdc-7bd6-4aba-889f-18f38f4364cb""}","{""nnp1"": ""14075cdc-7bd6-4aba-889f-18f38f4364cb"", ""nnp2"": ""2f007236-19aa-494e-a277-c5e8d54d60fe"", ""nnp3"": null, ""prop1"": ""HAS_STRENGTH"", ""nn1"": ""COMPANY"", ""nn2"": ""METRIC"", ""threshold"": null, ""target_ids"": [""2f007236-19aa-494e-a277-c5e8d54d60fe""], ""prop1_list"": [""HAS_METRIC"", ""MetricObservation"", ""HAS_WEAKNESS"", ""HAS_RISK_DRIVER"", ""HAS_STRENGTH"", ""HAS_GROWTH_DRIVER"", ""HAS_OPPORTUNITY"", ""HAS_MARGIN_DRIVER"", ""HAS_ROE_DRIVER"", ""HAS_VALUATION_DRIVER"", ""METRIC_OBSERVATION""], ""metric_name"": null, ""topic_name1"": ""Bank of Baroda"", ""topic_name2"": ""CASA ratio"", ""segment_ids"": []}",primary,23,"Template: simple_triplet (F_Simple)
Query intent: Simple question: subject linked to objects via a predicate.

Row 1: Bank of Baroda's CASA ratio stood at 37.72% for Q1 FY27, down from 38.88% previously. (as of 2026-06-30)
Row 2: Bank of Baroda reported a return on assets of 0.25%, which adjusts to 1.10% without the one-off settlement. (as of 2026-06-30)
Row 3: Bank of Baroda's return on equity was 3.89% reported, or 16.57% when excluding the settlement. (as of 2026-06-30)
Row 4: Bank of Baroda's gross NPA came in at 1.99%, reflecting a 29 basis point decline. (as of 2026-06-30)
Row 5: Bank of Baroda's net NPA settled at 0.50%. (as of 2026-06-30)
Row 6: Bank of Baroda's provision coverage was 93.28% including technical write-offs. (as of 2026-06-30)
Row 7: Bank of Baroda's standalone capital adequacy registered at 16.30%. (as of 2026-06-30)
Row 8: Bank of Baroda's standalone CET1 stood at 13.90%. (as of 2026-06-30)
Row 9: Bank of Baroda's cost of deposits fell by 39 basis points to 4.66% year-on-year. (as of 2026-06-30)
Row 10: Bank of Baroda's global advances grew by 17.4% year-on-year. (as of 2026-06-30)
Row 11: Bank of Baroda's global deposits reached ₹16,33,559 crore, marking a 13.8% increase. (as of 2026-06-30)
Row 12: Bank of Baroda's domestic deposits stood at ₹13,81,535 crore, reflecting a 14.7% rise. (as of 2026-06-30)
Row 13: Bank of Baroda recorded a branch count of more than 8,400 branches. (as of 2025-09-01)
Row 14: Bank of Baroda suffered a ₹5,680 crore legal settlement as a clear financial weakness this quarter. (as of 2026-06-30)
Row 15: Bank of Baroda's reported net profit dropped 72% year-on-year to ₹1,278 crore. (as of 2026-06-30)
Row 16: Bank of Baroda's adjusted profit, excluding the legal settlement, was ₹5,528 crore. (as of 2026-06-30)
Row 17: Bank of Baroda has an opportunity to leverage its growing green-finance capacity. (as of 2026-02-01)
Row 18: Bank of Baroda recorded a net interest margin of 2.77% globally and 2.93% domestically. (as of 2026-06-30)
Row 19: Bank of Baroda is expected to drive its growth through its global loan book.
Row 20: Bank of Baroda expects its international franchise to act as a key growth driver.
Row 21: Bank of Baroda's margins are driven by its deposit-cost management strategies.
Row 22: Bank of Baroda's key risk driver involves its legal and contingent-liability exposure.
Row 23: Bank of Baroda reported a net interest income of ₹12,524 crore, up 9.5%. (as of 2026-06-30)","Bank of Baroda's CASA ratio stood at 37.72% for Q1 FY27 as of June 30, 2026, which is down from 38.88% previously.",Relevant,"The assistant summary correctly captures the CASA ratio of 37.72% for Q1 FY27 and the comparison of 38.88% from the previous year, matching all material facts in the reference answer.",
What is Bank of Baroda's net interest margin (NIM) for the latest reported period?,2.77% globally and 2.93% domestically.,F_Simple,F_Simple,0.41326111719969927,simple_triplet,True,"[""Bank of Baroda"", ""net interest margin""]","[{""entity"": ""Bank of Baroda"", ""matched_node_name"": ""Bank of Baroda"", ""matched_id"": ""14075cdc-7bd6-4aba-889f-18f38f4364cb"", ""matched_type"": ""COMPANY"", ""similarity"": 1.0, ""source"": ""gazetteer""}, {""entity"": ""net interest margin"", ""matched_node_name"": ""net interest margin"", ""matched_id"": ""d5aaa814-57dd-46cd-b801-d73c80a43d6c"", ""matched_type"": ""METRIC"", ""similarity"": 1.0, ""source"": ""gazetteer""}]",What is <COMPANY>'s <METRIC> (NIM) for the latest reported period?,"{""nn1"": ""COMPANY"", ""target_ids"": [""d5aaa814-57dd-46cd-b801-d73c80a43d6c""], ""prop1_list"": [""HAS_METRIC"", ""MetricObservation"", ""HAS_WEAKNESS"", ""HAS_RISK_DRIVER"", ""HAS_STRENGTH"", ""HAS_GROWTH_DRIVER"", ""HAS_OPPORTUNITY"", ""HAS_MARGIN_DRIVER"", ""HAS_ROE_DRIVER"", ""HAS_VALUATION_DRIVER"", ""METRIC_OBSERVATION""], ""nnp1"": ""14075cdc-7bd6-4aba-889f-18f38f4364cb""}","{""nnp1"": ""14075cdc-7bd6-4aba-889f-18f38f4364cb"", ""nnp2"": ""d5aaa814-57dd-46cd-b801-d73c80a43d6c"", ""nnp3"": null, ""prop1"": ""HAS_STRENGTH"", ""nn1"": ""COMPANY"", ""nn2"": ""METRIC"", ""threshold"": null, ""target_ids"": [""d5aaa814-57dd-46cd-b801-d73c80a43d6c""], ""prop1_list"": [""HAS_METRIC"", ""MetricObservation"", ""HAS_WEAKNESS"", ""HAS_RISK_DRIVER"", ""HAS_STRENGTH"", ""HAS_GROWTH_DRIVER"", ""HAS_OPPORTUNITY"", ""HAS_MARGIN_DRIVER"", ""HAS_ROE_DRIVER"", ""HAS_VALUATION_DRIVER"", ""METRIC_OBSERVATION""], ""metric_name"": null, ""topic_name1"": ""Bank of Baroda"", ""topic_name2"": ""net interest margin"", ""segment_ids"": []}",primary,23,"Template: simple_triplet (F_Simple)
Query intent: Simple question: subject linked to objects via a predicate.

Row 1: Bank of Baroda recorded a net interest margin of 2.77% globally and 2.93% domestically. (as of 2026-06-30)
Row 2: Bank of Baroda reported a return on assets of 0.25%, which adjusts to 1.10% without the one-off settlement. (as of 2026-06-30)
Row 3: Bank of Baroda's return on equity was 3.89% reported, or 16.57% when excluding the settlement. (as of 2026-06-30)
Row 4: Bank of Baroda's gross NPA came in at 1.99%, reflecting a 29 basis point decline. (as of 2026-06-30)
Row 5: Bank of Baroda's net NPA settled at 0.50%. (as of 2026-06-30)
Row 6: Bank of Baroda's provision coverage was 93.28% including technical write-offs. (as of 2026-06-30)
Row 7: Bank of Baroda's standalone capital adequacy registered at 16.30%. (as of 2026-06-30)
Row 8: Bank of Baroda's standalone CET1 stood at 13.90%. (as of 2026-06-30)
Row 9: Bank of Baroda's cost of deposits fell by 39 basis points to 4.66% year-on-year. (as of 2026-06-30)
Row 10: Bank of Baroda's global advances grew by 17.4% year-on-year. (as of 2026-06-30)
Row 11: Bank of Baroda's global deposits reached ₹16,33,559 crore, marking a 13.8% increase. (as of 2026-06-30)
Row 12: Bank of Baroda's domestic deposits stood at ₹13,81,535 crore, reflecting a 14.7% rise. (as of 2026-06-30)
Row 13: Bank of Baroda recorded a branch count of more than 8,400 branches. (as of 2025-09-01)
Row 14: Bank of Baroda suffered a ₹5,680 crore legal settlement as a clear financial weakness this quarter. (as of 2026-06-30)
Row 15: Bank of Baroda's reported net profit dropped 72% year-on-year to ₹1,278 crore. (as of 2026-06-30)
Row 16: Bank of Baroda's adjusted profit, excluding the legal settlement, was ₹5,528 crore. (as of 2026-06-30)
Row 17: Bank of Baroda has an opportunity to leverage its growing green-finance capacity. (as of 2026-02-01)
Row 18: Bank of Baroda is expected to drive its growth through its global loan book.
Row 19: Bank of Baroda expects its international franchise to act as a key growth driver.
Row 20: Bank of Baroda's margins are driven by its deposit-cost management strategies.
Row 21: Bank of Baroda's key risk driver involves its legal and contingent-liability exposure.
Row 22: Bank of Baroda's CASA ratio stood at 37.72% for Q1 FY27, down from 38.88% previously. (as of 2026-06-30)
Row 23: Bank of Baroda reported a net interest income of ₹12,524 crore, up 9.5%. (as of 2026-06-30)","Bank of Baroda recorded a net interest margin of 2.77% globally and 2.93% domestically as of June 30, 2026.",Relevant,The assistant summary successfully conveys the exact net interest margin figures of 2.77% globally and 2.93% domestically provided in the reference answer.,
What are Bank of Baroda's gross NPA and net NPA ratios?,Gross NPA 1.99% (down 29 basis points year-on-year) and net NPA 0.50%.,F_Simple,F_Simple,0.5219059417885892,simple_triplet,True,"[""Bank of Baroda"", ""gross NPA"", ""net NPA""]","[{""entity"": ""Bank of Baroda"", ""matched_node_name"": ""Bank of Baroda"", ""matched_id"": ""14075cdc-7bd6-4aba-889f-18f38f4364cb"", ""matched_type"": ""COMPANY"", ""similarity"": 1.0, ""source"": ""gazetteer""}, {""entity"": ""gross NPA"", ""matched_node_name"": ""gross NPA"", ""matched_id"": ""17de1b02-766d-4a7f-861e-a11cf8caa7ab"", ""matched_type"": ""METRIC"", ""similarity"": 1.0, ""source"": ""gazetteer""}, {""entity"": ""net NPA"", ""matched_node_name"": ""net NPA"", ""matched_id"": ""b0454088-e2c7-4c48-8ede-4505aee1e817"", ""matched_type"": ""METRIC"", ""similarity"": 1.0, ""source"": ""gazetteer""}]",What are <COMPANY>'s <METRIC> and <METRIC> ratios?,"{""nn1"": ""COMPANY"", ""target_ids"": [""17de1b02-766d-4a7f-861e-a11cf8caa7ab"", ""b0454088-e2c7-4c48-8ede-4505aee1e817""], ""prop1_list"": [""HAS_METRIC"", ""MetricObservation"", ""HAS_WEAKNESS"", ""HAS_RISK_DRIVER"", ""HAS_STRENGTH"", ""HAS_GROWTH_DRIVER"", ""HAS_OPPORTUNITY"", ""HAS_MARGIN_DRIVER"", ""HAS_ROE_DRIVER"", ""HAS_VALUATION_DRIVER"", ""METRIC_OBSERVATION""], ""nnp1"": ""14075cdc-7bd6-4aba-889f-18f38f4364cb""}","{""nnp1"": ""14075cdc-7bd6-4aba-889f-18f38f4364cb"", ""nnp2"": ""17de1b02-766d-4a7f-861e-a11cf8caa7ab"", ""nnp3"": null, ""prop1"": ""HAS_STRENGTH"", ""nn1"": ""COMPANY"", ""nn2"": ""METRIC"", ""threshold"": null, ""target_ids"": [""17de1b02-766d-4a7f-861e-a11cf8caa7ab"", ""b0454088-e2c7-4c48-8ede-4505aee1e817""], ""prop1_list"": [""HAS_METRIC"", ""MetricObservation"", ""HAS_WEAKNESS"", ""HAS_RISK_DRIVER"", ""HAS_STRENGTH"", ""HAS_GROWTH_DRIVER"", ""HAS_OPPORTUNITY"", ""HAS_MARGIN_DRIVER"", ""HAS_ROE_DRIVER"", ""HAS_VALUATION_DRIVER"", ""METRIC_OBSERVATION""], ""metric_name"": null, ""topic_name1"": ""Bank of Baroda"", ""topic_name2"": ""gross NPA"", ""segment_ids"": []}",primary,23,"Template: simple_triplet (F_Simple)
Query intent: Simple question: subject linked to objects via a predicate.

Row 1: Bank of Baroda's gross NPA came in at 1.99%, reflecting a 29 basis point decline. (as of 2026-06-30)
Row 2: Bank of Baroda's net NPA settled at 0.50%. (as of 2026-06-30)
Row 3: Bank of Baroda reported a return on assets of 0.25%, which adjusts to 1.10% without the one-off settlement. (as of 2026-06-30)
Row 4: Bank of Baroda's return on equity was 3.89% reported, or 16.57% when excluding the settlement. (as of 2026-06-30)
Row 5: Bank of Baroda's provision coverage was 93.28% including technical write-offs. (as of 2026-06-30)
Row 6: Bank of Baroda's standalone capital adequacy registered at 16.30%. (as of 2026-06-30)
Row 7: Bank of Baroda's standalone CET1 stood at 13.90%. (as of 2026-06-30)
Row 8: Bank of Baroda's cost of deposits fell by 39 basis points to 4.66% year-on-year. (as of 2026-06-30)
Row 9: Bank of Baroda's global advances grew by 17.4% year-on-year. (as of 2026-06-30)
Row 10: Bank of Baroda's global deposits reached ₹16,33,559 crore, marking a 13.8% increase. (as of 2026-06-30)
Row 11: Bank of Baroda's domestic deposits stood at ₹13,81,535 crore, reflecting a 14.7% rise. (as of 2026-06-30)
Row 12: Bank of Baroda recorded a branch count of more than 8,400 branches. (as of 2025-09-01)
Row 13: Bank of Baroda suffered a ₹5,680 crore legal settlement as a clear financial weakness this quarter. (as of 2026-06-30)
Row 14: Bank of Baroda's reported net profit dropped 72% year-on-year to ₹1,278 crore. (as of 2026-06-30)
Row 15: Bank of Baroda's adjusted profit, excluding the legal settlement, was ₹5,528 crore. (as of 2026-06-30)
Row 16: Bank of Baroda has an opportunity to leverage its growing green-finance capacity. (as of 2026-02-01)
Row 17: Bank of Baroda recorded a net interest margin of 2.77% globally and 2.93% domestically. (as of 2026-06-30)
Row 18: Bank of Baroda is expected to drive its growth through its global loan book.
Row 19: Bank of Baroda expects its international franchise to act as a key growth driver.
Row 20: Bank of Baroda's margins are driven by its deposit-cost management strategies.
Row 21: Bank of Baroda's key risk driver involves its legal and contingent-liability exposure.
Row 22: Bank of Baroda's CASA ratio stood at 37.72% for Q1 FY27, down from 38.88% previously. (as of 2026-06-30)
Row 23: Bank of Baroda reported a net interest income of ₹12,524 crore, up 9.5%. (as of 2026-06-30)","As of June 30, 2026, Bank of Baroda's gross NPA came in at 1.99%, reflecting a 29 basis point decline, while its net NPA settled at 0.50%.",Relevant,"The assistant summary correctly states both Bank of Baroda's gross NPA of 1.99% with a 29 basis point decline and its net NPA of 0.50%, matching all material facts from the reference answer.",
"What is Bank of Baroda's capital adequacy ratio (CRAR), and its CET1 ratio if disclosed?","Capital adequacy 16.30% with CET1 13.90% standalone (consolidated capital adequacy 16.70%, CET1 14.36%); a separate February 2026 AT-1 rating rationale cited CET1 at 12.45%, which does not reconcile with these figures and is left unresolved.",F_Simple,F_Simple,0.4585325082585684,simple_triplet,True,"[""Bank of Baroda"", ""capital adequacy ratio"", ""CET1 ratio""]","[{""entity"": ""Bank of Baroda"", ""matched_node_name"": ""Bank of Baroda"", ""matched_id"": ""14075cdc-7bd6-4aba-889f-18f38f4364cb"", ""matched_type"": ""COMPANY"", ""similarity"": 1.0, ""source"": ""gazetteer""}, {""entity"": ""capital adequacy ratio"", ""matched_node_name"": ""capital adequacy ratio"", ""matched_id"": ""e2c8bdab-25f2-49d9-b3b9-f24b21583fe2"", ""matched_type"": ""METRIC"", ""similarity"": 1.0, ""source"": ""gazetteer""}, {""entity"": ""CET1 ratio"", ""matched_node_name"": ""CET1 percentage"", ""matched_id"": ""c5469579-75e6-4c83-b0f9-c16c1485a02f"", ""matched_type"": ""METRIC"", ""similarity"": 0.99, ""source"": ""alias""}]","What is <COMPANY>'s <METRIC> (CRAR), and its <METRIC> if disclosed?","{""nn1"": ""COMPANY"", ""target_ids"": [""e2c8bdab-25f2-49d9-b3b9-f24b21583fe2"", ""c5469579-75e6-4c83-b0f9-c16c1485a02f""], ""prop1_list"": [""HAS_METRIC"", ""MetricObservation"", ""HAS_WEAKNESS"", ""HAS_RISK_DRIVER"", ""HAS_STRENGTH"", ""HAS_GROWTH_DRIVER"", ""HAS_OPPORTUNITY"", ""HAS_MARGIN_DRIVER"", ""HAS_ROE_DRIVER"", ""HAS_VALUATION_DRIVER"", ""METRIC_OBSERVATION""], ""nnp1"": ""14075cdc-7bd6-4aba-889f-18f38f4364cb""}","{""nnp1"": ""14075cdc-7bd6-4aba-889f-18f38f4364cb"", ""nnp2"": ""e2c8bdab-25f2-49d9-b3b9-f24b21583fe2"", ""nnp3"": null, ""prop1"": ""HAS_STRENGTH"", ""nn1"": ""COMPANY"", ""nn2"": ""METRIC"", ""threshold"": null, ""target_ids"": [""e2c8bdab-25f2-49d9-b3b9-f24b21583fe2"", ""c5469579-75e6-4c83-b0f9-c16c1485a02f""], ""prop1_list"": [""HAS_METRIC"", ""MetricObservation"", ""HAS_WEAKNESS"", ""HAS_RISK_DRIVER"", ""HAS_STRENGTH"", ""HAS_GROWTH_DRIVER"", ""HAS_OPPORTUNITY"", ""HAS_MARGIN_DRIVER"", ""HAS_ROE_DRIVER"", ""HAS_VALUATION_DRIVER"", ""METRIC_OBSERVATION""], ""metric_name"": null, ""topic_name1"": ""Bank of Baroda"", ""topic_name2"": ""capital adequacy ratio"", ""segment_ids"": []}",primary,23,"Template: simple_triplet (F_Simple)
Query intent: Simple question: subject linked to objects via a predicate.

Row 1: Bank of Baroda's standalone capital adequacy registered at 16.30%. (as of 2026-06-30)
Row 2: Bank of Baroda reported a return on assets of 0.25%, which adjusts to 1.10% without the one-off settlement. (as of 2026-06-30)
Row 3: Bank of Baroda's return on equity was 3.89% reported, or 16.57% when excluding the settlement. (as of 2026-06-30)
Row 4: Bank of Baroda's gross NPA came in at 1.99%, reflecting a 29 basis point decline. (as of 2026-06-30)
Row 5: Bank of Baroda's net NPA settled at 0.50%. (as of 2026-06-30)
Row 6: Bank of Baroda's provision coverage was 93.28% including technical write-offs. (as of 2026-06-30)
Row 7: Bank of Baroda's standalone CET1 stood at 13.90%. (as of 2026-06-30)
Row 8: Bank of Baroda's cost of deposits fell by 39 basis points to 4.66% year-on-year. (as of 2026-06-30)
Row 9: Bank of Baroda's global advances grew by 17.4% year-on-year. (as of 2026-06-30)
Row 10: Bank of Baroda's global deposits reached ₹16,33,559 crore, marking a 13.8% increase. (as of 2026-06-30)
Row 11: Bank of Baroda's domestic deposits stood at ₹13,81,535 crore, reflecting a 14.7% rise. (as of 2026-06-30)
Row 12: Bank of Baroda recorded a branch count of more than 8,400 branches. (as of 2025-09-01)
Row 13: Bank of Baroda suffered a ₹5,680 crore legal settlement as a clear financial weakness this quarter. (as of 2026-06-30)
Row 14: Bank of Baroda's reported net profit dropped 72% year-on-year to ₹1,278 crore. (as of 2026-06-30)
Row 15: Bank of Baroda's adjusted profit, excluding the legal settlement, was ₹5,528 crore. (as of 2026-06-30)
Row 16: Bank of Baroda has an opportunity to leverage its growing green-finance capacity. (as of 2026-02-01)
Row 17: Bank of Baroda recorded a net interest margin of 2.77% globally and 2.93% domestically. (as of 2026-06-30)
Row 18: Bank of Baroda is expected to drive its growth through its global loan book.
Row 19: Bank of Baroda expects its international franchise to act as a key growth driver.
Row 20: Bank of Baroda's margins are driven by its deposit-cost management strategies.
Row 21: Bank of Baroda's key risk driver involves its legal and contingent-liability exposure.
Row 22: Bank of Baroda's CASA ratio stood at 37.72% for Q1 FY27, down from 38.88% previously. (as of 2026-06-30)
Row 23: Bank of Baroda reported a net interest income of ₹12,524 crore, up 9.5%. (as of 2026-06-30)","Bank of Baroda's standalone capital adequacy ratio (CRAR) registered at 16.30% as of June 30, 2026. Additionally, its standalone CET1 ratio stood at 13.90% for the same period.",Somewhat relevant,"The assistant summary correctly provides the standalone CRAR of 16.30% and standalone CET1 ratio of 13.90%, but completely omits the consolidated figures and the alternative AT-1 rating rationale figures found in the reference answer.",
What are Bank of Baroda's return on assets (ROA) and return on equity (ROE) for the latest quarter?,Return on assets 0.25% as reported or 1.10% excluding a one-off; return on equity 3.89% reported or 16.57% excluding the one-off.,F_Simple,F_Simple,0.5859677884172529,simple_triplet,True,"[""Bank of Baroda"", ""return on assets"", ""return on equity""]","[{""entity"": ""Bank of Baroda"", ""matched_node_name"": ""Bank of Baroda"", ""matched_id"": ""14075cdc-7bd6-4aba-889f-18f38f4364cb"", ""matched_type"": ""COMPANY"", ""similarity"": 1.0, ""source"": ""gazetteer""}, {""entity"": ""return on assets"", ""matched_node_name"": ""return on assets"", ""matched_id"": ""9fe9c63b-26ba-4633-b3f0-2f73fa5b6d37"", ""matched_type"": ""METRIC"", ""similarity"": 1.0, ""source"": ""gazetteer""}, {""entity"": ""return on equity"", ""matched_node_name"": ""return on equity"", ""matched_id"": ""14e844eb-fd2b-4028-9460-92f4196b984a"", ""matched_type"": ""METRIC"", ""similarity"": 1.0, ""source"": ""gazetteer""}]",What are <COMPANY>'s <METRIC> (ROA) and <METRIC> (ROE) for the latest quarter?,"{""nn1"": ""COMPANY"", ""target_ids"": [""9fe9c63b-26ba-4633-b3f0-2f73fa5b6d37"", ""14e844eb-fd2b-4028-9460-92f4196b984a""], ""prop1_list"": [""HAS_METRIC"", ""MetricObservation"", ""HAS_WEAKNESS"", ""HAS_RISK_DRIVER"", ""HAS_STRENGTH"", ""HAS_GROWTH_DRIVER"", ""HAS_OPPORTUNITY"", ""HAS_MARGIN_DRIVER"", ""HAS_ROE_DRIVER"", ""HAS_VALUATION_DRIVER"", ""METRIC_OBSERVATION""], ""nnp1"": ""14075cdc-7bd6-4aba-889f-18f38f4364cb""}","{""nnp1"": ""14075cdc-7bd6-4aba-889f-18f38f4364cb"", ""nnp2"": ""9fe9c63b-26ba-4633-b3f0-2f73fa5b6d37"", ""nnp3"": null, ""prop1"": ""HAS_STRENGTH"", ""nn1"": ""COMPANY"", ""nn2"": ""METRIC"", ""threshold"": null, ""target_ids"": [""9fe9c63b-26ba-4633-b3f0-2f73fa5b6d37"", ""14e844eb-fd2b-4028-9460-92f4196b984a""], ""prop1_list"": [""HAS_METRIC"", ""MetricObservation"", ""HAS_WEAKNESS"", ""HAS_RISK_DRIVER"", ""HAS_STRENGTH"", ""HAS_GROWTH_DRIVER"", ""HAS_OPPORTUNITY"", ""HAS_MARGIN_DRIVER"", ""HAS_ROE_DRIVER"", ""HAS_VALUATION_DRIVER"", ""METRIC_OBSERVATION""], ""metric_name"": null, ""topic_name1"": ""Bank of Baroda"", ""topic_name2"": ""return on assets"", ""segment_ids"": []}",primary,23,"Template: simple_triplet (F_Simple)
Query intent: Simple question: subject linked to objects via a predicate.

Row 1: Bank of Baroda reported a return on assets of 0.25%, which adjusts to 1.10% without the one-off settlement. (as of 2026-06-30)
Row 2: Bank of Baroda's return on equity was 3.89% reported, or 16.57% when excluding the settlement. (as of 2026-06-30)
Row 3: Bank of Baroda's gross NPA came in at 1.99%, reflecting a 29 basis point decline. (as of 2026-06-30)
Row 4: Bank of Baroda's net NPA settled at 0.50%. (as of 2026-06-30)
Row 5: Bank of Baroda's provision coverage was 93.28% including technical write-offs. (as of 2026-06-30)
Row 6: Bank of Baroda's standalone capital adequacy registered at 16.30%. (as of 2026-06-30)
Row 7: Bank of Baroda's standalone CET1 stood at 13.90%. (as of 2026-06-30)
Row 8: Bank of Baroda's cost of deposits fell by 39 basis points to 4.66% year-on-year. (as of 2026-06-30)
Row 9: Bank of Baroda's global advances grew by 17.4% year-on-year. (as of 2026-06-30)
Row 10: Bank of Baroda's global deposits reached ₹16,33,559 crore, marking a 13.8% increase. (as of 2026-06-30)
Row 11: Bank of Baroda's domestic deposits stood at ₹13,81,535 crore, reflecting a 14.7% rise. (as of 2026-06-30)
Row 12: Bank of Baroda recorded a branch count of more than 8,400 branches. (as of 2025-09-01)
Row 13: Bank of Baroda suffered a ₹5,680 crore legal settlement as a clear financial weakness this quarter. (as of 2026-06-30)
Row 14: Bank of Baroda's reported net profit dropped 72% year-on-year to ₹1,278 crore. (as of 2026-06-30)
Row 15: Bank of Baroda's adjusted profit, excluding the legal settlement, was ₹5,528 crore. (as of 2026-06-30)
Row 16: Bank of Baroda has an opportunity to leverage its growing green-finance capacity. (as of 2026-02-01)
Row 17: Bank of Baroda recorded a net interest margin of 2.77% globally and 2.93% domestically. (as of 2026-06-30)
Row 18: Bank of Baroda is expected to drive its growth through its global loan book.
Row 19: Bank of Baroda expects its international franchise to act as a key growth driver.
Row 20: Bank of Baroda's margins are driven by its deposit-cost management strategies.
Row 21: Bank of Baroda's key risk driver involves its legal and contingent-liability exposure.
Row 22: Bank of Baroda's CASA ratio stood at 37.72% for Q1 FY27, down from 38.88% previously. (as of 2026-06-30)
Row 23: Bank of Baroda reported a net interest income of ₹12,524 crore, up 9.5%. (as of 2026-06-30)","For the latest quarter ended June 30, 2026, Bank of Baroda reported a return on assets (ROA) of 0.25%, which adjusts to 1.10% without a one-off settlement. Additionally, the bank's return on equity (ROE) stood at 3.89% as reported, or 16.57% when excluding the settlement.",Relevant,The assistant summary accurately captures both the reported and adjusted return on assets (0.25% and 1.10%) and return on equity (3.89% and 16.57%) found in the reference answer.,
What was Bank of Baroda's total advances (loan book) and deposit growth in the latest quarter?,"Global advances grew 17.4% year-on-year; global deposits ₹16,33,559 crore, up 13.8%; domestic deposits ₹13,81,535 crore, up 14.7%.",F_Simple,F_Simple,0.5741154930246071,simple_triplet,True,"[""Bank of Baroda"", ""total advances"", ""loan"", ""deposit growth""]","[{""entity"": ""Bank of Baroda"", ""matched_node_name"": ""Bank of Baroda"", ""matched_id"": ""14075cdc-7bd6-4aba-889f-18f38f4364cb"", ""matched_type"": ""COMPANY"", ""similarity"": 1.0, ""source"": ""gazetteer""}, {""entity"": ""total advances"", ""matched_node_name"": ""Total advances"", ""matched_id"": ""a1b36a29-fc07-41cc-b3a3-010e50f98882"", ""matched_type"": ""ASSETCLASS"", ""similarity"": 1.0, ""source"": ""gazetteer""}, {""entity"": ""loan"", ""matched_node_name"": ""loan"", ""matched_id"": ""13c28420-d40d-41d9-9101-1e3596e3c2ba"", ""matched_type"": ""PRODUCT"", ""similarity"": 1.0, ""source"": ""gazetteer""}, {""entity"": ""deposit growth"", ""matched_node_name"": ""Deposit growth"", ""matched_id"": ""7a5ad916-7608-42a4-b7b8-cef3032e3b45"", ""matched_type"": ""METRIC"", ""similarity"": 1.0, ""source"": ""gazetteer""}]",What was <COMPANY>'s <ASSETCLASS> (<PRODUCT> book) and <METRIC> in the latest quarter?,"{""nn1"": ""COMPANY"", ""target_ids"": [""a1b36a29-fc07-41cc-b3a3-010e50f98882"", ""13c28420-d40d-41d9-9101-1e3596e3c2ba"", ""7a5ad916-7608-42a4-b7b8-cef3032e3b45""], ""prop1_list"": [""HAS_METRIC"", ""MetricObservation"", ""ExposureRelation"", ""FUNDED_BY"", ""HAS_WEAKNESS"", ""HAS_RISK_DRIVER"", ""HAS_LOAN_EXPOSURE_TO"", ""HAS_STRENGTH"", ""HAS_GROWTH_DRIVER"", ""HAS_OPPORTUNITY"", ""HAS_MARGIN_DRIVER"", ""HAS_ROE_DRIVER"", ""HAS_VALUATION_DRIVER"", ""HAS_ASSET_EXPOSURE_TO"", ""METRIC_OBSERVATION"", ""EXPOSURE_RELATION""], ""nnp1"": ""14075cdc-7bd6-4aba-889f-18f38f4364cb""}","{""nnp1"": ""14075cdc-7bd6-4aba-889f-18f38f4364cb"", ""nnp2"": ""13c28420-d40d-41d9-9101-1e3596e3c2ba"", ""nnp3"": null, ""prop1"": ""HAS_STRENGTH"", ""nn1"": ""COMPANY"", ""nn2"": ""PRODUCT"", ""threshold"": null, ""target_ids"": [""a1b36a29-fc07-41cc-b3a3-010e50f98882"", ""13c28420-d40d-41d9-9101-1e3596e3c2ba"", ""7a5ad916-7608-42a4-b7b8-cef3032e3b45""], ""prop1_list"": [""HAS_METRIC"", ""MetricObservation"", ""ExposureRelation"", ""FUNDED_BY"", ""HAS_WEAKNESS"", ""HAS_RISK_DRIVER"", ""HAS_LOAN_EXPOSURE_TO"", ""HAS_STRENGTH"", ""HAS_GROWTH_DRIVER"", ""HAS_OPPORTUNITY"", ""HAS_MARGIN_DRIVER"", ""HAS_ROE_DRIVER"", ""HAS_VALUATION_DRIVER"", ""HAS_ASSET_EXPOSURE_TO"", ""METRIC_OBSERVATION"", ""EXPOSURE_RELATION""], ""metric_name"": null, ""topic_name1"": ""Bank of Baroda"", ""topic_name2"": ""loan"", ""segment_ids"": []}",relaxed_direction,33,"Template: simple_triplet (F_Simple)
Query intent: Simple question: subject linked to objects via a predicate.

Row 1: Bank of Baroda reported a return on assets of 0.25%, which adjusts to 1.10% without the one-off settlement. (as of 2026-06-30)
Row 2: Bank of Baroda's return on equity was 3.89% reported, or 16.57% when excluding the settlement. (as of 2026-06-30)
Row 3: Bank of Baroda's gross NPA came in at 1.99%, reflecting a 29 basis point decline. (as of 2026-06-30)
Row 4: Bank of Baroda's net NPA settled at 0.50%. (as of 2026-06-30)
Row 5: Bank of Baroda's provision coverage was 93.28% including technical write-offs. (as of 2026-06-30)
Row 6: Bank of Baroda's standalone capital adequacy registered at 16.30%. (as of 2026-06-30)
Row 7: Bank of Baroda's standalone CET1 stood at 13.90%. (as of 2026-06-30)
Row 8: Bank of Baroda is funded by term deposits, which saw a 17.8% increase. (as of 2026-06-30)
Row 9: Bank of Baroda is funded by bulk deposits. (as of 2026-06-30)
Row 10: Bank of Baroda is funded by certificates of deposit. (as of 2026-06-30)
Row 11: Bank of Baroda is funded by low-cost CASA balances. (as of 2026-06-30)
Row 12: Bank of Baroda exhibits a mild shift toward relying on costlier wholesale funding. (as of 2026-06-30)
Row 13: Bank of Baroda's cost of deposits fell by 39 basis points to 4.66% year-on-year. (as of 2026-06-30)
Row 14: Bank of Baroda's global advances grew by 17.4% year-on-year. (as of 2026-06-30)
Row 15: Bank of Baroda's global deposits reached ₹16,33,559 crore, marking a 13.8% increase. (as of 2026-06-30)
Row 16: Bank of Baroda's domestic deposits stood at ₹13,81,535 crore, reflecting a 14.7% rise. (as of 2026-06-30)
Row 17: Bank of Baroda recorded a branch count of more than 8,400 branches. (as of 2025-09-01)
Row 18: Bank of Baroda suffered a ₹5,680 crore legal settlement as a clear financial weakness this quarter. (as of 2026-06-30)
Row 19: Bank of Baroda's reported net profit dropped 72% year-on-year to ₹1,278 crore. (as of 2026-06-30)
Row 20: Bank of Baroda's adjusted profit, excluding the legal settlement, was ₹5,528 crore. (as of 2026-06-30)
Row 21: Bank of Baroda is funded by a ₹10,000 crore green infrastructure bond programme. (as of 2026-02-01)
Row 22: Bank of Baroda has an opportunity to leverage its growing green-finance capacity. (as of 2026-02-01)
Row 23: Bank of Baroda is exposed to regulatory and litigation risk.
Row 24: Bank of Baroda is exposed to funding risk arising from CASA erosion. (as of 2026-06-30)
Row 25: Bank of Baroda is exposed to the operational complexity of managing banking operations across 24 jurisdictions.
Row 26: Bank of Baroda recorded a net interest margin of 2.77% globally and 2.93% domestically. (as of 2026-06-30)
Row 27: Bank of Baroda is expected to drive its growth through its global loan book.
Row 28: Bank of Baroda expects its international franchise to act as a key growth driver.
Row 29: Bank of Baroda's margins are driven by its deposit-cost management strategies.
Row 30: Bank of Baroda's key risk driver involves its legal and contingent-liability exposure.
Row 31: Bank of Baroda is exposed to ordinary credit risk.
Row 32: Bank of Baroda's CASA ratio stood at 37.72% for Q1 FY27, down from 38.88% previously. (as of 2026-06-30)
Row 33: Bank of Baroda reported a net interest income of ₹12,524 crore, up 9.5%. (as of 2026-06-30)",The retrieved facts do not cover Bank of Baroda's total advances amount or deposit growth figures.,Not relevant,"The reference answer provides specific figures for Bank of Baroda's global advances growth, global deposits, and domestic deposits, whereas the assistant summary incorrectly claims that the retrieved facts do not cover these figures.",
"What credit ratings has Bank of Baroda received, and from which rating agencies?",AT-1 bonds reaffirmed ICRA AA+ Stable.,F_Simple,F_Simple,0.5229460713108118,simple_triplet,True,"[""Bank of Baroda""]","[{""entity"": ""Bank of Baroda"", ""matched_node_name"": ""Bank of Baroda"", ""matched_id"": ""14075cdc-7bd6-4aba-889f-18f38f4364cb"", ""matched_type"": ""COMPANY"", ""similarity"": 1.0, ""source"": ""gazetteer""}]","What credit ratings has <COMPANY> received, and from which rating agencies?","{""nn1"": ""COMPANY"", ""target_ids"": [], ""prop1_list"": [""HAS_RATING"", ""RATED_BY""], ""nnp1"": ""14075cdc-7bd6-4aba-889f-18f38f4364cb""}","{""nnp1"": ""14075cdc-7bd6-4aba-889f-18f38f4364cb"", ""nnp2"": null, ""nnp3"": null, ""prop1"": ""HAS_RATING"", ""nn1"": ""COMPANY"", ""nn2"": null, ""threshold"": null, ""target_ids"": [], ""prop1_list"": [""HAS_RATING"", ""RATED_BY""], ""metric_name"": null, ""topic_name1"": ""Bank of Baroda"", ""topic_name2"": null, ""segment_ids"": []}",primary,3,"Template: simple_triplet (F_Simple)
Query intent: Simple question: subject linked to objects via a predicate.

Row 1: Bank of Baroda's green infrastructure bond programme was assigned an AAA rating by ICRA. (as of 2026-02-01)
Row 2: Bank of Baroda was rated by ICRA for its green infrastructure bond programme. (as of 2026-02-01)
Row 3: Bank of Baroda's AT-1 bonds received a reaffirmed rating of ICRA AA+ Stable. (as of 2026-02-01)","Bank of Baroda received an AAA rating for its green infrastructure bond programme from the rating agency ICRA as of February 1, 2026. Additionally, the bank's AT-1 bonds received a reaffirmed rating of ICRA AA+ Stable from ICRA as of the same date.",Relevant,"The assistant summary correctly includes the reference answer's fact that the AT-1 bonds were reaffirmed as ICRA AA+ Stable by ICRA, while also providing additional information about a green infrastructure bond.",
"Roughly how many branches and ATMs does Bank of Baroda operate, and as of what date?","More than 8,400 branches and over 10,000 ATMs as of September 2025, plus 107 international branches/offices across 24 countries and a Zambia joint-venture bank with 16 branches.",F_QuantCount,F_QuantCount,0.5019551925676716,quant_count,True,"[""branches"", ""ATMs"", ""Bank of Baroda""]","[{""entity"": ""branches"", ""matched_node_name"": ""branches"", ""matched_id"": ""825450c5-3a89-46a1-bf6f-9b5e414de076"", ""matched_type"": ""DISTRIBUTIONCHANNEL"", ""similarity"": 1.0, ""source"": ""gazetteer""}, {""entity"": ""ATMs"", ""matched_node_name"": ""ATMs"", ""matched_id"": ""4211be7c-a18e-4211-bd8a-4534d423385e"", ""matched_type"": ""DISTRIBUTIONCHANNEL"", ""similarity"": 1.0, ""source"": ""gazetteer""}, {""entity"": ""Bank of Baroda"", ""matched_node_name"": ""Bank of Baroda"", ""matched_id"": ""14075cdc-7bd6-4aba-889f-18f38f4364cb"", ""matched_type"": ""COMPANY"", ""similarity"": 1.0, ""source"": ""gazetteer""}]","Roughly how many <DISTRIBUTIONCHANNEL> and <DISTRIBUTIONCHANNEL> does <COMPANY> operate, and as of what date?","{""nn1"": ""COMPANY"", ""prop1_list"": [""USES_CHANNEL"", ""DEPENDS_ON""], ""nnp1"": ""14075cdc-7bd6-4aba-889f-18f38f4364cb"", ""nn2"": ""DISTRIBUTIONCHANNEL""}","{""nnp1"": ""14075cdc-7bd6-4aba-889f-18f38f4364cb"", ""nnp2"": ""825450c5-3a89-46a1-bf6f-9b5e414de076"", ""nnp3"": null, ""prop1"": ""USES_CHANNEL"", ""nn1"": ""COMPANY"", ""nn2"": ""DISTRIBUTIONCHANNEL"", ""threshold"": null, ""target_ids"": [""825450c5-3a89-46a1-bf6f-9b5e414de076"", ""4211be7c-a18e-4211-bd8a-4534d423385e""], ""prop1_list"": [""USES_CHANNEL"", ""DEPENDS_ON""], ""metric_name"": null, ""topic_name1"": ""Bank of Baroda"", ""topic_name2"": ""branches"", ""segment_ids"": []}",primary,1,"Template: quant_count (F_QuantCount)
Query intent: Count related objects for a subject entity.

Row 1: subject_name=Bank of Baroda | object_count=3 (3 facts)
  - Bank of Baroda runs 107 international branches and offices across 24 countries.
  - Bank of Baroda maintains a network of more than 8,400 branches. (as of 2025-09-01)
  - Bank of Baroda runs a network of over 10,000 ATMs. (as of 2025-09-01)","Bank of Baroda maintains a network of more than 8,400 branches and over 10,000 ATMs as of September 1, 2025.",Relevant,"The assistant summary successfully captures the exact number of branches (more than 8,400) and ATMs (over 10,000) as well as the date (September 2025) provided in the reference answer.",
"What products and services does Bank of Baroda offer, and which customer segments does it serve?","Standard deposit/loan suite, BOBCARD-issued credit cards, trade finance, forex, treasury, cash management, wealth management and NRI banking, serving retail, MSME, large-corporate, NRI and government customers.",F_Simple,F_Simple,0.5902610031105305,simple_triplet,True,"[""Bank of Baroda""]","[{""entity"": ""Bank of Baroda"", ""matched_node_name"": ""Bank of Baroda"", ""matched_id"": ""14075cdc-7bd6-4aba-889f-18f38f4364cb"", ""matched_type"": ""COMPANY"", ""similarity"": 1.0, ""source"": ""gazetteer""}]","What products and services does <COMPANY> offer, and which customer segments does it serve?","{""nn1"": ""COMPANY"", ""target_ids"": [], ""prop1_list"": [""ExposureRelation"", ""OFFERS_PRODUCT"", ""PROVIDES_SERVICE"", ""SERVES"", ""TARGETS"", ""HAS_ASSET_EXPOSURE_TO"", ""EXPOSURE_RELATION""], ""nnp1"": ""14075cdc-7bd6-4aba-889f-18f38f4364cb""}","{""nnp1"": ""14075cdc-7bd6-4aba-889f-18f38f4364cb"", ""nnp2"": null, ""nnp3"": null, ""prop1"": ""SERVES"", ""nn1"": ""COMPANY"", ""nn2"": null, ""threshold"": null, ""target_ids"": [], ""prop1_list"": [""ExposureRelation"", ""OFFERS_PRODUCT"", ""PROVIDES_SERVICE"", ""SERVES"", ""TARGETS"", ""HAS_ASSET_EXPOSURE_TO"", ""EXPOSURE_RELATION""], ""metric_name"": null, ""topic_name1"": ""Bank of Baroda"", ""topic_name2"": null, ""segment_ids"": []}",primary,16,"Template: simple_triplet (F_Simple)
Query intent: Simple question: subject linked to objects via a predicate.

Row 1: Bank of Baroda serves MSME customers.
Row 2: Bank of Baroda provides NRI banking services.
Row 3: Bank of Baroda serves NRI customers.
Row 4: Bank of Baroda provides cash management services.
Row 5: Bank of Baroda offers credit cards to its customers.
Row 6: Bank of Baroda is exposed to ordinary credit risk.
Row 7: Bank of Baroda provides forex services.
Row 8: Bank of Baroda is exposed to funding risk arising from CASA erosion. (as of 2026-06-30)
Row 9: Bank of Baroda serves government customers.
Row 10: Bank of Baroda serves large-corporate customers.
Row 11: Bank of Baroda is exposed to the operational complexity of managing banking operations across 24 jurisdictions.
Row 12: Bank of Baroda is exposed to regulatory and litigation risk.
Row 13: Bank of Baroda serves retail customers.
Row 14: Bank of Baroda provides trade finance services.
Row 15: Bank of Baroda provides treasury services.
Row 16: Bank of Baroda provides wealth management services.","Bank of Baroda offers a range of financial products and services including credit cards, treasury services, trade finance, foreign exchange, cash management, NRI banking, and wealth management. To serve its market, the bank caters to several distinct customer segments, including retail customers, MSMEs, large-corporate clients, Non-Resident Indians (NRIs), and government customers.",Relevant,"The assistant summary successfully captures all the products, services, and customer segments mentioned in the reference answer, including credit cards, treasury, trade finance, forex, cash management, NRI banking, wealth management, retail, MSME, corporate, NRI, and government customers.",
What is Punjab National Bank's ticker symbol and on which exchange(s) does it trade?,"PNB, listed on both the NSE and the BSE.",F_Simple,F_Simple,0.5272617020235415,simple_triplet,True,"[""Punjab National Bank""]","[{""entity"": ""Punjab National Bank"", ""matched_node_name"": ""Punjab National Bank"", ""matched_id"": ""48f4fcd5-a24d-4371-b8be-b4d97d409eca"", ""matched_type"": ""COMPANY"", ""similarity"": 1.0, ""source"": ""gazetteer""}]",What is <COMPANY>'s ticker symbol and on which exchange(s) does it trade?,"{""nnp1"": ""48f4fcd5-a24d-4371-b8be-b4d97d409eca""}","{""nnp1"": ""48f4fcd5-a24d-4371-b8be-b4d97d409eca"", ""nnp2"": null, ""nnp3"": null, ""prop1"": null, ""nn1"": ""COMPANY"", ""nn2"": null, ""threshold"": null, ""target_ids"": [], ""prop1_list"": [], ""metric_name"": null, ""topic_name1"": ""Punjab National Bank"", ""topic_name2"": null, ""segment_ids"": []}",attribute_lookup_direct,7,"Template: simple_triplet (F_Simple)
Query intent: Simple question: subject linked to objects via a predicate.

Row 1: Punjab National Bank's banking_segment is Public Sector Bank
Row 2: Punjab National Bank's country is India
Row 3: Punjab National Bank's description is Punjab National Bank, headquartered in Dwarka, New Delhi, is a Government of India-owned universal bank.
Row 4: Punjab National Bank's exchange is NSE, BSE
Row 5: Punjab National Bank's legal_name is Punjab National Bank
Row 6: Punjab National Bank's listed is True
Row 7: Punjab National Bank's ticker is PNB",Punjab National Bank trades under the ticker symbol PNB and is listed on the National Stock Exchange (NSE) and the Bombay Stock Exchange (BSE).,Relevant,"The assistant summary correctly identifies Punjab National Bank's ticker symbol as PNB and lists both the NSE and BSE as its trading exchanges, perfectly matching the reference answer.",
"Who is the current MD & CEO (or Chairman, where that is the top executive title) of Punjab National Bank?",Non-executive chairman K G Ananthakrishnan and MD & CEO Ashok Chandra.,F_Simple,F_Simple,0.5283378025783668,simple_triplet,True,"[""Punjab National Bank""]","[{""entity"": ""Punjab National Bank"", ""matched_node_name"": ""Punjab National Bank"", ""matched_id"": ""48f4fcd5-a24d-4371-b8be-b4d97d409eca"", ""matched_type"": ""COMPANY"", ""similarity"": 1.0, ""source"": ""gazetteer""}]","Who is the current MD & CEO (or Chairman, where that is the top executive title) of <COMPANY>?","{""nn1"": ""COMPANY"", ""target_ids"": [], ""prop1_list"": [""GovernanceRole"", ""HOLDS_ROLE"", ""GOVERNANCE_ROLE""], ""nnp1"": ""48f4fcd5-a24d-4371-b8be-b4d97d409eca""}","{""nnp1"": ""48f4fcd5-a24d-4371-b8be-b4d97d409eca"", ""nnp2"": null, ""nnp3"": null, ""prop1"": ""GovernanceRole"", ""nn1"": ""COMPANY"", ""nn2"": null, ""threshold"": null, ""target_ids"": [], ""prop1_list"": [""GovernanceRole"", ""HOLDS_ROLE"", ""GOVERNANCE_ROLE""], ""metric_name"": null, ""topic_name1"": ""Punjab National Bank"", ""topic_name2"": null, ""segment_ids"": []}",primary,2,"Template: simple_triplet (F_Simple)
Query intent: Simple question: subject linked to objects via a predicate.

Row 1: [Punjab National Bank] Ashok Chandra serves as the MD & CEO of Punjab National Bank.
Row 2: [Punjab National Bank] K G Ananthakrishnan serves as the non-executive chairman of Punjab National Bank.","Ashok Chandra serves as the MD & CEO of Punjab National Bank, while K G Ananthakrishnan serves as the non-executive chairman.",Relevant,"The assistant summary correctly identifies both Ashok Chandra as the MD & CEO and K G Ananthakrishnan as the non-executive chairman of Punjab National Bank, perfectly matching the reference answer.",
"What percentage of Punjab National Bank is held by its government promoter or largest shareholder, and as of what date?",Government ownership was 70.08% as of 31 March 2026.,F_LogUnion,F_LogUnion,0.6214196189605303,logical_union,True,"[""Punjab National Bank""]","[{""entity"": ""Punjab National Bank"", ""matched_node_name"": ""Punjab National Bank"", ""matched_id"": ""48f4fcd5-a24d-4371-b8be-b4d97d409eca"", ""matched_type"": ""COMPANY"", ""similarity"": 1.0, ""source"": ""gazetteer""}]","What percentage of <COMPANY> is held by its government promoter or largest shareholder, and as of what date?","{""nn1"": ""COMPANY"", ""nnp1"": ""48f4fcd5-a24d-4371-b8be-b4d97d409eca"", ""prop1_list"": [""OWNS"", ""REGULATED_BY"", ""OwnershipStake"", ""HELD_BY"", ""OWNS_STAKE_IN"", ""CorporateStructureRelation"", ""OWNERSHIP_STAKE"", ""CORPORATE_STRUCTURE_RELATION""], ""target_ids"": [], ""nnp2"": null}","{""nnp1"": ""48f4fcd5-a24d-4371-b8be-b4d97d409eca"", ""nnp2"": null, ""nnp3"": null, ""prop1"": ""CorporateStructureRelation"", ""nn1"": ""COMPANY"", ""nn2"": null, ""threshold"": null, ""target_ids"": [], ""prop1_list"": [""OWNS"", ""REGULATED_BY"", ""OwnershipStake"", ""HELD_BY"", ""OWNS_STAKE_IN"", ""CorporateStructureRelation"", ""OWNERSHIP_STAKE"", ""CORPORATE_STRUCTURE_RELATION""], ""metric_name"": null, ""topic_name1"": ""Punjab National Bank"", ""topic_name2"": null, ""segment_ids"": []}",primary,7,"Template: logical_union (F_LogUnion)
Query intent: Union of two relationship patterns from the same subject.

Row 1: [Punjab National Bank] OCBs, FIIs, and NRIs collectively hold a 6.59% stake in Punjab National Bank. (as of 2026-03-31)
Row 2: [Punjab National Bank] Financial institutions, alongside banks and insurers, hold a combined 9.42% stake in Punjab National Bank. (as of 2026-03-31)
Row 3: [Punjab National Bank] Insurers, alongside banks and financial institutions, hold a combined 9.42% stake in Punjab National Bank. (as of 2026-03-31)
Row 4: [Punjab National Bank] The Government of India owns a 70.08% stake in Punjab National Bank. (as of 2026-03-31)
Row 5: [Punjab National Bank] Mutual funds hold a 6.53% stake in Punjab National Bank. (as of 2026-03-31)
Row 6: [Punjab National Bank] FIIs, NRIs, and OCBs collectively hold a 6.59% stake in Punjab National Bank. (as of 2026-03-31)
Row 7: [Punjab National Bank] NRIs, FIIs, and OCBs collectively hold a 6.59% stake in Punjab National Bank. (as of 2026-03-31)","The Government of India, acting as the government promoter and largest shareholder, holds a 70.08% stake in Punjab National Bank as of March 31, 2026.",Relevant,"The assistant summary accurately captures both the exact government ownership percentage of 70.08% and the correct date of March 31, 2026, as provided in the reference answer.",
What was Punjab National Bank's CASA ratio in the most recently reported quarter?,36.7% of domestic deposits in Q1 FY27.,F_Simple,F_Simple,0.45300680749982714,simple_triplet,True,"[""Punjab National Bank"", ""CASA ratio""]","[{""entity"": ""Punjab National Bank"", ""matched_node_name"": ""Punjab National Bank"", ""matched_id"": ""48f4fcd5-a24d-4371-b8be-b4d97d409eca"", ""matched_type"": ""COMPANY"", ""similarity"": 1.0, ""source"": ""gazetteer""}, {""entity"": ""CASA ratio"", ""matched_node_name"": ""CASA ratio"", ""matched_id"": ""2f007236-19aa-494e-a277-c5e8d54d60fe"", ""matched_type"": ""METRIC"", ""similarity"": 1.0, ""source"": ""gazetteer""}]",What was <COMPANY>'s <METRIC> in the most recently reported quarter?,"{""nn1"": ""COMPANY"", ""target_ids"": [""2f007236-19aa-494e-a277-c5e8d54d60fe""], ""prop1_list"": [""HAS_METRIC"", ""MetricObservation"", ""HAS_WEAKNESS"", ""HAS_RISK_DRIVER"", ""HAS_STRENGTH"", ""HAS_GROWTH_DRIVER"", ""HAS_OPPORTUNITY"", ""HAS_MARGIN_DRIVER"", ""HAS_ROE_DRIVER"", ""HAS_VALUATION_DRIVER"", ""METRIC_OBSERVATION""], ""nnp1"": ""48f4fcd5-a24d-4371-b8be-b4d97d409eca""}","{""nnp1"": ""48f4fcd5-a24d-4371-b8be-b4d97d409eca"", ""nnp2"": ""2f007236-19aa-494e-a277-c5e8d54d60fe"", ""nnp3"": null, ""prop1"": ""HAS_STRENGTH"", ""nn1"": ""COMPANY"", ""nn2"": ""METRIC"", ""threshold"": null, ""target_ids"": [""2f007236-19aa-494e-a277-c5e8d54d60fe""], ""prop1_list"": [""HAS_METRIC"", ""MetricObservation"", ""HAS_WEAKNESS"", ""HAS_RISK_DRIVER"", ""HAS_STRENGTH"", ""HAS_GROWTH_DRIVER"", ""HAS_OPPORTUNITY"", ""HAS_MARGIN_DRIVER"", ""HAS_ROE_DRIVER"", ""HAS_VALUATION_DRIVER"", ""METRIC_OBSERVATION""], ""metric_name"": null, ""topic_name1"": ""Punjab National Bank"", ""topic_name2"": ""CASA ratio"", ""segment_ids"": []}",attribute_lookup,7,"Template: simple_triplet (F_Simple)
Query intent: Simple question: subject linked to objects via a predicate.

Row 1: Punjab National Bank's banking_segment is Public Sector Bank
Row 2: Punjab National Bank's country is India
Row 3: Punjab National Bank's description is Punjab National Bank, headquartered in Dwarka, New Delhi, is a Government of India-owned universal bank.
Row 4: Punjab National Bank's exchange is NSE, BSE
Row 5: Punjab National Bank's legal_name is Punjab National Bank
Row 6: Punjab National Bank's listed is True
Row 7: Punjab National Bank's ticker is PNB",The retrieved facts do not cover Punjab National Bank's CASA ratio for the most recently reported quarter.,Not relevant,"The reference answer provides Punjab National Bank's CASA ratio as 36.7% for Q1 FY27, while the assistant summary incorrectly claims the information is not covered in the retrieved facts.",
What is Punjab National Bank's net interest margin (NIM) for the latest reported period?,2.50% globally and 2.64% domestically.,F_Simple,F_Simple,0.41326111719969927,simple_triplet,True,"[""Punjab National Bank"", ""net interest margin""]","[{""entity"": ""Punjab National Bank"", ""matched_node_name"": ""Punjab National Bank"", ""matched_id"": ""48f4fcd5-a24d-4371-b8be-b4d97d409eca"", ""matched_type"": ""COMPANY"", ""similarity"": 1.0, ""source"": ""gazetteer""}, {""entity"": ""net interest margin"", ""matched_node_name"": ""net interest margin"", ""matched_id"": ""d5aaa814-57dd-46cd-b801-d73c80a43d6c"", ""matched_type"": ""METRIC"", ""similarity"": 1.0, ""source"": ""gazetteer""}]",What is <COMPANY>'s <METRIC> (NIM) for the latest reported period?,"{""nn1"": ""COMPANY"", ""target_ids"": [""d5aaa814-57dd-46cd-b801-d73c80a43d6c""], ""prop1_list"": [""HAS_METRIC"", ""MetricObservation"", ""HAS_WEAKNESS"", ""HAS_RISK_DRIVER"", ""HAS_STRENGTH"", ""HAS_GROWTH_DRIVER"", ""HAS_OPPORTUNITY"", ""HAS_MARGIN_DRIVER"", ""HAS_ROE_DRIVER"", ""HAS_VALUATION_DRIVER"", ""METRIC_OBSERVATION""], ""nnp1"": ""48f4fcd5-a24d-4371-b8be-b4d97d409eca""}","{""nnp1"": ""48f4fcd5-a24d-4371-b8be-b4d97d409eca"", ""nnp2"": ""d5aaa814-57dd-46cd-b801-d73c80a43d6c"", ""nnp3"": null, ""prop1"": ""HAS_STRENGTH"", ""nn1"": ""COMPANY"", ""nn2"": ""METRIC"", ""threshold"": null, ""target_ids"": [""d5aaa814-57dd-46cd-b801-d73c80a43d6c""], ""prop1_list"": [""HAS_METRIC"", ""MetricObservation"", ""HAS_WEAKNESS"", ""HAS_RISK_DRIVER"", ""HAS_STRENGTH"", ""HAS_GROWTH_DRIVER"", ""HAS_OPPORTUNITY"", ""HAS_MARGIN_DRIVER"", ""HAS_ROE_DRIVER"", ""HAS_VALUATION_DRIVER"", ""METRIC_OBSERVATION""], ""metric_name"": null, ""topic_name1"": ""Punjab National Bank"", ""topic_name2"": ""net interest margin"", ""segment_ids"": []}",attribute_lookup,7,"Template: simple_triplet (F_Simple)
Query intent: Simple question: subject linked to objects via a predicate.

Row 1: Punjab National Bank's banking_segment is Public Sector Bank
Row 2: Punjab National Bank's country is India
Row 3: Punjab National Bank's description is Punjab National Bank, headquartered in Dwarka, New Delhi, is a Government of India-owned universal bank.
Row 4: Punjab National Bank's exchange is NSE, BSE
Row 5: Punjab National Bank's legal_name is Punjab National Bank
Row 6: Punjab National Bank's listed is True
Row 7: Punjab National Bank's ticker is PNB",The retrieved facts do not cover Punjab National Bank's net interest margin (NIM) for the latest reported period.,Not relevant,"The reference answer provides specific NIM figures of 2.50% globally and 2.64% domestically, whereas the assistant summary incorrectly claims that the retrieved facts do not cover this information.",
What are Punjab National Bank's gross NPA and net NPA ratios?,Gross NPA more than halved from historical highs to 2.78%; net NPA 0.28%.,F_Simple,F_Simple,0.5219059417885892,simple_triplet,True,"[""Punjab National Bank"", ""gross NPA"", ""net NPA""]","[{""entity"": ""Punjab National Bank"", ""matched_node_name"": ""Punjab National Bank"", ""matched_id"": ""48f4fcd5-a24d-4371-b8be-b4d97d409eca"", ""matched_type"": ""COMPANY"", ""similarity"": 1.0, ""source"": ""gazetteer""}, {""entity"": ""gross NPA"", ""matched_node_name"": ""gross NPA"", ""matched_id"": ""17de1b02-766d-4a7f-861e-a11cf8caa7ab"", ""matched_type"": ""METRIC"", ""similarity"": 1.0, ""source"": ""gazetteer""}, {""entity"": ""net NPA"", ""matched_node_name"": ""net NPA"", ""matched_id"": ""b0454088-e2c7-4c48-8ede-4505aee1e817"", ""matched_type"": ""METRIC"", ""similarity"": 1.0, ""source"": ""gazetteer""}]",What are <COMPANY>'s <METRIC> and <METRIC> ratios?,"{""nn1"": ""COMPANY"", ""target_ids"": [""17de1b02-766d-4a7f-861e-a11cf8caa7ab"", ""b0454088-e2c7-4c48-8ede-4505aee1e817""], ""prop1_list"": [""HAS_METRIC"", ""MetricObservation"", ""HAS_WEAKNESS"", ""HAS_RISK_DRIVER"", ""HAS_STRENGTH"", ""HAS_GROWTH_DRIVER"", ""HAS_OPPORTUNITY"", ""HAS_MARGIN_DRIVER"", ""HAS_ROE_DRIVER"", ""HAS_VALUATION_DRIVER"", ""METRIC_OBSERVATION""], ""nnp1"": ""48f4fcd5-a24d-4371-b8be-b4d97d409eca""}","{""nnp1"": ""48f4fcd5-a24d-4371-b8be-b4d97d409eca"", ""nnp2"": ""17de1b02-766d-4a7f-861e-a11cf8caa7ab"", ""nnp3"": null, ""prop1"": ""HAS_STRENGTH"", ""nn1"": ""COMPANY"", ""nn2"": ""METRIC"", ""threshold"": null, ""target_ids"": [""17de1b02-766d-4a7f-861e-a11cf8caa7ab"", ""b0454088-e2c7-4c48-8ede-4505aee1e817""], ""prop1_list"": [""HAS_METRIC"", ""MetricObservation"", ""HAS_WEAKNESS"", ""HAS_RISK_DRIVER"", ""HAS_STRENGTH"", ""HAS_GROWTH_DRIVER"", ""HAS_OPPORTUNITY"", ""HAS_MARGIN_DRIVER"", ""HAS_ROE_DRIVER"", ""HAS_VALUATION_DRIVER"", ""METRIC_OBSERVATION""], ""metric_name"": null, ""topic_name1"": ""Punjab National Bank"", ""topic_name2"": ""gross NPA"", ""segment_ids"": []}",attribute_lookup,7,"Template: simple_triplet (F_Simple)
Query intent: Simple question: subject linked to objects via a predicate.

Row 1: Punjab National Bank's banking_segment is Public Sector Bank
Row 2: Punjab National Bank's country is India
Row 3: Punjab National Bank's description is Punjab National Bank, headquartered in Dwarka, New Delhi, is a Government of India-owned universal bank.
Row 4: Punjab National Bank's exchange is NSE, BSE
Row 5: Punjab National Bank's legal_name is Punjab National Bank
Row 6: Punjab National Bank's listed is True
Row 7: Punjab National Bank's ticker is PNB",The retrieved facts do not cover Punjab National Bank's gross NPA and net NPA ratios.,Not relevant,"The reference answer provides specific gross NPA (2.78%) and net NPA (0.28%) ratios for Punjab National Bank, whereas the assistant summary incorrectly claims the information is not covered.",
"What is Punjab National Bank's capital adequacy ratio (CRAR), and its CET1 ratio if disclosed?",Capital adequacy 18.13%; CET1 improved to 14.52% from 10.95% a year earlier.,F_Simple,F_Simple,0.4585325082585684,simple_triplet,True,"[""Punjab National Bank"", ""capital adequacy ratio"", ""CET1 ratio""]","[{""entity"": ""Punjab National Bank"", ""matched_node_name"": ""Punjab National Bank"", ""matched_id"": ""48f4fcd5-a24d-4371-b8be-b4d97d409eca"", ""matched_type"": ""COMPANY"", ""similarity"": 1.0, ""source"": ""gazetteer""}, {""entity"": ""capital adequacy ratio"", ""matched_node_name"": ""capital adequacy ratio"", ""matched_id"": ""e2c8bdab-25f2-49d9-b3b9-f24b21583fe2"", ""matched_type"": ""METRIC"", ""similarity"": 1.0, ""source"": ""gazetteer""}, {""entity"": ""CET1 ratio"", ""matched_node_name"": ""CET1 percentage"", ""matched_id"": ""c5469579-75e6-4c83-b0f9-c16c1485a02f"", ""matched_type"": ""METRIC"", ""similarity"": 0.99, ""source"": ""alias""}]","What is <COMPANY>'s <METRIC> (CRAR), and its <METRIC> if disclosed?","{""nn1"": ""COMPANY"", ""target_ids"": [""e2c8bdab-25f2-49d9-b3b9-f24b21583fe2"", ""c5469579-75e6-4c83-b0f9-c16c1485a02f""], ""prop1_list"": [""HAS_METRIC"", ""MetricObservation"", ""HAS_WEAKNESS"", ""HAS_RISK_DRIVER"", ""HAS_STRENGTH"", ""HAS_GROWTH_DRIVER"", ""HAS_OPPORTUNITY"", ""HAS_MARGIN_DRIVER"", ""HAS_ROE_DRIVER"", ""HAS_VALUATION_DRIVER"", ""METRIC_OBSERVATION""], ""nnp1"": ""48f4fcd5-a24d-4371-b8be-b4d97d409eca""}","{""nnp1"": ""48f4fcd5-a24d-4371-b8be-b4d97d409eca"", ""nnp2"": ""e2c8bdab-25f2-49d9-b3b9-f24b21583fe2"", ""nnp3"": null, ""prop1"": ""HAS_STRENGTH"", ""nn1"": ""COMPANY"", ""nn2"": ""METRIC"", ""threshold"": null, ""target_ids"": [""e2c8bdab-25f2-49d9-b3b9-f24b21583fe2"", ""c5469579-75e6-4c83-b0f9-c16c1485a02f""], ""prop1_list"": [""HAS_METRIC"", ""MetricObservation"", ""HAS_WEAKNESS"", ""HAS_RISK_DRIVER"", ""HAS_STRENGTH"", ""HAS_GROWTH_DRIVER"", ""HAS_OPPORTUNITY"", ""HAS_MARGIN_DRIVER"", ""HAS_ROE_DRIVER"", ""HAS_VALUATION_DRIVER"", ""METRIC_OBSERVATION""], ""metric_name"": null, ""topic_name1"": ""Punjab National Bank"", ""topic_name2"": ""capital adequacy ratio"", ""segment_ids"": []}",attribute_lookup,7,"Template: simple_triplet (F_Simple)
Query intent: Simple question: subject linked to objects via a predicate.

Row 1: Punjab National Bank's banking_segment is Public Sector Bank
Row 2: Punjab National Bank's country is India
Row 3: Punjab National Bank's description is Punjab National Bank, headquartered in Dwarka, New Delhi, is a Government of India-owned universal bank.
Row 4: Punjab National Bank's exchange is NSE, BSE
Row 5: Punjab National Bank's legal_name is Punjab National Bank
Row 6: Punjab National Bank's listed is True
Row 7: Punjab National Bank's ticker is PNB",The retrieved facts do not cover Punjab National Bank's capital adequacy ratio (CRAR) or its CET1 ratio.,Not relevant,"The reference answer provides specific figures for Punjab National Bank's capital adequacy ratio (18.13%) and CET1 ratio (14.52%), but the assistant summary incorrectly claims that these facts are not covered.",
What are Punjab National Bank's return on assets (ROA) and return on equity (ROE) for the latest quarter?,Return on assets 1.04%; return on equity 17.33% annualized.,F_Simple,F_Simple,0.5859677884172529,simple_triplet,True,"[""Punjab National Bank"", ""return on assets"", ""return on equity""]","[{""entity"": ""Punjab National Bank"", ""matched_node_name"": ""Punjab National Bank"", ""matched_id"": ""48f4fcd5-a24d-4371-b8be-b4d97d409eca"", ""matched_type"": ""COMPANY"", ""similarity"": 1.0, ""source"": ""gazetteer""}, {""entity"": ""return on assets"", ""matched_node_name"": ""return on assets"", ""matched_id"": ""9fe9c63b-26ba-4633-b3f0-2f73fa5b6d37"", ""matched_type"": ""METRIC"", ""similarity"": 1.0, ""source"": ""gazetteer""}, {""entity"": ""return on equity"", ""matched_node_name"": ""return on equity"", ""matched_id"": ""14e844eb-fd2b-4028-9460-92f4196b984a"", ""matched_type"": ""METRIC"", ""similarity"": 1.0, ""source"": ""gazetteer""}]",What are <COMPANY>'s <METRIC> (ROA) and <METRIC> (ROE) for the latest quarter?,"{""nn1"": ""COMPANY"", ""target_ids"": [""9fe9c63b-26ba-4633-b3f0-2f73fa5b6d37"", ""14e844eb-fd2b-4028-9460-92f4196b984a""], ""prop1_list"": [""HAS_METRIC"", ""MetricObservation"", ""HAS_WEAKNESS"", ""HAS_RISK_DRIVER"", ""HAS_STRENGTH"", ""HAS_GROWTH_DRIVER"", ""HAS_OPPORTUNITY"", ""HAS_MARGIN_DRIVER"", ""HAS_ROE_DRIVER"", ""HAS_VALUATION_DRIVER"", ""METRIC_OBSERVATION""], ""nnp1"": ""48f4fcd5-a24d-4371-b8be-b4d97d409eca""}","{""nnp1"": ""48f4fcd5-a24d-4371-b8be-b4d97d409eca"", ""nnp2"": ""9fe9c63b-26ba-4633-b3f0-2f73fa5b6d37"", ""nnp3"": null, ""prop1"": ""HAS_STRENGTH"", ""nn1"": ""COMPANY"", ""nn2"": ""METRIC"", ""threshold"": null, ""target_ids"": [""9fe9c63b-26ba-4633-b3f0-2f73fa5b6d37"", ""14e844eb-fd2b-4028-9460-92f4196b984a""], ""prop1_list"": [""HAS_METRIC"", ""MetricObservation"", ""HAS_WEAKNESS"", ""HAS_RISK_DRIVER"", ""HAS_STRENGTH"", ""HAS_GROWTH_DRIVER"", ""HAS_OPPORTUNITY"", ""HAS_MARGIN_DRIVER"", ""HAS_ROE_DRIVER"", ""HAS_VALUATION_DRIVER"", ""METRIC_OBSERVATION""], ""metric_name"": null, ""topic_name1"": ""Punjab National Bank"", ""topic_name2"": ""return on assets"", ""segment_ids"": []}",attribute_lookup,7,"Template: simple_triplet (F_Simple)
Query intent: Simple question: subject linked to objects via a predicate.

Row 1: Punjab National Bank's banking_segment is Public Sector Bank
Row 2: Punjab National Bank's country is India
Row 3: Punjab National Bank's description is Punjab National Bank, headquartered in Dwarka, New Delhi, is a Government of India-owned universal bank.
Row 4: Punjab National Bank's exchange is NSE, BSE
Row 5: Punjab National Bank's legal_name is Punjab National Bank
Row 6: Punjab National Bank's listed is True
Row 7: Punjab National Bank's ticker is PNB",The retrieved facts do not cover Punjab National Bank's return on assets (ROA) or return on equity (ROE) for the latest quarter.,Not relevant,"The assistant summary claims the retrieved facts do not cover Punjab National Bank's ROA or ROE, whereas the reference answer provides specific figures of 1.04% for ROA and 17.33% for ROE.",
What was Punjab National Bank's total advances (loan book) and deposit growth in the latest quarter?,"Advances grew 12.7% year-on-year and deposits 8.5%; net interest income growth was muted at 2.1% year-on-year, reaching ₹10,798 crore.",F_Simple,F_Simple,0.5741154930246071,simple_triplet,True,"[""Punjab National Bank"", ""total advances"", ""loan"", ""deposit growth""]","[{""entity"": ""Punjab National Bank"", ""matched_node_name"": ""Punjab National Bank"", ""matched_id"": ""48f4fcd5-a24d-4371-b8be-b4d97d409eca"", ""matched_type"": ""COMPANY"", ""similarity"": 1.0, ""source"": ""gazetteer""}, {""entity"": ""total advances"", ""matched_node_name"": ""Total advances"", ""matched_id"": ""a1b36a29-fc07-41cc-b3a3-010e50f98882"", ""matched_type"": ""ASSETCLASS"", ""similarity"": 1.0, ""source"": ""gazetteer""}, {""entity"": ""loan"", ""matched_node_name"": ""loan"", ""matched_id"": ""13c28420-d40d-41d9-9101-1e3596e3c2ba"", ""matched_type"": ""PRODUCT"", ""similarity"": 1.0, ""source"": ""gazetteer""}, {""entity"": ""deposit growth"", ""matched_node_name"": ""Deposit growth"", ""matched_id"": ""7a5ad916-7608-42a4-b7b8-cef3032e3b45"", ""matched_type"": ""METRIC"", ""similarity"": 1.0, ""source"": ""gazetteer""}]",What was <COMPANY>'s <ASSETCLASS> (<PRODUCT> book) and <METRIC> in the latest quarter?,"{""nn1"": ""COMPANY"", ""target_ids"": [""a1b36a29-fc07-41cc-b3a3-010e50f98882"", ""13c28420-d40d-41d9-9101-1e3596e3c2ba"", ""7a5ad916-7608-42a4-b7b8-cef3032e3b45""], ""prop1_list"": [""HAS_METRIC"", ""MetricObservation"", ""ExposureRelation"", ""FUNDED_BY"", ""HAS_WEAKNESS"", ""HAS_RISK_DRIVER"", ""HAS_LOAN_EXPOSURE_TO"", ""HAS_STRENGTH"", ""HAS_GROWTH_DRIVER"", ""HAS_OPPORTUNITY"", ""HAS_MARGIN_DRIVER"", ""HAS_ROE_DRIVER"", ""HAS_VALUATION_DRIVER"", ""HAS_ASSET_EXPOSURE_TO"", ""METRIC_OBSERVATION"", ""EXPOSURE_RELATION""], ""nnp1"": ""48f4fcd5-a24d-4371-b8be-b4d97d409eca""}","{""nnp1"": ""48f4fcd5-a24d-4371-b8be-b4d97d409eca"", ""nnp2"": ""13c28420-d40d-41d9-9101-1e3596e3c2ba"", ""nnp3"": null, ""prop1"": ""HAS_STRENGTH"", ""nn1"": ""COMPANY"", ""nn2"": ""PRODUCT"", ""threshold"": null, ""target_ids"": [""a1b36a29-fc07-41cc-b3a3-010e50f98882"", ""13c28420-d40d-41d9-9101-1e3596e3c2ba"", ""7a5ad916-7608-42a4-b7b8-cef3032e3b45""], ""prop1_list"": [""HAS_METRIC"", ""MetricObservation"", ""ExposureRelation"", ""FUNDED_BY"", ""HAS_WEAKNESS"", ""HAS_RISK_DRIVER"", ""HAS_LOAN_EXPOSURE_TO"", ""HAS_STRENGTH"", ""HAS_GROWTH_DRIVER"", ""HAS_OPPORTUNITY"", ""HAS_MARGIN_DRIVER"", ""HAS_ROE_DRIVER"", ""HAS_VALUATION_DRIVER"", ""HAS_ASSET_EXPOSURE_TO"", ""METRIC_OBSERVATION"", ""EXPOSURE_RELATION""], ""metric_name"": null, ""topic_name1"": ""Punjab National Bank"", ""topic_name2"": ""loan"", ""segment_ids"": []}",attribute_lookup,7,"Template: simple_triplet (F_Simple)
Query intent: Simple question: subject linked to objects via a predicate.

Row 1: Punjab National Bank's banking_segment is Public Sector Bank
Row 2: Punjab National Bank's country is India
Row 3: Punjab National Bank's description is Punjab National Bank, headquartered in Dwarka, New Delhi, is a Government of India-owned universal bank.
Row 4: Punjab National Bank's exchange is NSE, BSE
Row 5: Punjab National Bank's legal_name is Punjab National Bank
Row 6: Punjab National Bank's listed is True
Row 7: Punjab National Bank's ticker is PNB",The retrieved facts do not cover Punjab National Bank's total advances or deposit growth for the latest quarter.,Not relevant,"The assistant summary claims that information on Punjab National Bank's advances and deposit growth is unavailable, whereas the reference answer explicitly provides the 12.7% advance growth and 8.5% deposit growth.",
"What credit ratings has Punjab National Bank received, and from which rating agencies?","Fitch upgraded PNB's Viability Rating from bb- to bb and affirmed its Long-Term Issuer Default Rating at BBB- Stable, noting a 3.2% impaired-loan ratio over the prior nine months.",F_Simple,F_Simple,0.5229460713108118,simple_triplet,True,"[""Punjab National Bank""]","[{""entity"": ""Punjab National Bank"", ""matched_node_name"": ""Punjab National Bank"", ""matched_id"": ""48f4fcd5-a24d-4371-b8be-b4d97d409eca"", ""matched_type"": ""COMPANY"", ""similarity"": 1.0, ""source"": ""gazetteer""}]","What credit ratings has <COMPANY> received, and from which rating agencies?","{""nn1"": ""COMPANY"", ""target_ids"": [], ""prop1_list"": [""HAS_RATING"", ""RATED_BY""], ""nnp1"": ""48f4fcd5-a24d-4371-b8be-b4d97d409eca""}","{""nnp1"": ""48f4fcd5-a24d-4371-b8be-b4d97d409eca"", ""nnp2"": null, ""nnp3"": null, ""prop1"": ""HAS_RATING"", ""nn1"": ""COMPANY"", ""nn2"": null, ""threshold"": null, ""target_ids"": [], ""prop1_list"": [""HAS_RATING"", ""RATED_BY""], ""metric_name"": null, ""topic_name1"": ""Punjab National Bank"", ""topic_name2"": null, ""segment_ids"": []}",attribute_lookup,7,"Template: simple_triplet (F_Simple)
Query intent: Simple question: subject linked to objects via a predicate.

Row 1: Punjab National Bank's banking_segment is Public Sector Bank
Row 2: Punjab National Bank's country is India
Row 3: Punjab National Bank's description is Punjab National Bank, headquartered in Dwarka, New Delhi, is a Government of India-owned universal bank.
Row 4: Punjab National Bank's exchange is NSE, BSE
Row 5: Punjab National Bank's legal_name is Punjab National Bank
Row 6: Punjab National Bank's listed is True
Row 7: Punjab National Bank's ticker is PNB",The retrieved facts do not cover the credit ratings or the rating agencies that Punjab National Bank has received.,Not relevant,"The reference answer provides specific credit rating details from Fitch, such as the upgrade of the Viability Rating and affirmation of the Long-Term Issuer Default Rating, whereas the assistant summary incorrectly claims the information is not covered.",
"Roughly how many branches and ATMs does Punjab National Bank operate, and as of what date?","10,324 branches and 11,065 ATMs as of March 2026, plus seven UK branches, branches in Hong Kong/Dubai/Afghanistan, representative offices in Kazakhstan/UAE/China/Norway/Australia, and equity stakes in banks in Bhutan (51%), Nepal (20%) and Kazakhstan (41.64%).",F_QuantCount,F_QuantCount,0.5019551925676716,quant_count,True,"[""branches"", ""ATMs"", ""Punjab National Bank""]","[{""entity"": ""branches"", ""matched_node_name"": ""branches"", ""matched_id"": ""825450c5-3a89-46a1-bf6f-9b5e414de076"", ""matched_type"": ""DISTRIBUTIONCHANNEL"", ""similarity"": 1.0, ""source"": ""gazetteer""}, {""entity"": ""ATMs"", ""matched_node_name"": ""ATMs"", ""matched_id"": ""4211be7c-a18e-4211-bd8a-4534d423385e"", ""matched_type"": ""DISTRIBUTIONCHANNEL"", ""similarity"": 1.0, ""source"": ""gazetteer""}, {""entity"": ""Punjab National Bank"", ""matched_node_name"": ""Punjab National Bank"", ""matched_id"": ""48f4fcd5-a24d-4371-b8be-b4d97d409eca"", ""matched_type"": ""COMPANY"", ""similarity"": 1.0, ""source"": ""gazetteer""}]","Roughly how many <DISTRIBUTIONCHANNEL> and <DISTRIBUTIONCHANNEL> does <COMPANY> operate, and as of what date?","{""nn1"": ""COMPANY"", ""prop1_list"": [""USES_CHANNEL"", ""DEPENDS_ON""], ""nnp1"": ""48f4fcd5-a24d-4371-b8be-b4d97d409eca"", ""nn2"": ""DISTRIBUTIONCHANNEL""}","{""nnp1"": ""48f4fcd5-a24d-4371-b8be-b4d97d409eca"", ""nnp2"": ""825450c5-3a89-46a1-bf6f-9b5e414de076"", ""nnp3"": null, ""prop1"": ""USES_CHANNEL"", ""nn1"": ""COMPANY"", ""nn2"": ""DISTRIBUTIONCHANNEL"", ""threshold"": null, ""target_ids"": [""825450c5-3a89-46a1-bf6f-9b5e414de076"", ""4211be7c-a18e-4211-bd8a-4534d423385e""], ""prop1_list"": [""USES_CHANNEL"", ""DEPENDS_ON""], ""metric_name"": null, ""topic_name1"": ""Punjab National Bank"", ""topic_name2"": ""branches"", ""segment_ids"": []}",,0,,,Not relevant,No summary was produced for this query (empty assistant output).,
"What products and services does Punjab National Bank offer, and which customer segments does it serve?","Standard deposit/loan suite plus gold coins and bullion, life/non-life insurance and asset-management distribution, trade finance, treasury, forex and cash management, skewed toward MSME and agriculture in north India.",F_Simple,F_Simple,0.5902610031105305,simple_triplet,True,"[""Punjab National Bank""]","[{""entity"": ""Punjab National Bank"", ""matched_node_name"": ""Punjab National Bank"", ""matched_id"": ""48f4fcd5-a24d-4371-b8be-b4d97d409eca"", ""matched_type"": ""COMPANY"", ""similarity"": 1.0, ""source"": ""gazetteer""}]","What products and services does <COMPANY> offer, and which customer segments does it serve?","{""nn1"": ""COMPANY"", ""target_ids"": [], ""prop1_list"": [""ExposureRelation"", ""OFFERS_PRODUCT"", ""PROVIDES_SERVICE"", ""SERVES"", ""TARGETS"", ""HAS_ASSET_EXPOSURE_TO"", ""EXPOSURE_RELATION""], ""nnp1"": ""48f4fcd5-a24d-4371-b8be-b4d97d409eca""}","{""nnp1"": ""48f4fcd5-a24d-4371-b8be-b4d97d409eca"", ""nnp2"": null, ""nnp3"": null, ""prop1"": ""SERVES"", ""nn1"": ""COMPANY"", ""nn2"": null, ""threshold"": null, ""target_ids"": [], ""prop1_list"": [""ExposureRelation"", ""OFFERS_PRODUCT"", ""PROVIDES_SERVICE"", ""SERVES"", ""TARGETS"", ""HAS_ASSET_EXPOSURE_TO"", ""EXPOSURE_RELATION""], ""metric_name"": null, ""topic_name1"": ""Punjab National Bank"", ""topic_name2"": null, ""segment_ids"": []}",attribute_lookup,7,"Template: simple_triplet (F_Simple)
Query intent: Simple question: subject linked to objects via a predicate.

Row 1: Punjab National Bank's banking_segment is Public Sector Bank
Row 2: Punjab National Bank's country is India
Row 3: Punjab National Bank's description is Punjab National Bank, headquartered in Dwarka, New Delhi, is a Government of India-owned universal bank.
Row 4: Punjab National Bank's exchange is NSE, BSE
Row 5: Punjab National Bank's legal_name is Punjab National Bank
Row 6: Punjab National Bank's listed is True
Row 7: Punjab National Bank's ticker is PNB","The retrieved facts do not cover the specific products and services offered by Punjab National Bank, nor do they specify the customer segments it serves.",Not relevant,"The reference answer provides specific products, services, and customer segments for Punjab National Bank, but the assistant summary incorrectly claims that the retrieved facts do not cover this information.",
What is Canara Bank's ticker symbol and on which exchange(s) does it trade?,"CANBK, listed on both the NSE and the BSE.",F_Simple,F_Simple,0.5272617020235415,simple_triplet,True,"[""Canara Bank""]","[{""entity"": ""Canara Bank"", ""matched_node_name"": ""Canara Bank"", ""matched_id"": ""31f86e2e-5176-4254-84b7-30d66285d8d6"", ""matched_type"": ""COMPANY"", ""similarity"": 1.0, ""source"": ""gazetteer""}]",What is <COMPANY>'s ticker symbol and on which exchange(s) does it trade?,"{""nnp1"": ""31f86e2e-5176-4254-84b7-30d66285d8d6""}","{""nnp1"": ""31f86e2e-5176-4254-84b7-30d66285d8d6"", ""nnp2"": null, ""nnp3"": null, ""prop1"": null, ""nn1"": ""COMPANY"", ""nn2"": null, ""threshold"": null, ""target_ids"": [], ""prop1_list"": [], ""metric_name"": null, ""topic_name1"": ""Canara Bank"", ""topic_name2"": null, ""segment_ids"": []}",attribute_lookup_direct,7,"Template: simple_triplet (F_Simple)
Query intent: Simple question: subject linked to objects via a predicate.

Row 1: Canara Bank's banking_segment is Public Sector Bank
Row 2: Canara Bank's country is India
Row 3: Canara Bank's description is Canara Bank, headquartered in Bengaluru, Karnataka, is a Government of India-owned universal bank with a strong South Indian retail, agricultural and MSME franchise.
Row 4: Canara Bank's exchange is NSE, BSE
Row 5: Canara Bank's legal_name is Canara Bank
Row 6: Canara Bank's listed is True
Row 7: Canara Bank's ticker is CANBK",Canara Bank trades under the ticker symbol CANBK and is listed on the NSE and BSE exchanges.,Relevant,The assistant summary accurately captures the exact ticker symbol (CANBK) and both stock exchanges (NSE and BSE) mentioned in the reference answer.,
"Who is the current MD & CEO (or Chairman, where that is the top executive title) of Canara Bank?",Brajesh Kumar Singh serves as MD & CEO; the current non-executive chairman could not be confirmed (sources conflicted between Vijay Srirangan and a report that he ceased to hold the role).,F_Simple,F_Simple,0.5283378025783668,simple_triplet,True,"[""Canara Bank""]","[{""entity"": ""Canara Bank"", ""matched_node_name"": ""Canara Bank"", ""matched_id"": ""31f86e2e-5176-4254-84b7-30d66285d8d6"", ""matched_type"": ""COMPANY"", ""similarity"": 1.0, ""source"": ""gazetteer""}]","Who is the current MD & CEO (or Chairman, where that is the top executive title) of <COMPANY>?","{""nn1"": ""COMPANY"", ""target_ids"": [], ""prop1_list"": [""GovernanceRole"", ""HOLDS_ROLE"", ""GOVERNANCE_ROLE""], ""nnp1"": ""31f86e2e-5176-4254-84b7-30d66285d8d6""}","{""nnp1"": ""31f86e2e-5176-4254-84b7-30d66285d8d6"", ""nnp2"": null, ""nnp3"": null, ""prop1"": ""GovernanceRole"", ""nn1"": ""COMPANY"", ""nn2"": null, ""threshold"": null, ""target_ids"": [], ""prop1_list"": [""GovernanceRole"", ""HOLDS_ROLE"", ""GOVERNANCE_ROLE""], ""metric_name"": null, ""topic_name1"": ""Canara Bank"", ""topic_name2"": null, ""segment_ids"": []}",primary,2,"Template: simple_triplet (F_Simple)
Query intent: Simple question: subject linked to objects via a predicate.

Row 1: [Canara Bank] Brajesh Kumar Singh holds the role of MD & CEO at Canara Bank.
Row 2: [Canara Bank] Vijay Srirangan is noted by some sources as the non-executive chairman of Canara Bank, though this is disputed.","Brajesh Kumar Singh holds the role of MD & CEO at Canara Bank. Additionally, Vijay Srirangan is noted by some sources as the non-executive chairman of the bank, though this is disputed.",Relevant,"The assistant summary correctly identifies Brajesh Kumar Singh as the MD & CEO and accurately captures the uncertainty surrounding the non-executive chairman role, matching the reference answer's substance.",
"What percentage of Canara Bank is held by its government promoter or largest shareholder, and as of what date?",Government of India ownership was 62.93% as of March 2026.,F_LogUnion,F_LogUnion,0.6214196189605303,logical_union,True,"[""Canara Bank""]","[{""entity"": ""Canara Bank"", ""matched_node_name"": ""Canara Bank"", ""matched_id"": ""31f86e2e-5176-4254-84b7-30d66285d8d6"", ""matched_type"": ""COMPANY"", ""similarity"": 1.0, ""source"": ""gazetteer""}]","What percentage of <COMPANY> is held by its government promoter or largest shareholder, and as of what date?","{""nn1"": ""COMPANY"", ""nnp1"": ""31f86e2e-5176-4254-84b7-30d66285d8d6"", ""prop1_list"": [""OWNS"", ""REGULATED_BY"", ""OwnershipStake"", ""HELD_BY"", ""OWNS_STAKE_IN"", ""CorporateStructureRelation"", ""OWNERSHIP_STAKE"", ""CORPORATE_STRUCTURE_RELATION""], ""target_ids"": [], ""nnp2"": null}","{""nnp1"": ""31f86e2e-5176-4254-84b7-30d66285d8d6"", ""nnp2"": null, ""nnp3"": null, ""prop1"": ""CorporateStructureRelation"", ""nn1"": ""COMPANY"", ""nn2"": null, ""threshold"": null, ""target_ids"": [], ""prop1_list"": [""OWNS"", ""REGULATED_BY"", ""OwnershipStake"", ""HELD_BY"", ""OWNS_STAKE_IN"", ""CorporateStructureRelation"", ""OWNERSHIP_STAKE"", ""CORPORATE_STRUCTURE_RELATION""], ""metric_name"": null, ""topic_name1"": ""Canara Bank"", ""topic_name2"": null, ""segment_ids"": []}",primary,1,"Template: logical_union (F_LogUnion)
Query intent: Union of two relationship patterns from the same subject.

Row 1: [Canara Bank] The Government of India owns a 62.93% stake in Canara Bank as of March 2026. (as of 2026-03-31)",The Government of India holds a 62.93% stake in Canara Bank as of March 2026.,Relevant,The assistant summary accurately captures both the Government of India's 62.93% ownership stake and the March 2026 date specified in the reference answer.,
What was Canara Bank's CASA ratio in the most recently reported quarter?,29.70% in Q1 FY27 — lower than several peers running CASA ratios above 35%.,F_Simple,F_Simple,0.45300680749982714,simple_triplet,True,"[""Canara Bank"", ""CASA ratio""]","[{""entity"": ""Canara Bank"", ""matched_node_name"": ""Canara Bank"", ""matched_id"": ""31f86e2e-5176-4254-84b7-30d66285d8d6"", ""matched_type"": ""COMPANY"", ""similarity"": 1.0, ""source"": ""gazetteer""}, {""entity"": ""CASA ratio"", ""matched_node_name"": ""CASA ratio"", ""matched_id"": ""2f007236-19aa-494e-a277-c5e8d54d60fe"", ""matched_type"": ""METRIC"", ""similarity"": 1.0, ""source"": ""gazetteer""}]",What was <COMPANY>'s <METRIC> in the most recently reported quarter?,"{""nn1"": ""COMPANY"", ""target_ids"": [""2f007236-19aa-494e-a277-c5e8d54d60fe""], ""prop1_list"": [""HAS_METRIC"", ""MetricObservation"", ""HAS_WEAKNESS"", ""HAS_RISK_DRIVER"", ""HAS_STRENGTH"", ""HAS_GROWTH_DRIVER"", ""HAS_OPPORTUNITY"", ""HAS_MARGIN_DRIVER"", ""HAS_ROE_DRIVER"", ""HAS_VALUATION_DRIVER"", ""METRIC_OBSERVATION""], ""nnp1"": ""31f86e2e-5176-4254-84b7-30d66285d8d6""}","{""nnp1"": ""31f86e2e-5176-4254-84b7-30d66285d8d6"", ""nnp2"": ""2f007236-19aa-494e-a277-c5e8d54d60fe"", ""nnp3"": null, ""prop1"": ""HAS_STRENGTH"", ""nn1"": ""COMPANY"", ""nn2"": ""METRIC"", ""threshold"": null, ""target_ids"": [""2f007236-19aa-494e-a277-c5e8d54d60fe""], ""prop1_list"": [""HAS_METRIC"", ""MetricObservation"", ""HAS_WEAKNESS"", ""HAS_RISK_DRIVER"", ""HAS_STRENGTH"", ""HAS_GROWTH_DRIVER"", ""HAS_OPPORTUNITY"", ""HAS_MARGIN_DRIVER"", ""HAS_ROE_DRIVER"", ""HAS_VALUATION_DRIVER"", ""METRIC_OBSERVATION""], ""metric_name"": null, ""topic_name1"": ""Canara Bank"", ""topic_name2"": ""CASA ratio"", ""segment_ids"": []}",primary,22,"Template: simple_triplet (F_Simple)
Query intent: Simple question: subject linked to objects via a predicate.

Row 1: Canara Bank reported a CASA ratio of 29.70% in Q1 FY27.
Row 2: Canara Bank reported a return on assets of 1.04%.
Row 3: Canara Bank achieved a strong return on equity of 18.31%.
Row 4: Canara Bank reported a cost-to-income ratio of 49.03%.
Row 5: Canara Bank reported a gross NPA metric of 1.57%.
Row 6: Canara Bank reported a net NPA metric of 0.36%.
Row 7: Canara Bank reported a provision coverage metric of 94.76%.
Row 8: Canara Bank reported a capital adequacy of 17.17%.
Row 9: Canara Bank reported a CET1 ratio of 12.91%.
Row 10: Canara Bank saw its net profit metric grow by only about 2% year-on-year.
Row 11: Canara Bank features asset quality as a clear, high-confidence strength.
Row 12: Canara Bank exhibits margin compression as a likely weakness in its P&L.
Row 13: Canara Bank is hindered by heavier provisioning as a weakness affecting net profit growth.
Row 14: Canara Bank has a clear opportunity in its 17.97% advances growth outpacing peers.
Row 15: [Canara Bank] Agricultural credit expansion is a growth driver for Canara Bank.
Row 16: [Canara Bank] MSME credit expansion is expected to be a growth driver for Canara Bank.
Row 17: [Canara Bank] Retail credit expansion acts as a growth driver for Canara Bank.
Row 18: [Canara Bank] CASA mobilization is a margin driver for Canara Bank given its below-average base.
Row 19: [Canara Bank] Strong provisioning discipline drives Canara Bank's return on equity.
Row 20: [Canara Bank] Monsoon-linked agricultural seasonality is a key risk driver for Canara Bank.
Row 21: Canara Bank's asset-quality strength relative to peers serves as a valuation driver.
Row 22: Canara Bank reported Net interest income that reached ₹10,215 crore.",Canara Bank reported a CASA ratio of 29.70% in Q1 FY27.,Relevant,"The assistant summary accurately captures Canara Bank's CASA ratio of 29.70% in Q1 FY27, matching the core factual data from the reference answer.",
What are Canara Bank's gross NPA and net NPA ratios?,Gross NPA 1.57% and net NPA 0.36%.,F_Simple,F_Simple,0.5219059417885892,simple_triplet,True,"[""Canara Bank"", ""gross NPA"", ""net NPA""]","[{""entity"": ""Canara Bank"", ""matched_node_name"": ""Canara Bank"", ""matched_id"": ""31f86e2e-5176-4254-84b7-30d66285d8d6"", ""matched_type"": ""COMPANY"", ""similarity"": 1.0, ""source"": ""gazetteer""}, {""entity"": ""gross NPA"", ""matched_node_name"": ""gross NPA"", ""matched_id"": ""17de1b02-766d-4a7f-861e-a11cf8caa7ab"", ""matched_type"": ""METRIC"", ""similarity"": 1.0, ""source"": ""gazetteer""}, {""entity"": ""net NPA"", ""matched_node_name"": ""net NPA"", ""matched_id"": ""b0454088-e2c7-4c48-8ede-4505aee1e817"", ""matched_type"": ""METRIC"", ""similarity"": 1.0, ""source"": ""gazetteer""}]",What are <COMPANY>'s <METRIC> and <METRIC> ratios?,"{""nn1"": ""COMPANY"", ""target_ids"": [""17de1b02-766d-4a7f-861e-a11cf8caa7ab"", ""b0454088-e2c7-4c48-8ede-4505aee1e817""], ""prop1_list"": [""HAS_METRIC"", ""MetricObservation"", ""HAS_WEAKNESS"", ""HAS_RISK_DRIVER"", ""HAS_STRENGTH"", ""HAS_GROWTH_DRIVER"", ""HAS_OPPORTUNITY"", ""HAS_MARGIN_DRIVER"", ""HAS_ROE_DRIVER"", ""HAS_VALUATION_DRIVER"", ""METRIC_OBSERVATION""], ""nnp1"": ""31f86e2e-5176-4254-84b7-30d66285d8d6""}","{""nnp1"": ""31f86e2e-5176-4254-84b7-30d66285d8d6"", ""nnp2"": ""17de1b02-766d-4a7f-861e-a11cf8caa7ab"", ""nnp3"": null, ""prop1"": ""HAS_STRENGTH"", ""nn1"": ""COMPANY"", ""nn2"": ""METRIC"", ""threshold"": null, ""target_ids"": [""17de1b02-766d-4a7f-861e-a11cf8caa7ab"", ""b0454088-e2c7-4c48-8ede-4505aee1e817""], ""prop1_list"": [""HAS_METRIC"", ""MetricObservation"", ""HAS_WEAKNESS"", ""HAS_RISK_DRIVER"", ""HAS_STRENGTH"", ""HAS_GROWTH_DRIVER"", ""HAS_OPPORTUNITY"", ""HAS_MARGIN_DRIVER"", ""HAS_ROE_DRIVER"", ""HAS_VALUATION_DRIVER"", ""METRIC_OBSERVATION""], ""metric_name"": null, ""topic_name1"": ""Canara Bank"", ""topic_name2"": ""gross NPA"", ""segment_ids"": []}",primary,22,"Template: simple_triplet (F_Simple)
Query intent: Simple question: subject linked to objects via a predicate.

Row 1: Canara Bank reported a gross NPA metric of 1.57%.
Row 2: Canara Bank reported a net NPA metric of 0.36%.
Row 3: Canara Bank reported a return on assets of 1.04%.
Row 4: Canara Bank achieved a strong return on equity of 18.31%.
Row 5: Canara Bank reported a cost-to-income ratio of 49.03%.
Row 6: Canara Bank reported a provision coverage metric of 94.76%.
Row 7: Canara Bank reported a capital adequacy of 17.17%.
Row 8: Canara Bank reported a CET1 ratio of 12.91%.
Row 9: Canara Bank saw its net profit metric grow by only about 2% year-on-year.
Row 10: Canara Bank features asset quality as a clear, high-confidence strength.
Row 11: Canara Bank exhibits margin compression as a likely weakness in its P&L.
Row 12: Canara Bank is hindered by heavier provisioning as a weakness affecting net profit growth.
Row 13: Canara Bank has a clear opportunity in its 17.97% advances growth outpacing peers.
Row 14: [Canara Bank] Agricultural credit expansion is a growth driver for Canara Bank.
Row 15: [Canara Bank] MSME credit expansion is expected to be a growth driver for Canara Bank.
Row 16: [Canara Bank] Retail credit expansion acts as a growth driver for Canara Bank.
Row 17: [Canara Bank] CASA mobilization is a margin driver for Canara Bank given its below-average base.
Row 18: [Canara Bank] Strong provisioning discipline drives Canara Bank's return on equity.
Row 19: [Canara Bank] Monsoon-linked agricultural seasonality is a key risk driver for Canara Bank.
Row 20: Canara Bank's asset-quality strength relative to peers serves as a valuation driver.
Row 21: Canara Bank reported a CASA ratio of 29.70% in Q1 FY27.
Row 22: Canara Bank reported Net interest income that reached ₹10,215 crore.",Canara Bank reported a gross NPA ratio of 1.57% and a net NPA ratio of 0.36%.,Relevant,The assistant summary successfully conveys the exact gross NPA of 1.57% and net NPA of 0.36% as stated in the reference answer.,
"What is Canara Bank's capital adequacy ratio (CRAR), and its CET1 ratio if disclosed?",Capital adequacy 17.17% with CET1 12.91%.,F_Simple,F_Simple,0.4585325082585684,simple_triplet,True,"[""Canara Bank"", ""capital adequacy ratio"", ""CET1 ratio""]","[{""entity"": ""Canara Bank"", ""matched_node_name"": ""Canara Bank"", ""matched_id"": ""31f86e2e-5176-4254-84b7-30d66285d8d6"", ""matched_type"": ""COMPANY"", ""similarity"": 1.0, ""source"": ""gazetteer""}, {""entity"": ""capital adequacy ratio"", ""matched_node_name"": ""capital adequacy ratio"", ""matched_id"": ""e2c8bdab-25f2-49d9-b3b9-f24b21583fe2"", ""matched_type"": ""METRIC"", ""similarity"": 1.0, ""source"": ""gazetteer""}, {""entity"": ""CET1 ratio"", ""matched_node_name"": ""CET1 percentage"", ""matched_id"": ""c5469579-75e6-4c83-b0f9-c16c1485a02f"", ""matched_type"": ""METRIC"", ""similarity"": 0.99, ""source"": ""alias""}]","What is <COMPANY>'s <METRIC> (CRAR), and its <METRIC> if disclosed?","{""nn1"": ""COMPANY"", ""target_ids"": [""e2c8bdab-25f2-49d9-b3b9-f24b21583fe2"", ""c5469579-75e6-4c83-b0f9-c16c1485a02f""], ""prop1_list"": [""HAS_METRIC"", ""MetricObservation"", ""HAS_WEAKNESS"", ""HAS_RISK_DRIVER"", ""HAS_STRENGTH"", ""HAS_GROWTH_DRIVER"", ""HAS_OPPORTUNITY"", ""HAS_MARGIN_DRIVER"", ""HAS_ROE_DRIVER"", ""HAS_VALUATION_DRIVER"", ""METRIC_OBSERVATION""], ""nnp1"": ""31f86e2e-5176-4254-84b7-30d66285d8d6""}","{""nnp1"": ""31f86e2e-5176-4254-84b7-30d66285d8d6"", ""nnp2"": ""e2c8bdab-25f2-49d9-b3b9-f24b21583fe2"", ""nnp3"": null, ""prop1"": ""HAS_STRENGTH"", ""nn1"": ""COMPANY"", ""nn2"": ""METRIC"", ""threshold"": null, ""target_ids"": [""e2c8bdab-25f2-49d9-b3b9-f24b21583fe2"", ""c5469579-75e6-4c83-b0f9-c16c1485a02f""], ""prop1_list"": [""HAS_METRIC"", ""MetricObservation"", ""HAS_WEAKNESS"", ""HAS_RISK_DRIVER"", ""HAS_STRENGTH"", ""HAS_GROWTH_DRIVER"", ""HAS_OPPORTUNITY"", ""HAS_MARGIN_DRIVER"", ""HAS_ROE_DRIVER"", ""HAS_VALUATION_DRIVER"", ""METRIC_OBSERVATION""], ""metric_name"": null, ""topic_name1"": ""Canara Bank"", ""topic_name2"": ""capital adequacy ratio"", ""segment_ids"": []}",primary,22,"Template: simple_triplet (F_Simple)
Query intent: Simple question: subject linked to objects via a predicate.

Row 1: Canara Bank reported a capital adequacy of 17.17%.
Row 2: Canara Bank reported a return on assets of 1.04%.
Row 3: Canara Bank achieved a strong return on equity of 18.31%.
Row 4: Canara Bank reported a cost-to-income ratio of 49.03%.
Row 5: Canara Bank reported a gross NPA metric of 1.57%.
Row 6: Canara Bank reported a net NPA metric of 0.36%.
Row 7: Canara Bank reported a provision coverage metric of 94.76%.
Row 8: Canara Bank reported a CET1 ratio of 12.91%.
Row 9: Canara Bank saw its net profit metric grow by only about 2% year-on-year.
Row 10: Canara Bank features asset quality as a clear, high-confidence strength.
Row 11: Canara Bank exhibits margin compression as a likely weakness in its P&L.
Row 12: Canara Bank is hindered by heavier provisioning as a weakness affecting net profit growth.
Row 13: Canara Bank has a clear opportunity in its 17.97% advances growth outpacing peers.
Row 14: [Canara Bank] Agricultural credit expansion is a growth driver for Canara Bank.
Row 15: [Canara Bank] MSME credit expansion is expected to be a growth driver for Canara Bank.
Row 16: [Canara Bank] Retail credit expansion acts as a growth driver for Canara Bank.
Row 17: [Canara Bank] CASA mobilization is a margin driver for Canara Bank given its below-average base.
Row 18: [Canara Bank] Strong provisioning discipline drives Canara Bank's return on equity.
Row 19: [Canara Bank] Monsoon-linked agricultural seasonality is a key risk driver for Canara Bank.
Row 20: Canara Bank's asset-quality strength relative to peers serves as a valuation driver.
Row 21: Canara Bank reported a CASA ratio of 29.70% in Q1 FY27.
Row 22: Canara Bank reported Net interest income that reached ₹10,215 crore.","Canara Bank reported a capital adequacy ratio (CRAR) of 17.17%. Additionally, the bank disclosed a CET1 ratio of 12.91%.",Relevant,The assistant summary accurately matches the reference answer by stating both the capital adequacy ratio of 17.17% and the CET1 ratio of 12.91%.,
What are Canara Bank's return on assets (ROA) and return on equity (ROE) for the latest quarter?,Return on equity 18.31% and return on assets 1.04%.,F_Simple,F_Simple,0.5859677884172529,simple_triplet,True,"[""Canara Bank"", ""return on assets"", ""return on equity""]","[{""entity"": ""Canara Bank"", ""matched_node_name"": ""Canara Bank"", ""matched_id"": ""31f86e2e-5176-4254-84b7-30d66285d8d6"", ""matched_type"": ""COMPANY"", ""similarity"": 1.0, ""source"": ""gazetteer""}, {""entity"": ""return on assets"", ""matched_node_name"": ""return on assets"", ""matched_id"": ""9fe9c63b-26ba-4633-b3f0-2f73fa5b6d37"", ""matched_type"": ""METRIC"", ""similarity"": 1.0, ""source"": ""gazetteer""}, {""entity"": ""return on equity"", ""matched_node_name"": ""return on equity"", ""matched_id"": ""14e844eb-fd2b-4028-9460-92f4196b984a"", ""matched_type"": ""METRIC"", ""similarity"": 1.0, ""source"": ""gazetteer""}]",What are <COMPANY>'s <METRIC> (ROA) and <METRIC> (ROE) for the latest quarter?,"{""nn1"": ""COMPANY"", ""target_ids"": [""9fe9c63b-26ba-4633-b3f0-2f73fa5b6d37"", ""14e844eb-fd2b-4028-9460-92f4196b984a""], ""prop1_list"": [""HAS_METRIC"", ""MetricObservation"", ""HAS_WEAKNESS"", ""HAS_RISK_DRIVER"", ""HAS_STRENGTH"", ""HAS_GROWTH_DRIVER"", ""HAS_OPPORTUNITY"", ""HAS_MARGIN_DRIVER"", ""HAS_ROE_DRIVER"", ""HAS_VALUATION_DRIVER"", ""METRIC_OBSERVATION""], ""nnp1"": ""31f86e2e-5176-4254-84b7-30d66285d8d6""}","{""nnp1"": ""31f86e2e-5176-4254-84b7-30d66285d8d6"", ""nnp2"": ""9fe9c63b-26ba-4633-b3f0-2f73fa5b6d37"", ""nnp3"": null, ""prop1"": ""HAS_STRENGTH"", ""nn1"": ""COMPANY"", ""nn2"": ""METRIC"", ""threshold"": null, ""target_ids"": [""9fe9c63b-26ba-4633-b3f0-2f73fa5b6d37"", ""14e844eb-fd2b-4028-9460-92f4196b984a""], ""prop1_list"": [""HAS_METRIC"", ""MetricObservation"", ""HAS_WEAKNESS"", ""HAS_RISK_DRIVER"", ""HAS_STRENGTH"", ""HAS_GROWTH_DRIVER"", ""HAS_OPPORTUNITY"", ""HAS_MARGIN_DRIVER"", ""HAS_ROE_DRIVER"", ""HAS_VALUATION_DRIVER"", ""METRIC_OBSERVATION""], ""metric_name"": null, ""topic_name1"": ""Canara Bank"", ""topic_name2"": ""return on assets"", ""segment_ids"": []}",primary,22,"Template: simple_triplet (F_Simple)
Query intent: Simple question: subject linked to objects via a predicate.

Row 1: Canara Bank reported a return on assets of 1.04%.
Row 2: Canara Bank achieved a strong return on equity of 18.31%.
Row 3: Canara Bank reported a cost-to-income ratio of 49.03%.
Row 4: Canara Bank reported a gross NPA metric of 1.57%.
Row 5: Canara Bank reported a net NPA metric of 0.36%.
Row 6: Canara Bank reported a provision coverage metric of 94.76%.
Row 7: Canara Bank reported a capital adequacy of 17.17%.
Row 8: Canara Bank reported a CET1 ratio of 12.91%.
Row 9: Canara Bank saw its net profit metric grow by only about 2% year-on-year.
Row 10: Canara Bank features asset quality as a clear, high-confidence strength.
Row 11: Canara Bank exhibits margin compression as a likely weakness in its P&L.
Row 12: Canara Bank is hindered by heavier provisioning as a weakness affecting net profit growth.
Row 13: Canara Bank has a clear opportunity in its 17.97% advances growth outpacing peers.
Row 14: [Canara Bank] Agricultural credit expansion is a growth driver for Canara Bank.
Row 15: [Canara Bank] MSME credit expansion is expected to be a growth driver for Canara Bank.
Row 16: [Canara Bank] Retail credit expansion acts as a growth driver for Canara Bank.
Row 17: [Canara Bank] CASA mobilization is a margin driver for Canara Bank given its below-average base.
Row 18: [Canara Bank] Strong provisioning discipline drives Canara Bank's return on equity.
Row 19: [Canara Bank] Monsoon-linked agricultural seasonality is a key risk driver for Canara Bank.
Row 20: Canara Bank's asset-quality strength relative to peers serves as a valuation driver.
Row 21: Canara Bank reported a CASA ratio of 29.70% in Q1 FY27.
Row 22: Canara Bank reported Net interest income that reached ₹10,215 crore.","Canara Bank reported a return on assets (ROA) of 1.04%. Additionally, the bank achieved a strong return on equity (ROE) of 18.31%.",Relevant,"The assistant summary successfully conveys both the return on assets of 1.04% and the return on equity of 18.31%, matching all specific factual metrics provided in the reference answer.",
What was Canara Bank's total advances (loan book) and deposit growth in the latest quarter?,Advances grew 17.97% year-on-year and deposits 11.63%.,F_Simple,F_Simple,0.5741154930246071,simple_triplet,True,"[""Canara Bank"", ""total advances"", ""loan"", ""deposit growth""]","[{""entity"": ""Canara Bank"", ""matched_node_name"": ""Canara Bank"", ""matched_id"": ""31f86e2e-5176-4254-84b7-30d66285d8d6"", ""matched_type"": ""COMPANY"", ""similarity"": 1.0, ""source"": ""gazetteer""}, {""entity"": ""total advances"", ""matched_node_name"": ""Total advances"", ""matched_id"": ""a1b36a29-fc07-41cc-b3a3-010e50f98882"", ""matched_type"": ""ASSETCLASS"", ""similarity"": 1.0, ""source"": ""gazetteer""}, {""entity"": ""loan"", ""matched_node_name"": ""loan"", ""matched_id"": ""13c28420-d40d-41d9-9101-1e3596e3c2ba"", ""matched_type"": ""PRODUCT"", ""similarity"": 1.0, ""source"": ""gazetteer""}, {""entity"": ""deposit growth"", ""matched_node_name"": ""Deposit growth"", ""matched_id"": ""7a5ad916-7608-42a4-b7b8-cef3032e3b45"", ""matched_type"": ""METRIC"", ""similarity"": 1.0, ""source"": ""gazetteer""}]",What was <COMPANY>'s <ASSETCLASS> (<PRODUCT> book) and <METRIC> in the latest quarter?,"{""nn1"": ""COMPANY"", ""target_ids"": [""a1b36a29-fc07-41cc-b3a3-010e50f98882"", ""13c28420-d40d-41d9-9101-1e3596e3c2ba"", ""7a5ad916-7608-42a4-b7b8-cef3032e3b45""], ""prop1_list"": [""HAS_METRIC"", ""MetricObservation"", ""ExposureRelation"", ""FUNDED_BY"", ""HAS_WEAKNESS"", ""HAS_RISK_DRIVER"", ""HAS_LOAN_EXPOSURE_TO"", ""HAS_STRENGTH"", ""HAS_GROWTH_DRIVER"", ""HAS_OPPORTUNITY"", ""HAS_MARGIN_DRIVER"", ""HAS_ROE_DRIVER"", ""HAS_VALUATION_DRIVER"", ""HAS_ASSET_EXPOSURE_TO"", ""METRIC_OBSERVATION"", ""EXPOSURE_RELATION""], ""nnp1"": ""31f86e2e-5176-4254-84b7-30d66285d8d6""}","{""nnp1"": ""31f86e2e-5176-4254-84b7-30d66285d8d6"", ""nnp2"": ""13c28420-d40d-41d9-9101-1e3596e3c2ba"", ""nnp3"": null, ""prop1"": ""HAS_STRENGTH"", ""nn1"": ""COMPANY"", ""nn2"": ""PRODUCT"", ""threshold"": null, ""target_ids"": [""a1b36a29-fc07-41cc-b3a3-010e50f98882"", ""13c28420-d40d-41d9-9101-1e3596e3c2ba"", ""7a5ad916-7608-42a4-b7b8-cef3032e3b45""], ""prop1_list"": [""HAS_METRIC"", ""MetricObservation"", ""ExposureRelation"", ""FUNDED_BY"", ""HAS_WEAKNESS"", ""HAS_RISK_DRIVER"", ""HAS_LOAN_EXPOSURE_TO"", ""HAS_STRENGTH"", ""HAS_GROWTH_DRIVER"", ""HAS_OPPORTUNITY"", ""HAS_MARGIN_DRIVER"", ""HAS_ROE_DRIVER"", ""HAS_VALUATION_DRIVER"", ""HAS_ASSET_EXPOSURE_TO"", ""METRIC_OBSERVATION"", ""EXPOSURE_RELATION""], ""metric_name"": null, ""topic_name1"": ""Canara Bank"", ""topic_name2"": ""loan"", ""segment_ids"": []}",relaxed_direction,27,"Template: simple_triplet (F_Simple)
Query intent: Simple question: subject linked to objects via a predicate.

Row 1: Canara Bank is exposed to interest-rate risk.
Row 2: Canara Bank is exposed to ordinary regulatory risk.
Row 3: Canara Bank reported a return on assets of 1.04%.
Row 4: Canara Bank achieved a strong return on equity of 18.31%.
Row 5: Canara Bank reported a cost-to-income ratio of 49.03%.
Row 6: Canara Bank reported a gross NPA metric of 1.57%.
Row 7: Canara Bank reported a net NPA metric of 0.36%.
Row 8: Canara Bank reported a provision coverage metric of 94.76%.
Row 9: Canara Bank reported a capital adequacy of 17.17%.
Row 10: Canara Bank reported a CET1 ratio of 12.91%.
Row 11: Canara Bank is exposed to funding risk given its lower CASA base.
Row 12: Canara Bank holds exposure to Advances, which grew 17.97% year-on-year.
Row 13: Canara Bank saw its net profit metric grow by only about 2% year-on-year.
Row 14: Canara Bank features asset quality as a clear, high-confidence strength.
Row 15: Canara Bank exhibits margin compression as a likely weakness in its P&L.
Row 16: Canara Bank is hindered by heavier provisioning as a weakness affecting net profit growth.
Row 17: Canara Bank has a clear opportunity in its 17.97% advances growth outpacing peers.
Row 18: [Canara Bank] Agricultural credit expansion is a growth driver for Canara Bank.
Row 19: [Canara Bank] MSME credit expansion is expected to be a growth driver for Canara Bank.
Row 20: [Canara Bank] Retail credit expansion acts as a growth driver for Canara Bank.
Row 21: [Canara Bank] CASA mobilization is a margin driver for Canara Bank given its below-average base.
Row 22: [Canara Bank] Strong provisioning discipline drives Canara Bank's return on equity.
Row 23: [Canara Bank] Monsoon-linked agricultural seasonality is a key risk driver for Canara Bank.
Row 24: Canara Bank's asset-quality strength relative to peers serves as a valuation driver.
Row 25: Canara Bank is exposed to credit risk tied to the seasonality of its agricultural book.
Row 26: Canara Bank reported a CASA ratio of 29.70% in Q1 FY27.
Row 27: Canara Bank reported Net interest income that reached ₹10,215 crore.","The retrieved facts do not cover Canara Bank's deposit growth in the latest quarter. However, regarding its loan book, Canara Bank's advances grew by 17.97% year-on-year.",Somewhat relevant,"The assistant summary correctly reports the 17.97% year-on-year advances growth from the reference answer, but incorrectly claims that deposit growth information is not covered, missing the 11.63% deposit growth.",
"What credit ratings has Canara Bank received, and from which rating agencies?","No current, dated credit rating for Canara Bank could be confirmed in this dataset.",F_Simple,F_Simple,0.5229460713108118,simple_triplet,True,"[""Canara Bank""]","[{""entity"": ""Canara Bank"", ""matched_node_name"": ""Canara Bank"", ""matched_id"": ""31f86e2e-5176-4254-84b7-30d66285d8d6"", ""matched_type"": ""COMPANY"", ""similarity"": 1.0, ""source"": ""gazetteer""}]","What credit ratings has <COMPANY> received, and from which rating agencies?","{""nn1"": ""COMPANY"", ""target_ids"": [], ""prop1_list"": [""HAS_RATING"", ""RATED_BY""], ""nnp1"": ""31f86e2e-5176-4254-84b7-30d66285d8d6""}","{""nnp1"": ""31f86e2e-5176-4254-84b7-30d66285d8d6"", ""nnp2"": null, ""nnp3"": null, ""prop1"": ""HAS_RATING"", ""nn1"": ""COMPANY"", ""nn2"": null, ""threshold"": null, ""target_ids"": [], ""prop1_list"": [""HAS_RATING"", ""RATED_BY""], ""metric_name"": null, ""topic_name1"": ""Canara Bank"", ""topic_name2"": null, ""segment_ids"": []}",attribute_lookup,7,"Template: simple_triplet (F_Simple)
Query intent: Simple question: subject linked to objects via a predicate.

Row 1: Canara Bank's banking_segment is Public Sector Bank
Row 2: Canara Bank's country is India
Row 3: Canara Bank's description is Canara Bank, headquartered in Bengaluru, Karnataka, is a Government of India-owned universal bank with a strong South Indian retail, agricultural and MSME franchise.
Row 4: Canara Bank's exchange is NSE, BSE
Row 5: Canara Bank's legal_name is Canara Bank
Row 6: Canara Bank's listed is True
Row 7: Canara Bank's ticker is CANBK",The retrieved facts do not cover the credit ratings received by Canara Bank or the rating agencies that issued them.,Relevant,Both the reference answer and the assistant summary correctly state that the current credit ratings for Canara Bank are not covered or confirmed in the dataset.,
"Roughly how many branches and ATMs does Canara Bank operate, and as of what date?","9,861 branches and a combination of 7,907 ATMs and 2,940 cash-recycling machines as of June 2025, plus international operations in the UK, UAE, US, Hong Kong, China, Bahrain and Tanzania.",F_QuantCount,F_QuantCount,0.5019551925676716,quant_count,True,"[""branches"", ""ATMs"", ""Canara Bank""]","[{""entity"": ""branches"", ""matched_node_name"": ""branches"", ""matched_id"": ""825450c5-3a89-46a1-bf6f-9b5e414de076"", ""matched_type"": ""DISTRIBUTIONCHANNEL"", ""similarity"": 1.0, ""source"": ""gazetteer""}, {""entity"": ""ATMs"", ""matched_node_name"": ""ATMs"", ""matched_id"": ""4211be7c-a18e-4211-bd8a-4534d423385e"", ""matched_type"": ""DISTRIBUTIONCHANNEL"", ""similarity"": 1.0, ""source"": ""gazetteer""}, {""entity"": ""Canara Bank"", ""matched_node_name"": ""Canara Bank"", ""matched_id"": ""31f86e2e-5176-4254-84b7-30d66285d8d6"", ""matched_type"": ""COMPANY"", ""similarity"": 1.0, ""source"": ""gazetteer""}]","Roughly how many <DISTRIBUTIONCHANNEL> and <DISTRIBUTIONCHANNEL> does <COMPANY> operate, and as of what date?","{""nn1"": ""COMPANY"", ""prop1_list"": [""USES_CHANNEL"", ""DEPENDS_ON""], ""nnp1"": ""31f86e2e-5176-4254-84b7-30d66285d8d6"", ""nn2"": ""DISTRIBUTIONCHANNEL""}","{""nnp1"": ""31f86e2e-5176-4254-84b7-30d66285d8d6"", ""nnp2"": ""825450c5-3a89-46a1-bf6f-9b5e414de076"", ""nnp3"": null, ""prop1"": ""USES_CHANNEL"", ""nn1"": ""COMPANY"", ""nn2"": ""DISTRIBUTIONCHANNEL"", ""threshold"": null, ""target_ids"": [""825450c5-3a89-46a1-bf6f-9b5e414de076"", ""4211be7c-a18e-4211-bd8a-4534d423385e""], ""prop1_list"": [""USES_CHANNEL"", ""DEPENDS_ON""], ""metric_name"": null, ""topic_name1"": ""Canara Bank"", ""topic_name2"": ""branches"", ""segment_ids"": []}",primary,1,"Template: quant_count (F_QuantCount)
Query intent: Count related objects for a subject entity.

Row 1: subject_name=Canara Bank | object_count=3 (3 facts)
  - Canara Bank utilizes 2,940 cash-recycling machines. (as of 2025-06-01)
  - Canara Bank utilizes a network of 9,861 branches as of June 2025. (as of 2025-06-01)
  - Canara Bank utilizes 7,907 ATMs in its network. (as of 2025-06-01)","Canara Bank operates a network of 9,861 branches and 7,907 ATMs as of June 2025 (specifically, June 1, 2025).",Somewhat relevant,"The assistant summary correctly identifies the number of branches (9,861), ATMs (7,907), and the date (June 2025), but it completely omits the cash-recycling machines (2,940) and the international operations mentioned in the reference answer.",
"What products and services does Canara Bank offer, and which customer segments does it serve?","Standard product range plus trade finance, treasury, forex, cash management, and insurance/asset-management distribution through its Canara HSBC Life Insurance and Canara Robeco Asset Management joint ventures.",F_Simple,F_Simple,0.5902610031105305,simple_triplet,True,"[""Canara Bank""]","[{""entity"": ""Canara Bank"", ""matched_node_name"": ""Canara Bank"", ""matched_id"": ""31f86e2e-5176-4254-84b7-30d66285d8d6"", ""matched_type"": ""COMPANY"", ""similarity"": 1.0, ""source"": ""gazetteer""}]","What products and services does <COMPANY> offer, and which customer segments does it serve?","{""nn1"": ""COMPANY"", ""target_ids"": [], ""prop1_list"": [""ExposureRelation"", ""OFFERS_PRODUCT"", ""PROVIDES_SERVICE"", ""SERVES"", ""TARGETS"", ""HAS_ASSET_EXPOSURE_TO"", ""EXPOSURE_RELATION""], ""nnp1"": ""31f86e2e-5176-4254-84b7-30d66285d8d6""}","{""nnp1"": ""31f86e2e-5176-4254-84b7-30d66285d8d6"", ""nnp2"": null, ""nnp3"": null, ""prop1"": ""SERVES"", ""nn1"": ""COMPANY"", ""nn2"": null, ""threshold"": null, ""target_ids"": [], ""prop1_list"": [""ExposureRelation"", ""OFFERS_PRODUCT"", ""PROVIDES_SERVICE"", ""SERVES"", ""TARGETS"", ""HAS_ASSET_EXPOSURE_TO"", ""EXPOSURE_RELATION""], ""metric_name"": null, ""topic_name1"": ""Canara Bank"", ""topic_name2"": null, ""segment_ids"": []}",primary,14,"Template: simple_triplet (F_Simple)
Query intent: Simple question: subject linked to objects via a predicate.

Row 1: Canara Bank holds exposure to Advances, which grew 17.97% year-on-year.
Row 2: Canara Bank serves MSME customers.
Row 3: Canara Bank serves agricultural customers.
Row 4: Canara Bank provides asset-management distribution services.
Row 5: Canara Bank provides cash management services.
Row 6: Canara Bank is exposed to credit risk tied to the seasonality of its agricultural book.
Row 7: Canara Bank provides forex services.
Row 8: Canara Bank is exposed to funding risk given its lower CASA base.
Row 9: Canara Bank provides insurance distribution services.
Row 10: Canara Bank is exposed to interest-rate risk.
Row 11: Canara Bank is exposed to ordinary regulatory risk.
Row 12: Canara Bank serves retail customers.
Row 13: Canara Bank provides trade finance services.
Row 14: Canara Bank provides treasury services.","Canara Bank offers a range of financial products and services, including treasury services, trade finance, forex services, cash management, asset-management distribution, and insurance distribution. To serve its market, the bank caters to retail customers, agricultural customers, and micro, small, and medium enterprise (MSME) customers.",Relevant,"The assistant summary successfully includes all the core products and services from the reference answer (treasury, trade finance, forex, cash management, and distribution of insurance and asset management) while appropriately providing additional context on the customer segments it serves.",
What is Union Bank of India's ticker symbol and on which exchange(s) does it trade?,"UNIONBANK, listed on both the NSE and the BSE.",F_Simple,F_Simple,0.5272617020235415,simple_triplet,True,"[""Union Bank of India""]","[{""entity"": ""Union Bank of India"", ""matched_node_name"": ""Union Bank of India"", ""matched_id"": ""0ba74b32-c283-48cc-bf1a-ec9602f42d5f"", ""matched_type"": ""COMPANY"", ""similarity"": 1.0, ""source"": ""gazetteer""}]",What is <COMPANY>'s ticker symbol and on which exchange(s) does it trade?,"{""nnp1"": ""0ba74b32-c283-48cc-bf1a-ec9602f42d5f""}","{""nnp1"": ""0ba74b32-c283-48cc-bf1a-ec9602f42d5f"", ""nnp2"": null, ""nnp3"": null, ""prop1"": null, ""nn1"": ""COMPANY"", ""nn2"": null, ""threshold"": null, ""target_ids"": [], ""prop1_list"": [], ""metric_name"": null, ""topic_name1"": ""Union Bank of India"", ""topic_name2"": null, ""segment_ids"": []}",attribute_lookup_direct,7,"Template: simple_triplet (F_Simple)
Query intent: Simple question: subject linked to objects via a predicate.

Row 1: Union Bank of India's banking_segment is Universal Bank
Row 2: Union Bank of India's country is India
Row 3: Union Bank of India's description is Union Bank of India is a Government of India-owned universal bank headquartered in Mumbai. It offers retail, MSME, agricultural, and corporate banking products, along with trade finance, treasury, forex, and cash management services, and is undergoing a digital transformation push branded Vyom.
Row 4: Union Bank of India's exchange is NSE, BSE
Row 5: Union Bank of India's legal_name is Union Bank of India
Row 6: Union Bank of India's listed is True
Row 7: Union Bank of India's ticker is UNIONBANK","Union Bank of India's ticker symbol is UNIONBANK, and it trades on the NSE and BSE exchanges.",Relevant,"The assistant summary correctly identifies the ticker symbol as UNIONBANK and lists both the NSE and BSE exchanges, perfectly matching the substance of the reference answer.",
"Who is the current MD & CEO (or Chairman, where that is the top executive title) of Union Bank of India?","Asheesh Pandey was appointed MD & CEO in 2026, succeeding A. Manimekhalai; the current non-executive chairman could not be confirmed (sources conflict on whether Srinivasan Varadarajan still holds the role).",F_Simple,F_Simple,0.5283378025783668,simple_triplet,True,"[""Union Bank of India""]","[{""entity"": ""Union Bank of India"", ""matched_node_name"": ""Union Bank of India"", ""matched_id"": ""0ba74b32-c283-48cc-bf1a-ec9602f42d5f"", ""matched_type"": ""COMPANY"", ""similarity"": 1.0, ""source"": ""gazetteer""}]","Who is the current MD & CEO (or Chairman, where that is the top executive title) of <COMPANY>?","{""nn1"": ""COMPANY"", ""target_ids"": [], ""prop1_list"": [""GovernanceRole"", ""HOLDS_ROLE"", ""GOVERNANCE_ROLE""], ""nnp1"": ""0ba74b32-c283-48cc-bf1a-ec9602f42d5f""}","{""nnp1"": ""0ba74b32-c283-48cc-bf1a-ec9602f42d5f"", ""nnp2"": null, ""nnp3"": null, ""prop1"": ""GovernanceRole"", ""nn1"": ""COMPANY"", ""nn2"": null, ""threshold"": null, ""target_ids"": [], ""prop1_list"": [""GovernanceRole"", ""HOLDS_ROLE"", ""GOVERNANCE_ROLE""], ""metric_name"": null, ""topic_name1"": ""Union Bank of India"", ""topic_name2"": null, ""segment_ids"": []}",primary,3,"Template: simple_triplet (F_Simple)
Query intent: Simple question: subject linked to objects via a predicate.

Row 1: [Union Bank of India] A. Manimekhalai completed her tenure as MD & CEO of Union Bank of India in 2026.
Row 2: [Union Bank of India] Asheesh Pandey was appointed MD & CEO of Union Bank of India in 2026. (as of 2026-01-01)
Row 3: [Union Bank of India] Srinivasan Varadarajan is named as the non-executive chairman of Union Bank of India.","Asheesh Pandey serves as the MD & CEO of Union Bank of India following his appointment in 2026, succeeding A. Manimekhalai whose tenure ended that year. Additionally, Srinivasan Varadarajan holds the position of non-executive chairman of the bank.",Relevant,"The assistant summary correctly identifies Asheesh Pandey as the MD & CEO appointed in 2026 succeeding A. Manimekhalai, and reasonably includes Srinivasan Varadarajan as the non-executive chairman despite the reference answer noting conflicting sources for that role.",
"What percentage of Union Bank of India is held by its government promoter or largest shareholder, and as of what date?","Reported at roughly 74.76% by one source (ChoiceIndia), though the exact reporting period behind that figure is ambiguous.",F_LogUnion,F_LogUnion,0.6214196189605303,logical_union,True,"[""Union Bank of India""]","[{""entity"": ""Union Bank of India"", ""matched_node_name"": ""Union Bank of India"", ""matched_id"": ""0ba74b32-c283-48cc-bf1a-ec9602f42d5f"", ""matched_type"": ""COMPANY"", ""similarity"": 1.0, ""source"": ""gazetteer""}]","What percentage of <COMPANY> is held by its government promoter or largest shareholder, and as of what date?","{""nn1"": ""COMPANY"", ""nnp1"": ""0ba74b32-c283-48cc-bf1a-ec9602f42d5f"", ""prop1_list"": [""OWNS"", ""REGULATED_BY"", ""OwnershipStake"", ""HELD_BY"", ""OWNS_STAKE_IN"", ""CorporateStructureRelation"", ""OWNERSHIP_STAKE"", ""CORPORATE_STRUCTURE_RELATION""], ""target_ids"": [], ""nnp2"": null}","{""nnp1"": ""0ba74b32-c283-48cc-bf1a-ec9602f42d5f"", ""nnp2"": null, ""nnp3"": null, ""prop1"": ""CorporateStructureRelation"", ""nn1"": ""COMPANY"", ""nn2"": null, ""threshold"": null, ""target_ids"": [], ""prop1_list"": [""OWNS"", ""REGULATED_BY"", ""OwnershipStake"", ""HELD_BY"", ""OWNS_STAKE_IN"", ""CorporateStructureRelation"", ""OWNERSHIP_STAKE"", ""CORPORATE_STRUCTURE_RELATION""], ""metric_name"": null, ""topic_name1"": ""Union Bank of India"", ""topic_name2"": null, ""segment_ids"": []}",primary,8,"Template: logical_union (F_LogUnion)
Query intent: Union of two relationship patterns from the same subject.

Row 1: [Union Bank of India] Insurance institutions are cited as holding a 6.70% stake in Union Bank of India.
Row 2: [Union Bank of India] Other domestic institutions are cited as holding a 0.55% stake in Union Bank of India.
Row 3: [Union Bank of India] Retail investors are cited as holding a 4.63% stake in Union Bank of India.
Row 4: [Union Bank of India] Andhra Bank amalgamated with Union Bank of India.
Row 5: [Union Bank of India] Corporation Bank amalgamated with Union Bank of India.
Row 6: [Union Bank of India] The Government of India is the majority owner of Union Bank of India, with reported ownership at roughly 74.76%.
Row 7: [Union Bank of India] Mutual funds are cited as holding a 4.73% stake in Union Bank of India.
Row 8: [Union Bank of India] FIIs are cited as holding an 8.63% stake in Union Bank of India.","The Government of India is the majority owner and largest shareholder of Union Bank of India, holding a stake of roughly 74.76%.",Relevant,"The assistant summary successfully conveys the core factual content of the reference answer by stating the roughly 74.76% stake held by the majority shareholder, while appropriately reflecting the ambiguity regarding the exact reporting date.",
What was Union Bank of India's CASA ratio in the most recently reported quarter?,"No precise ratio given; management referenced average CASA balances exceeding ₹24,000 crore.",F_Simple,F_Simple,0.45300680749982714,simple_triplet,True,"[""Union Bank of India"", ""CASA ratio""]","[{""entity"": ""Union Bank of India"", ""matched_node_name"": ""Union Bank of India"", ""matched_id"": ""0ba74b32-c283-48cc-bf1a-ec9602f42d5f"", ""matched_type"": ""COMPANY"", ""similarity"": 1.0, ""source"": ""gazetteer""}, {""entity"": ""CASA ratio"", ""matched_node_name"": ""CASA ratio"", ""matched_id"": ""2f007236-19aa-494e-a277-c5e8d54d60fe"", ""matched_type"": ""METRIC"", ""similarity"": 1.0, ""source"": ""gazetteer""}]",What was <COMPANY>'s <METRIC> in the most recently reported quarter?,"{""nn1"": ""COMPANY"", ""target_ids"": [""2f007236-19aa-494e-a277-c5e8d54d60fe""], ""prop1_list"": [""HAS_METRIC"", ""MetricObservation"", ""HAS_WEAKNESS"", ""HAS_RISK_DRIVER"", ""HAS_STRENGTH"", ""HAS_GROWTH_DRIVER"", ""HAS_OPPORTUNITY"", ""HAS_MARGIN_DRIVER"", ""HAS_ROE_DRIVER"", ""HAS_VALUATION_DRIVER"", ""METRIC_OBSERVATION""], ""nnp1"": ""0ba74b32-c283-48cc-bf1a-ec9602f42d5f""}","{""nnp1"": ""0ba74b32-c283-48cc-bf1a-ec9602f42d5f"", ""nnp2"": ""2f007236-19aa-494e-a277-c5e8d54d60fe"", ""nnp3"": null, ""prop1"": ""HAS_STRENGTH"", ""nn1"": ""COMPANY"", ""nn2"": ""METRIC"", ""threshold"": null, ""target_ids"": [""2f007236-19aa-494e-a277-c5e8d54d60fe""], ""prop1_list"": [""HAS_METRIC"", ""MetricObservation"", ""HAS_WEAKNESS"", ""HAS_RISK_DRIVER"", ""HAS_STRENGTH"", ""HAS_GROWTH_DRIVER"", ""HAS_OPPORTUNITY"", ""HAS_MARGIN_DRIVER"", ""HAS_ROE_DRIVER"", ""HAS_VALUATION_DRIVER"", ""METRIC_OBSERVATION""], ""metric_name"": null, ""topic_name1"": ""Union Bank of India"", ""topic_name2"": ""CASA ratio"", ""segment_ids"": []}",primary,17,"Template: simple_triplet (F_Simple)
Query intent: Simple question: subject linked to objects via a predicate.

Row 1: [Union Bank of India] A precise current CASA ratio was not found for Union Bank of India.
Row 2: Union Bank of India recorded a return on assets of 1.36%.
Row 3: Union Bank of India anticipates return on equity to be driven by its sustained 1.36% return on assets.
Row 4: Union Bank of India reported an improvement in its cost-to-income ratio, down 500 basis points year-on-year.
Row 5: Union Bank of India's gross NPA improved to 2.65% from 3.52% a year earlier.
Row 6: Union Bank of India recorded a net NPA of 0.47%.
Row 7: Union Bank of India possesses a capital adequacy of 18.46%.
Row 8: [Union Bank of India] A February 2026 Fitch release cited Union Bank of India's CET1 at 15.7%. (as of 2026-02-01)
Row 9: Union Bank of India's management referenced average CASA balances exceeding ₹24,000 crore.
Row 10: Union Bank of India has a net interest margin of 2.80% according to its earnings call.
Row 11: [Union Bank of India] Fitch tracks the Viability Rating of Union Bank of India.
Row 12: [Union Bank of India] Fitch evaluates Union Bank of India's Long-Term Issuer Default Rating.
Row 13: Union Bank of India had a cited advances growth of 12.50% year-on-year.
Row 14: Union Bank of India had a cited deposit growth of just 3.50%.
Row 15: Union Bank of India's standalone net profit rose 29.5% year-on-year to ₹5,332 crore.
Row 16: Union Bank of India achieved a consolidated net profit of ₹5,641 crore.
Row 17: Union Bank of India's reported net interest income reached ₹10,037 crore, growing 10.14% year-on-year.","The retrieved facts do not cover a precise current CASA ratio for Union Bank of India, though management referenced average CASA balances exceeding ₹24,000 crore.",Relevant,"The assistant summary correctly notes that no precise CASA ratio was given while accurately matching the reference answer's specific detail that management referenced average CASA balances exceeding ₹24,000 crore.",
What is Union Bank of India's net interest margin (NIM) for the latest reported period?,2.80% per the earnings-call transcript.,F_Simple,F_Simple,0.41326111719969927,simple_triplet,True,"[""Union Bank of India"", ""net interest margin""]","[{""entity"": ""Union Bank of India"", ""matched_node_name"": ""Union Bank of India"", ""matched_id"": ""0ba74b32-c283-48cc-bf1a-ec9602f42d5f"", ""matched_type"": ""COMPANY"", ""similarity"": 1.0, ""source"": ""gazetteer""}, {""entity"": ""net interest margin"", ""matched_node_name"": ""net interest margin"", ""matched_id"": ""d5aaa814-57dd-46cd-b801-d73c80a43d6c"", ""matched_type"": ""METRIC"", ""similarity"": 1.0, ""source"": ""gazetteer""}]",What is <COMPANY>'s <METRIC> (NIM) for the latest reported period?,"{""nn1"": ""COMPANY"", ""target_ids"": [""d5aaa814-57dd-46cd-b801-d73c80a43d6c""], ""prop1_list"": [""HAS_METRIC"", ""MetricObservation"", ""HAS_WEAKNESS"", ""HAS_RISK_DRIVER"", ""HAS_STRENGTH"", ""HAS_GROWTH_DRIVER"", ""HAS_OPPORTUNITY"", ""HAS_MARGIN_DRIVER"", ""HAS_ROE_DRIVER"", ""HAS_VALUATION_DRIVER"", ""METRIC_OBSERVATION""], ""nnp1"": ""0ba74b32-c283-48cc-bf1a-ec9602f42d5f""}","{""nnp1"": ""0ba74b32-c283-48cc-bf1a-ec9602f42d5f"", ""nnp2"": ""d5aaa814-57dd-46cd-b801-d73c80a43d6c"", ""nnp3"": null, ""prop1"": ""HAS_STRENGTH"", ""nn1"": ""COMPANY"", ""nn2"": ""METRIC"", ""threshold"": null, ""target_ids"": [""d5aaa814-57dd-46cd-b801-d73c80a43d6c""], ""prop1_list"": [""HAS_METRIC"", ""MetricObservation"", ""HAS_WEAKNESS"", ""HAS_RISK_DRIVER"", ""HAS_STRENGTH"", ""HAS_GROWTH_DRIVER"", ""HAS_OPPORTUNITY"", ""HAS_MARGIN_DRIVER"", ""HAS_ROE_DRIVER"", ""HAS_VALUATION_DRIVER"", ""METRIC_OBSERVATION""], ""metric_name"": null, ""topic_name1"": ""Union Bank of India"", ""topic_name2"": ""net interest margin"", ""segment_ids"": []}",primary,17,"Template: simple_triplet (F_Simple)
Query intent: Simple question: subject linked to objects via a predicate.

Row 1: Union Bank of India has a net interest margin of 2.80% according to its earnings call.
Row 2: Union Bank of India recorded a return on assets of 1.36%.
Row 3: Union Bank of India anticipates return on equity to be driven by its sustained 1.36% return on assets.
Row 4: Union Bank of India reported an improvement in its cost-to-income ratio, down 500 basis points year-on-year.
Row 5: Union Bank of India's gross NPA improved to 2.65% from 3.52% a year earlier.
Row 6: Union Bank of India recorded a net NPA of 0.47%.
Row 7: Union Bank of India possesses a capital adequacy of 18.46%.
Row 8: [Union Bank of India] A February 2026 Fitch release cited Union Bank of India's CET1 at 15.7%. (as of 2026-02-01)
Row 9: Union Bank of India's management referenced average CASA balances exceeding ₹24,000 crore.
Row 10: [Union Bank of India] Fitch tracks the Viability Rating of Union Bank of India.
Row 11: [Union Bank of India] Fitch evaluates Union Bank of India's Long-Term Issuer Default Rating.
Row 12: Union Bank of India had a cited advances growth of 12.50% year-on-year.
Row 13: Union Bank of India had a cited deposit growth of just 3.50%.
Row 14: Union Bank of India's standalone net profit rose 29.5% year-on-year to ₹5,332 crore.
Row 15: Union Bank of India achieved a consolidated net profit of ₹5,641 crore.
Row 16: [Union Bank of India] A precise current CASA ratio was not found for Union Bank of India.
Row 17: Union Bank of India's reported net interest income reached ₹10,037 crore, growing 10.14% year-on-year.",Union Bank of India has a net interest margin of 2.80% according to its earnings call.,Relevant,The assistant summary correctly matches the reference answer by stating the exact net interest margin of 2.80% and correctly attributes it to the earnings call.,
What are Union Bank of India's gross NPA and net NPA ratios?,Gross NPA improved to 2.65% from 3.52% a year earlier; net NPA 0.47%.,F_Simple,F_Simple,0.5219059417885892,simple_triplet,True,"[""Union Bank of India"", ""gross NPA"", ""net NPA""]","[{""entity"": ""Union Bank of India"", ""matched_node_name"": ""Union Bank of India"", ""matched_id"": ""0ba74b32-c283-48cc-bf1a-ec9602f42d5f"", ""matched_type"": ""COMPANY"", ""similarity"": 1.0, ""source"": ""gazetteer""}, {""entity"": ""gross NPA"", ""matched_node_name"": ""gross NPA"", ""matched_id"": ""17de1b02-766d-4a7f-861e-a11cf8caa7ab"", ""matched_type"": ""METRIC"", ""similarity"": 1.0, ""source"": ""gazetteer""}, {""entity"": ""net NPA"", ""matched_node_name"": ""net NPA"", ""matched_id"": ""b0454088-e2c7-4c48-8ede-4505aee1e817"", ""matched_type"": ""METRIC"", ""similarity"": 1.0, ""source"": ""gazetteer""}]",What are <COMPANY>'s <METRIC> and <METRIC> ratios?,"{""nn1"": ""COMPANY"", ""target_ids"": [""17de1b02-766d-4a7f-861e-a11cf8caa7ab"", ""b0454088-e2c7-4c48-8ede-4505aee1e817""], ""prop1_list"": [""HAS_METRIC"", ""MetricObservation"", ""HAS_WEAKNESS"", ""HAS_RISK_DRIVER"", ""HAS_STRENGTH"", ""HAS_GROWTH_DRIVER"", ""HAS_OPPORTUNITY"", ""HAS_MARGIN_DRIVER"", ""HAS_ROE_DRIVER"", ""HAS_VALUATION_DRIVER"", ""METRIC_OBSERVATION""], ""nnp1"": ""0ba74b32-c283-48cc-bf1a-ec9602f42d5f""}","{""nnp1"": ""0ba74b32-c283-48cc-bf1a-ec9602f42d5f"", ""nnp2"": ""17de1b02-766d-4a7f-861e-a11cf8caa7ab"", ""nnp3"": null, ""prop1"": ""HAS_STRENGTH"", ""nn1"": ""COMPANY"", ""nn2"": ""METRIC"", ""threshold"": null, ""target_ids"": [""17de1b02-766d-4a7f-861e-a11cf8caa7ab"", ""b0454088-e2c7-4c48-8ede-4505aee1e817""], ""prop1_list"": [""HAS_METRIC"", ""MetricObservation"", ""HAS_WEAKNESS"", ""HAS_RISK_DRIVER"", ""HAS_STRENGTH"", ""HAS_GROWTH_DRIVER"", ""HAS_OPPORTUNITY"", ""HAS_MARGIN_DRIVER"", ""HAS_ROE_DRIVER"", ""HAS_VALUATION_DRIVER"", ""METRIC_OBSERVATION""], ""metric_name"": null, ""topic_name1"": ""Union Bank of India"", ""topic_name2"": ""gross NPA"", ""segment_ids"": []}",primary,17,"Template: simple_triplet (F_Simple)
Query intent: Simple question: subject linked to objects via a predicate.

Row 1: Union Bank of India's gross NPA improved to 2.65% from 3.52% a year earlier.
Row 2: Union Bank of India recorded a net NPA of 0.47%.
Row 3: Union Bank of India recorded a return on assets of 1.36%.
Row 4: Union Bank of India anticipates return on equity to be driven by its sustained 1.36% return on assets.
Row 5: Union Bank of India reported an improvement in its cost-to-income ratio, down 500 basis points year-on-year.
Row 6: Union Bank of India possesses a capital adequacy of 18.46%.
Row 7: [Union Bank of India] A February 2026 Fitch release cited Union Bank of India's CET1 at 15.7%. (as of 2026-02-01)
Row 8: Union Bank of India's management referenced average CASA balances exceeding ₹24,000 crore.
Row 9: Union Bank of India has a net interest margin of 2.80% according to its earnings call.
Row 10: [Union Bank of India] Fitch tracks the Viability Rating of Union Bank of India.
Row 11: [Union Bank of India] Fitch evaluates Union Bank of India's Long-Term Issuer Default Rating.
Row 12: Union Bank of India had a cited advances growth of 12.50% year-on-year.
Row 13: Union Bank of India had a cited deposit growth of just 3.50%.
Row 14: Union Bank of India's standalone net profit rose 29.5% year-on-year to ₹5,332 crore.
Row 15: Union Bank of India achieved a consolidated net profit of ₹5,641 crore.
Row 16: [Union Bank of India] A precise current CASA ratio was not found for Union Bank of India.
Row 17: Union Bank of India's reported net interest income reached ₹10,037 crore, growing 10.14% year-on-year.","Union Bank of India's gross NPA improved to 2.65% from 3.52% a year earlier. Additionally, the bank recorded a net NPA of 0.47%.",Relevant,"The assistant summary accurately captures both the gross NPA ratio of 2.65% (improved from 3.52%) and the net NPA ratio of 0.47%, exactly matching the material facts in the reference answer.",
"What is Union Bank of India's capital adequacy ratio (CRAR), and its CET1 ratio if disclosed?","Capital adequacy 18.46%; a separate Fitch-linked release cited CET1 at 15.7%, which does not obviously reconcile with the capital-adequacy figure and is left unresolved.",F_Simple,F_Simple,0.4585325082585684,simple_triplet,True,"[""Union Bank of India"", ""capital adequacy ratio"", ""CET1 ratio""]","[{""entity"": ""Union Bank of India"", ""matched_node_name"": ""Union Bank of India"", ""matched_id"": ""0ba74b32-c283-48cc-bf1a-ec9602f42d5f"", ""matched_type"": ""COMPANY"", ""similarity"": 1.0, ""source"": ""gazetteer""}, {""entity"": ""capital adequacy ratio"", ""matched_node_name"": ""capital adequacy ratio"", ""matched_id"": ""e2c8bdab-25f2-49d9-b3b9-f24b21583fe2"", ""matched_type"": ""METRIC"", ""similarity"": 1.0, ""source"": ""gazetteer""}, {""entity"": ""CET1 ratio"", ""matched_node_name"": ""CET1 percentage"", ""matched_id"": ""c5469579-75e6-4c83-b0f9-c16c1485a02f"", ""matched_type"": ""METRIC"", ""similarity"": 0.99, ""source"": ""alias""}]","What is <COMPANY>'s <METRIC> (CRAR), and its <METRIC> if disclosed?","{""nn1"": ""COMPANY"", ""target_ids"": [""e2c8bdab-25f2-49d9-b3b9-f24b21583fe2"", ""c5469579-75e6-4c83-b0f9-c16c1485a02f""], ""prop1_list"": [""HAS_METRIC"", ""MetricObservation"", ""HAS_WEAKNESS"", ""HAS_RISK_DRIVER"", ""HAS_STRENGTH"", ""HAS_GROWTH_DRIVER"", ""HAS_OPPORTUNITY"", ""HAS_MARGIN_DRIVER"", ""HAS_ROE_DRIVER"", ""HAS_VALUATION_DRIVER"", ""METRIC_OBSERVATION""], ""nnp1"": ""0ba74b32-c283-48cc-bf1a-ec9602f42d5f""}","{""nnp1"": ""0ba74b32-c283-48cc-bf1a-ec9602f42d5f"", ""nnp2"": ""e2c8bdab-25f2-49d9-b3b9-f24b21583fe2"", ""nnp3"": null, ""prop1"": ""HAS_STRENGTH"", ""nn1"": ""COMPANY"", ""nn2"": ""METRIC"", ""threshold"": null, ""target_ids"": [""e2c8bdab-25f2-49d9-b3b9-f24b21583fe2"", ""c5469579-75e6-4c83-b0f9-c16c1485a02f""], ""prop1_list"": [""HAS_METRIC"", ""MetricObservation"", ""HAS_WEAKNESS"", ""HAS_RISK_DRIVER"", ""HAS_STRENGTH"", ""HAS_GROWTH_DRIVER"", ""HAS_OPPORTUNITY"", ""HAS_MARGIN_DRIVER"", ""HAS_ROE_DRIVER"", ""HAS_VALUATION_DRIVER"", ""METRIC_OBSERVATION""], ""metric_name"": null, ""topic_name1"": ""Union Bank of India"", ""topic_name2"": ""capital adequacy ratio"", ""segment_ids"": []}",primary,17,"Template: simple_triplet (F_Simple)
Query intent: Simple question: subject linked to objects via a predicate.

Row 1: Union Bank of India possesses a capital adequacy of 18.46%.
Row 2: Union Bank of India recorded a return on assets of 1.36%.
Row 3: Union Bank of India anticipates return on equity to be driven by its sustained 1.36% return on assets.
Row 4: Union Bank of India reported an improvement in its cost-to-income ratio, down 500 basis points year-on-year.
Row 5: Union Bank of India's gross NPA improved to 2.65% from 3.52% a year earlier.
Row 6: Union Bank of India recorded a net NPA of 0.47%.
Row 7: [Union Bank of India] A February 2026 Fitch release cited Union Bank of India's CET1 at 15.7%. (as of 2026-02-01)
Row 8: Union Bank of India's management referenced average CASA balances exceeding ₹24,000 crore.
Row 9: Union Bank of India has a net interest margin of 2.80% according to its earnings call.
Row 10: [Union Bank of India] Fitch tracks the Viability Rating of Union Bank of India.
Row 11: [Union Bank of India] Fitch evaluates Union Bank of India's Long-Term Issuer Default Rating.
Row 12: Union Bank of India had a cited advances growth of 12.50% year-on-year.
Row 13: Union Bank of India had a cited deposit growth of just 3.50%.
Row 14: Union Bank of India's standalone net profit rose 29.5% year-on-year to ₹5,332 crore.
Row 15: Union Bank of India achieved a consolidated net profit of ₹5,641 crore.
Row 16: [Union Bank of India] A precise current CASA ratio was not found for Union Bank of India.
Row 17: Union Bank of India's reported net interest income reached ₹10,037 crore, growing 10.14% year-on-year.","Union Bank of India possesses a capital adequacy ratio (CRAR) of 18.46%. Additionally, a February 2026 Fitch release cited the bank's CET1 ratio at 15.7%.",Relevant,The assistant summary correctly captures both the capital adequacy ratio of 18.46% and the CET1 ratio of 15.7% from the reference answer.,
What are Union Bank of India's return on assets (ROA) and return on equity (ROE) for the latest quarter?,"Return on assets 1.36%, described by management as having held for three consecutive quarters.",F_Simple,F_Simple,0.5859677884172529,simple_triplet,True,"[""Union Bank of India"", ""return on assets"", ""return on equity""]","[{""entity"": ""Union Bank of India"", ""matched_node_name"": ""Union Bank of India"", ""matched_id"": ""0ba74b32-c283-48cc-bf1a-ec9602f42d5f"", ""matched_type"": ""COMPANY"", ""similarity"": 1.0, ""source"": ""gazetteer""}, {""entity"": ""return on assets"", ""matched_node_name"": ""return on assets"", ""matched_id"": ""9fe9c63b-26ba-4633-b3f0-2f73fa5b6d37"", ""matched_type"": ""METRIC"", ""similarity"": 1.0, ""source"": ""gazetteer""}, {""entity"": ""return on equity"", ""matched_node_name"": ""return on equity"", ""matched_id"": ""14e844eb-fd2b-4028-9460-92f4196b984a"", ""matched_type"": ""METRIC"", ""similarity"": 1.0, ""source"": ""gazetteer""}]",What are <COMPANY>'s <METRIC> (ROA) and <METRIC> (ROE) for the latest quarter?,"{""nn1"": ""COMPANY"", ""target_ids"": [""9fe9c63b-26ba-4633-b3f0-2f73fa5b6d37"", ""14e844eb-fd2b-4028-9460-92f4196b984a""], ""prop1_list"": [""HAS_METRIC"", ""MetricObservation"", ""HAS_WEAKNESS"", ""HAS_RISK_DRIVER"", ""HAS_STRENGTH"", ""HAS_GROWTH_DRIVER"", ""HAS_OPPORTUNITY"", ""HAS_MARGIN_DRIVER"", ""HAS_ROE_DRIVER"", ""HAS_VALUATION_DRIVER"", ""METRIC_OBSERVATION""], ""nnp1"": ""0ba74b32-c283-48cc-bf1a-ec9602f42d5f""}","{""nnp1"": ""0ba74b32-c283-48cc-bf1a-ec9602f42d5f"", ""nnp2"": ""9fe9c63b-26ba-4633-b3f0-2f73fa5b6d37"", ""nnp3"": null, ""prop1"": ""HAS_STRENGTH"", ""nn1"": ""COMPANY"", ""nn2"": ""METRIC"", ""threshold"": null, ""target_ids"": [""9fe9c63b-26ba-4633-b3f0-2f73fa5b6d37"", ""14e844eb-fd2b-4028-9460-92f4196b984a""], ""prop1_list"": [""HAS_METRIC"", ""MetricObservation"", ""HAS_WEAKNESS"", ""HAS_RISK_DRIVER"", ""HAS_STRENGTH"", ""HAS_GROWTH_DRIVER"", ""HAS_OPPORTUNITY"", ""HAS_MARGIN_DRIVER"", ""HAS_ROE_DRIVER"", ""HAS_VALUATION_DRIVER"", ""METRIC_OBSERVATION""], ""metric_name"": null, ""topic_name1"": ""Union Bank of India"", ""topic_name2"": ""return on assets"", ""segment_ids"": []}",primary,17,"Template: simple_triplet (F_Simple)
Query intent: Simple question: subject linked to objects via a predicate.

Row 1: Union Bank of India recorded a return on assets of 1.36%.
Row 2: Union Bank of India anticipates return on equity to be driven by its sustained 1.36% return on assets.
Row 3: Union Bank of India reported an improvement in its cost-to-income ratio, down 500 basis points year-on-year.
Row 4: Union Bank of India's gross NPA improved to 2.65% from 3.52% a year earlier.
Row 5: Union Bank of India recorded a net NPA of 0.47%.
Row 6: Union Bank of India possesses a capital adequacy of 18.46%.
Row 7: [Union Bank of India] A February 2026 Fitch release cited Union Bank of India's CET1 at 15.7%. (as of 2026-02-01)
Row 8: Union Bank of India's management referenced average CASA balances exceeding ₹24,000 crore.
Row 9: Union Bank of India has a net interest margin of 2.80% according to its earnings call.
Row 10: [Union Bank of India] Fitch tracks the Viability Rating of Union Bank of India.
Row 11: [Union Bank of India] Fitch evaluates Union Bank of India's Long-Term Issuer Default Rating.
Row 12: Union Bank of India had a cited advances growth of 12.50% year-on-year.
Row 13: Union Bank of India had a cited deposit growth of just 3.50%.
Row 14: Union Bank of India's standalone net profit rose 29.5% year-on-year to ₹5,332 crore.
Row 15: Union Bank of India achieved a consolidated net profit of ₹5,641 crore.
Row 16: [Union Bank of India] A precise current CASA ratio was not found for Union Bank of India.
Row 17: Union Bank of India's reported net interest income reached ₹10,037 crore, growing 10.14% year-on-year.",Union Bank of India recorded a return on assets of 1.36%. The retrieved facts do not provide a specific figure for the return on equity.,Relevant,"The assistant summary correctly reports the return on assets of 1.36% and accurately notes that the return on equity was not provided, aligning with the reference answer's scope.",
What was Union Bank of India's total advances (loan book) and deposit growth in the latest quarter?,Advances growth of 12.50% year-on-year and deposit growth of just 3.50% were both cited only in a single lower-confidence secondary source and should be treated cautiously.,F_Simple,F_Simple,0.5741154930246071,simple_triplet,True,"[""Union Bank of India"", ""total advances"", ""loan"", ""deposit growth""]","[{""entity"": ""Union Bank of India"", ""matched_node_name"": ""Union Bank of India"", ""matched_id"": ""0ba74b32-c283-48cc-bf1a-ec9602f42d5f"", ""matched_type"": ""COMPANY"", ""similarity"": 1.0, ""source"": ""gazetteer""}, {""entity"": ""total advances"", ""matched_node_name"": ""Total advances"", ""matched_id"": ""a1b36a29-fc07-41cc-b3a3-010e50f98882"", ""matched_type"": ""ASSETCLASS"", ""similarity"": 1.0, ""source"": ""gazetteer""}, {""entity"": ""loan"", ""matched_node_name"": ""loan"", ""matched_id"": ""13c28420-d40d-41d9-9101-1e3596e3c2ba"", ""matched_type"": ""PRODUCT"", ""similarity"": 1.0, ""source"": ""gazetteer""}, {""entity"": ""deposit growth"", ""matched_node_name"": ""Deposit growth"", ""matched_id"": ""7a5ad916-7608-42a4-b7b8-cef3032e3b45"", ""matched_type"": ""METRIC"", ""similarity"": 1.0, ""source"": ""gazetteer""}]",What was <COMPANY>'s <ASSETCLASS> (<PRODUCT> book) and <METRIC> in the latest quarter?,"{""nn1"": ""COMPANY"", ""target_ids"": [""a1b36a29-fc07-41cc-b3a3-010e50f98882"", ""13c28420-d40d-41d9-9101-1e3596e3c2ba"", ""7a5ad916-7608-42a4-b7b8-cef3032e3b45""], ""prop1_list"": [""HAS_METRIC"", ""MetricObservation"", ""ExposureRelation"", ""FUNDED_BY"", ""HAS_WEAKNESS"", ""HAS_RISK_DRIVER"", ""HAS_LOAN_EXPOSURE_TO"", ""HAS_STRENGTH"", ""HAS_GROWTH_DRIVER"", ""HAS_OPPORTUNITY"", ""HAS_MARGIN_DRIVER"", ""HAS_ROE_DRIVER"", ""HAS_VALUATION_DRIVER"", ""HAS_ASSET_EXPOSURE_TO"", ""METRIC_OBSERVATION"", ""EXPOSURE_RELATION""], ""nnp1"": ""0ba74b32-c283-48cc-bf1a-ec9602f42d5f""}","{""nnp1"": ""0ba74b32-c283-48cc-bf1a-ec9602f42d5f"", ""nnp2"": ""13c28420-d40d-41d9-9101-1e3596e3c2ba"", ""nnp3"": null, ""prop1"": ""HAS_STRENGTH"", ""nn1"": ""COMPANY"", ""nn2"": ""PRODUCT"", ""threshold"": null, ""target_ids"": [""a1b36a29-fc07-41cc-b3a3-010e50f98882"", ""13c28420-d40d-41d9-9101-1e3596e3c2ba"", ""7a5ad916-7608-42a4-b7b8-cef3032e3b45""], ""prop1_list"": [""HAS_METRIC"", ""MetricObservation"", ""ExposureRelation"", ""FUNDED_BY"", ""HAS_WEAKNESS"", ""HAS_RISK_DRIVER"", ""HAS_LOAN_EXPOSURE_TO"", ""HAS_STRENGTH"", ""HAS_GROWTH_DRIVER"", ""HAS_OPPORTUNITY"", ""HAS_MARGIN_DRIVER"", ""HAS_ROE_DRIVER"", ""HAS_VALUATION_DRIVER"", ""HAS_ASSET_EXPOSURE_TO"", ""METRIC_OBSERVATION"", ""EXPOSURE_RELATION""], ""metric_name"": null, ""topic_name1"": ""Union Bank of India"", ""topic_name2"": ""loan"", ""segment_ids"": []}",primary,21,"Template: simple_triplet (F_Simple)
Query intent: Simple question: subject linked to objects via a predicate.

Row 1: Union Bank of India had a cited deposit growth of just 3.50%.
Row 2: Union Bank of India is exposed to interest-rate risk.
Row 3: Union Bank of India recorded a return on assets of 1.36%.
Row 4: Union Bank of India anticipates return on equity to be driven by its sustained 1.36% return on assets.
Row 5: Union Bank of India reported an improvement in its cost-to-income ratio, down 500 basis points year-on-year.
Row 6: Union Bank of India's gross NPA improved to 2.65% from 3.52% a year earlier.
Row 7: Union Bank of India recorded a net NPA of 0.47%.
Row 8: Union Bank of India possesses a capital adequacy of 18.46%.
Row 9: [Union Bank of India] A February 2026 Fitch release cited Union Bank of India's CET1 at 15.7%. (as of 2026-02-01)
Row 10: Union Bank of India's management referenced average CASA balances exceeding ₹24,000 crore.
Row 11: Union Bank of India is exposed to funding and liquidity risk if deposit growth significantly lags.
Row 12: Union Bank of India has a net interest margin of 2.80% according to its earnings call.
Row 13: [Union Bank of India] Fitch tracks the Viability Rating of Union Bank of India.
Row 14: [Union Bank of India] Fitch evaluates Union Bank of India's Long-Term Issuer Default Rating.
Row 15: Union Bank of India had a cited advances growth of 12.50% year-on-year.
Row 16: Union Bank of India's standalone net profit rose 29.5% year-on-year to ₹5,332 crore.
Row 17: Union Bank of India achieved a consolidated net profit of ₹5,641 crore.
Row 18: Union Bank of India is exposed to technology risk tied to its post-merger integration.
Row 19: Union Bank of India is exposed to ordinary credit risk.
Row 20: [Union Bank of India] A precise current CASA ratio was not found for Union Bank of India.
Row 21: Union Bank of India's reported net interest income reached ₹10,037 crore, growing 10.14% year-on-year.","Union Bank of India recorded an advances growth of 12.50% year-on-year in the latest period. Additionally, the bank posted a deposit growth of 3.50%.",Relevant,The assistant summary accurately captures both the 12.50% year-on-year advances growth and the 3.50% deposit growth mentioned in the reference answer.,
"What credit ratings has Union Bank of India received, and from which rating agencies?",Fitch upgraded the Viability Rating from bb- to bb and affirmed the Long-Term Issuer Default Rating at BBB- Stable.,F_Simple,F_Simple,0.5229460713108118,simple_triplet,True,"[""Union Bank of India""]","[{""entity"": ""Union Bank of India"", ""matched_node_name"": ""Union Bank of India"", ""matched_id"": ""0ba74b32-c283-48cc-bf1a-ec9602f42d5f"", ""matched_type"": ""COMPANY"", ""similarity"": 1.0, ""source"": ""gazetteer""}]","What credit ratings has <COMPANY> received, and from which rating agencies?","{""nn1"": ""COMPANY"", ""target_ids"": [], ""prop1_list"": [""HAS_RATING"", ""RATED_BY""], ""nnp1"": ""0ba74b32-c283-48cc-bf1a-ec9602f42d5f""}","{""nnp1"": ""0ba74b32-c283-48cc-bf1a-ec9602f42d5f"", ""nnp2"": null, ""nnp3"": null, ""prop1"": ""HAS_RATING"", ""nn1"": ""COMPANY"", ""nn2"": null, ""threshold"": null, ""target_ids"": [], ""prop1_list"": [""HAS_RATING"", ""RATED_BY""], ""metric_name"": null, ""topic_name1"": ""Union Bank of India"", ""topic_name2"": null, ""segment_ids"": []}",primary,4,"Template: simple_triplet (F_Simple)
Query intent: Simple question: subject linked to objects via a predicate.

Row 1: [Union Bank of India] Fitch affirmed Union Bank of India's Long-Term Issuer Default Rating at BBB- Stable. (as of 2026-02-01)
Row 2: Union Bank of India is rated by Fitch.
Row 3: [Union Bank of India] Fitch upgraded Union Bank of India's Viability Rating to bb. (as of 2026-02-01)
Row 4: Union Bank of India previously held a Viability Rating of bb- before its upgrade.","Union Bank of India has received credit ratings from Fitch, which affirmed the bank's Long-Term Issuer Default Rating at BBB- Stable as of February 1, 2026. Additionally, Fitch upgraded the bank's Viability Rating to bb as of the same date, following a previous rating of bb-.",Relevant,"The assistant summary successfully captures all the material facts from the reference answer, including Fitch's affirmation of the Long-Term Issuer Default Rating at BBB- Stable and the upgrade of the Viability Rating from bb- to bb.",
"Roughly how many branches and ATMs does Union Bank of India operate, and as of what date?","Branch count was 8,621 with 8,910 ATMs as of March 2025; an unconfirmed later 2026 reference put this closer to 8,697 branches (including two overseas) and 8,656 ATMs, with an international presence in Hong Kong, Sydney, Dubai, the UK, Shanghai, Beijing and Abu Dhabi.",F_QuantCount,F_QuantCount,0.5019551925676716,quant_count,True,"[""branches"", ""ATMs"", ""Union Bank of India""]","[{""entity"": ""branches"", ""matched_node_name"": ""branches"", ""matched_id"": ""825450c5-3a89-46a1-bf6f-9b5e414de076"", ""matched_type"": ""DISTRIBUTIONCHANNEL"", ""similarity"": 1.0, ""source"": ""gazetteer""}, {""entity"": ""ATMs"", ""matched_node_name"": ""ATMs"", ""matched_id"": ""4211be7c-a18e-4211-bd8a-4534d423385e"", ""matched_type"": ""DISTRIBUTIONCHANNEL"", ""similarity"": 1.0, ""source"": ""gazetteer""}, {""entity"": ""Union Bank of India"", ""matched_node_name"": ""Union Bank of India"", ""matched_id"": ""0ba74b32-c283-48cc-bf1a-ec9602f42d5f"", ""matched_type"": ""COMPANY"", ""similarity"": 1.0, ""source"": ""gazetteer""}]","Roughly how many <DISTRIBUTIONCHANNEL> and <DISTRIBUTIONCHANNEL> does <COMPANY> operate, and as of what date?","{""nn1"": ""COMPANY"", ""prop1_list"": [""USES_CHANNEL"", ""DEPENDS_ON""], ""nnp1"": ""0ba74b32-c283-48cc-bf1a-ec9602f42d5f"", ""nn2"": ""DISTRIBUTIONCHANNEL""}","{""nnp1"": ""0ba74b32-c283-48cc-bf1a-ec9602f42d5f"", ""nnp2"": ""825450c5-3a89-46a1-bf6f-9b5e414de076"", ""nnp3"": null, ""prop1"": ""USES_CHANNEL"", ""nn1"": ""COMPANY"", ""nn2"": ""DISTRIBUTIONCHANNEL"", ""threshold"": null, ""target_ids"": [""825450c5-3a89-46a1-bf6f-9b5e414de076"", ""4211be7c-a18e-4211-bd8a-4534d423385e""], ""prop1_list"": [""USES_CHANNEL"", ""DEPENDS_ON""], ""metric_name"": null, ""topic_name1"": ""Union Bank of India"", ""topic_name2"": ""branches"", ""segment_ids"": []}",primary,1,"Template: quant_count (F_QuantCount)
Query intent: Count related objects for a subject entity.

Row 1: subject_name=Union Bank of India | object_count=2 (2 facts)
  - Union Bank of India's branch count was stated as 8,697 branches in an unconfirmed 2026 reference.
  - Union Bank of India operates roughly 8,656 ATMs based on a 2026 reference.","Union Bank of India operates roughly 8,656 ATMs, alongside a branch count stated as 8,697 branches, based on 2026 references.",Relevant,"The assistant summary correctly captures the 2026 reference figures of 8,697 branches and 8,656 ATMs mentioned in the reference answer.",
"What products and services does Union Bank of India offer, and which customer segments does it serve?","Standard retail, MSME, agricultural and corporate suite, trade finance, treasury, forex and cash-management services.",F_Simple,F_Simple,0.5902610031105305,simple_triplet,True,"[""Union Bank of India""]","[{""entity"": ""Union Bank of India"", ""matched_node_name"": ""Union Bank of India"", ""matched_id"": ""0ba74b32-c283-48cc-bf1a-ec9602f42d5f"", ""matched_type"": ""COMPANY"", ""similarity"": 1.0, ""source"": ""gazetteer""}]","What products and services does <COMPANY> offer, and which customer segments does it serve?","{""nn1"": ""COMPANY"", ""target_ids"": [], ""prop1_list"": [""ExposureRelation"", ""OFFERS_PRODUCT"", ""PROVIDES_SERVICE"", ""SERVES"", ""TARGETS"", ""HAS_ASSET_EXPOSURE_TO"", ""EXPOSURE_RELATION""], ""nnp1"": ""0ba74b32-c283-48cc-bf1a-ec9602f42d5f""}","{""nnp1"": ""0ba74b32-c283-48cc-bf1a-ec9602f42d5f"", ""nnp2"": null, ""nnp3"": null, ""prop1"": ""SERVES"", ""nn1"": ""COMPANY"", ""nn2"": null, ""threshold"": null, ""target_ids"": [], ""prop1_list"": [""ExposureRelation"", ""OFFERS_PRODUCT"", ""PROVIDES_SERVICE"", ""SERVES"", ""TARGETS"", ""HAS_ASSET_EXPOSURE_TO"", ""EXPOSURE_RELATION""], ""metric_name"": null, ""topic_name1"": ""Union Bank of India"", ""topic_name2"": null, ""segment_ids"": []}",primary,12,"Template: simple_triplet (F_Simple)
Query intent: Simple question: subject linked to objects via a predicate.

Row 1: Union Bank of India offers a corporate product suite.
Row 2: Union Bank of India offers an MSME product suite.
Row 3: Union Bank of India is exposed to technology risk tied to its post-merger integration.
Row 4: Union Bank of India offers an agricultural product suite.
Row 5: Union Bank of India provides cash-management services.
Row 6: Union Bank of India is exposed to ordinary credit risk.
Row 7: Union Bank of India provides forex services.
Row 8: Union Bank of India is exposed to funding and liquidity risk if deposit growth significantly lags.
Row 9: Union Bank of India is exposed to interest-rate risk.
Row 10: Union Bank of India offers a standard retail product suite.
Row 11: Union Bank of India provides trade finance services.
Row 12: Union Bank of India provides treasury services.","Union Bank of India offers a corporate product suite, an MSME product suite, an agricultural product suite, and a standard retail product suite. Additionally, the bank provides cash-management services, forex services, trade finance services, and treasury services.",Relevant,"The assistant summary successfully captures all the specific product and service offerings mentioned in the reference answer, including standard retail, MSME, agricultural, corporate suites, trade finance, treasury, forex, and cash-management services.",
What is Bank of India's ticker symbol and on which exchange(s) does it trade?,"BANKINDIA, listed on both the NSE and the BSE.",F_Simple,F_Simple,0.5272617020235415,simple_triplet,True,"[""Bank of India""]","[{""entity"": ""Bank of India"", ""matched_node_name"": ""Bank of India"", ""matched_id"": ""3e9196c4-bbb2-4359-aa6a-c5c6d39e79d4"", ""matched_type"": ""COMPANY"", ""similarity"": 1.0, ""source"": ""gazetteer""}]",What is <COMPANY>'s ticker symbol and on which exchange(s) does it trade?,"{""nnp1"": ""3e9196c4-bbb2-4359-aa6a-c5c6d39e79d4""}","{""nnp1"": ""3e9196c4-bbb2-4359-aa6a-c5c6d39e79d4"", ""nnp2"": null, ""nnp3"": null, ""prop1"": null, ""nn1"": ""COMPANY"", ""nn2"": null, ""threshold"": null, ""target_ids"": [], ""prop1_list"": [], ""metric_name"": null, ""topic_name1"": ""Bank of India"", ""topic_name2"": null, ""segment_ids"": []}",attribute_lookup_direct,7,"Template: simple_triplet (F_Simple)
Query intent: Simple question: subject linked to objects via a predicate.

Row 1: Bank of India's banking_segment is Public Sector Bank
Row 2: Bank of India's country is India
Row 3: Bank of India's description is Bank of India, headquartered at the Bandra Kurla Complex in Mumbai, Maharashtra, is a Government of India-owned universal bank with a sizeable international operation relative to its balance sheet.
Row 4: Bank of India's exchange is NSE, BSE
Row 5: Bank of India's legal_name is Bank of India
Row 6: Bank of India's listed is True
Row 7: Bank of India's ticker is BANKINDIA","Bank of India's ticker symbol is BANKINDIA, and it trades on the NSE and BSE exchanges.",Relevant,The assistant summary accurately captures the exact ticker symbol (BANKINDIA) and both exchanges (NSE and BSE) mentioned in the reference answer.,
"Who is the current MD & CEO (or Chairman, where that is the top executive title) of Bank of India?","Rajneesh Karnatak is MD & CEO, with his term extended by three years.",F_Simple,F_Simple,0.5283378025783668,simple_triplet,True,"[""Bank of India""]","[{""entity"": ""Bank of India"", ""matched_node_name"": ""Bank of India"", ""matched_id"": ""3e9196c4-bbb2-4359-aa6a-c5c6d39e79d4"", ""matched_type"": ""COMPANY"", ""similarity"": 1.0, ""source"": ""gazetteer""}]","Who is the current MD & CEO (or Chairman, where that is the top executive title) of <COMPANY>?","{""nn1"": ""COMPANY"", ""target_ids"": [], ""prop1_list"": [""GovernanceRole"", ""HOLDS_ROLE"", ""GOVERNANCE_ROLE""], ""nnp1"": ""3e9196c4-bbb2-4359-aa6a-c5c6d39e79d4""}","{""nnp1"": ""3e9196c4-bbb2-4359-aa6a-c5c6d39e79d4"", ""nnp2"": null, ""nnp3"": null, ""prop1"": ""GovernanceRole"", ""nn1"": ""COMPANY"", ""nn2"": null, ""threshold"": null, ""target_ids"": [], ""prop1_list"": [""GovernanceRole"", ""HOLDS_ROLE"", ""GOVERNANCE_ROLE""], ""metric_name"": null, ""topic_name1"": ""Bank of India"", ""topic_name2"": null, ""segment_ids"": []}",primary,1,"Template: simple_triplet (F_Simple)
Query intent: Simple question: subject linked to objects via a predicate.

Row 1: [Bank of India] Rajneesh Karnatak serves as the MD & CEO of Bank of India.",Rajneesh Karnatak serves as the MD & CEO of Bank of India.,Relevant,"The assistant summary correctly identifies Rajneesh Karnatak as the MD & CEO of Bank of India, matching the core substance of the reference answer.",
"What percentage of Bank of India is held by its government promoter or largest shareholder, and as of what date?","Government ownership was cited at 73.38% by Angel One, though the reporting period was not specified.",F_LogUnion,F_LogUnion,0.6214196189605303,logical_union,True,"[""Bank of India""]","[{""entity"": ""Bank of India"", ""matched_node_name"": ""Bank of India"", ""matched_id"": ""3e9196c4-bbb2-4359-aa6a-c5c6d39e79d4"", ""matched_type"": ""COMPANY"", ""similarity"": 1.0, ""source"": ""gazetteer""}]","What percentage of <COMPANY> is held by its government promoter or largest shareholder, and as of what date?","{""nn1"": ""COMPANY"", ""nnp1"": ""3e9196c4-bbb2-4359-aa6a-c5c6d39e79d4"", ""prop1_list"": [""OWNS"", ""REGULATED_BY"", ""OwnershipStake"", ""HELD_BY"", ""OWNS_STAKE_IN"", ""CorporateStructureRelation"", ""OWNERSHIP_STAKE"", ""CORPORATE_STRUCTURE_RELATION""], ""target_ids"": [], ""nnp2"": null}","{""nnp1"": ""3e9196c4-bbb2-4359-aa6a-c5c6d39e79d4"", ""nnp2"": null, ""nnp3"": null, ""prop1"": ""CorporateStructureRelation"", ""nn1"": ""COMPANY"", ""nn2"": null, ""threshold"": null, ""target_ids"": [], ""prop1_list"": [""OWNS"", ""REGULATED_BY"", ""OwnershipStake"", ""HELD_BY"", ""OWNS_STAKE_IN"", ""CorporateStructureRelation"", ""OWNERSHIP_STAKE"", ""CORPORATE_STRUCTURE_RELATION""], ""metric_name"": null, ""topic_name1"": ""Bank of India"", ""topic_name2"": null, ""segment_ids"": []}",primary,1,"Template: logical_union (F_LogUnion)
Query intent: Union of two relationship patterns from the same subject.

Row 1: [Bank of India] The Government of India owns a 73.38% stake in Bank of India.","The Government of India holds a 73.38% stake in Bank of India. However, the retrieved facts do not specify the exact date for this shareholding figure.",Relevant,The assistant summary correctly captures the government ownership percentage of 73.38% as stated in the reference answer and properly notes the absence of a specific reporting date.,
What was Bank of India's CASA ratio in the most recently reported quarter?,36.68% in Q1 FY27.,F_Simple,F_Simple,0.45300680749982714,simple_triplet,True,"[""Bank of India"", ""CASA ratio""]","[{""entity"": ""Bank of India"", ""matched_node_name"": ""Bank of India"", ""matched_id"": ""3e9196c4-bbb2-4359-aa6a-c5c6d39e79d4"", ""matched_type"": ""COMPANY"", ""similarity"": 1.0, ""source"": ""gazetteer""}, {""entity"": ""CASA ratio"", ""matched_node_name"": ""CASA ratio"", ""matched_id"": ""2f007236-19aa-494e-a277-c5e8d54d60fe"", ""matched_type"": ""METRIC"", ""similarity"": 1.0, ""source"": ""gazetteer""}]",What was <COMPANY>'s <METRIC> in the most recently reported quarter?,"{""nn1"": ""COMPANY"", ""target_ids"": [""2f007236-19aa-494e-a277-c5e8d54d60fe""], ""prop1_list"": [""HAS_METRIC"", ""MetricObservation"", ""HAS_WEAKNESS"", ""HAS_RISK_DRIVER"", ""HAS_STRENGTH"", ""HAS_GROWTH_DRIVER"", ""HAS_OPPORTUNITY"", ""HAS_MARGIN_DRIVER"", ""HAS_ROE_DRIVER"", ""HAS_VALUATION_DRIVER"", ""METRIC_OBSERVATION""], ""nnp1"": ""3e9196c4-bbb2-4359-aa6a-c5c6d39e79d4""}","{""nnp1"": ""3e9196c4-bbb2-4359-aa6a-c5c6d39e79d4"", ""nnp2"": ""2f007236-19aa-494e-a277-c5e8d54d60fe"", ""nnp3"": null, ""prop1"": ""HAS_STRENGTH"", ""nn1"": ""COMPANY"", ""nn2"": ""METRIC"", ""threshold"": null, ""target_ids"": [""2f007236-19aa-494e-a277-c5e8d54d60fe""], ""prop1_list"": [""HAS_METRIC"", ""MetricObservation"", ""HAS_WEAKNESS"", ""HAS_RISK_DRIVER"", ""HAS_STRENGTH"", ""HAS_GROWTH_DRIVER"", ""HAS_OPPORTUNITY"", ""HAS_MARGIN_DRIVER"", ""HAS_ROE_DRIVER"", ""HAS_VALUATION_DRIVER"", ""METRIC_OBSERVATION""], ""metric_name"": null, ""topic_name1"": ""Bank of India"", ""topic_name2"": ""CASA ratio"", ""segment_ids"": []}",primary,20,"Template: simple_triplet (F_Simple)
Query intent: Simple question: subject linked to objects via a predicate.

Row 1: Bank of India reported a Q1 FY27 CASA ratio of 36.68%.
Row 2: Bank of India reported a return on assets of 1.01%.
Row 3: Bank of India reported a cost-to-income ratio of 46.3%.
Row 4: Bank of India reported its gross NPA fell 111 basis points year-on-year to 1.81%.
Row 5: Bank of India reported its net NPA fell 24 basis points year-on-year to 0.51%.
Row 6: Bank of India reported its provision coverage at 93.63%.
Row 7: Bank of India reported a capital adequacy of 18.69%.
Row 8: Bank of India reported a net interest margin of 2.52% globally.
Row 9: Bank of India's valuation-relevant fact is its improved capital-adequacy position.
Row 10: Bank of India reported a standalone net profit of ₹3,068 crore.
Row 11: Bank of India reported a consolidated net profit of ₹1,747.39 crore.
Row 12: Bank of India's strongest points this quarter included its asset-quality improvement.
Row 13: Bank of India reported a very low credit cost of 0.15%.
Row 14: Bank of India reported a slippage ratio of 0.24%.
Row 15: Bank of India showed a potential weakness regarding its disclosure consistency between standalone and consolidated reporting.
Row 16: Bank of India expects growth to be driven by strong domestic and global advances growth.
Row 17: Bank of India expects its margin to be driven by NIM stability near 2.5%.
Row 18: Bank of India expects its return on equity to be driven by continued improvement in credit cost and slippage trends.
Row 19: Bank of India's key risk driver is the sustainability of its unusually low credit cost.
Row 20: Bank of India reported net interest income of ₹6,833 crore, up 12.61%.",Bank of India's CASA ratio for the most recently reported quarter (Q1 FY27) was 36.68%.,Relevant,The assistant summary perfectly captures both the CASA ratio of 36.68% and the quarter Q1 FY27 as stated in the reference answer.,
What is Bank of India's net interest margin (NIM) for the latest reported period?,2.52% globally.,F_Simple,F_Simple,0.41326111719969927,simple_triplet,True,"[""Bank of India"", ""net interest margin""]","[{""entity"": ""Bank of India"", ""matched_node_name"": ""Bank of India"", ""matched_id"": ""3e9196c4-bbb2-4359-aa6a-c5c6d39e79d4"", ""matched_type"": ""COMPANY"", ""similarity"": 1.0, ""source"": ""gazetteer""}, {""entity"": ""net interest margin"", ""matched_node_name"": ""net interest margin"", ""matched_id"": ""d5aaa814-57dd-46cd-b801-d73c80a43d6c"", ""matched_type"": ""METRIC"", ""similarity"": 1.0, ""source"": ""gazetteer""}]",What is <COMPANY>'s <METRIC> (NIM) for the latest reported period?,"{""nn1"": ""COMPANY"", ""target_ids"": [""d5aaa814-57dd-46cd-b801-d73c80a43d6c""], ""prop1_list"": [""HAS_METRIC"", ""MetricObservation"", ""HAS_WEAKNESS"", ""HAS_RISK_DRIVER"", ""HAS_STRENGTH"", ""HAS_GROWTH_DRIVER"", ""HAS_OPPORTUNITY"", ""HAS_MARGIN_DRIVER"", ""HAS_ROE_DRIVER"", ""HAS_VALUATION_DRIVER"", ""METRIC_OBSERVATION""], ""nnp1"": ""3e9196c4-bbb2-4359-aa6a-c5c6d39e79d4""}","{""nnp1"": ""3e9196c4-bbb2-4359-aa6a-c5c6d39e79d4"", ""nnp2"": ""d5aaa814-57dd-46cd-b801-d73c80a43d6c"", ""nnp3"": null, ""prop1"": ""HAS_STRENGTH"", ""nn1"": ""COMPANY"", ""nn2"": ""METRIC"", ""threshold"": null, ""target_ids"": [""d5aaa814-57dd-46cd-b801-d73c80a43d6c""], ""prop1_list"": [""HAS_METRIC"", ""MetricObservation"", ""HAS_WEAKNESS"", ""HAS_RISK_DRIVER"", ""HAS_STRENGTH"", ""HAS_GROWTH_DRIVER"", ""HAS_OPPORTUNITY"", ""HAS_MARGIN_DRIVER"", ""HAS_ROE_DRIVER"", ""HAS_VALUATION_DRIVER"", ""METRIC_OBSERVATION""], ""metric_name"": null, ""topic_name1"": ""Bank of India"", ""topic_name2"": ""net interest margin"", ""segment_ids"": []}",primary,20,"Template: simple_triplet (F_Simple)
Query intent: Simple question: subject linked to objects via a predicate.

Row 1: Bank of India reported a net interest margin of 2.52% globally.
Row 2: Bank of India reported a return on assets of 1.01%.
Row 3: Bank of India reported a cost-to-income ratio of 46.3%.
Row 4: Bank of India reported its gross NPA fell 111 basis points year-on-year to 1.81%.
Row 5: Bank of India reported its net NPA fell 24 basis points year-on-year to 0.51%.
Row 6: Bank of India reported its provision coverage at 93.63%.
Row 7: Bank of India reported a capital adequacy of 18.69%.
Row 8: Bank of India's valuation-relevant fact is its improved capital-adequacy position.
Row 9: Bank of India reported a standalone net profit of ₹3,068 crore.
Row 10: Bank of India reported a consolidated net profit of ₹1,747.39 crore.
Row 11: Bank of India's strongest points this quarter included its asset-quality improvement.
Row 12: Bank of India reported a very low credit cost of 0.15%.
Row 13: Bank of India reported a slippage ratio of 0.24%.
Row 14: Bank of India showed a potential weakness regarding its disclosure consistency between standalone and consolidated reporting.
Row 15: Bank of India expects growth to be driven by strong domestic and global advances growth.
Row 16: Bank of India expects its margin to be driven by NIM stability near 2.5%.
Row 17: Bank of India expects its return on equity to be driven by continued improvement in credit cost and slippage trends.
Row 18: Bank of India's key risk driver is the sustainability of its unusually low credit cost.
Row 19: Bank of India reported a Q1 FY27 CASA ratio of 36.68%.
Row 20: Bank of India reported net interest income of ₹6,833 crore, up 12.61%.","Bank of India reported a global net interest margin of 2.52%, and the bank expects its margin to be driven by continued NIM stability near 2.5%.",Relevant,The assistant summary accurately captures the global net interest margin of 2.52% stated in the reference answer and provides additional context without contradiction.,
What are Bank of India's gross NPA and net NPA ratios?,Gross NPA down 111 basis points year-on-year to 1.81%; net NPA down 24 basis points to 0.51%.,F_Simple,F_Simple,0.5219059417885892,simple_triplet,True,"[""Bank of India"", ""gross NPA"", ""net NPA""]","[{""entity"": ""Bank of India"", ""matched_node_name"": ""Bank of India"", ""matched_id"": ""3e9196c4-bbb2-4359-aa6a-c5c6d39e79d4"", ""matched_type"": ""COMPANY"", ""similarity"": 1.0, ""source"": ""gazetteer""}, {""entity"": ""gross NPA"", ""matched_node_name"": ""gross NPA"", ""matched_id"": ""17de1b02-766d-4a7f-861e-a11cf8caa7ab"", ""matched_type"": ""METRIC"", ""similarity"": 1.0, ""source"": ""gazetteer""}, {""entity"": ""net NPA"", ""matched_node_name"": ""net NPA"", ""matched_id"": ""b0454088-e2c7-4c48-8ede-4505aee1e817"", ""matched_type"": ""METRIC"", ""similarity"": 1.0, ""source"": ""gazetteer""}]",What are <COMPANY>'s <METRIC> and <METRIC> ratios?,"{""nn1"": ""COMPANY"", ""target_ids"": [""17de1b02-766d-4a7f-861e-a11cf8caa7ab"", ""b0454088-e2c7-4c48-8ede-4505aee1e817""], ""prop1_list"": [""HAS_METRIC"", ""MetricObservation"", ""HAS_WEAKNESS"", ""HAS_RISK_DRIVER"", ""HAS_STRENGTH"", ""HAS_GROWTH_DRIVER"", ""HAS_OPPORTUNITY"", ""HAS_MARGIN_DRIVER"", ""HAS_ROE_DRIVER"", ""HAS_VALUATION_DRIVER"", ""METRIC_OBSERVATION""], ""nnp1"": ""3e9196c4-bbb2-4359-aa6a-c5c6d39e79d4""}","{""nnp1"": ""3e9196c4-bbb2-4359-aa6a-c5c6d39e79d4"", ""nnp2"": ""17de1b02-766d-4a7f-861e-a11cf8caa7ab"", ""nnp3"": null, ""prop1"": ""HAS_STRENGTH"", ""nn1"": ""COMPANY"", ""nn2"": ""METRIC"", ""threshold"": null, ""target_ids"": [""17de1b02-766d-4a7f-861e-a11cf8caa7ab"", ""b0454088-e2c7-4c48-8ede-4505aee1e817""], ""prop1_list"": [""HAS_METRIC"", ""MetricObservation"", ""HAS_WEAKNESS"", ""HAS_RISK_DRIVER"", ""HAS_STRENGTH"", ""HAS_GROWTH_DRIVER"", ""HAS_OPPORTUNITY"", ""HAS_MARGIN_DRIVER"", ""HAS_ROE_DRIVER"", ""HAS_VALUATION_DRIVER"", ""METRIC_OBSERVATION""], ""metric_name"": null, ""topic_name1"": ""Bank of India"", ""topic_name2"": ""gross NPA"", ""segment_ids"": []}",primary,20,"Template: simple_triplet (F_Simple)
Query intent: Simple question: subject linked to objects via a predicate.

Row 1: Bank of India reported its gross NPA fell 111 basis points year-on-year to 1.81%.
Row 2: Bank of India reported its net NPA fell 24 basis points year-on-year to 0.51%.
Row 3: Bank of India reported a return on assets of 1.01%.
Row 4: Bank of India reported a cost-to-income ratio of 46.3%.
Row 5: Bank of India reported its provision coverage at 93.63%.
Row 6: Bank of India reported a capital adequacy of 18.69%.
Row 7: Bank of India reported a net interest margin of 2.52% globally.
Row 8: Bank of India's valuation-relevant fact is its improved capital-adequacy position.
Row 9: Bank of India reported a standalone net profit of ₹3,068 crore.
Row 10: Bank of India reported a consolidated net profit of ₹1,747.39 crore.
Row 11: Bank of India's strongest points this quarter included its asset-quality improvement.
Row 12: Bank of India reported a very low credit cost of 0.15%.
Row 13: Bank of India reported a slippage ratio of 0.24%.
Row 14: Bank of India showed a potential weakness regarding its disclosure consistency between standalone and consolidated reporting.
Row 15: Bank of India expects growth to be driven by strong domestic and global advances growth.
Row 16: Bank of India expects its margin to be driven by NIM stability near 2.5%.
Row 17: Bank of India expects its return on equity to be driven by continued improvement in credit cost and slippage trends.
Row 18: Bank of India's key risk driver is the sustainability of its unusually low credit cost.
Row 19: Bank of India reported a Q1 FY27 CASA ratio of 36.68%.
Row 20: Bank of India reported net interest income of ₹6,833 crore, up 12.61%.","Bank of India reported its gross NPA fell 111 basis points year-on-year to 1.81%. Additionally, the bank reported its net NPA fell 24 basis points year-on-year to 0.51%.",Relevant,The assistant summary accurately captures both the gross NPA ratio of 1.81% (down 111 basis points) and the net NPA ratio of 0.51% (down 24 basis points) as stated in the reference answer.,
"What is Bank of India's capital adequacy ratio (CRAR), and its CET1 ratio if disclosed?","Capital adequacy 18.69%, up from 17.39%.",F_Simple,F_Simple,0.4585325082585684,simple_triplet,True,"[""Bank of India"", ""capital adequacy ratio"", ""CET1 ratio""]","[{""entity"": ""Bank of India"", ""matched_node_name"": ""Bank of India"", ""matched_id"": ""3e9196c4-bbb2-4359-aa6a-c5c6d39e79d4"", ""matched_type"": ""COMPANY"", ""similarity"": 1.0, ""source"": ""gazetteer""}, {""entity"": ""capital adequacy ratio"", ""matched_node_name"": ""capital adequacy ratio"", ""matched_id"": ""e2c8bdab-25f2-49d9-b3b9-f24b21583fe2"", ""matched_type"": ""METRIC"", ""similarity"": 1.0, ""source"": ""gazetteer""}, {""entity"": ""CET1 ratio"", ""matched_node_name"": ""CET1 percentage"", ""matched_id"": ""c5469579-75e6-4c83-b0f9-c16c1485a02f"", ""matched_type"": ""METRIC"", ""similarity"": 0.99, ""source"": ""alias""}]","What is <COMPANY>'s <METRIC> (CRAR), and its <METRIC> if disclosed?","{""nn1"": ""COMPANY"", ""target_ids"": [""e2c8bdab-25f2-49d9-b3b9-f24b21583fe2"", ""c5469579-75e6-4c83-b0f9-c16c1485a02f""], ""prop1_list"": [""HAS_METRIC"", ""MetricObservation"", ""HAS_WEAKNESS"", ""HAS_RISK_DRIVER"", ""HAS_STRENGTH"", ""HAS_GROWTH_DRIVER"", ""HAS_OPPORTUNITY"", ""HAS_MARGIN_DRIVER"", ""HAS_ROE_DRIVER"", ""HAS_VALUATION_DRIVER"", ""METRIC_OBSERVATION""], ""nnp1"": ""3e9196c4-bbb2-4359-aa6a-c5c6d39e79d4""}","{""nnp1"": ""3e9196c4-bbb2-4359-aa6a-c5c6d39e79d4"", ""nnp2"": ""e2c8bdab-25f2-49d9-b3b9-f24b21583fe2"", ""nnp3"": null, ""prop1"": ""HAS_STRENGTH"", ""nn1"": ""COMPANY"", ""nn2"": ""METRIC"", ""threshold"": null, ""target_ids"": [""e2c8bdab-25f2-49d9-b3b9-f24b21583fe2"", ""c5469579-75e6-4c83-b0f9-c16c1485a02f""], ""prop1_list"": [""HAS_METRIC"", ""MetricObservation"", ""HAS_WEAKNESS"", ""HAS_RISK_DRIVER"", ""HAS_STRENGTH"", ""HAS_GROWTH_DRIVER"", ""HAS_OPPORTUNITY"", ""HAS_MARGIN_DRIVER"", ""HAS_ROE_DRIVER"", ""HAS_VALUATION_DRIVER"", ""METRIC_OBSERVATION""], ""metric_name"": null, ""topic_name1"": ""Bank of India"", ""topic_name2"": ""capital adequacy ratio"", ""segment_ids"": []}",primary,20,"Template: simple_triplet (F_Simple)
Query intent: Simple question: subject linked to objects via a predicate.

Row 1: Bank of India reported a capital adequacy of 18.69%.
Row 2: Bank of India reported a return on assets of 1.01%.
Row 3: Bank of India reported a cost-to-income ratio of 46.3%.
Row 4: Bank of India reported its gross NPA fell 111 basis points year-on-year to 1.81%.
Row 5: Bank of India reported its net NPA fell 24 basis points year-on-year to 0.51%.
Row 6: Bank of India reported its provision coverage at 93.63%.
Row 7: Bank of India reported a net interest margin of 2.52% globally.
Row 8: Bank of India's valuation-relevant fact is its improved capital-adequacy position.
Row 9: Bank of India reported a standalone net profit of ₹3,068 crore.
Row 10: Bank of India reported a consolidated net profit of ₹1,747.39 crore.
Row 11: Bank of India's strongest points this quarter included its asset-quality improvement.
Row 12: Bank of India reported a very low credit cost of 0.15%.
Row 13: Bank of India reported a slippage ratio of 0.24%.
Row 14: Bank of India showed a potential weakness regarding its disclosure consistency between standalone and consolidated reporting.
Row 15: Bank of India expects growth to be driven by strong domestic and global advances growth.
Row 16: Bank of India expects its margin to be driven by NIM stability near 2.5%.
Row 17: Bank of India expects its return on equity to be driven by continued improvement in credit cost and slippage trends.
Row 18: Bank of India's key risk driver is the sustainability of its unusually low credit cost.
Row 19: Bank of India reported a Q1 FY27 CASA ratio of 36.68%.
Row 20: Bank of India reported net interest income of ₹6,833 crore, up 12.61%.",Bank of India reported a capital adequacy ratio (CRAR) of 18.69%. The retrieved facts do not cover the bank's CET1 ratio.,Relevant,The assistant summary correctly provides Bank of India's capital adequacy ratio as 18.69% matching the reference answer and appropriately notes that the CET1 ratio was not disclosed in the retrieved facts.,
What are Bank of India's return on assets (ROA) and return on equity (ROE) for the latest quarter?,Return on assets 1.01%.,F_Simple,F_Simple,0.5859677884172529,simple_triplet,True,"[""Bank of India"", ""return on assets"", ""return on equity""]","[{""entity"": ""Bank of India"", ""matched_node_name"": ""Bank of India"", ""matched_id"": ""3e9196c4-bbb2-4359-aa6a-c5c6d39e79d4"", ""matched_type"": ""COMPANY"", ""similarity"": 1.0, ""source"": ""gazetteer""}, {""entity"": ""return on assets"", ""matched_node_name"": ""return on assets"", ""matched_id"": ""9fe9c63b-26ba-4633-b3f0-2f73fa5b6d37"", ""matched_type"": ""METRIC"", ""similarity"": 1.0, ""source"": ""gazetteer""}, {""entity"": ""return on equity"", ""matched_node_name"": ""return on equity"", ""matched_id"": ""14e844eb-fd2b-4028-9460-92f4196b984a"", ""matched_type"": ""METRIC"", ""similarity"": 1.0, ""source"": ""gazetteer""}]",What are <COMPANY>'s <METRIC> (ROA) and <METRIC> (ROE) for the latest quarter?,"{""nn1"": ""COMPANY"", ""target_ids"": [""9fe9c63b-26ba-4633-b3f0-2f73fa5b6d37"", ""14e844eb-fd2b-4028-9460-92f4196b984a""], ""prop1_list"": [""HAS_METRIC"", ""MetricObservation"", ""HAS_WEAKNESS"", ""HAS_RISK_DRIVER"", ""HAS_STRENGTH"", ""HAS_GROWTH_DRIVER"", ""HAS_OPPORTUNITY"", ""HAS_MARGIN_DRIVER"", ""HAS_ROE_DRIVER"", ""HAS_VALUATION_DRIVER"", ""METRIC_OBSERVATION""], ""nnp1"": ""3e9196c4-bbb2-4359-aa6a-c5c6d39e79d4""}","{""nnp1"": ""3e9196c4-bbb2-4359-aa6a-c5c6d39e79d4"", ""nnp2"": ""9fe9c63b-26ba-4633-b3f0-2f73fa5b6d37"", ""nnp3"": null, ""prop1"": ""HAS_STRENGTH"", ""nn1"": ""COMPANY"", ""nn2"": ""METRIC"", ""threshold"": null, ""target_ids"": [""9fe9c63b-26ba-4633-b3f0-2f73fa5b6d37"", ""14e844eb-fd2b-4028-9460-92f4196b984a""], ""prop1_list"": [""HAS_METRIC"", ""MetricObservation"", ""HAS_WEAKNESS"", ""HAS_RISK_DRIVER"", ""HAS_STRENGTH"", ""HAS_GROWTH_DRIVER"", ""HAS_OPPORTUNITY"", ""HAS_MARGIN_DRIVER"", ""HAS_ROE_DRIVER"", ""HAS_VALUATION_DRIVER"", ""METRIC_OBSERVATION""], ""metric_name"": null, ""topic_name1"": ""Bank of India"", ""topic_name2"": ""return on assets"", ""segment_ids"": []}",primary,20,"Template: simple_triplet (F_Simple)
Query intent: Simple question: subject linked to objects via a predicate.

Row 1: Bank of India reported a return on assets of 1.01%.
Row 2: Bank of India reported a cost-to-income ratio of 46.3%.
Row 3: Bank of India reported its gross NPA fell 111 basis points year-on-year to 1.81%.
Row 4: Bank of India reported its net NPA fell 24 basis points year-on-year to 0.51%.
Row 5: Bank of India reported its provision coverage at 93.63%.
Row 6: Bank of India reported a capital adequacy of 18.69%.
Row 7: Bank of India reported a net interest margin of 2.52% globally.
Row 8: Bank of India's valuation-relevant fact is its improved capital-adequacy position.
Row 9: Bank of India reported a standalone net profit of ₹3,068 crore.
Row 10: Bank of India reported a consolidated net profit of ₹1,747.39 crore.
Row 11: Bank of India's strongest points this quarter included its asset-quality improvement.
Row 12: Bank of India reported a very low credit cost of 0.15%.
Row 13: Bank of India reported a slippage ratio of 0.24%.
Row 14: Bank of India showed a potential weakness regarding its disclosure consistency between standalone and consolidated reporting.
Row 15: Bank of India expects growth to be driven by strong domestic and global advances growth.
Row 16: Bank of India expects its margin to be driven by NIM stability near 2.5%.
Row 17: Bank of India expects its return on equity to be driven by continued improvement in credit cost and slippage trends.
Row 18: Bank of India's key risk driver is the sustainability of its unusually low credit cost.
Row 19: Bank of India reported a Q1 FY27 CASA ratio of 36.68%.
Row 20: Bank of India reported net interest income of ₹6,833 crore, up 12.61%.",Bank of India reported a return on assets of 1.01%. The retrieved facts do not cover Bank of India's return on equity for the latest quarter.,Relevant,"The assistant summary correctly provides the return on assets of 1.01% found in the reference answer and appropriately notes that the return on equity was not covered, which is fully aligned with the source document.",
What was Bank of India's total advances (loan book) and deposit growth in the latest quarter?,Global advances grew 18.84% year-on-year to ₹7.98 lakh crore (domestic gross advances up 19.20% to ₹6.74 lakh crore); global deposits grew 14.90% to ₹9.58 lakh crore.,F_Simple,F_Simple,0.5741154930246071,simple_triplet,True,"[""Bank of India"", ""total advances"", ""loan"", ""deposit growth""]","[{""entity"": ""Bank of India"", ""matched_node_name"": ""Bank of India"", ""matched_id"": ""3e9196c4-bbb2-4359-aa6a-c5c6d39e79d4"", ""matched_type"": ""COMPANY"", ""similarity"": 1.0, ""source"": ""gazetteer""}, {""entity"": ""total advances"", ""matched_node_name"": ""Total advances"", ""matched_id"": ""a1b36a29-fc07-41cc-b3a3-010e50f98882"", ""matched_type"": ""ASSETCLASS"", ""similarity"": 1.0, ""source"": ""gazetteer""}, {""entity"": ""loan"", ""matched_node_name"": ""loan"", ""matched_id"": ""13c28420-d40d-41d9-9101-1e3596e3c2ba"", ""matched_type"": ""PRODUCT"", ""similarity"": 1.0, ""source"": ""gazetteer""}, {""entity"": ""deposit growth"", ""matched_node_name"": ""Deposit growth"", ""matched_id"": ""7a5ad916-7608-42a4-b7b8-cef3032e3b45"", ""matched_type"": ""METRIC"", ""similarity"": 1.0, ""source"": ""gazetteer""}]",What was <COMPANY>'s <ASSETCLASS> (<PRODUCT> book) and <METRIC> in the latest quarter?,"{""nn1"": ""COMPANY"", ""target_ids"": [""a1b36a29-fc07-41cc-b3a3-010e50f98882"", ""13c28420-d40d-41d9-9101-1e3596e3c2ba"", ""7a5ad916-7608-42a4-b7b8-cef3032e3b45""], ""prop1_list"": [""HAS_METRIC"", ""MetricObservation"", ""ExposureRelation"", ""FUNDED_BY"", ""HAS_WEAKNESS"", ""HAS_RISK_DRIVER"", ""HAS_LOAN_EXPOSURE_TO"", ""HAS_STRENGTH"", ""HAS_GROWTH_DRIVER"", ""HAS_OPPORTUNITY"", ""HAS_MARGIN_DRIVER"", ""HAS_ROE_DRIVER"", ""HAS_VALUATION_DRIVER"", ""HAS_ASSET_EXPOSURE_TO"", ""METRIC_OBSERVATION"", ""EXPOSURE_RELATION""], ""nnp1"": ""3e9196c4-bbb2-4359-aa6a-c5c6d39e79d4""}","{""nnp1"": ""3e9196c4-bbb2-4359-aa6a-c5c6d39e79d4"", ""nnp2"": ""13c28420-d40d-41d9-9101-1e3596e3c2ba"", ""nnp3"": null, ""prop1"": ""HAS_STRENGTH"", ""nn1"": ""COMPANY"", ""nn2"": ""PRODUCT"", ""threshold"": null, ""target_ids"": [""a1b36a29-fc07-41cc-b3a3-010e50f98882"", ""13c28420-d40d-41d9-9101-1e3596e3c2ba"", ""7a5ad916-7608-42a4-b7b8-cef3032e3b45""], ""prop1_list"": [""HAS_METRIC"", ""MetricObservation"", ""ExposureRelation"", ""FUNDED_BY"", ""HAS_WEAKNESS"", ""HAS_RISK_DRIVER"", ""HAS_LOAN_EXPOSURE_TO"", ""HAS_STRENGTH"", ""HAS_GROWTH_DRIVER"", ""HAS_OPPORTUNITY"", ""HAS_MARGIN_DRIVER"", ""HAS_ROE_DRIVER"", ""HAS_VALUATION_DRIVER"", ""HAS_ASSET_EXPOSURE_TO"", ""METRIC_OBSERVATION"", ""EXPOSURE_RELATION""], ""metric_name"": null, ""topic_name1"": ""Bank of India"", ""topic_name2"": ""loan"", ""segment_ids"": []}",relaxed_direction,26,"Template: simple_triplet (F_Simple)
Query intent: Simple question: subject linked to objects via a predicate.

Row 1: Bank of India is exposed to interest-rate risk.
Row 2: Bank of India is exposed to regulatory risk.
Row 3: Bank of India reported a return on assets of 1.01%.
Row 4: Bank of India reported a cost-to-income ratio of 46.3%.
Row 5: Bank of India reported its gross NPA fell 111 basis points year-on-year to 1.81%.
Row 6: Bank of India reported its net NPA fell 24 basis points year-on-year to 0.51%.
Row 7: Bank of India reported its provision coverage at 93.63%.
Row 8: Bank of India reported a capital adequacy of 18.69%.
Row 9: Bank of India's global advances grew 18.84% year-on-year to ₹7.98 lakh crore.
Row 10: Bank of India reported a net interest margin of 2.52% globally.
Row 11: Bank of India's valuation-relevant fact is its improved capital-adequacy position.
Row 12: Bank of India reported a standalone net profit of ₹3,068 crore.
Row 13: Bank of India reported a consolidated net profit of ₹1,747.39 crore.
Row 14: Bank of India's domestic gross advances grew 19.20% year-on-year to ₹6.74 lakh crore.
Row 15: Bank of India's strongest points this quarter included its asset-quality improvement.
Row 16: Bank of India reported a very low credit cost of 0.15%.
Row 17: Bank of India reported a slippage ratio of 0.24%.
Row 18: Bank of India showed a potential weakness regarding its disclosure consistency between standalone and consolidated reporting.
Row 19: Bank of India is exposed to an operational/disclosure-consistency question.
Row 20: Bank of India expects growth to be driven by strong domestic and global advances growth.
Row 21: Bank of India expects its margin to be driven by NIM stability near 2.5%.
Row 22: Bank of India expects its return on equity to be driven by continued improvement in credit cost and slippage trends.
Row 23: Bank of India's key risk driver is the sustainability of its unusually low credit cost.
Row 24: Bank of India is exposed to ordinary credit risk.
Row 25: Bank of India reported a Q1 FY27 CASA ratio of 36.68%.
Row 26: Bank of India reported net interest income of ₹6,833 crore, up 12.61%.","The retrieved facts do not cover deposit growth for Bank of India. However, regarding its loan book, Bank of India's global advances grew 18.84% year-on-year to reach ₹7.98 lakh crore, while its domestic gross advances grew 19.20% year-on-year to ₹6.74 lakh crore.",Somewhat relevant,"The assistant summary correctly captures Bank of India's global and domestic advances, but it misses deposit growth entirely, claiming the retrieved facts do not cover it.",
"What credit ratings has Bank of India received, and from which rating agencies?","No current, dated credit rating for Bank of India could be confirmed in this dataset.",F_Simple,F_Simple,0.5229460713108118,simple_triplet,True,"[""Bank of India""]","[{""entity"": ""Bank of India"", ""matched_node_name"": ""Bank of India"", ""matched_id"": ""3e9196c4-bbb2-4359-aa6a-c5c6d39e79d4"", ""matched_type"": ""COMPANY"", ""similarity"": 1.0, ""source"": ""gazetteer""}]","What credit ratings has <COMPANY> received, and from which rating agencies?","{""nn1"": ""COMPANY"", ""target_ids"": [], ""prop1_list"": [""HAS_RATING"", ""RATED_BY""], ""nnp1"": ""3e9196c4-bbb2-4359-aa6a-c5c6d39e79d4""}","{""nnp1"": ""3e9196c4-bbb2-4359-aa6a-c5c6d39e79d4"", ""nnp2"": null, ""nnp3"": null, ""prop1"": ""HAS_RATING"", ""nn1"": ""COMPANY"", ""nn2"": null, ""threshold"": null, ""target_ids"": [], ""prop1_list"": [""HAS_RATING"", ""RATED_BY""], ""metric_name"": null, ""topic_name1"": ""Bank of India"", ""topic_name2"": null, ""segment_ids"": []}",attribute_lookup,7,"Template: simple_triplet (F_Simple)
Query intent: Simple question: subject linked to objects via a predicate.

Row 1: Bank of India's banking_segment is Public Sector Bank
Row 2: Bank of India's country is India
Row 3: Bank of India's description is Bank of India, headquartered at the Bandra Kurla Complex in Mumbai, Maharashtra, is a Government of India-owned universal bank with a sizeable international operation relative to its balance sheet.
Row 4: Bank of India's exchange is NSE, BSE
Row 5: Bank of India's legal_name is Bank of India
Row 6: Bank of India's listed is True
Row 7: Bank of India's ticker is BANKINDIA",The provided facts do not cover the credit ratings received by Bank of India or the rating agencies that issued them.,Relevant,Both the reference answer and the assistant summary correctly state that the dataset does not contain or confirm current credit rating information for Bank of India.,
"Roughly how many branches and ATMs does Bank of India operate, and as of what date?","Domestic branch count 5,202 with 8,166 ATMs; overseas branch count is unclear (one figure cites 60, another from the same source cites 22 — not reconciled), via five subsidiaries and one joint venture abroad.",F_QuantCount,F_QuantCount,0.5019551925676716,quant_count,True,"[""branches"", ""ATMs"", ""Bank of India""]","[{""entity"": ""branches"", ""matched_node_name"": ""branches"", ""matched_id"": ""825450c5-3a89-46a1-bf6f-9b5e414de076"", ""matched_type"": ""DISTRIBUTIONCHANNEL"", ""similarity"": 1.0, ""source"": ""gazetteer""}, {""entity"": ""ATMs"", ""matched_node_name"": ""ATMs"", ""matched_id"": ""4211be7c-a18e-4211-bd8a-4534d423385e"", ""matched_type"": ""DISTRIBUTIONCHANNEL"", ""similarity"": 1.0, ""source"": ""gazetteer""}, {""entity"": ""Bank of India"", ""matched_node_name"": ""Bank of India"", ""matched_id"": ""3e9196c4-bbb2-4359-aa6a-c5c6d39e79d4"", ""matched_type"": ""COMPANY"", ""similarity"": 1.0, ""source"": ""gazetteer""}]","Roughly how many <DISTRIBUTIONCHANNEL> and <DISTRIBUTIONCHANNEL> does <COMPANY> operate, and as of what date?","{""nn1"": ""COMPANY"", ""prop1_list"": [""USES_CHANNEL"", ""DEPENDS_ON""], ""nnp1"": ""3e9196c4-bbb2-4359-aa6a-c5c6d39e79d4"", ""nn2"": ""DISTRIBUTIONCHANNEL""}","{""nnp1"": ""3e9196c4-bbb2-4359-aa6a-c5c6d39e79d4"", ""nnp2"": ""825450c5-3a89-46a1-bf6f-9b5e414de076"", ""nnp3"": null, ""prop1"": ""USES_CHANNEL"", ""nn1"": ""COMPANY"", ""nn2"": ""DISTRIBUTIONCHANNEL"", ""threshold"": null, ""target_ids"": [""825450c5-3a89-46a1-bf6f-9b5e414de076"", ""4211be7c-a18e-4211-bd8a-4534d423385e""], ""prop1_list"": [""USES_CHANNEL"", ""DEPENDS_ON""], ""metric_name"": null, ""topic_name1"": ""Bank of India"", ""topic_name2"": ""branches"", ""segment_ids"": []}",primary,1,"Template: quant_count (F_QuantCount)
Query intent: Count related objects for a subject entity.

Row 1: subject_name=Bank of India | object_count=3 (3 facts)
  - Bank of India maintains a network of overseas branches.
  - Bank of India operates a network of 5,202 domestic branches.
  - Bank of India operates a network of 8,166 ATMs.","Bank of India operates a network of 5,202 domestic branches and 8,166 ATMs. The retrieved facts do not specify the exact date as of which these figures are reported.",Relevant,"The assistant summary correctly captures the exact domestic branch count of 5,202 and 8,166 ATMs from the reference answer, and appropriately notes that specific date details are missing.",
"What products and services does Bank of India offer, and which customer segments does it serve?","Standard retail, MSME, agricultural and corporate range plus trade finance, treasury, forex and cash-management services.",F_Simple,F_Simple,0.5902610031105305,simple_triplet,True,"[""Bank of India""]","[{""entity"": ""Bank of India"", ""matched_node_name"": ""Bank of India"", ""matched_id"": ""3e9196c4-bbb2-4359-aa6a-c5c6d39e79d4"", ""matched_type"": ""COMPANY"", ""similarity"": 1.0, ""source"": ""gazetteer""}]","What products and services does <COMPANY> offer, and which customer segments does it serve?","{""nn1"": ""COMPANY"", ""target_ids"": [], ""prop1_list"": [""ExposureRelation"", ""OFFERS_PRODUCT"", ""PROVIDES_SERVICE"", ""SERVES"", ""TARGETS"", ""HAS_ASSET_EXPOSURE_TO"", ""EXPOSURE_RELATION""], ""nnp1"": ""3e9196c4-bbb2-4359-aa6a-c5c6d39e79d4""}","{""nnp1"": ""3e9196c4-bbb2-4359-aa6a-c5c6d39e79d4"", ""nnp2"": null, ""nnp3"": null, ""prop1"": ""SERVES"", ""nn1"": ""COMPANY"", ""nn2"": null, ""threshold"": null, ""target_ids"": [], ""prop1_list"": [""ExposureRelation"", ""OFFERS_PRODUCT"", ""PROVIDES_SERVICE"", ""SERVES"", ""TARGETS"", ""HAS_ASSET_EXPOSURE_TO"", ""EXPOSURE_RELATION""], ""metric_name"": null, ""topic_name1"": ""Bank of India"", ""topic_name2"": null, ""segment_ids"": []}",primary,14,"Template: simple_triplet (F_Simple)
Query intent: Simple question: subject linked to objects via a predicate.

Row 1: Bank of India offers a standard product range serving corporate customers.
Row 2: Bank of India's global advances grew 18.84% year-on-year to ₹7.98 lakh crore.
Row 3: Bank of India offers a standard product range serving MSME customers.
Row 4: Bank of India offers a standard product range serving agricultural customers.
Row 5: Bank of India provides cash-management services.
Row 6: Bank of India is exposed to ordinary credit risk.
Row 7: Bank of India's domestic gross advances grew 19.20% year-on-year to ₹6.74 lakh crore.
Row 8: Bank of India provides forex services.
Row 9: Bank of India is exposed to interest-rate risk.
Row 10: Bank of India is exposed to an operational/disclosure-consistency question.
Row 11: Bank of India is exposed to regulatory risk.
Row 12: Bank of India offers a standard product range serving retail customers.
Row 13: Bank of India provides trade finance services.
Row 14: Bank of India provides treasury services.","Bank of India offers a standard product range tailored to serve retail, corporate, MSME, and agricultural customers. Additionally, the bank provides a variety of services, including treasury, trade finance, forex, and cash-management services.",Relevant,"The assistant summary accurately captures all the products, services, and customer segments mentioned in the reference answer, including retail, MSME, agricultural, and corporate ranges, along with trade finance, treasury, forex, and cash-management services.",
What is Indian Bank's ticker symbol and on which exchange(s) does it trade?,"INDIANB, listed on both the NSE and the BSE.",F_Simple,F_Simple,0.5272617020235415,simple_triplet,True,"[""Indian Bank""]","[{""entity"": ""Indian Bank"", ""matched_node_name"": ""Indian Bank"", ""matched_id"": ""194640a5-71fb-47af-9262-21db19bcde51"", ""matched_type"": ""COMPANY"", ""similarity"": 1.0, ""source"": ""gazetteer""}]",What is <COMPANY>'s ticker symbol and on which exchange(s) does it trade?,"{""nnp1"": ""194640a5-71fb-47af-9262-21db19bcde51""}","{""nnp1"": ""194640a5-71fb-47af-9262-21db19bcde51"", ""nnp2"": null, ""nnp3"": null, ""prop1"": null, ""nn1"": ""COMPANY"", ""nn2"": null, ""threshold"": null, ""target_ids"": [], ""prop1_list"": [], ""metric_name"": null, ""topic_name1"": ""Indian Bank"", ""topic_name2"": null, ""segment_ids"": []}",attribute_lookup_direct,7,"Template: simple_triplet (F_Simple)
Query intent: Simple question: subject linked to objects via a predicate.

Row 1: Indian Bank's banking_segment is Public Sector Bank
Row 2: Indian Bank's country is India
Row 3: Indian Bank's description is Indian Bank, headquartered in Chennai, Tamil Nadu, is a Government of India-owned universal bank that became the seventh-largest PSU bank after merging with Allahabad Bank on 1 April 2020.
Row 4: Indian Bank's exchange is NSE, BSE
Row 5: Indian Bank's legal_name is Indian Bank
Row 6: Indian Bank's listed is True
Row 7: Indian Bank's ticker is INDIANB",Indian Bank trades under the ticker symbol INDIANB and is listed on both the NSE and BSE exchanges.,Relevant,"The assistant summary correctly identifies Indian Bank's ticker symbol as INDIANB and its listing on both the NSE and BSE, matching all material facts in the reference answer.",
"Who is the current MD & CEO (or Chairman, where that is the top executive title) of Indian Bank?",Binod Kumar has been MD & CEO since January 2025. Current non-executive chairman: not stated.,F_Simple,F_Simple,0.5283378025783668,simple_triplet,True,"[""Indian Bank""]","[{""entity"": ""Indian Bank"", ""matched_node_name"": ""Indian Bank"", ""matched_id"": ""194640a5-71fb-47af-9262-21db19bcde51"", ""matched_type"": ""COMPANY"", ""similarity"": 1.0, ""source"": ""gazetteer""}]","Who is the current MD & CEO (or Chairman, where that is the top executive title) of <COMPANY>?","{""nn1"": ""COMPANY"", ""target_ids"": [], ""prop1_list"": [""GovernanceRole"", ""HOLDS_ROLE"", ""GOVERNANCE_ROLE""], ""nnp1"": ""194640a5-71fb-47af-9262-21db19bcde51""}","{""nnp1"": ""194640a5-71fb-47af-9262-21db19bcde51"", ""nnp2"": null, ""nnp3"": null, ""prop1"": ""GovernanceRole"", ""nn1"": ""COMPANY"", ""nn2"": null, ""threshold"": null, ""target_ids"": [], ""prop1_list"": [""GovernanceRole"", ""HOLDS_ROLE"", ""GOVERNANCE_ROLE""], ""metric_name"": null, ""topic_name1"": ""Indian Bank"", ""topic_name2"": null, ""segment_ids"": []}",primary,1,"Template: simple_triplet (F_Simple)
Query intent: Simple question: subject linked to objects via a predicate.

Row 1: [Indian Bank] Binod Kumar serves as the MD & CEO of Indian Bank. (as of 2025-01-01)","Binod Kumar serves as the MD & CEO of Indian Bank, a position he has held as of January 1, 2025.",Relevant,"The assistant summary correctly identifies Binod Kumar as the MD & CEO of Indian Bank starting in January 2025, perfectly matching the reference answer.",
"What percentage of Indian Bank is held by its government promoter or largest shareholder, and as of what date?","Government ownership stood at 73.84% (source: CRISIL's rating rationale, dated 6 February 2026).",F_LogUnion,F_LogUnion,0.6214196189605303,logical_union,True,"[""Indian Bank""]","[{""entity"": ""Indian Bank"", ""matched_node_name"": ""Indian Bank"", ""matched_id"": ""194640a5-71fb-47af-9262-21db19bcde51"", ""matched_type"": ""COMPANY"", ""similarity"": 1.0, ""source"": ""gazetteer""}]","What percentage of <COMPANY> is held by its government promoter or largest shareholder, and as of what date?","{""nn1"": ""COMPANY"", ""nnp1"": ""194640a5-71fb-47af-9262-21db19bcde51"", ""prop1_list"": [""OWNS"", ""REGULATED_BY"", ""OwnershipStake"", ""HELD_BY"", ""OWNS_STAKE_IN"", ""CorporateStructureRelation"", ""OWNERSHIP_STAKE"", ""CORPORATE_STRUCTURE_RELATION""], ""target_ids"": [], ""nnp2"": null}","{""nnp1"": ""194640a5-71fb-47af-9262-21db19bcde51"", ""nnp2"": null, ""nnp3"": null, ""prop1"": ""CorporateStructureRelation"", ""nn1"": ""COMPANY"", ""nn2"": null, ""threshold"": null, ""target_ids"": [], ""prop1_list"": [""OWNS"", ""REGULATED_BY"", ""OwnershipStake"", ""HELD_BY"", ""OWNS_STAKE_IN"", ""CorporateStructureRelation"", ""OWNERSHIP_STAKE"", ""CORPORATE_STRUCTURE_RELATION""], ""metric_name"": null, ""topic_name1"": ""Indian Bank"", ""topic_name2"": null, ""segment_ids"": []}",primary,3,"Template: logical_union (F_LogUnion)
Query intent: Union of two relationship patterns from the same subject.

Row 1: Indian Bank merged with Allahabad Bank on 1 April 2020. (as of 2020-04-01)
Row 2: [Indian Bank] The Government of India owns a 73.84% stake in Indian Bank.
Row 3: [Indian Bank] LIC is among the major institutional holders that maintain an ownership stake in Indian Bank.",The Government of India holds a 73.84% stake in Indian Bank.,Relevant,"The assistant summary correctly identifies the government promoter's stake as 73.84%, matching the core factual substance of the reference answer.",
What are Indian Bank's gross NPA and net NPA ratios?,Gross NPA improved to 1.86% and net NPA to 0.15%.,F_Simple,F_Simple,0.5219059417885892,simple_triplet,True,"[""Indian Bank"", ""gross NPA"", ""net NPA""]","[{""entity"": ""Indian Bank"", ""matched_node_name"": ""Indian Bank"", ""matched_id"": ""194640a5-71fb-47af-9262-21db19bcde51"", ""matched_type"": ""COMPANY"", ""similarity"": 1.0, ""source"": ""gazetteer""}, {""entity"": ""gross NPA"", ""matched_node_name"": ""gross NPA"", ""matched_id"": ""17de1b02-766d-4a7f-861e-a11cf8caa7ab"", ""matched_type"": ""METRIC"", ""similarity"": 1.0, ""source"": ""gazetteer""}, {""entity"": ""net NPA"", ""matched_node_name"": ""net NPA"", ""matched_id"": ""b0454088-e2c7-4c48-8ede-4505aee1e817"", ""matched_type"": ""METRIC"", ""similarity"": 1.0, ""source"": ""gazetteer""}]",What are <COMPANY>'s <METRIC> and <METRIC> ratios?,"{""nn1"": ""COMPANY"", ""target_ids"": [""17de1b02-766d-4a7f-861e-a11cf8caa7ab"", ""b0454088-e2c7-4c48-8ede-4505aee1e817""], ""prop1_list"": [""HAS_METRIC"", ""MetricObservation"", ""HAS_WEAKNESS"", ""HAS_RISK_DRIVER"", ""HAS_STRENGTH"", ""HAS_GROWTH_DRIVER"", ""HAS_OPPORTUNITY"", ""HAS_MARGIN_DRIVER"", ""HAS_ROE_DRIVER"", ""HAS_VALUATION_DRIVER"", ""METRIC_OBSERVATION""], ""nnp1"": ""194640a5-71fb-47af-9262-21db19bcde51""}","{""nnp1"": ""194640a5-71fb-47af-9262-21db19bcde51"", ""nnp2"": ""17de1b02-766d-4a7f-861e-a11cf8caa7ab"", ""nnp3"": null, ""prop1"": ""HAS_STRENGTH"", ""nn1"": ""COMPANY"", ""nn2"": ""METRIC"", ""threshold"": null, ""target_ids"": [""17de1b02-766d-4a7f-861e-a11cf8caa7ab"", ""b0454088-e2c7-4c48-8ede-4505aee1e817""], ""prop1_list"": [""HAS_METRIC"", ""MetricObservation"", ""HAS_WEAKNESS"", ""HAS_RISK_DRIVER"", ""HAS_STRENGTH"", ""HAS_GROWTH_DRIVER"", ""HAS_OPPORTUNITY"", ""HAS_MARGIN_DRIVER"", ""HAS_ROE_DRIVER"", ""HAS_VALUATION_DRIVER"", ""METRIC_OBSERVATION""], ""metric_name"": null, ""topic_name1"": ""Indian Bank"", ""topic_name2"": ""gross NPA"", ""segment_ids"": []}",primary,16,"Template: simple_triplet (F_Simple)
Query intent: Simple question: subject linked to objects via a predicate.

Row 1: Indian Bank improved its gross NPA metric to 1.86%.
Row 2: Indian Bank improved its net NPA metric to 0.15%.
Row 3: Indian Bank posted a provision coverage ratio of 98.22%.
Row 4: Indian Bank holds a capital adequacy ratio of 17.58%.
Row 5: Indian Bank maintains a CET1 ratio of 16.51%.
Row 6: Indian Bank features highly-confident and directly evidenced strength in its asset quality.
Row 7: Indian Bank's margin is expected to be driven by CASA mobilization.
Row 8: Indian Bank reported Total income of ₹20,723.62 crore for the quarter.
Row 9: Indian Bank demonstrates a core strength in its capital position, standing comfortably above the regulatory minimum.
Row 10: Indian Bank has a clear strategic opportunity in its pivot toward RAM and infrastructure lending.
Row 11: Indian Bank's margin is expected to be driven by deposit repricing.
Row 12: Indian Bank expects its return on equity to be driven by sustained profitability growth.
Row 13: Indian Bank anticipates its return on equity will be driven by capital efficiency.
Row 14: Indian Bank's key risk driver is its corporate and infrastructure loan concentration.
Row 15: Indian Bank's valuation-relevant fact is that its sovereign ownership underpins the stability of its top-tier CRISIL ratings.
Row 16: [Indian Bank] A precise Q1 FY27 CASA ratio for Indian Bank was not recorded in the sources.","Indian Bank's gross NPA ratio stands at 1.86%, while its net NPA ratio is 0.15%.",Relevant,"The assistant summary correctly states both Indian Bank's gross NPA ratio of 1.86% and net NPA ratio of 0.15%, exactly matching the reference answer.",
"What is Indian Bank's capital adequacy ratio (CRAR), and its CET1 ratio if disclosed?",Capital adequacy 17.58% and CET1 16.51%.,F_Simple,F_Simple,0.4585325082585684,simple_triplet,True,"[""Indian Bank"", ""capital adequacy ratio"", ""CET1 ratio""]","[{""entity"": ""Indian Bank"", ""matched_node_name"": ""Indian Bank"", ""matched_id"": ""194640a5-71fb-47af-9262-21db19bcde51"", ""matched_type"": ""COMPANY"", ""similarity"": 1.0, ""source"": ""gazetteer""}, {""entity"": ""capital adequacy ratio"", ""matched_node_name"": ""capital adequacy ratio"", ""matched_id"": ""e2c8bdab-25f2-49d9-b3b9-f24b21583fe2"", ""matched_type"": ""METRIC"", ""similarity"": 1.0, ""source"": ""gazetteer""}, {""entity"": ""CET1 ratio"", ""matched_node_name"": ""CET1 percentage"", ""matched_id"": ""c5469579-75e6-4c83-b0f9-c16c1485a02f"", ""matched_type"": ""METRIC"", ""similarity"": 0.99, ""source"": ""alias""}]","What is <COMPANY>'s <METRIC> (CRAR), and its <METRIC> if disclosed?","{""nn1"": ""COMPANY"", ""target_ids"": [""e2c8bdab-25f2-49d9-b3b9-f24b21583fe2"", ""c5469579-75e6-4c83-b0f9-c16c1485a02f""], ""prop1_list"": [""HAS_METRIC"", ""MetricObservation"", ""HAS_WEAKNESS"", ""HAS_RISK_DRIVER"", ""HAS_STRENGTH"", ""HAS_GROWTH_DRIVER"", ""HAS_OPPORTUNITY"", ""HAS_MARGIN_DRIVER"", ""HAS_ROE_DRIVER"", ""HAS_VALUATION_DRIVER"", ""METRIC_OBSERVATION""], ""nnp1"": ""194640a5-71fb-47af-9262-21db19bcde51""}","{""nnp1"": ""194640a5-71fb-47af-9262-21db19bcde51"", ""nnp2"": ""e2c8bdab-25f2-49d9-b3b9-f24b21583fe2"", ""nnp3"": null, ""prop1"": ""HAS_STRENGTH"", ""nn1"": ""COMPANY"", ""nn2"": ""METRIC"", ""threshold"": null, ""target_ids"": [""e2c8bdab-25f2-49d9-b3b9-f24b21583fe2"", ""c5469579-75e6-4c83-b0f9-c16c1485a02f""], ""prop1_list"": [""HAS_METRIC"", ""MetricObservation"", ""HAS_WEAKNESS"", ""HAS_RISK_DRIVER"", ""HAS_STRENGTH"", ""HAS_GROWTH_DRIVER"", ""HAS_OPPORTUNITY"", ""HAS_MARGIN_DRIVER"", ""HAS_ROE_DRIVER"", ""HAS_VALUATION_DRIVER"", ""METRIC_OBSERVATION""], ""metric_name"": null, ""topic_name1"": ""Indian Bank"", ""topic_name2"": ""capital adequacy ratio"", ""segment_ids"": []}",primary,16,"Template: simple_triplet (F_Simple)
Query intent: Simple question: subject linked to objects via a predicate.

Row 1: Indian Bank holds a capital adequacy ratio of 17.58%.
Row 2: Indian Bank improved its gross NPA metric to 1.86%.
Row 3: Indian Bank improved its net NPA metric to 0.15%.
Row 4: Indian Bank posted a provision coverage ratio of 98.22%.
Row 5: Indian Bank maintains a CET1 ratio of 16.51%.
Row 6: Indian Bank features highly-confident and directly evidenced strength in its asset quality.
Row 7: Indian Bank's margin is expected to be driven by CASA mobilization.
Row 8: Indian Bank reported Total income of ₹20,723.62 crore for the quarter.
Row 9: Indian Bank demonstrates a core strength in its capital position, standing comfortably above the regulatory minimum.
Row 10: Indian Bank has a clear strategic opportunity in its pivot toward RAM and infrastructure lending.
Row 11: Indian Bank's margin is expected to be driven by deposit repricing.
Row 12: Indian Bank expects its return on equity to be driven by sustained profitability growth.
Row 13: Indian Bank anticipates its return on equity will be driven by capital efficiency.
Row 14: Indian Bank's key risk driver is its corporate and infrastructure loan concentration.
Row 15: Indian Bank's valuation-relevant fact is that its sovereign ownership underpins the stability of its top-tier CRISIL ratings.
Row 16: [Indian Bank] A precise Q1 FY27 CASA ratio for Indian Bank was not recorded in the sources.","Indian Bank holds a capital adequacy ratio (CRAR) of 17.58%. Additionally, the bank maintains a CET1 ratio of 16.51%.",Relevant,"The assistant summary accurately states both the capital adequacy ratio of 17.58% and the CET1 ratio of 16.51%, matching the reference answer completely.",
What are Indian Bank's return on assets (ROA) and return on equity (ROE) for the latest quarter?,Net profit up roughly 10% year-on-year (standalone ROA/ROE not stated).,F_Simple,F_Simple,0.5859677884172529,simple_triplet,True,"[""Indian Bank"", ""return on assets"", ""return on equity""]","[{""entity"": ""Indian Bank"", ""matched_node_name"": ""Indian Bank"", ""matched_id"": ""194640a5-71fb-47af-9262-21db19bcde51"", ""matched_type"": ""COMPANY"", ""similarity"": 1.0, ""source"": ""gazetteer""}, {""entity"": ""return on assets"", ""matched_node_name"": ""return on assets"", ""matched_id"": ""9fe9c63b-26ba-4633-b3f0-2f73fa5b6d37"", ""matched_type"": ""METRIC"", ""similarity"": 1.0, ""source"": ""gazetteer""}, {""entity"": ""return on equity"", ""matched_node_name"": ""return on equity"", ""matched_id"": ""14e844eb-fd2b-4028-9460-92f4196b984a"", ""matched_type"": ""METRIC"", ""similarity"": 1.0, ""source"": ""gazetteer""}]",What are <COMPANY>'s <METRIC> (ROA) and <METRIC> (ROE) for the latest quarter?,"{""nn1"": ""COMPANY"", ""target_ids"": [""9fe9c63b-26ba-4633-b3f0-2f73fa5b6d37"", ""14e844eb-fd2b-4028-9460-92f4196b984a""], ""prop1_list"": [""HAS_METRIC"", ""MetricObservation"", ""HAS_WEAKNESS"", ""HAS_RISK_DRIVER"", ""HAS_STRENGTH"", ""HAS_GROWTH_DRIVER"", ""HAS_OPPORTUNITY"", ""HAS_MARGIN_DRIVER"", ""HAS_ROE_DRIVER"", ""HAS_VALUATION_DRIVER"", ""METRIC_OBSERVATION""], ""nnp1"": ""194640a5-71fb-47af-9262-21db19bcde51""}","{""nnp1"": ""194640a5-71fb-47af-9262-21db19bcde51"", ""nnp2"": ""9fe9c63b-26ba-4633-b3f0-2f73fa5b6d37"", ""nnp3"": null, ""prop1"": ""HAS_STRENGTH"", ""nn1"": ""COMPANY"", ""nn2"": ""METRIC"", ""threshold"": null, ""target_ids"": [""9fe9c63b-26ba-4633-b3f0-2f73fa5b6d37"", ""14e844eb-fd2b-4028-9460-92f4196b984a""], ""prop1_list"": [""HAS_METRIC"", ""MetricObservation"", ""HAS_WEAKNESS"", ""HAS_RISK_DRIVER"", ""HAS_STRENGTH"", ""HAS_GROWTH_DRIVER"", ""HAS_OPPORTUNITY"", ""HAS_MARGIN_DRIVER"", ""HAS_ROE_DRIVER"", ""HAS_VALUATION_DRIVER"", ""METRIC_OBSERVATION""], ""metric_name"": null, ""topic_name1"": ""Indian Bank"", ""topic_name2"": ""return on assets"", ""segment_ids"": []}",relaxed_direction,16,"Template: simple_triplet (F_Simple)
Query intent: Simple question: subject linked to objects via a predicate.

Row 1: Indian Bank improved its gross NPA metric to 1.86%.
Row 2: Indian Bank improved its net NPA metric to 0.15%.
Row 3: Indian Bank posted a provision coverage ratio of 98.22%.
Row 4: Indian Bank holds a capital adequacy ratio of 17.58%.
Row 5: Indian Bank maintains a CET1 ratio of 16.51%.
Row 6: Indian Bank features highly-confident and directly evidenced strength in its asset quality.
Row 7: Indian Bank's margin is expected to be driven by CASA mobilization.
Row 8: Indian Bank reported Total income of ₹20,723.62 crore for the quarter.
Row 9: Indian Bank demonstrates a core strength in its capital position, standing comfortably above the regulatory minimum.
Row 10: Indian Bank has a clear strategic opportunity in its pivot toward RAM and infrastructure lending.
Row 11: Indian Bank's margin is expected to be driven by deposit repricing.
Row 12: Indian Bank expects its return on equity to be driven by sustained profitability growth.
Row 13: Indian Bank anticipates its return on equity will be driven by capital efficiency.
Row 14: Indian Bank's key risk driver is its corporate and infrastructure loan concentration.
Row 15: Indian Bank's valuation-relevant fact is that its sovereign ownership underpins the stability of its top-tier CRISIL ratings.
Row 16: [Indian Bank] A precise Q1 FY27 CASA ratio for Indian Bank was not recorded in the sources.",The retrieved facts do not cover Indian Bank's return on assets (ROA) or return on equity (ROE) for the latest quarter.,Relevant,"The reference answer states that standalone ROA and ROE are not provided, and the assistant summary correctly reflects that these metrics are not covered in the retrieved facts.",
What was Indian Bank's total advances (loan book) and deposit growth in the latest quarter?,Deposits grew 13.5% year-on-year and credit grew 14%.,F_Simple,F_Simple,0.5741154930246071,simple_triplet,True,"[""Indian Bank"", ""total advances"", ""loan"", ""deposit growth""]","[{""entity"": ""Indian Bank"", ""matched_node_name"": ""Indian Bank"", ""matched_id"": ""194640a5-71fb-47af-9262-21db19bcde51"", ""matched_type"": ""COMPANY"", ""similarity"": 1.0, ""source"": ""gazetteer""}, {""entity"": ""total advances"", ""matched_node_name"": ""Total advances"", ""matched_id"": ""a1b36a29-fc07-41cc-b3a3-010e50f98882"", ""matched_type"": ""ASSETCLASS"", ""similarity"": 1.0, ""source"": ""gazetteer""}, {""entity"": ""loan"", ""matched_node_name"": ""loan"", ""matched_id"": ""13c28420-d40d-41d9-9101-1e3596e3c2ba"", ""matched_type"": ""PRODUCT"", ""similarity"": 1.0, ""source"": ""gazetteer""}, {""entity"": ""deposit growth"", ""matched_node_name"": ""Deposit growth"", ""matched_id"": ""7a5ad916-7608-42a4-b7b8-cef3032e3b45"", ""matched_type"": ""METRIC"", ""similarity"": 1.0, ""source"": ""gazetteer""}]",What was <COMPANY>'s <ASSETCLASS> (<PRODUCT> book) and <METRIC> in the latest quarter?,"{""nn1"": ""COMPANY"", ""target_ids"": [""a1b36a29-fc07-41cc-b3a3-010e50f98882"", ""13c28420-d40d-41d9-9101-1e3596e3c2ba"", ""7a5ad916-7608-42a4-b7b8-cef3032e3b45""], ""prop1_list"": [""HAS_METRIC"", ""MetricObservation"", ""ExposureRelation"", ""FUNDED_BY"", ""HAS_WEAKNESS"", ""HAS_RISK_DRIVER"", ""HAS_LOAN_EXPOSURE_TO"", ""HAS_STRENGTH"", ""HAS_GROWTH_DRIVER"", ""HAS_OPPORTUNITY"", ""HAS_MARGIN_DRIVER"", ""HAS_ROE_DRIVER"", ""HAS_VALUATION_DRIVER"", ""HAS_ASSET_EXPOSURE_TO"", ""METRIC_OBSERVATION"", ""EXPOSURE_RELATION""], ""nnp1"": ""194640a5-71fb-47af-9262-21db19bcde51""}","{""nnp1"": ""194640a5-71fb-47af-9262-21db19bcde51"", ""nnp2"": ""13c28420-d40d-41d9-9101-1e3596e3c2ba"", ""nnp3"": null, ""prop1"": ""HAS_STRENGTH"", ""nn1"": ""COMPANY"", ""nn2"": ""PRODUCT"", ""threshold"": null, ""target_ids"": [""a1b36a29-fc07-41cc-b3a3-010e50f98882"", ""13c28420-d40d-41d9-9101-1e3596e3c2ba"", ""7a5ad916-7608-42a4-b7b8-cef3032e3b45""], ""prop1_list"": [""HAS_METRIC"", ""MetricObservation"", ""ExposureRelation"", ""FUNDED_BY"", ""HAS_WEAKNESS"", ""HAS_RISK_DRIVER"", ""HAS_LOAN_EXPOSURE_TO"", ""HAS_STRENGTH"", ""HAS_GROWTH_DRIVER"", ""HAS_OPPORTUNITY"", ""HAS_MARGIN_DRIVER"", ""HAS_ROE_DRIVER"", ""HAS_VALUATION_DRIVER"", ""HAS_ASSET_EXPOSURE_TO"", ""METRIC_OBSERVATION"", ""EXPOSURE_RELATION""], ""metric_name"": null, ""topic_name1"": ""Indian Bank"", ""topic_name2"": ""loan"", ""segment_ids"": []}",relaxed_direction,30,"Template: simple_triplet (F_Simple)
Query intent: Simple question: subject linked to objects via a predicate.

Row 1: Indian Bank has exposure to interest-rate risk.
Row 2: Indian Bank faces ordinary regulatory risk.
Row 3: Indian Bank improved its gross NPA metric to 1.86%.
Row 4: Indian Bank improved its net NPA metric to 0.15%.
Row 5: Indian Bank posted a provision coverage ratio of 98.22%.
Row 6: Indian Bank holds a capital adequacy ratio of 17.58%.
Row 7: Indian Bank maintains a CET1 ratio of 16.51%.
Row 8: Indian Bank maintains a certificate-of-deposit programme to secure funding.
Row 9: Indian Bank secures funding through Additional Tier I bonds.
Row 10: Indian Bank has a strategic focus on retail lending as part of its RAM lending initiative.
Row 11: Indian Bank features highly-confident and directly evidenced strength in its asset quality.
Row 12: Indian Bank's margin is expected to be driven by CASA mobilization.
Row 13: Indian Bank is exposed to technology risk owing to the large scale of its digitization push.
Row 14: Indian Bank has a stated strategic focus and exposure to RAM lending.
Row 15: Indian Bank actively exposes its loan book to infrastructure lending.
Row 16: Indian Bank reported Total income of ₹20,723.62 crore for the quarter.
Row 17: Indian Bank demonstrates a core strength in its capital position, standing comfortably above the regulatory minimum.
Row 18: Indian Bank has a clear strategic opportunity in its pivot toward RAM and infrastructure lending.
Row 19: Indian Bank experiences exposure to infrastructure and corporate concentration.
Row 20: Indian Bank utilizes Tier II Basel III bonds as a funding source.
Row 21: Indian Bank utilizes infrastructure bonds as a funding source.
Row 22: Indian Bank's margin is expected to be driven by deposit repricing.
Row 23: Indian Bank expects its return on equity to be driven by sustained profitability growth.
Row 24: Indian Bank anticipates its return on equity will be driven by capital efficiency.
Row 25: Indian Bank's key risk driver is its corporate and infrastructure loan concentration.
Row 26: Indian Bank's valuation-relevant fact is that its sovereign ownership underpins the stability of its top-tier CRISIL ratings.
Row 27: Indian Bank is exposed to credit risk from infrastructure and corporate concentration.
Row 28: Indian Bank has a strategic focus on agriculture lending as part of its RAM lending initiative.
Row 29: Indian Bank has a strategic focus on MSME lending as part of its RAM lending initiative.
Row 30: [Indian Bank] A precise Q1 FY27 CASA ratio for Indian Bank was not recorded in the sources.",The retrieved facts do not cover Indian Bank's total advances (loan book) and deposit growth in the latest quarter.,Not relevant,"The assistant summary claims the information is unavailable, whereas the reference answer successfully provides the exact deposit growth of 13.5% and credit growth of 14%.",
"What credit ratings has Indian Bank received, and from which rating agencies?","CRISIL, reaffirmed 6 February 2026: AAA Stable on Tier II Basel III bonds and infrastructure bonds, AA+ Stable on Additional Tier I bonds, and A1+ on its certificate-of-deposit programme.",F_Simple,F_Simple,0.5229460713108118,simple_triplet,True,"[""Indian Bank""]","[{""entity"": ""Indian Bank"", ""matched_node_name"": ""Indian Bank"", ""matched_id"": ""194640a5-71fb-47af-9262-21db19bcde51"", ""matched_type"": ""COMPANY"", ""similarity"": 1.0, ""source"": ""gazetteer""}]","What credit ratings has <COMPANY> received, and from which rating agencies?","{""nn1"": ""COMPANY"", ""target_ids"": [], ""prop1_list"": [""HAS_RATING"", ""RATED_BY""], ""nnp1"": ""194640a5-71fb-47af-9262-21db19bcde51""}","{""nnp1"": ""194640a5-71fb-47af-9262-21db19bcde51"", ""nnp2"": null, ""nnp3"": null, ""prop1"": ""HAS_RATING"", ""nn1"": ""COMPANY"", ""nn2"": null, ""threshold"": null, ""target_ids"": [], ""prop1_list"": [""HAS_RATING"", ""RATED_BY""], ""metric_name"": null, ""topic_name1"": ""Indian Bank"", ""topic_name2"": null, ""segment_ids"": []}",primary,4,"Template: simple_triplet (F_Simple)
Query intent: Simple question: subject linked to objects via a predicate.

Row 1: Indian Bank received an A1+ rating on its certificate-of-deposit programme.
Row 2: Indian Bank earned an AA+ Stable rating on its Additional Tier I bonds.
Row 3: Indian Bank holds an AAA Stable rating on its Tier II Basel III bonds and infrastructure bonds.
Row 4: Indian Bank had its credit ratings reaffirmed by CRISIL on 6 February 2026. (as of 2026-02-06)","Indian Bank received credit ratings reaffirmed by CRISIL on 6 February 2026, including an A1+ rating on its certificate-of-deposit programme, an AA+ Stable rating on its Additional Tier I bonds, and an AAA Stable rating on its Tier II Basel III bonds and infrastructure bonds.",Relevant,"The assistant summary accurately captures all the credit ratings, agencies, and dates mentioned in the reference answer, including CRISIL's reaffirmation on 6 February 2026 for the certificate-of-deposit programme, Additional Tier I bonds, and Tier II Basel III/infrastructure bonds.",
"Roughly how many branches and ATMs does Indian Bank operate, and as of what date?","6,001 branches and 5,657 ATMs/cash-recycling machines, plus international branches in Colombo and Singapore and a correspondent-banking network of 227 banks across 75 countries.",F_QuantCount,F_QuantCount,0.5019551925676716,quant_count,True,"[""branches"", ""ATMs"", ""Indian Bank""]","[{""entity"": ""branches"", ""matched_node_name"": ""branches"", ""matched_id"": ""825450c5-3a89-46a1-bf6f-9b5e414de076"", ""matched_type"": ""DISTRIBUTIONCHANNEL"", ""similarity"": 1.0, ""source"": ""gazetteer""}, {""entity"": ""ATMs"", ""matched_node_name"": ""ATMs"", ""matched_id"": ""4211be7c-a18e-4211-bd8a-4534d423385e"", ""matched_type"": ""DISTRIBUTIONCHANNEL"", ""similarity"": 1.0, ""source"": ""gazetteer""}, {""entity"": ""Indian Bank"", ""matched_node_name"": ""Indian Bank"", ""matched_id"": ""194640a5-71fb-47af-9262-21db19bcde51"", ""matched_type"": ""COMPANY"", ""similarity"": 1.0, ""source"": ""gazetteer""}]","Roughly how many <DISTRIBUTIONCHANNEL> and <DISTRIBUTIONCHANNEL> does <COMPANY> operate, and as of what date?","{""nn1"": ""COMPANY"", ""prop1_list"": [""USES_CHANNEL"", ""DEPENDS_ON""], ""nnp1"": ""194640a5-71fb-47af-9262-21db19bcde51"", ""nn2"": ""DISTRIBUTIONCHANNEL""}","{""nnp1"": ""194640a5-71fb-47af-9262-21db19bcde51"", ""nnp2"": ""825450c5-3a89-46a1-bf6f-9b5e414de076"", ""nnp3"": null, ""prop1"": ""USES_CHANNEL"", ""nn1"": ""COMPANY"", ""nn2"": ""DISTRIBUTIONCHANNEL"", ""threshold"": null, ""target_ids"": [""825450c5-3a89-46a1-bf6f-9b5e414de076"", ""4211be7c-a18e-4211-bd8a-4534d423385e""], ""prop1_list"": [""USES_CHANNEL"", ""DEPENDS_ON""], ""metric_name"": null, ""topic_name1"": ""Indian Bank"", ""topic_name2"": ""branches"", ""segment_ids"": []}",primary,1,"Template: quant_count (F_QuantCount)
Query intent: Count related objects for a subject entity.

Row 1: subject_name=Indian Bank | object_count=4 (4 facts)
  - Indian Bank runs a combined total of 5,657 ATMs and cash-recycling machines.
  - Indian Bank utilizes a correspondent-banking network of 227 banks across 75 countries.
  - Indian Bank runs 6,001 branches.
  - Indian Bank runs a combined total of 5,657 ATMs and cash-recycling machines.","Indian Bank operates 6,001 branches and a combined total of 5,657 ATMs and cash-recycling machines. However, the provided facts do not specify the date as of which these figures apply.",Relevant,"The assistant summary accurately captures the number of branches (6,001) and ATMs/cash-recycling machines (5,657) from the reference answer, and correctly notes that the specific date is not provided in the text.",
"What products and services does Indian Bank offer, and which customer segments does it serve?","Standard deposit/loan suite plus trade finance, forex, treasury, cash management and wealth management, with a strategic focus on RAM (retail, agriculture, MSME) plus infrastructure lending.",F_Simple,F_Simple,0.5902610031105305,simple_triplet,True,"[""Indian Bank""]","[{""entity"": ""Indian Bank"", ""matched_node_name"": ""Indian Bank"", ""matched_id"": ""194640a5-71fb-47af-9262-21db19bcde51"", ""matched_type"": ""COMPANY"", ""similarity"": 1.0, ""source"": ""gazetteer""}]","What products and services does <COMPANY> offer, and which customer segments does it serve?","{""nn1"": ""COMPANY"", ""target_ids"": [], ""prop1_list"": [""ExposureRelation"", ""OFFERS_PRODUCT"", ""PROVIDES_SERVICE"", ""SERVES"", ""TARGETS"", ""HAS_ASSET_EXPOSURE_TO"", ""EXPOSURE_RELATION""], ""nnp1"": ""194640a5-71fb-47af-9262-21db19bcde51""}","{""nnp1"": ""194640a5-71fb-47af-9262-21db19bcde51"", ""nnp2"": null, ""nnp3"": null, ""prop1"": ""SERVES"", ""nn1"": ""COMPANY"", ""nn2"": null, ""threshold"": null, ""target_ids"": [], ""prop1_list"": [""ExposureRelation"", ""OFFERS_PRODUCT"", ""PROVIDES_SERVICE"", ""SERVES"", ""TARGETS"", ""HAS_ASSET_EXPOSURE_TO"", ""EXPOSURE_RELATION""], ""metric_name"": null, ""topic_name1"": ""Indian Bank"", ""topic_name2"": null, ""segment_ids"": []}",primary,21,"Template: simple_triplet (F_Simple)
Query intent: Simple question: subject linked to objects via a predicate.

Row 1: Indian Bank provides deposit, loan, and financial services to corporate customers.
Row 2: Indian Bank has a strategic focus on MSME lending as part of its RAM lending initiative.
Row 3: Indian Bank provides deposit, loan, and financial services to MSME customers.
Row 4: Indian Bank provides deposit, loan, and financial services to NRI customers.
Row 5: Indian Bank has a stated strategic focus and exposure to RAM lending.
Row 6: Indian Bank is exposed to technology risk owing to the large scale of its digitization push.
Row 7: Indian Bank has a strategic focus on agriculture lending as part of its RAM lending initiative.
Row 8: Indian Bank provides deposit, loan, and financial services to agricultural customers.
Row 9: Indian Bank provides cash management services.
Row 10: Indian Bank is exposed to credit risk from infrastructure and corporate concentration.
Row 11: Indian Bank provides forex services.
Row 12: Indian Bank provides deposit, loan, and financial services to government/institutional customers.
Row 13: Indian Bank experiences exposure to infrastructure and corporate concentration.
Row 14: Indian Bank actively exposes its loan book to infrastructure lending.
Row 15: Indian Bank has exposure to interest-rate risk.
Row 16: Indian Bank faces ordinary regulatory risk.
Row 17: Indian Bank has a strategic focus on retail lending as part of its RAM lending initiative.
Row 18: Indian Bank provides deposit, loan, and financial services to retail customers.
Row 19: Indian Bank provides trade finance services.
Row 20: Indian Bank provides treasury services.
Row 21: Indian Bank provides wealth-management services.","Indian Bank offers deposit, loan, and financial services, alongside specialized offerings including cash management, forex, trade finance, treasury, and wealth-management services. The bank serves corporate, MSME, NRI, agricultural, government and institutional, and retail customer segments, with specific strategic focuses on retail, agriculture, and MSME lending as part of its RAM lending initiative.",Relevant,"The assistant summary accurately captures all products, services, and customer segments mentioned in the reference answer, including the strategic focus on RAM and infrastructure.",
What is Central Bank of India's ticker symbol and on which exchange(s) does it trade?,"CENTRALBK, listed on both the NSE and the BSE.",F_Simple,F_Simple,0.5272617020235415,simple_triplet,True,"[""Central Bank of India""]","[{""entity"": ""Central Bank of India"", ""matched_node_name"": ""Central Bank of India"", ""matched_id"": ""d87dc97c-c536-4deb-b164-1ccd06319e39"", ""matched_type"": ""COMPANY"", ""similarity"": 1.0, ""source"": ""gazetteer""}]",What is <COMPANY>'s ticker symbol and on which exchange(s) does it trade?,"{""nnp1"": ""d87dc97c-c536-4deb-b164-1ccd06319e39""}","{""nnp1"": ""d87dc97c-c536-4deb-b164-1ccd06319e39"", ""nnp2"": null, ""nnp3"": null, ""prop1"": null, ""nn1"": ""COMPANY"", ""nn2"": null, ""threshold"": null, ""target_ids"": [], ""prop1_list"": [], ""metric_name"": null, ""topic_name1"": ""Central Bank of India"", ""topic_name2"": null, ""segment_ids"": []}",attribute_lookup_direct,7,"Template: simple_triplet (F_Simple)
Query intent: Simple question: subject linked to objects via a predicate.

Row 1: Central Bank of India's banking_segment is Public Sector Bank
Row 2: Central Bank of India's country is India
Row 3: Central Bank of India's description is Central Bank of India, headquartered in Mumbai, Maharashtra and founded in 1911, is a Government of India-owned universal bank with a legacy, branch-heavy network and a retail, MSME and agricultural focus.
Row 4: Central Bank of India's exchange is NSE, BSE
Row 5: Central Bank of India's legal_name is Central Bank of India
Row 6: Central Bank of India's listed is True
Row 7: Central Bank of India's ticker is CENTRALBK","Central Bank of India's ticker symbol is CENTRALBK, and it trades on the National Stock Exchange (NSE) and the Bombay Stock Exchange (BSE).",Relevant,"The assistant summary correctly identifies the ticker symbol CENTRALBK and both exchanges, NSE and BSE, matching the reference answer.",
"Who is the current MD & CEO (or Chairman, where that is the top executive title) of Central Bank of India?",Kalyan Kumar took charge as MD & CEO on 1 October 2025; Tapan Ray is reported as non-executive chairman (not independently re-verified).,F_Simple,F_Simple,0.5283378025783668,simple_triplet,True,"[""Central Bank of India""]","[{""entity"": ""Central Bank of India"", ""matched_node_name"": ""Central Bank of India"", ""matched_id"": ""d87dc97c-c536-4deb-b164-1ccd06319e39"", ""matched_type"": ""COMPANY"", ""similarity"": 1.0, ""source"": ""gazetteer""}]","Who is the current MD & CEO (or Chairman, where that is the top executive title) of <COMPANY>?","{""nn1"": ""COMPANY"", ""target_ids"": [], ""prop1_list"": [""GovernanceRole"", ""HOLDS_ROLE"", ""GOVERNANCE_ROLE""], ""nnp1"": ""d87dc97c-c536-4deb-b164-1ccd06319e39""}","{""nnp1"": ""d87dc97c-c536-4deb-b164-1ccd06319e39"", ""nnp2"": null, ""nnp3"": null, ""prop1"": ""GovernanceRole"", ""nn1"": ""COMPANY"", ""nn2"": null, ""threshold"": null, ""target_ids"": [], ""prop1_list"": [""GovernanceRole"", ""HOLDS_ROLE"", ""GOVERNANCE_ROLE""], ""metric_name"": null, ""topic_name1"": ""Central Bank of India"", ""topic_name2"": null, ""segment_ids"": []}",primary,2,"Template: simple_triplet (F_Simple)
Query intent: Simple question: subject linked to objects via a predicate.

Row 1: [Central Bank of India] Kalyan Kumar took charge as MD & CEO of Central Bank of India. (as of 2025-10-01)
Row 2: [Central Bank of India] Tapan Ray is reported as the non-executive chairman of Central Bank of India.","Kalyan Kumar took charge as the MD & CEO of Central Bank of India as of October 1, 2025. Additionally, Tapan Ray serves as the non-executive chairman of the bank.",Relevant,"The assistant summary correctly captures both material facts from the reference answer, stating that Kalyan Kumar is the MD & CEO as of October 1, 2025, and that Tapan Ray serves as the non-executive chairman.",
"What percentage of Central Bank of India is held by its government promoter or largest shareholder, and as of what date?","Government ownership was 89.27% as of 31 March 2025, a figure still being referenced into 2026 filings.",F_LogUnion,F_LogUnion,0.6214196189605303,logical_union,True,"[""Central Bank of India""]","[{""entity"": ""Central Bank of India"", ""matched_node_name"": ""Central Bank of India"", ""matched_id"": ""d87dc97c-c536-4deb-b164-1ccd06319e39"", ""matched_type"": ""COMPANY"", ""similarity"": 1.0, ""source"": ""gazetteer""}]","What percentage of <COMPANY> is held by its government promoter or largest shareholder, and as of what date?","{""nn1"": ""COMPANY"", ""nnp1"": ""d87dc97c-c536-4deb-b164-1ccd06319e39"", ""prop1_list"": [""OWNS"", ""REGULATED_BY"", ""OwnershipStake"", ""HELD_BY"", ""OWNS_STAKE_IN"", ""CorporateStructureRelation"", ""OWNERSHIP_STAKE"", ""CORPORATE_STRUCTURE_RELATION""], ""target_ids"": [], ""nnp2"": null}","{""nnp1"": ""d87dc97c-c536-4deb-b164-1ccd06319e39"", ""nnp2"": null, ""nnp3"": null, ""prop1"": ""CorporateStructureRelation"", ""nn1"": ""COMPANY"", ""nn2"": null, ""threshold"": null, ""target_ids"": [], ""prop1_list"": [""OWNS"", ""REGULATED_BY"", ""OwnershipStake"", ""HELD_BY"", ""OWNS_STAKE_IN"", ""CorporateStructureRelation"", ""OWNERSHIP_STAKE"", ""CORPORATE_STRUCTURE_RELATION""], ""metric_name"": null, ""topic_name1"": ""Central Bank of India"", ""topic_name2"": null, ""segment_ids"": []}",primary,4,"Template: logical_union (F_LogUnion)
Query intent: Union of two relationship patterns from the same subject.

Row 1: [Central Bank of India] The Government of India held an 89.27% ownership stake in Central Bank of India as of March 2025.
Row 2: [Central Bank of India] LIC held a 3.16% ownership stake in Central Bank of India as of 31 March 2025.
Row 3: [Central Bank of India] Mutual funds held roughly a 0.22% ownership stake in Central Bank of India.
Row 4: [Central Bank of India] FIIs held roughly a 1.3% stake in Central Bank of India.","The Government of India, which is the government promoter and largest shareholder, held an 89.27% ownership stake in Central Bank of India as of March 2025.",Relevant,The assistant summary accurately captures both the government ownership percentage of 89.27% and the date of March 2025 as stated in the reference answer.,
What was Central Bank of India's CASA ratio in the most recently reported quarter?,A notably strong 46.61% in Q1 FY27 — among the higher levels in the PSU peer group.,F_Simple,F_Simple,0.45300680749982714,simple_triplet,True,"[""Central Bank of India"", ""CASA ratio""]","[{""entity"": ""Central Bank of India"", ""matched_node_name"": ""Central Bank of India"", ""matched_id"": ""d87dc97c-c536-4deb-b164-1ccd06319e39"", ""matched_type"": ""COMPANY"", ""similarity"": 1.0, ""source"": ""gazetteer""}, {""entity"": ""CASA ratio"", ""matched_node_name"": ""CASA ratio"", ""matched_id"": ""2f007236-19aa-494e-a277-c5e8d54d60fe"", ""matched_type"": ""METRIC"", ""similarity"": 1.0, ""source"": ""gazetteer""}]",What was <COMPANY>'s <METRIC> in the most recently reported quarter?,"{""nn1"": ""COMPANY"", ""target_ids"": [""2f007236-19aa-494e-a277-c5e8d54d60fe""], ""prop1_list"": [""HAS_METRIC"", ""MetricObservation"", ""HAS_WEAKNESS"", ""HAS_RISK_DRIVER"", ""HAS_STRENGTH"", ""HAS_GROWTH_DRIVER"", ""HAS_OPPORTUNITY"", ""HAS_MARGIN_DRIVER"", ""HAS_ROE_DRIVER"", ""HAS_VALUATION_DRIVER"", ""METRIC_OBSERVATION""], ""nnp1"": ""d87dc97c-c536-4deb-b164-1ccd06319e39""}","{""nnp1"": ""d87dc97c-c536-4deb-b164-1ccd06319e39"", ""nnp2"": ""2f007236-19aa-494e-a277-c5e8d54d60fe"", ""nnp3"": null, ""prop1"": ""HAS_STRENGTH"", ""nn1"": ""COMPANY"", ""nn2"": ""METRIC"", ""threshold"": null, ""target_ids"": [""2f007236-19aa-494e-a277-c5e8d54d60fe""], ""prop1_list"": [""HAS_METRIC"", ""MetricObservation"", ""HAS_WEAKNESS"", ""HAS_RISK_DRIVER"", ""HAS_STRENGTH"", ""HAS_GROWTH_DRIVER"", ""HAS_OPPORTUNITY"", ""HAS_MARGIN_DRIVER"", ""HAS_ROE_DRIVER"", ""HAS_VALUATION_DRIVER"", ""METRIC_OBSERVATION""], ""metric_name"": null, ""topic_name1"": ""Central Bank of India"", ""topic_name2"": ""CASA ratio"", ""segment_ids"": []}",primary,24,"Template: simple_triplet (F_Simple)
Query intent: Simple question: subject linked to objects via a predicate.

Row 1: Central Bank of India recorded a notably strong CASA ratio of 46.61% in Q1 FY27.
Row 2: Central Bank of India posted a return on assets of 1.00%.
Row 3: Central Bank of India logged a return on equity of 14.92%.
Row 4: Central Bank of India posted a cost-to-income ratio of 55.40%.
Row 5: Central Bank of India reported a gross NPA of 2.60%.
Row 6: Central Bank of India reported a net NPA of 0.49%.
Row 7: Central Bank of India holds a provision coverage of 95.86%.
Row 8: Central Bank of India's capital adequacy stood at 18.28%.
Row 9: Central Bank of India recorded a CET1 ratio of 16.54%.
Row 10: Central Bank of India recorded a net interest margin of 3.06%.
Row 11: Central Bank of India reported that total advances reached ₹354,348 crore, up 28.58% year-on-year.
Row 12: [Central Bank of India] CASA-led deposit mobilization is expected to drive growth for Central Bank of India.
Row 13: Central Bank of India reported deposit growth of 11.68%.
Row 14: Central Bank of India's return on equity will be driven by improving profitability.
Row 15: Central Bank of India exhibits a high CASA ratio as a distinct strength.
Row 16: Central Bank of India demonstrated rapid advances growth as a key strength this quarter.
Row 17: Central Bank of India has a weakness in its still-elevated cost-to-income ratio.
Row 18: Central Bank of India is facing a legacy overhang relative to sub-2% peers regarding its gross NPA.
Row 19: [Central Bank of India] An opportunity for Central Bank of India lies in how its continued deposit and loan growth is outpacing several peers.
Row 20: Central Bank of India relies on rapid credit expansion as a growth driver.
Row 21: Central Bank of India's margin is driven by its high CASA base.
Row 22: [Central Bank of India] The key risk driver for Central Bank of India is the funding gap if deposit growth continues to lag credit growth.
Row 23: [Central Bank of India] The valuation-relevant fact for Central Bank of India is its legacy gross-NPA overhang.
Row 24: Central Bank of India's Net interest income rose 15.70% to ₹3,914 crore.",Central Bank of India recorded a notably strong CASA ratio of 46.61% in Q1 FY27.,Relevant,The assistant summary accurately captures the exact CASA ratio figure of 46.61% for Q1 FY27 as stated in the reference answer.,
What is Central Bank of India's net interest margin (NIM) for the latest reported period?,3.06%.,F_Simple,F_Simple,0.41326111719969927,simple_triplet,True,"[""Central Bank of India"", ""net interest margin""]","[{""entity"": ""Central Bank of India"", ""matched_node_name"": ""Central Bank of India"", ""matched_id"": ""d87dc97c-c536-4deb-b164-1ccd06319e39"", ""matched_type"": ""COMPANY"", ""similarity"": 1.0, ""source"": ""gazetteer""}, {""entity"": ""net interest margin"", ""matched_node_name"": ""net interest margin"", ""matched_id"": ""d5aaa814-57dd-46cd-b801-d73c80a43d6c"", ""matched_type"": ""METRIC"", ""similarity"": 1.0, ""source"": ""gazetteer""}]",What is <COMPANY>'s <METRIC> (NIM) for the latest reported period?,"{""nn1"": ""COMPANY"", ""target_ids"": [""d5aaa814-57dd-46cd-b801-d73c80a43d6c""], ""prop1_list"": [""HAS_METRIC"", ""MetricObservation"", ""HAS_WEAKNESS"", ""HAS_RISK_DRIVER"", ""HAS_STRENGTH"", ""HAS_GROWTH_DRIVER"", ""HAS_OPPORTUNITY"", ""HAS_MARGIN_DRIVER"", ""HAS_ROE_DRIVER"", ""HAS_VALUATION_DRIVER"", ""METRIC_OBSERVATION""], ""nnp1"": ""d87dc97c-c536-4deb-b164-1ccd06319e39""}","{""nnp1"": ""d87dc97c-c536-4deb-b164-1ccd06319e39"", ""nnp2"": ""d5aaa814-57dd-46cd-b801-d73c80a43d6c"", ""nnp3"": null, ""prop1"": ""HAS_STRENGTH"", ""nn1"": ""COMPANY"", ""nn2"": ""METRIC"", ""threshold"": null, ""target_ids"": [""d5aaa814-57dd-46cd-b801-d73c80a43d6c""], ""prop1_list"": [""HAS_METRIC"", ""MetricObservation"", ""HAS_WEAKNESS"", ""HAS_RISK_DRIVER"", ""HAS_STRENGTH"", ""HAS_GROWTH_DRIVER"", ""HAS_OPPORTUNITY"", ""HAS_MARGIN_DRIVER"", ""HAS_ROE_DRIVER"", ""HAS_VALUATION_DRIVER"", ""METRIC_OBSERVATION""], ""metric_name"": null, ""topic_name1"": ""Central Bank of India"", ""topic_name2"": ""net interest margin"", ""segment_ids"": []}",primary,24,"Template: simple_triplet (F_Simple)
Query intent: Simple question: subject linked to objects via a predicate.

Row 1: Central Bank of India recorded a net interest margin of 3.06%.
Row 2: Central Bank of India posted a return on assets of 1.00%.
Row 3: Central Bank of India logged a return on equity of 14.92%.
Row 4: Central Bank of India posted a cost-to-income ratio of 55.40%.
Row 5: Central Bank of India reported a gross NPA of 2.60%.
Row 6: Central Bank of India reported a net NPA of 0.49%.
Row 7: Central Bank of India holds a provision coverage of 95.86%.
Row 8: Central Bank of India's capital adequacy stood at 18.28%.
Row 9: Central Bank of India recorded a CET1 ratio of 16.54%.
Row 10: Central Bank of India reported that total advances reached ₹354,348 crore, up 28.58% year-on-year.
Row 11: [Central Bank of India] CASA-led deposit mobilization is expected to drive growth for Central Bank of India.
Row 12: Central Bank of India reported deposit growth of 11.68%.
Row 13: Central Bank of India's return on equity will be driven by improving profitability.
Row 14: Central Bank of India exhibits a high CASA ratio as a distinct strength.
Row 15: Central Bank of India demonstrated rapid advances growth as a key strength this quarter.
Row 16: Central Bank of India has a weakness in its still-elevated cost-to-income ratio.
Row 17: Central Bank of India is facing a legacy overhang relative to sub-2% peers regarding its gross NPA.
Row 18: [Central Bank of India] An opportunity for Central Bank of India lies in how its continued deposit and loan growth is outpacing several peers.
Row 19: Central Bank of India relies on rapid credit expansion as a growth driver.
Row 20: Central Bank of India's margin is driven by its high CASA base.
Row 21: [Central Bank of India] The key risk driver for Central Bank of India is the funding gap if deposit growth continues to lag credit growth.
Row 22: [Central Bank of India] The valuation-relevant fact for Central Bank of India is its legacy gross-NPA overhang.
Row 23: Central Bank of India recorded a notably strong CASA ratio of 46.61% in Q1 FY27.
Row 24: Central Bank of India's Net interest income rose 15.70% to ₹3,914 crore.",Central Bank of India recorded a net interest margin of 3.06% for the latest reported period. This margin is supported by the bank's high CASA base.,Relevant,The assistant summary correctly states the exact net interest margin of 3.06% from the reference answer and includes additional context about the CASA base without any contradiction.,
What are Central Bank of India's gross NPA and net NPA ratios?,Gross NPA 2.60% (improved but still a legacy overhang relative to sub-2% peers); net NPA 0.49%.,F_Simple,F_Simple,0.5219059417885892,simple_triplet,True,"[""Central Bank of India"", ""gross NPA"", ""net NPA""]","[{""entity"": ""Central Bank of India"", ""matched_node_name"": ""Central Bank of India"", ""matched_id"": ""d87dc97c-c536-4deb-b164-1ccd06319e39"", ""matched_type"": ""COMPANY"", ""similarity"": 1.0, ""source"": ""gazetteer""}, {""entity"": ""gross NPA"", ""matched_node_name"": ""gross NPA"", ""matched_id"": ""17de1b02-766d-4a7f-861e-a11cf8caa7ab"", ""matched_type"": ""METRIC"", ""similarity"": 1.0, ""source"": ""gazetteer""}, {""entity"": ""net NPA"", ""matched_node_name"": ""net NPA"", ""matched_id"": ""b0454088-e2c7-4c48-8ede-4505aee1e817"", ""matched_type"": ""METRIC"", ""similarity"": 1.0, ""source"": ""gazetteer""}]",What are <COMPANY>'s <METRIC> and <METRIC> ratios?,"{""nn1"": ""COMPANY"", ""target_ids"": [""17de1b02-766d-4a7f-861e-a11cf8caa7ab"", ""b0454088-e2c7-4c48-8ede-4505aee1e817""], ""prop1_list"": [""HAS_METRIC"", ""MetricObservation"", ""HAS_WEAKNESS"", ""HAS_RISK_DRIVER"", ""HAS_STRENGTH"", ""HAS_GROWTH_DRIVER"", ""HAS_OPPORTUNITY"", ""HAS_MARGIN_DRIVER"", ""HAS_ROE_DRIVER"", ""HAS_VALUATION_DRIVER"", ""METRIC_OBSERVATION""], ""nnp1"": ""d87dc97c-c536-4deb-b164-1ccd06319e39""}","{""nnp1"": ""d87dc97c-c536-4deb-b164-1ccd06319e39"", ""nnp2"": ""17de1b02-766d-4a7f-861e-a11cf8caa7ab"", ""nnp3"": null, ""prop1"": ""HAS_STRENGTH"", ""nn1"": ""COMPANY"", ""nn2"": ""METRIC"", ""threshold"": null, ""target_ids"": [""17de1b02-766d-4a7f-861e-a11cf8caa7ab"", ""b0454088-e2c7-4c48-8ede-4505aee1e817""], ""prop1_list"": [""HAS_METRIC"", ""MetricObservation"", ""HAS_WEAKNESS"", ""HAS_RISK_DRIVER"", ""HAS_STRENGTH"", ""HAS_GROWTH_DRIVER"", ""HAS_OPPORTUNITY"", ""HAS_MARGIN_DRIVER"", ""HAS_ROE_DRIVER"", ""HAS_VALUATION_DRIVER"", ""METRIC_OBSERVATION""], ""metric_name"": null, ""topic_name1"": ""Central Bank of India"", ""topic_name2"": ""gross NPA"", ""segment_ids"": []}",primary,24,"Template: simple_triplet (F_Simple)
Query intent: Simple question: subject linked to objects via a predicate.

Row 1: Central Bank of India reported a gross NPA of 2.60%.
Row 2: Central Bank of India reported a net NPA of 0.49%.
Row 3: Central Bank of India posted a return on assets of 1.00%.
Row 4: Central Bank of India logged a return on equity of 14.92%.
Row 5: Central Bank of India posted a cost-to-income ratio of 55.40%.
Row 6: Central Bank of India holds a provision coverage of 95.86%.
Row 7: Central Bank of India's capital adequacy stood at 18.28%.
Row 8: Central Bank of India recorded a CET1 ratio of 16.54%.
Row 9: Central Bank of India recorded a net interest margin of 3.06%.
Row 10: Central Bank of India reported that total advances reached ₹354,348 crore, up 28.58% year-on-year.
Row 11: [Central Bank of India] CASA-led deposit mobilization is expected to drive growth for Central Bank of India.
Row 12: Central Bank of India reported deposit growth of 11.68%.
Row 13: Central Bank of India's return on equity will be driven by improving profitability.
Row 14: Central Bank of India exhibits a high CASA ratio as a distinct strength.
Row 15: Central Bank of India demonstrated rapid advances growth as a key strength this quarter.
Row 16: Central Bank of India has a weakness in its still-elevated cost-to-income ratio.
Row 17: Central Bank of India is facing a legacy overhang relative to sub-2% peers regarding its gross NPA.
Row 18: [Central Bank of India] An opportunity for Central Bank of India lies in how its continued deposit and loan growth is outpacing several peers.
Row 19: Central Bank of India relies on rapid credit expansion as a growth driver.
Row 20: Central Bank of India's margin is driven by its high CASA base.
Row 21: [Central Bank of India] The key risk driver for Central Bank of India is the funding gap if deposit growth continues to lag credit growth.
Row 22: [Central Bank of India] The valuation-relevant fact for Central Bank of India is its legacy gross-NPA overhang.
Row 23: Central Bank of India recorded a notably strong CASA ratio of 46.61% in Q1 FY27.
Row 24: Central Bank of India's Net interest income rose 15.70% to ₹3,914 crore.",Central Bank of India reported a gross NPA ratio of 2.60% and a net NPA ratio of 0.49%.,Relevant,The assistant summary accurately captures both the gross NPA ratio of 2.60% and the net NPA ratio of 0.49% as stated in the reference answer.,
"What is Central Bank of India's capital adequacy ratio (CRAR), and its CET1 ratio if disclosed?",Capital adequacy 18.28% with CET1 16.54%.,F_Simple,F_Simple,0.4585325082585684,simple_triplet,True,"[""Central Bank of India"", ""capital adequacy ratio"", ""CET1 ratio""]","[{""entity"": ""Central Bank of India"", ""matched_node_name"": ""Central Bank of India"", ""matched_id"": ""d87dc97c-c536-4deb-b164-1ccd06319e39"", ""matched_type"": ""COMPANY"", ""similarity"": 1.0, ""source"": ""gazetteer""}, {""entity"": ""capital adequacy ratio"", ""matched_node_name"": ""capital adequacy ratio"", ""matched_id"": ""e2c8bdab-25f2-49d9-b3b9-f24b21583fe2"", ""matched_type"": ""METRIC"", ""similarity"": 1.0, ""source"": ""gazetteer""}, {""entity"": ""CET1 ratio"", ""matched_node_name"": ""CET1 percentage"", ""matched_id"": ""c5469579-75e6-4c83-b0f9-c16c1485a02f"", ""matched_type"": ""METRIC"", ""similarity"": 0.99, ""source"": ""alias""}]","What is <COMPANY>'s <METRIC> (CRAR), and its <METRIC> if disclosed?","{""nn1"": ""COMPANY"", ""target_ids"": [""e2c8bdab-25f2-49d9-b3b9-f24b21583fe2"", ""c5469579-75e6-4c83-b0f9-c16c1485a02f""], ""prop1_list"": [""HAS_METRIC"", ""MetricObservation"", ""HAS_WEAKNESS"", ""HAS_RISK_DRIVER"", ""HAS_STRENGTH"", ""HAS_GROWTH_DRIVER"", ""HAS_OPPORTUNITY"", ""HAS_MARGIN_DRIVER"", ""HAS_ROE_DRIVER"", ""HAS_VALUATION_DRIVER"", ""METRIC_OBSERVATION""], ""nnp1"": ""d87dc97c-c536-4deb-b164-1ccd06319e39""}","{""nnp1"": ""d87dc97c-c536-4deb-b164-1ccd06319e39"", ""nnp2"": ""e2c8bdab-25f2-49d9-b3b9-f24b21583fe2"", ""nnp3"": null, ""prop1"": ""HAS_STRENGTH"", ""nn1"": ""COMPANY"", ""nn2"": ""METRIC"", ""threshold"": null, ""target_ids"": [""e2c8bdab-25f2-49d9-b3b9-f24b21583fe2"", ""c5469579-75e6-4c83-b0f9-c16c1485a02f""], ""prop1_list"": [""HAS_METRIC"", ""MetricObservation"", ""HAS_WEAKNESS"", ""HAS_RISK_DRIVER"", ""HAS_STRENGTH"", ""HAS_GROWTH_DRIVER"", ""HAS_OPPORTUNITY"", ""HAS_MARGIN_DRIVER"", ""HAS_ROE_DRIVER"", ""HAS_VALUATION_DRIVER"", ""METRIC_OBSERVATION""], ""metric_name"": null, ""topic_name1"": ""Central Bank of India"", ""topic_name2"": ""capital adequacy ratio"", ""segment_ids"": []}",primary,24,"Template: simple_triplet (F_Simple)
Query intent: Simple question: subject linked to objects via a predicate.

Row 1: Central Bank of India's capital adequacy stood at 18.28%.
Row 2: Central Bank of India posted a return on assets of 1.00%.
Row 3: Central Bank of India logged a return on equity of 14.92%.
Row 4: Central Bank of India posted a cost-to-income ratio of 55.40%.
Row 5: Central Bank of India reported a gross NPA of 2.60%.
Row 6: Central Bank of India reported a net NPA of 0.49%.
Row 7: Central Bank of India holds a provision coverage of 95.86%.
Row 8: Central Bank of India recorded a CET1 ratio of 16.54%.
Row 9: Central Bank of India recorded a net interest margin of 3.06%.
Row 10: Central Bank of India reported that total advances reached ₹354,348 crore, up 28.58% year-on-year.
Row 11: [Central Bank of India] CASA-led deposit mobilization is expected to drive growth for Central Bank of India.
Row 12: Central Bank of India reported deposit growth of 11.68%.
Row 13: Central Bank of India's return on equity will be driven by improving profitability.
Row 14: Central Bank of India exhibits a high CASA ratio as a distinct strength.
Row 15: Central Bank of India demonstrated rapid advances growth as a key strength this quarter.
Row 16: Central Bank of India has a weakness in its still-elevated cost-to-income ratio.
Row 17: Central Bank of India is facing a legacy overhang relative to sub-2% peers regarding its gross NPA.
Row 18: [Central Bank of India] An opportunity for Central Bank of India lies in how its continued deposit and loan growth is outpacing several peers.
Row 19: Central Bank of India relies on rapid credit expansion as a growth driver.
Row 20: Central Bank of India's margin is driven by its high CASA base.
Row 21: [Central Bank of India] The key risk driver for Central Bank of India is the funding gap if deposit growth continues to lag credit growth.
Row 22: [Central Bank of India] The valuation-relevant fact for Central Bank of India is its legacy gross-NPA overhang.
Row 23: Central Bank of India recorded a notably strong CASA ratio of 46.61% in Q1 FY27.
Row 24: Central Bank of India's Net interest income rose 15.70% to ₹3,914 crore.","Central Bank of India's capital adequacy ratio (CRAR) stood at 18.28%. Additionally, the bank recorded a CET1 ratio of 16.54%.",Relevant,The assistant summary accurately matches the reference answer by stating both the capital adequacy ratio of 18.28% and the CET1 ratio of 16.54%.,
What are Central Bank of India's return on assets (ROA) and return on equity (ROE) for the latest quarter?,Return on assets 1.00% and return on equity 14.92%.,F_Simple,F_Simple,0.5859677884172529,simple_triplet,True,"[""Central Bank of India"", ""return on assets"", ""return on equity""]","[{""entity"": ""Central Bank of India"", ""matched_node_name"": ""Central Bank of India"", ""matched_id"": ""d87dc97c-c536-4deb-b164-1ccd06319e39"", ""matched_type"": ""COMPANY"", ""similarity"": 1.0, ""source"": ""gazetteer""}, {""entity"": ""return on assets"", ""matched_node_name"": ""return on assets"", ""matched_id"": ""9fe9c63b-26ba-4633-b3f0-2f73fa5b6d37"", ""matched_type"": ""METRIC"", ""similarity"": 1.0, ""source"": ""gazetteer""}, {""entity"": ""return on equity"", ""matched_node_name"": ""return on equity"", ""matched_id"": ""14e844eb-fd2b-4028-9460-92f4196b984a"", ""matched_type"": ""METRIC"", ""similarity"": 1.0, ""source"": ""gazetteer""}]",What are <COMPANY>'s <METRIC> (ROA) and <METRIC> (ROE) for the latest quarter?,"{""nn1"": ""COMPANY"", ""target_ids"": [""9fe9c63b-26ba-4633-b3f0-2f73fa5b6d37"", ""14e844eb-fd2b-4028-9460-92f4196b984a""], ""prop1_list"": [""HAS_METRIC"", ""MetricObservation"", ""HAS_WEAKNESS"", ""HAS_RISK_DRIVER"", ""HAS_STRENGTH"", ""HAS_GROWTH_DRIVER"", ""HAS_OPPORTUNITY"", ""HAS_MARGIN_DRIVER"", ""HAS_ROE_DRIVER"", ""HAS_VALUATION_DRIVER"", ""METRIC_OBSERVATION""], ""nnp1"": ""d87dc97c-c536-4deb-b164-1ccd06319e39""}","{""nnp1"": ""d87dc97c-c536-4deb-b164-1ccd06319e39"", ""nnp2"": ""9fe9c63b-26ba-4633-b3f0-2f73fa5b6d37"", ""nnp3"": null, ""prop1"": ""HAS_STRENGTH"", ""nn1"": ""COMPANY"", ""nn2"": ""METRIC"", ""threshold"": null, ""target_ids"": [""9fe9c63b-26ba-4633-b3f0-2f73fa5b6d37"", ""14e844eb-fd2b-4028-9460-92f4196b984a""], ""prop1_list"": [""HAS_METRIC"", ""MetricObservation"", ""HAS_WEAKNESS"", ""HAS_RISK_DRIVER"", ""HAS_STRENGTH"", ""HAS_GROWTH_DRIVER"", ""HAS_OPPORTUNITY"", ""HAS_MARGIN_DRIVER"", ""HAS_ROE_DRIVER"", ""HAS_VALUATION_DRIVER"", ""METRIC_OBSERVATION""], ""metric_name"": null, ""topic_name1"": ""Central Bank of India"", ""topic_name2"": ""return on assets"", ""segment_ids"": []}",primary,24,"Template: simple_triplet (F_Simple)
Query intent: Simple question: subject linked to objects via a predicate.

Row 1: Central Bank of India posted a return on assets of 1.00%.
Row 2: Central Bank of India logged a return on equity of 14.92%.
Row 3: Central Bank of India posted a cost-to-income ratio of 55.40%.
Row 4: Central Bank of India reported a gross NPA of 2.60%.
Row 5: Central Bank of India reported a net NPA of 0.49%.
Row 6: Central Bank of India holds a provision coverage of 95.86%.
Row 7: Central Bank of India's capital adequacy stood at 18.28%.
Row 8: Central Bank of India recorded a CET1 ratio of 16.54%.
Row 9: Central Bank of India recorded a net interest margin of 3.06%.
Row 10: Central Bank of India reported that total advances reached ₹354,348 crore, up 28.58% year-on-year.
Row 11: [Central Bank of India] CASA-led deposit mobilization is expected to drive growth for Central Bank of India.
Row 12: Central Bank of India reported deposit growth of 11.68%.
Row 13: Central Bank of India's return on equity will be driven by improving profitability.
Row 14: Central Bank of India exhibits a high CASA ratio as a distinct strength.
Row 15: Central Bank of India demonstrated rapid advances growth as a key strength this quarter.
Row 16: Central Bank of India has a weakness in its still-elevated cost-to-income ratio.
Row 17: Central Bank of India is facing a legacy overhang relative to sub-2% peers regarding its gross NPA.
Row 18: [Central Bank of India] An opportunity for Central Bank of India lies in how its continued deposit and loan growth is outpacing several peers.
Row 19: Central Bank of India relies on rapid credit expansion as a growth driver.
Row 20: Central Bank of India's margin is driven by its high CASA base.
Row 21: [Central Bank of India] The key risk driver for Central Bank of India is the funding gap if deposit growth continues to lag credit growth.
Row 22: [Central Bank of India] The valuation-relevant fact for Central Bank of India is its legacy gross-NPA overhang.
Row 23: Central Bank of India recorded a notably strong CASA ratio of 46.61% in Q1 FY27.
Row 24: Central Bank of India's Net interest income rose 15.70% to ₹3,914 crore.",Central Bank of India posted a return on assets (ROA) of 1.00% and logged a return on equity (ROE) of 14.92%.,Relevant,The assistant summary accurately captures the exact return on assets of 1.00% and return on equity of 14.92% as stated in the reference answer.,
What was Central Bank of India's total advances (loan book) and deposit growth in the latest quarter?,"Total advances reached ₹354,348 crore, up 28.58% year-on-year, while deposit growth of 11.68% lagged well behind.",F_Simple,F_Simple,0.5741154930246071,simple_triplet,True,"[""Central Bank of India"", ""total advances"", ""loan"", ""deposit growth""]","[{""entity"": ""Central Bank of India"", ""matched_node_name"": ""Central Bank of India"", ""matched_id"": ""d87dc97c-c536-4deb-b164-1ccd06319e39"", ""matched_type"": ""COMPANY"", ""similarity"": 1.0, ""source"": ""gazetteer""}, {""entity"": ""total advances"", ""matched_node_name"": ""Total advances"", ""matched_id"": ""a1b36a29-fc07-41cc-b3a3-010e50f98882"", ""matched_type"": ""ASSETCLASS"", ""similarity"": 1.0, ""source"": ""gazetteer""}, {""entity"": ""loan"", ""matched_node_name"": ""loan"", ""matched_id"": ""13c28420-d40d-41d9-9101-1e3596e3c2ba"", ""matched_type"": ""PRODUCT"", ""similarity"": 1.0, ""source"": ""gazetteer""}, {""entity"": ""deposit growth"", ""matched_node_name"": ""Deposit growth"", ""matched_id"": ""7a5ad916-7608-42a4-b7b8-cef3032e3b45"", ""matched_type"": ""METRIC"", ""similarity"": 1.0, ""source"": ""gazetteer""}]",What was <COMPANY>'s <ASSETCLASS> (<PRODUCT> book) and <METRIC> in the latest quarter?,"{""nn1"": ""COMPANY"", ""target_ids"": [""a1b36a29-fc07-41cc-b3a3-010e50f98882"", ""13c28420-d40d-41d9-9101-1e3596e3c2ba"", ""7a5ad916-7608-42a4-b7b8-cef3032e3b45""], ""prop1_list"": [""HAS_METRIC"", ""MetricObservation"", ""ExposureRelation"", ""FUNDED_BY"", ""HAS_WEAKNESS"", ""HAS_RISK_DRIVER"", ""HAS_LOAN_EXPOSURE_TO"", ""HAS_STRENGTH"", ""HAS_GROWTH_DRIVER"", ""HAS_OPPORTUNITY"", ""HAS_MARGIN_DRIVER"", ""HAS_ROE_DRIVER"", ""HAS_VALUATION_DRIVER"", ""HAS_ASSET_EXPOSURE_TO"", ""METRIC_OBSERVATION"", ""EXPOSURE_RELATION""], ""nnp1"": ""d87dc97c-c536-4deb-b164-1ccd06319e39""}","{""nnp1"": ""d87dc97c-c536-4deb-b164-1ccd06319e39"", ""nnp2"": ""13c28420-d40d-41d9-9101-1e3596e3c2ba"", ""nnp3"": null, ""prop1"": ""HAS_STRENGTH"", ""nn1"": ""COMPANY"", ""nn2"": ""PRODUCT"", ""threshold"": null, ""target_ids"": [""a1b36a29-fc07-41cc-b3a3-010e50f98882"", ""13c28420-d40d-41d9-9101-1e3596e3c2ba"", ""7a5ad916-7608-42a4-b7b8-cef3032e3b45""], ""prop1_list"": [""HAS_METRIC"", ""MetricObservation"", ""ExposureRelation"", ""FUNDED_BY"", ""HAS_WEAKNESS"", ""HAS_RISK_DRIVER"", ""HAS_LOAN_EXPOSURE_TO"", ""HAS_STRENGTH"", ""HAS_GROWTH_DRIVER"", ""HAS_OPPORTUNITY"", ""HAS_MARGIN_DRIVER"", ""HAS_ROE_DRIVER"", ""HAS_VALUATION_DRIVER"", ""HAS_ASSET_EXPOSURE_TO"", ""METRIC_OBSERVATION"", ""EXPOSURE_RELATION""], ""metric_name"": null, ""topic_name1"": ""Central Bank of India"", ""topic_name2"": ""loan"", ""segment_ids"": []}",primary,27,"Template: simple_triplet (F_Simple)
Query intent: Simple question: subject linked to objects via a predicate.

Row 1: Central Bank of India reported deposit growth of 11.68%.
Row 2: Central Bank of India posted a return on assets of 1.00%.
Row 3: Central Bank of India logged a return on equity of 14.92%.
Row 4: Central Bank of India posted a cost-to-income ratio of 55.40%.
Row 5: Central Bank of India reported a gross NPA of 2.60%.
Row 6: Central Bank of India reported a net NPA of 0.49%.
Row 7: Central Bank of India holds a provision coverage of 95.86%.
Row 8: Central Bank of India's capital adequacy stood at 18.28%.
Row 9: Central Bank of India recorded a CET1 ratio of 16.54%.
Row 10: Central Bank of India is exposed to funding risk arising from its advances-deposits gap.
Row 11: Central Bank of India recorded a net interest margin of 3.06%.
Row 12: Central Bank of India reported that total advances reached ₹354,348 crore, up 28.58% year-on-year.
Row 13: Central Bank of India is exposed to operational risk tied to its legacy network.
Row 14: [Central Bank of India] CASA-led deposit mobilization is expected to drive growth for Central Bank of India.
Row 15: Central Bank of India's return on equity will be driven by improving profitability.
Row 16: Central Bank of India exhibits a high CASA ratio as a distinct strength.
Row 17: Central Bank of India demonstrated rapid advances growth as a key strength this quarter.
Row 18: Central Bank of India has a weakness in its still-elevated cost-to-income ratio.
Row 19: Central Bank of India is facing a legacy overhang relative to sub-2% peers regarding its gross NPA.
Row 20: [Central Bank of India] An opportunity for Central Bank of India lies in how its continued deposit and loan growth is outpacing several peers.
Row 21: Central Bank of India relies on rapid credit expansion as a growth driver.
Row 22: Central Bank of India's margin is driven by its high CASA base.
Row 23: [Central Bank of India] The key risk driver for Central Bank of India is the funding gap if deposit growth continues to lag credit growth.
Row 24: [Central Bank of India] The valuation-relevant fact for Central Bank of India is its legacy gross-NPA overhang.
Row 25: Central Bank of India remains exposed to ordinary credit risk.
Row 26: Central Bank of India recorded a notably strong CASA ratio of 46.61% in Q1 FY27.
Row 27: Central Bank of India's Net interest income rose 15.70% to ₹3,914 crore.","Central Bank of India reported that its total advances reached ₹354,348 crore, marking a 28.58% increase year-on-year, while deposit growth stood at 11.68%.",Relevant,"The assistant summary accurately captures both the total advances of ₹354,348 crore with a 28.58% year-on-year increase and the deposit growth rate of 11.68% as stated in the reference answer.",
"What credit ratings has Central Bank of India received, and from which rating agencies?",India Ratings reaffirmed an IND AA Stable rating on the bank's Tier II bonds.,F_Simple,F_Simple,0.5229460713108118,simple_triplet,True,"[""Central Bank of India""]","[{""entity"": ""Central Bank of India"", ""matched_node_name"": ""Central Bank of India"", ""matched_id"": ""d87dc97c-c536-4deb-b164-1ccd06319e39"", ""matched_type"": ""COMPANY"", ""similarity"": 1.0, ""source"": ""gazetteer""}]","What credit ratings has <COMPANY> received, and from which rating agencies?","{""nn1"": ""COMPANY"", ""target_ids"": [], ""prop1_list"": [""HAS_RATING"", ""RATED_BY""], ""nnp1"": ""d87dc97c-c536-4deb-b164-1ccd06319e39""}","{""nnp1"": ""d87dc97c-c536-4deb-b164-1ccd06319e39"", ""nnp2"": null, ""nnp3"": null, ""prop1"": ""HAS_RATING"", ""nn1"": ""COMPANY"", ""nn2"": null, ""threshold"": null, ""target_ids"": [], ""prop1_list"": [""HAS_RATING"", ""RATED_BY""], ""metric_name"": null, ""topic_name1"": ""Central Bank of India"", ""topic_name2"": null, ""segment_ids"": []}",primary,2,"Template: simple_triplet (F_Simple)
Query intent: Simple question: subject linked to objects via a predicate.

Row 1: Central Bank of India was reaffirmed with an IND AA Stable rating on its Tier II bonds.
Row 2: Central Bank of India is rated by India Ratings.","Central Bank of India has received an IND AA Stable rating on its Tier II bonds from the rating agency India Ratings, which reaffirmed this rating.",Relevant,"The assistant summary accurately captures the core facts from the reference answer, including the rating agency India Ratings, the IND AA Stable rating, and the specific instrument (Tier II bonds) without any contradictions.",
"Roughly how many branches and ATMs does Central Bank of India operate, and as of what date?","Most recently verified branch and ATM counts — 4,608 branches and 3,644 ATMs — date to March 2021, with no current figure found.",F_QuantCount,F_QuantCount,0.5019551925676716,quant_count,True,"[""branches"", ""ATMs"", ""Central Bank of India""]","[{""entity"": ""branches"", ""matched_node_name"": ""branches"", ""matched_id"": ""825450c5-3a89-46a1-bf6f-9b5e414de076"", ""matched_type"": ""DISTRIBUTIONCHANNEL"", ""similarity"": 1.0, ""source"": ""gazetteer""}, {""entity"": ""ATMs"", ""matched_node_name"": ""ATMs"", ""matched_id"": ""4211be7c-a18e-4211-bd8a-4534d423385e"", ""matched_type"": ""DISTRIBUTIONCHANNEL"", ""similarity"": 1.0, ""source"": ""gazetteer""}, {""entity"": ""Central Bank of India"", ""matched_node_name"": ""Central Bank of India"", ""matched_id"": ""d87dc97c-c536-4deb-b164-1ccd06319e39"", ""matched_type"": ""COMPANY"", ""similarity"": 1.0, ""source"": ""gazetteer""}]","Roughly how many <DISTRIBUTIONCHANNEL> and <DISTRIBUTIONCHANNEL> does <COMPANY> operate, and as of what date?","{""nn1"": ""COMPANY"", ""prop1_list"": [""USES_CHANNEL"", ""DEPENDS_ON""], ""nnp1"": ""d87dc97c-c536-4deb-b164-1ccd06319e39"", ""nn2"": ""DISTRIBUTIONCHANNEL""}","{""nnp1"": ""d87dc97c-c536-4deb-b164-1ccd06319e39"", ""nnp2"": ""825450c5-3a89-46a1-bf6f-9b5e414de076"", ""nnp3"": null, ""prop1"": ""USES_CHANNEL"", ""nn1"": ""COMPANY"", ""nn2"": ""DISTRIBUTIONCHANNEL"", ""threshold"": null, ""target_ids"": [""825450c5-3a89-46a1-bf6f-9b5e414de076"", ""4211be7c-a18e-4211-bd8a-4534d423385e""], ""prop1_list"": [""USES_CHANNEL"", ""DEPENDS_ON""], ""metric_name"": null, ""topic_name1"": ""Central Bank of India"", ""topic_name2"": ""branches"", ""segment_ids"": []}",primary,1,"Template: quant_count (F_QuantCount)
Query intent: Count related objects for a subject entity.

Row 1: subject_name=Central Bank of India | object_count=2 (2 facts)
  - Central Bank of India utilizes 4,608 branches for its operations.
  - Central Bank of India utilizes 3,644 ATMs within its network.","Central Bank of India utilizes 4,608 branches and 3,644 ATMs for its operations. However, the retrieved facts do not cover the specific date as of which these branch and ATM counts are operated.",Somewhat relevant,"The assistant summary correctly identifies the branch count of 4,608 and ATM count of 3,644 from the reference answer, but incorrectly claims that the specific date of March 2021 is not covered in the retrieved facts.",
"What products and services does Central Bank of India offer, and which customer segments does it serve?","Retail, MSME and agricultural focus on a legacy, branch-heavy network.",F_Simple,F_Simple,0.5902610031105305,simple_triplet,True,"[""Central Bank of India""]","[{""entity"": ""Central Bank of India"", ""matched_node_name"": ""Central Bank of India"", ""matched_id"": ""d87dc97c-c536-4deb-b164-1ccd06319e39"", ""matched_type"": ""COMPANY"", ""similarity"": 1.0, ""source"": ""gazetteer""}]","What products and services does <COMPANY> offer, and which customer segments does it serve?","{""nn1"": ""COMPANY"", ""target_ids"": [], ""prop1_list"": [""ExposureRelation"", ""OFFERS_PRODUCT"", ""PROVIDES_SERVICE"", ""SERVES"", ""TARGETS"", ""HAS_ASSET_EXPOSURE_TO"", ""EXPOSURE_RELATION""], ""nnp1"": ""d87dc97c-c536-4deb-b164-1ccd06319e39""}","{""nnp1"": ""d87dc97c-c536-4deb-b164-1ccd06319e39"", ""nnp2"": null, ""nnp3"": null, ""prop1"": ""SERVES"", ""nn1"": ""COMPANY"", ""nn2"": null, ""threshold"": null, ""target_ids"": [], ""prop1_list"": [""ExposureRelation"", ""OFFERS_PRODUCT"", ""PROVIDES_SERVICE"", ""SERVES"", ""TARGETS"", ""HAS_ASSET_EXPOSURE_TO"", ""EXPOSURE_RELATION""], ""metric_name"": null, ""topic_name1"": ""Central Bank of India"", ""topic_name2"": null, ""segment_ids"": []}",primary,6,"Template: simple_triplet (F_Simple)
Query intent: Simple question: subject linked to objects via a predicate.

Row 1: Central Bank of India focuses on serving the MSME sector.
Row 2: Central Bank of India focuses on the agricultural customer segment.
Row 3: Central Bank of India remains exposed to ordinary credit risk.
Row 4: Central Bank of India is exposed to funding risk arising from its advances-deposits gap.
Row 5: Central Bank of India is exposed to operational risk tied to its legacy network.
Row 6: Central Bank of India has a strategic focus on retail customers.","Central Bank of India serves retail customers, the agricultural customer segment, and the MSME sector. The provided facts do not cover the specific products and services offered by the bank.",Somewhat relevant,"The assistant summary correctly identifies the customer segments (retail, agricultural, and MSME) mentioned in the reference answer, but correctly notes that the specific products and services are not covered in the text.",
What is Indian Overseas Bank's ticker symbol and on which exchange(s) does it trade?,"IOB, listed on both the NSE and the BSE.",F_Simple,F_Simple,0.5272617020235415,simple_triplet,True,"[""Indian Overseas Bank""]","[{""entity"": ""Indian Overseas Bank"", ""matched_node_name"": ""Indian Overseas Bank"", ""matched_id"": ""2b8b013a-9aa7-4830-8cc2-5abb48bf8021"", ""matched_type"": ""COMPANY"", ""similarity"": 1.0, ""source"": ""gazetteer""}]",What is <COMPANY>'s ticker symbol and on which exchange(s) does it trade?,"{""nnp1"": ""2b8b013a-9aa7-4830-8cc2-5abb48bf8021""}","{""nnp1"": ""2b8b013a-9aa7-4830-8cc2-5abb48bf8021"", ""nnp2"": null, ""nnp3"": null, ""prop1"": null, ""nn1"": ""COMPANY"", ""nn2"": null, ""threshold"": null, ""target_ids"": [], ""prop1_list"": [], ""metric_name"": null, ""topic_name1"": ""Indian Overseas Bank"", ""topic_name2"": null, ""segment_ids"": []}",attribute_lookup_direct,7,"Template: simple_triplet (F_Simple)
Query intent: Simple question: subject linked to objects via a predicate.

Row 1: Indian Overseas Bank's banking_segment is Public Sector Bank
Row 2: Indian Overseas Bank's country is India
Row 3: Indian Overseas Bank's description is Indian Overseas Bank, headquartered in Chennai, Tamil Nadu and founded in 1937, is a Government of India-owned universal bank with a meaningful legacy corporate and international book alongside its retail and MSME push.
Row 4: Indian Overseas Bank's exchange is NSE, BSE
Row 5: Indian Overseas Bank's legal_name is Indian Overseas Bank
Row 6: Indian Overseas Bank's listed is True
Row 7: Indian Overseas Bank's ticker is IOB","Indian Overseas Bank's ticker symbol is IOB, and it trades on the NSE and BSE stock exchanges.",Relevant,"The assistant summary correctly identifies Indian Overseas Bank's ticker symbol as IOB and states that it trades on both the NSE and BSE, perfectly matching the material facts in the reference answer.",
"Who is the current MD & CEO (or Chairman, where that is the top executive title) of Indian Overseas Bank?",Ajay Kumar Srivastava's tenure as MD & CEO was extended until 2027; Srinivasan Sridhar was appointed part-time non-official director and non-executive chairman.,F_Simple,F_Simple,0.5283378025783668,simple_triplet,True,"[""Indian Overseas Bank""]","[{""entity"": ""Indian Overseas Bank"", ""matched_node_name"": ""Indian Overseas Bank"", ""matched_id"": ""2b8b013a-9aa7-4830-8cc2-5abb48bf8021"", ""matched_type"": ""COMPANY"", ""similarity"": 1.0, ""source"": ""gazetteer""}]","Who is the current MD & CEO (or Chairman, where that is the top executive title) of <COMPANY>?","{""nn1"": ""COMPANY"", ""target_ids"": [], ""prop1_list"": [""GovernanceRole"", ""HOLDS_ROLE"", ""GOVERNANCE_ROLE""], ""nnp1"": ""2b8b013a-9aa7-4830-8cc2-5abb48bf8021""}","{""nnp1"": ""2b8b013a-9aa7-4830-8cc2-5abb48bf8021"", ""nnp2"": null, ""nnp3"": null, ""prop1"": ""GovernanceRole"", ""nn1"": ""COMPANY"", ""nn2"": null, ""threshold"": null, ""target_ids"": [], ""prop1_list"": [""GovernanceRole"", ""HOLDS_ROLE"", ""GOVERNANCE_ROLE""], ""metric_name"": null, ""topic_name1"": ""Indian Overseas Bank"", ""topic_name2"": null, ""segment_ids"": []}",primary,2,"Template: simple_triplet (F_Simple)
Query intent: Simple question: subject linked to objects via a predicate.

Row 1: [Indian Overseas Bank] Ajay Kumar Srivastava's tenure as MD & CEO of Indian Overseas Bank was extended until 2027.
Row 2: [Indian Overseas Bank] Srinivasan Sridhar was appointed as part-time non-official director and non-executive chairman of Indian Overseas Bank.","The current MD & CEO of Indian Overseas Bank is Ajay Kumar Srivastava, whose tenure has been extended until 2027. Additionally, Srinivasan Sridhar serves as the part-time non-official director and non-executive chairman of the bank.",Relevant,"The assistant summary accurately captures both the extension of Ajay Kumar Srivastava as MD & CEO until 2027 and the appointment of Srinivasan Sridhar as chairman, exactly matching the reference answer.",
"What percentage of Indian Overseas Bank is held by its government promoter or largest shareholder, and as of what date?","Reported at 92.44% in a SEBI compliance filing of uncertain period; the government launched an offer-for-sale of up to 3% in December 2025, implying a somewhat lower post-sale holding that was not precisely found.",F_LogUnion,F_LogUnion,0.6214196189605303,logical_union,True,"[""Indian Overseas Bank""]","[{""entity"": ""Indian Overseas Bank"", ""matched_node_name"": ""Indian Overseas Bank"", ""matched_id"": ""2b8b013a-9aa7-4830-8cc2-5abb48bf8021"", ""matched_type"": ""COMPANY"", ""similarity"": 1.0, ""source"": ""gazetteer""}]","What percentage of <COMPANY> is held by its government promoter or largest shareholder, and as of what date?","{""nn1"": ""COMPANY"", ""nnp1"": ""2b8b013a-9aa7-4830-8cc2-5abb48bf8021"", ""prop1_list"": [""OWNS"", ""REGULATED_BY"", ""OwnershipStake"", ""HELD_BY"", ""OWNS_STAKE_IN"", ""CorporateStructureRelation"", ""OWNERSHIP_STAKE"", ""CORPORATE_STRUCTURE_RELATION""], ""target_ids"": [], ""nnp2"": null}","{""nnp1"": ""2b8b013a-9aa7-4830-8cc2-5abb48bf8021"", ""nnp2"": null, ""nnp3"": null, ""prop1"": ""CorporateStructureRelation"", ""nn1"": ""COMPANY"", ""nn2"": null, ""threshold"": null, ""target_ids"": [], ""prop1_list"": [""OWNS"", ""REGULATED_BY"", ""OwnershipStake"", ""HELD_BY"", ""OWNS_STAKE_IN"", ""CorporateStructureRelation"", ""OWNERSHIP_STAKE"", ""CORPORATE_STRUCTURE_RELATION""], ""metric_name"": null, ""topic_name1"": ""Indian Overseas Bank"", ""topic_name2"": null, ""segment_ids"": []}",primary,2,"Template: logical_union (F_LogUnion)
Query intent: Union of two relationship patterns from the same subject.

Row 1: Indian Overseas Bank holds a 35% stake in the Malaysian joint-venture bank, India International Bank (Malaysia).
Row 2: [Indian Overseas Bank] The Government of India owns Indian Overseas Bank, holding a reported stake of 92.44% prior to a planned stake sale.","The Government of India is the promoter and largest shareholder of Indian Overseas Bank, holding a reported stake of 92.44% prior to a planned stake sale.",Relevant,"The assistant summary correctly captures the 92.44% stake held by the Government of India prior to the stake sale, aligning well with the reference answer's core facts.",
What was Indian Overseas Bank's CASA ratio in the most recently reported quarter?,Global CASA ratio fell to 41.05% from 43.78% a year earlier.,F_Simple,F_Simple,0.45300680749982714,simple_triplet,True,"[""Indian Overseas Bank"", ""CASA ratio""]","[{""entity"": ""Indian Overseas Bank"", ""matched_node_name"": ""Indian Overseas Bank"", ""matched_id"": ""2b8b013a-9aa7-4830-8cc2-5abb48bf8021"", ""matched_type"": ""COMPANY"", ""similarity"": 1.0, ""source"": ""gazetteer""}, {""entity"": ""CASA ratio"", ""matched_node_name"": ""CASA ratio"", ""matched_id"": ""2f007236-19aa-494e-a277-c5e8d54d60fe"", ""matched_type"": ""METRIC"", ""similarity"": 1.0, ""source"": ""gazetteer""}]",What was <COMPANY>'s <METRIC> in the most recently reported quarter?,"{""nn1"": ""COMPANY"", ""target_ids"": [""2f007236-19aa-494e-a277-c5e8d54d60fe""], ""prop1_list"": [""HAS_METRIC"", ""MetricObservation"", ""HAS_WEAKNESS"", ""HAS_RISK_DRIVER"", ""HAS_STRENGTH"", ""HAS_GROWTH_DRIVER"", ""HAS_OPPORTUNITY"", ""HAS_MARGIN_DRIVER"", ""HAS_ROE_DRIVER"", ""HAS_VALUATION_DRIVER"", ""METRIC_OBSERVATION""], ""nnp1"": ""2b8b013a-9aa7-4830-8cc2-5abb48bf8021""}","{""nnp1"": ""2b8b013a-9aa7-4830-8cc2-5abb48bf8021"", ""nnp2"": ""2f007236-19aa-494e-a277-c5e8d54d60fe"", ""nnp3"": null, ""prop1"": ""HAS_STRENGTH"", ""nn1"": ""COMPANY"", ""nn2"": ""METRIC"", ""threshold"": null, ""target_ids"": [""2f007236-19aa-494e-a277-c5e8d54d60fe""], ""prop1_list"": [""HAS_METRIC"", ""MetricObservation"", ""HAS_WEAKNESS"", ""HAS_RISK_DRIVER"", ""HAS_STRENGTH"", ""HAS_GROWTH_DRIVER"", ""HAS_OPPORTUNITY"", ""HAS_MARGIN_DRIVER"", ""HAS_ROE_DRIVER"", ""HAS_VALUATION_DRIVER"", ""METRIC_OBSERVATION""], ""metric_name"": null, ""topic_name1"": ""Indian Overseas Bank"", ""topic_name2"": ""CASA ratio"", ""segment_ids"": []}",primary,22,"Template: simple_triplet (F_Simple)
Query intent: Simple question: subject linked to objects via a predicate.

Row 1: Indian Overseas Bank's Q1 FY27 global CASA ratio fell to 41.05% from 43.78% a year earlier. (as of 2026-06-30)
Row 2: Indian Overseas Bank's Q1 FY27 cost-to-income rose from 44.22% to 53.95% year-on-year. (as of 2026-06-30)
Row 3: Indian Overseas Bank's Q1 FY27 gross NPA improved to 1.33% from 1.97% a year earlier. (as of 2026-06-30)
Row 4: Indian Overseas Bank's Q1 FY27 net NPA stood at 0.18%. (as of 2026-06-30)
Row 5: Indian Overseas Bank's Q1 FY27 provision coverage was 97.67%. (as of 2026-06-30)
Row 6: Indian Overseas Bank reported a capital adequacy ratio of 19.36% in Q1 FY27. (as of 2026-06-30)
Row 7: Indian Overseas Bank reported global advances of 3.22 trillion rupees, up 22.75% year-on-year in Q1 FY27. (as of 2026-06-30)
Row 8: Indian Overseas Bank reported a 49.32% rise in net profit to 1,659 crore rupees in Q1 FY27. (as of 2026-06-30)
Row 9: Indian Overseas Bank demonstrated high-confidence strength in its asset quality in Q1 FY27. (as of 2026-06-30)
Row 10: Indian Overseas Bank's Q1 FY27 deposit growth was 13.72% year-on-year. (as of 2026-06-30)
Row 11: Indian Overseas Bank's Q1 FY27 credit-deposit ratio rose 630 basis points to 85.63%. (as of 2026-06-30)
Row 12: Indian Overseas Bank's Q1 FY27 global margin stood at 3.37%. (as of 2026-06-30)
Row 13: Indian Overseas Bank showed a corresponding weakness in Q1 FY27 through a sharp rise in cost-to-income. (as of 2026-06-30)
Row 14: Indian Overseas Bank noted a CASA decline as a weakness in its Q1 FY27 performance. (as of 2026-06-30)
Row 15: Indian Overseas Bank's growth is expected to come from strong credit growth.
Row 16: Indian Overseas Bank's growth is expected to be driven by its rising credit-deposit ratio.
Row 17: Indian Overseas Bank's margin is expected to benefit from domestic net-interest-margin improvement.
Row 18: Indian Overseas Bank's return on equity is expected to be driven by its profit turnaround following an asset-quality cleanup.
Row 19: [Indian Overseas Bank] The key risk driver for Indian Overseas Bank is the combination of rising cost-to-income and declining CASA pressuring efficiency.
Row 20: [Indian Overseas Bank] A valuation-relevant fact for Indian Overseas Bank is the pace and pricing of any further government stake dilution.
Row 21: Indian Overseas Bank's Q1 FY27 net interest income rose 34.30% to 3,688 crore rupees. (as of 2026-06-30)
Row 22: Indian Overseas Bank's Q1 FY27 domestic net interest margin stood at 3.48%. (as of 2026-06-30)","In the most recently reported quarter (Q1 FY27, as of June 30, 2026), Indian Overseas Bank's global CASA ratio stood at 41.05%, which represented a decline from 43.78% a year earlier.",Relevant,The assistant summary accurately captures both the current global CASA ratio of 41.05% and the previous year's figure of 43.78% as stated in the reference answer.,
What is Indian Overseas Bank's net interest margin (NIM) for the latest reported period?,Domestic net interest margin 3.48% and global margin 3.37%.,F_Simple,F_Simple,0.41326111719969927,simple_triplet,True,"[""Indian Overseas Bank"", ""net interest margin""]","[{""entity"": ""Indian Overseas Bank"", ""matched_node_name"": ""Indian Overseas Bank"", ""matched_id"": ""2b8b013a-9aa7-4830-8cc2-5abb48bf8021"", ""matched_type"": ""COMPANY"", ""similarity"": 1.0, ""source"": ""gazetteer""}, {""entity"": ""net interest margin"", ""matched_node_name"": ""net interest margin"", ""matched_id"": ""d5aaa814-57dd-46cd-b801-d73c80a43d6c"", ""matched_type"": ""METRIC"", ""similarity"": 1.0, ""source"": ""gazetteer""}]",What is <COMPANY>'s <METRIC> (NIM) for the latest reported period?,"{""nn1"": ""COMPANY"", ""target_ids"": [""d5aaa814-57dd-46cd-b801-d73c80a43d6c""], ""prop1_list"": [""HAS_METRIC"", ""MetricObservation"", ""HAS_WEAKNESS"", ""HAS_RISK_DRIVER"", ""HAS_STRENGTH"", ""HAS_GROWTH_DRIVER"", ""HAS_OPPORTUNITY"", ""HAS_MARGIN_DRIVER"", ""HAS_ROE_DRIVER"", ""HAS_VALUATION_DRIVER"", ""METRIC_OBSERVATION""], ""nnp1"": ""2b8b013a-9aa7-4830-8cc2-5abb48bf8021""}","{""nnp1"": ""2b8b013a-9aa7-4830-8cc2-5abb48bf8021"", ""nnp2"": ""d5aaa814-57dd-46cd-b801-d73c80a43d6c"", ""nnp3"": null, ""prop1"": ""HAS_STRENGTH"", ""nn1"": ""COMPANY"", ""nn2"": ""METRIC"", ""threshold"": null, ""target_ids"": [""d5aaa814-57dd-46cd-b801-d73c80a43d6c""], ""prop1_list"": [""HAS_METRIC"", ""MetricObservation"", ""HAS_WEAKNESS"", ""HAS_RISK_DRIVER"", ""HAS_STRENGTH"", ""HAS_GROWTH_DRIVER"", ""HAS_OPPORTUNITY"", ""HAS_MARGIN_DRIVER"", ""HAS_ROE_DRIVER"", ""HAS_VALUATION_DRIVER"", ""METRIC_OBSERVATION""], ""metric_name"": null, ""topic_name1"": ""Indian Overseas Bank"", ""topic_name2"": ""net interest margin"", ""segment_ids"": []}",relaxed_direction,22,"Template: simple_triplet (F_Simple)
Query intent: Simple question: subject linked to objects via a predicate.

Row 1: Indian Overseas Bank's Q1 FY27 cost-to-income rose from 44.22% to 53.95% year-on-year. (as of 2026-06-30)
Row 2: Indian Overseas Bank's Q1 FY27 gross NPA improved to 1.33% from 1.97% a year earlier. (as of 2026-06-30)
Row 3: Indian Overseas Bank's Q1 FY27 net NPA stood at 0.18%. (as of 2026-06-30)
Row 4: Indian Overseas Bank's Q1 FY27 provision coverage was 97.67%. (as of 2026-06-30)
Row 5: Indian Overseas Bank reported a capital adequacy ratio of 19.36% in Q1 FY27. (as of 2026-06-30)
Row 6: Indian Overseas Bank reported global advances of 3.22 trillion rupees, up 22.75% year-on-year in Q1 FY27. (as of 2026-06-30)
Row 7: Indian Overseas Bank reported a 49.32% rise in net profit to 1,659 crore rupees in Q1 FY27. (as of 2026-06-30)
Row 8: Indian Overseas Bank demonstrated high-confidence strength in its asset quality in Q1 FY27. (as of 2026-06-30)
Row 9: Indian Overseas Bank's Q1 FY27 deposit growth was 13.72% year-on-year. (as of 2026-06-30)
Row 10: Indian Overseas Bank's Q1 FY27 credit-deposit ratio rose 630 basis points to 85.63%. (as of 2026-06-30)
Row 11: Indian Overseas Bank's Q1 FY27 global margin stood at 3.37%. (as of 2026-06-30)
Row 12: Indian Overseas Bank showed a corresponding weakness in Q1 FY27 through a sharp rise in cost-to-income. (as of 2026-06-30)
Row 13: Indian Overseas Bank noted a CASA decline as a weakness in its Q1 FY27 performance. (as of 2026-06-30)
Row 14: Indian Overseas Bank's growth is expected to come from strong credit growth.
Row 15: Indian Overseas Bank's growth is expected to be driven by its rising credit-deposit ratio.
Row 16: Indian Overseas Bank's margin is expected to benefit from domestic net-interest-margin improvement.
Row 17: Indian Overseas Bank's return on equity is expected to be driven by its profit turnaround following an asset-quality cleanup.
Row 18: [Indian Overseas Bank] The key risk driver for Indian Overseas Bank is the combination of rising cost-to-income and declining CASA pressuring efficiency.
Row 19: [Indian Overseas Bank] A valuation-relevant fact for Indian Overseas Bank is the pace and pricing of any further government stake dilution.
Row 20: Indian Overseas Bank's Q1 FY27 global CASA ratio fell to 41.05% from 43.78% a year earlier. (as of 2026-06-30)
Row 21: Indian Overseas Bank's Q1 FY27 net interest income rose 34.30% to 3,688 crore rupees. (as of 2026-06-30)
Row 22: Indian Overseas Bank's Q1 FY27 domestic net interest margin stood at 3.48%. (as of 2026-06-30)","The retrieved facts do not cover Indian Overseas Bank's net interest margin (NIM) for the latest reported period, though they do note a Q1 FY27 domestic net interest margin of 3.48% and a global margin of 3.37%.",Relevant,"The assistant summary correctly identifies both the domestic net interest margin of 3.48% and the global margin of 3.37% matching the reference answer, despite an unusual introductory sentence claiming the facts were not covered.",
What are Indian Overseas Bank's gross NPA and net NPA ratios?,Gross NPA improved to 1.33% from 1.97% a year earlier; net NPA 0.18%.,F_Simple,F_Simple,0.5219059417885892,simple_triplet,True,"[""Indian Overseas Bank"", ""gross NPA"", ""net NPA""]","[{""entity"": ""Indian Overseas Bank"", ""matched_node_name"": ""Indian Overseas Bank"", ""matched_id"": ""2b8b013a-9aa7-4830-8cc2-5abb48bf8021"", ""matched_type"": ""COMPANY"", ""similarity"": 1.0, ""source"": ""gazetteer""}, {""entity"": ""gross NPA"", ""matched_node_name"": ""gross NPA"", ""matched_id"": ""17de1b02-766d-4a7f-861e-a11cf8caa7ab"", ""matched_type"": ""METRIC"", ""similarity"": 1.0, ""source"": ""gazetteer""}, {""entity"": ""net NPA"", ""matched_node_name"": ""net NPA"", ""matched_id"": ""b0454088-e2c7-4c48-8ede-4505aee1e817"", ""matched_type"": ""METRIC"", ""similarity"": 1.0, ""source"": ""gazetteer""}]",What are <COMPANY>'s <METRIC> and <METRIC> ratios?,"{""nn1"": ""COMPANY"", ""target_ids"": [""17de1b02-766d-4a7f-861e-a11cf8caa7ab"", ""b0454088-e2c7-4c48-8ede-4505aee1e817""], ""prop1_list"": [""HAS_METRIC"", ""MetricObservation"", ""HAS_WEAKNESS"", ""HAS_RISK_DRIVER"", ""HAS_STRENGTH"", ""HAS_GROWTH_DRIVER"", ""HAS_OPPORTUNITY"", ""HAS_MARGIN_DRIVER"", ""HAS_ROE_DRIVER"", ""HAS_VALUATION_DRIVER"", ""METRIC_OBSERVATION""], ""nnp1"": ""2b8b013a-9aa7-4830-8cc2-5abb48bf8021""}","{""nnp1"": ""2b8b013a-9aa7-4830-8cc2-5abb48bf8021"", ""nnp2"": ""17de1b02-766d-4a7f-861e-a11cf8caa7ab"", ""nnp3"": null, ""prop1"": ""HAS_STRENGTH"", ""nn1"": ""COMPANY"", ""nn2"": ""METRIC"", ""threshold"": null, ""target_ids"": [""17de1b02-766d-4a7f-861e-a11cf8caa7ab"", ""b0454088-e2c7-4c48-8ede-4505aee1e817""], ""prop1_list"": [""HAS_METRIC"", ""MetricObservation"", ""HAS_WEAKNESS"", ""HAS_RISK_DRIVER"", ""HAS_STRENGTH"", ""HAS_GROWTH_DRIVER"", ""HAS_OPPORTUNITY"", ""HAS_MARGIN_DRIVER"", ""HAS_ROE_DRIVER"", ""HAS_VALUATION_DRIVER"", ""METRIC_OBSERVATION""], ""metric_name"": null, ""topic_name1"": ""Indian Overseas Bank"", ""topic_name2"": ""gross NPA"", ""segment_ids"": []}",primary,22,"Template: simple_triplet (F_Simple)
Query intent: Simple question: subject linked to objects via a predicate.

Row 1: Indian Overseas Bank's Q1 FY27 gross NPA improved to 1.33% from 1.97% a year earlier. (as of 2026-06-30)
Row 2: Indian Overseas Bank's Q1 FY27 net NPA stood at 0.18%. (as of 2026-06-30)
Row 3: Indian Overseas Bank's Q1 FY27 cost-to-income rose from 44.22% to 53.95% year-on-year. (as of 2026-06-30)
Row 4: Indian Overseas Bank's Q1 FY27 provision coverage was 97.67%. (as of 2026-06-30)
Row 5: Indian Overseas Bank reported a capital adequacy ratio of 19.36% in Q1 FY27. (as of 2026-06-30)
Row 6: Indian Overseas Bank reported global advances of 3.22 trillion rupees, up 22.75% year-on-year in Q1 FY27. (as of 2026-06-30)
Row 7: Indian Overseas Bank reported a 49.32% rise in net profit to 1,659 crore rupees in Q1 FY27. (as of 2026-06-30)
Row 8: Indian Overseas Bank demonstrated high-confidence strength in its asset quality in Q1 FY27. (as of 2026-06-30)
Row 9: Indian Overseas Bank's Q1 FY27 deposit growth was 13.72% year-on-year. (as of 2026-06-30)
Row 10: Indian Overseas Bank's Q1 FY27 credit-deposit ratio rose 630 basis points to 85.63%. (as of 2026-06-30)
Row 11: Indian Overseas Bank's Q1 FY27 global margin stood at 3.37%. (as of 2026-06-30)
Row 12: Indian Overseas Bank showed a corresponding weakness in Q1 FY27 through a sharp rise in cost-to-income. (as of 2026-06-30)
Row 13: Indian Overseas Bank noted a CASA decline as a weakness in its Q1 FY27 performance. (as of 2026-06-30)
Row 14: Indian Overseas Bank's growth is expected to come from strong credit growth.
Row 15: Indian Overseas Bank's growth is expected to be driven by its rising credit-deposit ratio.
Row 16: Indian Overseas Bank's margin is expected to benefit from domestic net-interest-margin improvement.
Row 17: Indian Overseas Bank's return on equity is expected to be driven by its profit turnaround following an asset-quality cleanup.
Row 18: [Indian Overseas Bank] The key risk driver for Indian Overseas Bank is the combination of rising cost-to-income and declining CASA pressuring efficiency.
Row 19: [Indian Overseas Bank] A valuation-relevant fact for Indian Overseas Bank is the pace and pricing of any further government stake dilution.
Row 20: Indian Overseas Bank's Q1 FY27 global CASA ratio fell to 41.05% from 43.78% a year earlier. (as of 2026-06-30)
Row 21: Indian Overseas Bank's Q1 FY27 net interest income rose 34.30% to 3,688 crore rupees. (as of 2026-06-30)
Row 22: Indian Overseas Bank's Q1 FY27 domestic net interest margin stood at 3.48%. (as of 2026-06-30)","Indian Overseas Bank's gross NPA improved to 1.33% in Q1 FY27 from 1.97% a year earlier. Additionally, the bank's net NPA stood at 0.18% for the same period as of June 30, 2026.",Relevant,The assistant summary accurately captures both the gross NPA ratio of 1.33% compared to 1.97% a year earlier and the net NPA ratio of 0.18% as stated in the reference answer.,
"What is Indian Overseas Bank's capital adequacy ratio (CRAR), and its CET1 ratio if disclosed?",Capital adequacy 19.36%.,F_Simple,F_Simple,0.4585325082585684,simple_triplet,True,"[""Indian Overseas Bank"", ""capital adequacy ratio"", ""CET1 ratio""]","[{""entity"": ""Indian Overseas Bank"", ""matched_node_name"": ""Indian Overseas Bank"", ""matched_id"": ""2b8b013a-9aa7-4830-8cc2-5abb48bf8021"", ""matched_type"": ""COMPANY"", ""similarity"": 1.0, ""source"": ""gazetteer""}, {""entity"": ""capital adequacy ratio"", ""matched_node_name"": ""capital adequacy ratio"", ""matched_id"": ""e2c8bdab-25f2-49d9-b3b9-f24b21583fe2"", ""matched_type"": ""METRIC"", ""similarity"": 1.0, ""source"": ""gazetteer""}, {""entity"": ""CET1 ratio"", ""matched_node_name"": ""CET1 percentage"", ""matched_id"": ""c5469579-75e6-4c83-b0f9-c16c1485a02f"", ""matched_type"": ""METRIC"", ""similarity"": 0.99, ""source"": ""alias""}]","What is <COMPANY>'s <METRIC> (CRAR), and its <METRIC> if disclosed?","{""nn1"": ""COMPANY"", ""target_ids"": [""e2c8bdab-25f2-49d9-b3b9-f24b21583fe2"", ""c5469579-75e6-4c83-b0f9-c16c1485a02f""], ""prop1_list"": [""HAS_METRIC"", ""MetricObservation"", ""HAS_WEAKNESS"", ""HAS_RISK_DRIVER"", ""HAS_STRENGTH"", ""HAS_GROWTH_DRIVER"", ""HAS_OPPORTUNITY"", ""HAS_MARGIN_DRIVER"", ""HAS_ROE_DRIVER"", ""HAS_VALUATION_DRIVER"", ""METRIC_OBSERVATION""], ""nnp1"": ""2b8b013a-9aa7-4830-8cc2-5abb48bf8021""}","{""nnp1"": ""2b8b013a-9aa7-4830-8cc2-5abb48bf8021"", ""nnp2"": ""e2c8bdab-25f2-49d9-b3b9-f24b21583fe2"", ""nnp3"": null, ""prop1"": ""HAS_STRENGTH"", ""nn1"": ""COMPANY"", ""nn2"": ""METRIC"", ""threshold"": null, ""target_ids"": [""e2c8bdab-25f2-49d9-b3b9-f24b21583fe2"", ""c5469579-75e6-4c83-b0f9-c16c1485a02f""], ""prop1_list"": [""HAS_METRIC"", ""MetricObservation"", ""HAS_WEAKNESS"", ""HAS_RISK_DRIVER"", ""HAS_STRENGTH"", ""HAS_GROWTH_DRIVER"", ""HAS_OPPORTUNITY"", ""HAS_MARGIN_DRIVER"", ""HAS_ROE_DRIVER"", ""HAS_VALUATION_DRIVER"", ""METRIC_OBSERVATION""], ""metric_name"": null, ""topic_name1"": ""Indian Overseas Bank"", ""topic_name2"": ""capital adequacy ratio"", ""segment_ids"": []}",primary,22,"Template: simple_triplet (F_Simple)
Query intent: Simple question: subject linked to objects via a predicate.

Row 1: Indian Overseas Bank reported a capital adequacy ratio of 19.36% in Q1 FY27. (as of 2026-06-30)
Row 2: Indian Overseas Bank's Q1 FY27 cost-to-income rose from 44.22% to 53.95% year-on-year. (as of 2026-06-30)
Row 3: Indian Overseas Bank's Q1 FY27 gross NPA improved to 1.33% from 1.97% a year earlier. (as of 2026-06-30)
Row 4: Indian Overseas Bank's Q1 FY27 net NPA stood at 0.18%. (as of 2026-06-30)
Row 5: Indian Overseas Bank's Q1 FY27 provision coverage was 97.67%. (as of 2026-06-30)
Row 6: Indian Overseas Bank reported global advances of 3.22 trillion rupees, up 22.75% year-on-year in Q1 FY27. (as of 2026-06-30)
Row 7: Indian Overseas Bank reported a 49.32% rise in net profit to 1,659 crore rupees in Q1 FY27. (as of 2026-06-30)
Row 8: Indian Overseas Bank demonstrated high-confidence strength in its asset quality in Q1 FY27. (as of 2026-06-30)
Row 9: Indian Overseas Bank's Q1 FY27 deposit growth was 13.72% year-on-year. (as of 2026-06-30)
Row 10: Indian Overseas Bank's Q1 FY27 credit-deposit ratio rose 630 basis points to 85.63%. (as of 2026-06-30)
Row 11: Indian Overseas Bank's Q1 FY27 global margin stood at 3.37%. (as of 2026-06-30)
Row 12: Indian Overseas Bank showed a corresponding weakness in Q1 FY27 through a sharp rise in cost-to-income. (as of 2026-06-30)
Row 13: Indian Overseas Bank noted a CASA decline as a weakness in its Q1 FY27 performance. (as of 2026-06-30)
Row 14: Indian Overseas Bank's growth is expected to come from strong credit growth.
Row 15: Indian Overseas Bank's growth is expected to be driven by its rising credit-deposit ratio.
Row 16: Indian Overseas Bank's margin is expected to benefit from domestic net-interest-margin improvement.
Row 17: Indian Overseas Bank's return on equity is expected to be driven by its profit turnaround following an asset-quality cleanup.
Row 18: [Indian Overseas Bank] The key risk driver for Indian Overseas Bank is the combination of rising cost-to-income and declining CASA pressuring efficiency.
Row 19: [Indian Overseas Bank] A valuation-relevant fact for Indian Overseas Bank is the pace and pricing of any further government stake dilution.
Row 20: Indian Overseas Bank's Q1 FY27 global CASA ratio fell to 41.05% from 43.78% a year earlier. (as of 2026-06-30)
Row 21: Indian Overseas Bank's Q1 FY27 net interest income rose 34.30% to 3,688 crore rupees. (as of 2026-06-30)
Row 22: Indian Overseas Bank's Q1 FY27 domestic net interest margin stood at 3.48%. (as of 2026-06-30)","Indian Overseas Bank reported a capital adequacy ratio (CRAR) of 19.36% in Q1 FY27. However, the retrieved facts do not disclose its CET1 ratio.",Relevant,The assistant summary correctly reports the capital adequacy ratio (CRAR) of 19.36% as stated in the reference answer and appropriately notes the lack of disclosure regarding the CET1 ratio.,
What are Indian Overseas Bank's return on assets (ROA) and return on equity (ROE) for the latest quarter?,"Net profit rose 49.32% year-on-year to ₹1,659 crore (standalone ROA/ROE not stated).",F_Simple,F_Simple,0.5859677884172529,simple_triplet,True,"[""Indian Overseas Bank"", ""return on assets"", ""return on equity""]","[{""entity"": ""Indian Overseas Bank"", ""matched_node_name"": ""Indian Overseas Bank"", ""matched_id"": ""2b8b013a-9aa7-4830-8cc2-5abb48bf8021"", ""matched_type"": ""COMPANY"", ""similarity"": 1.0, ""source"": ""gazetteer""}, {""entity"": ""return on assets"", ""matched_node_name"": ""return on assets"", ""matched_id"": ""9fe9c63b-26ba-4633-b3f0-2f73fa5b6d37"", ""matched_type"": ""METRIC"", ""similarity"": 1.0, ""source"": ""gazetteer""}, {""entity"": ""return on equity"", ""matched_node_name"": ""return on equity"", ""matched_id"": ""14e844eb-fd2b-4028-9460-92f4196b984a"", ""matched_type"": ""METRIC"", ""similarity"": 1.0, ""source"": ""gazetteer""}]",What are <COMPANY>'s <METRIC> (ROA) and <METRIC> (ROE) for the latest quarter?,"{""nn1"": ""COMPANY"", ""target_ids"": [""9fe9c63b-26ba-4633-b3f0-2f73fa5b6d37"", ""14e844eb-fd2b-4028-9460-92f4196b984a""], ""prop1_list"": [""HAS_METRIC"", ""MetricObservation"", ""HAS_WEAKNESS"", ""HAS_RISK_DRIVER"", ""HAS_STRENGTH"", ""HAS_GROWTH_DRIVER"", ""HAS_OPPORTUNITY"", ""HAS_MARGIN_DRIVER"", ""HAS_ROE_DRIVER"", ""HAS_VALUATION_DRIVER"", ""METRIC_OBSERVATION""], ""nnp1"": ""2b8b013a-9aa7-4830-8cc2-5abb48bf8021""}","{""nnp1"": ""2b8b013a-9aa7-4830-8cc2-5abb48bf8021"", ""nnp2"": ""9fe9c63b-26ba-4633-b3f0-2f73fa5b6d37"", ""nnp3"": null, ""prop1"": ""HAS_STRENGTH"", ""nn1"": ""COMPANY"", ""nn2"": ""METRIC"", ""threshold"": null, ""target_ids"": [""9fe9c63b-26ba-4633-b3f0-2f73fa5b6d37"", ""14e844eb-fd2b-4028-9460-92f4196b984a""], ""prop1_list"": [""HAS_METRIC"", ""MetricObservation"", ""HAS_WEAKNESS"", ""HAS_RISK_DRIVER"", ""HAS_STRENGTH"", ""HAS_GROWTH_DRIVER"", ""HAS_OPPORTUNITY"", ""HAS_MARGIN_DRIVER"", ""HAS_ROE_DRIVER"", ""HAS_VALUATION_DRIVER"", ""METRIC_OBSERVATION""], ""metric_name"": null, ""topic_name1"": ""Indian Overseas Bank"", ""topic_name2"": ""return on assets"", ""segment_ids"": []}",relaxed_direction,22,"Template: simple_triplet (F_Simple)
Query intent: Simple question: subject linked to objects via a predicate.

Row 1: Indian Overseas Bank's Q1 FY27 cost-to-income rose from 44.22% to 53.95% year-on-year. (as of 2026-06-30)
Row 2: Indian Overseas Bank's Q1 FY27 gross NPA improved to 1.33% from 1.97% a year earlier. (as of 2026-06-30)
Row 3: Indian Overseas Bank's Q1 FY27 net NPA stood at 0.18%. (as of 2026-06-30)
Row 4: Indian Overseas Bank's Q1 FY27 provision coverage was 97.67%. (as of 2026-06-30)
Row 5: Indian Overseas Bank reported a capital adequacy ratio of 19.36% in Q1 FY27. (as of 2026-06-30)
Row 6: Indian Overseas Bank reported global advances of 3.22 trillion rupees, up 22.75% year-on-year in Q1 FY27. (as of 2026-06-30)
Row 7: Indian Overseas Bank reported a 49.32% rise in net profit to 1,659 crore rupees in Q1 FY27. (as of 2026-06-30)
Row 8: Indian Overseas Bank demonstrated high-confidence strength in its asset quality in Q1 FY27. (as of 2026-06-30)
Row 9: Indian Overseas Bank's Q1 FY27 deposit growth was 13.72% year-on-year. (as of 2026-06-30)
Row 10: Indian Overseas Bank's Q1 FY27 credit-deposit ratio rose 630 basis points to 85.63%. (as of 2026-06-30)
Row 11: Indian Overseas Bank's Q1 FY27 global margin stood at 3.37%. (as of 2026-06-30)
Row 12: Indian Overseas Bank showed a corresponding weakness in Q1 FY27 through a sharp rise in cost-to-income. (as of 2026-06-30)
Row 13: Indian Overseas Bank noted a CASA decline as a weakness in its Q1 FY27 performance. (as of 2026-06-30)
Row 14: Indian Overseas Bank's growth is expected to come from strong credit growth.
Row 15: Indian Overseas Bank's growth is expected to be driven by its rising credit-deposit ratio.
Row 16: Indian Overseas Bank's margin is expected to benefit from domestic net-interest-margin improvement.
Row 17: Indian Overseas Bank's return on equity is expected to be driven by its profit turnaround following an asset-quality cleanup.
Row 18: [Indian Overseas Bank] The key risk driver for Indian Overseas Bank is the combination of rising cost-to-income and declining CASA pressuring efficiency.
Row 19: [Indian Overseas Bank] A valuation-relevant fact for Indian Overseas Bank is the pace and pricing of any further government stake dilution.
Row 20: Indian Overseas Bank's Q1 FY27 global CASA ratio fell to 41.05% from 43.78% a year earlier. (as of 2026-06-30)
Row 21: Indian Overseas Bank's Q1 FY27 net interest income rose 34.30% to 3,688 crore rupees. (as of 2026-06-30)
Row 22: Indian Overseas Bank's Q1 FY27 domestic net interest margin stood at 3.48%. (as of 2026-06-30)",The retrieved facts do not cover Indian Overseas Bank's return on assets (ROA) or return on equity (ROE) for the latest quarter.,Relevant,The assistant summary correctly agrees with the reference answer that the standalone ROA and ROE were not stated in the source document.,
What was Indian Overseas Bank's total advances (loan book) and deposit growth in the latest quarter?,"Global advances reached ₹3.22 trillion, up 22.75% year-on-year; deposit growth 13.72% year-on-year.",F_Simple,F_Simple,0.5741154930246071,simple_triplet,True,"[""Indian Overseas Bank"", ""total advances"", ""loan"", ""deposit growth""]","[{""entity"": ""Indian Overseas Bank"", ""matched_node_name"": ""Indian Overseas Bank"", ""matched_id"": ""2b8b013a-9aa7-4830-8cc2-5abb48bf8021"", ""matched_type"": ""COMPANY"", ""similarity"": 1.0, ""source"": ""gazetteer""}, {""entity"": ""total advances"", ""matched_node_name"": ""Total advances"", ""matched_id"": ""a1b36a29-fc07-41cc-b3a3-010e50f98882"", ""matched_type"": ""ASSETCLASS"", ""similarity"": 1.0, ""source"": ""gazetteer""}, {""entity"": ""loan"", ""matched_node_name"": ""loan"", ""matched_id"": ""13c28420-d40d-41d9-9101-1e3596e3c2ba"", ""matched_type"": ""PRODUCT"", ""similarity"": 1.0, ""source"": ""gazetteer""}, {""entity"": ""deposit growth"", ""matched_node_name"": ""Deposit growth"", ""matched_id"": ""7a5ad916-7608-42a4-b7b8-cef3032e3b45"", ""matched_type"": ""METRIC"", ""similarity"": 1.0, ""source"": ""gazetteer""}]",What was <COMPANY>'s <ASSETCLASS> (<PRODUCT> book) and <METRIC> in the latest quarter?,"{""nn1"": ""COMPANY"", ""target_ids"": [""a1b36a29-fc07-41cc-b3a3-010e50f98882"", ""13c28420-d40d-41d9-9101-1e3596e3c2ba"", ""7a5ad916-7608-42a4-b7b8-cef3032e3b45""], ""prop1_list"": [""HAS_METRIC"", ""MetricObservation"", ""ExposureRelation"", ""FUNDED_BY"", ""HAS_WEAKNESS"", ""HAS_RISK_DRIVER"", ""HAS_LOAN_EXPOSURE_TO"", ""HAS_STRENGTH"", ""HAS_GROWTH_DRIVER"", ""HAS_OPPORTUNITY"", ""HAS_MARGIN_DRIVER"", ""HAS_ROE_DRIVER"", ""HAS_VALUATION_DRIVER"", ""HAS_ASSET_EXPOSURE_TO"", ""METRIC_OBSERVATION"", ""EXPOSURE_RELATION""], ""nnp1"": ""2b8b013a-9aa7-4830-8cc2-5abb48bf8021""}","{""nnp1"": ""2b8b013a-9aa7-4830-8cc2-5abb48bf8021"", ""nnp2"": ""13c28420-d40d-41d9-9101-1e3596e3c2ba"", ""nnp3"": null, ""prop1"": ""HAS_STRENGTH"", ""nn1"": ""COMPANY"", ""nn2"": ""PRODUCT"", ""threshold"": null, ""target_ids"": [""a1b36a29-fc07-41cc-b3a3-010e50f98882"", ""13c28420-d40d-41d9-9101-1e3596e3c2ba"", ""7a5ad916-7608-42a4-b7b8-cef3032e3b45""], ""prop1_list"": [""HAS_METRIC"", ""MetricObservation"", ""ExposureRelation"", ""FUNDED_BY"", ""HAS_WEAKNESS"", ""HAS_RISK_DRIVER"", ""HAS_LOAN_EXPOSURE_TO"", ""HAS_STRENGTH"", ""HAS_GROWTH_DRIVER"", ""HAS_OPPORTUNITY"", ""HAS_MARGIN_DRIVER"", ""HAS_ROE_DRIVER"", ""HAS_VALUATION_DRIVER"", ""HAS_ASSET_EXPOSURE_TO"", ""METRIC_OBSERVATION"", ""EXPOSURE_RELATION""], ""metric_name"": null, ""topic_name1"": ""Indian Overseas Bank"", ""topic_name2"": ""loan"", ""segment_ids"": []}",primary,26,"Template: simple_triplet (F_Simple)
Query intent: Simple question: subject linked to objects via a predicate.

Row 1: Indian Overseas Bank's Q1 FY27 deposit growth was 13.72% year-on-year. (as of 2026-06-30)
Row 2: Indian Overseas Bank faces regulatory risk tied to the ongoing government stake-sale process.
Row 3: Indian Overseas Bank's Q1 FY27 cost-to-income rose from 44.22% to 53.95% year-on-year. (as of 2026-06-30)
Row 4: Indian Overseas Bank's Q1 FY27 gross NPA improved to 1.33% from 1.97% a year earlier. (as of 2026-06-30)
Row 5: Indian Overseas Bank's Q1 FY27 net NPA stood at 0.18%. (as of 2026-06-30)
Row 6: Indian Overseas Bank's Q1 FY27 provision coverage was 97.67%. (as of 2026-06-30)
Row 7: Indian Overseas Bank reported a capital adequacy ratio of 19.36% in Q1 FY27. (as of 2026-06-30)
Row 8: Indian Overseas Bank reported global advances of 3.22 trillion rupees, up 22.75% year-on-year in Q1 FY27. (as of 2026-06-30)
Row 9: Indian Overseas Bank faces funding risk due to CASA erosion.
Row 10: Indian Overseas Bank reported a 49.32% rise in net profit to 1,659 crore rupees in Q1 FY27. (as of 2026-06-30)
Row 11: Indian Overseas Bank demonstrated high-confidence strength in its asset quality in Q1 FY27. (as of 2026-06-30)
Row 12: Indian Overseas Bank's Q1 FY27 credit-deposit ratio rose 630 basis points to 85.63%. (as of 2026-06-30)
Row 13: Indian Overseas Bank's Q1 FY27 global margin stood at 3.37%. (as of 2026-06-30)
Row 14: Indian Overseas Bank showed a corresponding weakness in Q1 FY27 through a sharp rise in cost-to-income. (as of 2026-06-30)
Row 15: Indian Overseas Bank noted a CASA decline as a weakness in its Q1 FY27 performance. (as of 2026-06-30)
Row 16: Indian Overseas Bank is exposed to liquidity risk stemming from its rising credit-deposit ratio.
Row 17: Indian Overseas Bank is exposed to operational and cost risk due to the jump in its cost-to-income ratio.
Row 18: Indian Overseas Bank's growth is expected to come from strong credit growth.
Row 19: Indian Overseas Bank's growth is expected to be driven by its rising credit-deposit ratio.
Row 20: Indian Overseas Bank's margin is expected to benefit from domestic net-interest-margin improvement.
Row 21: Indian Overseas Bank's return on equity is expected to be driven by its profit turnaround following an asset-quality cleanup.
Row 22: [Indian Overseas Bank] The key risk driver for Indian Overseas Bank is the combination of rising cost-to-income and declining CASA pressuring efficiency.
Row 23: [Indian Overseas Bank] A valuation-relevant fact for Indian Overseas Bank is the pace and pricing of any further government stake dilution.
Row 24: Indian Overseas Bank's Q1 FY27 global CASA ratio fell to 41.05% from 43.78% a year earlier. (as of 2026-06-30)
Row 25: Indian Overseas Bank's Q1 FY27 net interest income rose 34.30% to 3,688 crore rupees. (as of 2026-06-30)
Row 26: Indian Overseas Bank's Q1 FY27 domestic net interest margin stood at 3.48%. (as of 2026-06-30)","Indian Overseas Bank reported global advances of 3.22 trillion rupees, representing a 22.75% year-on-year growth in the latest quarter (Q1 FY27). Additionally, the bank recorded a deposit growth of 13.72% year-on-year for the same period.",Relevant,The assistant summary accurately captures both the global advances figure of 3.22 trillion rupees with 22.75% year-on-year growth and the deposit growth rate of 13.72% year-on-year from the reference answer.,
"What credit ratings has Indian Overseas Bank received, and from which rating agencies?",ICRA assigned/reaffirmed an AA Stable rating on the bank's Basel III Tier II bonds.,F_Simple,F_Simple,0.5229460713108118,simple_triplet,True,"[""Indian Overseas Bank""]","[{""entity"": ""Indian Overseas Bank"", ""matched_node_name"": ""Indian Overseas Bank"", ""matched_id"": ""2b8b013a-9aa7-4830-8cc2-5abb48bf8021"", ""matched_type"": ""COMPANY"", ""similarity"": 1.0, ""source"": ""gazetteer""}]","What credit ratings has <COMPANY> received, and from which rating agencies?","{""nn1"": ""COMPANY"", ""target_ids"": [], ""prop1_list"": [""HAS_RATING"", ""RATED_BY""], ""nnp1"": ""2b8b013a-9aa7-4830-8cc2-5abb48bf8021""}","{""nnp1"": ""2b8b013a-9aa7-4830-8cc2-5abb48bf8021"", ""nnp2"": null, ""nnp3"": null, ""prop1"": ""HAS_RATING"", ""nn1"": ""COMPANY"", ""nn2"": null, ""threshold"": null, ""target_ids"": [], ""prop1_list"": [""HAS_RATING"", ""RATED_BY""], ""metric_name"": null, ""topic_name1"": ""Indian Overseas Bank"", ""topic_name2"": null, ""segment_ids"": []}",primary,2,"Template: simple_triplet (F_Simple)
Query intent: Simple question: subject linked to objects via a predicate.

Row 1: Indian Overseas Bank's Basel III Tier II bonds have received an AA Stable rating.
Row 2: Indian Overseas Bank's Basel III Tier II bonds are rated by ICRA.",Indian Overseas Bank has received an AA Stable credit rating for its Basel III Tier II bonds from the rating agency ICRA.,Relevant,"The assistant summary successfully conveys all material facts from the reference answer, correctly identifying the rating agency ICRA, the AA Stable rating, and the specific instrument (Basel III Tier II bonds) without any contradiction.",
"Roughly how many branches and ATMs does Indian Overseas Bank operate, and as of what date?","Most recently verified counts — 3,236 branches, 3,506 ATMs, 6,379 banking correspondents — date to March 2024, plus representative offices in Guangzhou, Kuala Lumpur and Dubai and a 35% stake in a Malaysian joint-venture bank, India International Bank (Malaysia).",F_QuantCount,F_QuantCount,0.5019551925676716,quant_count,True,"[""branches"", ""ATMs"", ""Indian Overseas Bank""]","[{""entity"": ""branches"", ""matched_node_name"": ""branches"", ""matched_id"": ""825450c5-3a89-46a1-bf6f-9b5e414de076"", ""matched_type"": ""DISTRIBUTIONCHANNEL"", ""similarity"": 1.0, ""source"": ""gazetteer""}, {""entity"": ""ATMs"", ""matched_node_name"": ""ATMs"", ""matched_id"": ""4211be7c-a18e-4211-bd8a-4534d423385e"", ""matched_type"": ""DISTRIBUTIONCHANNEL"", ""similarity"": 1.0, ""source"": ""gazetteer""}, {""entity"": ""Indian Overseas Bank"", ""matched_node_name"": ""Indian Overseas Bank"", ""matched_id"": ""2b8b013a-9aa7-4830-8cc2-5abb48bf8021"", ""matched_type"": ""COMPANY"", ""similarity"": 1.0, ""source"": ""gazetteer""}]","Roughly how many <DISTRIBUTIONCHANNEL> and <DISTRIBUTIONCHANNEL> does <COMPANY> operate, and as of what date?","{""nn1"": ""COMPANY"", ""prop1_list"": [""USES_CHANNEL"", ""DEPENDS_ON""], ""nnp1"": ""2b8b013a-9aa7-4830-8cc2-5abb48bf8021"", ""nn2"": ""DISTRIBUTIONCHANNEL""}","{""nnp1"": ""2b8b013a-9aa7-4830-8cc2-5abb48bf8021"", ""nnp2"": ""825450c5-3a89-46a1-bf6f-9b5e414de076"", ""nnp3"": null, ""prop1"": ""USES_CHANNEL"", ""nn1"": ""COMPANY"", ""nn2"": ""DISTRIBUTIONCHANNEL"", ""threshold"": null, ""target_ids"": [""825450c5-3a89-46a1-bf6f-9b5e414de076"", ""4211be7c-a18e-4211-bd8a-4534d423385e""], ""prop1_list"": [""USES_CHANNEL"", ""DEPENDS_ON""], ""metric_name"": null, ""topic_name1"": ""Indian Overseas Bank"", ""topic_name2"": ""branches"", ""segment_ids"": []}",primary,1,"Template: quant_count (F_QuantCount)
Query intent: Count related objects for a subject entity.

Row 1: subject_name=Indian Overseas Bank | object_count=6 (6 facts)
  - Indian Overseas Bank operates an offshore banking unit.
  - Indian Overseas Bank uses its overseas offices to serve the Tamil diaspora.
  - Indian Overseas Bank utilizes 6,379 banking correspondents. (as of 2024-03-01)
  - Indian Overseas Bank maintains representative offices internationally.
  - Indian Overseas Bank maintains a network of 3,236 bank branches. (as of 2024-03-01)
  - Indian Overseas Bank operates 3,506 ATMs. (as of 2024-03-01)","Indian Overseas Bank operates a network of 3,236 bank branches and 3,506 ATMs, as of March 1, 2024.",Relevant,"The assistant summary correctly captures the exact number of branches (3,236) and ATMs (3,506) as well as the date (March 2024) from the reference answer.",
"What products and services does Indian Overseas Bank offer, and which customer segments does it serve?","Standard product suite, trade finance, forex, treasury and cash management including an offshore banking unit in Colombo, serving retail, MSME, agricultural, corporate and NRI customers including the Tamil diaspora.",F_Simple,F_Simple,0.5902610031105305,simple_triplet,True,"[""Indian Overseas Bank""]","[{""entity"": ""Indian Overseas Bank"", ""matched_node_name"": ""Indian Overseas Bank"", ""matched_id"": ""2b8b013a-9aa7-4830-8cc2-5abb48bf8021"", ""matched_type"": ""COMPANY"", ""similarity"": 1.0, ""source"": ""gazetteer""}]","What products and services does <COMPANY> offer, and which customer segments does it serve?","{""nn1"": ""COMPANY"", ""target_ids"": [], ""prop1_list"": [""ExposureRelation"", ""OFFERS_PRODUCT"", ""PROVIDES_SERVICE"", ""SERVES"", ""TARGETS"", ""HAS_ASSET_EXPOSURE_TO"", ""EXPOSURE_RELATION""], ""nnp1"": ""2b8b013a-9aa7-4830-8cc2-5abb48bf8021""}","{""nnp1"": ""2b8b013a-9aa7-4830-8cc2-5abb48bf8021"", ""nnp2"": null, ""nnp3"": null, ""prop1"": ""SERVES"", ""nn1"": ""COMPANY"", ""nn2"": null, ""threshold"": null, ""target_ids"": [], ""prop1_list"": [""ExposureRelation"", ""OFFERS_PRODUCT"", ""PROVIDES_SERVICE"", ""SERVES"", ""TARGETS"", ""HAS_ASSET_EXPOSURE_TO"", ""EXPOSURE_RELATION""], ""metric_name"": null, ""topic_name1"": ""Indian Overseas Bank"", ""topic_name2"": null, ""segment_ids"": []}",primary,14,"Template: simple_triplet (F_Simple)
Query intent: Simple question: subject linked to objects via a predicate.

Row 1: Indian Overseas Bank serves corporate customers.
Row 2: Indian Overseas Bank serves MSME customers.
Row 3: Indian Overseas Bank serves NRI customers.
Row 4: Indian Overseas Bank serves the Tamil diaspora through its overseas offices.
Row 5: Indian Overseas Bank serves agricultural customers.
Row 6: Indian Overseas Bank provides cash-management services.
Row 7: Indian Overseas Bank provides forex services.
Row 8: Indian Overseas Bank faces funding risk due to CASA erosion.
Row 9: Indian Overseas Bank is exposed to liquidity risk stemming from its rising credit-deposit ratio.
Row 10: Indian Overseas Bank is exposed to operational and cost risk due to the jump in its cost-to-income ratio.
Row 11: Indian Overseas Bank faces regulatory risk tied to the ongoing government stake-sale process.
Row 12: Indian Overseas Bank serves retail customers.
Row 13: Indian Overseas Bank provides trade finance services.
Row 14: Indian Overseas Bank provides treasury services.","Indian Overseas Bank offers cash-management, forex, trade finance, and treasury services. It serves several customer segments, including corporate, MSME, NRI, agricultural, and retail customers, as well as the Tamil diaspora through its overseas offices.",Relevant,"The assistant summary accurately captures all products, services, and customer segments mentioned in the reference answer, including trade finance, forex, treasury, cash management, and all specified customer groups.",
What is UCO Bank's ticker symbol and on which exchange(s) does it trade?,"UCOBANK, listed on both the NSE and the BSE.",F_Simple,F_Simple,0.5272617020235415,simple_triplet,True,"[""UCO Bank""]","[{""entity"": ""UCO Bank"", ""matched_node_name"": ""UCO Bank"", ""matched_id"": ""71dab709-a38c-4262-8315-f1885f259032"", ""matched_type"": ""COMPANY"", ""similarity"": 1.0, ""source"": ""gazetteer""}]",What is <COMPANY>'s ticker symbol and on which exchange(s) does it trade?,"{""nnp1"": ""71dab709-a38c-4262-8315-f1885f259032""}","{""nnp1"": ""71dab709-a38c-4262-8315-f1885f259032"", ""nnp2"": null, ""nnp3"": null, ""prop1"": null, ""nn1"": ""COMPANY"", ""nn2"": null, ""threshold"": null, ""target_ids"": [], ""prop1_list"": [], ""metric_name"": null, ""topic_name1"": ""UCO Bank"", ""topic_name2"": null, ""segment_ids"": []}",attribute_lookup_direct,7,"Template: simple_triplet (F_Simple)
Query intent: Simple question: subject linked to objects via a predicate.

Row 1: UCO Bank's banking_segment is Public Sector Bank
Row 2: UCO Bank's country is India
Row 3: UCO Bank's description is UCO Bank, headquartered in Kolkata, West Bengal and founded on 6 January 1943, is a Government of India-owned universal bank with a historically strong presence in East and Northeast India.
Row 4: UCO Bank's exchange is NSE, BSE
Row 5: UCO Bank's legal_name is UCO Bank
Row 6: UCO Bank's listed is True
Row 7: UCO Bank's ticker is UCOBANK","UCO Bank's ticker symbol is UCOBANK, and it trades on the NSE and BSE stock exchanges.",Relevant,The assistant summary accurately captures both the ticker symbol UCOBANK and the exchanges NSE and BSE as stated in the reference answer.,
"Who is the current MD & CEO (or Chairman, where that is the top executive title) of UCO Bank?","Wikipedia names Ashwani Kumar as MD & CEO, but coverage suggests he demitted office on completing his tenure, so the current incumbent could not be reliably confirmed; Aravamudan Krishna Kumar is reported as non-executive chairman (moderate confidence).",F_Simple,F_Simple,0.5283378025783668,simple_triplet,True,"[""UCO Bank""]","[{""entity"": ""UCO Bank"", ""matched_node_name"": ""UCO Bank"", ""matched_id"": ""71dab709-a38c-4262-8315-f1885f259032"", ""matched_type"": ""COMPANY"", ""similarity"": 1.0, ""source"": ""gazetteer""}]","Who is the current MD & CEO (or Chairman, where that is the top executive title) of <COMPANY>?","{""nn1"": ""COMPANY"", ""target_ids"": [], ""prop1_list"": [""GovernanceRole"", ""HOLDS_ROLE"", ""GOVERNANCE_ROLE""], ""nnp1"": ""71dab709-a38c-4262-8315-f1885f259032""}","{""nnp1"": ""71dab709-a38c-4262-8315-f1885f259032"", ""nnp2"": null, ""nnp3"": null, ""prop1"": ""GovernanceRole"", ""nn1"": ""COMPANY"", ""nn2"": null, ""threshold"": null, ""target_ids"": [], ""prop1_list"": [""GovernanceRole"", ""HOLDS_ROLE"", ""GOVERNANCE_ROLE""], ""metric_name"": null, ""topic_name1"": ""UCO Bank"", ""topic_name2"": null, ""segment_ids"": []}",primary,2,"Template: simple_triplet (F_Simple)
Query intent: Simple question: subject linked to objects via a predicate.

Row 1: [UCO Bank] Aravamudan Krishna Kumar is reported as the non-executive chairman of UCO Bank.
Row 2: [UCO Bank] Ashwani Kumar is named as the MD & CEO of UCO Bank.","Ashwani Kumar is named as the MD & CEO of UCO Bank, and Aravamudan Krishna Kumar is reported as the non-executive chairman.",Relevant,"The assistant summary successfully captures the core information from the reference answer by identifying Ashwani Kumar as MD & CEO and Aravamudan Krishna Kumar as non-executive chairman, noting the uncertainties around tenure completion as reflected in the source material.",
"What percentage of UCO Bank is held by its government promoter or largest shareholder, and as of what date?","Government ownership was 90.95% as of the December 2025 quarter, down from 95.39% a year earlier.",F_LogUnion,F_LogUnion,0.6214196189605303,logical_union,True,"[""UCO Bank""]","[{""entity"": ""UCO Bank"", ""matched_node_name"": ""UCO Bank"", ""matched_id"": ""71dab709-a38c-4262-8315-f1885f259032"", ""matched_type"": ""COMPANY"", ""similarity"": 1.0, ""source"": ""gazetteer""}]","What percentage of <COMPANY> is held by its government promoter or largest shareholder, and as of what date?","{""nn1"": ""COMPANY"", ""nnp1"": ""71dab709-a38c-4262-8315-f1885f259032"", ""prop1_list"": [""OWNS"", ""REGULATED_BY"", ""OwnershipStake"", ""HELD_BY"", ""OWNS_STAKE_IN"", ""CorporateStructureRelation"", ""OWNERSHIP_STAKE"", ""CORPORATE_STRUCTURE_RELATION""], ""target_ids"": [], ""nnp2"": null}","{""nnp1"": ""71dab709-a38c-4262-8315-f1885f259032"", ""nnp2"": null, ""nnp3"": null, ""prop1"": ""CorporateStructureRelation"", ""nn1"": ""COMPANY"", ""nn2"": null, ""threshold"": null, ""target_ids"": [], ""prop1_list"": [""OWNS"", ""REGULATED_BY"", ""OwnershipStake"", ""HELD_BY"", ""OWNS_STAKE_IN"", ""CorporateStructureRelation"", ""OWNERSHIP_STAKE"", ""CORPORATE_STRUCTURE_RELATION""], ""metric_name"": null, ""topic_name1"": ""UCO Bank"", ""topic_name2"": null, ""segment_ids"": []}",primary,4,"Template: logical_union (F_LogUnion)
Query intent: Union of two relationship patterns from the same subject.

Row 1: UCO Bank is regulated by the RBI.
Row 2: UCO Bank is regulated by SEBI.
Row 3: [UCO Bank] The Government of India held a 90.95% ownership stake in UCO Bank as of the December 2025 quarter. (as of 2025-12-01)
Row 4: [UCO Bank] LIC held a 2.31% stake in UCO Bank as of the December 2025 quarter. (as of 2025-12-01)",The Government of India held a 90.95% ownership stake in UCO Bank as of the December 2025 quarter.,Relevant,"The assistant summary correctly captures the government ownership percentage of 90.95% and the date as the December 2025 quarter, matching the reference answer.",
What is UCO Bank's net interest margin (NIM) for the latest reported period?,Around 3%.,F_Simple,F_Simple,0.41326111719969927,simple_triplet,True,"[""UCO Bank"", ""net interest margin""]","[{""entity"": ""UCO Bank"", ""matched_node_name"": ""UCO Bank"", ""matched_id"": ""71dab709-a38c-4262-8315-f1885f259032"", ""matched_type"": ""COMPANY"", ""similarity"": 1.0, ""source"": ""gazetteer""}, {""entity"": ""net interest margin"", ""matched_node_name"": ""net interest margin"", ""matched_id"": ""d5aaa814-57dd-46cd-b801-d73c80a43d6c"", ""matched_type"": ""METRIC"", ""similarity"": 1.0, ""source"": ""gazetteer""}]",What is <COMPANY>'s <METRIC> (NIM) for the latest reported period?,"{""nn1"": ""COMPANY"", ""target_ids"": [""d5aaa814-57dd-46cd-b801-d73c80a43d6c""], ""prop1_list"": [""HAS_METRIC"", ""MetricObservation"", ""HAS_WEAKNESS"", ""HAS_RISK_DRIVER"", ""HAS_STRENGTH"", ""HAS_GROWTH_DRIVER"", ""HAS_OPPORTUNITY"", ""HAS_MARGIN_DRIVER"", ""HAS_ROE_DRIVER"", ""HAS_VALUATION_DRIVER"", ""METRIC_OBSERVATION""], ""nnp1"": ""71dab709-a38c-4262-8315-f1885f259032""}","{""nnp1"": ""71dab709-a38c-4262-8315-f1885f259032"", ""nnp2"": ""d5aaa814-57dd-46cd-b801-d73c80a43d6c"", ""nnp3"": null, ""prop1"": ""HAS_STRENGTH"", ""nn1"": ""COMPANY"", ""nn2"": ""METRIC"", ""threshold"": null, ""target_ids"": [""d5aaa814-57dd-46cd-b801-d73c80a43d6c""], ""prop1_list"": [""HAS_METRIC"", ""MetricObservation"", ""HAS_WEAKNESS"", ""HAS_RISK_DRIVER"", ""HAS_STRENGTH"", ""HAS_GROWTH_DRIVER"", ""HAS_OPPORTUNITY"", ""HAS_MARGIN_DRIVER"", ""HAS_ROE_DRIVER"", ""HAS_VALUATION_DRIVER"", ""METRIC_OBSERVATION""], ""metric_name"": null, ""topic_name1"": ""UCO Bank"", ""topic_name2"": ""net interest margin"", ""segment_ids"": []}",primary,12,"Template: simple_triplet (F_Simple)
Query intent: Simple question: subject linked to objects via a predicate.

Row 1: UCO Bank's net interest margin was around 3%.
Row 2: UCO Bank's financial performance includes the return on equity metric.
Row 3: UCO Bank reported a capital ratio of 17.12% for FY26.
Row 4: UCO Bank reported that its Total advances were up 21.33% year-on-year as of 30 June 2026.
Row 5: UCO Bank recorded a Net profit of ₹656 crore for the quarter.
Row 6: UCO Bank's growth is expected to come from strong credit growth.
Row 7: UCO Bank's total business crossed ₹6 lakh crore.
Row 8: UCO Bank's operating profit increased by a striking 80%.
Row 9: UCO Bank's clearest strength is its growth and profitability momentum.
Row 10: UCO Bank's growth is expected to be driven by a digital-channel scale-up.
Row 11: UCO Bank's return on equity is driven by operating leverage.
Row 12: [UCO Bank] The key risk driver for UCO Bank is its reliance on external capital raises.",UCO Bank's net interest margin was around 3%.,Relevant,The assistant summary accurately conveys the net interest margin of around 3% as stated in the reference answer.,
"What is UCO Bank's capital adequacy ratio (CRAR), and its CET1 ratio if disclosed?","A capital ratio of 17.12% was separately cited for FY26 (medium confidence, secondary sourcing).",F_Simple,F_Simple,0.4585325082585684,simple_triplet,True,"[""UCO Bank"", ""capital adequacy ratio"", ""CET1 ratio""]","[{""entity"": ""UCO Bank"", ""matched_node_name"": ""UCO Bank"", ""matched_id"": ""71dab709-a38c-4262-8315-f1885f259032"", ""matched_type"": ""COMPANY"", ""similarity"": 1.0, ""source"": ""gazetteer""}, {""entity"": ""capital adequacy ratio"", ""matched_node_name"": ""capital adequacy ratio"", ""matched_id"": ""e2c8bdab-25f2-49d9-b3b9-f24b21583fe2"", ""matched_type"": ""METRIC"", ""similarity"": 1.0, ""source"": ""gazetteer""}, {""entity"": ""CET1 ratio"", ""matched_node_name"": ""CET1 percentage"", ""matched_id"": ""c5469579-75e6-4c83-b0f9-c16c1485a02f"", ""matched_type"": ""METRIC"", ""similarity"": 0.99, ""source"": ""alias""}]","What is <COMPANY>'s <METRIC> (CRAR), and its <METRIC> if disclosed?","{""nn1"": ""COMPANY"", ""target_ids"": [""e2c8bdab-25f2-49d9-b3b9-f24b21583fe2"", ""c5469579-75e6-4c83-b0f9-c16c1485a02f""], ""prop1_list"": [""HAS_METRIC"", ""MetricObservation"", ""HAS_WEAKNESS"", ""HAS_RISK_DRIVER"", ""HAS_STRENGTH"", ""HAS_GROWTH_DRIVER"", ""HAS_OPPORTUNITY"", ""HAS_MARGIN_DRIVER"", ""HAS_ROE_DRIVER"", ""HAS_VALUATION_DRIVER"", ""METRIC_OBSERVATION""], ""nnp1"": ""71dab709-a38c-4262-8315-f1885f259032""}","{""nnp1"": ""71dab709-a38c-4262-8315-f1885f259032"", ""nnp2"": ""e2c8bdab-25f2-49d9-b3b9-f24b21583fe2"", ""nnp3"": null, ""prop1"": ""HAS_STRENGTH"", ""nn1"": ""COMPANY"", ""nn2"": ""METRIC"", ""threshold"": null, ""target_ids"": [""e2c8bdab-25f2-49d9-b3b9-f24b21583fe2"", ""c5469579-75e6-4c83-b0f9-c16c1485a02f""], ""prop1_list"": [""HAS_METRIC"", ""MetricObservation"", ""HAS_WEAKNESS"", ""HAS_RISK_DRIVER"", ""HAS_STRENGTH"", ""HAS_GROWTH_DRIVER"", ""HAS_OPPORTUNITY"", ""HAS_MARGIN_DRIVER"", ""HAS_ROE_DRIVER"", ""HAS_VALUATION_DRIVER"", ""METRIC_OBSERVATION""], ""metric_name"": null, ""topic_name1"": ""UCO Bank"", ""topic_name2"": ""capital adequacy ratio"", ""segment_ids"": []}",primary,12,"Template: simple_triplet (F_Simple)
Query intent: Simple question: subject linked to objects via a predicate.

Row 1: UCO Bank reported a capital ratio of 17.12% for FY26.
Row 2: UCO Bank's financial performance includes the return on equity metric.
Row 3: UCO Bank's net interest margin was around 3%.
Row 4: UCO Bank reported that its Total advances were up 21.33% year-on-year as of 30 June 2026.
Row 5: UCO Bank recorded a Net profit of ₹656 crore for the quarter.
Row 6: UCO Bank's growth is expected to come from strong credit growth.
Row 7: UCO Bank's total business crossed ₹6 lakh crore.
Row 8: UCO Bank's operating profit increased by a striking 80%.
Row 9: UCO Bank's clearest strength is its growth and profitability momentum.
Row 10: UCO Bank's growth is expected to be driven by a digital-channel scale-up.
Row 11: UCO Bank's return on equity is driven by operating leverage.
Row 12: [UCO Bank] The key risk driver for UCO Bank is its reliance on external capital raises.",UCO Bank reported a capital adequacy ratio (CRAR) of 17.12% for FY26. The retrieved facts do not cover the CET1 ratio.,Relevant,"The assistant summary successfully conveys the capital adequacy ratio of 17.12% for FY26 as stated in the reference answer, and correctly notes that the CET1 ratio is not covered in the retrieved facts.",
What was UCO Bank's total advances (loan book) and deposit growth in the latest quarter?,Total advances up 21.33% year-on-year as of 30 June 2026; total business crossed ₹6 lakh crore.,F_Simple,F_Simple,0.5741154930246071,simple_triplet,True,"[""UCO Bank"", ""total advances"", ""loan"", ""deposit growth""]","[{""entity"": ""UCO Bank"", ""matched_node_name"": ""UCO Bank"", ""matched_id"": ""71dab709-a38c-4262-8315-f1885f259032"", ""matched_type"": ""COMPANY"", ""similarity"": 1.0, ""source"": ""gazetteer""}, {""entity"": ""total advances"", ""matched_node_name"": ""Total advances"", ""matched_id"": ""a1b36a29-fc07-41cc-b3a3-010e50f98882"", ""matched_type"": ""ASSETCLASS"", ""similarity"": 1.0, ""source"": ""gazetteer""}, {""entity"": ""loan"", ""matched_node_name"": ""loan"", ""matched_id"": ""13c28420-d40d-41d9-9101-1e3596e3c2ba"", ""matched_type"": ""PRODUCT"", ""similarity"": 1.0, ""source"": ""gazetteer""}, {""entity"": ""deposit growth"", ""matched_node_name"": ""Deposit growth"", ""matched_id"": ""7a5ad916-7608-42a4-b7b8-cef3032e3b45"", ""matched_type"": ""METRIC"", ""similarity"": 1.0, ""source"": ""gazetteer""}]",What was <COMPANY>'s <ASSETCLASS> (<PRODUCT> book) and <METRIC> in the latest quarter?,"{""nn1"": ""COMPANY"", ""target_ids"": [""a1b36a29-fc07-41cc-b3a3-010e50f98882"", ""13c28420-d40d-41d9-9101-1e3596e3c2ba"", ""7a5ad916-7608-42a4-b7b8-cef3032e3b45""], ""prop1_list"": [""HAS_METRIC"", ""MetricObservation"", ""ExposureRelation"", ""FUNDED_BY"", ""HAS_WEAKNESS"", ""HAS_RISK_DRIVER"", ""HAS_LOAN_EXPOSURE_TO"", ""HAS_STRENGTH"", ""HAS_GROWTH_DRIVER"", ""HAS_OPPORTUNITY"", ""HAS_MARGIN_DRIVER"", ""HAS_ROE_DRIVER"", ""HAS_VALUATION_DRIVER"", ""HAS_ASSET_EXPOSURE_TO"", ""METRIC_OBSERVATION"", ""EXPOSURE_RELATION""], ""nnp1"": ""71dab709-a38c-4262-8315-f1885f259032""}","{""nnp1"": ""71dab709-a38c-4262-8315-f1885f259032"", ""nnp2"": ""13c28420-d40d-41d9-9101-1e3596e3c2ba"", ""nnp3"": null, ""prop1"": ""HAS_STRENGTH"", ""nn1"": ""COMPANY"", ""nn2"": ""PRODUCT"", ""threshold"": null, ""target_ids"": [""a1b36a29-fc07-41cc-b3a3-010e50f98882"", ""13c28420-d40d-41d9-9101-1e3596e3c2ba"", ""7a5ad916-7608-42a4-b7b8-cef3032e3b45""], ""prop1_list"": [""HAS_METRIC"", ""MetricObservation"", ""ExposureRelation"", ""FUNDED_BY"", ""HAS_WEAKNESS"", ""HAS_RISK_DRIVER"", ""HAS_LOAN_EXPOSURE_TO"", ""HAS_STRENGTH"", ""HAS_GROWTH_DRIVER"", ""HAS_OPPORTUNITY"", ""HAS_MARGIN_DRIVER"", ""HAS_ROE_DRIVER"", ""HAS_VALUATION_DRIVER"", ""HAS_ASSET_EXPOSURE_TO"", ""METRIC_OBSERVATION"", ""EXPOSURE_RELATION""], ""metric_name"": null, ""topic_name1"": ""UCO Bank"", ""topic_name2"": ""loan"", ""segment_ids"": []}",relaxed_direction,14,"Template: simple_triplet (F_Simple)
Query intent: Simple question: subject linked to objects via a predicate.

Row 1: UCO Bank's financial performance includes the return on equity metric.
Row 2: UCO Bank reported a capital ratio of 17.12% for FY26.
Row 3: UCO Bank's net interest margin was around 3%.
Row 4: UCO Bank reported that its Total advances were up 21.33% year-on-year as of 30 June 2026.
Row 5: UCO Bank recorded a Net profit of ₹656 crore for the quarter.
Row 6: UCO Bank's growth is expected to come from strong credit growth.
Row 7: UCO Bank's board approved raising up to $1 billion in foreign-currency funds.
Row 8: UCO Bank's total business crossed ₹6 lakh crore.
Row 9: UCO Bank's operating profit increased by a striking 80%.
Row 10: UCO Bank's clearest strength is its growth and profitability momentum.
Row 11: UCO Bank is funded through a certificate-of-deposit programme.
Row 12: UCO Bank's growth is expected to be driven by a digital-channel scale-up.
Row 13: UCO Bank's return on equity is driven by operating leverage.
Row 14: [UCO Bank] The key risk driver for UCO Bank is its reliance on external capital raises.","As of 30 June 2026, UCO Bank reported that its total advances were up 21.33% year-on-year. However, the retrieved facts do not cover deposit growth.",Somewhat relevant,"The assistant summary correctly reports the total advances growth of 21.33% year-on-year as of 30 June 2026, but it misses deposit growth and the total business milestone mentioned in the reference answer.",
"What credit ratings has UCO Bank received, and from which rating agencies?",CARE Ratings upgraded UCO Bank's bond rating to AA Stable; CRISIL reaffirmed an A1+ short-term rating on its certificate-of-deposit programme.,F_Simple,F_Simple,0.5229460713108118,simple_triplet,True,"[""UCO Bank""]","[{""entity"": ""UCO Bank"", ""matched_node_name"": ""UCO Bank"", ""matched_id"": ""71dab709-a38c-4262-8315-f1885f259032"", ""matched_type"": ""COMPANY"", ""similarity"": 1.0, ""source"": ""gazetteer""}]","What credit ratings has <COMPANY> received, and from which rating agencies?","{""nn1"": ""COMPANY"", ""target_ids"": [], ""prop1_list"": [""HAS_RATING"", ""RATED_BY""], ""nnp1"": ""71dab709-a38c-4262-8315-f1885f259032""}","{""nnp1"": ""71dab709-a38c-4262-8315-f1885f259032"", ""nnp2"": null, ""nnp3"": null, ""prop1"": ""HAS_RATING"", ""nn1"": ""COMPANY"", ""nn2"": null, ""threshold"": null, ""target_ids"": [], ""prop1_list"": [""HAS_RATING"", ""RATED_BY""], ""metric_name"": null, ""topic_name1"": ""UCO Bank"", ""topic_name2"": null, ""segment_ids"": []}",primary,4,"Template: simple_triplet (F_Simple)
Query intent: Simple question: subject linked to objects via a predicate.

Row 1: UCO Bank holds an A1+ short-term rating.
Row 2: UCO Bank holds an AA Stable bond rating.
Row 3: UCO Bank's bonds are rated by CARE Ratings.
Row 4: UCO Bank's short-term certificate-of-deposit programme is rated by CRISIL.","UCO Bank holds an A1+ short-term rating from CRISIL, which rates its short-term certificate-of-deposit programme, and an AA Stable bond rating from CARE Ratings.",Relevant,"The assistant summary successfully captures all material facts from the reference answer, including CRISIL's A1+ short-term certificate-of-deposit rating and CARE Ratings' AA Stable bond rating for UCO Bank.",
"Roughly how many branches and ATMs does UCO Bank operate, and as of what date?","Branch and ATM counts of 3,302 and 2,613 respectively date to March 2025, plus two overseas branches in Singapore and Hong Kong and a representative office in Tehran.",F_QuantCount,F_QuantCount,0.5019551925676716,quant_count,True,"[""branches"", ""ATMs"", ""UCO Bank""]","[{""entity"": ""branches"", ""matched_node_name"": ""branches"", ""matched_id"": ""825450c5-3a89-46a1-bf6f-9b5e414de076"", ""matched_type"": ""DISTRIBUTIONCHANNEL"", ""similarity"": 1.0, ""source"": ""gazetteer""}, {""entity"": ""ATMs"", ""matched_node_name"": ""ATMs"", ""matched_id"": ""4211be7c-a18e-4211-bd8a-4534d423385e"", ""matched_type"": ""DISTRIBUTIONCHANNEL"", ""similarity"": 1.0, ""source"": ""gazetteer""}, {""entity"": ""UCO Bank"", ""matched_node_name"": ""UCO Bank"", ""matched_id"": ""71dab709-a38c-4262-8315-f1885f259032"", ""matched_type"": ""COMPANY"", ""similarity"": 1.0, ""source"": ""gazetteer""}]","Roughly how many <DISTRIBUTIONCHANNEL> and <DISTRIBUTIONCHANNEL> does <COMPANY> operate, and as of what date?","{""nn1"": ""COMPANY"", ""prop1_list"": [""USES_CHANNEL"", ""DEPENDS_ON""], ""nnp1"": ""71dab709-a38c-4262-8315-f1885f259032"", ""nn2"": ""DISTRIBUTIONCHANNEL""}","{""nnp1"": ""71dab709-a38c-4262-8315-f1885f259032"", ""nnp2"": ""825450c5-3a89-46a1-bf6f-9b5e414de076"", ""nnp3"": null, ""prop1"": ""USES_CHANNEL"", ""nn1"": ""COMPANY"", ""nn2"": ""DISTRIBUTIONCHANNEL"", ""threshold"": null, ""target_ids"": [""825450c5-3a89-46a1-bf6f-9b5e414de076"", ""4211be7c-a18e-4211-bd8a-4534d423385e""], ""prop1_list"": [""USES_CHANNEL"", ""DEPENDS_ON""], ""metric_name"": null, ""topic_name1"": ""UCO Bank"", ""topic_name2"": ""branches"", ""segment_ids"": []}",primary,1,"Template: quant_count (F_QuantCount)
Query intent: Count related objects for a subject entity.

Row 1: subject_name=UCO Bank | object_count=2 (2 facts)
  - UCO Bank utilizes a network of 3,302 branches.
  - UCO Bank utilizes a network of 2,613 ATMs.","UCO Bank utilizes a network of 3,302 branches and 2,613 ATMs. However, the retrieved facts do not specify the date as of which these figures are reported.",Somewhat relevant,"The assistant summary correctly identifies the branch count of 3,302 and the ATM count of 2,613, but incorrectly states that the date is not specified, missing the March 2025 date provided in the reference answer.",
"What products and services does UCO Bank offer, and which customer segments does it serve?",Standard banking services with a historically strong presence in East and Northeast India; management cites 'digital business' tripling.,F_Simple,F_Simple,0.5902610031105305,simple_triplet,True,"[""UCO Bank""]","[{""entity"": ""UCO Bank"", ""matched_node_name"": ""UCO Bank"", ""matched_id"": ""71dab709-a38c-4262-8315-f1885f259032"", ""matched_type"": ""COMPANY"", ""similarity"": 1.0, ""source"": ""gazetteer""}]","What products and services does <COMPANY> offer, and which customer segments does it serve?","{""nn1"": ""COMPANY"", ""target_ids"": [], ""prop1_list"": [""ExposureRelation"", ""OFFERS_PRODUCT"", ""PROVIDES_SERVICE"", ""SERVES"", ""TARGETS"", ""HAS_ASSET_EXPOSURE_TO"", ""EXPOSURE_RELATION""], ""nnp1"": ""71dab709-a38c-4262-8315-f1885f259032""}","{""nnp1"": ""71dab709-a38c-4262-8315-f1885f259032"", ""nnp2"": null, ""nnp3"": null, ""prop1"": ""SERVES"", ""nn1"": ""COMPANY"", ""nn2"": null, ""threshold"": null, ""target_ids"": [], ""prop1_list"": [""ExposureRelation"", ""OFFERS_PRODUCT"", ""PROVIDES_SERVICE"", ""SERVES"", ""TARGETS"", ""HAS_ASSET_EXPOSURE_TO"", ""EXPOSURE_RELATION""], ""metric_name"": null, ""topic_name1"": ""UCO Bank"", ""topic_name2"": null, ""segment_ids"": []}",attribute_lookup,7,"Template: simple_triplet (F_Simple)
Query intent: Simple question: subject linked to objects via a predicate.

Row 1: UCO Bank's banking_segment is Public Sector Bank
Row 2: UCO Bank's country is India
Row 3: UCO Bank's description is UCO Bank, headquartered in Kolkata, West Bengal and founded on 6 January 1943, is a Government of India-owned universal bank with a historically strong presence in East and Northeast India.
Row 4: UCO Bank's exchange is NSE, BSE
Row 5: UCO Bank's legal_name is UCO Bank
Row 6: UCO Bank's listed is True
Row 7: UCO Bank's ticker is UCOBANK","The retrieved facts do not cover the specific products and services offered by UCO Bank, nor do they detail the customer segments it serves.",Not relevant,"The reference answer mentions standard banking services and digital business growth, whereas the assistant summary states that the facts do not cover products, services, or customer segments.",
What is Bank of Maharashtra's ticker symbol and on which exchange(s) does it trade?,"MAHABANK, listed on both the NSE and the BSE.",F_Simple,F_Simple,0.5272617020235415,simple_triplet,True,"[""Bank of Maharashtra""]","[{""entity"": ""Bank of Maharashtra"", ""matched_node_name"": ""Bank of Maharashtra"", ""matched_id"": ""7e4c223f-ea2b-4911-94de-41d535536f03"", ""matched_type"": ""COMPANY"", ""similarity"": 1.0, ""source"": ""gazetteer""}]",What is <COMPANY>'s ticker symbol and on which exchange(s) does it trade?,"{""nnp1"": ""7e4c223f-ea2b-4911-94de-41d535536f03""}","{""nnp1"": ""7e4c223f-ea2b-4911-94de-41d535536f03"", ""nnp2"": null, ""nnp3"": null, ""prop1"": null, ""nn1"": ""COMPANY"", ""nn2"": null, ""threshold"": null, ""target_ids"": [], ""prop1_list"": [], ""metric_name"": null, ""topic_name1"": ""Bank of Maharashtra"", ""topic_name2"": null, ""segment_ids"": []}",attribute_lookup_direct,7,"Template: simple_triplet (F_Simple)
Query intent: Simple question: subject linked to objects via a predicate.

Row 1: Bank of Maharashtra's banking_segment is Universal Bank
Row 2: Bank of Maharashtra's country is India
Row 3: Bank of Maharashtra's description is Bank of Maharashtra, headquartered in Pune, Maharashtra and founded on 16 September 1935, is a Government of India-owned universal bank.
Row 4: Bank of Maharashtra's exchange is NSE and BSE
Row 5: Bank of Maharashtra's legal_name is Bank of Maharashtra
Row 6: Bank of Maharashtra's listed is True
Row 7: Bank of Maharashtra's ticker is MAHABANK","Bank of Maharashtra's ticker symbol is MAHABANK, and it trades on the National Stock Exchange (NSE) and the Bombay Stock Exchange (BSE).",Relevant,"The assistant summary correctly identifies the ticker symbol MAHABANK and both exchanges, NSE and BSE, matching the reference answer.",
"Who is the current MD & CEO (or Chairman, where that is the top executive title) of Bank of Maharashtra?",Nidhu Saxena has been MD & CEO since March 2024. Current non-executive chairman: not stated.,F_Simple,F_Simple,0.5283378025783668,simple_triplet,True,"[""Bank of Maharashtra""]","[{""entity"": ""Bank of Maharashtra"", ""matched_node_name"": ""Bank of Maharashtra"", ""matched_id"": ""7e4c223f-ea2b-4911-94de-41d535536f03"", ""matched_type"": ""COMPANY"", ""similarity"": 1.0, ""source"": ""gazetteer""}]","Who is the current MD & CEO (or Chairman, where that is the top executive title) of <COMPANY>?","{""nn1"": ""COMPANY"", ""target_ids"": [], ""prop1_list"": [""GovernanceRole"", ""HOLDS_ROLE"", ""GOVERNANCE_ROLE""], ""nnp1"": ""7e4c223f-ea2b-4911-94de-41d535536f03""}","{""nnp1"": ""7e4c223f-ea2b-4911-94de-41d535536f03"", ""nnp2"": null, ""nnp3"": null, ""prop1"": ""GovernanceRole"", ""nn1"": ""COMPANY"", ""nn2"": null, ""threshold"": null, ""target_ids"": [], ""prop1_list"": [""GovernanceRole"", ""HOLDS_ROLE"", ""GOVERNANCE_ROLE""], ""metric_name"": null, ""topic_name1"": ""Bank of Maharashtra"", ""topic_name2"": null, ""segment_ids"": []}",primary,1,"Template: simple_triplet (F_Simple)
Query intent: Simple question: subject linked to objects via a predicate.

Row 1: [Bank of Maharashtra] Nidhu Saxena holds the role of MD & CEO at Bank of Maharashtra following his appointment in March 2024. (as of 2024-03-01)","The current MD & CEO of Bank of Maharashtra is Nidhu Saxena, following his appointment in March 2024.",Relevant,"The assistant summary correctly identifies Nidhu Saxena as the MD & CEO of Bank of Maharashtra and includes his appointment date of March 2024, perfectly matching the substance of the reference answer.",
"What percentage of Bank of Maharashtra is held by its government promoter or largest shareholder, and as of what date?","Government ownership was 79.60% as of March 2025, though a December 2025 offer-for-sale raised ₹2,492 crore for the government, implying further dilution below that figure without a precise updated number found.",F_LogUnion,F_LogUnion,0.6214196189605303,logical_union,True,"[""Bank of Maharashtra""]","[{""entity"": ""Bank of Maharashtra"", ""matched_node_name"": ""Bank of Maharashtra"", ""matched_id"": ""7e4c223f-ea2b-4911-94de-41d535536f03"", ""matched_type"": ""COMPANY"", ""similarity"": 1.0, ""source"": ""gazetteer""}]","What percentage of <COMPANY> is held by its government promoter or largest shareholder, and as of what date?","{""nn1"": ""COMPANY"", ""nnp1"": ""7e4c223f-ea2b-4911-94de-41d535536f03"", ""prop1_list"": [""OWNS"", ""REGULATED_BY"", ""OwnershipStake"", ""HELD_BY"", ""OWNS_STAKE_IN"", ""CorporateStructureRelation"", ""OWNERSHIP_STAKE"", ""CORPORATE_STRUCTURE_RELATION""], ""target_ids"": [], ""nnp2"": null}","{""nnp1"": ""7e4c223f-ea2b-4911-94de-41d535536f03"", ""nnp2"": null, ""nnp3"": null, ""prop1"": ""CorporateStructureRelation"", ""nn1"": ""COMPANY"", ""nn2"": null, ""threshold"": null, ""target_ids"": [], ""prop1_list"": [""OWNS"", ""REGULATED_BY"", ""OwnershipStake"", ""HELD_BY"", ""OWNS_STAKE_IN"", ""CorporateStructureRelation"", ""OWNERSHIP_STAKE"", ""CORPORATE_STRUCTURE_RELATION""], ""metric_name"": null, ""topic_name1"": ""Bank of Maharashtra"", ""topic_name2"": null, ""segment_ids"": []}",primary,2,"Template: logical_union (F_LogUnion)
Query intent: Union of two relationship patterns from the same subject.

Row 1: [Bank of Maharashtra] The Government of India held a 79.60% ownership stake in Bank of Maharashtra as of March 2025. (as of 2025-03-01)
Row 2: [Bank of Maharashtra] LIC increased its holding in Bank of Maharashtra to 7.10% year-on-year to March 2025. (as of 2025-03-01)",The Government of India held a 79.60% ownership stake in Bank of Maharashtra as of March 2025.,Relevant,"The assistant summary correctly states the government ownership percentage of 79.60% as of March 2025, matching the reference answer's core known fact while appropriately omitting the unquantified post-December dilution.",
What was Bank of Maharashtra's CASA ratio in the most recently reported quarter?,No ratio given; the bank is described as having repeatedly led PSU peers on CASA growth.,F_Simple,F_Simple,0.45300680749982714,simple_triplet,True,"[""Bank of Maharashtra"", ""CASA ratio""]","[{""entity"": ""Bank of Maharashtra"", ""matched_node_name"": ""Bank of Maharashtra"", ""matched_id"": ""7e4c223f-ea2b-4911-94de-41d535536f03"", ""matched_type"": ""COMPANY"", ""similarity"": 1.0, ""source"": ""gazetteer""}, {""entity"": ""CASA ratio"", ""matched_node_name"": ""CASA ratio"", ""matched_id"": ""2f007236-19aa-494e-a277-c5e8d54d60fe"", ""matched_type"": ""METRIC"", ""similarity"": 1.0, ""source"": ""gazetteer""}]",What was <COMPANY>'s <METRIC> in the most recently reported quarter?,"{""nn1"": ""COMPANY"", ""target_ids"": [""2f007236-19aa-494e-a277-c5e8d54d60fe""], ""prop1_list"": [""HAS_METRIC"", ""MetricObservation"", ""HAS_WEAKNESS"", ""HAS_RISK_DRIVER"", ""HAS_STRENGTH"", ""HAS_GROWTH_DRIVER"", ""HAS_OPPORTUNITY"", ""HAS_MARGIN_DRIVER"", ""HAS_ROE_DRIVER"", ""HAS_VALUATION_DRIVER"", ""METRIC_OBSERVATION""], ""nnp1"": ""7e4c223f-ea2b-4911-94de-41d535536f03""}","{""nnp1"": ""7e4c223f-ea2b-4911-94de-41d535536f03"", ""nnp2"": ""2f007236-19aa-494e-a277-c5e8d54d60fe"", ""nnp3"": null, ""prop1"": ""HAS_STRENGTH"", ""nn1"": ""COMPANY"", ""nn2"": ""METRIC"", ""threshold"": null, ""target_ids"": [""2f007236-19aa-494e-a277-c5e8d54d60fe""], ""prop1_list"": [""HAS_METRIC"", ""MetricObservation"", ""HAS_WEAKNESS"", ""HAS_RISK_DRIVER"", ""HAS_STRENGTH"", ""HAS_GROWTH_DRIVER"", ""HAS_OPPORTUNITY"", ""HAS_MARGIN_DRIVER"", ""HAS_ROE_DRIVER"", ""HAS_VALUATION_DRIVER"", ""METRIC_OBSERVATION""], ""metric_name"": null, ""topic_name1"": ""Bank of Maharashtra"", ""topic_name2"": ""CASA ratio"", ""segment_ids"": []}",relaxed_direction,9,"Template: simple_triplet (F_Simple)
Query intent: Simple question: subject linked to objects via a predicate.

Row 1: Bank of Maharashtra reported a Q1 FY27 gross NPA of 1.45%. (as of 2026-07-01)
Row 2: Bank of Maharashtra records high growth in its CASA deposits compared to peers.
Row 3: Bank of Maharashtra posted a Q1 FY27 net profit of ₹2,020 crore and an FY26 net profit of ₹7,019 crore.
Row 4: Bank of Maharashtra's Q1 FY27 total business reached ₹6.51 lakh crore, representing a 19% year-on-year increase. (as of 2026-07-06)
Row 5: Bank of Maharashtra exhibits best-in-class asset quality among its PSU peers.
Row 6: Bank of Maharashtra demonstrated sustained 27% profit growth across the latest quarter and the full prior year.
Row 7: Bank of Maharashtra's repeated need to raise capital is a known weakness affecting the company.
Row 8: Bank of Maharashtra has a clear opportunity through its continued above-peer credit growth.
Row 9: Bank of Maharashtra's margins are driven by its CASA-led low-cost funding base.",The retrieved facts do not cover Bank of Maharashtra's CASA ratio for the most recently reported quarter.,Relevant,Both the reference answer and the assistant summary correctly indicate that the specific CASA ratio for Bank of Maharashtra was not provided in the source material.,
What are Bank of Maharashtra's gross NPA and net NPA ratios?,Gross NPA at just 1.45% — among the best asset-quality figures of any PSU bank in the dataset.,F_Simple,F_Simple,0.5219059417885892,simple_triplet,True,"[""Bank of Maharashtra"", ""gross NPA"", ""net NPA""]","[{""entity"": ""Bank of Maharashtra"", ""matched_node_name"": ""Bank of Maharashtra"", ""matched_id"": ""7e4c223f-ea2b-4911-94de-41d535536f03"", ""matched_type"": ""COMPANY"", ""similarity"": 1.0, ""source"": ""gazetteer""}, {""entity"": ""gross NPA"", ""matched_node_name"": ""gross NPA"", ""matched_id"": ""17de1b02-766d-4a7f-861e-a11cf8caa7ab"", ""matched_type"": ""METRIC"", ""similarity"": 1.0, ""source"": ""gazetteer""}, {""entity"": ""net NPA"", ""matched_node_name"": ""net NPA"", ""matched_id"": ""b0454088-e2c7-4c48-8ede-4505aee1e817"", ""matched_type"": ""METRIC"", ""similarity"": 1.0, ""source"": ""gazetteer""}]",What are <COMPANY>'s <METRIC> and <METRIC> ratios?,"{""nn1"": ""COMPANY"", ""target_ids"": [""17de1b02-766d-4a7f-861e-a11cf8caa7ab"", ""b0454088-e2c7-4c48-8ede-4505aee1e817""], ""prop1_list"": [""HAS_METRIC"", ""MetricObservation"", ""HAS_WEAKNESS"", ""HAS_RISK_DRIVER"", ""HAS_STRENGTH"", ""HAS_GROWTH_DRIVER"", ""HAS_OPPORTUNITY"", ""HAS_MARGIN_DRIVER"", ""HAS_ROE_DRIVER"", ""HAS_VALUATION_DRIVER"", ""METRIC_OBSERVATION""], ""nnp1"": ""7e4c223f-ea2b-4911-94de-41d535536f03""}","{""nnp1"": ""7e4c223f-ea2b-4911-94de-41d535536f03"", ""nnp2"": ""17de1b02-766d-4a7f-861e-a11cf8caa7ab"", ""nnp3"": null, ""prop1"": ""HAS_STRENGTH"", ""nn1"": ""COMPANY"", ""nn2"": ""METRIC"", ""threshold"": null, ""target_ids"": [""17de1b02-766d-4a7f-861e-a11cf8caa7ab"", ""b0454088-e2c7-4c48-8ede-4505aee1e817""], ""prop1_list"": [""HAS_METRIC"", ""MetricObservation"", ""HAS_WEAKNESS"", ""HAS_RISK_DRIVER"", ""HAS_STRENGTH"", ""HAS_GROWTH_DRIVER"", ""HAS_OPPORTUNITY"", ""HAS_MARGIN_DRIVER"", ""HAS_ROE_DRIVER"", ""HAS_VALUATION_DRIVER"", ""METRIC_OBSERVATION""], ""metric_name"": null, ""topic_name1"": ""Bank of Maharashtra"", ""topic_name2"": ""gross NPA"", ""segment_ids"": []}",primary,9,"Template: simple_triplet (F_Simple)
Query intent: Simple question: subject linked to objects via a predicate.

Row 1: Bank of Maharashtra reported a Q1 FY27 gross NPA of 1.45%. (as of 2026-07-01)
Row 2: Bank of Maharashtra records high growth in its CASA deposits compared to peers.
Row 3: Bank of Maharashtra posted a Q1 FY27 net profit of ₹2,020 crore and an FY26 net profit of ₹7,019 crore.
Row 4: Bank of Maharashtra's Q1 FY27 total business reached ₹6.51 lakh crore, representing a 19% year-on-year increase. (as of 2026-07-06)
Row 5: Bank of Maharashtra exhibits best-in-class asset quality among its PSU peers.
Row 6: Bank of Maharashtra demonstrated sustained 27% profit growth across the latest quarter and the full prior year.
Row 7: Bank of Maharashtra's repeated need to raise capital is a known weakness affecting the company.
Row 8: Bank of Maharashtra has a clear opportunity through its continued above-peer credit growth.
Row 9: Bank of Maharashtra's margins are driven by its CASA-led low-cost funding base.","Bank of Maharashtra reported a gross NPA of 1.45% for Q1 FY27 as of July 1, 2026. However, the provided knowledge graph facts do not contain the specific figure for the net NPA ratio.",Somewhat relevant,"The assistant summary correctly identifies the gross NPA as 1.45% from the reference answer, but correctly notes that the net NPA ratio is absent in the source material.",
What are Bank of Maharashtra's return on assets (ROA) and return on equity (ROE) for the latest quarter?,"Standalone ROA/ROE not stated; net profit growth of 27% year-on-year (₹2,020 crore) is the cited metric.",F_Simple,F_Simple,0.5859677884172529,simple_triplet,True,"[""Bank of Maharashtra"", ""return on assets"", ""return on equity""]","[{""entity"": ""Bank of Maharashtra"", ""matched_node_name"": ""Bank of Maharashtra"", ""matched_id"": ""7e4c223f-ea2b-4911-94de-41d535536f03"", ""matched_type"": ""COMPANY"", ""similarity"": 1.0, ""source"": ""gazetteer""}, {""entity"": ""return on assets"", ""matched_node_name"": ""return on assets"", ""matched_id"": ""9fe9c63b-26ba-4633-b3f0-2f73fa5b6d37"", ""matched_type"": ""METRIC"", ""similarity"": 1.0, ""source"": ""gazetteer""}, {""entity"": ""return on equity"", ""matched_node_name"": ""return on equity"", ""matched_id"": ""14e844eb-fd2b-4028-9460-92f4196b984a"", ""matched_type"": ""METRIC"", ""similarity"": 1.0, ""source"": ""gazetteer""}]",What are <COMPANY>'s <METRIC> (ROA) and <METRIC> (ROE) for the latest quarter?,"{""nn1"": ""COMPANY"", ""target_ids"": [""9fe9c63b-26ba-4633-b3f0-2f73fa5b6d37"", ""14e844eb-fd2b-4028-9460-92f4196b984a""], ""prop1_list"": [""HAS_METRIC"", ""MetricObservation"", ""HAS_WEAKNESS"", ""HAS_RISK_DRIVER"", ""HAS_STRENGTH"", ""HAS_GROWTH_DRIVER"", ""HAS_OPPORTUNITY"", ""HAS_MARGIN_DRIVER"", ""HAS_ROE_DRIVER"", ""HAS_VALUATION_DRIVER"", ""METRIC_OBSERVATION""], ""nnp1"": ""7e4c223f-ea2b-4911-94de-41d535536f03""}","{""nnp1"": ""7e4c223f-ea2b-4911-94de-41d535536f03"", ""nnp2"": ""9fe9c63b-26ba-4633-b3f0-2f73fa5b6d37"", ""nnp3"": null, ""prop1"": ""HAS_STRENGTH"", ""nn1"": ""COMPANY"", ""nn2"": ""METRIC"", ""threshold"": null, ""target_ids"": [""9fe9c63b-26ba-4633-b3f0-2f73fa5b6d37"", ""14e844eb-fd2b-4028-9460-92f4196b984a""], ""prop1_list"": [""HAS_METRIC"", ""MetricObservation"", ""HAS_WEAKNESS"", ""HAS_RISK_DRIVER"", ""HAS_STRENGTH"", ""HAS_GROWTH_DRIVER"", ""HAS_OPPORTUNITY"", ""HAS_MARGIN_DRIVER"", ""HAS_ROE_DRIVER"", ""HAS_VALUATION_DRIVER"", ""METRIC_OBSERVATION""], ""metric_name"": null, ""topic_name1"": ""Bank of Maharashtra"", ""topic_name2"": ""return on assets"", ""segment_ids"": []}",relaxed_direction,9,"Template: simple_triplet (F_Simple)
Query intent: Simple question: subject linked to objects via a predicate.

Row 1: Bank of Maharashtra reported a Q1 FY27 gross NPA of 1.45%. (as of 2026-07-01)
Row 2: Bank of Maharashtra records high growth in its CASA deposits compared to peers.
Row 3: Bank of Maharashtra posted a Q1 FY27 net profit of ₹2,020 crore and an FY26 net profit of ₹7,019 crore.
Row 4: Bank of Maharashtra's Q1 FY27 total business reached ₹6.51 lakh crore, representing a 19% year-on-year increase. (as of 2026-07-06)
Row 5: Bank of Maharashtra exhibits best-in-class asset quality among its PSU peers.
Row 6: Bank of Maharashtra demonstrated sustained 27% profit growth across the latest quarter and the full prior year.
Row 7: Bank of Maharashtra's repeated need to raise capital is a known weakness affecting the company.
Row 8: Bank of Maharashtra has a clear opportunity through its continued above-peer credit growth.
Row 9: Bank of Maharashtra's margins are driven by its CASA-led low-cost funding base.",The retrieved facts do not cover Bank of Maharashtra's return on assets (ROA) or return on equity (ROE) for the latest quarter.,Relevant,The assistant summary correctly agrees with the reference answer by stating that the ROA and ROE metrics are not covered in the retrieved facts.,
What was Bank of Maharashtra's total advances (loan book) and deposit growth in the latest quarter?,"Total business reached ₹6.51 lakh crore, up 19% year-on-year.",F_Simple,F_Simple,0.5741154930246071,simple_triplet,True,"[""Bank of Maharashtra"", ""total advances"", ""loan"", ""deposit growth""]","[{""entity"": ""Bank of Maharashtra"", ""matched_node_name"": ""Bank of Maharashtra"", ""matched_id"": ""7e4c223f-ea2b-4911-94de-41d535536f03"", ""matched_type"": ""COMPANY"", ""similarity"": 1.0, ""source"": ""gazetteer""}, {""entity"": ""total advances"", ""matched_node_name"": ""Total advances"", ""matched_id"": ""a1b36a29-fc07-41cc-b3a3-010e50f98882"", ""matched_type"": ""ASSETCLASS"", ""similarity"": 1.0, ""source"": ""gazetteer""}, {""entity"": ""loan"", ""matched_node_name"": ""loan"", ""matched_id"": ""13c28420-d40d-41d9-9101-1e3596e3c2ba"", ""matched_type"": ""PRODUCT"", ""similarity"": 1.0, ""source"": ""gazetteer""}, {""entity"": ""deposit growth"", ""matched_node_name"": ""Deposit growth"", ""matched_id"": ""7a5ad916-7608-42a4-b7b8-cef3032e3b45"", ""matched_type"": ""METRIC"", ""similarity"": 1.0, ""source"": ""gazetteer""}]",What was <COMPANY>'s <ASSETCLASS> (<PRODUCT> book) and <METRIC> in the latest quarter?,"{""nn1"": ""COMPANY"", ""target_ids"": [""a1b36a29-fc07-41cc-b3a3-010e50f98882"", ""13c28420-d40d-41d9-9101-1e3596e3c2ba"", ""7a5ad916-7608-42a4-b7b8-cef3032e3b45""], ""prop1_list"": [""HAS_METRIC"", ""MetricObservation"", ""ExposureRelation"", ""FUNDED_BY"", ""HAS_WEAKNESS"", ""HAS_RISK_DRIVER"", ""HAS_LOAN_EXPOSURE_TO"", ""HAS_STRENGTH"", ""HAS_GROWTH_DRIVER"", ""HAS_OPPORTUNITY"", ""HAS_MARGIN_DRIVER"", ""HAS_ROE_DRIVER"", ""HAS_VALUATION_DRIVER"", ""HAS_ASSET_EXPOSURE_TO"", ""METRIC_OBSERVATION"", ""EXPOSURE_RELATION""], ""nnp1"": ""7e4c223f-ea2b-4911-94de-41d535536f03""}","{""nnp1"": ""7e4c223f-ea2b-4911-94de-41d535536f03"", ""nnp2"": ""13c28420-d40d-41d9-9101-1e3596e3c2ba"", ""nnp3"": null, ""prop1"": ""HAS_STRENGTH"", ""nn1"": ""COMPANY"", ""nn2"": ""PRODUCT"", ""threshold"": null, ""target_ids"": [""a1b36a29-fc07-41cc-b3a3-010e50f98882"", ""13c28420-d40d-41d9-9101-1e3596e3c2ba"", ""7a5ad916-7608-42a4-b7b8-cef3032e3b45""], ""prop1_list"": [""HAS_METRIC"", ""MetricObservation"", ""ExposureRelation"", ""FUNDED_BY"", ""HAS_WEAKNESS"", ""HAS_RISK_DRIVER"", ""HAS_LOAN_EXPOSURE_TO"", ""HAS_STRENGTH"", ""HAS_GROWTH_DRIVER"", ""HAS_OPPORTUNITY"", ""HAS_MARGIN_DRIVER"", ""HAS_ROE_DRIVER"", ""HAS_VALUATION_DRIVER"", ""HAS_ASSET_EXPOSURE_TO"", ""METRIC_OBSERVATION"", ""EXPOSURE_RELATION""], ""metric_name"": null, ""topic_name1"": ""Bank of Maharashtra"", ""topic_name2"": ""loan"", ""segment_ids"": []}",relaxed_direction,16,"Template: simple_triplet (F_Simple)
Query intent: Simple question: subject linked to objects via a predicate.

Row 1: Bank of Maharashtra faces regulatory risk concerning public-shareholding compliance rules.
Row 2: Bank of Maharashtra reported a Q1 FY27 gross NPA of 1.45%. (as of 2026-07-01)
Row 3: Bank of Maharashtra records high growth in its CASA deposits compared to peers.
Row 4: Bank of Maharashtra is exposed to funding risk tied to its recurring capital-raise dependencies.
Row 5: Bank of Maharashtra posted a Q1 FY27 net profit of ₹2,020 crore and an FY26 net profit of ₹7,019 crore.
Row 6: Bank of Maharashtra is exposed to geographic concentration risk within Maharashtra and western India.
Row 7: Bank of Maharashtra's Q1 FY27 total business reached ₹6.51 lakh crore, representing a 19% year-on-year increase. (as of 2026-07-06)
Row 8: Bank of Maharashtra utilizes a certificate-of-deposit programme for funding, which was rated A1+ by CRISIL.
Row 9: Bank of Maharashtra raised ₹2,492 crore for the government through a December 2025 offer-for-sale. (as of 2025-12-01)
Row 10: Bank of Maharashtra exhibits best-in-class asset quality among its PSU peers.
Row 11: Bank of Maharashtra demonstrated sustained 27% profit growth across the latest quarter and the full prior year.
Row 12: Bank of Maharashtra's repeated need to raise capital is a known weakness affecting the company.
Row 13: Bank of Maharashtra utilizes a ₹2,000 crore equity issuance plan to sustain its growth.
Row 14: Bank of Maharashtra has a clear opportunity through its continued above-peer credit growth.
Row 15: Bank of Maharashtra's margins are driven by its CASA-led low-cost funding base.
Row 16: Bank of Maharashtra is exposed to credit risk arising from the rapid pace of its loan-book expansion.",The retrieved facts do not cover Bank of Maharashtra's specific total advances (loan book) or deposit growth figures for the latest quarter.,Not relevant,"The reference answer provides specific financial data regarding total business and growth, but the assistant summary incorrectly claims that the information is not covered in the retrieved facts.",
"What credit ratings has Bank of Maharashtra received, and from which rating agencies?",CRISIL reaffirmed an A1+ rating on the certificate-of-deposit programme (dating to November 2024; a 2026 refresh was not independently confirmed).,F_Simple,F_Simple,0.5229460713108118,simple_triplet,True,"[""Bank of Maharashtra""]","[{""entity"": ""Bank of Maharashtra"", ""matched_node_name"": ""Bank of Maharashtra"", ""matched_id"": ""7e4c223f-ea2b-4911-94de-41d535536f03"", ""matched_type"": ""COMPANY"", ""similarity"": 1.0, ""source"": ""gazetteer""}]","What credit ratings has <COMPANY> received, and from which rating agencies?","{""nn1"": ""COMPANY"", ""target_ids"": [], ""prop1_list"": [""HAS_RATING"", ""RATED_BY""], ""nnp1"": ""7e4c223f-ea2b-4911-94de-41d535536f03""}","{""nnp1"": ""7e4c223f-ea2b-4911-94de-41d535536f03"", ""nnp2"": null, ""nnp3"": null, ""prop1"": ""HAS_RATING"", ""nn1"": ""COMPANY"", ""nn2"": null, ""threshold"": null, ""target_ids"": [], ""prop1_list"": [""HAS_RATING"", ""RATED_BY""], ""metric_name"": null, ""topic_name1"": ""Bank of Maharashtra"", ""topic_name2"": null, ""segment_ids"": []}",primary,2,"Template: simple_triplet (F_Simple)
Query intent: Simple question: subject linked to objects via a predicate.

Row 1: Bank of Maharashtra received an A1+ rating reaffirmed by CRISIL. (as of 2024-11-01)
Row 2: Bank of Maharashtra was rated by CRISIL, who reaffirmed an A1+ rating on its deposit programme in November 2024. (as of 2024-11-01)","Bank of Maharashtra received an A1+ rating on its deposit programme, which was reaffirmed by the rating agency CRISIL as of November 2024.",Relevant,"The assistant summary accurately captures the core facts from the reference answer, including the A1+ rating, the certificate-of-deposit programme, the rating agency CRISIL, and the November 2024 date.",
"Roughly how many branches and ATMs does Bank of Maharashtra operate, and as of what date?","2,641 branches as of June 2025.",F_QuantCount,F_QuantCount,0.5019551925676716,quant_count,True,"[""branches"", ""ATMs"", ""Bank of Maharashtra""]","[{""entity"": ""branches"", ""matched_node_name"": ""branches"", ""matched_id"": ""825450c5-3a89-46a1-bf6f-9b5e414de076"", ""matched_type"": ""DISTRIBUTIONCHANNEL"", ""similarity"": 1.0, ""source"": ""gazetteer""}, {""entity"": ""ATMs"", ""matched_node_name"": ""ATMs"", ""matched_id"": ""4211be7c-a18e-4211-bd8a-4534d423385e"", ""matched_type"": ""DISTRIBUTIONCHANNEL"", ""similarity"": 1.0, ""source"": ""gazetteer""}, {""entity"": ""Bank of Maharashtra"", ""matched_node_name"": ""Bank of Maharashtra"", ""matched_id"": ""7e4c223f-ea2b-4911-94de-41d535536f03"", ""matched_type"": ""COMPANY"", ""similarity"": 1.0, ""source"": ""gazetteer""}]","Roughly how many <DISTRIBUTIONCHANNEL> and <DISTRIBUTIONCHANNEL> does <COMPANY> operate, and as of what date?","{""nn1"": ""COMPANY"", ""prop1_list"": [""USES_CHANNEL"", ""DEPENDS_ON""], ""nnp1"": ""7e4c223f-ea2b-4911-94de-41d535536f03"", ""nn2"": ""DISTRIBUTIONCHANNEL""}","{""nnp1"": ""7e4c223f-ea2b-4911-94de-41d535536f03"", ""nnp2"": ""825450c5-3a89-46a1-bf6f-9b5e414de076"", ""nnp3"": null, ""prop1"": ""USES_CHANNEL"", ""nn1"": ""COMPANY"", ""nn2"": ""DISTRIBUTIONCHANNEL"", ""threshold"": null, ""target_ids"": [""825450c5-3a89-46a1-bf6f-9b5e414de076"", ""4211be7c-a18e-4211-bd8a-4534d423385e""], ""prop1_list"": [""USES_CHANNEL"", ""DEPENDS_ON""], ""metric_name"": null, ""topic_name1"": ""Bank of Maharashtra"", ""topic_name2"": ""branches"", ""segment_ids"": []}",,0,,,Not relevant,No summary was produced for this query (empty assistant output).,
"What products and services does Bank of Maharashtra offer, and which customer segments does it serve?",Standard PSU banking suite with a track record of leading peers on loan and CASA growth.,F_Simple,F_Simple,0.5902610031105305,simple_triplet,True,"[""Bank of Maharashtra""]","[{""entity"": ""Bank of Maharashtra"", ""matched_node_name"": ""Bank of Maharashtra"", ""matched_id"": ""7e4c223f-ea2b-4911-94de-41d535536f03"", ""matched_type"": ""COMPANY"", ""similarity"": 1.0, ""source"": ""gazetteer""}]","What products and services does <COMPANY> offer, and which customer segments does it serve?","{""nn1"": ""COMPANY"", ""target_ids"": [], ""prop1_list"": [""ExposureRelation"", ""OFFERS_PRODUCT"", ""PROVIDES_SERVICE"", ""SERVES"", ""TARGETS"", ""HAS_ASSET_EXPOSURE_TO"", ""EXPOSURE_RELATION""], ""nnp1"": ""7e4c223f-ea2b-4911-94de-41d535536f03""}","{""nnp1"": ""7e4c223f-ea2b-4911-94de-41d535536f03"", ""nnp2"": null, ""nnp3"": null, ""prop1"": ""SERVES"", ""nn1"": ""COMPANY"", ""nn2"": null, ""threshold"": null, ""target_ids"": [], ""prop1_list"": [""ExposureRelation"", ""OFFERS_PRODUCT"", ""PROVIDES_SERVICE"", ""SERVES"", ""TARGETS"", ""HAS_ASSET_EXPOSURE_TO"", ""EXPOSURE_RELATION""], ""metric_name"": null, ""topic_name1"": ""Bank of Maharashtra"", ""topic_name2"": null, ""segment_ids"": []}",primary,5,"Template: simple_triplet (F_Simple)
Query intent: Simple question: subject linked to objects via a predicate.

Row 1: Bank of Maharashtra is exposed to credit risk arising from the rapid pace of its loan-book expansion.
Row 2: Bank of Maharashtra is exposed to funding risk tied to its recurring capital-raise dependencies.
Row 3: Bank of Maharashtra is exposed to geographic concentration risk within Maharashtra and western India.
Row 4: Bank of Maharashtra offers loan products and has seen significant growth in this segment.
Row 5: Bank of Maharashtra faces regulatory risk concerning public-shareholding compliance rules.","Bank of Maharashtra offers loan products and has experienced significant growth in this segment. The retrieved facts do not cover any other specific products, services, or customer segments served by the bank.",Somewhat relevant,"The assistant summary correctly captures the loan product aspect mentioned in the reference answer, but it misses the CASA growth and standard PSU banking suite details while stating that other specific products and segments are not covered.",
What is Punjab & Sind Bank's ticker symbol and on which exchange(s) does it trade?,"PSB, listed on both the NSE and the BSE.",F_Simple,F_Simple,0.5272617020235415,simple_triplet,True,"[""Punjab & Sind Bank""]","[{""entity"": ""Punjab & Sind Bank"", ""matched_node_name"": ""Punjab & Sind Bank"", ""matched_id"": ""68a1a0e0-8b22-4d01-9d2b-ae2e1dd2931f"", ""matched_type"": ""COMPANY"", ""similarity"": 1.0, ""source"": ""gazetteer""}]",What is <COMPANY>'s ticker symbol and on which exchange(s) does it trade?,"{""nnp1"": ""68a1a0e0-8b22-4d01-9d2b-ae2e1dd2931f""}","{""nnp1"": ""68a1a0e0-8b22-4d01-9d2b-ae2e1dd2931f"", ""nnp2"": null, ""nnp3"": null, ""prop1"": null, ""nn1"": ""COMPANY"", ""nn2"": null, ""threshold"": null, ""target_ids"": [], ""prop1_list"": [], ""metric_name"": null, ""topic_name1"": ""Punjab & Sind Bank"", ""topic_name2"": null, ""segment_ids"": []}",attribute_lookup_direct,6,"Template: simple_triplet (F_Simple)
Query intent: Simple question: subject linked to objects via a predicate.

Row 1: Punjab & Sind Bank's country is India
Row 2: Punjab & Sind Bank's description is Punjab & Sind Bank, headquartered in New Delhi and founded on 24 June 1908, is a Government of India-owned PSU bank with a Punjab-region-concentrated retail, agricultural and MSME franchise.
Row 3: Punjab & Sind Bank's exchange is NSE and BSE
Row 4: Punjab & Sind Bank's legal_name is Punjab & Sind Bank
Row 5: Punjab & Sind Bank's listed is True
Row 6: Punjab & Sind Bank's ticker is PSB","Punjab & Sind Bank's ticker symbol is PSB, and it trades on the NSE and BSE exchanges.",Relevant,"The assistant summary correctly identifies the ticker symbol as PSB and lists both the NSE and BSE exchanges, matching all material facts from the reference answer.",
"Who is the current MD & CEO (or Chairman, where that is the top executive title) of Punjab & Sind Bank?",Swarup Kumar Saha's tenure as MD was extended until February 2027; Charan Singh is reported as non-executive chairman (moderate confidence).,F_Simple,F_Simple,0.5283378025783668,simple_triplet,True,"[""Punjab & Sind Bank""]","[{""entity"": ""Punjab & Sind Bank"", ""matched_node_name"": ""Punjab & Sind Bank"", ""matched_id"": ""68a1a0e0-8b22-4d01-9d2b-ae2e1dd2931f"", ""matched_type"": ""COMPANY"", ""similarity"": 1.0, ""source"": ""gazetteer""}]","Who is the current MD & CEO (or Chairman, where that is the top executive title) of <COMPANY>?","{""nn1"": ""COMPANY"", ""target_ids"": [], ""prop1_list"": [""GovernanceRole"", ""HOLDS_ROLE"", ""GOVERNANCE_ROLE""], ""nnp1"": ""68a1a0e0-8b22-4d01-9d2b-ae2e1dd2931f""}","{""nnp1"": ""68a1a0e0-8b22-4d01-9d2b-ae2e1dd2931f"", ""nnp2"": null, ""nnp3"": null, ""prop1"": ""GovernanceRole"", ""nn1"": ""COMPANY"", ""nn2"": null, ""threshold"": null, ""target_ids"": [], ""prop1_list"": [""GovernanceRole"", ""HOLDS_ROLE"", ""GOVERNANCE_ROLE""], ""metric_name"": null, ""topic_name1"": ""Punjab & Sind Bank"", ""topic_name2"": null, ""segment_ids"": []}",primary,2,"Template: simple_triplet (F_Simple)
Query intent: Simple question: subject linked to objects via a predicate.

Row 1: [Punjab & Sind Bank] Charan Singh is reported as the non-executive chairman of Punjab & Sind Bank.
Row 2: [Punjab & Sind Bank] Swarup Kumar Saha serves as MD of Punjab & Sind Bank, with his tenure extended until February 2027.","Swarup Kumar Saha serves as the MD & CEO (Managing Director) of Punjab & Sind Bank, with his tenure extended until February 2027, while Charan Singh is reported as the non-executive Chairman.",Relevant,The assistant summary accurately captures both the MD & CEO details for Swarup Kumar Saha with his tenure extending to February 2027 and the non-executive Chairman details for Charan Singh as stated in the reference answer.,
"What percentage of Punjab & Sind Bank is held by its government promoter or largest shareholder, and as of what date?",Government ownership was unchanged at 93.85% as of the June 2025 quarter — the highest government-ownership concentration of any PSU bank in the dataset.,F_LogUnion,F_LogUnion,0.6214196189605303,logical_union,True,"[""Punjab & Sind Bank""]","[{""entity"": ""Punjab & Sind Bank"", ""matched_node_name"": ""Punjab & Sind Bank"", ""matched_id"": ""68a1a0e0-8b22-4d01-9d2b-ae2e1dd2931f"", ""matched_type"": ""COMPANY"", ""similarity"": 1.0, ""source"": ""gazetteer""}]","What percentage of <COMPANY> is held by its government promoter or largest shareholder, and as of what date?","{""nn1"": ""COMPANY"", ""nnp1"": ""68a1a0e0-8b22-4d01-9d2b-ae2e1dd2931f"", ""prop1_list"": [""OWNS"", ""REGULATED_BY"", ""OwnershipStake"", ""HELD_BY"", ""OWNS_STAKE_IN"", ""CorporateStructureRelation"", ""OWNERSHIP_STAKE"", ""CORPORATE_STRUCTURE_RELATION""], ""target_ids"": [], ""nnp2"": null}","{""nnp1"": ""68a1a0e0-8b22-4d01-9d2b-ae2e1dd2931f"", ""nnp2"": null, ""nnp3"": null, ""prop1"": ""CorporateStructureRelation"", ""nn1"": ""COMPANY"", ""nn2"": null, ""threshold"": null, ""target_ids"": [], ""prop1_list"": [""OWNS"", ""REGULATED_BY"", ""OwnershipStake"", ""HELD_BY"", ""OWNS_STAKE_IN"", ""CorporateStructureRelation"", ""OWNERSHIP_STAKE"", ""CORPORATE_STRUCTURE_RELATION""], ""metric_name"": null, ""topic_name1"": ""Punjab & Sind Bank"", ""topic_name2"": null, ""segment_ids"": []}",primary,4,"Template: logical_union (F_LogUnion)
Query intent: Union of two relationship patterns from the same subject.

Row 1: Punjab & Sind Bank is regulated by the RBI.
Row 2: Punjab & Sind Bank is regulated by the SEBI.
Row 3: [Punjab & Sind Bank] The Government of India maintained a high ownership stake of 93.85% in Punjab & Sind Bank as of the June 2025 quarter. (as of 2025-06-01)
Row 4: [Punjab & Sind Bank] LIC held a 1.33% stake in Punjab & Sind Bank as of the June 2025 quarter. (as of 2025-06-01)","The Government of India held a 93.85% ownership stake in Punjab & Sind Bank as of the June 2025 quarter (dated June 1, 2025).",Relevant,The assistant summary successfully conveys the exact government ownership percentage of 93.85% and the correct timeframe of the June 2025 quarter as stated in the reference answer.,
What are Punjab & Sind Bank's gross NPA and net NPA ratios?,Gross NPA down to 2.21% from 3.34%; net NPA down to 0.65% from 0.91%.,F_Simple,F_Simple,0.5219059417885892,simple_triplet,True,"[""Punjab & Sind Bank"", ""gross NPA"", ""net NPA""]","[{""entity"": ""Punjab & Sind Bank"", ""matched_node_name"": ""Punjab & Sind Bank"", ""matched_id"": ""68a1a0e0-8b22-4d01-9d2b-ae2e1dd2931f"", ""matched_type"": ""COMPANY"", ""similarity"": 1.0, ""source"": ""gazetteer""}, {""entity"": ""gross NPA"", ""matched_node_name"": ""gross NPA"", ""matched_id"": ""17de1b02-766d-4a7f-861e-a11cf8caa7ab"", ""matched_type"": ""METRIC"", ""similarity"": 1.0, ""source"": ""gazetteer""}, {""entity"": ""net NPA"", ""matched_node_name"": ""net NPA"", ""matched_id"": ""b0454088-e2c7-4c48-8ede-4505aee1e817"", ""matched_type"": ""METRIC"", ""similarity"": 1.0, ""source"": ""gazetteer""}]",What are <COMPANY>'s <METRIC> and <METRIC> ratios?,"{""nn1"": ""COMPANY"", ""target_ids"": [""17de1b02-766d-4a7f-861e-a11cf8caa7ab"", ""b0454088-e2c7-4c48-8ede-4505aee1e817""], ""prop1_list"": [""HAS_METRIC"", ""MetricObservation"", ""HAS_WEAKNESS"", ""HAS_RISK_DRIVER"", ""HAS_STRENGTH"", ""HAS_GROWTH_DRIVER"", ""HAS_OPPORTUNITY"", ""HAS_MARGIN_DRIVER"", ""HAS_ROE_DRIVER"", ""HAS_VALUATION_DRIVER"", ""METRIC_OBSERVATION""], ""nnp1"": ""68a1a0e0-8b22-4d01-9d2b-ae2e1dd2931f""}","{""nnp1"": ""68a1a0e0-8b22-4d01-9d2b-ae2e1dd2931f"", ""nnp2"": ""17de1b02-766d-4a7f-861e-a11cf8caa7ab"", ""nnp3"": null, ""prop1"": ""HAS_STRENGTH"", ""nn1"": ""COMPANY"", ""nn2"": ""METRIC"", ""threshold"": null, ""target_ids"": [""17de1b02-766d-4a7f-861e-a11cf8caa7ab"", ""b0454088-e2c7-4c48-8ede-4505aee1e817""], ""prop1_list"": [""HAS_METRIC"", ""MetricObservation"", ""HAS_WEAKNESS"", ""HAS_RISK_DRIVER"", ""HAS_STRENGTH"", ""HAS_GROWTH_DRIVER"", ""HAS_OPPORTUNITY"", ""HAS_MARGIN_DRIVER"", ""HAS_ROE_DRIVER"", ""HAS_VALUATION_DRIVER"", ""METRIC_OBSERVATION""], ""metric_name"": null, ""topic_name1"": ""Punjab & Sind Bank"", ""topic_name2"": ""gross NPA"", ""segment_ids"": []}",primary,11,"Template: simple_triplet (F_Simple)
Query intent: Simple question: subject linked to objects via a predicate.

Row 1: Punjab & Sind Bank successfully reduced its gross NPA from 3.34% to 2.21%.
Row 2: Punjab & Sind Bank brought its net NPA down from 0.91% to 0.65%.
Row 3: Punjab & Sind Bank reported a CET1 ratio of 16.56%.
Row 4: Punjab & Sind Bank posted a net profit for the quarter of ₹331.51 crore, up 23.17% year-on-year.
Row 5: Punjab & Sind Bank's clearest strength is its asset-quality improvement.
Row 6: Punjab & Sind Bank recorded a total income of ₹3,545.72 crore for the quarter.
Row 7: Punjab & Sind Bank's interest income was ₹3,213.37 crore, making up roughly 91% of total income.
Row 8: Punjab & Sind Bank benefits from a solid capital adequacy of 17.61%.
Row 9: Punjab & Sind Bank's clearest weakness is its small scale, featuring the smallest advances base and branch network among the twelve PSU banks.
Row 10: Punjab & Sind Bank struggles with a modest earnings profile, a weakness explicitly called out in CRISIL's rating rationale.
Row 11: Punjab & Sind Bank has an opportunity in its planned QIP to raise capital and decrease the government's stake.","Punjab & Sind Bank successfully reduced its gross NPA from 3.34% to 2.21%. Additionally, the bank brought its net NPA down from 0.91% to 0.65%.",Relevant,"The assistant summary successfully conveys all the material facts from the reference answer, accurately reporting the gross NPA ratios of 2.21% and 3.34% as well as the net NPA ratios of 0.65% and 0.91%.",
"What is Punjab & Sind Bank's capital adequacy ratio (CRAR), and its CET1 ratio if disclosed?",Capital adequacy 17.61% with CET1 16.56%.,F_Simple,F_Simple,0.4585325082585684,simple_triplet,True,"[""Punjab & Sind Bank"", ""capital adequacy ratio"", ""CET1 ratio""]","[{""entity"": ""Punjab & Sind Bank"", ""matched_node_name"": ""Punjab & Sind Bank"", ""matched_id"": ""68a1a0e0-8b22-4d01-9d2b-ae2e1dd2931f"", ""matched_type"": ""COMPANY"", ""similarity"": 1.0, ""source"": ""gazetteer""}, {""entity"": ""capital adequacy ratio"", ""matched_node_name"": ""capital adequacy ratio"", ""matched_id"": ""e2c8bdab-25f2-49d9-b3b9-f24b21583fe2"", ""matched_type"": ""METRIC"", ""similarity"": 1.0, ""source"": ""gazetteer""}, {""entity"": ""CET1 ratio"", ""matched_node_name"": ""CET1 percentage"", ""matched_id"": ""c5469579-75e6-4c83-b0f9-c16c1485a02f"", ""matched_type"": ""METRIC"", ""similarity"": 0.99, ""source"": ""alias""}]","What is <COMPANY>'s <METRIC> (CRAR), and its <METRIC> if disclosed?","{""nn1"": ""COMPANY"", ""target_ids"": [""e2c8bdab-25f2-49d9-b3b9-f24b21583fe2"", ""c5469579-75e6-4c83-b0f9-c16c1485a02f""], ""prop1_list"": [""HAS_METRIC"", ""MetricObservation"", ""HAS_WEAKNESS"", ""HAS_RISK_DRIVER"", ""HAS_STRENGTH"", ""HAS_GROWTH_DRIVER"", ""HAS_OPPORTUNITY"", ""HAS_MARGIN_DRIVER"", ""HAS_ROE_DRIVER"", ""HAS_VALUATION_DRIVER"", ""METRIC_OBSERVATION""], ""nnp1"": ""68a1a0e0-8b22-4d01-9d2b-ae2e1dd2931f""}","{""nnp1"": ""68a1a0e0-8b22-4d01-9d2b-ae2e1dd2931f"", ""nnp2"": ""e2c8bdab-25f2-49d9-b3b9-f24b21583fe2"", ""nnp3"": null, ""prop1"": ""HAS_STRENGTH"", ""nn1"": ""COMPANY"", ""nn2"": ""METRIC"", ""threshold"": null, ""target_ids"": [""e2c8bdab-25f2-49d9-b3b9-f24b21583fe2"", ""c5469579-75e6-4c83-b0f9-c16c1485a02f""], ""prop1_list"": [""HAS_METRIC"", ""MetricObservation"", ""HAS_WEAKNESS"", ""HAS_RISK_DRIVER"", ""HAS_STRENGTH"", ""HAS_GROWTH_DRIVER"", ""HAS_OPPORTUNITY"", ""HAS_MARGIN_DRIVER"", ""HAS_ROE_DRIVER"", ""HAS_VALUATION_DRIVER"", ""METRIC_OBSERVATION""], ""metric_name"": null, ""topic_name1"": ""Punjab & Sind Bank"", ""topic_name2"": ""capital adequacy ratio"", ""segment_ids"": []}",relaxed_direction,11,"Template: simple_triplet (F_Simple)
Query intent: Simple question: subject linked to objects via a predicate.

Row 1: Punjab & Sind Bank successfully reduced its gross NPA from 3.34% to 2.21%.
Row 2: Punjab & Sind Bank brought its net NPA down from 0.91% to 0.65%.
Row 3: Punjab & Sind Bank reported a CET1 ratio of 16.56%.
Row 4: Punjab & Sind Bank posted a net profit for the quarter of ₹331.51 crore, up 23.17% year-on-year.
Row 5: Punjab & Sind Bank's clearest strength is its asset-quality improvement.
Row 6: Punjab & Sind Bank recorded a total income of ₹3,545.72 crore for the quarter.
Row 7: Punjab & Sind Bank's interest income was ₹3,213.37 crore, making up roughly 91% of total income.
Row 8: Punjab & Sind Bank benefits from a solid capital adequacy of 17.61%.
Row 9: Punjab & Sind Bank's clearest weakness is its small scale, featuring the smallest advances base and branch network among the twelve PSU banks.
Row 10: Punjab & Sind Bank struggles with a modest earnings profile, a weakness explicitly called out in CRISIL's rating rationale.
Row 11: Punjab & Sind Bank has an opportunity in its planned QIP to raise capital and decrease the government's stake.",Punjab & Sind Bank has a capital adequacy ratio (CRAR) of 17.61% and a reported CET1 ratio of 16.56%.,Relevant,The assistant summary accurately captures both the capital adequacy ratio of 17.61% and the CET1 ratio of 16.56% as provided in the reference answer.,
What are Punjab & Sind Bank's return on assets (ROA) and return on equity (ROE) for the latest quarter?,Net profit up 23.17% year-on-year to ₹331.51 crore (standalone ROA/ROE not stated).,F_Simple,F_Simple,0.5859677884172529,simple_triplet,True,"[""Punjab & Sind Bank"", ""return on assets"", ""return on equity""]","[{""entity"": ""Punjab & Sind Bank"", ""matched_node_name"": ""Punjab & Sind Bank"", ""matched_id"": ""68a1a0e0-8b22-4d01-9d2b-ae2e1dd2931f"", ""matched_type"": ""COMPANY"", ""similarity"": 1.0, ""source"": ""gazetteer""}, {""entity"": ""return on assets"", ""matched_node_name"": ""return on assets"", ""matched_id"": ""9fe9c63b-26ba-4633-b3f0-2f73fa5b6d37"", ""matched_type"": ""METRIC"", ""similarity"": 1.0, ""source"": ""gazetteer""}, {""entity"": ""return on equity"", ""matched_node_name"": ""return on equity"", ""matched_id"": ""14e844eb-fd2b-4028-9460-92f4196b984a"", ""matched_type"": ""METRIC"", ""similarity"": 1.0, ""source"": ""gazetteer""}]",What are <COMPANY>'s <METRIC> (ROA) and <METRIC> (ROE) for the latest quarter?,"{""nn1"": ""COMPANY"", ""target_ids"": [""9fe9c63b-26ba-4633-b3f0-2f73fa5b6d37"", ""14e844eb-fd2b-4028-9460-92f4196b984a""], ""prop1_list"": [""HAS_METRIC"", ""MetricObservation"", ""HAS_WEAKNESS"", ""HAS_RISK_DRIVER"", ""HAS_STRENGTH"", ""HAS_GROWTH_DRIVER"", ""HAS_OPPORTUNITY"", ""HAS_MARGIN_DRIVER"", ""HAS_ROE_DRIVER"", ""HAS_VALUATION_DRIVER"", ""METRIC_OBSERVATION""], ""nnp1"": ""68a1a0e0-8b22-4d01-9d2b-ae2e1dd2931f""}","{""nnp1"": ""68a1a0e0-8b22-4d01-9d2b-ae2e1dd2931f"", ""nnp2"": ""9fe9c63b-26ba-4633-b3f0-2f73fa5b6d37"", ""nnp3"": null, ""prop1"": ""HAS_STRENGTH"", ""nn1"": ""COMPANY"", ""nn2"": ""METRIC"", ""threshold"": null, ""target_ids"": [""9fe9c63b-26ba-4633-b3f0-2f73fa5b6d37"", ""14e844eb-fd2b-4028-9460-92f4196b984a""], ""prop1_list"": [""HAS_METRIC"", ""MetricObservation"", ""HAS_WEAKNESS"", ""HAS_RISK_DRIVER"", ""HAS_STRENGTH"", ""HAS_GROWTH_DRIVER"", ""HAS_OPPORTUNITY"", ""HAS_MARGIN_DRIVER"", ""HAS_ROE_DRIVER"", ""HAS_VALUATION_DRIVER"", ""METRIC_OBSERVATION""], ""metric_name"": null, ""topic_name1"": ""Punjab & Sind Bank"", ""topic_name2"": ""return on assets"", ""segment_ids"": []}",relaxed_direction,11,"Template: simple_triplet (F_Simple)
Query intent: Simple question: subject linked to objects via a predicate.

Row 1: Punjab & Sind Bank successfully reduced its gross NPA from 3.34% to 2.21%.
Row 2: Punjab & Sind Bank brought its net NPA down from 0.91% to 0.65%.
Row 3: Punjab & Sind Bank reported a CET1 ratio of 16.56%.
Row 4: Punjab & Sind Bank posted a net profit for the quarter of ₹331.51 crore, up 23.17% year-on-year.
Row 5: Punjab & Sind Bank's clearest strength is its asset-quality improvement.
Row 6: Punjab & Sind Bank recorded a total income of ₹3,545.72 crore for the quarter.
Row 7: Punjab & Sind Bank's interest income was ₹3,213.37 crore, making up roughly 91% of total income.
Row 8: Punjab & Sind Bank benefits from a solid capital adequacy of 17.61%.
Row 9: Punjab & Sind Bank's clearest weakness is its small scale, featuring the smallest advances base and branch network among the twelve PSU banks.
Row 10: Punjab & Sind Bank struggles with a modest earnings profile, a weakness explicitly called out in CRISIL's rating rationale.
Row 11: Punjab & Sind Bank has an opportunity in its planned QIP to raise capital and decrease the government's stake.",The retrieved facts do not cover Punjab & Sind Bank's return on assets (ROA) or return on equity (ROE) for the latest quarter.,Relevant,"The reference answer explicitly states that the standalone ROA and ROE were not stated, and the assistant summary correctly identifies that these metrics are not covered in the retrieved facts.",
What was Punjab & Sind Bank's total advances (loan book) and deposit growth in the latest quarter?,"Advances reached ₹1,17,419 crore, up from ₹97,622 crore a year earlier (roughly 20% growth); a separately reported deposit figure of ₹14,71,296 crore is flagged as almost certainly a data-extraction error and is not reported as fact.",F_Simple,F_Simple,0.5741154930246071,simple_triplet,True,"[""Punjab & Sind Bank"", ""total advances"", ""loan"", ""deposit growth""]","[{""entity"": ""Punjab & Sind Bank"", ""matched_node_name"": ""Punjab & Sind Bank"", ""matched_id"": ""68a1a0e0-8b22-4d01-9d2b-ae2e1dd2931f"", ""matched_type"": ""COMPANY"", ""similarity"": 1.0, ""source"": ""gazetteer""}, {""entity"": ""total advances"", ""matched_node_name"": ""Total advances"", ""matched_id"": ""a1b36a29-fc07-41cc-b3a3-010e50f98882"", ""matched_type"": ""ASSETCLASS"", ""similarity"": 1.0, ""source"": ""gazetteer""}, {""entity"": ""loan"", ""matched_node_name"": ""loan"", ""matched_id"": ""13c28420-d40d-41d9-9101-1e3596e3c2ba"", ""matched_type"": ""PRODUCT"", ""similarity"": 1.0, ""source"": ""gazetteer""}, {""entity"": ""deposit growth"", ""matched_node_name"": ""Deposit growth"", ""matched_id"": ""7a5ad916-7608-42a4-b7b8-cef3032e3b45"", ""matched_type"": ""METRIC"", ""similarity"": 1.0, ""source"": ""gazetteer""}]",What was <COMPANY>'s <ASSETCLASS> (<PRODUCT> book) and <METRIC> in the latest quarter?,"{""nn1"": ""COMPANY"", ""target_ids"": [""a1b36a29-fc07-41cc-b3a3-010e50f98882"", ""13c28420-d40d-41d9-9101-1e3596e3c2ba"", ""7a5ad916-7608-42a4-b7b8-cef3032e3b45""], ""prop1_list"": [""HAS_METRIC"", ""MetricObservation"", ""ExposureRelation"", ""FUNDED_BY"", ""HAS_WEAKNESS"", ""HAS_RISK_DRIVER"", ""HAS_LOAN_EXPOSURE_TO"", ""HAS_STRENGTH"", ""HAS_GROWTH_DRIVER"", ""HAS_OPPORTUNITY"", ""HAS_MARGIN_DRIVER"", ""HAS_ROE_DRIVER"", ""HAS_VALUATION_DRIVER"", ""HAS_ASSET_EXPOSURE_TO"", ""METRIC_OBSERVATION"", ""EXPOSURE_RELATION""], ""nnp1"": ""68a1a0e0-8b22-4d01-9d2b-ae2e1dd2931f""}","{""nnp1"": ""68a1a0e0-8b22-4d01-9d2b-ae2e1dd2931f"", ""nnp2"": ""13c28420-d40d-41d9-9101-1e3596e3c2ba"", ""nnp3"": null, ""prop1"": ""HAS_STRENGTH"", ""nn1"": ""COMPANY"", ""nn2"": ""PRODUCT"", ""threshold"": null, ""target_ids"": [""a1b36a29-fc07-41cc-b3a3-010e50f98882"", ""13c28420-d40d-41d9-9101-1e3596e3c2ba"", ""7a5ad916-7608-42a4-b7b8-cef3032e3b45""], ""prop1_list"": [""HAS_METRIC"", ""MetricObservation"", ""ExposureRelation"", ""FUNDED_BY"", ""HAS_WEAKNESS"", ""HAS_RISK_DRIVER"", ""HAS_LOAN_EXPOSURE_TO"", ""HAS_STRENGTH"", ""HAS_GROWTH_DRIVER"", ""HAS_OPPORTUNITY"", ""HAS_MARGIN_DRIVER"", ""HAS_ROE_DRIVER"", ""HAS_VALUATION_DRIVER"", ""HAS_ASSET_EXPOSURE_TO"", ""METRIC_OBSERVATION"", ""EXPOSURE_RELATION""], ""metric_name"": null, ""topic_name1"": ""Punjab & Sind Bank"", ""topic_name2"": ""loan"", ""segment_ids"": []}",relaxed_direction,14,"Template: simple_triplet (F_Simple)
Query intent: Simple question: subject linked to objects via a predicate.

Row 1: Punjab & Sind Bank successfully reduced its gross NPA from 3.34% to 2.21%.
Row 2: Punjab & Sind Bank brought its net NPA down from 0.91% to 0.65%.
Row 3: Punjab & Sind Bank reported a CET1 ratio of 16.56%.
Row 4: Punjab & Sind Bank saw its advances reach ₹1,17,419 crore, up roughly 20% year-on-year from ₹97,622 crore.
Row 5: Punjab & Sind Bank posted a net profit for the quarter of ₹331.51 crore, up 23.17% year-on-year.
Row 6: Punjab & Sind Bank's clearest strength is its asset-quality improvement.
Row 7: Punjab & Sind Bank recorded a total income of ₹3,545.72 crore for the quarter.
Row 8: Punjab & Sind Bank's interest income was ₹3,213.37 crore, making up roughly 91% of total income.
Row 9: Punjab & Sind Bank has exposure to an agricultural franchise.
Row 10: Punjab & Sind Bank's management stated an intent to cut the government's stake by eight to nine percentage points through a qualified institutional placement. (as of 2026-07-21)
Row 11: Punjab & Sind Bank benefits from a solid capital adequacy of 17.61%.
Row 12: Punjab & Sind Bank's clearest weakness is its small scale, featuring the smallest advances base and branch network among the twelve PSU banks.
Row 13: Punjab & Sind Bank struggles with a modest earnings profile, a weakness explicitly called out in CRISIL's rating rationale.
Row 14: Punjab & Sind Bank has an opportunity in its planned QIP to raise capital and decrease the government's stake.","Punjab & Sind Bank saw its total advances (loan book) reach ₹1,17,419 crore, marking a year-on-year growth of roughly 20% from ₹97,622 crore. However, the provided facts do not cover deposit growth for the latest quarter.",Relevant,"The assistant summary correctly reports Punjab & Sind Bank's total advances reaching ₹1,17,419 crore with ~20% year-on-year growth from ₹97,622 crore, and appropriately notes that deposit growth data is not available, aligning with the reference answer's handling of the flawed deposit figure.",
"What credit ratings has Punjab & Sind Bank received, and from which rating agencies?","CRISIL reaffirmed an AA Stable rating on 10 September 2025 on its ₹500 crore Tier II bonds and ₹3,000 crore infrastructure bonds.",F_Simple,F_Simple,0.5229460713108118,simple_triplet,True,"[""Punjab & Sind Bank""]","[{""entity"": ""Punjab & Sind Bank"", ""matched_node_name"": ""Punjab & Sind Bank"", ""matched_id"": ""68a1a0e0-8b22-4d01-9d2b-ae2e1dd2931f"", ""matched_type"": ""COMPANY"", ""similarity"": 1.0, ""source"": ""gazetteer""}]","What credit ratings has <COMPANY> received, and from which rating agencies?","{""nn1"": ""COMPANY"", ""target_ids"": [], ""prop1_list"": [""HAS_RATING"", ""RATED_BY""], ""nnp1"": ""68a1a0e0-8b22-4d01-9d2b-ae2e1dd2931f""}","{""nnp1"": ""68a1a0e0-8b22-4d01-9d2b-ae2e1dd2931f"", ""nnp2"": null, ""nnp3"": null, ""prop1"": ""HAS_RATING"", ""nn1"": ""COMPANY"", ""nn2"": null, ""threshold"": null, ""target_ids"": [], ""prop1_list"": [""HAS_RATING"", ""RATED_BY""], ""metric_name"": null, ""topic_name1"": ""Punjab & Sind Bank"", ""topic_name2"": null, ""segment_ids"": []}",primary,2,"Template: simple_triplet (F_Simple)
Query intent: Simple question: subject linked to objects via a predicate.

Row 1: Punjab & Sind Bank holds an AA Stable rating on its ₹500 crore Tier II bonds and ₹3,000 crore infrastructure bonds. (as of 2025-09-10)
Row 2: Punjab & Sind Bank is rated by CRISIL.","Punjab & Sind Bank holds an AA Stable credit rating on its ₹500 crore Tier II bonds and ₹3,000 crore infrastructure bonds as of September 10, 2025. This rating has been assigned by the rating agency CRISIL.",Relevant,"The assistant summary accurately captures all material facts from the reference answer, including the CRISIL rating agency, the AA Stable rating, the date of September 10, 2025, and the specific bond amounts of ₹500 crore and ₹3,000 crore.",
"Roughly how many branches and ATMs does Punjab & Sind Bank operate, and as of what date?","1,817 branches as of June 2025, the largest single concentration (635 branches) within Punjab itself; a 2023 target of 4,000 combined branches/ATMs by March 2026 does not appear confirmed as met.",F_QuantCount,F_QuantCount,0.5019551925676716,quant_count,True,"[""branches"", ""ATMs"", ""Punjab & Sind Bank""]","[{""entity"": ""branches"", ""matched_node_name"": ""branches"", ""matched_id"": ""825450c5-3a89-46a1-bf6f-9b5e414de076"", ""matched_type"": ""DISTRIBUTIONCHANNEL"", ""similarity"": 1.0, ""source"": ""gazetteer""}, {""entity"": ""ATMs"", ""matched_node_name"": ""ATMs"", ""matched_id"": ""4211be7c-a18e-4211-bd8a-4534d423385e"", ""matched_type"": ""DISTRIBUTIONCHANNEL"", ""similarity"": 1.0, ""source"": ""gazetteer""}, {""entity"": ""Punjab & Sind Bank"", ""matched_node_name"": ""Punjab & Sind Bank"", ""matched_id"": ""68a1a0e0-8b22-4d01-9d2b-ae2e1dd2931f"", ""matched_type"": ""COMPANY"", ""similarity"": 1.0, ""source"": ""gazetteer""}]","Roughly how many <DISTRIBUTIONCHANNEL> and <DISTRIBUTIONCHANNEL> does <COMPANY> operate, and as of what date?","{""nn1"": ""COMPANY"", ""prop1_list"": [""USES_CHANNEL"", ""DEPENDS_ON""], ""nnp1"": ""68a1a0e0-8b22-4d01-9d2b-ae2e1dd2931f"", ""nn2"": ""DISTRIBUTIONCHANNEL""}","{""nnp1"": ""68a1a0e0-8b22-4d01-9d2b-ae2e1dd2931f"", ""nnp2"": ""825450c5-3a89-46a1-bf6f-9b5e414de076"", ""nnp3"": null, ""prop1"": ""USES_CHANNEL"", ""nn1"": ""COMPANY"", ""nn2"": ""DISTRIBUTIONCHANNEL"", ""threshold"": null, ""target_ids"": [""825450c5-3a89-46a1-bf6f-9b5e414de076"", ""4211be7c-a18e-4211-bd8a-4534d423385e""], ""prop1_list"": [""USES_CHANNEL"", ""DEPENDS_ON""], ""metric_name"": null, ""topic_name1"": ""Punjab & Sind Bank"", ""topic_name2"": ""branches"", ""segment_ids"": []}",primary,1,"Template: quant_count (F_QuantCount)
Query intent: Count related objects for a subject entity.

Row 1: subject_name=Punjab & Sind Bank | object_count=2 (2 facts)
  - Punjab & Sind Bank operates 1,817 branches as of June 2025, and previously set a 2023 management target of 4,000 combined branches and ATMs by March 2026. (as of 2025-06-01)
  - Punjab & Sind Bank aimed to reach 4,000 combined branches and ATMs by March 2026, according to a 2023 management target. (as of 2023-01-01)","Punjab & Sind Bank operates 1,817 branches as of June 2025, and it previously set a management target in 2023 to reach 4,000 combined branches and ATMs by March 2026.",Relevant,"The assistant summary accurately captures all material facts from the reference answer, including the 1,817 branches as of June 2025 and the 2023 target of 4,000 combined branches and ATMs by March 2026.",
"What products and services does Punjab & Sind Bank offer, and which customer segments does it serve?","Punjab-region-concentrated retail, agricultural and MSME franchise — the smallest of the twelve PSU banks by scale.",F_Simple,F_Simple,0.5902610031105305,simple_triplet,True,"[""Punjab & Sind Bank""]","[{""entity"": ""Punjab & Sind Bank"", ""matched_node_name"": ""Punjab & Sind Bank"", ""matched_id"": ""68a1a0e0-8b22-4d01-9d2b-ae2e1dd2931f"", ""matched_type"": ""COMPANY"", ""similarity"": 1.0, ""source"": ""gazetteer""}]","What products and services does <COMPANY> offer, and which customer segments does it serve?","{""nn1"": ""COMPANY"", ""target_ids"": [], ""prop1_list"": [""ExposureRelation"", ""OFFERS_PRODUCT"", ""PROVIDES_SERVICE"", ""SERVES"", ""TARGETS"", ""HAS_ASSET_EXPOSURE_TO"", ""EXPOSURE_RELATION""], ""nnp1"": ""68a1a0e0-8b22-4d01-9d2b-ae2e1dd2931f""}","{""nnp1"": ""68a1a0e0-8b22-4d01-9d2b-ae2e1dd2931f"", ""nnp2"": null, ""nnp3"": null, ""prop1"": ""SERVES"", ""nn1"": ""COMPANY"", ""nn2"": null, ""threshold"": null, ""target_ids"": [], ""prop1_list"": [""ExposureRelation"", ""OFFERS_PRODUCT"", ""PROVIDES_SERVICE"", ""SERVES"", ""TARGETS"", ""HAS_ASSET_EXPOSURE_TO"", ""EXPOSURE_RELATION""], ""metric_name"": null, ""topic_name1"": ""Punjab & Sind Bank"", ""topic_name2"": null, ""segment_ids"": []}",primary,3,"Template: simple_triplet (F_Simple)
Query intent: Simple question: subject linked to objects via a predicate.

Row 1: Punjab & Sind Bank saw its advances reach ₹1,17,419 crore, up roughly 20% year-on-year from ₹97,622 crore.
Row 2: Punjab & Sind Bank serves an MSME franchise.
Row 3: Punjab & Sind Bank serves a retail franchise.",Punjab & Sind Bank serves both an MSME franchise and a retail franchise. The provided knowledge graph facts do not cover the specific products and services offered by the bank.,Somewhat relevant,"The assistant summary correctly identifies the retail and MSME customer segments mentioned in the reference answer, but it misses the agricultural segment and claims that product and service information is unavailable.",
What is HDFC Bank's ticker symbol and on which exchange(s) does it trade?,"HDFCBANK on the NSE and BSE; ADR ""HDB"" on the NYSE.",F_Simple,F_Simple,0.5272617020235415,simple_triplet,True,"[""HDFC Bank""]","[{""entity"": ""HDFC Bank"", ""matched_node_name"": ""HDFC Bank"", ""matched_id"": ""a0a981aa-8d2c-4d20-b300-e6ce19898558"", ""matched_type"": ""COMPANY"", ""similarity"": 1.0, ""source"": ""gazetteer""}]",What is <COMPANY>'s ticker symbol and on which exchange(s) does it trade?,"{""nnp1"": ""a0a981aa-8d2c-4d20-b300-e6ce19898558""}","{""nnp1"": ""a0a981aa-8d2c-4d20-b300-e6ce19898558"", ""nnp2"": null, ""nnp3"": null, ""prop1"": null, ""nn1"": ""COMPANY"", ""nn2"": null, ""threshold"": null, ""target_ids"": [], ""prop1_list"": [], ""metric_name"": null, ""topic_name1"": ""HDFC Bank"", ""topic_name2"": null, ""segment_ids"": []}",attribute_lookup_direct,7,"Template: simple_triplet (F_Simple)
Query intent: Simple question: subject linked to objects via a predicate.

Row 1: HDFC Bank's banking_segment is Private Bank
Row 2: HDFC Bank's country is India
Row 3: HDFC Bank's description is HDFC Bank, headquartered in Mumbai, Maharashtra, is India's largest private bank. It runs a universal-bank model spanning retail, wholesale/corporate and treasury business plus third-party insurance and mutual-fund distribution.
Row 4: HDFC Bank's exchange is NSE, BSE
Row 5: HDFC Bank's legal_name is HDFC Bank
Row 6: HDFC Bank's listed is True
Row 7: HDFC Bank's ticker is HDFCBANK",HDFC Bank trades with the ticker symbol HDFCBANK and is listed on both the NSE and BSE exchanges.,Somewhat relevant,"The assistant summary correctly identifies the ticker HDFCBANK and the exchanges NSE and BSE, but it completely misses the detail about the ADR 'HDB' trading on the NYSE.",
"Who is the current MD & CEO (or Chairman, where that is the top executive title) of HDFC Bank?",Sashidhar Jagdishan is MD & CEO but has announced retirement effective 26 October 2026 with no successor yet named; Atanu Chakraborty is chairman.,F_Simple,F_Simple,0.5283378025783668,simple_triplet,True,"[""HDFC Bank""]","[{""entity"": ""HDFC Bank"", ""matched_node_name"": ""HDFC Bank"", ""matched_id"": ""a0a981aa-8d2c-4d20-b300-e6ce19898558"", ""matched_type"": ""COMPANY"", ""similarity"": 1.0, ""source"": ""gazetteer""}]","Who is the current MD & CEO (or Chairman, where that is the top executive title) of <COMPANY>?","{""nn1"": ""COMPANY"", ""target_ids"": [], ""prop1_list"": [""GovernanceRole"", ""HOLDS_ROLE"", ""GOVERNANCE_ROLE""], ""nnp1"": ""a0a981aa-8d2c-4d20-b300-e6ce19898558""}","{""nnp1"": ""a0a981aa-8d2c-4d20-b300-e6ce19898558"", ""nnp2"": null, ""nnp3"": null, ""prop1"": ""GovernanceRole"", ""nn1"": ""COMPANY"", ""nn2"": null, ""threshold"": null, ""target_ids"": [], ""prop1_list"": [""GovernanceRole"", ""HOLDS_ROLE"", ""GOVERNANCE_ROLE""], ""metric_name"": null, ""topic_name1"": ""HDFC Bank"", ""topic_name2"": null, ""segment_ids"": []}",primary,2,"Template: simple_triplet (F_Simple)
Query intent: Simple question: subject linked to objects via a predicate.

Row 1: [HDFC Bank] Atanu Chakraborty holds the role of chairman at HDFC Bank following a three-year reappointment extension.
Row 2: [HDFC Bank] Sashidhar Jagdishan holds the role of MD & CEO at HDFC Bank but announced his retirement effective October 26, 2026.","Sashidhar Jagdishan holds the role of MD & CEO at HDFC Bank, though he announced his retirement effective October 26, 2026. Additionally, Atanu Chakraborty holds the role of chairman at HDFC Bank following a three-year reappointment extension.",Relevant,"The assistant summary correctly identifies Sashidhar Jagdishan as MD & CEO, notes his retirement date of October 26, 2026, and names Atanu Chakraborty as chairman, matching all material facts from the reference answer.",
"What percentage of HDFC Bank is held by its government promoter or largest shareholder, and as of what date?","No promoter since HDFC Limited merged into the bank in July 2023. As of September 2026: FIIs 41.82%, domestic institutions 41.75%, public 16.27%, Government of India 0.18%.",F_LogUnion,F_LogUnion,0.6214196189605303,logical_union,True,"[""HDFC Bank""]","[{""entity"": ""HDFC Bank"", ""matched_node_name"": ""HDFC Bank"", ""matched_id"": ""a0a981aa-8d2c-4d20-b300-e6ce19898558"", ""matched_type"": ""COMPANY"", ""similarity"": 1.0, ""source"": ""gazetteer""}]","What percentage of <COMPANY> is held by its government promoter or largest shareholder, and as of what date?","{""nn1"": ""COMPANY"", ""nnp1"": ""a0a981aa-8d2c-4d20-b300-e6ce19898558"", ""prop1_list"": [""OWNS"", ""REGULATED_BY"", ""OwnershipStake"", ""HELD_BY"", ""OWNS_STAKE_IN"", ""CorporateStructureRelation"", ""OWNERSHIP_STAKE"", ""CORPORATE_STRUCTURE_RELATION""], ""target_ids"": [], ""nnp2"": null}","{""nnp1"": ""a0a981aa-8d2c-4d20-b300-e6ce19898558"", ""nnp2"": null, ""nnp3"": null, ""prop1"": ""CorporateStructureRelation"", ""nn1"": ""COMPANY"", ""nn2"": null, ""threshold"": null, ""target_ids"": [], ""prop1_list"": [""OWNS"", ""REGULATED_BY"", ""OwnershipStake"", ""HELD_BY"", ""OWNS_STAKE_IN"", ""CorporateStructureRelation"", ""OWNERSHIP_STAKE"", ""CORPORATE_STRUCTURE_RELATION""], ""metric_name"": null, ""topic_name1"": ""HDFC Bank"", ""topic_name2"": null, ""segment_ids"": []}",primary,5,"Template: logical_union (F_LogUnion)
Query intent: Union of two relationship patterns from the same subject.

Row 1: [HDFC Bank] Domestic institutions held 41.75% of HDFC Bank as of September 2026. (as of 2026-09-01)
Row 2: [HDFC Bank] HDFC Limited merged into HDFC Bank in July 2023. (as of 2023-07-01)
Row 3: [HDFC Bank] The public held a 16.27% stake in HDFC Bank as of September 2026. (as of 2026-09-01)
Row 4: [HDFC Bank] The Government of India held 0.18% of HDFC Bank as of September 2026. (as of 2026-09-01)
Row 5: [HDFC Bank] FIIs held a 41.82% stake in HDFC Bank as of September 2026. (as of 2026-09-01)",The Government of India held 0.18% of HDFC Bank as of September 2026.,Somewhat relevant,"The assistant summary correctly identifies the Government of India holding of 0.18% as of September 2026, but it completely misses the crucial fact that HDFC Bank has no promoter due to the merger in July 2023 and omits the other major shareholder categories.",
What was HDFC Bank's CASA ratio in the most recently reported quarter?,32% in Q1 FY27.,F_Simple,F_Simple,0.45300680749982714,simple_triplet,True,"[""HDFC Bank"", ""CASA ratio""]","[{""entity"": ""HDFC Bank"", ""matched_node_name"": ""HDFC Bank"", ""matched_id"": ""a0a981aa-8d2c-4d20-b300-e6ce19898558"", ""matched_type"": ""COMPANY"", ""similarity"": 1.0, ""source"": ""gazetteer""}, {""entity"": ""CASA ratio"", ""matched_node_name"": ""CASA ratio"", ""matched_id"": ""2f007236-19aa-494e-a277-c5e8d54d60fe"", ""matched_type"": ""METRIC"", ""similarity"": 1.0, ""source"": ""gazetteer""}]",What was <COMPANY>'s <METRIC> in the most recently reported quarter?,"{""nn1"": ""COMPANY"", ""target_ids"": [""2f007236-19aa-494e-a277-c5e8d54d60fe""], ""prop1_list"": [""HAS_METRIC"", ""MetricObservation"", ""HAS_WEAKNESS"", ""HAS_RISK_DRIVER"", ""HAS_STRENGTH"", ""HAS_GROWTH_DRIVER"", ""HAS_OPPORTUNITY"", ""HAS_MARGIN_DRIVER"", ""HAS_ROE_DRIVER"", ""HAS_VALUATION_DRIVER"", ""METRIC_OBSERVATION""], ""nnp1"": ""a0a981aa-8d2c-4d20-b300-e6ce19898558""}","{""nnp1"": ""a0a981aa-8d2c-4d20-b300-e6ce19898558"", ""nnp2"": ""2f007236-19aa-494e-a277-c5e8d54d60fe"", ""nnp3"": null, ""prop1"": ""HAS_STRENGTH"", ""nn1"": ""COMPANY"", ""nn2"": ""METRIC"", ""threshold"": null, ""target_ids"": [""2f007236-19aa-494e-a277-c5e8d54d60fe""], ""prop1_list"": [""HAS_METRIC"", ""MetricObservation"", ""HAS_WEAKNESS"", ""HAS_RISK_DRIVER"", ""HAS_STRENGTH"", ""HAS_GROWTH_DRIVER"", ""HAS_OPPORTUNITY"", ""HAS_MARGIN_DRIVER"", ""HAS_ROE_DRIVER"", ""HAS_VALUATION_DRIVER"", ""METRIC_OBSERVATION""], ""metric_name"": null, ""topic_name1"": ""HDFC Bank"", ""topic_name2"": ""CASA ratio"", ""segment_ids"": []}",primary,24,"Template: simple_triplet (F_Simple)
Query intent: Simple question: subject linked to objects via a predicate.

Row 1: HDFC Bank reported a Q1 FY27 CASA ratio of 32%. (as of 2026-06-30)
Row 2: HDFC Bank's Q1 FY27 return on assets was 1.85%. (as of 2026-06-30)
Row 3: HDFC Bank sustained a double-digit return on equity of 13.8% this quarter.
Row 4: HDFC Bank recorded a cost-to-income ratio of 39.2% for Q1 FY27. (as of 2026-06-30)
Row 5: HDFC Bank reported a headline gross NPA of 1.17%.
Row 6: [HDFC Bank] A specific Q1 FY27 net-NPA figure was measured but could not be reliably reported for HDFC Bank.
Row 7: HDFC Bank maintained a provision coverage of 66% in Q1 FY27. (as of 2026-06-30)
Row 8: HDFC Bank exhibited a Q1 FY27 capital adequacy of 19.6%. (as of 2026-06-30)
Row 9: HDFC Bank's CET1 stood at 17.4% during Q1 FY27. (as of 2026-06-30)
Row 10: HDFC Bank views operating leverage at scale as a driver for its return on equity.
Row 11: HDFC Bank recorded Q1 FY27 gross advances of ₹30,608 billion, a 15.4% increase year-on-year. (as of 2026-06-30)
Row 12: HDFC Bank reported a profit after tax of ₹19,060 crore, representing a 5% increase year-on-year.
Row 13: HDFC Bank's clearest weakness is net interest margin compression, falling to 3.26%.
Row 14: HDFC Bank faces genuine uncertainty around CEO succession due to Sashidhar Jagdishan's announced retirement.
Row 15: HDFC Bank has the opportunity to leverage its post-merger balance-sheet scale enabling more mortgage and retail cross-selling.
Row 16: HDFC Bank has a gross NPA excluding agriculture metric of 0.91%.
Row 17: HDFC Bank expects its growth to be driven by branch expansion.
Row 18: HDFC Bank anticipates growth from deposit mobilization.
Row 19: HDFC Bank counts retail-loan re-acceleration as an expected growth driver.
Row 20: HDFC Bank expects its margin to be driven by the cost-of-funds trajectory as its CASA normalizes.
Row 21: HDFC Bank considers unsecured and agricultural asset quality as its key risk driver.
Row 22: HDFC Bank's pending clarity on CEO succession serves as a valuation-relevant driver.
Row 23: HDFC Bank maintained total deposits of ₹31,708 billion, up 14.7% year-on-year in Q1 FY27. (as of 2026-06-30)
Row 24: HDFC Bank observed its Net interest income grow 7% year-on-year.","HDFC Bank reported a CASA ratio of 32% for the most recently reported quarter, Q1 FY27, as of June 30, 2026.",Relevant,The assistant summary accurately captures both the CASA ratio of 32% and the specific quarter (Q1 FY27) provided in the reference answer.,
What is HDFC Bank's net interest margin (NIM) for the latest reported period?,"3.26%, well below the bank's historical range of roughly 4%.",F_Simple,F_Simple,0.41326111719969927,simple_triplet,True,"[""HDFC Bank"", ""net interest margin""]","[{""entity"": ""HDFC Bank"", ""matched_node_name"": ""HDFC Bank"", ""matched_id"": ""a0a981aa-8d2c-4d20-b300-e6ce19898558"", ""matched_type"": ""COMPANY"", ""similarity"": 1.0, ""source"": ""gazetteer""}, {""entity"": ""net interest margin"", ""matched_node_name"": ""net interest margin"", ""matched_id"": ""d5aaa814-57dd-46cd-b801-d73c80a43d6c"", ""matched_type"": ""METRIC"", ""similarity"": 1.0, ""source"": ""gazetteer""}]",What is <COMPANY>'s <METRIC> (NIM) for the latest reported period?,"{""nn1"": ""COMPANY"", ""target_ids"": [""d5aaa814-57dd-46cd-b801-d73c80a43d6c""], ""prop1_list"": [""HAS_METRIC"", ""MetricObservation"", ""HAS_WEAKNESS"", ""HAS_RISK_DRIVER"", ""HAS_STRENGTH"", ""HAS_GROWTH_DRIVER"", ""HAS_OPPORTUNITY"", ""HAS_MARGIN_DRIVER"", ""HAS_ROE_DRIVER"", ""HAS_VALUATION_DRIVER"", ""METRIC_OBSERVATION""], ""nnp1"": ""a0a981aa-8d2c-4d20-b300-e6ce19898558""}","{""nnp1"": ""a0a981aa-8d2c-4d20-b300-e6ce19898558"", ""nnp2"": ""d5aaa814-57dd-46cd-b801-d73c80a43d6c"", ""nnp3"": null, ""prop1"": ""HAS_STRENGTH"", ""nn1"": ""COMPANY"", ""nn2"": ""METRIC"", ""threshold"": null, ""target_ids"": [""d5aaa814-57dd-46cd-b801-d73c80a43d6c""], ""prop1_list"": [""HAS_METRIC"", ""MetricObservation"", ""HAS_WEAKNESS"", ""HAS_RISK_DRIVER"", ""HAS_STRENGTH"", ""HAS_GROWTH_DRIVER"", ""HAS_OPPORTUNITY"", ""HAS_MARGIN_DRIVER"", ""HAS_ROE_DRIVER"", ""HAS_VALUATION_DRIVER"", ""METRIC_OBSERVATION""], ""metric_name"": null, ""topic_name1"": ""HDFC Bank"", ""topic_name2"": ""net interest margin"", ""segment_ids"": []}",relaxed_direction,24,"Template: simple_triplet (F_Simple)
Query intent: Simple question: subject linked to objects via a predicate.

Row 1: HDFC Bank's Q1 FY27 return on assets was 1.85%. (as of 2026-06-30)
Row 2: HDFC Bank sustained a double-digit return on equity of 13.8% this quarter.
Row 3: HDFC Bank recorded a cost-to-income ratio of 39.2% for Q1 FY27. (as of 2026-06-30)
Row 4: HDFC Bank reported a headline gross NPA of 1.17%.
Row 5: [HDFC Bank] A specific Q1 FY27 net-NPA figure was measured but could not be reliably reported for HDFC Bank.
Row 6: HDFC Bank maintained a provision coverage of 66% in Q1 FY27. (as of 2026-06-30)
Row 7: HDFC Bank exhibited a Q1 FY27 capital adequacy of 19.6%. (as of 2026-06-30)
Row 8: HDFC Bank's CET1 stood at 17.4% during Q1 FY27. (as of 2026-06-30)
Row 9: HDFC Bank views operating leverage at scale as a driver for its return on equity.
Row 10: HDFC Bank recorded Q1 FY27 gross advances of ₹30,608 billion, a 15.4% increase year-on-year. (as of 2026-06-30)
Row 11: HDFC Bank reported a profit after tax of ₹19,060 crore, representing a 5% increase year-on-year.
Row 12: HDFC Bank's clearest weakness is net interest margin compression, falling to 3.26%.
Row 13: HDFC Bank faces genuine uncertainty around CEO succession due to Sashidhar Jagdishan's announced retirement.
Row 14: HDFC Bank has the opportunity to leverage its post-merger balance-sheet scale enabling more mortgage and retail cross-selling.
Row 15: HDFC Bank has a gross NPA excluding agriculture metric of 0.91%.
Row 16: HDFC Bank expects its growth to be driven by branch expansion.
Row 17: HDFC Bank anticipates growth from deposit mobilization.
Row 18: HDFC Bank counts retail-loan re-acceleration as an expected growth driver.
Row 19: HDFC Bank expects its margin to be driven by the cost-of-funds trajectory as its CASA normalizes.
Row 20: HDFC Bank considers unsecured and agricultural asset quality as its key risk driver.
Row 21: HDFC Bank's pending clarity on CEO succession serves as a valuation-relevant driver.
Row 22: HDFC Bank reported a Q1 FY27 CASA ratio of 32%. (as of 2026-06-30)
Row 23: HDFC Bank maintained total deposits of ₹31,708 billion, up 14.7% year-on-year in Q1 FY27. (as of 2026-06-30)
Row 24: HDFC Bank observed its Net interest income grow 7% year-on-year.","HDFC Bank's net interest margin (NIM) for the latest reported period has compressed, falling to 3.26%.",Relevant,"The assistant summary successfully conveys the exact net interest margin of 3.26% mentioned in the reference answer, accurately reflecting the core fact for the latest reported period.",
What are HDFC Bank's gross NPA and net NPA ratios?,A net-NPA figure could not be reliably reported this session because the extracted figure was internally inconsistent (it exceeded the gross-NPA figure). Gross NPA excluding agriculture is 0.91% against a headline figure of 1.17%.,F_Simple,F_Simple,0.5219059417885892,simple_triplet,True,"[""HDFC Bank"", ""gross NPA"", ""net NPA""]","[{""entity"": ""HDFC Bank"", ""matched_node_name"": ""HDFC Bank"", ""matched_id"": ""a0a981aa-8d2c-4d20-b300-e6ce19898558"", ""matched_type"": ""COMPANY"", ""similarity"": 1.0, ""source"": ""gazetteer""}, {""entity"": ""gross NPA"", ""matched_node_name"": ""gross NPA"", ""matched_id"": ""17de1b02-766d-4a7f-861e-a11cf8caa7ab"", ""matched_type"": ""METRIC"", ""similarity"": 1.0, ""source"": ""gazetteer""}, {""entity"": ""net NPA"", ""matched_node_name"": ""net NPA"", ""matched_id"": ""b0454088-e2c7-4c48-8ede-4505aee1e817"", ""matched_type"": ""METRIC"", ""similarity"": 1.0, ""source"": ""gazetteer""}]",What are <COMPANY>'s <METRIC> and <METRIC> ratios?,"{""nn1"": ""COMPANY"", ""target_ids"": [""17de1b02-766d-4a7f-861e-a11cf8caa7ab"", ""b0454088-e2c7-4c48-8ede-4505aee1e817""], ""prop1_list"": [""HAS_METRIC"", ""MetricObservation"", ""HAS_WEAKNESS"", ""HAS_RISK_DRIVER"", ""HAS_STRENGTH"", ""HAS_GROWTH_DRIVER"", ""HAS_OPPORTUNITY"", ""HAS_MARGIN_DRIVER"", ""HAS_ROE_DRIVER"", ""HAS_VALUATION_DRIVER"", ""METRIC_OBSERVATION""], ""nnp1"": ""a0a981aa-8d2c-4d20-b300-e6ce19898558""}","{""nnp1"": ""a0a981aa-8d2c-4d20-b300-e6ce19898558"", ""nnp2"": ""17de1b02-766d-4a7f-861e-a11cf8caa7ab"", ""nnp3"": null, ""prop1"": ""HAS_STRENGTH"", ""nn1"": ""COMPANY"", ""nn2"": ""METRIC"", ""threshold"": null, ""target_ids"": [""17de1b02-766d-4a7f-861e-a11cf8caa7ab"", ""b0454088-e2c7-4c48-8ede-4505aee1e817""], ""prop1_list"": [""HAS_METRIC"", ""MetricObservation"", ""HAS_WEAKNESS"", ""HAS_RISK_DRIVER"", ""HAS_STRENGTH"", ""HAS_GROWTH_DRIVER"", ""HAS_OPPORTUNITY"", ""HAS_MARGIN_DRIVER"", ""HAS_ROE_DRIVER"", ""HAS_VALUATION_DRIVER"", ""METRIC_OBSERVATION""], ""metric_name"": null, ""topic_name1"": ""HDFC Bank"", ""topic_name2"": ""gross NPA"", ""segment_ids"": []}",primary,24,"Template: simple_triplet (F_Simple)
Query intent: Simple question: subject linked to objects via a predicate.

Row 1: HDFC Bank reported a headline gross NPA of 1.17%.
Row 2: [HDFC Bank] A specific Q1 FY27 net-NPA figure was measured but could not be reliably reported for HDFC Bank.
Row 3: HDFC Bank's Q1 FY27 return on assets was 1.85%. (as of 2026-06-30)
Row 4: HDFC Bank sustained a double-digit return on equity of 13.8% this quarter.
Row 5: HDFC Bank recorded a cost-to-income ratio of 39.2% for Q1 FY27. (as of 2026-06-30)
Row 6: HDFC Bank maintained a provision coverage of 66% in Q1 FY27. (as of 2026-06-30)
Row 7: HDFC Bank exhibited a Q1 FY27 capital adequacy of 19.6%. (as of 2026-06-30)
Row 8: HDFC Bank's CET1 stood at 17.4% during Q1 FY27. (as of 2026-06-30)
Row 9: HDFC Bank views operating leverage at scale as a driver for its return on equity.
Row 10: HDFC Bank recorded Q1 FY27 gross advances of ₹30,608 billion, a 15.4% increase year-on-year. (as of 2026-06-30)
Row 11: HDFC Bank reported a profit after tax of ₹19,060 crore, representing a 5% increase year-on-year.
Row 12: HDFC Bank's clearest weakness is net interest margin compression, falling to 3.26%.
Row 13: HDFC Bank faces genuine uncertainty around CEO succession due to Sashidhar Jagdishan's announced retirement.
Row 14: HDFC Bank has the opportunity to leverage its post-merger balance-sheet scale enabling more mortgage and retail cross-selling.
Row 15: HDFC Bank has a gross NPA excluding agriculture metric of 0.91%.
Row 16: HDFC Bank expects its growth to be driven by branch expansion.
Row 17: HDFC Bank anticipates growth from deposit mobilization.
Row 18: HDFC Bank counts retail-loan re-acceleration as an expected growth driver.
Row 19: HDFC Bank expects its margin to be driven by the cost-of-funds trajectory as its CASA normalizes.
Row 20: HDFC Bank considers unsecured and agricultural asset quality as its key risk driver.
Row 21: HDFC Bank's pending clarity on CEO succession serves as a valuation-relevant driver.
Row 22: HDFC Bank reported a Q1 FY27 CASA ratio of 32%. (as of 2026-06-30)
Row 23: HDFC Bank maintained total deposits of ₹31,708 billion, up 14.7% year-on-year in Q1 FY27. (as of 2026-06-30)
Row 24: HDFC Bank observed its Net interest income grow 7% year-on-year.","HDFC Bank reported a headline gross NPA ratio of 1.17% (and a gross NPA excluding agriculture of 0.91%). However, a specific net-NPA figure for Q1 FY27 was measured but could not be reliably reported for the bank.",Relevant,The assistant summary accurately captures the reference answer's points that the gross NPA is 1.17% (with agriculture excluded at 0.91%) and that a reliable net-NPA figure could not be reported due to internal inconsistency.,
"What is HDFC Bank's capital adequacy ratio (CRAR), and its CET1 ratio if disclosed?",Capital adequacy 19.6% with CET1 17.4%.,F_Simple,F_Simple,0.4585325082585684,simple_triplet,True,"[""HDFC Bank"", ""capital adequacy ratio"", ""CET1 ratio""]","[{""entity"": ""HDFC Bank"", ""matched_node_name"": ""HDFC Bank"", ""matched_id"": ""a0a981aa-8d2c-4d20-b300-e6ce19898558"", ""matched_type"": ""COMPANY"", ""similarity"": 1.0, ""source"": ""gazetteer""}, {""entity"": ""capital adequacy ratio"", ""matched_node_name"": ""capital adequacy ratio"", ""matched_id"": ""e2c8bdab-25f2-49d9-b3b9-f24b21583fe2"", ""matched_type"": ""METRIC"", ""similarity"": 1.0, ""source"": ""gazetteer""}, {""entity"": ""CET1 ratio"", ""matched_node_name"": ""CET1 percentage"", ""matched_id"": ""c5469579-75e6-4c83-b0f9-c16c1485a02f"", ""matched_type"": ""METRIC"", ""similarity"": 0.99, ""source"": ""alias""}]","What is <COMPANY>'s <METRIC> (CRAR), and its <METRIC> if disclosed?","{""nn1"": ""COMPANY"", ""target_ids"": [""e2c8bdab-25f2-49d9-b3b9-f24b21583fe2"", ""c5469579-75e6-4c83-b0f9-c16c1485a02f""], ""prop1_list"": [""HAS_METRIC"", ""MetricObservation"", ""HAS_WEAKNESS"", ""HAS_RISK_DRIVER"", ""HAS_STRENGTH"", ""HAS_GROWTH_DRIVER"", ""HAS_OPPORTUNITY"", ""HAS_MARGIN_DRIVER"", ""HAS_ROE_DRIVER"", ""HAS_VALUATION_DRIVER"", ""METRIC_OBSERVATION""], ""nnp1"": ""a0a981aa-8d2c-4d20-b300-e6ce19898558""}","{""nnp1"": ""a0a981aa-8d2c-4d20-b300-e6ce19898558"", ""nnp2"": ""e2c8bdab-25f2-49d9-b3b9-f24b21583fe2"", ""nnp3"": null, ""prop1"": ""HAS_STRENGTH"", ""nn1"": ""COMPANY"", ""nn2"": ""METRIC"", ""threshold"": null, ""target_ids"": [""e2c8bdab-25f2-49d9-b3b9-f24b21583fe2"", ""c5469579-75e6-4c83-b0f9-c16c1485a02f""], ""prop1_list"": [""HAS_METRIC"", ""MetricObservation"", ""HAS_WEAKNESS"", ""HAS_RISK_DRIVER"", ""HAS_STRENGTH"", ""HAS_GROWTH_DRIVER"", ""HAS_OPPORTUNITY"", ""HAS_MARGIN_DRIVER"", ""HAS_ROE_DRIVER"", ""HAS_VALUATION_DRIVER"", ""METRIC_OBSERVATION""], ""metric_name"": null, ""topic_name1"": ""HDFC Bank"", ""topic_name2"": ""capital adequacy ratio"", ""segment_ids"": []}",primary,24,"Template: simple_triplet (F_Simple)
Query intent: Simple question: subject linked to objects via a predicate.

Row 1: HDFC Bank exhibited a Q1 FY27 capital adequacy of 19.6%. (as of 2026-06-30)
Row 2: HDFC Bank's Q1 FY27 return on assets was 1.85%. (as of 2026-06-30)
Row 3: HDFC Bank sustained a double-digit return on equity of 13.8% this quarter.
Row 4: HDFC Bank recorded a cost-to-income ratio of 39.2% for Q1 FY27. (as of 2026-06-30)
Row 5: HDFC Bank reported a headline gross NPA of 1.17%.
Row 6: [HDFC Bank] A specific Q1 FY27 net-NPA figure was measured but could not be reliably reported for HDFC Bank.
Row 7: HDFC Bank maintained a provision coverage of 66% in Q1 FY27. (as of 2026-06-30)
Row 8: HDFC Bank's CET1 stood at 17.4% during Q1 FY27. (as of 2026-06-30)
Row 9: HDFC Bank views operating leverage at scale as a driver for its return on equity.
Row 10: HDFC Bank recorded Q1 FY27 gross advances of ₹30,608 billion, a 15.4% increase year-on-year. (as of 2026-06-30)
Row 11: HDFC Bank reported a profit after tax of ₹19,060 crore, representing a 5% increase year-on-year.
Row 12: HDFC Bank's clearest weakness is net interest margin compression, falling to 3.26%.
Row 13: HDFC Bank faces genuine uncertainty around CEO succession due to Sashidhar Jagdishan's announced retirement.
Row 14: HDFC Bank has the opportunity to leverage its post-merger balance-sheet scale enabling more mortgage and retail cross-selling.
Row 15: HDFC Bank has a gross NPA excluding agriculture metric of 0.91%.
Row 16: HDFC Bank expects its growth to be driven by branch expansion.
Row 17: HDFC Bank anticipates growth from deposit mobilization.
Row 18: HDFC Bank counts retail-loan re-acceleration as an expected growth driver.
Row 19: HDFC Bank expects its margin to be driven by the cost-of-funds trajectory as its CASA normalizes.
Row 20: HDFC Bank considers unsecured and agricultural asset quality as its key risk driver.
Row 21: HDFC Bank's pending clarity on CEO succession serves as a valuation-relevant driver.
Row 22: HDFC Bank reported a Q1 FY27 CASA ratio of 32%. (as of 2026-06-30)
Row 23: HDFC Bank maintained total deposits of ₹31,708 billion, up 14.7% year-on-year in Q1 FY27. (as of 2026-06-30)
Row 24: HDFC Bank observed its Net interest income grow 7% year-on-year.","HDFC Bank exhibited a capital adequacy ratio (CRAR) of 19.6% as of June 30, 2026. Additionally, its CET1 ratio stood at 17.4% during the same period.",Relevant,The assistant summary accurately captures both the capital adequacy ratio of 19.6% and the CET1 ratio of 17.4% as stated in the reference answer.,
What are HDFC Bank's return on assets (ROA) and return on equity (ROE) for the latest quarter?,Return on assets 1.85%; return on equity 13.8%.,F_Simple,F_Simple,0.5859677884172529,simple_triplet,True,"[""HDFC Bank"", ""return on assets"", ""return on equity""]","[{""entity"": ""HDFC Bank"", ""matched_node_name"": ""HDFC Bank"", ""matched_id"": ""a0a981aa-8d2c-4d20-b300-e6ce19898558"", ""matched_type"": ""COMPANY"", ""similarity"": 1.0, ""source"": ""gazetteer""}, {""entity"": ""return on assets"", ""matched_node_name"": ""return on assets"", ""matched_id"": ""9fe9c63b-26ba-4633-b3f0-2f73fa5b6d37"", ""matched_type"": ""METRIC"", ""similarity"": 1.0, ""source"": ""gazetteer""}, {""entity"": ""return on equity"", ""matched_node_name"": ""return on equity"", ""matched_id"": ""14e844eb-fd2b-4028-9460-92f4196b984a"", ""matched_type"": ""METRIC"", ""similarity"": 1.0, ""source"": ""gazetteer""}]",What are <COMPANY>'s <METRIC> (ROA) and <METRIC> (ROE) for the latest quarter?,"{""nn1"": ""COMPANY"", ""target_ids"": [""9fe9c63b-26ba-4633-b3f0-2f73fa5b6d37"", ""14e844eb-fd2b-4028-9460-92f4196b984a""], ""prop1_list"": [""HAS_METRIC"", ""MetricObservation"", ""HAS_WEAKNESS"", ""HAS_RISK_DRIVER"", ""HAS_STRENGTH"", ""HAS_GROWTH_DRIVER"", ""HAS_OPPORTUNITY"", ""HAS_MARGIN_DRIVER"", ""HAS_ROE_DRIVER"", ""HAS_VALUATION_DRIVER"", ""METRIC_OBSERVATION""], ""nnp1"": ""a0a981aa-8d2c-4d20-b300-e6ce19898558""}","{""nnp1"": ""a0a981aa-8d2c-4d20-b300-e6ce19898558"", ""nnp2"": ""9fe9c63b-26ba-4633-b3f0-2f73fa5b6d37"", ""nnp3"": null, ""prop1"": ""HAS_STRENGTH"", ""nn1"": ""COMPANY"", ""nn2"": ""METRIC"", ""threshold"": null, ""target_ids"": [""9fe9c63b-26ba-4633-b3f0-2f73fa5b6d37"", ""14e844eb-fd2b-4028-9460-92f4196b984a""], ""prop1_list"": [""HAS_METRIC"", ""MetricObservation"", ""HAS_WEAKNESS"", ""HAS_RISK_DRIVER"", ""HAS_STRENGTH"", ""HAS_GROWTH_DRIVER"", ""HAS_OPPORTUNITY"", ""HAS_MARGIN_DRIVER"", ""HAS_ROE_DRIVER"", ""HAS_VALUATION_DRIVER"", ""METRIC_OBSERVATION""], ""metric_name"": null, ""topic_name1"": ""HDFC Bank"", ""topic_name2"": ""return on assets"", ""segment_ids"": []}",primary,24,"Template: simple_triplet (F_Simple)
Query intent: Simple question: subject linked to objects via a predicate.

Row 1: HDFC Bank's Q1 FY27 return on assets was 1.85%. (as of 2026-06-30)
Row 2: HDFC Bank sustained a double-digit return on equity of 13.8% this quarter.
Row 3: HDFC Bank recorded a cost-to-income ratio of 39.2% for Q1 FY27. (as of 2026-06-30)
Row 4: HDFC Bank reported a headline gross NPA of 1.17%.
Row 5: [HDFC Bank] A specific Q1 FY27 net-NPA figure was measured but could not be reliably reported for HDFC Bank.
Row 6: HDFC Bank maintained a provision coverage of 66% in Q1 FY27. (as of 2026-06-30)
Row 7: HDFC Bank exhibited a Q1 FY27 capital adequacy of 19.6%. (as of 2026-06-30)
Row 8: HDFC Bank's CET1 stood at 17.4% during Q1 FY27. (as of 2026-06-30)
Row 9: HDFC Bank views operating leverage at scale as a driver for its return on equity.
Row 10: HDFC Bank recorded Q1 FY27 gross advances of ₹30,608 billion, a 15.4% increase year-on-year. (as of 2026-06-30)
Row 11: HDFC Bank reported a profit after tax of ₹19,060 crore, representing a 5% increase year-on-year.
Row 12: HDFC Bank's clearest weakness is net interest margin compression, falling to 3.26%.
Row 13: HDFC Bank faces genuine uncertainty around CEO succession due to Sashidhar Jagdishan's announced retirement.
Row 14: HDFC Bank has the opportunity to leverage its post-merger balance-sheet scale enabling more mortgage and retail cross-selling.
Row 15: HDFC Bank has a gross NPA excluding agriculture metric of 0.91%.
Row 16: HDFC Bank expects its growth to be driven by branch expansion.
Row 17: HDFC Bank anticipates growth from deposit mobilization.
Row 18: HDFC Bank counts retail-loan re-acceleration as an expected growth driver.
Row 19: HDFC Bank expects its margin to be driven by the cost-of-funds trajectory as its CASA normalizes.
Row 20: HDFC Bank considers unsecured and agricultural asset quality as its key risk driver.
Row 21: HDFC Bank's pending clarity on CEO succession serves as a valuation-relevant driver.
Row 22: HDFC Bank reported a Q1 FY27 CASA ratio of 32%. (as of 2026-06-30)
Row 23: HDFC Bank maintained total deposits of ₹31,708 billion, up 14.7% year-on-year in Q1 FY27. (as of 2026-06-30)
Row 24: HDFC Bank observed its Net interest income grow 7% year-on-year.","For the latest quarter (Q1 FY27, as of June 30, 2026), HDFC Bank recorded a return on assets (ROA) of 1.85%. Additionally, the bank sustained a double-digit return on equity (ROE) of 13.8% for the quarter.",Relevant,The assistant summary accurately captures both the return on assets (ROA) of 1.85% and the return on equity (ROE) of 13.8% as stated in the reference answer.,
What was HDFC Bank's total advances (loan book) and deposit growth in the latest quarter?,"Total deposits ₹31,708 billion, up 14.7% year-on-year; gross advances ₹30,608 billion, up 15.4%.",F_Simple,F_Simple,0.5741154930246071,simple_triplet,True,"[""HDFC Bank"", ""total advances"", ""loan"", ""deposit growth""]","[{""entity"": ""HDFC Bank"", ""matched_node_name"": ""HDFC Bank"", ""matched_id"": ""a0a981aa-8d2c-4d20-b300-e6ce19898558"", ""matched_type"": ""COMPANY"", ""similarity"": 1.0, ""source"": ""gazetteer""}, {""entity"": ""total advances"", ""matched_node_name"": ""Total advances"", ""matched_id"": ""a1b36a29-fc07-41cc-b3a3-010e50f98882"", ""matched_type"": ""ASSETCLASS"", ""similarity"": 1.0, ""source"": ""gazetteer""}, {""entity"": ""loan"", ""matched_node_name"": ""loan"", ""matched_id"": ""13c28420-d40d-41d9-9101-1e3596e3c2ba"", ""matched_type"": ""PRODUCT"", ""similarity"": 1.0, ""source"": ""gazetteer""}, {""entity"": ""deposit growth"", ""matched_node_name"": ""Deposit growth"", ""matched_id"": ""7a5ad916-7608-42a4-b7b8-cef3032e3b45"", ""matched_type"": ""METRIC"", ""similarity"": 1.0, ""source"": ""gazetteer""}]",What was <COMPANY>'s <ASSETCLASS> (<PRODUCT> book) and <METRIC> in the latest quarter?,"{""nn1"": ""COMPANY"", ""target_ids"": [""a1b36a29-fc07-41cc-b3a3-010e50f98882"", ""13c28420-d40d-41d9-9101-1e3596e3c2ba"", ""7a5ad916-7608-42a4-b7b8-cef3032e3b45""], ""prop1_list"": [""HAS_METRIC"", ""MetricObservation"", ""ExposureRelation"", ""FUNDED_BY"", ""HAS_WEAKNESS"", ""HAS_RISK_DRIVER"", ""HAS_LOAN_EXPOSURE_TO"", ""HAS_STRENGTH"", ""HAS_GROWTH_DRIVER"", ""HAS_OPPORTUNITY"", ""HAS_MARGIN_DRIVER"", ""HAS_ROE_DRIVER"", ""HAS_VALUATION_DRIVER"", ""HAS_ASSET_EXPOSURE_TO"", ""METRIC_OBSERVATION"", ""EXPOSURE_RELATION""], ""nnp1"": ""a0a981aa-8d2c-4d20-b300-e6ce19898558""}","{""nnp1"": ""a0a981aa-8d2c-4d20-b300-e6ce19898558"", ""nnp2"": ""13c28420-d40d-41d9-9101-1e3596e3c2ba"", ""nnp3"": null, ""prop1"": ""HAS_STRENGTH"", ""nn1"": ""COMPANY"", ""nn2"": ""PRODUCT"", ""threshold"": null, ""target_ids"": [""a1b36a29-fc07-41cc-b3a3-010e50f98882"", ""13c28420-d40d-41d9-9101-1e3596e3c2ba"", ""7a5ad916-7608-42a4-b7b8-cef3032e3b45""], ""prop1_list"": [""HAS_METRIC"", ""MetricObservation"", ""ExposureRelation"", ""FUNDED_BY"", ""HAS_WEAKNESS"", ""HAS_RISK_DRIVER"", ""HAS_LOAN_EXPOSURE_TO"", ""HAS_STRENGTH"", ""HAS_GROWTH_DRIVER"", ""HAS_OPPORTUNITY"", ""HAS_MARGIN_DRIVER"", ""HAS_ROE_DRIVER"", ""HAS_VALUATION_DRIVER"", ""HAS_ASSET_EXPOSURE_TO"", ""METRIC_OBSERVATION"", ""EXPOSURE_RELATION""], ""metric_name"": null, ""topic_name1"": ""HDFC Bank"", ""topic_name2"": ""loan"", ""segment_ids"": []}",relaxed_direction,34,"Template: simple_triplet (F_Simple)
Query intent: Simple question: subject linked to objects via a predicate.

Row 1: HDFC Bank offers corporate loans.
Row 2: HDFC Bank is exposed to interest-rate risk stemming from margin compression.
Row 3: HDFC Bank's Q1 FY27 return on assets was 1.85%. (as of 2026-06-30)
Row 4: HDFC Bank sustained a double-digit return on equity of 13.8% this quarter.
Row 5: HDFC Bank recorded a cost-to-income ratio of 39.2% for Q1 FY27. (as of 2026-06-30)
Row 6: HDFC Bank reported a headline gross NPA of 1.17%.
Row 7: [HDFC Bank] A specific Q1 FY27 net-NPA figure was measured but could not be reliably reported for HDFC Bank.
Row 8: HDFC Bank maintained a provision coverage of 66% in Q1 FY27. (as of 2026-06-30)
Row 9: HDFC Bank exhibited a Q1 FY27 capital adequacy of 19.6%. (as of 2026-06-30)
Row 10: HDFC Bank's CET1 stood at 17.4% during Q1 FY27. (as of 2026-06-30)
Row 11: HDFC Bank views operating leverage at scale as a driver for its return on equity.
Row 12: HDFC Bank recorded Q1 FY27 gross advances of ₹30,608 billion, a 15.4% increase year-on-year. (as of 2026-06-30)
Row 13: HDFC Bank reported a profit after tax of ₹19,060 crore, representing a 5% increase year-on-year.
Row 14: HDFC Bank's clearest weakness is net interest margin compression, falling to 3.26%.
Row 15: HDFC Bank faces genuine uncertainty around CEO succession due to Sashidhar Jagdishan's announced retirement.
Row 16: HDFC Bank has the opportunity to leverage its post-merger balance-sheet scale enabling more mortgage and retail cross-selling.
Row 17: HDFC Bank has exposure to operational risk tied to the leadership transition.
Row 18: HDFC Bank is exposed to credit risk in unsecured retail and agricultural lending.
Row 19: HDFC Bank carries loan exposure to unsecured retail lending.
Row 20: HDFC Bank has a gross NPA excluding agriculture metric of 0.91%.
Row 21: HDFC Bank expects its growth to be driven by branch expansion.
Row 22: HDFC Bank anticipates growth from deposit mobilization.
Row 23: HDFC Bank counts retail-loan re-acceleration as an expected growth driver.
Row 24: HDFC Bank expects its margin to be driven by the cost-of-funds trajectory as its CASA normalizes.
Row 25: HDFC Bank considers unsecured and agricultural asset quality as its key risk driver.
Row 26: HDFC Bank's pending clarity on CEO succession serves as a valuation-relevant driver.
Row 27: HDFC Bank has exposure to home loans through its product offerings.
Row 28: HDFC Bank provides auto loans.
Row 29: HDFC Bank provides personal loans.
Row 30: HDFC Bank holds loan exposure to agricultural lending.
Row 31: HDFC Bank offers SME loans.
Row 32: HDFC Bank reported a Q1 FY27 CASA ratio of 32%. (as of 2026-06-30)
Row 33: HDFC Bank maintained total deposits of ₹31,708 billion, up 14.7% year-on-year in Q1 FY27. (as of 2026-06-30)
Row 34: HDFC Bank observed its Net interest income grow 7% year-on-year.","In the latest quarter (Q1 FY27), HDFC Bank recorded gross advances of ₹30,608 billion, representing a 15.4% increase year-on-year. Additionally, the bank maintained total deposits of ₹31,708 billion, which grew by 14.7% year-on-year.",Relevant,"The assistant summary accurately captures both the gross advances of ₹30,608 billion with 15.4% growth and total deposits of ₹31,708 billion with 14.7% growth as stated in the reference answer.",
"What credit ratings has HDFC Bank received, and from which rating agencies?","No current, dated credit rating could be confirmed, though the bank is widely understood to carry top-tier domestic ratings.",F_Simple,F_Simple,0.5229460713108118,simple_triplet,True,"[""HDFC Bank""]","[{""entity"": ""HDFC Bank"", ""matched_node_name"": ""HDFC Bank"", ""matched_id"": ""a0a981aa-8d2c-4d20-b300-e6ce19898558"", ""matched_type"": ""COMPANY"", ""similarity"": 1.0, ""source"": ""gazetteer""}]","What credit ratings has <COMPANY> received, and from which rating agencies?","{""nn1"": ""COMPANY"", ""target_ids"": [], ""prop1_list"": [""HAS_RATING"", ""RATED_BY""], ""nnp1"": ""a0a981aa-8d2c-4d20-b300-e6ce19898558""}","{""nnp1"": ""a0a981aa-8d2c-4d20-b300-e6ce19898558"", ""nnp2"": null, ""nnp3"": null, ""prop1"": ""HAS_RATING"", ""nn1"": ""COMPANY"", ""nn2"": null, ""threshold"": null, ""target_ids"": [], ""prop1_list"": [""HAS_RATING"", ""RATED_BY""], ""metric_name"": null, ""topic_name1"": ""HDFC Bank"", ""topic_name2"": null, ""segment_ids"": []}",primary,1,"Template: simple_triplet (F_Simple)
Query intent: Simple question: subject linked to objects via a predicate.

Row 1: HDFC Bank is widely understood to carry top-tier domestic ratings.","HDFC Bank is widely understood to carry top-tier domestic ratings, though the retrieved facts do not specify the individual rating agencies.",Relevant,The assistant summary accurately captures the reference answer's stance that the bank carries top-tier domestic ratings and that no specific individual rating agencies or current dated ratings could be confirmed.,
"Roughly how many branches and ATMs does HDFC Bank operate, and as of what date?","9,694 branches; a current ATM count was not found.",F_QuantCount,F_QuantCount,0.5019551925676716,quant_count,True,"[""branches"", ""ATMs"", ""HDFC Bank""]","[{""entity"": ""branches"", ""matched_node_name"": ""branches"", ""matched_id"": ""825450c5-3a89-46a1-bf6f-9b5e414de076"", ""matched_type"": ""DISTRIBUTIONCHANNEL"", ""similarity"": 1.0, ""source"": ""gazetteer""}, {""entity"": ""ATMs"", ""matched_node_name"": ""ATMs"", ""matched_id"": ""4211be7c-a18e-4211-bd8a-4534d423385e"", ""matched_type"": ""DISTRIBUTIONCHANNEL"", ""similarity"": 1.0, ""source"": ""gazetteer""}, {""entity"": ""HDFC Bank"", ""matched_node_name"": ""HDFC Bank"", ""matched_id"": ""a0a981aa-8d2c-4d20-b300-e6ce19898558"", ""matched_type"": ""COMPANY"", ""similarity"": 1.0, ""source"": ""gazetteer""}]","Roughly how many <DISTRIBUTIONCHANNEL> and <DISTRIBUTIONCHANNEL> does <COMPANY> operate, and as of what date?","{""nn1"": ""COMPANY"", ""prop1_list"": [""USES_CHANNEL"", ""DEPENDS_ON""], ""nnp1"": ""a0a981aa-8d2c-4d20-b300-e6ce19898558"", ""nn2"": ""DISTRIBUTIONCHANNEL""}","{""nnp1"": ""a0a981aa-8d2c-4d20-b300-e6ce19898558"", ""nnp2"": ""825450c5-3a89-46a1-bf6f-9b5e414de076"", ""nnp3"": null, ""prop1"": ""USES_CHANNEL"", ""nn1"": ""COMPANY"", ""nn2"": ""DISTRIBUTIONCHANNEL"", ""threshold"": null, ""target_ids"": [""825450c5-3a89-46a1-bf6f-9b5e414de076"", ""4211be7c-a18e-4211-bd8a-4534d423385e""], ""prop1_list"": [""USES_CHANNEL"", ""DEPENDS_ON""], ""metric_name"": null, ""topic_name1"": ""HDFC Bank"", ""topic_name2"": ""branches"", ""segment_ids"": []}",primary,1,"Template: quant_count (F_QuantCount)
Query intent: Count related objects for a subject entity.

Row 1: subject_name=HDFC Bank | object_count=5 (5 facts)
  - HDFC Bank utilizes digital banking channels for its services.
  - HDFC Bank distributes services through its net banking channels.
  - HDFC Bank operates using mobile banking channels.
  - HDFC Bank utilizes a network of 9,694 branches.
  - HDFC Bank utilizes ATMs as part of its distribution network.","HDFC Bank operates a network of 9,694 branches and also utilizes ATMs as part of its distribution network. However, the retrieved facts do not specify the exact number of ATMs operated or the specific date for these figures.",Relevant,"The assistant summary correctly provides the branch count of 9,694 from the reference answer and appropriately notes that the ATM count was not found, perfectly matching the ground truth.",
"What products and services does HDFC Bank offer, and which customer segments does it serve?","Universal-bank model spanning retail, wholesale/corporate and treasury business plus third-party insurance and mutual-fund distribution — home, auto and personal loans, credit cards, SME and corporate loans, treasury, forex, wealth management, cash management, custody and NRI banking, serving retail, affluent, NRI, SME, mid-market, large-corporate and government customers.",F_Simple,F_Simple,0.5902610031105305,simple_triplet,True,"[""HDFC Bank""]","[{""entity"": ""HDFC Bank"", ""matched_node_name"": ""HDFC Bank"", ""matched_id"": ""a0a981aa-8d2c-4d20-b300-e6ce19898558"", ""matched_type"": ""COMPANY"", ""similarity"": 1.0, ""source"": ""gazetteer""}]","What products and services does <COMPANY> offer, and which customer segments does it serve?","{""nn1"": ""COMPANY"", ""target_ids"": [], ""prop1_list"": [""ExposureRelation"", ""OFFERS_PRODUCT"", ""PROVIDES_SERVICE"", ""SERVES"", ""TARGETS"", ""HAS_ASSET_EXPOSURE_TO"", ""EXPOSURE_RELATION""], ""nnp1"": ""a0a981aa-8d2c-4d20-b300-e6ce19898558""}","{""nnp1"": ""a0a981aa-8d2c-4d20-b300-e6ce19898558"", ""nnp2"": null, ""nnp3"": null, ""prop1"": ""SERVES"", ""nn1"": ""COMPANY"", ""nn2"": null, ""threshold"": null, ""target_ids"": [], ""prop1_list"": [""ExposureRelation"", ""OFFERS_PRODUCT"", ""PROVIDES_SERVICE"", ""SERVES"", ""TARGETS"", ""HAS_ASSET_EXPOSURE_TO"", ""EXPOSURE_RELATION""], ""metric_name"": null, ""topic_name1"": ""HDFC Bank"", ""topic_name2"": null, ""segment_ids"": []}",primary,27,"Template: simple_triplet (F_Simple)
Query intent: Simple question: subject linked to objects via a predicate.

Row 1: HDFC Bank offers SME loans.
Row 2: HDFC Bank offers services targeting SME customers.
Row 3: HDFC Bank provides NRI-banking services.
Row 4: HDFC Bank serves NRI customers.
Row 5: HDFC Bank offers the PayZapp digital banking product.
Row 6: HDFC Bank provides services to affluent customers.
Row 7: HDFC Bank holds loan exposure to agricultural lending.
Row 8: HDFC Bank provides auto loans.
Row 9: HDFC Bank provides cash-management services.
Row 10: HDFC Bank offers corporate loans.
Row 11: HDFC Bank offers credit cards to its customers.
Row 12: HDFC Bank is exposed to credit risk in unsecured retail and agricultural lending.
Row 13: HDFC Bank provides custody services.
Row 14: HDFC Bank provides forex services.
Row 15: HDFC Bank provides services to government customers.
Row 16: HDFC Bank has exposure to home loans through its product offerings.
Row 17: HDFC Bank offers third-party insurance distribution services.
Row 18: HDFC Bank is exposed to interest-rate risk stemming from margin compression.
Row 19: HDFC Bank serves large-corporate customers.
Row 20: HDFC Bank caters to mid-market customers.
Row 21: HDFC Bank offers mutual-fund distribution services.
Row 22: HDFC Bank has exposure to operational risk tied to the leadership transition.
Row 23: HDFC Bank provides personal loans.
Row 24: HDFC Bank provides services to retail customers.
Row 25: HDFC Bank provides treasury services.
Row 26: HDFC Bank carries loan exposure to unsecured retail lending.
Row 27: HDFC Bank provides wealth-management services.","HDFC Bank offers a wide range of products and services including SME loans, corporate loans, auto loans, home loans, personal loans, credit cards, the PayZapp digital banking product, and agricultural lending exposure, alongside services such as NRI-banking, cash-management, custody, forex, treasury, wealth-management, and third-party insurance and mutual-fund distribution. To serve these offerings, the bank caters to SME, NRI, affluent, government, large-corporate, mid-market, and retail customer segments.",Relevant,"The assistant summary successfully covers all the key products, services, and customer segments mentioned in the reference answer, including loans, credit cards, wealth management, and the specific customer demographics.",
What is ICICI Bank's ticker symbol and on which exchange(s) does it trade?,"ICICIBANK on the NSE and BSE; ADR ""IBN"" on the NYSE.",F_Simple,F_Simple,0.5272617020235415,simple_triplet,True,"[""ICICI Bank""]","[{""entity"": ""ICICI Bank"", ""matched_node_name"": ""ICICI Bank"", ""matched_id"": ""79b37389-5068-49b2-ab77-332bdd8dc3c3"", ""matched_type"": ""COMPANY"", ""similarity"": 1.0, ""source"": ""gazetteer""}]",What is <COMPANY>'s ticker symbol and on which exchange(s) does it trade?,"{""nnp1"": ""79b37389-5068-49b2-ab77-332bdd8dc3c3""}","{""nnp1"": ""79b37389-5068-49b2-ab77-332bdd8dc3c3"", ""nnp2"": null, ""nnp3"": null, ""prop1"": null, ""nn1"": ""COMPANY"", ""nn2"": null, ""threshold"": null, ""target_ids"": [], ""prop1_list"": [], ""metric_name"": null, ""topic_name1"": ""ICICI Bank"", ""topic_name2"": null, ""segment_ids"": []}",attribute_lookup_direct,6,"Template: simple_triplet (F_Simple)
Query intent: Simple question: subject linked to objects via a predicate.

Row 1: ICICI Bank's banking_segment is Private Sector Bank
Row 2: ICICI Bank's country is India
Row 3: ICICI Bank's description is Universal bank with registered office in Vadodara, Gujarat, and corporate headquarters in Mumbai. Offers retail, SME, and corporate banking services, with digital platforms including iMobile Pay and InstaBIZ.
Row 4: ICICI Bank's exchange is NSE, BSE, NYSE
Row 5: ICICI Bank's listed is True
Row 6: ICICI Bank's ticker is ICICIBANK","ICICI Bank's ticker symbol is ICICIBANK, and it trades on the NSE, BSE, and NYSE exchanges.",Relevant,"The assistant summary correctly identifies ICICI Bank's ticker symbols and exchanges (NSE, BSE, and NYSE) as provided in the reference answer.",
"Who is the current MD & CEO (or Chairman, where that is the top executive title) of ICICI Bank?","This session's research budget was exhausted before the bank's current MD & CEO and chairman could be independently re-confirmed, so those names are not reported here.",F_Simple,F_Simple,0.5283378025783668,simple_triplet,True,"[""ICICI Bank""]","[{""entity"": ""ICICI Bank"", ""matched_node_name"": ""ICICI Bank"", ""matched_id"": ""79b37389-5068-49b2-ab77-332bdd8dc3c3"", ""matched_type"": ""COMPANY"", ""similarity"": 1.0, ""source"": ""gazetteer""}]","Who is the current MD & CEO (or Chairman, where that is the top executive title) of <COMPANY>?","{""nn1"": ""COMPANY"", ""target_ids"": [], ""prop1_list"": [""GovernanceRole"", ""HOLDS_ROLE"", ""GOVERNANCE_ROLE""], ""nnp1"": ""79b37389-5068-49b2-ab77-332bdd8dc3c3""}","{""nnp1"": ""79b37389-5068-49b2-ab77-332bdd8dc3c3"", ""nnp2"": null, ""nnp3"": null, ""prop1"": ""GovernanceRole"", ""nn1"": ""COMPANY"", ""nn2"": null, ""threshold"": null, ""target_ids"": [], ""prop1_list"": [""GovernanceRole"", ""HOLDS_ROLE"", ""GOVERNANCE_ROLE""], ""metric_name"": null, ""topic_name1"": ""ICICI Bank"", ""topic_name2"": null, ""segment_ids"": []}",attribute_lookup,6,"Template: simple_triplet (F_Simple)
Query intent: Simple question: subject linked to objects via a predicate.

Row 1: ICICI Bank's banking_segment is Private Sector Bank
Row 2: ICICI Bank's country is India
Row 3: ICICI Bank's description is Universal bank with registered office in Vadodara, Gujarat, and corporate headquarters in Mumbai. Offers retail, SME, and corporate banking services, with digital platforms including iMobile Pay and InstaBIZ.
Row 4: ICICI Bank's exchange is NSE, BSE, NYSE
Row 5: ICICI Bank's listed is True
Row 6: ICICI Bank's ticker is ICICIBANK",The retrieved facts do not cover the current MD & CEO or Chairman of ICICI Bank.,Relevant,"The assistant summary correctly reflects that the names of the current MD & CEO or Chairman are not reported, which directly matches the reference answer stating the budget was exhausted before those names could be confirmed.",
"What percentage of ICICI Bank is held by its government promoter or largest shareholder, and as of what date?","No promoter. FIIs and domestic institutions each held roughly 45% as of December 2024 data, with LIC around 7% (dated figures).",F_LogUnion,F_LogUnion,0.6214196189605303,logical_union,True,"[""ICICI Bank""]","[{""entity"": ""ICICI Bank"", ""matched_node_name"": ""ICICI Bank"", ""matched_id"": ""79b37389-5068-49b2-ab77-332bdd8dc3c3"", ""matched_type"": ""COMPANY"", ""similarity"": 1.0, ""source"": ""gazetteer""}]","What percentage of <COMPANY> is held by its government promoter or largest shareholder, and as of what date?","{""nn1"": ""COMPANY"", ""nnp1"": ""79b37389-5068-49b2-ab77-332bdd8dc3c3"", ""prop1_list"": [""OWNS"", ""REGULATED_BY"", ""OwnershipStake"", ""HELD_BY"", ""OWNS_STAKE_IN"", ""CorporateStructureRelation"", ""OWNERSHIP_STAKE"", ""CORPORATE_STRUCTURE_RELATION""], ""target_ids"": [], ""nnp2"": null}","{""nnp1"": ""79b37389-5068-49b2-ab77-332bdd8dc3c3"", ""nnp2"": null, ""nnp3"": null, ""prop1"": ""CorporateStructureRelation"", ""nn1"": ""COMPANY"", ""nn2"": null, ""threshold"": null, ""target_ids"": [], ""prop1_list"": [""OWNS"", ""REGULATED_BY"", ""OwnershipStake"", ""HELD_BY"", ""OWNS_STAKE_IN"", ""CorporateStructureRelation"", ""OWNERSHIP_STAKE"", ""CORPORATE_STRUCTURE_RELATION""], ""metric_name"": null, ""topic_name1"": ""ICICI Bank"", ""topic_name2"": null, ""segment_ids"": []}",primary,3,"Template: logical_union (F_LogUnion)
Query intent: Union of two relationship patterns from the same subject.

Row 1: [ICICI Bank] Domestic institutions held roughly 45% of ICICI Bank as of December 2024. (as of 2024-12-01)
Row 2: [ICICI Bank] LIC held around 7% of ICICI Bank as of December 2024. (as of 2024-12-01)
Row 3: [ICICI Bank] FIIs held roughly 45% of ICICI Bank as of December 2024. (as of 2024-12-01)","ICICI Bank does not have a government promoter, but regarding its largest institutional shareholders, domestic institutions and FIIs each held roughly 45% of the bank, and LIC held around 7%, all as of December 2024.",Relevant,"The assistant summary correctly captures that ICICI Bank has no government promoter and accurately reflects the ownership percentages for FIIs, domestic institutions (roughly 45% each), and LIC (around 7%) as of December 2024, matching the reference answer.",
What was ICICI Bank's CASA ratio in the most recently reported quarter?,38.1% average in Q1 FY27.,F_Simple,F_Simple,0.45300680749982714,simple_triplet,True,"[""ICICI Bank"", ""CASA ratio""]","[{""entity"": ""ICICI Bank"", ""matched_node_name"": ""ICICI Bank"", ""matched_id"": ""79b37389-5068-49b2-ab77-332bdd8dc3c3"", ""matched_type"": ""COMPANY"", ""similarity"": 1.0, ""source"": ""gazetteer""}, {""entity"": ""CASA ratio"", ""matched_node_name"": ""CASA ratio"", ""matched_id"": ""2f007236-19aa-494e-a277-c5e8d54d60fe"", ""matched_type"": ""METRIC"", ""similarity"": 1.0, ""source"": ""gazetteer""}]",What was <COMPANY>'s <METRIC> in the most recently reported quarter?,"{""nn1"": ""COMPANY"", ""target_ids"": [""2f007236-19aa-494e-a277-c5e8d54d60fe""], ""prop1_list"": [""HAS_METRIC"", ""MetricObservation"", ""HAS_WEAKNESS"", ""HAS_RISK_DRIVER"", ""HAS_STRENGTH"", ""HAS_GROWTH_DRIVER"", ""HAS_OPPORTUNITY"", ""HAS_MARGIN_DRIVER"", ""HAS_ROE_DRIVER"", ""HAS_VALUATION_DRIVER"", ""METRIC_OBSERVATION""], ""nnp1"": ""79b37389-5068-49b2-ab77-332bdd8dc3c3""}","{""nnp1"": ""79b37389-5068-49b2-ab77-332bdd8dc3c3"", ""nnp2"": ""2f007236-19aa-494e-a277-c5e8d54d60fe"", ""nnp3"": null, ""prop1"": ""HAS_STRENGTH"", ""nn1"": ""COMPANY"", ""nn2"": ""METRIC"", ""threshold"": null, ""target_ids"": [""2f007236-19aa-494e-a277-c5e8d54d60fe""], ""prop1_list"": [""HAS_METRIC"", ""MetricObservation"", ""HAS_WEAKNESS"", ""HAS_RISK_DRIVER"", ""HAS_STRENGTH"", ""HAS_GROWTH_DRIVER"", ""HAS_OPPORTUNITY"", ""HAS_MARGIN_DRIVER"", ""HAS_ROE_DRIVER"", ""HAS_VALUATION_DRIVER"", ""METRIC_OBSERVATION""], ""metric_name"": null, ""topic_name1"": ""ICICI Bank"", ""topic_name2"": ""CASA ratio"", ""segment_ids"": []}",primary,19,"Template: simple_triplet (F_Simple)
Query intent: Simple question: subject linked to objects via a predicate.

Row 1: ICICI Bank reported an average CASA ratio of 38.1% for Q1 FY27.
Row 2: ICICI Bank possesses a return on assets of 2.18%.
Row 3: ICICI Bank reported a return on equity of 11.90% for Q1 FY27.
Row 4: ICICI Bank posted a Q1 FY27 cost-to-income ratio of roughly 38.5%.
Row 5: ICICI Bank achieved a gross NPA of 1.38%.
Row 6: ICICI Bank holds a net NPA of 0.35%.
Row 7: ICICI Bank maintained a provision coverage of 74.7% in Q1 FY27.
Row 8: ICICI Bank's capital adequacy stood at 16.84% in Q1 FY27.
Row 9: ICICI Bank's CET1 reached 16.19% in Q1 FY27.
Row 10: ICICI Bank views deposit-cost management as a driver for margin as CASA improves.
Row 11: ICICI Bank's return on equity is driven by its capital efficiency.
Row 12: ICICI Bank benefits from best-in-class asset quality among large private banks.
Row 13: ICICI Bank demonstrates a sector-leading return on assets.
Row 14: ICICI Bank has a weakness in unsecured-credit sensitivity due to its pace of retail-loan growth.
Row 15: ICICI Bank has an opportunity in diversifying away from large-corporate concentration through the 28.2% growth of its business banking segment.
Row 16: ICICI Bank expects future growth to be driven by business-banking and rural-segment expansion.
Row 17: ICICI Bank relies on low credit costs as a driver for its return on equity.
Row 18: ICICI Bank considers the pace of unsecured retail buildup as a key risk driver.
Row 19: ICICI Bank's sustained asset-quality track record serves as a valuation-relevant fact driver.",ICICI Bank reported an average CASA ratio of 38.1% for Q1 FY27.,Relevant,The assistant summary accurately matches the reference answer by stating ICICI Bank's average CASA ratio of 38.1% for Q1 FY27.,
What is ICICI Bank's net interest margin (NIM) for the latest reported period?,4.36%.,F_Simple,F_Simple,0.41326111719969927,simple_triplet,True,"[""ICICI Bank"", ""net interest margin""]","[{""entity"": ""ICICI Bank"", ""matched_node_name"": ""ICICI Bank"", ""matched_id"": ""79b37389-5068-49b2-ab77-332bdd8dc3c3"", ""matched_type"": ""COMPANY"", ""similarity"": 1.0, ""source"": ""gazetteer""}, {""entity"": ""net interest margin"", ""matched_node_name"": ""net interest margin"", ""matched_id"": ""d5aaa814-57dd-46cd-b801-d73c80a43d6c"", ""matched_type"": ""METRIC"", ""similarity"": 1.0, ""source"": ""gazetteer""}]",What is <COMPANY>'s <METRIC> (NIM) for the latest reported period?,"{""nn1"": ""COMPANY"", ""target_ids"": [""d5aaa814-57dd-46cd-b801-d73c80a43d6c""], ""prop1_list"": [""HAS_METRIC"", ""MetricObservation"", ""HAS_WEAKNESS"", ""HAS_RISK_DRIVER"", ""HAS_STRENGTH"", ""HAS_GROWTH_DRIVER"", ""HAS_OPPORTUNITY"", ""HAS_MARGIN_DRIVER"", ""HAS_ROE_DRIVER"", ""HAS_VALUATION_DRIVER"", ""METRIC_OBSERVATION""], ""nnp1"": ""79b37389-5068-49b2-ab77-332bdd8dc3c3""}","{""nnp1"": ""79b37389-5068-49b2-ab77-332bdd8dc3c3"", ""nnp2"": ""d5aaa814-57dd-46cd-b801-d73c80a43d6c"", ""nnp3"": null, ""prop1"": ""HAS_STRENGTH"", ""nn1"": ""COMPANY"", ""nn2"": ""METRIC"", ""threshold"": null, ""target_ids"": [""d5aaa814-57dd-46cd-b801-d73c80a43d6c""], ""prop1_list"": [""HAS_METRIC"", ""MetricObservation"", ""HAS_WEAKNESS"", ""HAS_RISK_DRIVER"", ""HAS_STRENGTH"", ""HAS_GROWTH_DRIVER"", ""HAS_OPPORTUNITY"", ""HAS_MARGIN_DRIVER"", ""HAS_ROE_DRIVER"", ""HAS_VALUATION_DRIVER"", ""METRIC_OBSERVATION""], ""metric_name"": null, ""topic_name1"": ""ICICI Bank"", ""topic_name2"": ""net interest margin"", ""segment_ids"": []}",relaxed_direction,19,"Template: simple_triplet (F_Simple)
Query intent: Simple question: subject linked to objects via a predicate.

Row 1: ICICI Bank possesses a return on assets of 2.18%.
Row 2: ICICI Bank reported a return on equity of 11.90% for Q1 FY27.
Row 3: ICICI Bank posted a Q1 FY27 cost-to-income ratio of roughly 38.5%.
Row 4: ICICI Bank achieved a gross NPA of 1.38%.
Row 5: ICICI Bank holds a net NPA of 0.35%.
Row 6: ICICI Bank maintained a provision coverage of 74.7% in Q1 FY27.
Row 7: ICICI Bank's capital adequacy stood at 16.84% in Q1 FY27.
Row 8: ICICI Bank's CET1 reached 16.19% in Q1 FY27.
Row 9: ICICI Bank views deposit-cost management as a driver for margin as CASA improves.
Row 10: ICICI Bank's return on equity is driven by its capital efficiency.
Row 11: ICICI Bank benefits from best-in-class asset quality among large private banks.
Row 12: ICICI Bank demonstrates a sector-leading return on assets.
Row 13: ICICI Bank has a weakness in unsecured-credit sensitivity due to its pace of retail-loan growth.
Row 14: ICICI Bank has an opportunity in diversifying away from large-corporate concentration through the 28.2% growth of its business banking segment.
Row 15: ICICI Bank expects future growth to be driven by business-banking and rural-segment expansion.
Row 16: ICICI Bank relies on low credit costs as a driver for its return on equity.
Row 17: ICICI Bank considers the pace of unsecured retail buildup as a key risk driver.
Row 18: ICICI Bank's sustained asset-quality track record serves as a valuation-relevant fact driver.
Row 19: ICICI Bank reported an average CASA ratio of 38.1% for Q1 FY27.",The retrieved facts do not cover ICICI Bank's net interest margin (NIM) for the latest reported period.,Not relevant,"The reference answer provides ICICI Bank's net interest margin as 4.36%, whereas the assistant summary incorrectly claims that the information is not covered.",
What are ICICI Bank's gross NPA and net NPA ratios?,Gross NPA 1.38%; net NPA 0.35%.,F_Simple,F_Simple,0.5219059417885892,simple_triplet,True,"[""ICICI Bank"", ""gross NPA"", ""net NPA""]","[{""entity"": ""ICICI Bank"", ""matched_node_name"": ""ICICI Bank"", ""matched_id"": ""79b37389-5068-49b2-ab77-332bdd8dc3c3"", ""matched_type"": ""COMPANY"", ""similarity"": 1.0, ""source"": ""gazetteer""}, {""entity"": ""gross NPA"", ""matched_node_name"": ""gross NPA"", ""matched_id"": ""17de1b02-766d-4a7f-861e-a11cf8caa7ab"", ""matched_type"": ""METRIC"", ""similarity"": 1.0, ""source"": ""gazetteer""}, {""entity"": ""net NPA"", ""matched_node_name"": ""net NPA"", ""matched_id"": ""b0454088-e2c7-4c48-8ede-4505aee1e817"", ""matched_type"": ""METRIC"", ""similarity"": 1.0, ""source"": ""gazetteer""}]",What are <COMPANY>'s <METRIC> and <METRIC> ratios?,"{""nn1"": ""COMPANY"", ""target_ids"": [""17de1b02-766d-4a7f-861e-a11cf8caa7ab"", ""b0454088-e2c7-4c48-8ede-4505aee1e817""], ""prop1_list"": [""HAS_METRIC"", ""MetricObservation"", ""HAS_WEAKNESS"", ""HAS_RISK_DRIVER"", ""HAS_STRENGTH"", ""HAS_GROWTH_DRIVER"", ""HAS_OPPORTUNITY"", ""HAS_MARGIN_DRIVER"", ""HAS_ROE_DRIVER"", ""HAS_VALUATION_DRIVER"", ""METRIC_OBSERVATION""], ""nnp1"": ""79b37389-5068-49b2-ab77-332bdd8dc3c3""}","{""nnp1"": ""79b37389-5068-49b2-ab77-332bdd8dc3c3"", ""nnp2"": ""17de1b02-766d-4a7f-861e-a11cf8caa7ab"", ""nnp3"": null, ""prop1"": ""HAS_STRENGTH"", ""nn1"": ""COMPANY"", ""nn2"": ""METRIC"", ""threshold"": null, ""target_ids"": [""17de1b02-766d-4a7f-861e-a11cf8caa7ab"", ""b0454088-e2c7-4c48-8ede-4505aee1e817""], ""prop1_list"": [""HAS_METRIC"", ""MetricObservation"", ""HAS_WEAKNESS"", ""HAS_RISK_DRIVER"", ""HAS_STRENGTH"", ""HAS_GROWTH_DRIVER"", ""HAS_OPPORTUNITY"", ""HAS_MARGIN_DRIVER"", ""HAS_ROE_DRIVER"", ""HAS_VALUATION_DRIVER"", ""METRIC_OBSERVATION""], ""metric_name"": null, ""topic_name1"": ""ICICI Bank"", ""topic_name2"": ""gross NPA"", ""segment_ids"": []}",primary,19,"Template: simple_triplet (F_Simple)
Query intent: Simple question: subject linked to objects via a predicate.

Row 1: ICICI Bank achieved a gross NPA of 1.38%.
Row 2: ICICI Bank holds a net NPA of 0.35%.
Row 3: ICICI Bank possesses a return on assets of 2.18%.
Row 4: ICICI Bank reported a return on equity of 11.90% for Q1 FY27.
Row 5: ICICI Bank posted a Q1 FY27 cost-to-income ratio of roughly 38.5%.
Row 6: ICICI Bank maintained a provision coverage of 74.7% in Q1 FY27.
Row 7: ICICI Bank's capital adequacy stood at 16.84% in Q1 FY27.
Row 8: ICICI Bank's CET1 reached 16.19% in Q1 FY27.
Row 9: ICICI Bank views deposit-cost management as a driver for margin as CASA improves.
Row 10: ICICI Bank's return on equity is driven by its capital efficiency.
Row 11: ICICI Bank benefits from best-in-class asset quality among large private banks.
Row 12: ICICI Bank demonstrates a sector-leading return on assets.
Row 13: ICICI Bank has a weakness in unsecured-credit sensitivity due to its pace of retail-loan growth.
Row 14: ICICI Bank has an opportunity in diversifying away from large-corporate concentration through the 28.2% growth of its business banking segment.
Row 15: ICICI Bank expects future growth to be driven by business-banking and rural-segment expansion.
Row 16: ICICI Bank relies on low credit costs as a driver for its return on equity.
Row 17: ICICI Bank considers the pace of unsecured retail buildup as a key risk driver.
Row 18: ICICI Bank's sustained asset-quality track record serves as a valuation-relevant fact driver.
Row 19: ICICI Bank reported an average CASA ratio of 38.1% for Q1 FY27.","ICICI Bank achieved a gross NPA ratio of 1.38%. Additionally, the bank holds a net NPA ratio of 0.35%.",Relevant,The assistant summary accurately captures both the gross NPA ratio of 1.38% and the net NPA ratio of 0.35% as stated in the reference answer.,
"What is ICICI Bank's capital adequacy ratio (CRAR), and its CET1 ratio if disclosed?",Capital adequacy 16.84% with CET1 16.19%.,F_Simple,F_Simple,0.4585325082585684,simple_triplet,True,"[""ICICI Bank"", ""capital adequacy ratio"", ""CET1 ratio""]","[{""entity"": ""ICICI Bank"", ""matched_node_name"": ""ICICI Bank"", ""matched_id"": ""79b37389-5068-49b2-ab77-332bdd8dc3c3"", ""matched_type"": ""COMPANY"", ""similarity"": 1.0, ""source"": ""gazetteer""}, {""entity"": ""capital adequacy ratio"", ""matched_node_name"": ""capital adequacy ratio"", ""matched_id"": ""e2c8bdab-25f2-49d9-b3b9-f24b21583fe2"", ""matched_type"": ""METRIC"", ""similarity"": 1.0, ""source"": ""gazetteer""}, {""entity"": ""CET1 ratio"", ""matched_node_name"": ""CET1 percentage"", ""matched_id"": ""c5469579-75e6-4c83-b0f9-c16c1485a02f"", ""matched_type"": ""METRIC"", ""similarity"": 0.99, ""source"": ""alias""}]","What is <COMPANY>'s <METRIC> (CRAR), and its <METRIC> if disclosed?","{""nn1"": ""COMPANY"", ""target_ids"": [""e2c8bdab-25f2-49d9-b3b9-f24b21583fe2"", ""c5469579-75e6-4c83-b0f9-c16c1485a02f""], ""prop1_list"": [""HAS_METRIC"", ""MetricObservation"", ""HAS_WEAKNESS"", ""HAS_RISK_DRIVER"", ""HAS_STRENGTH"", ""HAS_GROWTH_DRIVER"", ""HAS_OPPORTUNITY"", ""HAS_MARGIN_DRIVER"", ""HAS_ROE_DRIVER"", ""HAS_VALUATION_DRIVER"", ""METRIC_OBSERVATION""], ""nnp1"": ""79b37389-5068-49b2-ab77-332bdd8dc3c3""}","{""nnp1"": ""79b37389-5068-49b2-ab77-332bdd8dc3c3"", ""nnp2"": ""e2c8bdab-25f2-49d9-b3b9-f24b21583fe2"", ""nnp3"": null, ""prop1"": ""HAS_STRENGTH"", ""nn1"": ""COMPANY"", ""nn2"": ""METRIC"", ""threshold"": null, ""target_ids"": [""e2c8bdab-25f2-49d9-b3b9-f24b21583fe2"", ""c5469579-75e6-4c83-b0f9-c16c1485a02f""], ""prop1_list"": [""HAS_METRIC"", ""MetricObservation"", ""HAS_WEAKNESS"", ""HAS_RISK_DRIVER"", ""HAS_STRENGTH"", ""HAS_GROWTH_DRIVER"", ""HAS_OPPORTUNITY"", ""HAS_MARGIN_DRIVER"", ""HAS_ROE_DRIVER"", ""HAS_VALUATION_DRIVER"", ""METRIC_OBSERVATION""], ""metric_name"": null, ""topic_name1"": ""ICICI Bank"", ""topic_name2"": ""capital adequacy ratio"", ""segment_ids"": []}",primary,19,"Template: simple_triplet (F_Simple)
Query intent: Simple question: subject linked to objects via a predicate.

Row 1: ICICI Bank's capital adequacy stood at 16.84% in Q1 FY27.
Row 2: ICICI Bank possesses a return on assets of 2.18%.
Row 3: ICICI Bank reported a return on equity of 11.90% for Q1 FY27.
Row 4: ICICI Bank posted a Q1 FY27 cost-to-income ratio of roughly 38.5%.
Row 5: ICICI Bank achieved a gross NPA of 1.38%.
Row 6: ICICI Bank holds a net NPA of 0.35%.
Row 7: ICICI Bank maintained a provision coverage of 74.7% in Q1 FY27.
Row 8: ICICI Bank's CET1 reached 16.19% in Q1 FY27.
Row 9: ICICI Bank views deposit-cost management as a driver for margin as CASA improves.
Row 10: ICICI Bank's return on equity is driven by its capital efficiency.
Row 11: ICICI Bank benefits from best-in-class asset quality among large private banks.
Row 12: ICICI Bank demonstrates a sector-leading return on assets.
Row 13: ICICI Bank has a weakness in unsecured-credit sensitivity due to its pace of retail-loan growth.
Row 14: ICICI Bank has an opportunity in diversifying away from large-corporate concentration through the 28.2% growth of its business banking segment.
Row 15: ICICI Bank expects future growth to be driven by business-banking and rural-segment expansion.
Row 16: ICICI Bank relies on low credit costs as a driver for its return on equity.
Row 17: ICICI Bank considers the pace of unsecured retail buildup as a key risk driver.
Row 18: ICICI Bank's sustained asset-quality track record serves as a valuation-relevant fact driver.
Row 19: ICICI Bank reported an average CASA ratio of 38.1% for Q1 FY27.","ICICI Bank's capital adequacy ratio (CRAR) stood at 16.84% in Q1 FY27. Additionally, the bank's CET1 ratio reached 16.19% during the same period.",Relevant,"The assistant summary correctly provides ICICI Bank's capital adequacy ratio (CRAR) of 16.84% and CET1 ratio of 16.19%, matching the reference answer's exact figures.",
What are ICICI Bank's return on assets (ROA) and return on equity (ROE) for the latest quarter?,Return on assets 2.18% (sector-leading); return on equity 11.90%.,F_Simple,F_Simple,0.5859677884172529,simple_triplet,True,"[""ICICI Bank"", ""return on assets"", ""return on equity""]","[{""entity"": ""ICICI Bank"", ""matched_node_name"": ""ICICI Bank"", ""matched_id"": ""79b37389-5068-49b2-ab77-332bdd8dc3c3"", ""matched_type"": ""COMPANY"", ""similarity"": 1.0, ""source"": ""gazetteer""}, {""entity"": ""return on assets"", ""matched_node_name"": ""return on assets"", ""matched_id"": ""9fe9c63b-26ba-4633-b3f0-2f73fa5b6d37"", ""matched_type"": ""METRIC"", ""similarity"": 1.0, ""source"": ""gazetteer""}, {""entity"": ""return on equity"", ""matched_node_name"": ""return on equity"", ""matched_id"": ""14e844eb-fd2b-4028-9460-92f4196b984a"", ""matched_type"": ""METRIC"", ""similarity"": 1.0, ""source"": ""gazetteer""}]",What are <COMPANY>'s <METRIC> (ROA) and <METRIC> (ROE) for the latest quarter?,"{""nn1"": ""COMPANY"", ""target_ids"": [""9fe9c63b-26ba-4633-b3f0-2f73fa5b6d37"", ""14e844eb-fd2b-4028-9460-92f4196b984a""], ""prop1_list"": [""HAS_METRIC"", ""MetricObservation"", ""HAS_WEAKNESS"", ""HAS_RISK_DRIVER"", ""HAS_STRENGTH"", ""HAS_GROWTH_DRIVER"", ""HAS_OPPORTUNITY"", ""HAS_MARGIN_DRIVER"", ""HAS_ROE_DRIVER"", ""HAS_VALUATION_DRIVER"", ""METRIC_OBSERVATION""], ""nnp1"": ""79b37389-5068-49b2-ab77-332bdd8dc3c3""}","{""nnp1"": ""79b37389-5068-49b2-ab77-332bdd8dc3c3"", ""nnp2"": ""9fe9c63b-26ba-4633-b3f0-2f73fa5b6d37"", ""nnp3"": null, ""prop1"": ""HAS_STRENGTH"", ""nn1"": ""COMPANY"", ""nn2"": ""METRIC"", ""threshold"": null, ""target_ids"": [""9fe9c63b-26ba-4633-b3f0-2f73fa5b6d37"", ""14e844eb-fd2b-4028-9460-92f4196b984a""], ""prop1_list"": [""HAS_METRIC"", ""MetricObservation"", ""HAS_WEAKNESS"", ""HAS_RISK_DRIVER"", ""HAS_STRENGTH"", ""HAS_GROWTH_DRIVER"", ""HAS_OPPORTUNITY"", ""HAS_MARGIN_DRIVER"", ""HAS_ROE_DRIVER"", ""HAS_VALUATION_DRIVER"", ""METRIC_OBSERVATION""], ""metric_name"": null, ""topic_name1"": ""ICICI Bank"", ""topic_name2"": ""return on assets"", ""segment_ids"": []}",primary,19,"Template: simple_triplet (F_Simple)
Query intent: Simple question: subject linked to objects via a predicate.

Row 1: ICICI Bank possesses a return on assets of 2.18%.
Row 2: ICICI Bank reported a return on equity of 11.90% for Q1 FY27.
Row 3: ICICI Bank posted a Q1 FY27 cost-to-income ratio of roughly 38.5%.
Row 4: ICICI Bank achieved a gross NPA of 1.38%.
Row 5: ICICI Bank holds a net NPA of 0.35%.
Row 6: ICICI Bank maintained a provision coverage of 74.7% in Q1 FY27.
Row 7: ICICI Bank's capital adequacy stood at 16.84% in Q1 FY27.
Row 8: ICICI Bank's CET1 reached 16.19% in Q1 FY27.
Row 9: ICICI Bank views deposit-cost management as a driver for margin as CASA improves.
Row 10: ICICI Bank's return on equity is driven by its capital efficiency.
Row 11: ICICI Bank benefits from best-in-class asset quality among large private banks.
Row 12: ICICI Bank demonstrates a sector-leading return on assets.
Row 13: ICICI Bank has a weakness in unsecured-credit sensitivity due to its pace of retail-loan growth.
Row 14: ICICI Bank has an opportunity in diversifying away from large-corporate concentration through the 28.2% growth of its business banking segment.
Row 15: ICICI Bank expects future growth to be driven by business-banking and rural-segment expansion.
Row 16: ICICI Bank relies on low credit costs as a driver for its return on equity.
Row 17: ICICI Bank considers the pace of unsecured retail buildup as a key risk driver.
Row 18: ICICI Bank's sustained asset-quality track record serves as a valuation-relevant fact driver.
Row 19: ICICI Bank reported an average CASA ratio of 38.1% for Q1 FY27.","ICICI Bank possesses a return on assets of 2.18%. Additionally, the bank reported a return on equity of 11.90% for Q1 FY27.",Relevant,The assistant summary correctly captures both the return on assets of 2.18% and the return on equity of 11.90% from the reference answer.,
What was ICICI Bank's total advances (loan book) and deposit growth in the latest quarter?,"Deposits ₹18,33,586 crore, up 14.0% year-on-year; total advances ₹16,31,260 crore, up 19.6% (retail 49.2% of the portfolio, up 12.0%; business banking up 28.2%; domestic corporate up 18.5%; rural lending up 35.4%, the fastest-growing segment).",F_Simple,F_Simple,0.5741154930246071,simple_triplet,True,"[""ICICI Bank"", ""total advances"", ""loan"", ""deposit growth""]","[{""entity"": ""ICICI Bank"", ""matched_node_name"": ""ICICI Bank"", ""matched_id"": ""79b37389-5068-49b2-ab77-332bdd8dc3c3"", ""matched_type"": ""COMPANY"", ""similarity"": 1.0, ""source"": ""gazetteer""}, {""entity"": ""total advances"", ""matched_node_name"": ""Total advances"", ""matched_id"": ""a1b36a29-fc07-41cc-b3a3-010e50f98882"", ""matched_type"": ""ASSETCLASS"", ""similarity"": 1.0, ""source"": ""gazetteer""}, {""entity"": ""loan"", ""matched_node_name"": ""loan"", ""matched_id"": ""13c28420-d40d-41d9-9101-1e3596e3c2ba"", ""matched_type"": ""PRODUCT"", ""similarity"": 1.0, ""source"": ""gazetteer""}, {""entity"": ""deposit growth"", ""matched_node_name"": ""Deposit growth"", ""matched_id"": ""7a5ad916-7608-42a4-b7b8-cef3032e3b45"", ""matched_type"": ""METRIC"", ""similarity"": 1.0, ""source"": ""gazetteer""}]",What was <COMPANY>'s <ASSETCLASS> (<PRODUCT> book) and <METRIC> in the latest quarter?,"{""nn1"": ""COMPANY"", ""target_ids"": [""a1b36a29-fc07-41cc-b3a3-010e50f98882"", ""13c28420-d40d-41d9-9101-1e3596e3c2ba"", ""7a5ad916-7608-42a4-b7b8-cef3032e3b45""], ""prop1_list"": [""HAS_METRIC"", ""MetricObservation"", ""ExposureRelation"", ""FUNDED_BY"", ""HAS_WEAKNESS"", ""HAS_RISK_DRIVER"", ""HAS_LOAN_EXPOSURE_TO"", ""HAS_STRENGTH"", ""HAS_GROWTH_DRIVER"", ""HAS_OPPORTUNITY"", ""HAS_MARGIN_DRIVER"", ""HAS_ROE_DRIVER"", ""HAS_VALUATION_DRIVER"", ""HAS_ASSET_EXPOSURE_TO"", ""METRIC_OBSERVATION"", ""EXPOSURE_RELATION""], ""nnp1"": ""79b37389-5068-49b2-ab77-332bdd8dc3c3""}","{""nnp1"": ""79b37389-5068-49b2-ab77-332bdd8dc3c3"", ""nnp2"": ""13c28420-d40d-41d9-9101-1e3596e3c2ba"", ""nnp3"": null, ""prop1"": ""HAS_STRENGTH"", ""nn1"": ""COMPANY"", ""nn2"": ""PRODUCT"", ""threshold"": null, ""target_ids"": [""a1b36a29-fc07-41cc-b3a3-010e50f98882"", ""13c28420-d40d-41d9-9101-1e3596e3c2ba"", ""7a5ad916-7608-42a4-b7b8-cef3032e3b45""], ""prop1_list"": [""HAS_METRIC"", ""MetricObservation"", ""ExposureRelation"", ""FUNDED_BY"", ""HAS_WEAKNESS"", ""HAS_RISK_DRIVER"", ""HAS_LOAN_EXPOSURE_TO"", ""HAS_STRENGTH"", ""HAS_GROWTH_DRIVER"", ""HAS_OPPORTUNITY"", ""HAS_MARGIN_DRIVER"", ""HAS_ROE_DRIVER"", ""HAS_VALUATION_DRIVER"", ""HAS_ASSET_EXPOSURE_TO"", ""METRIC_OBSERVATION"", ""EXPOSURE_RELATION""], ""metric_name"": null, ""topic_name1"": ""ICICI Bank"", ""topic_name2"": ""loan"", ""segment_ids"": []}",relaxed_direction,27,"Template: simple_triplet (F_Simple)
Query intent: Simple question: subject linked to objects via a predicate.

Row 1: ICICI Bank possesses a return on assets of 2.18%.
Row 2: ICICI Bank reported a return on equity of 11.90% for Q1 FY27.
Row 3: ICICI Bank posted a Q1 FY27 cost-to-income ratio of roughly 38.5%.
Row 4: ICICI Bank achieved a gross NPA of 1.38%.
Row 5: ICICI Bank holds a net NPA of 0.35%.
Row 6: ICICI Bank maintained a provision coverage of 74.7% in Q1 FY27.
Row 7: ICICI Bank's capital adequacy stood at 16.84% in Q1 FY27.
Row 8: ICICI Bank's CET1 reached 16.19% in Q1 FY27.
Row 9: ICICI Bank views deposit-cost management as a driver for margin as CASA improves.
Row 10: ICICI Bank reported Total advances reaching ₹16,31,260 crore, up 19.6%.
Row 11: ICICI Bank's retail lending makes up 49.2% of its portfolio and grew 12.0% year-on-year.
Row 12: ICICI Bank's return on equity is driven by its capital efficiency.
Row 13: ICICI Bank benefits from best-in-class asset quality among large private banks.
Row 14: ICICI Bank has loan exposure to business banking, which grew 28.2%.
Row 15: ICICI Bank's domestic corporate lending portfolio grew by 18.5%.
Row 16: ICICI Bank reported that rural lending grew 35.4%, acting as its fastest-growing segment.
Row 17: ICICI Bank demonstrates a sector-leading return on assets.
Row 18: ICICI Bank has a weakness in unsecured-credit sensitivity due to its pace of retail-loan growth.
Row 19: ICICI Bank has an opportunity in diversifying away from large-corporate concentration through the 28.2% growth of its business banking segment.
Row 20: ICICI Bank is exposed to credit risk from the pace of unsecured retail growth.
Row 21: ICICI Bank faces exposure to funding risk from competitive deposit pricing.
Row 22: ICICI Bank is exposed to interest-rate risk from the prospect of margin normalization.
Row 23: ICICI Bank expects future growth to be driven by business-banking and rural-segment expansion.
Row 24: ICICI Bank relies on low credit costs as a driver for its return on equity.
Row 25: ICICI Bank considers the pace of unsecured retail buildup as a key risk driver.
Row 26: ICICI Bank's sustained asset-quality track record serves as a valuation-relevant fact driver.
Row 27: ICICI Bank reported an average CASA ratio of 38.1% for Q1 FY27.","The retrieved facts do not cover ICICI Bank's deposit growth in the latest quarter, though they do note total advances reaching ₹16,31,260 crore, representing a 19.6% increase.",Somewhat relevant,"The assistant summary correctly reports the total advances of ₹16,31,260 crore and the 19.6% growth rate, but incorrectly claims that deposit growth data is missing when the reference answer explicitly provides it.",
"What credit ratings has ICICI Bank received, and from which rating agencies?","No current, dated credit rating could be confirmed this session.",F_Simple,F_Simple,0.5229460713108118,simple_triplet,True,"[""ICICI Bank""]","[{""entity"": ""ICICI Bank"", ""matched_node_name"": ""ICICI Bank"", ""matched_id"": ""79b37389-5068-49b2-ab77-332bdd8dc3c3"", ""matched_type"": ""COMPANY"", ""similarity"": 1.0, ""source"": ""gazetteer""}]","What credit ratings has <COMPANY> received, and from which rating agencies?","{""nn1"": ""COMPANY"", ""target_ids"": [], ""prop1_list"": [""HAS_RATING"", ""RATED_BY""], ""nnp1"": ""79b37389-5068-49b2-ab77-332bdd8dc3c3""}","{""nnp1"": ""79b37389-5068-49b2-ab77-332bdd8dc3c3"", ""nnp2"": null, ""nnp3"": null, ""prop1"": ""HAS_RATING"", ""nn1"": ""COMPANY"", ""nn2"": null, ""threshold"": null, ""target_ids"": [], ""prop1_list"": [""HAS_RATING"", ""RATED_BY""], ""metric_name"": null, ""topic_name1"": ""ICICI Bank"", ""topic_name2"": null, ""segment_ids"": []}",attribute_lookup,6,"Template: simple_triplet (F_Simple)
Query intent: Simple question: subject linked to objects via a predicate.

Row 1: ICICI Bank's banking_segment is Private Sector Bank
Row 2: ICICI Bank's country is India
Row 3: ICICI Bank's description is Universal bank with registered office in Vadodara, Gujarat, and corporate headquarters in Mumbai. Offers retail, SME, and corporate banking services, with digital platforms including iMobile Pay and InstaBIZ.
Row 4: ICICI Bank's exchange is NSE, BSE, NYSE
Row 5: ICICI Bank's listed is True
Row 6: ICICI Bank's ticker is ICICIBANK",The retrieved facts do not cover the credit ratings received by ICICI Bank or the rating agencies that issued them.,Relevant,Both the reference answer and the assistant summary correctly state that the information regarding ICICI Bank's credit ratings is unavailable and unconfirmed.,
"Roughly how many branches and ATMs does ICICI Bank operate, and as of what date?","7,608 branches and 12,190 ATMs and cash-recycling machines.",F_QuantCount,F_QuantCount,0.5019551925676716,quant_count,True,"[""branches"", ""ATMs"", ""ICICI Bank""]","[{""entity"": ""branches"", ""matched_node_name"": ""branches"", ""matched_id"": ""825450c5-3a89-46a1-bf6f-9b5e414de076"", ""matched_type"": ""DISTRIBUTIONCHANNEL"", ""similarity"": 1.0, ""source"": ""gazetteer""}, {""entity"": ""ATMs"", ""matched_node_name"": ""ATMs"", ""matched_id"": ""4211be7c-a18e-4211-bd8a-4534d423385e"", ""matched_type"": ""DISTRIBUTIONCHANNEL"", ""similarity"": 1.0, ""source"": ""gazetteer""}, {""entity"": ""ICICI Bank"", ""matched_node_name"": ""ICICI Bank"", ""matched_id"": ""79b37389-5068-49b2-ab77-332bdd8dc3c3"", ""matched_type"": ""COMPANY"", ""similarity"": 1.0, ""source"": ""gazetteer""}]","Roughly how many <DISTRIBUTIONCHANNEL> and <DISTRIBUTIONCHANNEL> does <COMPANY> operate, and as of what date?","{""nn1"": ""COMPANY"", ""prop1_list"": [""USES_CHANNEL"", ""DEPENDS_ON""], ""nnp1"": ""79b37389-5068-49b2-ab77-332bdd8dc3c3"", ""nn2"": ""DISTRIBUTIONCHANNEL""}","{""nnp1"": ""79b37389-5068-49b2-ab77-332bdd8dc3c3"", ""nnp2"": ""825450c5-3a89-46a1-bf6f-9b5e414de076"", ""nnp3"": null, ""prop1"": ""USES_CHANNEL"", ""nn1"": ""COMPANY"", ""nn2"": ""DISTRIBUTIONCHANNEL"", ""threshold"": null, ""target_ids"": [""825450c5-3a89-46a1-bf6f-9b5e414de076"", ""4211be7c-a18e-4211-bd8a-4534d423385e""], ""prop1_list"": [""USES_CHANNEL"", ""DEPENDS_ON""], ""metric_name"": null, ""topic_name1"": ""ICICI Bank"", ""topic_name2"": ""branches"", ""segment_ids"": []}",primary,1,"Template: quant_count (F_QuantCount)
Query intent: Count related objects for a subject entity.

Row 1: subject_name=ICICI Bank | object_count=2 (2 facts)
  - ICICI Bank maintains a large digital-payments footprint through its iMobile Pay app.
  - ICICI Bank maintains a large digital-payments footprint through its InstaBIZ app.","The retrieved facts do not cover how many branches and ATMs ICICI Bank operates, nor the date for such figures.",Not relevant,"The reference answer provides specific figures for branches and ATMs, but the assistant summary incorrectly claims that the retrieved facts do not cover this information.",
"What products and services does ICICI Bank offer, and which customer segments does it serve?","Universal-bank model with retail, SME and corporate franchise and a large digital-payments footprint via iMobile Pay and InstaBIZ — home, auto and personal loans, credit cards, business-banking products, corporate/wholesale credit, treasury, wealth management, cash management and NRI banking.",F_Simple,F_Simple,0.5902610031105305,simple_triplet,True,"[""ICICI Bank""]","[{""entity"": ""ICICI Bank"", ""matched_node_name"": ""ICICI Bank"", ""matched_id"": ""79b37389-5068-49b2-ab77-332bdd8dc3c3"", ""matched_type"": ""COMPANY"", ""similarity"": 1.0, ""source"": ""gazetteer""}]","What products and services does <COMPANY> offer, and which customer segments does it serve?","{""nn1"": ""COMPANY"", ""target_ids"": [], ""prop1_list"": [""ExposureRelation"", ""OFFERS_PRODUCT"", ""PROVIDES_SERVICE"", ""SERVES"", ""TARGETS"", ""HAS_ASSET_EXPOSURE_TO"", ""EXPOSURE_RELATION""], ""nnp1"": ""79b37389-5068-49b2-ab77-332bdd8dc3c3""}","{""nnp1"": ""79b37389-5068-49b2-ab77-332bdd8dc3c3"", ""nnp2"": null, ""nnp3"": null, ""prop1"": ""SERVES"", ""nn1"": ""COMPANY"", ""nn2"": null, ""threshold"": null, ""target_ids"": [], ""prop1_list"": [""ExposureRelation"", ""OFFERS_PRODUCT"", ""PROVIDES_SERVICE"", ""SERVES"", ""TARGETS"", ""HAS_ASSET_EXPOSURE_TO"", ""EXPOSURE_RELATION""], ""metric_name"": null, ""topic_name1"": ""ICICI Bank"", ""topic_name2"": null, ""segment_ids"": []}",primary,22,"Template: simple_triplet (F_Simple)
Query intent: Simple question: subject linked to objects via a predicate.

Row 1: ICICI Bank reported Total advances reaching ₹16,31,260 crore, up 19.6%.
Row 2: ICICI Bank maintains a strong franchise serving corporate clients.
Row 3: ICICI Bank offers NRI-banking services.
Row 4: ICICI Bank maintains a strong franchise serving SME customers.
Row 5: ICICI Bank offers auto loans.
Row 6: ICICI Bank has loan exposure to business banking, which grew 28.2%.
Row 7: ICICI Bank provides various business-banking products for SMEs.
Row 8: ICICI Bank provides cash-management services.
Row 9: ICICI Bank offers corporate credit.
Row 10: ICICI Bank issues credit cards.
Row 11: ICICI Bank is exposed to credit risk from the pace of unsecured retail growth.
Row 12: ICICI Bank's domestic corporate lending portfolio grew by 18.5%.
Row 13: ICICI Bank faces exposure to funding risk from competitive deposit pricing.
Row 14: ICICI Bank offers home loans to its customers.
Row 15: ICICI Bank is exposed to interest-rate risk from the prospect of margin normalization.
Row 16: ICICI Bank provides personal loans.
Row 17: ICICI Bank's retail lending makes up 49.2% of its portfolio and grew 12.0% year-on-year.
Row 18: ICICI Bank maintains a strong franchise serving retail customers.
Row 19: ICICI Bank reported that rural lending grew 35.4%, acting as its fastest-growing segment.
Row 20: ICICI Bank provides treasury services.
Row 21: ICICI Bank provides wealth-management services.
Row 22: ICICI Bank provides wholesale credit.","ICICI Bank offers a wide range of products and services, including auto loans, home loans, personal loans, credit cards, NRI-banking services, cash-management services, treasury services, wealth-management services, wholesale credit, corporate credit, and various business-banking products for SMEs. To serve these offerings, the bank maintains a strong franchise catering to corporate clients, SME customers, and retail customers.",Relevant,"The assistant summary accurately captures nearly all products and services as well as the customer segments mentioned in the reference answer, including retail, SME, and corporate clients along with specific loans, cards, and banking services.",
What is Axis Bank's ticker symbol and on which exchange(s) does it trade?,AXISBANK on the NSE and BSE.,F_Simple,F_Simple,0.5272617020235415,simple_triplet,True,"[""Axis Bank""]","[{""entity"": ""Axis Bank"", ""matched_node_name"": ""Axis Bank"", ""matched_id"": ""ad4fff8f-0b21-4dc4-bc11-80561392aff3"", ""matched_type"": ""COMPANY"", ""similarity"": 1.0, ""source"": ""gazetteer""}]",What is <COMPANY>'s ticker symbol and on which exchange(s) does it trade?,"{""nnp1"": ""ad4fff8f-0b21-4dc4-bc11-80561392aff3""}","{""nnp1"": ""ad4fff8f-0b21-4dc4-bc11-80561392aff3"", ""nnp2"": null, ""nnp3"": null, ""prop1"": null, ""nn1"": ""COMPANY"", ""nn2"": null, ""threshold"": null, ""target_ids"": [], ""prop1_list"": [], ""metric_name"": null, ""topic_name1"": ""Axis Bank"", ""topic_name2"": null, ""segment_ids"": []}",attribute_lookup_direct,7,"Template: simple_triplet (F_Simple)
Query intent: Simple question: subject linked to objects via a predicate.

Row 1: Axis Bank's banking_segment is Universal Banking
Row 2: Axis Bank's country is India
Row 3: Axis Bank's description is Axis Bank is a universal bank headquartered in Mumbai, Maharashtra. It provides corporate, SME, and retail lending, as well as wealth management under its Burgundy brand, NRI banking, cash management, and trade finance. Axis Bank is listed on the NSE and BSE under the ticker AXISBANK and is regulated by the RBI and SEBI.
Row 4: Axis Bank's exchange is NSE, BSE
Row 5: Axis Bank's legal_name is Axis Bank
Row 6: Axis Bank's listed is True
Row 7: Axis Bank's ticker is AXISBANK","Axis Bank's ticker symbol is AXISBANK, and it trades on the NSE and BSE exchanges.",Relevant,"The assistant summary accurately captures Axis Bank's ticker symbol as AXISBANK and its trading exchanges as the NSE and BSE, matching the reference answer completely.",
"Who is the current MD & CEO (or Chairman, where that is the top executive title) of Axis Bank?",Amitabh Chaudhry is MD & CEO; N. S. Vishwanathan is non-executive chairman (RBI approved his reappointment).,F_Simple,F_Simple,0.5283378025783668,simple_triplet,True,"[""Axis Bank""]","[{""entity"": ""Axis Bank"", ""matched_node_name"": ""Axis Bank"", ""matched_id"": ""ad4fff8f-0b21-4dc4-bc11-80561392aff3"", ""matched_type"": ""COMPANY"", ""similarity"": 1.0, ""source"": ""gazetteer""}]","Who is the current MD & CEO (or Chairman, where that is the top executive title) of <COMPANY>?","{""nn1"": ""COMPANY"", ""target_ids"": [], ""prop1_list"": [""GovernanceRole"", ""HOLDS_ROLE"", ""GOVERNANCE_ROLE""], ""nnp1"": ""ad4fff8f-0b21-4dc4-bc11-80561392aff3""}","{""nnp1"": ""ad4fff8f-0b21-4dc4-bc11-80561392aff3"", ""nnp2"": null, ""nnp3"": null, ""prop1"": ""GovernanceRole"", ""nn1"": ""COMPANY"", ""nn2"": null, ""threshold"": null, ""target_ids"": [], ""prop1_list"": [""GovernanceRole"", ""HOLDS_ROLE"", ""GOVERNANCE_ROLE""], ""metric_name"": null, ""topic_name1"": ""Axis Bank"", ""topic_name2"": null, ""segment_ids"": []}",primary,3,"Template: simple_triplet (F_Simple)
Query intent: Simple question: subject linked to objects via a predicate.

Row 1: [Axis Bank] Amitabh Chaudhry serves as the MD & CEO of Axis Bank.
Row 2: [Axis Bank] N. S. Vishwanathan holds the position of non-executive chairman at Axis Bank.
Row 3: [Axis Bank] Rajiv Anand previously served as Deputy MD at Axis Bank before joining IndusInd Bank.","The current MD & CEO of Axis Bank is Amitabh Chaudhry, while N. S. Vishwanathan serves as the non-executive chairman.",Relevant,"The assistant summary correctly identifies Amitabh Chaudhry as the MD & CEO and N. S. Vishwanathan as the non-executive chairman of Axis Bank, matching all material facts in the reference answer.",
"What percentage of Axis Bank is held by its government promoter or largest shareholder, and as of what date?","A residual promoter category of 7.87% as of September 2026. FIIs 39.91%, domestic institutions 4.62% (mutual funds 33.00%, insurance 5.07%), retail 6.43%.",F_LogUnion,F_LogUnion,0.6214196189605303,logical_union,True,"[""Axis Bank""]","[{""entity"": ""Axis Bank"", ""matched_node_name"": ""Axis Bank"", ""matched_id"": ""ad4fff8f-0b21-4dc4-bc11-80561392aff3"", ""matched_type"": ""COMPANY"", ""similarity"": 1.0, ""source"": ""gazetteer""}]","What percentage of <COMPANY> is held by its government promoter or largest shareholder, and as of what date?","{""nn1"": ""COMPANY"", ""nnp1"": ""ad4fff8f-0b21-4dc4-bc11-80561392aff3"", ""prop1_list"": [""OWNS"", ""REGULATED_BY"", ""OwnershipStake"", ""HELD_BY"", ""OWNS_STAKE_IN"", ""CorporateStructureRelation"", ""OWNERSHIP_STAKE"", ""CORPORATE_STRUCTURE_RELATION""], ""target_ids"": [], ""nnp2"": null}","{""nnp1"": ""ad4fff8f-0b21-4dc4-bc11-80561392aff3"", ""nnp2"": null, ""nnp3"": null, ""prop1"": ""CorporateStructureRelation"", ""nn1"": ""COMPANY"", ""nn2"": null, ""threshold"": null, ""target_ids"": [], ""prop1_list"": [""OWNS"", ""REGULATED_BY"", ""OwnershipStake"", ""HELD_BY"", ""OWNS_STAKE_IN"", ""CorporateStructureRelation"", ""OWNERSHIP_STAKE"", ""CORPORATE_STRUCTURE_RELATION""], ""metric_name"": null, ""topic_name1"": ""Axis Bank"", ""topic_name2"": null, ""segment_ids"": []}",primary,8,"Template: logical_union (F_LogUnion)
Query intent: Union of two relationship patterns from the same subject.

Row 1: [Axis Bank] Insurance holdings constituted 5.07% of the domestic institutional investment in Axis Bank as of September 2026. (as of 2026-09-01)
Row 2: [Axis Bank] Domestic institutions held 4.62% of Axis Bank as of September 2026. (as of 2026-09-01)
Row 3: [Axis Bank] Retail investors held a 6.43% stake in Axis Bank as of September 2026. (as of 2026-09-01)
Row 4: Axis Bank traces its ownership lineage to erstwhile UTI-related entities.
Row 5: Axis Bank traces its ownership lineage in part to public-sector insurers.
Row 6: [Axis Bank] Current filings indicate a residual promoter category holds a 7.87% stake in Axis Bank as of September 2026. (as of 2026-09-01)
Row 7: [Axis Bank] Mutual funds made up 33.00% of the institutional holdings in Axis Bank as of September 2026. (as of 2026-09-01)
Row 8: [Axis Bank] FIIs held 39.91% of Axis Bank as of September 2026. (as of 2026-09-01)",Current filings indicate that a residual promoter category holds a 7.87% stake in Axis Bank as of September 2026.,Relevant,"The assistant summary correctly captures the exact percentage (7.87%) and date (September 2026) for the promoter holding as stated in the reference answer, while omitting the other shareholder categories without contradicting the core facts.",
What was Axis Bank's CASA ratio in the most recently reported quarter?,38% in Q1 FY27.,F_Simple,F_Simple,0.45300680749982714,simple_triplet,True,"[""Axis Bank"", ""CASA ratio""]","[{""entity"": ""Axis Bank"", ""matched_node_name"": ""Axis Bank"", ""matched_id"": ""ad4fff8f-0b21-4dc4-bc11-80561392aff3"", ""matched_type"": ""COMPANY"", ""similarity"": 1.0, ""source"": ""gazetteer""}, {""entity"": ""CASA ratio"", ""matched_node_name"": ""CASA ratio"", ""matched_id"": ""2f007236-19aa-494e-a277-c5e8d54d60fe"", ""matched_type"": ""METRIC"", ""similarity"": 1.0, ""source"": ""gazetteer""}]",What was <COMPANY>'s <METRIC> in the most recently reported quarter?,"{""nn1"": ""COMPANY"", ""target_ids"": [""2f007236-19aa-494e-a277-c5e8d54d60fe""], ""prop1_list"": [""HAS_METRIC"", ""MetricObservation"", ""HAS_WEAKNESS"", ""HAS_RISK_DRIVER"", ""HAS_STRENGTH"", ""HAS_GROWTH_DRIVER"", ""HAS_OPPORTUNITY"", ""HAS_MARGIN_DRIVER"", ""HAS_ROE_DRIVER"", ""HAS_VALUATION_DRIVER"", ""METRIC_OBSERVATION""], ""nnp1"": ""ad4fff8f-0b21-4dc4-bc11-80561392aff3""}","{""nnp1"": ""ad4fff8f-0b21-4dc4-bc11-80561392aff3"", ""nnp2"": ""2f007236-19aa-494e-a277-c5e8d54d60fe"", ""nnp3"": null, ""prop1"": ""HAS_STRENGTH"", ""nn1"": ""COMPANY"", ""nn2"": ""METRIC"", ""threshold"": null, ""target_ids"": [""2f007236-19aa-494e-a277-c5e8d54d60fe""], ""prop1_list"": [""HAS_METRIC"", ""MetricObservation"", ""HAS_WEAKNESS"", ""HAS_RISK_DRIVER"", ""HAS_STRENGTH"", ""HAS_GROWTH_DRIVER"", ""HAS_OPPORTUNITY"", ""HAS_MARGIN_DRIVER"", ""HAS_ROE_DRIVER"", ""HAS_VALUATION_DRIVER"", ""METRIC_OBSERVATION""], ""metric_name"": null, ""topic_name1"": ""Axis Bank"", ""topic_name2"": ""CASA ratio"", ""segment_ids"": []}",primary,19,"Template: simple_triplet (F_Simple)
Query intent: Simple question: subject linked to objects via a predicate.

Row 1: Axis Bank reported a Q1 FY27 CASA ratio of 38%. (as of 2026-07-18)
Row 2: Axis Bank reported a return on assets of 1.51% for Q1 FY27.
Row 3: Axis Bank achieved a return on equity of 14.16% in Q1 FY27.
Row 4: Axis Bank maintains a stable gross NPA at 1.28%.
Row 5: Axis Bank's net NPA stood at 0.39%.
Row 6: Axis Bank maintains a provision coverage ratio of 70%.
Row 7: Axis Bank's capital adequacy was reported at 16.67%.
Row 8: Axis Bank has a CET1 capital ratio of 14.64%.
Row 9: Axis Bank's net interest margin reached a low of 3.46%.
Row 10: Axis Bank expects its margin to be driven by deposit repricing.
Row 11: Axis Bank's direct strength this quarter is its advances growth of 19% year-on-year, led by corporate and SME lending.
Row 12: Axis Bank possesses a weakness in that its net interest margin has fallen to a cycle low of 3.46%.
Row 13: Axis Bank's more speculative weakness is its retail growth of only 8% lagging corporate growth of 38%.
Row 14: Axis Bank's opportunity lies in the fact that comfortable CET1 capital of 14.64% supports continued balance-sheet expansion.
Row 15: Axis Bank reports a cost-to-assets metric of 2.20%.
Row 16: Axis Bank's expected growth driver is corporate and SME lending momentum.
Row 17: Axis Bank relies on capital-deployment efficiency as a return-on-equity driver.
Row 18: Axis Bank's key risk driver is the asset-quality lag effect following fast corporate-loan growth.
Row 19: [Axis Bank] The valuation-relevant driver for Axis Bank is the bank's trajectory from its current NIM trough toward recovery.","Axis Bank reported a CASA ratio of 38% for Q1 FY27 as of July 18, 2026.",Relevant,"The assistant summary correctly captures the CASA ratio of 38% for Q1 FY27 stated in the reference answer, while adding an accurate date without any contradiction.",
