query,gold_label,predicted_template,template_confidence,template_id,template_match,entities,resolved_entities,masked_query,cypher_parameters,triplet_slots,cypher_strategy,kg_row_count,kg_hop_path,summary,judge_label,judge_rationale,error
What is State Bank of India's ticker symbol and on which exchange(s) does it trade?,F_Simple,F_Simple,0.5660659596990265,simple_triplet,True,"[""State Bank of India""]","[{""entity"": ""State Bank of India"", ""matched_node_name"": ""State Bank of India"", ""matched_id"": ""17ecf55c-5c04-4d54-87fc-1485b9a7b134"", ""matched_type"": ""COMPANY"", ""similarity"": 1.0, ""source"": ""gazetteer""}]",What is <COMPANY>'s ticker symbol and on which exchange(s) does it trade?,"{""nn1"": ""COMPANY"", ""prop1_list"": [], ""target_ids"": [], ""nnp1"": ""17ecf55c-5c04-4d54-87fc-1485b9a7b134""}","{""nnp1"": ""17ecf55c-5c04-4d54-87fc-1485b9a7b134"", ""nnp2"": null, ""nnp3"": null, ""prop1"": null, ""nn1"": ""COMPANY"", ""nn2"": null, ""threshold"": null, ""target_ids"": [], ""prop1_list"": []}",primary,50,"Template: simple_triplet (F_Simple)
Query intent: Simple question: subject linked to objects via a predicate.

Row 1: State Bank of India has invested strategically in AI-driven credit underwriting capabilities.
Row 2: State Bank of India operates approximately 65,000 ATMs across the country.
Row 3: Asset quality is identified as the main risk driver for SBI.
Row 4: State Bank of India holds historical issuer and deposit ratings in the BBB- range from agencies such as S&P and Fitch.
Row 5: State Bank of India has historically sat in the Baa2/Baa3 long-term issuer and deposit rating range issued by Moody's.
Row 6: C S Setty holds the top executive role of Chairman at State Bank of India.
Row 7: SBI's net interest margin is driven by its CASA mix.
Row 8: State Bank of India reported a strong CASA ratio of 39.24% in the June 2026 quarter, providing a stable low-cost base.
Row 9: State Bank of India maintains a CET1 percentage that is stated to be comfortably above the regulatory minimum of 8.80%.
Row 10: FIIs form part of an investor group, including NRIs and GDRs, holding a combined 12.49% stake in State Bank of India.
Row 11: State Bank of India utilizes Finacle technology to drive its core banking operations.
Row 12: State Bank of India has historically maintained credit ratings assigned directly by Fitch Ratings.
Row 13: The Government of India is the majority owner of State Bank of India, maintaining a 55.03% ownership stake.
Row 14: HDFC Bank competes strongly against State Bank of India by continuously taking away retail and digital market share.
Row 15: State Bank of India provides specialized banking services tailored for HNIs.
Row 16: ICICI Bank serves as a key competitor to State Bank of India, threatening its digital and retail market standing.
Row 17: LIC holds an 8.70% ownership stake in State Bank of India.
Row 18: State Bank of India has lending exposure to small and medium enterprises by offering MSME loans.
Row 19: State Bank of India serves Micro, Small, and Medium Enterprises (MSMEs) with extensive banking products.
Row 20: State Bank of India's headquarters is geographically located within the state of Maharashtra.
Row 21: State Bank of India relies heavily on the ongoing regulatory support and oversight of the Ministry of Finance.
Row 22: State Bank of India's long-term issuer and deposit strength has historically been evaluated by Moody's.
Row 23: State Bank of India, India's largest bank by assets, maintains its headquarters in Mumbai.
Row 24: State Bank of India operates dedicated NRI banking services for expatriates.
Row 25: State Bank of India serves the diverse banking needs of the extensive NRI community.
Row 26: NRIs hold a stake in State Bank of India, contributing to a combined 12.49% ownership alongside FIIs and GDRs.
Row 27: SBI's return on equity is driven by the operating leverage resulting from its massive scale.
Row 28: State Bank of India is categorized among the 12 listed Public Sector Banks in the Indian Banking Sector.
Row 29: SBI's net interest margin is driven by the trajectory of the RBI repo rate.
Row 30: State Bank of India is subject to the regulatory oversight of the Reserve Bank of India, which governs its licensing, Basel III capital norms, and priority-sector-lending mandates.
Row 31: State Bank of India is a banking entity historically rated by the credit rating agency S&P.
Row 32: State Bank of India executes its investment banking services through its subsidiary, SBI Caps.
Row 33: State Bank of India is regulated by the Securities and Exchange Board of India concerning listed-company disclosures, minimum public shareholding, and takeover codes.
Row 34: UTI holds a stake in State Bank of India as part of a 13.57% combined holding with mutual funds.
Row 35: SBI holds and operates under a universal banking license.
Row 36: SBI has lending exposure to the unsecured retail loan segment.
Row 37: State Bank of India is affiliated with YES BANK LIMITED as an anchor investor and held a roughly 10% residual stake as of September 2025.
Row 38: State Bank of India executes its digital-first strategy through its proprietary YONO platform.
Row 39: SBI expects future growth to be driven by digital customer acquisition through the YONO platform.
Row 40: State Bank of India possesses a significant opportunity to use the massive YONO platform's scale for further cross-selling.
Row 41: State Bank of India's advances grew to ₹42.76 trillion by the end of Q1 FY27.
Row 42: State Bank of India underwrites agricultural loans as part of its widespread lending offerings.
Row 43: State Bank of India maintains exposure to retail lending by offering auto loans.
Row 44: State Bank of India leverages a vast distribution channel comprising roughly 22,500 branches, the largest in India.
Row 45: State Bank of India recorded a capital adequacy ratio of 15.67% at the end of Q1 FY27.
Row 46: State Bank of India offers cash management services among its broad institutional offerings.
Row 47: State Bank of India depends on Finacle-based core banking technology for its backend financial operations.
Row 48: State Bank of India maintained a cost-to-income ratio of 46.71% in the June 2026 quarter.
Row 49: State Bank of India offers credit cards to its customers as part of its retail product lineup.
Row 50: State Bank of India faces significant credit risk through its large corporate loan book.","State Bank of India is the country's largest bank by assets, backed by a majority government ownership stake of 55.03% and a vast distribution network comprising approximately 22,500 branches and 65,000 ATMs. As of the June 2026 quarter, the bank reported a strong CASA ratio of 39.24% and a capital adequacy ratio of 15.67% at the end of Q1 FY27, while advancing its digital strategy through the YONO platform and Finacle core banking technology.",Not relevant,"The assistant output discusses the bank's assets, ownership, network, and financial ratios, but completely fails to provide the requested ticker symbol and trading exchanges.",
"What percentage of State Bank of India is held by its government promoter or largest shareholder, and as of what date?",F_LogUnion,F_LogUnion,0.6758920373727951,logical_union,True,"[""State Bank of India""]","[{""entity"": ""State Bank of India"", ""matched_node_name"": ""State Bank of India"", ""matched_id"": ""17ecf55c-5c04-4d54-87fc-1485b9a7b134"", ""matched_type"": ""COMPANY"", ""similarity"": 1.0, ""source"": ""gazetteer""}]","What percentage of <COMPANY> is held by its government promoter or largest shareholder, and as of what date?","{""nn1"": ""COMPANY"", ""nnp2"": null, ""prop1"": ""REGULATED_BY"", ""nnp1"": ""17ecf55c-5c04-4d54-87fc-1485b9a7b134""}","{""nnp1"": ""17ecf55c-5c04-4d54-87fc-1485b9a7b134"", ""nnp2"": null, ""nnp3"": null, ""prop1"": ""REGULATED_BY"", ""nn1"": ""COMPANY"", ""nn2"": null, ""threshold"": null, ""target_ids"": [], ""prop1_list"": [""OWNS"", ""REGULATED_BY"", ""OwnershipStake""]}",primary,50,"Template: logical_union (F_LogUnion)
Query intent: Union of two relationship patterns from the same subject.

Row 1: State Bank of India has invested strategically in AI-driven credit underwriting capabilities.
Row 2: State Bank of India operates approximately 65,000 ATMs across the country.
Row 3: Asset quality is identified as the main risk driver for SBI.
Row 4: State Bank of India holds historical issuer and deposit ratings in the BBB- range from agencies such as S&P and Fitch.
Row 5: State Bank of India has historically sat in the Baa2/Baa3 long-term issuer and deposit rating range issued by Moody's.
Row 6: C S Setty holds the top executive role of Chairman at State Bank of India.
Row 7: SBI's net interest margin is driven by its CASA mix.
Row 8: State Bank of India reported a strong CASA ratio of 39.24% in the June 2026 quarter, providing a stable low-cost base.
Row 9: State Bank of India maintains a CET1 percentage that is stated to be comfortably above the regulatory minimum of 8.80%.
Row 10: FIIs form part of an investor group, including NRIs and GDRs, holding a combined 12.49% stake in State Bank of India.
Row 11: State Bank of India utilizes Finacle technology to drive its core banking operations.
Row 12: State Bank of India has historically maintained credit ratings assigned directly by Fitch Ratings.
Row 13: The Government of India is the majority owner of State Bank of India, maintaining a 55.03% ownership stake.
Row 14: HDFC Bank competes strongly against State Bank of India by continuously taking away retail and digital market share.
Row 15: State Bank of India provides specialized banking services tailored for HNIs.
Row 16: ICICI Bank serves as a key competitor to State Bank of India, threatening its digital and retail market standing.
Row 17: LIC holds an 8.70% ownership stake in State Bank of India.
Row 18: State Bank of India has lending exposure to small and medium enterprises by offering MSME loans.
Row 19: State Bank of India serves Micro, Small, and Medium Enterprises (MSMEs) with extensive banking products.
Row 20: State Bank of India's headquarters is geographically located within the state of Maharashtra.
Row 21: State Bank of India relies heavily on the ongoing regulatory support and oversight of the Ministry of Finance.
Row 22: State Bank of India's long-term issuer and deposit strength has historically been evaluated by Moody's.
Row 23: State Bank of India, India's largest bank by assets, maintains its headquarters in Mumbai.
Row 24: State Bank of India operates dedicated NRI banking services for expatriates.
Row 25: State Bank of India serves the diverse banking needs of the extensive NRI community.
Row 26: NRIs hold a stake in State Bank of India, contributing to a combined 12.49% ownership alongside FIIs and GDRs.
Row 27: SBI's return on equity is driven by the operating leverage resulting from its massive scale.
Row 28: State Bank of India is categorized among the 12 listed Public Sector Banks in the Indian Banking Sector.
Row 29: SBI's net interest margin is driven by the trajectory of the RBI repo rate.
Row 30: State Bank of India is subject to the regulatory oversight of the Reserve Bank of India, which governs its licensing, Basel III capital norms, and priority-sector-lending mandates.
Row 31: State Bank of India is a banking entity historically rated by the credit rating agency S&P.
Row 32: State Bank of India executes its investment banking services through its subsidiary, SBI Caps.
Row 33: State Bank of India is regulated by the Securities and Exchange Board of India concerning listed-company disclosures, minimum public shareholding, and takeover codes.
Row 34: UTI holds a stake in State Bank of India as part of a 13.57% combined holding with mutual funds.
Row 35: SBI holds and operates under a universal banking license.
Row 36: SBI has lending exposure to the unsecured retail loan segment.
Row 37: State Bank of India is affiliated with YES BANK LIMITED as an anchor investor and held a roughly 10% residual stake as of September 2025.
Row 38: State Bank of India executes its digital-first strategy through its proprietary YONO platform.
Row 39: SBI expects future growth to be driven by digital customer acquisition through the YONO platform.
Row 40: State Bank of India possesses a significant opportunity to use the massive YONO platform's scale for further cross-selling.
Row 41: State Bank of India's advances grew to ₹42.76 trillion by the end of Q1 FY27.
Row 42: State Bank of India underwrites agricultural loans as part of its widespread lending offerings.
Row 43: State Bank of India maintains exposure to retail lending by offering auto loans.
Row 44: State Bank of India leverages a vast distribution channel comprising roughly 22,500 branches, the largest in India.
Row 45: State Bank of India recorded a capital adequacy ratio of 15.67% at the end of Q1 FY27.
Row 46: State Bank of India offers cash management services among its broad institutional offerings.
Row 47: State Bank of India depends on Finacle-based core banking technology for its backend financial operations.
Row 48: State Bank of India maintained a cost-to-income ratio of 46.71% in the June 2026 quarter.
Row 49: State Bank of India offers credit cards to its customers as part of its retail product lineup.
Row 50: State Bank of India faces significant credit risk through its large corporate loan book.","State Bank of India is the country's largest bank by assets, majority-owned by the Government of India with a 55.03% stake, and operates a vast distribution network including roughly 22,500 branches and 65,000 ATMs. The bank reported an advances growth to ₹42.76 trillion by the end of Q1 FY27, backed by a strong capital adequacy ratio of 15.67% and a CASA ratio of 39.24% in the June 2026 quarter.",Relevant,"The assistant output directly addresses the user request by stating that the Government of India holds a 55.03% stake in the State Bank of India, although it does not explicitly provide the exact date for this ownership percentage.",
What was State Bank of India's CASA ratio in the most recently reported quarter?,F_Simple,F_Simple,0.4957014209614541,simple_triplet,True,"[""State Bank of India"", ""CASA ratio""]","[{""entity"": ""State Bank of India"", ""matched_node_name"": ""State Bank of India"", ""matched_id"": ""17ecf55c-5c04-4d54-87fc-1485b9a7b134"", ""matched_type"": ""COMPANY"", ""similarity"": 1.0, ""source"": ""gazetteer""}, {""entity"": ""CASA ratio"", ""matched_node_name"": ""CASA ratio"", ""matched_id"": ""f552ef12-cf71-4307-80e3-1eb10e256154"", ""matched_type"": ""METRIC"", ""similarity"": 1.0, ""source"": ""gazetteer""}]",What was <COMPANY>'s <METRIC> in the most recently reported quarter?,"{""nn1"": ""COMPANY"", ""prop1_list"": [], ""target_ids"": [""f552ef12-cf71-4307-80e3-1eb10e256154""], ""nnp1"": ""17ecf55c-5c04-4d54-87fc-1485b9a7b134""}","{""nnp1"": ""17ecf55c-5c04-4d54-87fc-1485b9a7b134"", ""nnp2"": ""f552ef12-cf71-4307-80e3-1eb10e256154"", ""nnp3"": null, ""prop1"": null, ""nn1"": ""COMPANY"", ""nn2"": ""METRIC"", ""threshold"": null, ""target_ids"": [""f552ef12-cf71-4307-80e3-1eb10e256154""], ""prop1_list"": []}",primary,1,"Template: simple_triplet (F_Simple)
Query intent: Simple question: subject linked to objects via a predicate.

Row 1: State Bank of India reported a strong CASA ratio of 39.24% in the June 2026 quarter, providing a stable low-cost base.","State Bank of India reported a strong CASA ratio of 39.24% in the June 2026 quarter, establishing a stable and low-cost funding base.",Relevant,The assistant directly answered the user query by providing State Bank of India's CASA ratio for the most recently reported quarter.,
What is State Bank of India's net interest margin (NIM) for the latest reported period?,F_Simple,F_Simple,0.4559410416941235,simple_triplet,True,"[""State Bank of India"", ""net interest margin""]","[{""entity"": ""State Bank of India"", ""matched_node_name"": ""State Bank of India"", ""matched_id"": ""17ecf55c-5c04-4d54-87fc-1485b9a7b134"", ""matched_type"": ""COMPANY"", ""similarity"": 1.0, ""source"": ""gazetteer""}, {""entity"": ""net interest margin"", ""matched_node_name"": ""Net interest margin"", ""matched_id"": ""ce0a12ce-b581-4229-a6b2-4d53c46e9d9d"", ""matched_type"": ""METRIC"", ""similarity"": 1.0, ""source"": ""gazetteer""}]",What is <COMPANY>'s <METRIC> (NIM) for the latest reported period?,"{""nn1"": ""COMPANY"", ""prop1_list"": [], ""target_ids"": [""ce0a12ce-b581-4229-a6b2-4d53c46e9d9d""], ""nnp1"": ""17ecf55c-5c04-4d54-87fc-1485b9a7b134""}","{""nnp1"": ""17ecf55c-5c04-4d54-87fc-1485b9a7b134"", ""nnp2"": ""ce0a12ce-b581-4229-a6b2-4d53c46e9d9d"", ""nnp3"": null, ""prop1"": null, ""nn1"": ""COMPANY"", ""nn2"": ""METRIC"", ""threshold"": null, ""target_ids"": [""ce0a12ce-b581-4229-a6b2-4d53c46e9d9d""], ""prop1_list"": []}",relaxed_direction,82,"Template: simple_triplet (F_Simple)
Query intent: Simple question: subject linked to objects via a predicate.

Row 1: State Bank of India extends home loans as part of its retail lending portfolio.
Row 2: State Bank of India maintains exposure to retail lending by offering auto loans.
Row 3: State Bank of India provides personal loans to its customer base.
Row 4: State Bank of India offers education loans within its suite of retail banking services.
Row 5: State Bank of India underwrites agricultural loans as part of its widespread lending offerings.
Row 6: State Bank of India has lending exposure to small and medium enterprises by offering MSME loans.
Row 7: State Bank of India offers credit cards to its customers as part of its retail product lineup.
Row 8: State Bank of India provides debit cards within its full range of retail banking products.
Row 9: State Bank of India delivers wealth management services to its customer base.
Row 10: State Bank of India offers trade finance services tailored to its corporate clients.
Row 11: State Bank of India provides comprehensive treasury services in the market.
Row 12: State Bank of India caters to its clients' foreign exchange requirements through its forex services.
Row 13: State Bank of India offers cash management services among its broad institutional offerings.
Row 14: State Bank of India provides robust investment banking services to its clients.
Row 15: State Bank of India executes its investment banking services through its subsidiary, SBI Caps.
Row 16: State Bank of India operates dedicated NRI banking services for expatriates.
Row 17: State Bank of India caters to a massive segment of retail mass-market customers.
Row 18: State Bank of India provides specialized banking services tailored for HNIs.
Row 19: State Bank of India serves Micro, Small, and Medium Enterprises (MSMEs) with extensive banking products.
Row 20: State Bank of India maintains a strong presence serving large corporates across sectors.
Row 21: State Bank of India serves government clients by managing diverse public financial needs.
Row 22: State Bank of India provides specialized banking solutions to major institutional clients.
Row 23: State Bank of India serves the diverse banking needs of the extensive NRI community.
Row 24: State Bank of India leverages a vast distribution channel comprising roughly 22,500 branches, the largest in India.
Row 25: State Bank of India operates approximately 65,000 ATMs across the country.
Row 26: State Bank of India reported a strong CASA ratio of 39.24% in the June 2026 quarter, providing a stable low-cost base.
Row 27: State Bank of India's total deposits reached ₹60.06 trillion, growing 9.73% year-on-year by Q1 FY27.
Row 28: State Bank of India expanded its domestic loan book to ₹42.76 trillion, an 18.15% year-on-year increase in the June 2026 quarter.
Row 29: State Bank of India's advances grew to ₹42.76 trillion by the end of Q1 FY27.
Row 30: State Bank of India generated a net interest income of ₹46,992 crore, up 14.88% year-on-year in the June 2026 quarter.
Row 31: State Bank of India utilizes Finacle technology to drive its core banking operations.
Row 32: State Bank of India depends on Finacle-based core banking technology for its backend financial operations.
Row 33: State Bank of India has invested strategically in AI-driven credit underwriting capabilities.
Row 34: State Bank of India's principal competitive advantage is defined by its unmatched branch, ATM and digital scale combined with sovereign backing.
Row 35: State Bank of India recorded a major financial strength by posting record profitability in the Q1 FY27 period.
Row 36: State Bank of India achieved its lowest non-performing-asset levels in more than two decades by the end of June 2026.
Row 37: State Bank of India reported a domestic net interest margin of 3.00% in Q1 FY27, trailing several private-bank peers.
Row 38: State Bank of India possesses a significant opportunity to use the massive YONO platform's scale for further cross-selling.
Row 39: State Bank of India faces significant credit risk through its large corporate loan book.
Row 40: State Bank of India maintains heavy exposure in the form of a large corporate loan book.
Row 41: State Bank of India is exposed to interest-rate risk stemming from its massive deposit base.
Row 42: State Bank of India experiences cyber risk due to the sheer scale of its digital user base.
Row 43: State Bank of India remains consistently exposed to ordinary regulatory risk.
Row 44: State Bank of India relies heavily on the ongoing regulatory support and oversight of the Ministry of Finance.
Row 45: State Bank of India achieved a return on assets of 1.11% during the quarter ended June 2026.
Row 46: State Bank of India reported a high return on equity of 17.87% for Q1 FY27.
Row 47: State Bank of India maintained a cost-to-income ratio of 46.71% in the June 2026 quarter.
Row 48: State Bank of India reported a gross NPA figure of 1.47% as of June 30, 2026.
Row 49: State Bank of India logged a net NPA ratio of 0.38% in the Q1 FY27 period.
Row 50: State Bank of India possessed a provision coverage ratio of 74.20% (91.82% when including technical write-offs) in the June 2026 quarter.
Row 51: State Bank of India recorded a capital adequacy ratio of 15.67% at the end of Q1 FY27.
Row 52: State Bank of India maintains a CET1 percentage that is stated to be comfortably above the regulatory minimum of 8.80%.
Row 53: State Bank of India's long-term issuer and deposit strength has historically been evaluated by Moody's.
Row 54: State Bank of India has historically sat in the Baa2/Baa3 long-term issuer and deposit rating range issued by Moody's.
Row 55: State Bank of India is a banking entity historically rated by the credit rating agency S&P.
Row 56: State Bank of India holds historical issuer and deposit ratings in the BBB- range from agencies such as S&P and Fitch.
Row 57: SBI's net interest margin is driven by its CASA mix.
Row 58: SBI's net interest margin is driven by the trajectory of the RBI repo rate.
Row 59: SBI's return on equity is driven by the operating leverage resulting from its massive scale.
Row 60: Asset quality is identified as the main risk driver for SBI.
Row 61: SBI has lending exposure to the unsecured retail loan segment.
Row 62: SBI holds and operates under a universal banking license.
Row 63: State Bank of India is categorized among the 12 listed Public Sector Banks in the Indian Banking Sector.
Row 64: State Bank of India is subject to the regulatory oversight of the Reserve Bank of India, which governs its licensing, Basel III capital norms, and priority-sector-lending mandates.
Row 65: State Bank of India is regulated by the Securities and Exchange Board of India concerning listed-company disclosures, minimum public shareholding, and takeover codes.
Row 66: State Bank of India has historically maintained credit ratings assigned directly by Fitch Ratings.
Row 67: State Bank of India, India's largest bank by assets, maintains its headquarters in Mumbai.
Row 68: State Bank of India's headquarters is geographically located within the state of Maharashtra.
Row 69: State Bank of India operates as a universal bank, delivering a complete range of retail and corporate banking products.
Row 70: State Bank of India leverages a hybrid model that combines its extensive branch network with a prominent digital-first approach.
Row 71: SBI expects future growth to be driven by digital customer acquisition through the YONO platform.
Row 72: State Bank of India executes its digital-first strategy through its proprietary YONO platform.
Row 73: State Bank of India is affiliated with YES BANK LIMITED as an anchor investor and held a roughly 10% residual stake as of September 2025.
Row 74: HDFC Bank competes strongly against State Bank of India by continuously taking away retail and digital market share.
Row 75: ICICI Bank serves as a key competitor to State Bank of India, threatening its digital and retail market standing.
Row 76: The Government of India is the majority owner of State Bank of India, maintaining a 55.03% ownership stake.
Row 77: LIC holds an 8.70% ownership stake in State Bank of India.
Row 78: Mutual funds, alongside UTI, collectively hold a 13.57% stake in State Bank of India.
Row 79: UTI holds a stake in State Bank of India as part of a 13.57% combined holding with mutual funds.
Row 80: FIIs form part of an investor group, including NRIs and GDRs, holding a combined 12.49% stake in State Bank of India.
Row 81: NRIs hold a stake in State Bank of India, contributing to a combined 12.49% ownership alongside FIIs and GDRs.
Row 82: C S Setty holds the top executive role of Chairman at State Bank of India.","State Bank of India delivered a strong financial performance in Q1 FY27, reporting net interest income of ₹46,992 crore and a return on equity of 17.87% alongside robust asset quality metrics including a gross NPA of 1.47%. Backed by majority government ownership of 55.03% and a vast distribution network, the bank maintains a solid capital adequacy ratio of 15.67% and total deposits reaching ₹60.06 trillion.",Not relevant,The assistant output provides various financial metrics for State Bank of India but completely fails to mention the net interest margin (NIM) for the latest reported period.,
What are State Bank of India's gross NPA and net NPA ratios?,F_Simple,F_Simple,0.5339957873182645,simple_triplet,True,"[""State Bank of India"", ""gross NPA"", ""net NPA""]","[{""entity"": ""State Bank of India"", ""matched_node_name"": ""State Bank of India"", ""matched_id"": ""17ecf55c-5c04-4d54-87fc-1485b9a7b134"", ""matched_type"": ""COMPANY"", ""similarity"": 1.0, ""source"": ""gazetteer""}, {""entity"": ""gross NPA"", ""matched_node_name"": ""gross NPA"", ""matched_id"": ""00c1065d-13f6-42fc-be09-d1a8be6780cd"", ""matched_type"": ""METRIC"", ""similarity"": 1.0, ""source"": ""gazetteer""}, {""entity"": ""net NPA"", ""matched_node_name"": ""net NPA"", ""matched_id"": ""4539ed7c-a229-4073-a946-c4b6498648c7"", ""matched_type"": ""METRIC"", ""similarity"": 1.0, ""source"": ""gazetteer""}]",What are <COMPANY>'s <METRIC> and <METRIC> ratios?,"{""nn1"": ""COMPANY"", ""prop1_list"": [], ""target_ids"": [""00c1065d-13f6-42fc-be09-d1a8be6780cd"", ""4539ed7c-a229-4073-a946-c4b6498648c7""], ""nnp1"": ""17ecf55c-5c04-4d54-87fc-1485b9a7b134""}","{""nnp1"": ""17ecf55c-5c04-4d54-87fc-1485b9a7b134"", ""nnp2"": ""00c1065d-13f6-42fc-be09-d1a8be6780cd"", ""nnp3"": null, ""prop1"": null, ""nn1"": ""COMPANY"", ""nn2"": ""METRIC"", ""threshold"": null, ""target_ids"": [""00c1065d-13f6-42fc-be09-d1a8be6780cd"", ""4539ed7c-a229-4073-a946-c4b6498648c7""], ""prop1_list"": []}",primary,2,"Template: simple_triplet (F_Simple)
Query intent: Simple question: subject linked to objects via a predicate.

Row 1: State Bank of India reported a gross NPA figure of 1.47% as of June 30, 2026.
Row 2: State Bank of India logged a net NPA ratio of 0.38% in the Q1 FY27 period.","As of June 30, 2026, the State Bank of India reported a gross non-performing asset ratio of 1.47%. Additionally, the institution logged a net non-performing asset ratio of 0.38% during the first quarter of fiscal year 2027.",Relevant,The assistant output directly and completely provides both the gross NPA and net NPA ratios requested by the user.,
"What is State Bank of India's capital adequacy ratio (CRAR), and its CET1 ratio if disclosed?",F_Simple,F_Simple,0.5026933839121343,simple_triplet,True,"[""State Bank of India"", ""capital adequacy ratio"", ""CE""]","[{""entity"": ""State Bank of India"", ""matched_node_name"": ""State Bank of India"", ""matched_id"": ""17ecf55c-5c04-4d54-87fc-1485b9a7b134"", ""matched_type"": ""COMPANY"", ""similarity"": 1.0, ""source"": ""gazetteer""}, {""entity"": ""capital adequacy ratio"", ""matched_node_name"": ""capital adequacy ratio"", ""matched_id"": ""a9e7103c-2a43-4d54-94d2-0f9178dbb42e"", ""matched_type"": ""METRIC"", ""similarity"": 1.0, ""source"": ""gazetteer""}, {""entity"": ""CE"", ""matched_node_name"": ""NSE"", ""matched_id"": ""f991983e-e758-47f5-acbf-1afe822e5f20"", ""matched_type"": ""COMPANY"", ""similarity"": 0.6484348893165588, ""source"": ""semantic""}]","What is <COMPANY>'s <METRIC> (CRAR), and its <COMPANY>T1 ratio if disclosed?","{""nn1"": ""COMPANY"", ""prop1_list"": [], ""target_ids"": [""a9e7103c-2a43-4d54-94d2-0f9178dbb42e"", ""f991983e-e758-47f5-acbf-1afe822e5f20""], ""nnp1"": ""17ecf55c-5c04-4d54-87fc-1485b9a7b134""}","{""nnp1"": ""17ecf55c-5c04-4d54-87fc-1485b9a7b134"", ""nnp2"": ""f991983e-e758-47f5-acbf-1afe822e5f20"", ""nnp3"": null, ""prop1"": null, ""nn1"": ""COMPANY"", ""nn2"": ""COMPANY"", ""threshold"": null, ""target_ids"": [""a9e7103c-2a43-4d54-94d2-0f9178dbb42e"", ""f991983e-e758-47f5-acbf-1afe822e5f20""], ""prop1_list"": []}",primary,1,"Template: simple_triplet (F_Simple)
Query intent: Simple question: subject linked to objects via a predicate.

Row 1: State Bank of India recorded a capital adequacy ratio of 15.67% at the end of Q1 FY27.",State Bank of India reported a capital adequacy ratio of 15.67% at the close of the first quarter of fiscal year 2027. This metric highlights the bank's strong capital buffer relative to its risk-weighted assets during that period.,Somewhat relevant,The assistant provides the capital adequacy ratio (CRAR) for State Bank of India but completely omits the CET1 ratio requested by the user.,
What are State Bank of India's return on assets (ROA) and return on equity (ROE) for the latest quarter?,F_Simple,F_Simple,0.6404601230266839,simple_triplet,True,"[""State Bank of India"", ""return on assets"", ""return on equity""]","[{""entity"": ""State Bank of India"", ""matched_node_name"": ""State Bank of India"", ""matched_id"": ""17ecf55c-5c04-4d54-87fc-1485b9a7b134"", ""matched_type"": ""COMPANY"", ""similarity"": 1.0, ""source"": ""gazetteer""}, {""entity"": ""return on assets"", ""matched_node_name"": ""return on assets"", ""matched_id"": ""dd83a8a6-2dd2-4407-9d71-917240c66c55"", ""matched_type"": ""METRIC"", ""similarity"": 1.0, ""source"": ""gazetteer""}, {""entity"": ""return on equity"", ""matched_node_name"": ""return on equity"", ""matched_id"": ""4c4c7086-00d6-4850-9bcd-ae7c8e8479a8"", ""matched_type"": ""METRIC"", ""similarity"": 1.0, ""source"": ""gazetteer""}]",What are <COMPANY>'s <METRIC> (ROA) and <METRIC> (ROE) for the latest quarter?,"{""nn1"": ""COMPANY"", ""prop1_list"": [], ""target_ids"": [""dd83a8a6-2dd2-4407-9d71-917240c66c55"", ""4c4c7086-00d6-4850-9bcd-ae7c8e8479a8""], ""nnp1"": ""17ecf55c-5c04-4d54-87fc-1485b9a7b134""}","{""nnp1"": ""17ecf55c-5c04-4d54-87fc-1485b9a7b134"", ""nnp2"": ""dd83a8a6-2dd2-4407-9d71-917240c66c55"", ""nnp3"": null, ""prop1"": null, ""nn1"": ""COMPANY"", ""nn2"": ""METRIC"", ""threshold"": null, ""target_ids"": [""dd83a8a6-2dd2-4407-9d71-917240c66c55"", ""4c4c7086-00d6-4850-9bcd-ae7c8e8479a8""], ""prop1_list"": []}",primary,2,"Template: simple_triplet (F_Simple)
Query intent: Simple question: subject linked to objects via a predicate.

Row 1: State Bank of India achieved a return on assets of 1.11% during the quarter ended June 2026.
Row 2: State Bank of India reported a high return on equity of 17.87% for Q1 FY27.","During the quarter ended June 2026, State Bank of India achieved a return on assets of 1.11%. Furthermore, the bank reported a high return on equity of 17.87% for the first quarter of fiscal year 2027.",Relevant,The assistant output directly provides both the return on assets (ROA) and return on equity (ROE) for State Bank of India for the latest quarter requested.,
What was State Bank of India's total advances (loan book) and deposit growth in the latest quarter?,F_Simple,F_Simple,0.5786835426932809,simple_triplet,True,"[""State Bank of India"", ""total advances"", ""deposit growth""]","[{""entity"": ""State Bank of India"", ""matched_node_name"": ""State Bank of India"", ""matched_id"": ""17ecf55c-5c04-4d54-87fc-1485b9a7b134"", ""matched_type"": ""COMPANY"", ""similarity"": 1.0, ""source"": ""gazetteer""}, {""entity"": ""total advances"", ""matched_node_name"": ""Total Advances"", ""matched_id"": ""96dbb53b-28f6-42c3-96e5-77dc48c86818"", ""matched_type"": ""METRIC"", ""similarity"": 1.0, ""source"": ""gazetteer""}, {""entity"": ""deposit growth"", ""matched_node_name"": ""deposit growth"", ""matched_id"": ""74d2ba68-dde6-485e-ad5d-c3483d1ec0d8"", ""matched_type"": ""METRIC"", ""similarity"": 1.0, ""source"": ""gazetteer""}]",What was <COMPANY>'s <METRIC> (loan book) and <METRIC> in the latest quarter?,"{""nn1"": ""COMPANY"", ""prop1_list"": [], ""target_ids"": [""96dbb53b-28f6-42c3-96e5-77dc48c86818"", ""74d2ba68-dde6-485e-ad5d-c3483d1ec0d8""], ""nnp1"": ""17ecf55c-5c04-4d54-87fc-1485b9a7b134""}","{""nnp1"": ""17ecf55c-5c04-4d54-87fc-1485b9a7b134"", ""nnp2"": ""96dbb53b-28f6-42c3-96e5-77dc48c86818"", ""nnp3"": null, ""prop1"": null, ""nn1"": ""COMPANY"", ""nn2"": ""METRIC"", ""threshold"": null, ""target_ids"": [""96dbb53b-28f6-42c3-96e5-77dc48c86818"", ""74d2ba68-dde6-485e-ad5d-c3483d1ec0d8""], ""prop1_list"": []}",relaxed_direction,82,"Template: simple_triplet (F_Simple)
Query intent: Simple question: subject linked to objects via a predicate.

Row 1: State Bank of India extends home loans as part of its retail lending portfolio.
Row 2: State Bank of India maintains exposure to retail lending by offering auto loans.
Row 3: State Bank of India provides personal loans to its customer base.
Row 4: State Bank of India offers education loans within its suite of retail banking services.
Row 5: State Bank of India underwrites agricultural loans as part of its widespread lending offerings.
Row 6: State Bank of India has lending exposure to small and medium enterprises by offering MSME loans.
Row 7: State Bank of India offers credit cards to its customers as part of its retail product lineup.
Row 8: State Bank of India provides debit cards within its full range of retail banking products.
Row 9: State Bank of India delivers wealth management services to its customer base.
Row 10: State Bank of India offers trade finance services tailored to its corporate clients.
Row 11: State Bank of India provides comprehensive treasury services in the market.
Row 12: State Bank of India caters to its clients' foreign exchange requirements through its forex services.
Row 13: State Bank of India offers cash management services among its broad institutional offerings.
Row 14: State Bank of India provides robust investment banking services to its clients.
Row 15: State Bank of India executes its investment banking services through its subsidiary, SBI Caps.
Row 16: State Bank of India operates dedicated NRI banking services for expatriates.
Row 17: State Bank of India caters to a massive segment of retail mass-market customers.
Row 18: State Bank of India provides specialized banking services tailored for HNIs.
Row 19: State Bank of India serves Micro, Small, and Medium Enterprises (MSMEs) with extensive banking products.
Row 20: State Bank of India maintains a strong presence serving large corporates across sectors.
Row 21: State Bank of India serves government clients by managing diverse public financial needs.
Row 22: State Bank of India provides specialized banking solutions to major institutional clients.
Row 23: State Bank of India serves the diverse banking needs of the extensive NRI community.
Row 24: State Bank of India leverages a vast distribution channel comprising roughly 22,500 branches, the largest in India.
Row 25: State Bank of India operates approximately 65,000 ATMs across the country.
Row 26: State Bank of India reported a strong CASA ratio of 39.24% in the June 2026 quarter, providing a stable low-cost base.
Row 27: State Bank of India's total deposits reached ₹60.06 trillion, growing 9.73% year-on-year by Q1 FY27.
Row 28: State Bank of India expanded its domestic loan book to ₹42.76 trillion, an 18.15% year-on-year increase in the June 2026 quarter.
Row 29: State Bank of India's advances grew to ₹42.76 trillion by the end of Q1 FY27.
Row 30: State Bank of India generated a net interest income of ₹46,992 crore, up 14.88% year-on-year in the June 2026 quarter.
Row 31: State Bank of India utilizes Finacle technology to drive its core banking operations.
Row 32: State Bank of India depends on Finacle-based core banking technology for its backend financial operations.
Row 33: State Bank of India has invested strategically in AI-driven credit underwriting capabilities.
Row 34: State Bank of India's principal competitive advantage is defined by its unmatched branch, ATM and digital scale combined with sovereign backing.
Row 35: State Bank of India recorded a major financial strength by posting record profitability in the Q1 FY27 period.
Row 36: State Bank of India achieved its lowest non-performing-asset levels in more than two decades by the end of June 2026.
Row 37: State Bank of India reported a domestic net interest margin of 3.00% in Q1 FY27, trailing several private-bank peers.
Row 38: State Bank of India possesses a significant opportunity to use the massive YONO platform's scale for further cross-selling.
Row 39: State Bank of India faces significant credit risk through its large corporate loan book.
Row 40: State Bank of India maintains heavy exposure in the form of a large corporate loan book.
Row 41: State Bank of India is exposed to interest-rate risk stemming from its massive deposit base.
Row 42: State Bank of India experiences cyber risk due to the sheer scale of its digital user base.
Row 43: State Bank of India remains consistently exposed to ordinary regulatory risk.
Row 44: State Bank of India relies heavily on the ongoing regulatory support and oversight of the Ministry of Finance.
Row 45: State Bank of India achieved a return on assets of 1.11% during the quarter ended June 2026.
Row 46: State Bank of India reported a high return on equity of 17.87% for Q1 FY27.
Row 47: State Bank of India maintained a cost-to-income ratio of 46.71% in the June 2026 quarter.
Row 48: State Bank of India reported a gross NPA figure of 1.47% as of June 30, 2026.
Row 49: State Bank of India logged a net NPA ratio of 0.38% in the Q1 FY27 period.
Row 50: State Bank of India possessed a provision coverage ratio of 74.20% (91.82% when including technical write-offs) in the June 2026 quarter.
Row 51: State Bank of India recorded a capital adequacy ratio of 15.67% at the end of Q1 FY27.
Row 52: State Bank of India maintains a CET1 percentage that is stated to be comfortably above the regulatory minimum of 8.80%.
Row 53: State Bank of India's long-term issuer and deposit strength has historically been evaluated by Moody's.
Row 54: State Bank of India has historically sat in the Baa2/Baa3 long-term issuer and deposit rating range issued by Moody's.
Row 55: State Bank of India is a banking entity historically rated by the credit rating agency S&P.
Row 56: State Bank of India holds historical issuer and deposit ratings in the BBB- range from agencies such as S&P and Fitch.
Row 57: SBI's net interest margin is driven by its CASA mix.
Row 58: SBI's net interest margin is driven by the trajectory of the RBI repo rate.
Row 59: SBI's return on equity is driven by the operating leverage resulting from its massive scale.
Row 60: Asset quality is identified as the main risk driver for SBI.
Row 61: SBI has lending exposure to the unsecured retail loan segment.
Row 62: SBI holds and operates under a universal banking license.
Row 63: State Bank of India is categorized among the 12 listed Public Sector Banks in the Indian Banking Sector.
Row 64: State Bank of India is subject to the regulatory oversight of the Reserve Bank of India, which governs its licensing, Basel III capital norms, and priority-sector-lending mandates.
Row 65: State Bank of India is regulated by the Securities and Exchange Board of India concerning listed-company disclosures, minimum public shareholding, and takeover codes.
Row 66: State Bank of India has historically maintained credit ratings assigned directly by Fitch Ratings.
Row 67: State Bank of India, India's largest bank by assets, maintains its headquarters in Mumbai.
Row 68: State Bank of India's headquarters is geographically located within the state of Maharashtra.
Row 69: State Bank of India operates as a universal bank, delivering a complete range of retail and corporate banking products.
Row 70: State Bank of India leverages a hybrid model that combines its extensive branch network with a prominent digital-first approach.
Row 71: SBI expects future growth to be driven by digital customer acquisition through the YONO platform.
Row 72: State Bank of India executes its digital-first strategy through its proprietary YONO platform.
Row 73: State Bank of India is affiliated with YES BANK LIMITED as an anchor investor and held a roughly 10% residual stake as of September 2025.
Row 74: HDFC Bank competes strongly against State Bank of India by continuously taking away retail and digital market share.
Row 75: ICICI Bank serves as a key competitor to State Bank of India, threatening its digital and retail market standing.
Row 76: The Government of India is the majority owner of State Bank of India, maintaining a 55.03% ownership stake.
Row 77: LIC holds an 8.70% ownership stake in State Bank of India.
Row 78: Mutual funds, alongside UTI, collectively hold a 13.57% stake in State Bank of India.
Row 79: UTI holds a stake in State Bank of India as part of a 13.57% combined holding with mutual funds.
Row 80: FIIs form part of an investor group, including NRIs and GDRs, holding a combined 12.49% stake in State Bank of India.
Row 81: NRIs hold a stake in State Bank of India, contributing to a combined 12.49% ownership alongside FIIs and GDRs.
Row 82: C S Setty holds the top executive role of Chairman at State Bank of India.","State Bank of India reported robust financial performance for the quarter ended June 2026, achieving a return on equity of 17.87% and a net interest income of ₹46,992 crore. The bank maintained solid asset quality with a gross NPA of 1.47% and a capital adequacy ratio of 15.67%, supported by a vast domestic loan book of ₹42.76 trillion and total deposits reaching ₹60.06 trillion.",Relevant,"The assistant output directly provides the total advances (loan book) and deposit figures for State Bank of India in the latest quarter, fully addressing the user's request.",
"Roughly how many branches and ATMs does State Bank of India operate, and as of what date?",F_QuantCount,F_QuantCount,0.5789900185289873,quant_count,True,"[""ATMs"", ""State Bank of India""]","[{""entity"": ""ATMs"", ""matched_node_name"": ""ATMs"", ""matched_id"": ""1d9af7d1-80d1-4631-9a7a-7765335565d0"", ""matched_type"": ""DISTRIBUTIONCHANNEL"", ""similarity"": 1.0, ""source"": ""gazetteer""}, {""entity"": ""State Bank of India"", ""matched_node_name"": ""State Bank of India"", ""matched_id"": ""17ecf55c-5c04-4d54-87fc-1485b9a7b134"", ""matched_type"": ""COMPANY"", ""similarity"": 1.0, ""source"": ""gazetteer""}]","Roughly how many branches and <DISTRIBUTIONCHANNEL> does <COMPANY> operate, and as of what date?","{""nn1"": ""COMPANY"", ""nn2"": ""DISTRIBUTIONCHANNEL"", ""prop1"": null, ""nnp1"": ""17ecf55c-5c04-4d54-87fc-1485b9a7b134""}","{""nnp1"": ""17ecf55c-5c04-4d54-87fc-1485b9a7b134"", ""nnp2"": ""1d9af7d1-80d1-4631-9a7a-7765335565d0"", ""nnp3"": null, ""prop1"": null, ""nn1"": ""COMPANY"", ""nn2"": ""DISTRIBUTIONCHANNEL"", ""threshold"": null, ""target_ids"": [""1d9af7d1-80d1-4631-9a7a-7765335565d0""], ""prop1_list"": []}",primary,1,"Template: quant_count (F_QuantCount)
Query intent: Count related objects for a subject entity.

Row 1: subject_name=State Bank of India | object_count=2 (2 facts)
  - State Bank of India leverages a vast distribution channel comprising roughly 22,500 branches, the largest in India.
  - State Bank of India operates approximately 65,000 ATMs across the country.","State Bank of India operates a vast national distribution network comprising roughly 22,500 branches, representing the largest branch network in the country. Additionally, the bank supports its operations with approximately 65,000 ATMs nationwide.",Somewhat relevant,"The output provides the approximate number of branches and ATMs, but it misses the specific date requested by the user.",
"What products and services does State Bank of India offer, and which customer segments does it serve?",F_Simple,F_Simple,0.6085853750573809,simple_triplet,True,"[""State Bank of India""]","[{""entity"": ""State Bank of India"", ""matched_node_name"": ""State Bank of India"", ""matched_id"": ""17ecf55c-5c04-4d54-87fc-1485b9a7b134"", ""matched_type"": ""COMPANY"", ""similarity"": 1.0, ""source"": ""gazetteer""}]","What products and services does <COMPANY> offer, and which customer segments does it serve?","{""nn1"": ""COMPANY"", ""prop1_list"": [""OFFERS_PRODUCT"", ""SERVES""], ""target_ids"": [], ""nnp1"": ""17ecf55c-5c04-4d54-87fc-1485b9a7b134""}","{""nnp1"": ""17ecf55c-5c04-4d54-87fc-1485b9a7b134"", ""nnp2"": null, ""nnp3"": null, ""prop1"": ""SERVES"", ""nn1"": ""COMPANY"", ""nn2"": null, ""threshold"": null, ""target_ids"": [], ""prop1_list"": [""OFFERS_PRODUCT"", ""SERVES""]}",primary,9,"Template: simple_triplet (F_Simple)
Query intent: Simple question: subject linked to objects via a predicate.

Row 1: State Bank of India provides specialized banking services tailored for HNIs.
Row 2: State Bank of India serves Micro, Small, and Medium Enterprises (MSMEs) with extensive banking products.
Row 3: State Bank of India serves the diverse banking needs of the extensive NRI community.
Row 4: State Bank of India offers credit cards to its customers as part of its retail product lineup.
Row 5: State Bank of India provides debit cards within its full range of retail banking products.
Row 6: State Bank of India serves government clients by managing diverse public financial needs.
Row 7: State Bank of India provides specialized banking solutions to major institutional clients.
Row 8: State Bank of India maintains a strong presence serving large corporates across sectors.
Row 9: State Bank of India caters to a massive segment of retail mass-market customers.","State Bank of India serves a broad customer base that ranges from retail mass-market clients and high-net-worth individuals to micro, small, and medium enterprises, large corporates, and institutional clients. The institution also meets the specialized banking needs of non-resident Indians, government entities, and retail customers through a comprehensive suite of products that includes credit and debit cards.",Somewhat relevant,"The output successfully identifies the customer segments served by the State Bank of India, but it only mentions a very limited suite of products (credit and debit cards) rather than comprehensively covering the products and services requested.",
What is Bank of Baroda's ticker symbol and on which exchange(s) does it trade?,F_Simple,F_Simple,0.5660659596990265,simple_triplet,True,"[""Bank of Baroda""]","[{""entity"": ""Bank of Baroda"", ""matched_node_name"": ""Bank of Baroda"", ""matched_id"": ""553acb53-61f9-4600-a111-d1da0f3139d4"", ""matched_type"": ""COMPANY"", ""similarity"": 1.0, ""source"": ""gazetteer""}]",What is <COMPANY>'s ticker symbol and on which exchange(s) does it trade?,"{""nn1"": ""COMPANY"", ""prop1_list"": [], ""target_ids"": [], ""nnp1"": ""553acb53-61f9-4600-a111-d1da0f3139d4""}","{""nnp1"": ""553acb53-61f9-4600-a111-d1da0f3139d4"", ""nnp2"": null, ""nnp3"": null, ""prop1"": null, ""nn1"": ""COMPANY"", ""nn2"": null, ""threshold"": null, ""target_ids"": [], ""prop1_list"": []}",primary,50,"Template: simple_triplet (F_Simple)
Query intent: Simple question: subject linked to objects via a predicate.

Row 1: Bank of Baroda's AT-1 bonds were reaffirmed with an AA+ Stable rating by ICRA.
Row 2: Bank of Baroda's ₹10,000 crore green infrastructure bond programme received an AAA rating from ICRA.
Row 3: Bank of Baroda utilizes AT-1 bonds as a funding source.
Row 4: Bank of Baroda serves as the parent entity for its BOBCARD subsidiary.
Row 5: Bank of Baroda relies on bulk deposits, which grew by 37.0% alongside certificates of deposit in Q1 FY27.
Row 6: Bank of Baroda's funding base includes low-cost CASA balances.
Row 7: Bank of Baroda's CASA ratio stood at 37.72% in Q1 FY27, down from 38.88% a year earlier.
Row 8: Bank of Baroda relies increasingly on CD funding as its CASA balances decline.
Row 9: Bank of Baroda reported a standalone CET1 ratio of 13.90% in Q1 FY27.
Row 10: Bank of Baroda funds itself using certificates of deposit, which grew by 37.0% alongside bulk deposits in Q1 FY27.
Row 11: Bank of Baroda's cost of deposits fell 39 basis points year-on-year to 4.66% in Q1 FY27.
Row 12: Debadatta Chand holds the role of MD & CEO at Bank of Baroda.
Row 13: Bank of Baroda's domestic deposits stood at ₹13,81,535 crore in Q1 FY27, up 14.7%.
Row 14: Bank of Baroda is exposed to funding risk stemming from CASA erosion.
Row 15: Bank of Baroda's global advances grew 17.4% year-on-year in Q1 FY27.
Row 16: Bank of Baroda's global deposits reached ₹16,33,559 crore in Q1 FY27, up 13.8%.
Row 17: Bank of Baroda expects growth to be driven by its global loan book.
Row 18: The Government of India maintains an ownership stake in Bank of Baroda.
Row 19: Bank of Baroda is funded in part by a ₹10,000 crore green infrastructure bond programme.
Row 20: Bank of Baroda is headquartered in the state of Gujarat.
Row 21: Bank of Baroda is rated by the credit rating agency ICRA.
Row 22: Bank of Baroda provides services to MSME customers.
Row 23: Bank of Baroda provides NRI banking services.
Row 24: Bank of Baroda serves NRI customers globally.
Row 25: Geographically, Bank of Baroda depends on Gulf and African NRI remittance corridors.
Row 26: Bank of Baroda's net interest margin in Q1 FY27 was 2.77% globally and 2.93% domestically.
Row 27: Bank of Baroda's reported net profit for Q1 FY27 fell 72% year-on-year to ₹1,278 crore due to a one-off legal settlement.
Row 28: Bank of Baroda is classified as a public sector bank.
Row 29: Bank of Baroda is exposed to regulatory and litigation risk.
Row 30: Bank of Baroda depends on regulatory oversight from the RBI.
Row 31: Bank of Baroda is regulated by the Reserve Bank of India.
Row 32: Bank of Baroda serves retail customers.
Row 33: Bank of Baroda is regulated by the Securities and Exchange Board of India.
Row 34: Bank of Baroda is funded by term deposits, which grew 17.8% in Q1 FY27.
Row 35: Bank of Baroda operates as a universal bank.
Row 36: Bank of Baroda is headquartered in Vadodara.
Row 37: Bank of Baroda showed a mild shift toward costlier wholesale funding in Q1 FY27.
Row 38: Bank of Baroda operates a joint-venture bank with 16 branches in Zambia.
Row 39: Bank of Baroda's standalone capital adequacy ratio was 16.30% in Q1 FY27.
Row 40: Bank of Baroda offers cash management services.
Row 41: Bank of Baroda faces exposure to ordinary credit risk.
Row 42: Bank of Baroda provides forex services.
Row 43: Bank of Baroda provides banking services to government customers.
Row 44: Bank of Baroda's gross NPA ratio was 1.99% in Q1 FY27, down 29 basis points year-on-year.
Row 45: Bank of Baroda caters to large-corporate customers.
Row 46: Bank of Baroda's net NPA stood at 0.50% in Q1 FY27.
Row 47: Bank of Baroda's net interest income was ₹12,524 crore in Q1 FY27, a 9.5% increase.
Row 48: Bank of Baroda reported a provision coverage ratio of 93.28% including technical write-offs in Q1 FY27.
Row 49: Bank of Baroda reported a Q1 FY27 return on assets of 0.25%, or 1.10% excluding a one-off hit.
Row 50: Bank of Baroda reported a Q1 FY27 return on equity of 3.89%, or 16.57% excluding a one-off item.","In Q1 FY27, Bank of Baroda experienced a 72% year-on-year drop in net profit to ₹1,278 crore due to a one-off legal settlement, though its global deposits grew 13.8% to reach ₹16,33,559 crore alongside a 17.4% increase in global advances. Despite facing funding pressures from a declining CASA ratio of 37.72% and increased reliance on certificates of deposit and bulk deposits, the bank maintained a standalone capital adequacy ratio of 16.30% and improved its asset quality with a gross NPA ratio of 1.99%.",Not relevant,The assistant output discusses Bank of Baroda's financial performance in Q1 FY27 but completely fails to provide its ticker symbol or the exchange(s) on which it trades.,
"Who is the current MD & CEO (or Chairman, where that is the top executive title) of Bank of Baroda?",F_Simple,F_Simple,0.6870087860052408,simple_triplet,True,"[""uti"", ""Bank of Baroda"", ""MD""]","[{""entity"": ""uti"", ""matched_node_name"": ""UTI"", ""matched_id"": ""fd4feaba-a9ac-4e43-9418-e90485ccc0ee"", ""matched_type"": ""SHAREHOLDER"", ""similarity"": 1.0, ""source"": ""gazetteer""}, {""entity"": ""Bank of Baroda"", ""matched_node_name"": ""Bank of Baroda"", ""matched_id"": ""553acb53-61f9-4600-a111-d1da0f3139d4"", ""matched_type"": ""COMPANY"", ""similarity"": 1.0, ""source"": ""gazetteer""}, {""entity"": ""MD"", ""matched_node_name"": ""Sydney"", ""matched_id"": ""6ce73991-b958-4fd6-a892-0d2f5d32b61b"", ""matched_type"": ""GEOGRAPHY"", ""similarity"": 0.6347882270812988, ""source"": ""semantic""}]","Who is the current <GEOGRAPHY> & CEO (or Chairman, where that is the top exec<SHAREHOLDER>ve title) of <COMPANY>?","{""nn1"": ""COMPANY"", ""prop1_list"": [""GovernanceRole""], ""target_ids"": [""fd4feaba-a9ac-4e43-9418-e90485ccc0ee"", ""6ce73991-b958-4fd6-a892-0d2f5d32b61b""], ""nnp1"": ""553acb53-61f9-4600-a111-d1da0f3139d4""}","{""nnp1"": ""553acb53-61f9-4600-a111-d1da0f3139d4"", ""nnp2"": ""6ce73991-b958-4fd6-a892-0d2f5d32b61b"", ""nnp3"": null, ""prop1"": ""GovernanceRole"", ""nn1"": ""COMPANY"", ""nn2"": ""GEOGRAPHY"", ""threshold"": null, ""target_ids"": [""fd4feaba-a9ac-4e43-9418-e90485ccc0ee"", ""6ce73991-b958-4fd6-a892-0d2f5d32b61b""], ""prop1_list"": [""GovernanceRole""]}",attribute_lookup,8,"Template: simple_triplet (F_Simple)
Query intent: Simple question: subject linked to objects via a predicate.

Row 1: Bank of Baroda's banking_segment is Public Sector Bank
Row 2: Bank of Baroda's country is India
Row 3: Bank of Baroda's description is Bank of Baroda, headquartered in Vadodara, Gujarat, is a universal bank and a Government of India-owned public sector bank present in 24 countries.
Row 4: Bank of Baroda's exchange is NSE, BSE
Row 5: Bank of Baroda's legal_name is Bank of Baroda
Row 6: Bank of Baroda's listed is True
Row 7: Bank of Baroda's sector is Banking
Row 8: Bank of Baroda's ticker is BANKBARODA","Headquartered in Vadodara, Gujarat, Bank of Baroda is a publicly listed universal bank and Government of India-owned public sector bank operating within the banking sector. The institution maintains a global presence across 24 countries and trades on both the National Stock Exchange and Bombay Stock Exchange under the ticker symbol BANKBARODA.",Not relevant,The assistant output provides background information about Bank of Baroda but completely fails to name its current MD & CEO or Chairman.,
"What percentage of Bank of Baroda is held by its government promoter or largest shareholder, and as of what date?",F_LogUnion,F_LogUnion,0.6758920373727951,logical_union,True,"[""Bank of Baroda""]","[{""entity"": ""Bank of Baroda"", ""matched_node_name"": ""Bank of Baroda"", ""matched_id"": ""553acb53-61f9-4600-a111-d1da0f3139d4"", ""matched_type"": ""COMPANY"", ""similarity"": 1.0, ""source"": ""gazetteer""}]","What percentage of <COMPANY> is held by its government promoter or largest shareholder, and as of what date?","{""nn1"": ""COMPANY"", ""nnp2"": null, ""prop1"": ""REGULATED_BY"", ""nnp1"": ""553acb53-61f9-4600-a111-d1da0f3139d4""}","{""nnp1"": ""553acb53-61f9-4600-a111-d1da0f3139d4"", ""nnp2"": null, ""nnp3"": null, ""prop1"": ""REGULATED_BY"", ""nn1"": ""COMPANY"", ""nn2"": null, ""threshold"": null, ""target_ids"": [], ""prop1_list"": [""OWNS"", ""REGULATED_BY"", ""OwnershipStake""]}",primary,50,"Template: logical_union (F_LogUnion)
Query intent: Union of two relationship patterns from the same subject.

Row 1: Bank of Baroda is regulated by the Reserve Bank of India.
Row 2: Bank of Baroda is regulated by the Securities and Exchange Board of India.
Row 3: Bank of Baroda's AT-1 bonds were reaffirmed with an AA+ Stable rating by ICRA.
Row 4: Bank of Baroda's ₹10,000 crore green infrastructure bond programme received an AAA rating from ICRA.
Row 5: Bank of Baroda utilizes AT-1 bonds as a funding source.
Row 6: Bank of Baroda serves as the parent entity for its BOBCARD subsidiary.
Row 7: Bank of Baroda relies on bulk deposits, which grew by 37.0% alongside certificates of deposit in Q1 FY27.
Row 8: Bank of Baroda's funding base includes low-cost CASA balances.
Row 9: Bank of Baroda's CASA ratio stood at 37.72% in Q1 FY27, down from 38.88% a year earlier.
Row 10: Bank of Baroda relies increasingly on CD funding as its CASA balances decline.
Row 11: Bank of Baroda reported a standalone CET1 ratio of 13.90% in Q1 FY27.
Row 12: Bank of Baroda funds itself using certificates of deposit, which grew by 37.0% alongside bulk deposits in Q1 FY27.
Row 13: Bank of Baroda's cost of deposits fell 39 basis points year-on-year to 4.66% in Q1 FY27.
Row 14: Debadatta Chand holds the role of MD & CEO at Bank of Baroda.
Row 15: Bank of Baroda's domestic deposits stood at ₹13,81,535 crore in Q1 FY27, up 14.7%.
Row 16: Bank of Baroda is exposed to funding risk stemming from CASA erosion.
Row 17: Bank of Baroda's global advances grew 17.4% year-on-year in Q1 FY27.
Row 18: Bank of Baroda's global deposits reached ₹16,33,559 crore in Q1 FY27, up 13.8%.
Row 19: Bank of Baroda expects growth to be driven by its global loan book.
Row 20: The Government of India maintains an ownership stake in Bank of Baroda.
Row 21: Bank of Baroda is funded in part by a ₹10,000 crore green infrastructure bond programme.
Row 22: Bank of Baroda is headquartered in the state of Gujarat.
Row 23: Bank of Baroda is rated by the credit rating agency ICRA.
Row 24: Bank of Baroda provides services to MSME customers.
Row 25: Bank of Baroda provides NRI banking services.
Row 26: Bank of Baroda serves NRI customers globally.
Row 27: Geographically, Bank of Baroda depends on Gulf and African NRI remittance corridors.
Row 28: Bank of Baroda's net interest margin in Q1 FY27 was 2.77% globally and 2.93% domestically.
Row 29: Bank of Baroda's reported net profit for Q1 FY27 fell 72% year-on-year to ₹1,278 crore due to a one-off legal settlement.
Row 30: Bank of Baroda is classified as a public sector bank.
Row 31: Bank of Baroda is exposed to regulatory and litigation risk.
Row 32: Bank of Baroda depends on regulatory oversight from the RBI.
Row 33: Bank of Baroda serves retail customers.
Row 34: Bank of Baroda is funded by term deposits, which grew 17.8% in Q1 FY27.
Row 35: Bank of Baroda operates as a universal bank.
Row 36: Bank of Baroda is headquartered in Vadodara.
Row 37: Bank of Baroda showed a mild shift toward costlier wholesale funding in Q1 FY27.
Row 38: Bank of Baroda operates a joint-venture bank with 16 branches in Zambia.
Row 39: Bank of Baroda's standalone capital adequacy ratio was 16.30% in Q1 FY27.
Row 40: Bank of Baroda offers cash management services.
Row 41: Bank of Baroda faces exposure to ordinary credit risk.
Row 42: Bank of Baroda provides forex services.
Row 43: Bank of Baroda provides banking services to government customers.
Row 44: Bank of Baroda's gross NPA ratio was 1.99% in Q1 FY27, down 29 basis points year-on-year.
Row 45: Bank of Baroda caters to large-corporate customers.
Row 46: Bank of Baroda's net NPA stood at 0.50% in Q1 FY27.
Row 47: Bank of Baroda's net interest income was ₹12,524 crore in Q1 FY27, a 9.5% increase.
Row 48: Bank of Baroda reported a provision coverage ratio of 93.28% including technical write-offs in Q1 FY27.
Row 49: Bank of Baroda reported a Q1 FY27 return on assets of 0.25%, or 1.10% excluding a one-off hit.
Row 50: Bank of Baroda reported a Q1 FY27 return on equity of 3.89%, or 16.57% excluding a one-off item.","In Q1 FY27, Bank of Baroda reported a 72% year-on-year drop in net profit to ₹1,278 crore due to a one-off legal settlement, alongside global advances growth of 17.4% and a gross NPA ratio of 1.99%. The bank maintains a capital adequacy ratio of 16.30% and faces funding shifts as its CASA ratio declined to 37.72% while bulk deposits and certificates of deposit grew by 37.0%.",Not relevant,"The assistant output provides financial performance metrics like net profit, advances growth, and NPA ratios, but completely fails to answer the user's question regarding the government promoter's holding percentage and the associated date.",
What was Bank of Baroda's CASA ratio in the most recently reported quarter?,F_Simple,F_Simple,0.4957014209614541,simple_triplet,True,"[""Bank of Baroda"", ""CASA ratio""]","[{""entity"": ""Bank of Baroda"", ""matched_node_name"": ""Bank of Baroda"", ""matched_id"": ""553acb53-61f9-4600-a111-d1da0f3139d4"", ""matched_type"": ""COMPANY"", ""similarity"": 1.0, ""source"": ""gazetteer""}, {""entity"": ""CASA ratio"", ""matched_node_name"": ""CASA ratio"", ""matched_id"": ""f552ef12-cf71-4307-80e3-1eb10e256154"", ""matched_type"": ""METRIC"", ""similarity"": 1.0, ""source"": ""gazetteer""}]",What was <COMPANY>'s <METRIC> in the most recently reported quarter?,"{""nn1"": ""COMPANY"", ""prop1_list"": [], ""target_ids"": [""f552ef12-cf71-4307-80e3-1eb10e256154""], ""nnp1"": ""553acb53-61f9-4600-a111-d1da0f3139d4""}","{""nnp1"": ""553acb53-61f9-4600-a111-d1da0f3139d4"", ""nnp2"": ""f552ef12-cf71-4307-80e3-1eb10e256154"", ""nnp3"": null, ""prop1"": null, ""nn1"": ""COMPANY"", ""nn2"": ""METRIC"", ""threshold"": null, ""target_ids"": [""f552ef12-cf71-4307-80e3-1eb10e256154""], ""prop1_list"": []}",primary,1,"Template: simple_triplet (F_Simple)
Query intent: Simple question: subject linked to objects via a predicate.

Row 1: Bank of Baroda's CASA ratio stood at 37.72% in Q1 FY27, down from 38.88% a year earlier.","Bank of Baroda reported a CASA ratio of 37.72% for the first quarter of fiscal year 2027, marking a decrease from the 38.88% recorded in the same period of the previous year.",Relevant,The assistant directly answers the user query by providing the CASA ratio for Bank of Baroda's most recently reported quarter along with comparative year-over-year data.,
What is Bank of Baroda's net interest margin (NIM) for the latest reported period?,F_Simple,F_Simple,0.4559410416941235,simple_triplet,True,"[""Bank of Baroda"", ""net interest margin""]","[{""entity"": ""Bank of Baroda"", ""matched_node_name"": ""Bank of Baroda"", ""matched_id"": ""553acb53-61f9-4600-a111-d1da0f3139d4"", ""matched_type"": ""COMPANY"", ""similarity"": 1.0, ""source"": ""gazetteer""}, {""entity"": ""net interest margin"", ""matched_node_name"": ""Net interest margin"", ""matched_id"": ""ce0a12ce-b581-4229-a6b2-4d53c46e9d9d"", ""matched_type"": ""METRIC"", ""similarity"": 1.0, ""source"": ""gazetteer""}]",What is <COMPANY>'s <METRIC> (NIM) for the latest reported period?,"{""nn1"": ""COMPANY"", ""prop1_list"": [], ""target_ids"": [""ce0a12ce-b581-4229-a6b2-4d53c46e9d9d""], ""nnp1"": ""553acb53-61f9-4600-a111-d1da0f3139d4""}","{""nnp1"": ""553acb53-61f9-4600-a111-d1da0f3139d4"", ""nnp2"": ""ce0a12ce-b581-4229-a6b2-4d53c46e9d9d"", ""nnp3"": null, ""prop1"": null, ""nn1"": ""COMPANY"", ""nn2"": ""METRIC"", ""threshold"": null, ""target_ids"": [""ce0a12ce-b581-4229-a6b2-4d53c46e9d9d""], ""prop1_list"": []}",primary,1,"Template: simple_triplet (F_Simple)
Query intent: Simple question: subject linked to objects via a predicate.

Row 1: Bank of Baroda's net interest margin in Q1 FY27 was 2.77% globally and 2.93% domestically.","In the first quarter of fiscal year 2027, Bank of Baroda recorded a net interest margin of 2.77% globally and 2.93% domestically.",Relevant,"The assistant output directly and accurately provides Bank of Baroda's net interest margin for the latest reported period, covering both global and domestic metrics.",
"What is Bank of Baroda's capital adequacy ratio (CRAR), and its CET1 ratio if disclosed?",F_Simple,F_Simple,0.5026933839121343,simple_triplet,True,"[""Bank of Baroda"", ""capital adequacy ratio"", ""CE""]","[{""entity"": ""Bank of Baroda"", ""matched_node_name"": ""Bank of Baroda"", ""matched_id"": ""553acb53-61f9-4600-a111-d1da0f3139d4"", ""matched_type"": ""COMPANY"", ""similarity"": 1.0, ""source"": ""gazetteer""}, {""entity"": ""capital adequacy ratio"", ""matched_node_name"": ""capital adequacy ratio"", ""matched_id"": ""a9e7103c-2a43-4d54-94d2-0f9178dbb42e"", ""matched_type"": ""METRIC"", ""similarity"": 1.0, ""source"": ""gazetteer""}, {""entity"": ""CE"", ""matched_node_name"": ""NSE"", ""matched_id"": ""f991983e-e758-47f5-acbf-1afe822e5f20"", ""matched_type"": ""COMPANY"", ""similarity"": 0.6484348893165588, ""source"": ""semantic""}]","What is <COMPANY>'s <METRIC> (CRAR), and its <COMPANY>T1 ratio if disclosed?","{""nn1"": ""COMPANY"", ""prop1_list"": [], ""target_ids"": [""a9e7103c-2a43-4d54-94d2-0f9178dbb42e"", ""f991983e-e758-47f5-acbf-1afe822e5f20""], ""nnp1"": ""553acb53-61f9-4600-a111-d1da0f3139d4""}","{""nnp1"": ""553acb53-61f9-4600-a111-d1da0f3139d4"", ""nnp2"": ""f991983e-e758-47f5-acbf-1afe822e5f20"", ""nnp3"": null, ""prop1"": null, ""nn1"": ""COMPANY"", ""nn2"": ""COMPANY"", ""threshold"": null, ""target_ids"": [""a9e7103c-2a43-4d54-94d2-0f9178dbb42e"", ""f991983e-e758-47f5-acbf-1afe822e5f20""], ""prop1_list"": []}",primary,1,"Template: simple_triplet (F_Simple)
Query intent: Simple question: subject linked to objects via a predicate.

Row 1: Bank of Baroda's standalone capital adequacy ratio was 16.30% in Q1 FY27.",Bank of Baroda reported a standalone capital adequacy ratio of 16.30% during the first quarter of fiscal year 2027. This figure highlights the bank's financial strength and its ability to absorb potential losses during this period.,Somewhat relevant,"The assistant provides the capital adequacy ratio but fails to mention the CET1 ratio, which was specifically requested.",
What are Bank of Baroda's return on assets (ROA) and return on equity (ROE) for the latest quarter?,F_Simple,F_Simple,0.6404601230266839,simple_triplet,True,"[""Bank of Baroda"", ""return on assets"", ""return on equity""]","[{""entity"": ""Bank of Baroda"", ""matched_node_name"": ""Bank of Baroda"", ""matched_id"": ""553acb53-61f9-4600-a111-d1da0f3139d4"", ""matched_type"": ""COMPANY"", ""similarity"": 1.0, ""source"": ""gazetteer""}, {""entity"": ""return on assets"", ""matched_node_name"": ""return on assets"", ""matched_id"": ""dd83a8a6-2dd2-4407-9d71-917240c66c55"", ""matched_type"": ""METRIC"", ""similarity"": 1.0, ""source"": ""gazetteer""}, {""entity"": ""return on equity"", ""matched_node_name"": ""return on equity"", ""matched_id"": ""4c4c7086-00d6-4850-9bcd-ae7c8e8479a8"", ""matched_type"": ""METRIC"", ""similarity"": 1.0, ""source"": ""gazetteer""}]",What are <COMPANY>'s <METRIC> (ROA) and <METRIC> (ROE) for the latest quarter?,"{""nn1"": ""COMPANY"", ""prop1_list"": [], ""target_ids"": [""dd83a8a6-2dd2-4407-9d71-917240c66c55"", ""4c4c7086-00d6-4850-9bcd-ae7c8e8479a8""], ""nnp1"": ""553acb53-61f9-4600-a111-d1da0f3139d4""}","{""nnp1"": ""553acb53-61f9-4600-a111-d1da0f3139d4"", ""nnp2"": ""dd83a8a6-2dd2-4407-9d71-917240c66c55"", ""nnp3"": null, ""prop1"": null, ""nn1"": ""COMPANY"", ""nn2"": ""METRIC"", ""threshold"": null, ""target_ids"": [""dd83a8a6-2dd2-4407-9d71-917240c66c55"", ""4c4c7086-00d6-4850-9bcd-ae7c8e8479a8""], ""prop1_list"": []}",primary,2,"Template: simple_triplet (F_Simple)
Query intent: Simple question: subject linked to objects via a predicate.

Row 1: Bank of Baroda reported a Q1 FY27 return on assets of 0.25%, or 1.10% excluding a one-off hit.
Row 2: Bank of Baroda reported a Q1 FY27 return on equity of 3.89%, or 16.57% excluding a one-off item.","Bank of Baroda reported a Q1 FY27 return on assets of 0.25%, which rises to 1.10% when excluding a one-off hit. Additionally, the bank posted a Q1 FY27 return on equity of 3.89%, or 16.57% when excluding a one-off item.",Relevant,The assistant output directly and completely answers the user's request by providing both the return on assets (ROA) and return on equity (ROE) for the latest reported quarter.,
"What credit ratings has Bank of Baroda received, and from which rating agencies?",F_Simple,F_Simple,0.5428842858605917,simple_triplet,True,"[""Bank of Baroda""]","[{""entity"": ""Bank of Baroda"", ""matched_node_name"": ""Bank of Baroda"", ""matched_id"": ""553acb53-61f9-4600-a111-d1da0f3139d4"", ""matched_type"": ""COMPANY"", ""similarity"": 1.0, ""source"": ""gazetteer""}]","What credit ratings has <COMPANY> received, and from which rating agencies?","{""nn1"": ""COMPANY"", ""prop1_list"": [""HAS_RATING""], ""target_ids"": [], ""nnp1"": ""553acb53-61f9-4600-a111-d1da0f3139d4""}","{""nnp1"": ""553acb53-61f9-4600-a111-d1da0f3139d4"", ""nnp2"": null, ""nnp3"": null, ""prop1"": ""HAS_RATING"", ""nn1"": ""COMPANY"", ""nn2"": null, ""threshold"": null, ""target_ids"": [], ""prop1_list"": [""HAS_RATING""]}",primary,2,"Template: simple_triplet (F_Simple)
Query intent: Simple question: subject linked to objects via a predicate.

Row 1: Bank of Baroda's AT-1 bonds were reaffirmed with an AA+ Stable rating by ICRA.
Row 2: Bank of Baroda's ₹10,000 crore green infrastructure bond programme received an AAA rating from ICRA.","ICRA has reaffirmed Bank of Baroda's AT-1 bonds with an AA+ Stable rating and assigned an AAA rating to the bank's ₹10,000 crore green infrastructure bond programme.",Somewhat relevant,"The output mentions specific credit ratings and agencies for Bank of Baroda, but it only addresses recent bond ratings rather than providing a comprehensive overview of all credit ratings the bank has received.",
"Roughly how many branches and ATMs does Bank of Baroda operate, and as of what date?",F_QuantCount,F_QuantCount,0.5789900185289873,quant_count,True,"[""ATMs"", ""Bank of Baroda""]","[{""entity"": ""ATMs"", ""matched_node_name"": ""ATMs"", ""matched_id"": ""1d9af7d1-80d1-4631-9a7a-7765335565d0"", ""matched_type"": ""DISTRIBUTIONCHANNEL"", ""similarity"": 1.0, ""source"": ""gazetteer""}, {""entity"": ""Bank of Baroda"", ""matched_node_name"": ""Bank of Baroda"", ""matched_id"": ""553acb53-61f9-4600-a111-d1da0f3139d4"", ""matched_type"": ""COMPANY"", ""similarity"": 1.0, ""source"": ""gazetteer""}]","Roughly how many branches and <DISTRIBUTIONCHANNEL> does <COMPANY> operate, and as of what date?","{""nn1"": ""COMPANY"", ""nn2"": ""DISTRIBUTIONCHANNEL"", ""prop1"": null, ""nnp1"": ""553acb53-61f9-4600-a111-d1da0f3139d4""}","{""nnp1"": ""553acb53-61f9-4600-a111-d1da0f3139d4"", ""nnp2"": ""1d9af7d1-80d1-4631-9a7a-7765335565d0"", ""nnp3"": null, ""prop1"": null, ""nn1"": ""COMPANY"", ""nn2"": ""DISTRIBUTIONCHANNEL"", ""threshold"": null, ""target_ids"": [""1d9af7d1-80d1-4631-9a7a-7765335565d0""], ""prop1_list"": []}",,0,,,Not relevant,No summary was produced for this query (empty assistant output).,
"What products and services does Bank of Baroda offer, and which customer segments does it serve?",F_Simple,F_Simple,0.6085853750573809,simple_triplet,True,"[""Bank of Baroda""]","[{""entity"": ""Bank of Baroda"", ""matched_node_name"": ""Bank of Baroda"", ""matched_id"": ""553acb53-61f9-4600-a111-d1da0f3139d4"", ""matched_type"": ""COMPANY"", ""similarity"": 1.0, ""source"": ""gazetteer""}]","What products and services does <COMPANY> offer, and which customer segments does it serve?","{""nn1"": ""COMPANY"", ""prop1_list"": [""OFFERS_PRODUCT"", ""SERVES""], ""target_ids"": [], ""nnp1"": ""553acb53-61f9-4600-a111-d1da0f3139d4""}","{""nnp1"": ""553acb53-61f9-4600-a111-d1da0f3139d4"", ""nnp2"": null, ""nnp3"": null, ""prop1"": ""SERVES"", ""nn1"": ""COMPANY"", ""nn2"": null, ""threshold"": null, ""target_ids"": [], ""prop1_list"": [""OFFERS_PRODUCT"", ""SERVES""]}",primary,5,"Template: simple_triplet (F_Simple)
Query intent: Simple question: subject linked to objects via a predicate.

Row 1: Bank of Baroda provides services to MSME customers.
Row 2: Bank of Baroda serves NRI customers globally.
Row 3: Bank of Baroda serves retail customers.
Row 4: Bank of Baroda provides banking services to government customers.
Row 5: Bank of Baroda caters to large-corporate customers.","Bank of Baroda offers comprehensive financial and banking services to a diverse customer base, including retail, government, and large corporate clients. Additionally, the institution caters to specialized segments by providing tailored services to MSME enterprises and serving NRI customers on a global scale.",Relevant,The assistant output directly addresses both parts of the user request by detailing the products and services provided as well as the specific customer segments served.,
What is Punjab National Bank's ticker symbol and on which exchange(s) does it trade?,F_Simple,F_Simple,0.5660659596990265,simple_triplet,True,"[""Punjab National Bank""]","[{""entity"": ""Punjab National Bank"", ""matched_node_name"": ""Punjab National Bank"", ""matched_id"": ""121884d5-3ddd-4607-803a-870c4bf83a1b"", ""matched_type"": ""COMPANY"", ""similarity"": 1.0, ""source"": ""gazetteer""}]",What is <COMPANY>'s ticker symbol and on which exchange(s) does it trade?,"{""nn1"": ""COMPANY"", ""prop1_list"": [], ""target_ids"": [], ""nnp1"": ""121884d5-3ddd-4607-803a-870c4bf83a1b""}","{""nnp1"": ""121884d5-3ddd-4607-803a-870c4bf83a1b"", ""nnp2"": null, ""nnp3"": null, ""prop1"": null, ""nn1"": ""COMPANY"", ""nn2"": null, ""threshold"": null, ""target_ids"": [], ""prop1_list"": []}",primary,50,"Template: simple_triplet (F_Simple)
Query intent: Simple question: subject linked to objects via a predicate.

Row 1: PNB runs 11,065 ATMs as part of its network as of March 2026.
Row 2: PNB operates a branch in Afghanistan.
Row 3: Ashok Chandra serves as the MD & CEO of Punjab National Bank.
Row 4: PNB operates a representative office in Australia.
Row 5: PNB holds a 51% equity stake in a bank in Bhutan.
Row 6: PNB reported a Q1 FY27 CASA ratio of 36.7% of its domestic deposits.
Row 7: PNB has an opportunity because its CET1 capital improved to 14.52% from 10.95% a year earlier, giving the bank more room to fund growth.
Row 8: PNB operates a representative office in China.
Row 9: PNB operates a branch in Dubai.
Row 10: Punjab National Bank is headquartered in Dwarka.
Row 11: FIIs hold a shared 6.59% ownership stake in Punjab National Bank alongside NRIs and OCBs.
Row 12: PNB is rated by the credit rating agency Fitch.
Row 13: The Government of India owns a 70.08% stake in Punjab National Bank.
Row 14: PNB operates a branch in Hong Kong.
Row 15: K G Ananthakrishnan leads Punjab National Bank as its non-executive chairman.
Row 16: PNB maintains a representative office and holds a 41.64% equity stake in a bank in Kazakhstan.
Row 17: LIC holds an unspecified ownership stake in Punjab National Bank.
Row 18: PNB had its Long-Term Issuer Default Rating affirmed at BBB- with a Stable outlook by Fitch.
Row 19: PNB's customer base skews toward the MSME segment.
Row 20: NRIs possess an ownership stake in Punjab National Bank as part of a combined 6.59% holding.
Row 21: PNB holds a 20% equity stake in a bank in Nepal.
Row 22: PNB achieved a net interest margin of 2.50% globally and 2.64% domestically in Q1 FY27.
Row 23: Punjab National Bank is headquartered in New Delhi.
Row 24: PNB has historically dominated the North Indian market.
Row 25: PNB operates a representative office in Norway.
Row 26: OCBs have an ownership stake in Punjab National Bank.
Row 27: PNB depends on the technology integration that followed its 2020 amalgamation with Oriental Bank of Commerce.
Row 28: PNB's legacy of large corporate NPAs remains a structural weak point that threatens the bank.
Row 29: PNB is regulated by the RBI.
Row 30: PNB is regulated by SEBI.
Row 31: PNB operates a representative office in the UAE.
Row 32: PNB maintains an international presence through seven UK branches.
Row 33: PNB depends on the technology integration that followed its 2020 amalgamation with United Bank of India.
Row 34: Punjab National Bank is an operational universal bank.
Row 35: PNB had its Viability Rating upgraded from bb- to bb by Fitch.
Row 36: PNB's customer base skews toward agriculture.
Row 37: PNB distributes asset-management products.
Row 38: PNB operates a distribution network of 10,324 branches as of March 2026.
Row 39: PNB had a capital adequacy ratio of 18.13% in Q1 FY27.
Row 40: PNB provides cash management services.
Row 41: PNB's return on equity is driven by the continued normalization of provisioning.
Row 42: PNB reported a cost-to-income ratio of 50.31% in Q1 FY27.
Row 43: PNB is exposed to credit risk stemming from its legacy corporate exposures.
Row 44: PNB provides forex services.
Row 45: PNB is exposed to geographic concentration risk in North India.
Row 46: PNB's gross NPA more than halved to 2.78% in Q1 FY27.
Row 47: PNB recorded an impaired-loan ratio of 3.2% over a nine-month period according to Fitch.
Row 48: A key valuation-relevant fact for PNB is that its improved capital adequacy is supporting the funding of further growth.
Row 49: PNB's margin growth is driven by an improving CASA mix.
Row 50: PNB distributes life insurance products.","Punjab National Bank, led by MD & CEO Ashok Chandra and Chairman K G Ananthakrishnan, is a major universal bank backed by a 70.08% Government of India stake and an extensive domestic network of 10,324 branches and 11,065 ATMs as of March 2026. The bank reported a strong financial position in Q1 FY27 with a capital adequacy ratio of 18.13%, a CET1 capital of 14.52%, and a gross NPA that more than halved to 2.78%, though it continues to navigate structural risks from legacy corporate non-performing assets and geographic concentration in North India.",Not relevant,"The assistant output provides information about the bank's leadership, ownership, network size, and financials, but fails to mention its ticker symbol and exchange.",
"Who is the current MD & CEO (or Chairman, where that is the top executive title) of Punjab National Bank?",F_Simple,F_Simple,0.6870087860052408,simple_triplet,True,"[""uti"", ""Punjab National Bank""]","[{""entity"": ""uti"", ""matched_node_name"": ""UTI"", ""matched_id"": ""fd4feaba-a9ac-4e43-9418-e90485ccc0ee"", ""matched_type"": ""SHAREHOLDER"", ""similarity"": 1.0, ""source"": ""gazetteer""}, {""entity"": ""Punjab National Bank"", ""matched_node_name"": ""Punjab National Bank"", ""matched_id"": ""121884d5-3ddd-4607-803a-870c4bf83a1b"", ""matched_type"": ""COMPANY"", ""similarity"": 1.0, ""source"": ""gazetteer""}]","Who is the current MD & CEO (or Chairman, where that is the top exec<SHAREHOLDER>ve title) of <COMPANY>?","{""nn1"": ""COMPANY"", ""prop1_list"": [""GovernanceRole""], ""target_ids"": [""fd4feaba-a9ac-4e43-9418-e90485ccc0ee""], ""nnp1"": ""121884d5-3ddd-4607-803a-870c4bf83a1b""}","{""nnp1"": ""121884d5-3ddd-4607-803a-870c4bf83a1b"", ""nnp2"": ""fd4feaba-a9ac-4e43-9418-e90485ccc0ee"", ""nnp3"": null, ""prop1"": ""GovernanceRole"", ""nn1"": ""COMPANY"", ""nn2"": ""SHAREHOLDER"", ""threshold"": null, ""target_ids"": [""fd4feaba-a9ac-4e43-9418-e90485ccc0ee""], ""prop1_list"": [""GovernanceRole""]}",attribute_lookup,9,"Template: simple_triplet (F_Simple)
Query intent: Simple question: subject linked to objects via a predicate.

Row 1: Punjab National Bank's banking_segment is Public Sector Bank
Row 2: Punjab National Bank's country is India
Row 3: Punjab National Bank's description is Punjab National Bank, headquartered in Dwarka, New Delhi, is a Government of India-owned universal bank.
Row 4: Punjab National Bank's exchange is NSE and BSE
Row 5: Punjab National Bank's industry is Banking
Row 6: Punjab National Bank's legal_name is Punjab National Bank
Row 7: Punjab National Bank's listed is True
Row 8: Punjab National Bank's sector is Banking
Row 9: Punjab National Bank's ticker is PNB","Punjab National Bank is a publicly listed universal bank headquartered in New Delhi, India, operating within the banking sector with the ticker symbol PNB on both the NSE and BSE. Wholly owned by the Government of India, the institution functions as a public sector bank within the national banking industry.",Not relevant,The assistant output provides general information about Punjab National Bank but completely fails to answer the user request regarding the identity of its current MD & CEO or Chairman.,
"What percentage of Punjab National Bank is held by its government promoter or largest shareholder, and as of what date?",F_LogUnion,F_LogUnion,0.6758920373727951,logical_union,True,"[""Punjab National Bank""]","[{""entity"": ""Punjab National Bank"", ""matched_node_name"": ""Punjab National Bank"", ""matched_id"": ""121884d5-3ddd-4607-803a-870c4bf83a1b"", ""matched_type"": ""COMPANY"", ""similarity"": 1.0, ""source"": ""gazetteer""}]","What percentage of <COMPANY> is held by its government promoter or largest shareholder, and as of what date?","{""nn1"": ""COMPANY"", ""nnp2"": null, ""prop1"": ""REGULATED_BY"", ""nnp1"": ""121884d5-3ddd-4607-803a-870c4bf83a1b""}","{""nnp1"": ""121884d5-3ddd-4607-803a-870c4bf83a1b"", ""nnp2"": null, ""nnp3"": null, ""prop1"": ""REGULATED_BY"", ""nn1"": ""COMPANY"", ""nn2"": null, ""threshold"": null, ""target_ids"": [], ""prop1_list"": [""OWNS"", ""REGULATED_BY"", ""OwnershipStake""]}",primary,50,"Template: logical_union (F_LogUnion)
Query intent: Union of two relationship patterns from the same subject.

Row 1: PNB is regulated by the RBI.
Row 2: PNB is regulated by SEBI.
Row 3: PNB runs 11,065 ATMs as part of its network as of March 2026.
Row 4: PNB operates a branch in Afghanistan.
Row 5: Ashok Chandra serves as the MD & CEO of Punjab National Bank.
Row 6: PNB operates a representative office in Australia.
Row 7: PNB holds a 51% equity stake in a bank in Bhutan.
Row 8: PNB reported a Q1 FY27 CASA ratio of 36.7% of its domestic deposits.
Row 9: PNB has an opportunity because its CET1 capital improved to 14.52% from 10.95% a year earlier, giving the bank more room to fund growth.
Row 10: PNB operates a representative office in China.
Row 11: PNB operates a branch in Dubai.
Row 12: Punjab National Bank is headquartered in Dwarka.
Row 13: FIIs hold a shared 6.59% ownership stake in Punjab National Bank alongside NRIs and OCBs.
Row 14: PNB is rated by the credit rating agency Fitch.
Row 15: The Government of India owns a 70.08% stake in Punjab National Bank.
Row 16: PNB operates a branch in Hong Kong.
Row 17: K G Ananthakrishnan leads Punjab National Bank as its non-executive chairman.
Row 18: PNB maintains a representative office and holds a 41.64% equity stake in a bank in Kazakhstan.
Row 19: LIC holds an unspecified ownership stake in Punjab National Bank.
Row 20: PNB had its Long-Term Issuer Default Rating affirmed at BBB- with a Stable outlook by Fitch.
Row 21: PNB's customer base skews toward the MSME segment.
Row 22: NRIs possess an ownership stake in Punjab National Bank as part of a combined 6.59% holding.
Row 23: PNB holds a 20% equity stake in a bank in Nepal.
Row 24: PNB achieved a net interest margin of 2.50% globally and 2.64% domestically in Q1 FY27.
Row 25: Punjab National Bank is headquartered in New Delhi.
Row 26: PNB has historically dominated the North Indian market.
Row 27: PNB operates a representative office in Norway.
Row 28: OCBs have an ownership stake in Punjab National Bank.
Row 29: PNB depends on the technology integration that followed its 2020 amalgamation with Oriental Bank of Commerce.
Row 30: PNB's legacy of large corporate NPAs remains a structural weak point that threatens the bank.
Row 31: PNB operates a representative office in the UAE.
Row 32: PNB maintains an international presence through seven UK branches.
Row 33: PNB depends on the technology integration that followed its 2020 amalgamation with United Bank of India.
Row 34: Punjab National Bank is an operational universal bank.
Row 35: PNB had its Viability Rating upgraded from bb- to bb by Fitch.
Row 36: PNB's customer base skews toward agriculture.
Row 37: PNB distributes asset-management products.
Row 38: PNB operates a distribution network of 10,324 branches as of March 2026.
Row 39: PNB had a capital adequacy ratio of 18.13% in Q1 FY27.
Row 40: PNB provides cash management services.
Row 41: PNB's return on equity is driven by the continued normalization of provisioning.
Row 42: PNB reported a cost-to-income ratio of 50.31% in Q1 FY27.
Row 43: PNB is exposed to credit risk stemming from its legacy corporate exposures.
Row 44: PNB provides forex services.
Row 45: PNB is exposed to geographic concentration risk in North India.
Row 46: PNB's gross NPA more than halved to 2.78% in Q1 FY27.
Row 47: PNB recorded an impaired-loan ratio of 3.2% over a nine-month period according to Fitch.
Row 48: A key valuation-relevant fact for PNB is that its improved capital adequacy is supporting the funding of further growth.
Row 49: PNB's margin growth is driven by an improving CASA mix.
Row 50: PNB distributes life insurance products.","Punjab National Bank operates an extensive domestic and international network supported by a strong capital position, with a capital adequacy ratio of 18.13% and a CET1 capital of 14.52% in Q1 FY27. While facing structural challenges from legacy corporate non-performing assets, the bank has demonstrated improved asset quality with gross NPAs halving to 2.78% and a Q1 FY27 CASA ratio of 36.7%.",Not relevant,"The assistant output discusses the bank's capital adequacy, asset quality, and CASA ratio, entirely failing to mention the government promoter's holding percentage or the relevant date.",
What was Punjab National Bank's CASA ratio in the most recently reported quarter?,F_Simple,F_Simple,0.4957014209614541,simple_triplet,True,"[""Punjab National Bank"", ""CASA ratio""]","[{""entity"": ""Punjab National Bank"", ""matched_node_name"": ""Punjab National Bank"", ""matched_id"": ""121884d5-3ddd-4607-803a-870c4bf83a1b"", ""matched_type"": ""COMPANY"", ""similarity"": 1.0, ""source"": ""gazetteer""}, {""entity"": ""CASA ratio"", ""matched_node_name"": ""CASA ratio"", ""matched_id"": ""f552ef12-cf71-4307-80e3-1eb10e256154"", ""matched_type"": ""METRIC"", ""similarity"": 1.0, ""source"": ""gazetteer""}]",What was <COMPANY>'s <METRIC> in the most recently reported quarter?,"{""nn1"": ""COMPANY"", ""prop1_list"": [], ""target_ids"": [""f552ef12-cf71-4307-80e3-1eb10e256154""], ""nnp1"": ""121884d5-3ddd-4607-803a-870c4bf83a1b""}","{""nnp1"": ""121884d5-3ddd-4607-803a-870c4bf83a1b"", ""nnp2"": ""f552ef12-cf71-4307-80e3-1eb10e256154"", ""nnp3"": null, ""prop1"": null, ""nn1"": ""COMPANY"", ""nn2"": ""METRIC"", ""threshold"": null, ""target_ids"": [""f552ef12-cf71-4307-80e3-1eb10e256154""], ""prop1_list"": []}",primary,1,"Template: simple_triplet (F_Simple)
Query intent: Simple question: subject linked to objects via a predicate.

Row 1: PNB reported a Q1 FY27 CASA ratio of 36.7% of its domestic deposits.","For the first quarter of fiscal year 2027, PNB reported a CASA ratio of 36.7% relative to its domestic deposits.",Relevant,The assistant output directly answers the user request by providing Punjab National Bank's CASA ratio for the most recently reported quarter.,
What is Punjab National Bank's net interest margin (NIM) for the latest reported period?,F_Simple,F_Simple,0.4559410416941235,simple_triplet,True,"[""Punjab National Bank"", ""net interest margin""]","[{""entity"": ""Punjab National Bank"", ""matched_node_name"": ""Punjab National Bank"", ""matched_id"": ""121884d5-3ddd-4607-803a-870c4bf83a1b"", ""matched_type"": ""COMPANY"", ""similarity"": 1.0, ""source"": ""gazetteer""}, {""entity"": ""net interest margin"", ""matched_node_name"": ""Net interest margin"", ""matched_id"": ""ce0a12ce-b581-4229-a6b2-4d53c46e9d9d"", ""matched_type"": ""METRIC"", ""similarity"": 1.0, ""source"": ""gazetteer""}]",What is <COMPANY>'s <METRIC> (NIM) for the latest reported period?,"{""nn1"": ""COMPANY"", ""prop1_list"": [], ""target_ids"": [""ce0a12ce-b581-4229-a6b2-4d53c46e9d9d""], ""nnp1"": ""121884d5-3ddd-4607-803a-870c4bf83a1b""}","{""nnp1"": ""121884d5-3ddd-4607-803a-870c4bf83a1b"", ""nnp2"": ""ce0a12ce-b581-4229-a6b2-4d53c46e9d9d"", ""nnp3"": null, ""prop1"": null, ""nn1"": ""COMPANY"", ""nn2"": ""METRIC"", ""threshold"": null, ""target_ids"": [""ce0a12ce-b581-4229-a6b2-4d53c46e9d9d""], ""prop1_list"": []}",primary,1,"Template: simple_triplet (F_Simple)
Query intent: Simple question: subject linked to objects via a predicate.

Row 1: PNB achieved a net interest margin of 2.50% globally and 2.64% domestically in Q1 FY27.","For the first quarter of fiscal year 2027, PNB recorded a net interest margin of 2.50% on a global basis and 2.64% domestically.",Relevant,The assistant output directly and completely answers the user's request by providing Punjab National Bank's net interest margin for the latest reported period globally and domestically.,
What are Punjab National Bank's gross NPA and net NPA ratios?,F_Simple,F_Simple,0.5339957873182645,simple_triplet,True,"[""Punjab National Bank"", ""gross NPA"", ""net NPA""]","[{""entity"": ""Punjab National Bank"", ""matched_node_name"": ""Punjab National Bank"", ""matched_id"": ""121884d5-3ddd-4607-803a-870c4bf83a1b"", ""matched_type"": ""COMPANY"", ""similarity"": 1.0, ""source"": ""gazetteer""}, {""entity"": ""gross NPA"", ""matched_node_name"": ""gross NPA"", ""matched_id"": ""00c1065d-13f6-42fc-be09-d1a8be6780cd"", ""matched_type"": ""METRIC"", ""similarity"": 1.0, ""source"": ""gazetteer""}, {""entity"": ""net NPA"", ""matched_node_name"": ""net NPA"", ""matched_id"": ""4539ed7c-a229-4073-a946-c4b6498648c7"", ""matched_type"": ""METRIC"", ""similarity"": 1.0, ""source"": ""gazetteer""}]",What are <COMPANY>'s <METRIC> and <METRIC> ratios?,"{""nn1"": ""COMPANY"", ""prop1_list"": [], ""target_ids"": [""00c1065d-13f6-42fc-be09-d1a8be6780cd"", ""4539ed7c-a229-4073-a946-c4b6498648c7""], ""nnp1"": ""121884d5-3ddd-4607-803a-870c4bf83a1b""}","{""nnp1"": ""121884d5-3ddd-4607-803a-870c4bf83a1b"", ""nnp2"": ""00c1065d-13f6-42fc-be09-d1a8be6780cd"", ""nnp3"": null, ""prop1"": null, ""nn1"": ""COMPANY"", ""nn2"": ""METRIC"", ""threshold"": null, ""target_ids"": [""00c1065d-13f6-42fc-be09-d1a8be6780cd"", ""4539ed7c-a229-4073-a946-c4b6498648c7""], ""prop1_list"": []}",primary,2,"Template: simple_triplet (F_Simple)
Query intent: Simple question: subject linked to objects via a predicate.

Row 1: PNB's gross NPA more than halved to 2.78% in Q1 FY27.
Row 2: PNB reported a net NPA of 0.28% in Q1 FY27.","Punjab National Bank experienced a significant improvement in asset quality, with its gross non-performing assets more than halving to 2.78 percent in the first quarter of fiscal year 2027. Additionally, the bank reported a net non-performing asset ratio of 0.28 percent for the same period.",Relevant,The assistant output directly and completely provides both the gross NPA and net NPA ratios requested by the user.,
"What is Punjab National Bank's capital adequacy ratio (CRAR), and its CET1 ratio if disclosed?",F_Simple,F_Simple,0.5026933839121343,simple_triplet,True,"[""Punjab National Bank"", ""capital adequacy ratio"", ""CE""]","[{""entity"": ""Punjab National Bank"", ""matched_node_name"": ""Punjab National Bank"", ""matched_id"": ""121884d5-3ddd-4607-803a-870c4bf83a1b"", ""matched_type"": ""COMPANY"", ""similarity"": 1.0, ""source"": ""gazetteer""}, {""entity"": ""capital adequacy ratio"", ""matched_node_name"": ""capital adequacy ratio"", ""matched_id"": ""a9e7103c-2a43-4d54-94d2-0f9178dbb42e"", ""matched_type"": ""METRIC"", ""similarity"": 1.0, ""source"": ""gazetteer""}, {""entity"": ""CE"", ""matched_node_name"": ""NSE"", ""matched_id"": ""f991983e-e758-47f5-acbf-1afe822e5f20"", ""matched_type"": ""COMPANY"", ""similarity"": 0.6484348893165588, ""source"": ""semantic""}]","What is <COMPANY>'s <METRIC> (CRAR), and its <COMPANY>T1 ratio if disclosed?","{""nn1"": ""COMPANY"", ""prop1_list"": [], ""target_ids"": [""a9e7103c-2a43-4d54-94d2-0f9178dbb42e"", ""f991983e-e758-47f5-acbf-1afe822e5f20""], ""nnp1"": ""121884d5-3ddd-4607-803a-870c4bf83a1b""}","{""nnp1"": ""121884d5-3ddd-4607-803a-870c4bf83a1b"", ""nnp2"": ""f991983e-e758-47f5-acbf-1afe822e5f20"", ""nnp3"": null, ""prop1"": null, ""nn1"": ""COMPANY"", ""nn2"": ""COMPANY"", ""threshold"": null, ""target_ids"": [""a9e7103c-2a43-4d54-94d2-0f9178dbb42e"", ""f991983e-e758-47f5-acbf-1afe822e5f20""], ""prop1_list"": []}",primary,1,"Template: simple_triplet (F_Simple)
Query intent: Simple question: subject linked to objects via a predicate.

Row 1: PNB had a capital adequacy ratio of 18.13% in Q1 FY27.","During the first quarter of fiscal year 2027, PNB recorded a capital adequacy ratio of 18.13%.",Somewhat relevant,The assistant provides the capital adequacy ratio but fails to mention or address the CET1 ratio requested by the user.,
What are Punjab National Bank's return on assets (ROA) and return on equity (ROE) for the latest quarter?,F_Simple,F_Simple,0.6404601230266839,simple_triplet,True,"[""Punjab National Bank"", ""return on assets"", ""return on equity""]","[{""entity"": ""Punjab National Bank"", ""matched_node_name"": ""Punjab National Bank"", ""matched_id"": ""121884d5-3ddd-4607-803a-870c4bf83a1b"", ""matched_type"": ""COMPANY"", ""similarity"": 1.0, ""source"": ""gazetteer""}, {""entity"": ""return on assets"", ""matched_node_name"": ""return on assets"", ""matched_id"": ""dd83a8a6-2dd2-4407-9d71-917240c66c55"", ""matched_type"": ""METRIC"", ""similarity"": 1.0, ""source"": ""gazetteer""}, {""entity"": ""return on equity"", ""matched_node_name"": ""return on equity"", ""matched_id"": ""4c4c7086-00d6-4850-9bcd-ae7c8e8479a8"", ""matched_type"": ""METRIC"", ""similarity"": 1.0, ""source"": ""gazetteer""}]",What are <COMPANY>'s <METRIC> (ROA) and <METRIC> (ROE) for the latest quarter?,"{""nn1"": ""COMPANY"", ""prop1_list"": [], ""target_ids"": [""dd83a8a6-2dd2-4407-9d71-917240c66c55"", ""4c4c7086-00d6-4850-9bcd-ae7c8e8479a8""], ""nnp1"": ""121884d5-3ddd-4607-803a-870c4bf83a1b""}","{""nnp1"": ""121884d5-3ddd-4607-803a-870c4bf83a1b"", ""nnp2"": ""dd83a8a6-2dd2-4407-9d71-917240c66c55"", ""nnp3"": null, ""prop1"": null, ""nn1"": ""COMPANY"", ""nn2"": ""METRIC"", ""threshold"": null, ""target_ids"": [""dd83a8a6-2dd2-4407-9d71-917240c66c55"", ""4c4c7086-00d6-4850-9bcd-ae7c8e8479a8""], ""prop1_list"": []}",primary,2,"Template: simple_triplet (F_Simple)
Query intent: Simple question: subject linked to objects via a predicate.

Row 1: PNB reported a return on assets of 1.04% in Q1 FY27.
Row 2: PNB reported an annualized return on equity of 17.33% in Q1 FY27.",Punjab National Bank posted a return on assets of 1.04% alongside an annualized return on equity of 17.33% during the first quarter of fiscal year 2027. These figures highlight the bank's profitability and capital efficiency over the reported period.,Relevant,The assistant output directly and completely answers the user's request by providing both the return on assets (ROA) and return on equity (ROE) for Punjab National Bank's latest quarter.,
What was Punjab National Bank's total advances (loan book) and deposit growth in the latest quarter?,F_Simple,F_Simple,0.5786835426932809,simple_triplet,True,"[""Punjab National Bank"", ""total advances"", ""deposit growth""]","[{""entity"": ""Punjab National Bank"", ""matched_node_name"": ""Punjab National Bank"", ""matched_id"": ""121884d5-3ddd-4607-803a-870c4bf83a1b"", ""matched_type"": ""COMPANY"", ""similarity"": 1.0, ""source"": ""gazetteer""}, {""entity"": ""total advances"", ""matched_node_name"": ""Total Advances"", ""matched_id"": ""96dbb53b-28f6-42c3-96e5-77dc48c86818"", ""matched_type"": ""METRIC"", ""similarity"": 1.0, ""source"": ""gazetteer""}, {""entity"": ""deposit growth"", ""matched_node_name"": ""deposit growth"", ""matched_id"": ""74d2ba68-dde6-485e-ad5d-c3483d1ec0d8"", ""matched_type"": ""METRIC"", ""similarity"": 1.0, ""source"": ""gazetteer""}]",What was <COMPANY>'s <METRIC> (loan book) and <METRIC> in the latest quarter?,"{""nn1"": ""COMPANY"", ""prop1_list"": [], ""target_ids"": [""96dbb53b-28f6-42c3-96e5-77dc48c86818"", ""74d2ba68-dde6-485e-ad5d-c3483d1ec0d8""], ""nnp1"": ""121884d5-3ddd-4607-803a-870c4bf83a1b""}","{""nnp1"": ""121884d5-3ddd-4607-803a-870c4bf83a1b"", ""nnp2"": ""96dbb53b-28f6-42c3-96e5-77dc48c86818"", ""nnp3"": null, ""prop1"": null, ""nn1"": ""COMPANY"", ""nn2"": ""METRIC"", ""threshold"": null, ""target_ids"": [""96dbb53b-28f6-42c3-96e5-77dc48c86818"", ""74d2ba68-dde6-485e-ad5d-c3483d1ec0d8""], ""prop1_list"": []}",relaxed_direction,66,"Template: simple_triplet (F_Simple)
Query intent: Simple question: subject linked to objects via a predicate.

Row 1: PNB provides trade finance services alongside its core banking offerings.
Row 2: PNB provides treasury services to its clients.
Row 3: PNB provides forex services.
Row 4: PNB provides cash management services.
Row 5: PNB's customer base skews toward the MSME segment.
Row 6: PNB operates a distribution network of 10,324 branches as of March 2026.
Row 7: PNB runs 11,065 ATMs as part of its network as of March 2026.
Row 8: PNB reported a Q1 FY27 CASA ratio of 36.7% of its domestic deposits.
Row 9: PNB is exposed to credit risk stemming from its legacy corporate exposures.
Row 10: PNB is exposed to ordinary regulatory risk.
Row 11: PNB reported a return on assets of 1.04% in Q1 FY27.
Row 12: PNB reported an annualized return on equity of 17.33% in Q1 FY27.
Row 13: PNB reported a cost-to-income ratio of 50.31% in Q1 FY27.
Row 14: PNB's gross NPA more than halved to 2.78% in Q1 FY27.
Row 15: PNB reported a net NPA of 0.28% in Q1 FY27.
Row 16: PNB maintained a provision coverage of 97.23% in Q1 FY27.
Row 17: PNB had a capital adequacy ratio of 18.13% in Q1 FY27.
Row 18: Punjab National Bank is an operational universal bank.
Row 19: PNB achieved a net interest margin of 2.50% globally and 2.64% domestically in Q1 FY27.
Row 20: Punjab National Bank is headquartered in Dwarka.
Row 21: Punjab National Bank is headquartered in New Delhi.
Row 22: PNB distributes life insurance products.
Row 23: PNB distributes non-life insurance products.
Row 24: PNB distributes asset-management products.
Row 25: PNB's customer base skews toward agriculture.
Row 26: PNB has historically dominated the North Indian market.
Row 27: PNB maintains an international presence through seven UK branches.
Row 28: PNB operates a branch in Hong Kong.
Row 29: PNB operates a branch in Dubai.
Row 30: PNB operates a branch in Afghanistan.
Row 31: PNB uses representative offices for its international operations in countries such as Kazakhstan, the UAE, China, Norway, and Australia.
Row 32: PNB maintains a representative office and holds a 41.64% equity stake in a bank in Kazakhstan.
Row 33: PNB operates a representative office in the UAE.
Row 34: PNB operates a representative office in China.
Row 35: PNB operates a representative office in Norway.
Row 36: PNB operates a representative office in Australia.
Row 37: PNB holds a 51% equity stake in a bank in Bhutan.
Row 38: PNB holds a 20% equity stake in a bank in Nepal.
Row 39: PNB experienced a sharp asset-quality turnaround, marking a clear strength in the Q1 FY27 quarter.
Row 40: PNB demonstrated a weakness where its net interest income growth of only 2.1% is lagging the pace of balance-sheet growth.
Row 41: PNB has an opportunity because its CET1 capital improved to 14.52% from 10.95% a year earlier, giving the bank more room to fund growth.
Row 42: PNB is exposed to operational risk given its history of fraud incidents.
Row 43: PNB is exposed to geographic concentration risk in North India.
Row 44: PNB depends on the technology integration that followed its 2020 amalgamation with Oriental Bank of Commerce.
Row 45: PNB depends on the technology integration that followed its 2020 amalgamation with United Bank of India.
Row 46: PNB had its Viability Rating upgraded from bb- to bb by Fitch.
Row 47: PNB had its Long-Term Issuer Default Rating affirmed at BBB- with a Stable outlook by Fitch.
Row 48: PNB recorded an impaired-loan ratio of 3.2% over a nine-month period according to Fitch.
Row 49: PNB's growth is expected to come from retail credit in northern markets.
Row 50: PNB's margin growth is driven by an improving CASA mix.
Row 51: PNB's return on equity is driven by the continued normalization of provisioning.
Row 52: The key risk driver for PNB is its residual legacy corporate exposure.
Row 53: A key valuation-relevant fact for PNB is that its improved capital adequacy is supporting the funding of further growth.
Row 54: PNB maintains persistent overseas banking joint ventures in Bhutan, Nepal and Kazakhstan.
Row 55: PNB is regulated by the RBI.
Row 56: PNB is regulated by SEBI.
Row 57: PNB is rated by the credit rating agency Fitch.
Row 58: K G Ananthakrishnan leads Punjab National Bank as its non-executive chairman.
Row 59: Ashok Chandra serves as the MD & CEO of Punjab National Bank.
Row 60: OCBs have an ownership stake in Punjab National Bank.
Row 61: PNB's legacy of large corporate NPAs remains a structural weak point that threatens the bank.
Row 62: The Government of India owns a 70.08% stake in Punjab National Bank.
Row 63: LIC holds an unspecified ownership stake in Punjab National Bank.
Row 64: Mutual funds hold a 6.53% ownership stake in Punjab National Bank.
Row 65: FIIs hold a shared 6.59% ownership stake in Punjab National Bank alongside NRIs and OCBs.
Row 66: NRIs possess an ownership stake in Punjab National Bank as part of a combined 6.59% holding.","Punjab National Bank is an operational universal bank headquartered in New Delhi with a large distribution network of 10,324 branches and 11,065 ATMs as of March 2026. During Q1 FY27, the bank reported a return on assets of 1.04%, an annualized return on equity of 17.33%, a capital adequacy ratio of 18.13%, and a significant improvement in asset quality with gross NPAs halving to 2.78%.",Not relevant,"The assistant output provides general background information, profitability metrics, and asset quality data, but completely fails to mention Punjab National Bank's total advances or deposit growth for the latest quarter.",
"What credit ratings has Punjab National Bank received, and from which rating agencies?",F_Simple,F_Simple,0.5428842858605917,simple_triplet,True,"[""Punjab National Bank""]","[{""entity"": ""Punjab National Bank"", ""matched_node_name"": ""Punjab National Bank"", ""matched_id"": ""121884d5-3ddd-4607-803a-870c4bf83a1b"", ""matched_type"": ""COMPANY"", ""similarity"": 1.0, ""source"": ""gazetteer""}]","What credit ratings has <COMPANY> received, and from which rating agencies?","{""nn1"": ""COMPANY"", ""prop1_list"": [""HAS_RATING""], ""target_ids"": [], ""nnp1"": ""121884d5-3ddd-4607-803a-870c4bf83a1b""}","{""nnp1"": ""121884d5-3ddd-4607-803a-870c4bf83a1b"", ""nnp2"": null, ""nnp3"": null, ""prop1"": ""HAS_RATING"", ""nn1"": ""COMPANY"", ""nn2"": null, ""threshold"": null, ""target_ids"": [], ""prop1_list"": [""HAS_RATING""]}",primary,2,"Template: simple_triplet (F_Simple)
Query intent: Simple question: subject linked to objects via a predicate.

Row 1: PNB had its Long-Term Issuer Default Rating affirmed at BBB- with a Stable outlook by Fitch.
Row 2: PNB had its Viability Rating upgraded from bb- to bb by Fitch.",Fitch affirmed PNB's Long-Term Issuer Default Rating at BBB- with a Stable outlook while upgrading its Viability Rating from bb- to bb.,Somewhat relevant,"The output mentions credit ratings and an agency (Fitch) for Punjab National Bank, but it fails to provide a comprehensive view of all credit ratings and agencies the bank has received.",
"Roughly how many branches and ATMs does Punjab National Bank operate, and as of what date?",F_QuantCount,F_QuantCount,0.5789900185289873,quant_count,True,"[""ATMs"", ""Punjab National Bank""]","[{""entity"": ""ATMs"", ""matched_node_name"": ""ATMs"", ""matched_id"": ""1d9af7d1-80d1-4631-9a7a-7765335565d0"", ""matched_type"": ""DISTRIBUTIONCHANNEL"", ""similarity"": 1.0, ""source"": ""gazetteer""}, {""entity"": ""Punjab National Bank"", ""matched_node_name"": ""Punjab National Bank"", ""matched_id"": ""121884d5-3ddd-4607-803a-870c4bf83a1b"", ""matched_type"": ""COMPANY"", ""similarity"": 1.0, ""source"": ""gazetteer""}]","Roughly how many branches and <DISTRIBUTIONCHANNEL> does <COMPANY> operate, and as of what date?","{""nn1"": ""COMPANY"", ""nn2"": ""DISTRIBUTIONCHANNEL"", ""prop1"": null, ""nnp1"": ""121884d5-3ddd-4607-803a-870c4bf83a1b""}","{""nnp1"": ""121884d5-3ddd-4607-803a-870c4bf83a1b"", ""nnp2"": ""1d9af7d1-80d1-4631-9a7a-7765335565d0"", ""nnp3"": null, ""prop1"": null, ""nn1"": ""COMPANY"", ""nn2"": ""DISTRIBUTIONCHANNEL"", ""threshold"": null, ""target_ids"": [""1d9af7d1-80d1-4631-9a7a-7765335565d0""], ""prop1_list"": []}",primary,1,"Template: quant_count (F_QuantCount)
Query intent: Count related objects for a subject entity.

Row 1: subject_name=Punjab National Bank | object_count=3 (3 facts)
  - PNB operates a distribution network of 10,324 branches as of March 2026.
  - PNB runs 11,065 ATMs as part of its network as of March 2026.
  - PNB uses representative offices for its international operations in countries such as Kazakhstan, the UAE, China, Norway, and Australia.","As of March 2026, Punjab National Bank operates a robust distribution network comprising 10,324 branches and 11,065 ATMs. Additionally, the bank extends its international reach through representative offices located in countries including Kazakhstan, the UAE, China, Norway, and Australia.",Relevant,"The assistant output directly answers the user request by providing the approximate number of branches and ATMs, along with the specific date.",
"What products and services does Punjab National Bank offer, and which customer segments does it serve?",F_Simple,F_Simple,0.6085853750573809,simple_triplet,True,"[""Punjab National Bank""]","[{""entity"": ""Punjab National Bank"", ""matched_node_name"": ""Punjab National Bank"", ""matched_id"": ""121884d5-3ddd-4607-803a-870c4bf83a1b"", ""matched_type"": ""COMPANY"", ""similarity"": 1.0, ""source"": ""gazetteer""}]","What products and services does <COMPANY> offer, and which customer segments does it serve?","{""nn1"": ""COMPANY"", ""prop1_list"": [""OFFERS_PRODUCT"", ""SERVES""], ""target_ids"": [], ""nnp1"": ""121884d5-3ddd-4607-803a-870c4bf83a1b""}","{""nnp1"": ""121884d5-3ddd-4607-803a-870c4bf83a1b"", ""nnp2"": null, ""nnp3"": null, ""prop1"": ""SERVES"", ""nn1"": ""COMPANY"", ""nn2"": null, ""threshold"": null, ""target_ids"": [], ""prop1_list"": [""OFFERS_PRODUCT"", ""SERVES""]}",primary,5,"Template: simple_triplet (F_Simple)
Query intent: Simple question: subject linked to objects via a predicate.

Row 1: PNB's customer base skews toward the MSME segment.
Row 2: PNB's customer base skews toward agriculture.
Row 3: PNB distributes asset-management products.
Row 4: PNB distributes life insurance products.
Row 5: PNB distributes non-life insurance products.","PNB's customer base primarily skews toward the agriculture and MSME segments, while its operations also include the distribution of asset-management, life insurance, and non-life insurance products.",Somewhat relevant,"The output mentions some customer segments and insurance/asset-management products, but it fails to provide a comprehensive overview of the main banking products and all customer segments offered by Punjab National Bank as requested.",
What is Canara Bank's ticker symbol and on which exchange(s) does it trade?,F_Simple,F_Simple,0.5660659596990265,simple_triplet,True,"[""Canara Bank""]","[{""entity"": ""Canara Bank"", ""matched_node_name"": ""Canara Bank"", ""matched_id"": ""ccfc9e36-4d48-4822-a2f3-6d6711646230"", ""matched_type"": ""COMPANY"", ""similarity"": 1.0, ""source"": ""gazetteer""}]",What is <COMPANY>'s ticker symbol and on which exchange(s) does it trade?,"{""nn1"": ""COMPANY"", ""prop1_list"": [], ""target_ids"": [], ""nnp1"": ""ccfc9e36-4d48-4822-a2f3-6d6711646230""}","{""nnp1"": ""ccfc9e36-4d48-4822-a2f3-6d6711646230"", ""nnp2"": null, ""nnp3"": null, ""prop1"": null, ""nn1"": ""COMPANY"", ""nn2"": null, ""threshold"": null, ""target_ids"": [], ""prop1_list"": []}",primary,50,"Template: simple_triplet (F_Simple)
Query intent: Simple question: subject linked to objects via a predicate.

Row 1: Canara Bank has an opportunity because its 17.97% advances growth is outpacing several peers.
Row 2: Canara Bank operates 7,907 ATMs as part of its network as of June 2025.
Row 3: Canara Bank maintains international operations in Bahrain.
Row 4: Canara Bank is headquartered in Bengaluru.
Row 5: Brajesh Kumar Singh serves as the MD & CEO of Canara Bank.
Row 6: Canara Bank reported a CASA ratio of 29.70% in Q1 FY27.
Row 7: Canara Bank has a CET1 of 12.91% for Q1 FY27.
Row 8: Canara Bank distributes insurance products through its Canara HSBC Life Insurance joint venture.
Row 9: Canara Bank distributes asset-management products through its Canara Robeco Asset Management joint venture.
Row 10: Canara Bank maintains international operations in China.
Row 11: Canara Bank is exposed to funding risk given its lower CASA base.
Row 12: The Government of India holds a 62.93% ownership stake in Canara Bank as of March 2026.
Row 13: Canara Bank maintains international operations in Hong Kong.
Row 14: Canara Bank depends on its branch density in Karnataka.
Row 15: Canara Bank is headquartered in Karnataka.
Row 16: Canara Bank's growth is expected to come from continued MSME credit expansion.
Row 17: Canara Bank serves the MSME market.
Row 18: Canara Bank is regulated by the RBI.
Row 19: Canara Bank serves the retail market.
Row 20: Canara Bank is regulated by the SEBI.
Row 21: Canara Bank has a strong retail, agricultural and MSME franchise in South India.
Row 22: Canara Bank maintains international operations in Tanzania.
Row 23: Canara Bank maintains international operations in the UAE.
Row 24: Canara Bank maintains international operations in the UK.
Row 25: Canara Bank maintains international operations in the US.
Row 26: Canara Bank holds a universal banking license.
Row 27: Vijay Srirangan is listed by some sources as the non-executive chairman of Canara Bank.
Row 28: Canara Bank's growth is expected to come from continued agricultural credit expansion.
Row 29: Canara Bank serves the agricultural market.
Row 30: Canara Bank has strong asset-quality relative to peers.
Row 31: Canara Bank runs 9,861 branches as of June 2025.
Row 32: Canara Bank has a capital adequacy of 17.17% for Q1 FY27.
Row 33: Canara Bank provides cash management services.
Row 34: Canara Bank uses 2,940 cash-recycling machines within its network as of June 2025.
Row 35: The threat that its comparatively low CASA ratio raises the bank's relative sensitivity to funding costs directly threatens Canara Bank.
Row 36: Canara Bank has a cost-to-income ratio of 49.03% for Q1 FY27.
Row 37: Canara Bank is exposed to credit risk tied to the seasonality of its agricultural book.
Row 38: Canara Bank provides forex services.
Row 39: Canara Bank demonstrated a strong asset quality profile with a gross NPA of 1.57%.
Row 40: Canara Bank is exposed to interest-rate risk.
Row 41: Canara Bank has a lower CASA base, which creates a funding risk.
Row 42: Canara Bank's key risk driver is monsoon-linked agricultural seasonality.
Row 43: Canara Bank recorded a net NPA of 0.36%.
Row 44: Canara Bank exhibited a weakness in that its net profit grew only about 2% year-on-year despite the strong net-interest-income and advances growth.
Row 45: Canara Bank had a provision coverage of 94.76%.
Row 46: Canara Bank is exposed to ordinary regulatory risk.
Row 47: Canara Bank's growth is expected to come from continued retail credit expansion.
Row 48: Canara Bank posted a return on assets of 1.04%.
Row 49: Canara Bank displayed strong profitability with a return on equity of 18.31%.
Row 50: Canara Bank depends on the south Indian rural and monsoon-linked agricultural economy.","Canara Bank operates a robust domestic and international franchise supported by strong asset quality, including a gross NPA of 1.57% and a provision coverage of 94.76% for Q1 FY27. However, the institution faces funding risks tied to a lower CASA base of 29.70% and agricultural seasonality, alongside modest year-on-year net profit growth despite an advances growth rate of 17.97%.",Not relevant,"The assistant output discusses asset quality, NPAs, and financial metrics instead of providing Canara Bank's ticker symbol and trading exchanges as requested.",
"Who is the current MD & CEO (or Chairman, where that is the top executive title) of Canara Bank?",F_Simple,F_Simple,0.6870087860052408,simple_triplet,True,"[""uti"", ""Canara Bank"", ""MD""]","[{""entity"": ""uti"", ""matched_node_name"": ""UTI"", ""matched_id"": ""fd4feaba-a9ac-4e43-9418-e90485ccc0ee"", ""matched_type"": ""SHAREHOLDER"", ""similarity"": 1.0, ""source"": ""gazetteer""}, {""entity"": ""Canara Bank"", ""matched_node_name"": ""Canara Bank"", ""matched_id"": ""ccfc9e36-4d48-4822-a2f3-6d6711646230"", ""matched_type"": ""COMPANY"", ""similarity"": 1.0, ""source"": ""gazetteer""}, {""entity"": ""MD"", ""matched_node_name"": ""Sydney"", ""matched_id"": ""6ce73991-b958-4fd6-a892-0d2f5d32b61b"", ""matched_type"": ""GEOGRAPHY"", ""similarity"": 0.6347882270812988, ""source"": ""semantic""}]","Who is the current <GEOGRAPHY> & CEO (or Chairman, where that is the top exec<SHAREHOLDER>ve title) of <COMPANY>?","{""nn1"": ""COMPANY"", ""prop1_list"": [""GovernanceRole""], ""target_ids"": [""fd4feaba-a9ac-4e43-9418-e90485ccc0ee"", ""6ce73991-b958-4fd6-a892-0d2f5d32b61b""], ""nnp1"": ""ccfc9e36-4d48-4822-a2f3-6d6711646230""}","{""nnp1"": ""ccfc9e36-4d48-4822-a2f3-6d6711646230"", ""nnp2"": ""6ce73991-b958-4fd6-a892-0d2f5d32b61b"", ""nnp3"": null, ""prop1"": ""GovernanceRole"", ""nn1"": ""COMPANY"", ""nn2"": ""GEOGRAPHY"", ""threshold"": null, ""target_ids"": [""fd4feaba-a9ac-4e43-9418-e90485ccc0ee"", ""6ce73991-b958-4fd6-a892-0d2f5d32b61b""], ""prop1_list"": [""GovernanceRole""]}",attribute_lookup,8,"Template: simple_triplet (F_Simple)
Query intent: Simple question: subject linked to objects via a predicate.

Row 1: Canara Bank's banking_segment is Public Sector Bank
Row 2: Canara Bank's country is India
Row 3: Canara Bank's description is Canara Bank, headquartered in Bengaluru, Karnataka, is a Government of India-owned universal bank with a strong South Indian retail, agricultural and MSME franchise.
Row 4: Canara Bank's exchange is NSE, BSE
Row 5: Canara Bank's legal_name is Canara Bank
Row 6: Canara Bank's listed is True
Row 7: Canara Bank's sector is Banking
Row 8: Canara Bank's ticker is CANBK","Canara Bank is a publicly listed universal bank owned by the Government of India and headquartered in Bengaluru, Karnataka, trading on the NSE and BSE under the ticker CANBK. Operating within the banking sector, the institution maintains a strong retail, agricultural, and MSME franchise primarily focused in South India.",Not relevant,The assistant provides general background information about Canara Bank but completely fails to answer the user's question regarding who the current MD & CEO is.,
What was Canara Bank's CASA ratio in the most recently reported quarter?,F_Simple,F_Simple,0.4957014209614541,simple_triplet,True,"[""Canara Bank"", ""CASA ratio""]","[{""entity"": ""Canara Bank"", ""matched_node_name"": ""Canara Bank"", ""matched_id"": ""ccfc9e36-4d48-4822-a2f3-6d6711646230"", ""matched_type"": ""COMPANY"", ""similarity"": 1.0, ""source"": ""gazetteer""}, {""entity"": ""CASA ratio"", ""matched_node_name"": ""CASA ratio"", ""matched_id"": ""f552ef12-cf71-4307-80e3-1eb10e256154"", ""matched_type"": ""METRIC"", ""similarity"": 1.0, ""source"": ""gazetteer""}]",What was <COMPANY>'s <METRIC> in the most recently reported quarter?,"{""nn1"": ""COMPANY"", ""prop1_list"": [], ""target_ids"": [""f552ef12-cf71-4307-80e3-1eb10e256154""], ""nnp1"": ""ccfc9e36-4d48-4822-a2f3-6d6711646230""}","{""nnp1"": ""ccfc9e36-4d48-4822-a2f3-6d6711646230"", ""nnp2"": ""f552ef12-cf71-4307-80e3-1eb10e256154"", ""nnp3"": null, ""prop1"": null, ""nn1"": ""COMPANY"", ""nn2"": ""METRIC"", ""threshold"": null, ""target_ids"": [""f552ef12-cf71-4307-80e3-1eb10e256154""], ""prop1_list"": []}",primary,1,"Template: simple_triplet (F_Simple)
Query intent: Simple question: subject linked to objects via a predicate.

Row 1: Canara Bank reported a CASA ratio of 29.70% in Q1 FY27.",Canara Bank reported a CASA ratio of 29.70% during the first quarter of fiscal year 2027.,Relevant,The assistant output directly addresses the user request by providing Canara Bank's CASA ratio for the specified most recently reported quarter.,
What is Canara Bank's net interest margin (NIM) for the latest reported period?,F_Simple,F_Simple,0.4559410416941235,simple_triplet,True,"[""Canara Bank"", ""net interest margin""]","[{""entity"": ""Canara Bank"", ""matched_node_name"": ""Canara Bank"", ""matched_id"": ""ccfc9e36-4d48-4822-a2f3-6d6711646230"", ""matched_type"": ""COMPANY"", ""similarity"": 1.0, ""source"": ""gazetteer""}, {""entity"": ""net interest margin"", ""matched_node_name"": ""Net interest margin"", ""matched_id"": ""ce0a12ce-b581-4229-a6b2-4d53c46e9d9d"", ""matched_type"": ""METRIC"", ""similarity"": 1.0, ""source"": ""gazetteer""}]",What is <COMPANY>'s <METRIC> (NIM) for the latest reported period?,"{""nn1"": ""COMPANY"", ""prop1_list"": [], ""target_ids"": [""ce0a12ce-b581-4229-a6b2-4d53c46e9d9d""], ""nnp1"": ""ccfc9e36-4d48-4822-a2f3-6d6711646230""}","{""nnp1"": ""ccfc9e36-4d48-4822-a2f3-6d6711646230"", ""nnp2"": ""ce0a12ce-b581-4229-a6b2-4d53c46e9d9d"", ""nnp3"": null, ""prop1"": null, ""nn1"": ""COMPANY"", ""nn2"": ""METRIC"", ""threshold"": null, ""target_ids"": [""ce0a12ce-b581-4229-a6b2-4d53c46e9d9d""], ""prop1_list"": []}",relaxed_direction,52,"Template: simple_triplet (F_Simple)
Query intent: Simple question: subject linked to objects via a predicate.

Row 1: Canara Bank's growth is expected to come from continued agricultural credit expansion.
Row 2: Canara Bank's growth is expected to come from continued MSME credit expansion.
Row 3: Canara Bank provides trade finance services.
Row 4: Canara Bank provides treasury services.
Row 5: Canara Bank provides forex services.
Row 6: Canara Bank provides cash management services.
Row 7: Canara Bank serves the MSME market.
Row 8: Canara Bank runs 9,861 branches as of June 2025.
Row 9: Canara Bank operates 7,907 ATMs as part of its network as of June 2025.
Row 10: Canara Bank reported a CASA ratio of 29.70% in Q1 FY27.
Row 11: Canara Bank is exposed to credit risk tied to the seasonality of its agricultural book.
Row 12: Canara Bank is exposed to interest-rate risk.
Row 13: Canara Bank is exposed to ordinary regulatory risk.
Row 14: Canara Bank posted a return on assets of 1.04%.
Row 15: Canara Bank displayed strong profitability with a return on equity of 18.31%.
Row 16: Canara Bank has a cost-to-income ratio of 49.03% for Q1 FY27.
Row 17: Canara Bank demonstrated a strong asset quality profile with a gross NPA of 1.57%.
Row 18: Canara Bank recorded a net NPA of 0.36%.
Row 19: Canara Bank had a provision coverage of 94.76%.
Row 20: Canara Bank has a capital adequacy of 17.17% for Q1 FY27.
Row 21: Canara Bank has a CET1 of 12.91% for Q1 FY27.
Row 22: Canara Bank holds a universal banking license.
Row 23: Canara Bank serves the retail market.
Row 24: Canara Bank is exposed to funding risk given its lower CASA base.
Row 25: Canara Bank serves the agricultural market.
Row 26: Canara Bank maintains international operations in the UK.
Row 27: Canara Bank maintains international operations in Hong Kong.
Row 28: Canara Bank maintains international operations in the UAE.
Row 29: Canara Bank maintains international operations in China.
Row 30: Canara Bank's growth is expected to come from continued retail credit expansion.
Row 31: Canara Bank is headquartered in Bengaluru.
Row 32: Canara Bank depends on its branch density in Karnataka.
Row 33: Canara Bank is headquartered in Karnataka.
Row 34: Canara Bank has a strong retail, agricultural and MSME franchise in South India.
Row 35: Canara Bank distributes insurance products through its Canara HSBC Life Insurance joint venture.
Row 36: Canara Bank distributes asset-management products through its Canara Robeco Asset Management joint venture.
Row 37: Canara Bank uses 2,940 cash-recycling machines within its network as of June 2025.
Row 38: Canara Bank maintains international operations in the US.
Row 39: Canara Bank maintains international operations in Bahrain.
Row 40: Canara Bank maintains international operations in Tanzania.
Row 41: Canara Bank exhibited a weakness in that its net profit grew only about 2% year-on-year despite the strong net-interest-income and advances growth.
Row 42: Canara Bank has an opportunity because its 17.97% advances growth is outpacing several peers.
Row 43: Canara Bank has a lower CASA base, which creates a funding risk.
Row 44: Canara Bank depends on the south Indian rural and monsoon-linked agricultural economy.
Row 45: Canara Bank's key risk driver is monsoon-linked agricultural seasonality.
Row 46: Canara Bank has strong asset-quality relative to peers.
Row 47: Canara Bank is regulated by the RBI.
Row 48: Canara Bank is regulated by the SEBI.
Row 49: Brajesh Kumar Singh serves as the MD & CEO of Canara Bank.
Row 50: Vijay Srirangan is listed by some sources as the non-executive chairman of Canara Bank.
Row 51: The threat that its comparatively low CASA ratio raises the bank's relative sensitivity to funding costs directly threatens Canara Bank.
Row 52: The Government of India holds a 62.93% ownership stake in Canara Bank as of March 2026.","Canara Bank operates an extensive domestic and international network while delivering strong profitability, highlighted by a return on equity of 18.31% and solid asset quality with a gross NPA of 1.57% as of Q1 FY27. At the same time, the institution faces funding risks tied to a lower CASA ratio of 29.70% and relies on continued credit expansion in the agricultural, MSME, and retail sectors for future growth.",Not relevant,"The assistant output discusses return on equity, asset quality, and CASA ratio, but completely fails to provide Canara Bank's net interest margin (NIM) for the latest reported period.",
What was Canara Bank's total advances (loan book) and deposit growth in the latest quarter?,F_Simple,F_Simple,0.5786835426932809,simple_triplet,True,"[""Canara Bank"", ""total advances"", ""deposit growth""]","[{""entity"": ""Canara Bank"", ""matched_node_name"": ""Canara Bank"", ""matched_id"": ""ccfc9e36-4d48-4822-a2f3-6d6711646230"", ""matched_type"": ""COMPANY"", ""similarity"": 1.0, ""source"": ""gazetteer""}, {""entity"": ""total advances"", ""matched_node_name"": ""Total Advances"", ""matched_id"": ""96dbb53b-28f6-42c3-96e5-77dc48c86818"", ""matched_type"": ""METRIC"", ""similarity"": 1.0, ""source"": ""gazetteer""}, {""entity"": ""deposit growth"", ""matched_node_name"": ""deposit growth"", ""matched_id"": ""74d2ba68-dde6-485e-ad5d-c3483d1ec0d8"", ""matched_type"": ""METRIC"", ""similarity"": 1.0, ""source"": ""gazetteer""}]",What was <COMPANY>'s <METRIC> (loan book) and <METRIC> in the latest quarter?,"{""nn1"": ""COMPANY"", ""prop1_list"": [], ""target_ids"": [""96dbb53b-28f6-42c3-96e5-77dc48c86818"", ""74d2ba68-dde6-485e-ad5d-c3483d1ec0d8""], ""nnp1"": ""ccfc9e36-4d48-4822-a2f3-6d6711646230""}","{""nnp1"": ""ccfc9e36-4d48-4822-a2f3-6d6711646230"", ""nnp2"": ""96dbb53b-28f6-42c3-96e5-77dc48c86818"", ""nnp3"": null, ""prop1"": null, ""nn1"": ""COMPANY"", ""nn2"": ""METRIC"", ""threshold"": null, ""target_ids"": [""96dbb53b-28f6-42c3-96e5-77dc48c86818"", ""74d2ba68-dde6-485e-ad5d-c3483d1ec0d8""], ""prop1_list"": []}",relaxed_direction,52,"Template: simple_triplet (F_Simple)
Query intent: Simple question: subject linked to objects via a predicate.

Row 1: Canara Bank's growth is expected to come from continued agricultural credit expansion.
Row 2: Canara Bank's growth is expected to come from continued MSME credit expansion.
Row 3: Canara Bank provides trade finance services.
Row 4: Canara Bank provides treasury services.
Row 5: Canara Bank provides forex services.
Row 6: Canara Bank provides cash management services.
Row 7: Canara Bank serves the MSME market.
Row 8: Canara Bank runs 9,861 branches as of June 2025.
Row 9: Canara Bank operates 7,907 ATMs as part of its network as of June 2025.
Row 10: Canara Bank reported a CASA ratio of 29.70% in Q1 FY27.
Row 11: Canara Bank is exposed to credit risk tied to the seasonality of its agricultural book.
Row 12: Canara Bank is exposed to interest-rate risk.
Row 13: Canara Bank is exposed to ordinary regulatory risk.
Row 14: Canara Bank posted a return on assets of 1.04%.
Row 15: Canara Bank displayed strong profitability with a return on equity of 18.31%.
Row 16: Canara Bank has a cost-to-income ratio of 49.03% for Q1 FY27.
Row 17: Canara Bank demonstrated a strong asset quality profile with a gross NPA of 1.57%.
Row 18: Canara Bank recorded a net NPA of 0.36%.
Row 19: Canara Bank had a provision coverage of 94.76%.
Row 20: Canara Bank has a capital adequacy of 17.17% for Q1 FY27.
Row 21: Canara Bank has a CET1 of 12.91% for Q1 FY27.
Row 22: Canara Bank holds a universal banking license.
Row 23: Canara Bank serves the retail market.
Row 24: Canara Bank is exposed to funding risk given its lower CASA base.
Row 25: Canara Bank serves the agricultural market.
Row 26: Canara Bank maintains international operations in the UK.
Row 27: Canara Bank maintains international operations in Hong Kong.
Row 28: Canara Bank maintains international operations in the UAE.
Row 29: Canara Bank maintains international operations in China.
Row 30: Canara Bank's growth is expected to come from continued retail credit expansion.
Row 31: Canara Bank is headquartered in Bengaluru.
Row 32: Canara Bank depends on its branch density in Karnataka.
Row 33: Canara Bank is headquartered in Karnataka.
Row 34: Canara Bank has a strong retail, agricultural and MSME franchise in South India.
Row 35: Canara Bank distributes insurance products through its Canara HSBC Life Insurance joint venture.
Row 36: Canara Bank distributes asset-management products through its Canara Robeco Asset Management joint venture.
Row 37: Canara Bank uses 2,940 cash-recycling machines within its network as of June 2025.
Row 38: Canara Bank maintains international operations in the US.
Row 39: Canara Bank maintains international operations in Bahrain.
Row 40: Canara Bank maintains international operations in Tanzania.
Row 41: Canara Bank exhibited a weakness in that its net profit grew only about 2% year-on-year despite the strong net-interest-income and advances growth.
Row 42: Canara Bank has an opportunity because its 17.97% advances growth is outpacing several peers.
Row 43: Canara Bank has a lower CASA base, which creates a funding risk.
Row 44: Canara Bank depends on the south Indian rural and monsoon-linked agricultural economy.
Row 45: Canara Bank's key risk driver is monsoon-linked agricultural seasonality.
Row 46: Canara Bank has strong asset-quality relative to peers.
Row 47: Canara Bank is regulated by the RBI.
Row 48: Canara Bank is regulated by the SEBI.
Row 49: Brajesh Kumar Singh serves as the MD & CEO of Canara Bank.
Row 50: Vijay Srirangan is listed by some sources as the non-executive chairman of Canara Bank.
Row 51: The threat that its comparatively low CASA ratio raises the bank's relative sensitivity to funding costs directly threatens Canara Bank.
Row 52: The Government of India holds a 62.93% ownership stake in Canara Bank as of March 2026.","Canara Bank operates an extensive domestic and international network with strong profitability, highlighted by a return on equity of 18.31%, alongside robust asset quality marked by a gross NPA of 1.57% and a capital adequacy ratio of 17.17% in Q1 FY27. While the bank is positioned for continued growth through credit expansion in the retail, agricultural, and MSME sectors, it faces specific funding risks from a lower CASA base of 29.70% and exposures linked to agricultural seasonality.",Not relevant,"The assistant output discusses return on equity, asset quality, and capital adequacy, but fails to provide the specific data requested regarding Canara Bank's total advances and deposit growth in the latest quarter.",
"What credit ratings has Canara Bank received, and from which rating agencies?",F_Simple,F_Simple,0.5428842858605917,simple_triplet,True,"[""Canara Bank""]","[{""entity"": ""Canara Bank"", ""matched_node_name"": ""Canara Bank"", ""matched_id"": ""ccfc9e36-4d48-4822-a2f3-6d6711646230"", ""matched_type"": ""COMPANY"", ""similarity"": 1.0, ""source"": ""gazetteer""}]","What credit ratings has <COMPANY> received, and from which rating agencies?","{""nn1"": ""COMPANY"", ""prop1_list"": [""HAS_RATING""], ""target_ids"": [], ""nnp1"": ""ccfc9e36-4d48-4822-a2f3-6d6711646230""}","{""nnp1"": ""ccfc9e36-4d48-4822-a2f3-6d6711646230"", ""nnp2"": null, ""nnp3"": null, ""prop1"": ""HAS_RATING"", ""nn1"": ""COMPANY"", ""nn2"": null, ""threshold"": null, ""target_ids"": [], ""prop1_list"": [""HAS_RATING""]}",attribute_lookup,8,"Template: simple_triplet (F_Simple)
Query intent: Simple question: subject linked to objects via a predicate.

Row 1: Canara Bank's banking_segment is Public Sector Bank
Row 2: Canara Bank's country is India
Row 3: Canara Bank's description is Canara Bank, headquartered in Bengaluru, Karnataka, is a Government of India-owned universal bank with a strong South Indian retail, agricultural and MSME franchise.
Row 4: Canara Bank's exchange is NSE, BSE
Row 5: Canara Bank's legal_name is Canara Bank
Row 6: Canara Bank's listed is True
Row 7: Canara Bank's sector is Banking
Row 8: Canara Bank's ticker is CANBK","Canara Bank is a publicly listed universal bank owned by the Government of India and headquartered in Bengaluru, Karnataka, operating under the ticker CANBK on the NSE and BSE. It maintains a strong retail, agricultural, and MSME franchise with a particular focus on the South Indian market within the banking sector.",Not relevant,The assistant output provides general background information about Canara Bank but fails to mention any credit ratings or rating agencies.,
"What products and services does Canara Bank offer, and which customer segments does it serve?",F_Simple,F_Simple,0.6085853750573809,simple_triplet,True,"[""Canara Bank""]","[{""entity"": ""Canara Bank"", ""matched_node_name"": ""Canara Bank"", ""matched_id"": ""ccfc9e36-4d48-4822-a2f3-6d6711646230"", ""matched_type"": ""COMPANY"", ""similarity"": 1.0, ""source"": ""gazetteer""}]","What products and services does <COMPANY> offer, and which customer segments does it serve?","{""nn1"": ""COMPANY"", ""prop1_list"": [""OFFERS_PRODUCT"", ""SERVES""], ""target_ids"": [], ""nnp1"": ""ccfc9e36-4d48-4822-a2f3-6d6711646230""}","{""nnp1"": ""ccfc9e36-4d48-4822-a2f3-6d6711646230"", ""nnp2"": null, ""nnp3"": null, ""prop1"": ""SERVES"", ""nn1"": ""COMPANY"", ""nn2"": null, ""threshold"": null, ""target_ids"": [], ""prop1_list"": [""OFFERS_PRODUCT"", ""SERVES""]}",primary,3,"Template: simple_triplet (F_Simple)
Query intent: Simple question: subject linked to objects via a predicate.

Row 1: Canara Bank serves the MSME market.
Row 2: Canara Bank serves the retail market.
Row 3: Canara Bank serves the agricultural market.","Canara Bank actively serves multiple key customer segments, specifically focusing on the agricultural, retail, and MSME markets. Through these operations, the institution maintains a diverse commercial footprint across these core sectors.",Somewhat relevant,"The assistant output correctly identifies the customer segments served by Canara Bank but fails to mention the specific products and services the bank offers, missing a material part of the request.",
What is Union Bank of India's ticker symbol and on which exchange(s) does it trade?,F_Simple,F_Simple,0.5660659596990265,simple_triplet,True,"[""Union Bank of India""]","[{""entity"": ""Union Bank of India"", ""matched_node_name"": ""Union Bank of India"", ""matched_id"": ""0775442e-71f2-4a4b-baad-9c4292bf268f"", ""matched_type"": ""COMPANY"", ""similarity"": 1.0, ""source"": ""gazetteer""}]",What is <COMPANY>'s ticker symbol and on which exchange(s) does it trade?,"{""nn1"": ""COMPANY"", ""prop1_list"": [], ""target_ids"": [], ""nnp1"": ""0775442e-71f2-4a4b-baad-9c4292bf268f""}","{""nnp1"": ""0775442e-71f2-4a4b-baad-9c4292bf268f"", ""nnp2"": null, ""nnp3"": null, ""prop1"": null, ""nn1"": ""COMPANY"", ""nn2"": null, ""threshold"": null, ""target_ids"": [], ""prop1_list"": []}",primary,50,"Template: simple_triplet (F_Simple)
Query intent: Simple question: subject linked to objects via a predicate.

Row 1: A. Manimekhalai's tenure as MD & CEO of Union Bank of India concluded in 2026.
Row 2: Union Bank of India operated 8,910 ATMs as of March 2025.
Row 3: Union Bank of India has an international presence in Abu Dhabi.
Row 4: Union Bank of India posted an advances growth of 12.50% year-on-year.
Row 5: Andhra Bank was amalgamated into Union Bank of India.
Row 6: Asheesh Pandey was appointed MD & CEO of Union Bank of India in 2026.
Row 7: Union Bank of India has an international presence in Beijing.
Row 8: Union Bank of India's average CASA balances exceeded ₹24,000 crore.
Row 9: A precise current CASA ratio could not be found for Union Bank of India.
Row 10: Union Bank of India's CET1 was cited at 15.7%.
Row 11: Corporation Bank was amalgamated into Union Bank of India.
Row 12: Union Bank of India has an international presence in Dubai.
Row 13: FIIs hold an 8.63% institutional stake in Union Bank of India.
Row 14: Union Bank of India is rated by Fitch.
Row 15: Union Bank of India is exposed to funding and liquidity risk if its deposit-growth lag materializes.
Row 16: The Government of India owns roughly 74.76% of Union Bank of India.
Row 17: Union Bank of India has an international presence in Hong Kong.
Row 18: Fitch affirmed Union Bank of India's Long-Term Issuer Default Rating at BBB- Stable.
Row 19: Union Bank of India offers an MSME product suite.
Row 20: Union Bank of India is headquartered in Mumbai.
Row 21: Union Bank of India is headquartered at Union Bank Bhavan in Nariman Point.
Row 22: Union Bank of India posted a net interest margin of 2.80%.
Row 23: Union Bank of India's standalone net profit rose 29.5% year-on-year to ₹5,332 crore.
Row 24: Union Bank of India is regulated by the RBI.
Row 25: Retail investors hold a 4.63% stake in Union Bank of India.
Row 26: Union Bank of India offers a standard retail product suite.
Row 27: Union Bank of India is regulated by the SEBI.
Row 28: Union Bank of India has an international presence in Shanghai.
Row 29: Union Bank of India has an international presence in Sydney.
Row 30: Union Bank of India has an international presence in the UK.
Row 31: Union Bank of India holds a universal banking license.
Row 32: Fitch upgraded Union Bank of India's Viability Rating from bb- to bb.
Row 33: Union Bank of India is undergoing a digital-transformation push branded 'Vyom'.
Row 34: Union Bank of India's Q1 FY27 advances figures rest on a single social-media-sourced citation.
Row 35: Union Bank of India offers an agricultural product suite.
Row 36: Union Bank of India ran 8,621 branches as of March 2025.
Row 37: Union Bank of India posted a capital adequacy of 18.46%.
Row 38: Union Bank of India has capital headroom to pursue its stated 18-20% credit-growth target.
Row 39: Union Bank of India provides cash-management services.
Row 40: Union Bank of India offers a corporate product suite.
Row 41: Union Bank of India is exposed to ordinary credit risk.
Row 42: Union Bank of India saw deposit growth of just 3.50%.
Row 43: Union Bank of India's Q1 FY27 deposit growth figures rest on a single social-media-sourced citation.
Row 44: Union Bank of India's deposit-growth lag is flagged as a potential weakness.
Row 45: Union Bank of India provides forex services.
Row 46: Union Bank of India's gross NPA improved to 2.65%.
Row 47: Insurance entities hold a 6.70% institutional stake in Union Bank of India.
Row 48: Union Bank of India is exposed to interest-rate risk.
Row 49: Mutual funds hold a 4.73% institutional stake in Union Bank of India.
Row 50: Union Bank of India's net NPA stood at 0.47%.","Union Bank of India demonstrated solid financial performance with a 29.5% year-on-year increase in standalone net profit to ₹5,332 crore, an advances growth of 12.50%, and an improved gross NPA of 2.65%. However, the bank faces potential funding and liquidity risks due to a deposit-growth lag of just 3.50%, alongside leadership transitions with Asheesh Pandey appointed as MD & CEO in 2026.",Not relevant,"The assistant output discusses the bank's financial performance, risks, and leadership transitions, completely failing to address the user's specific request regarding the ticker symbol and stock exchange.",
"What percentage of Union Bank of India is held by its government promoter or largest shareholder, and as of what date?",F_LogUnion,F_LogUnion,0.6758920373727951,logical_union,True,"[""Union Bank of India""]","[{""entity"": ""Union Bank of India"", ""matched_node_name"": ""Union Bank of India"", ""matched_id"": ""0775442e-71f2-4a4b-baad-9c4292bf268f"", ""matched_type"": ""COMPANY"", ""similarity"": 1.0, ""source"": ""gazetteer""}]","What percentage of <COMPANY> is held by its government promoter or largest shareholder, and as of what date?","{""nn1"": ""COMPANY"", ""nnp2"": null, ""prop1"": ""REGULATED_BY"", ""nnp1"": ""0775442e-71f2-4a4b-baad-9c4292bf268f""}","{""nnp1"": ""0775442e-71f2-4a4b-baad-9c4292bf268f"", ""nnp2"": null, ""nnp3"": null, ""prop1"": ""REGULATED_BY"", ""nn1"": ""COMPANY"", ""nn2"": null, ""threshold"": null, ""target_ids"": [], ""prop1_list"": [""OWNS"", ""REGULATED_BY"", ""OwnershipStake""]}",primary,50,"Template: logical_union (F_LogUnion)
Query intent: Union of two relationship patterns from the same subject.

Row 1: A. Manimekhalai's tenure as MD & CEO of Union Bank of India concluded in 2026.
Row 2: Union Bank of India operated 8,910 ATMs as of March 2025.
Row 3: Union Bank of India has an international presence in Abu Dhabi.
Row 4: Union Bank of India posted an advances growth of 12.50% year-on-year.
Row 5: Andhra Bank was amalgamated into Union Bank of India.
Row 6: Asheesh Pandey was appointed MD & CEO of Union Bank of India in 2026.
Row 7: Union Bank of India has an international presence in Beijing.
Row 8: Union Bank of India's average CASA balances exceeded ₹24,000 crore.
Row 9: A precise current CASA ratio could not be found for Union Bank of India.
Row 10: Union Bank of India's CET1 was cited at 15.7%.
Row 11: Corporation Bank was amalgamated into Union Bank of India.
Row 12: Union Bank of India has an international presence in Dubai.
Row 13: FIIs hold an 8.63% institutional stake in Union Bank of India.
Row 14: Union Bank of India is rated by Fitch.
Row 15: Union Bank of India is exposed to funding and liquidity risk if its deposit-growth lag materializes.
Row 16: The Government of India owns roughly 74.76% of Union Bank of India.
Row 17: Union Bank of India has an international presence in Hong Kong.
Row 18: Fitch affirmed Union Bank of India's Long-Term Issuer Default Rating at BBB- Stable.
Row 19: Union Bank of India offers an MSME product suite.
Row 20: Union Bank of India is headquartered in Mumbai.
Row 21: Union Bank of India is headquartered at Union Bank Bhavan in Nariman Point.
Row 22: Union Bank of India posted a net interest margin of 2.80%.
Row 23: Union Bank of India's standalone net profit rose 29.5% year-on-year to ₹5,332 crore.
Row 24: Union Bank of India is regulated by the RBI.
Row 25: Retail investors hold a 4.63% stake in Union Bank of India.
Row 26: Union Bank of India offers a standard retail product suite.
Row 27: Union Bank of India is regulated by the SEBI.
Row 28: Union Bank of India has an international presence in Shanghai.
Row 29: Union Bank of India has an international presence in Sydney.
Row 30: Union Bank of India has an international presence in the UK.
Row 31: Union Bank of India holds a universal banking license.
Row 32: Fitch upgraded Union Bank of India's Viability Rating from bb- to bb.
Row 33: Union Bank of India is undergoing a digital-transformation push branded 'Vyom'.
Row 34: Union Bank of India's Q1 FY27 advances figures rest on a single social-media-sourced citation.
Row 35: Union Bank of India offers an agricultural product suite.
Row 36: Union Bank of India ran 8,621 branches as of March 2025.
Row 37: Union Bank of India posted a capital adequacy of 18.46%.
Row 38: Union Bank of India has capital headroom to pursue its stated 18-20% credit-growth target.
Row 39: Union Bank of India provides cash-management services.
Row 40: Union Bank of India offers a corporate product suite.
Row 41: Union Bank of India is exposed to ordinary credit risk.
Row 42: Union Bank of India saw deposit growth of just 3.50%.
Row 43: Union Bank of India's Q1 FY27 deposit growth figures rest on a single social-media-sourced citation.
Row 44: Union Bank of India's deposit-growth lag is flagged as a potential weakness.
Row 45: Union Bank of India provides forex services.
Row 46: Union Bank of India's gross NPA improved to 2.65%.
Row 47: Insurance entities hold a 6.70% institutional stake in Union Bank of India.
Row 48: Union Bank of India is exposed to interest-rate risk.
Row 49: Mutual funds hold a 4.73% institutional stake in Union Bank of India.
Row 50: Union Bank of India's net NPA stood at 0.47%.","Union Bank of India reported a standalone net profit increase of 29.5% year-on-year to ₹5,332 crore alongside a 12.50% growth in advances, though deposit growth lagged at 3.50%. The bank maintains a capital adequacy ratio of 18.46%, a CET1 ratio of 15.7%, and improved asset quality metrics with a gross NPA of 2.65% and net NPA of 0.47%.",Not relevant,"The assistant output discusses financial performance metrics like net profit, advances, and capital ratios, completely failing to address the user's specific request regarding government shareholding percentage and date.",
What was Union Bank of India's CASA ratio in the most recently reported quarter?,F_Simple,F_Simple,0.4957014209614541,simple_triplet,True,"[""Union Bank of India"", ""CASA ratio""]","[{""entity"": ""Union Bank of India"", ""matched_node_name"": ""Union Bank of India"", ""matched_id"": ""0775442e-71f2-4a4b-baad-9c4292bf268f"", ""matched_type"": ""COMPANY"", ""similarity"": 1.0, ""source"": ""gazetteer""}, {""entity"": ""CASA ratio"", ""matched_node_name"": ""CASA ratio"", ""matched_id"": ""f552ef12-cf71-4307-80e3-1eb10e256154"", ""matched_type"": ""METRIC"", ""similarity"": 1.0, ""source"": ""gazetteer""}]",What was <COMPANY>'s <METRIC> in the most recently reported quarter?,"{""nn1"": ""COMPANY"", ""prop1_list"": [], ""target_ids"": [""f552ef12-cf71-4307-80e3-1eb10e256154""], ""nnp1"": ""0775442e-71f2-4a4b-baad-9c4292bf268f""}","{""nnp1"": ""0775442e-71f2-4a4b-baad-9c4292bf268f"", ""nnp2"": ""f552ef12-cf71-4307-80e3-1eb10e256154"", ""nnp3"": null, ""prop1"": null, ""nn1"": ""COMPANY"", ""nn2"": ""METRIC"", ""threshold"": null, ""target_ids"": [""f552ef12-cf71-4307-80e3-1eb10e256154""], ""prop1_list"": []}",primary,1,"Template: simple_triplet (F_Simple)
Query intent: Simple question: subject linked to objects via a predicate.

Row 1: A precise current CASA ratio could not be found for Union Bank of India.","Available financial records do not provide a precise current CASA ratio for the Union Bank of India. Consequently, this specific metric cannot be confirmed at this time.",Not relevant,"The assistant output fails to provide the requested CASA ratio for Union Bank of India, instead stating that the metric is unavailable.",
What is Union Bank of India's net interest margin (NIM) for the latest reported period?,F_Simple,F_Simple,0.4559410416941235,simple_triplet,True,"[""Union Bank of India"", ""net interest margin""]","[{""entity"": ""Union Bank of India"", ""matched_node_name"": ""Union Bank of India"", ""matched_id"": ""0775442e-71f2-4a4b-baad-9c4292bf268f"", ""matched_type"": ""COMPANY"", ""similarity"": 1.0, ""source"": ""gazetteer""}, {""entity"": ""net interest margin"", ""matched_node_name"": ""Net interest margin"", ""matched_id"": ""ce0a12ce-b581-4229-a6b2-4d53c46e9d9d"", ""matched_type"": ""METRIC"", ""similarity"": 1.0, ""source"": ""gazetteer""}]",What is <COMPANY>'s <METRIC> (NIM) for the latest reported period?,"{""nn1"": ""COMPANY"", ""prop1_list"": [], ""target_ids"": [""ce0a12ce-b581-4229-a6b2-4d53c46e9d9d""], ""nnp1"": ""0775442e-71f2-4a4b-baad-9c4292bf268f""}","{""nnp1"": ""0775442e-71f2-4a4b-baad-9c4292bf268f"", ""nnp2"": ""ce0a12ce-b581-4229-a6b2-4d53c46e9d9d"", ""nnp3"": null, ""prop1"": null, ""nn1"": ""COMPANY"", ""nn2"": ""METRIC"", ""threshold"": null, ""target_ids"": [""ce0a12ce-b581-4229-a6b2-4d53c46e9d9d""], ""prop1_list"": []}",primary,1,"Template: simple_triplet (F_Simple)
Query intent: Simple question: subject linked to objects via a predicate.

Row 1: Union Bank of India posted a net interest margin of 2.80%.",Union Bank of India reported a net interest margin of 2.80%.,Relevant,The assistant output directly and accurately addresses the user request for Union Bank of India's net interest margin.,
What are Union Bank of India's gross NPA and net NPA ratios?,F_Simple,F_Simple,0.5339957873182645,simple_triplet,True,"[""Union Bank of India"", ""gross NPA"", ""net NPA""]","[{""entity"": ""Union Bank of India"", ""matched_node_name"": ""Union Bank of India"", ""matched_id"": ""0775442e-71f2-4a4b-baad-9c4292bf268f"", ""matched_type"": ""COMPANY"", ""similarity"": 1.0, ""source"": ""gazetteer""}, {""entity"": ""gross NPA"", ""matched_node_name"": ""gross NPA"", ""matched_id"": ""00c1065d-13f6-42fc-be09-d1a8be6780cd"", ""matched_type"": ""METRIC"", ""similarity"": 1.0, ""source"": ""gazetteer""}, {""entity"": ""net NPA"", ""matched_node_name"": ""net NPA"", ""matched_id"": ""4539ed7c-a229-4073-a946-c4b6498648c7"", ""matched_type"": ""METRIC"", ""similarity"": 1.0, ""source"": ""gazetteer""}]",What are <COMPANY>'s <METRIC> and <METRIC> ratios?,"{""nn1"": ""COMPANY"", ""prop1_list"": [], ""target_ids"": [""00c1065d-13f6-42fc-be09-d1a8be6780cd"", ""4539ed7c-a229-4073-a946-c4b6498648c7""], ""nnp1"": ""0775442e-71f2-4a4b-baad-9c4292bf268f""}","{""nnp1"": ""0775442e-71f2-4a4b-baad-9c4292bf268f"", ""nnp2"": ""00c1065d-13f6-42fc-be09-d1a8be6780cd"", ""nnp3"": null, ""prop1"": null, ""nn1"": ""COMPANY"", ""nn2"": ""METRIC"", ""threshold"": null, ""target_ids"": [""00c1065d-13f6-42fc-be09-d1a8be6780cd"", ""4539ed7c-a229-4073-a946-c4b6498648c7""], ""prop1_list"": []}",primary,2,"Template: simple_triplet (F_Simple)
Query intent: Simple question: subject linked to objects via a predicate.

Row 1: Union Bank of India's gross NPA improved to 2.65%.
Row 2: Union Bank of India's net NPA stood at 0.47%.","Union Bank of India reported an improved gross non-performing asset (NPA) ratio of 2.65%, alongside a net NPA standing at 0.47%.",Relevant,The assistant output directly and accurately provides both the gross NPA and net NPA ratios requested by the user.,
"What is Union Bank of India's capital adequacy ratio (CRAR), and its CET1 ratio if disclosed?",F_Simple,F_Simple,0.5026933839121343,simple_triplet,True,"[""Union Bank of India"", ""capital adequacy ratio"", ""CE""]","[{""entity"": ""Union Bank of India"", ""matched_node_name"": ""Union Bank of India"", ""matched_id"": ""0775442e-71f2-4a4b-baad-9c4292bf268f"", ""matched_type"": ""COMPANY"", ""similarity"": 1.0, ""source"": ""gazetteer""}, {""entity"": ""capital adequacy ratio"", ""matched_node_name"": ""capital adequacy ratio"", ""matched_id"": ""a9e7103c-2a43-4d54-94d2-0f9178dbb42e"", ""matched_type"": ""METRIC"", ""similarity"": 1.0, ""source"": ""gazetteer""}, {""entity"": ""CE"", ""matched_node_name"": ""NSE"", ""matched_id"": ""f991983e-e758-47f5-acbf-1afe822e5f20"", ""matched_type"": ""COMPANY"", ""similarity"": 0.6484348893165588, ""source"": ""semantic""}]","What is <COMPANY>'s <METRIC> (CRAR), and its <COMPANY>T1 ratio if disclosed?","{""nn1"": ""COMPANY"", ""prop1_list"": [], ""target_ids"": [""a9e7103c-2a43-4d54-94d2-0f9178dbb42e"", ""f991983e-e758-47f5-acbf-1afe822e5f20""], ""nnp1"": ""0775442e-71f2-4a4b-baad-9c4292bf268f""}","{""nnp1"": ""0775442e-71f2-4a4b-baad-9c4292bf268f"", ""nnp2"": ""f991983e-e758-47f5-acbf-1afe822e5f20"", ""nnp3"": null, ""prop1"": null, ""nn1"": ""COMPANY"", ""nn2"": ""COMPANY"", ""threshold"": null, ""target_ids"": [""a9e7103c-2a43-4d54-94d2-0f9178dbb42e"", ""f991983e-e758-47f5-acbf-1afe822e5f20""], ""prop1_list"": []}",primary,1,"Template: simple_triplet (F_Simple)
Query intent: Simple question: subject linked to objects via a predicate.

Row 1: Union Bank of India posted a capital adequacy of 18.46%.",Union Bank of India reported a capital adequacy ratio of 18.46%.,Somewhat relevant,The assistant output provides the capital adequacy ratio but fails to mention the CET1 ratio requested by the user.,
What are Union Bank of India's return on assets (ROA) and return on equity (ROE) for the latest quarter?,F_Simple,F_Simple,0.6404601230266839,simple_triplet,True,"[""Union Bank of India"", ""return on assets"", ""return on equity""]","[{""entity"": ""Union Bank of India"", ""matched_node_name"": ""Union Bank of India"", ""matched_id"": ""0775442e-71f2-4a4b-baad-9c4292bf268f"", ""matched_type"": ""COMPANY"", ""similarity"": 1.0, ""source"": ""gazetteer""}, {""entity"": ""return on assets"", ""matched_node_name"": ""return on assets"", ""matched_id"": ""dd83a8a6-2dd2-4407-9d71-917240c66c55"", ""matched_type"": ""METRIC"", ""similarity"": 1.0, ""source"": ""gazetteer""}, {""entity"": ""return on equity"", ""matched_node_name"": ""return on equity"", ""matched_id"": ""4c4c7086-00d6-4850-9bcd-ae7c8e8479a8"", ""matched_type"": ""METRIC"", ""similarity"": 1.0, ""source"": ""gazetteer""}]",What are <COMPANY>'s <METRIC> (ROA) and <METRIC> (ROE) for the latest quarter?,"{""nn1"": ""COMPANY"", ""prop1_list"": [], ""target_ids"": [""dd83a8a6-2dd2-4407-9d71-917240c66c55"", ""4c4c7086-00d6-4850-9bcd-ae7c8e8479a8""], ""nnp1"": ""0775442e-71f2-4a4b-baad-9c4292bf268f""}","{""nnp1"": ""0775442e-71f2-4a4b-baad-9c4292bf268f"", ""nnp2"": ""dd83a8a6-2dd2-4407-9d71-917240c66c55"", ""nnp3"": null, ""prop1"": null, ""nn1"": ""COMPANY"", ""nn2"": ""METRIC"", ""threshold"": null, ""target_ids"": [""dd83a8a6-2dd2-4407-9d71-917240c66c55"", ""4c4c7086-00d6-4850-9bcd-ae7c8e8479a8""], ""prop1_list"": []}",primary,1,"Template: simple_triplet (F_Simple)
Query intent: Simple question: subject linked to objects via a predicate.

Row 1: Union Bank of India posted a return on assets of 1.36% for three consecutive quarters.",Union Bank of India achieved a return on assets of 1.36% across three consecutive quarters.,Somewhat relevant,The output provides the return on assets (ROA) but misses the return on equity (ROE) requested by the user.,
What was Union Bank of India's total advances (loan book) and deposit growth in the latest quarter?,F_Simple,F_Simple,0.5786835426932809,simple_triplet,True,"[""Union Bank of India"", ""total advances"", ""deposit growth""]","[{""entity"": ""Union Bank of India"", ""matched_node_name"": ""Union Bank of India"", ""matched_id"": ""0775442e-71f2-4a4b-baad-9c4292bf268f"", ""matched_type"": ""COMPANY"", ""similarity"": 1.0, ""source"": ""gazetteer""}, {""entity"": ""total advances"", ""matched_node_name"": ""Total Advances"", ""matched_id"": ""96dbb53b-28f6-42c3-96e5-77dc48c86818"", ""matched_type"": ""METRIC"", ""similarity"": 1.0, ""source"": ""gazetteer""}, {""entity"": ""deposit growth"", ""matched_node_name"": ""deposit growth"", ""matched_id"": ""74d2ba68-dde6-485e-ad5d-c3483d1ec0d8"", ""matched_type"": ""METRIC"", ""similarity"": 1.0, ""source"": ""gazetteer""}]",What was <COMPANY>'s <METRIC> (loan book) and <METRIC> in the latest quarter?,"{""nn1"": ""COMPANY"", ""prop1_list"": [], ""target_ids"": [""96dbb53b-28f6-42c3-96e5-77dc48c86818"", ""74d2ba68-dde6-485e-ad5d-c3483d1ec0d8""], ""nnp1"": ""0775442e-71f2-4a4b-baad-9c4292bf268f""}","{""nnp1"": ""0775442e-71f2-4a4b-baad-9c4292bf268f"", ""nnp2"": ""96dbb53b-28f6-42c3-96e5-77dc48c86818"", ""nnp3"": null, ""prop1"": null, ""nn1"": ""COMPANY"", ""nn2"": ""METRIC"", ""threshold"": null, ""target_ids"": [""96dbb53b-28f6-42c3-96e5-77dc48c86818"", ""74d2ba68-dde6-485e-ad5d-c3483d1ec0d8""], ""prop1_list"": []}",primary,2,"Template: simple_triplet (F_Simple)
Query intent: Simple question: subject linked to objects via a predicate.

Row 1: Union Bank of India's Q1 FY27 deposit growth figures rest on a single social-media-sourced citation.
Row 2: Union Bank of India saw deposit growth of just 3.50%.","Union Bank of India experienced a deposit growth of just 3.50% for the first quarter of fiscal year 27. However, this reported figure is based entirely on a single social-media-sourced citation.",Somewhat relevant,The assistant output provides deposit growth for the specified quarter but completely misses the requested information regarding total advances and loan book figures.,
"What products and services does Union Bank of India offer, and which customer segments does it serve?",F_Simple,F_Simple,0.6085853750573809,simple_triplet,True,"[""Union Bank of India""]","[{""entity"": ""Union Bank of India"", ""matched_node_name"": ""Union Bank of India"", ""matched_id"": ""0775442e-71f2-4a4b-baad-9c4292bf268f"", ""matched_type"": ""COMPANY"", ""similarity"": 1.0, ""source"": ""gazetteer""}]","What products and services does <COMPANY> offer, and which customer segments does it serve?","{""nn1"": ""COMPANY"", ""prop1_list"": [""OFFERS_PRODUCT"", ""SERVES""], ""target_ids"": [], ""nnp1"": ""0775442e-71f2-4a4b-baad-9c4292bf268f""}","{""nnp1"": ""0775442e-71f2-4a4b-baad-9c4292bf268f"", ""nnp2"": null, ""nnp3"": null, ""prop1"": ""SERVES"", ""nn1"": ""COMPANY"", ""nn2"": null, ""threshold"": null, ""target_ids"": [], ""prop1_list"": [""OFFERS_PRODUCT"", ""SERVES""]}",primary,4,"Template: simple_triplet (F_Simple)
Query intent: Simple question: subject linked to objects via a predicate.

Row 1: Union Bank of India offers an MSME product suite.
Row 2: Union Bank of India offers a standard retail product suite.
Row 3: Union Bank of India offers an agricultural product suite.
Row 4: Union Bank of India offers a corporate product suite.","Union Bank of India provides a comprehensive range of offerings tailored to various sectors, including dedicated product suites for MSMEs, retail customers, agriculture, and corporate clients.",Relevant,The assistant output directly addresses both parts of the user request by identifying the bank's products and services as well as the specific customer segments it serves.,
What is Bank of India's ticker symbol and on which exchange(s) does it trade?,F_Simple,F_Simple,0.5660659596990265,simple_triplet,True,"[""Bank of India""]","[{""entity"": ""Bank of India"", ""matched_node_name"": ""Bank of India"", ""matched_id"": ""449a67f4-f12a-4e7e-8301-f545be3cbdb7"", ""matched_type"": ""COMPANY"", ""similarity"": 1.0, ""source"": ""gazetteer""}]",What is <COMPANY>'s ticker symbol and on which exchange(s) does it trade?,"{""nn1"": ""COMPANY"", ""prop1_list"": [], ""target_ids"": [], ""nnp1"": ""449a67f4-f12a-4e7e-8301-f545be3cbdb7""}","{""nnp1"": ""449a67f4-f12a-4e7e-8301-f545be3cbdb7"", ""nnp2"": null, ""nnp3"": null, ""prop1"": null, ""nn1"": ""COMPANY"", ""nn2"": null, ""threshold"": null, ""target_ids"": [], ""prop1_list"": []}",primary,39,"Template: simple_triplet (F_Simple)
Query intent: Simple question: subject linked to objects via a predicate.

Row 1: Bank of India operates 8,166 domestic ATMs as part of its network.
Row 2: Bank of India is headquartered at the Bandra Kurla Complex.
Row 3: Bank of India reported a reasonably stable CASA ratio of 36.68% in Q1 FY27.
Row 4: Bank of India reported an 18.84% year-on-year growth in global advances, reaching ₹7.98 lakh crore.
Row 5: Bank of India's global deposits grew by 14.90% to reach ₹9.58 lakh crore.
Row 6: Bank of India is a Government of India-owned bank, with ownership cited at 73.38%.
Row 7: Bank of India offers standard products tailored to serve its MSME customers.
Row 8: Bank of India is headquartered in Maharashtra.
Row 9: Bank of India is headquartered in Mumbai.
Row 10: Bank of India reported a global net interest margin of 2.52% in Q1 FY27.
Row 11: Rajneesh Karnatak is the MD & CEO of Bank of India.
Row 12: Bank of India is formally regulated by the Reserve Bank of India (RBI).
Row 13: Bank of India offers the standard range of products to serve its retail customers.
Row 14: Bank of India is regulated by the Securities and Exchange Board of India (SEBI).
Row 15: Bank of India holds a universal banking license.
Row 16: Bank of India offers standard products to serve its agricultural customers.
Row 17: Bank of India's strongest and most directly evidenced point this quarter was its significant asset-quality improvement.
Row 18: Bank of India utilizes a domestic distribution channel consisting of 5,202 branches.
Row 19: Bank of India improved its capital adequacy ratio to 18.69% in Q1 FY27.
Row 20: Bank of India provides cash-management services.
Row 21: Bank of India reported a consolidated net profit of ₹1,747.39 crore, showing an unresolved inconsistency with its standalone figure.
Row 22: Bank of India offers standard products designed to serve its corporate customers.
Row 23: Bank of India reported a cost-to-income ratio of 46.3% in Q1 FY27.
Row 24: Bank of India reported a very low credit cost of 0.15% this quarter.
Row 25: Bank of India is exposed to ordinary credit risk.
Row 26: Bank of India displays a potential weakness regarding disclosure consistency between standalone and consolidated reporting.
Row 27: Bank of India reported domestic gross advances increased by 19.20% to ₹6.74 lakh crore.
Row 28: Bank of India provides forex services.
Row 29: Bank of India reported that its gross NPA fell by 111 basis points year-on-year to 1.81%.
Row 30: Bank of India remains exposed to general interest-rate risk.
Row 31: Bank of India's net NPA decreased by 24 basis points to 0.51%.
Row 32: Bank of India's net interest income grew 12.61% to reach ₹6,833 crore.
Row 33: Bank of India maintains a strong provision coverage ratio of 93.63%.
Row 34: Bank of India is subject to ordinary regulatory risk.
Row 35: Bank of India reported a return on assets of 1.01% in Q1 FY27.
Row 36: Bank of India reported a very low slippage ratio of 0.24% for the quarter.
Row 37: Bank of India reported a 36.23% year-on-year rise in standalone net profit, reaching ₹3,068 crore.
Row 38: Bank of India provides trade finance services to its customers.
Row 39: Bank of India provides treasury services.","Bank of India, a government-owned institution regulated by the RBI and SEBI, demonstrated solid financial performance in Q1 FY27 with a standalone net profit of ₹3,068 crore, robust global advances growth of 18.84% to reach ₹7.98 lakh crore, and significant asset-quality improvements that included a gross NPA reduction to 1.81%. The bank operates an extensive distribution network comprising 5,202 branches and 8,166 domestic ATMs while maintaining a stable CASA ratio of 36.68% and a capital adequacy ratio of 18.69%.",Not relevant,The assistant output provides financial performance and operational metrics of Bank of India but completely fails to answer the user's question regarding its ticker symbol and stock exchange.,
What was Bank of India's CASA ratio in the most recently reported quarter?,F_Simple,F_Simple,0.4957014209614541,simple_triplet,True,"[""Bank of India"", ""CASA ratio""]","[{""entity"": ""Bank of India"", ""matched_node_name"": ""Bank of India"", ""matched_id"": ""449a67f4-f12a-4e7e-8301-f545be3cbdb7"", ""matched_type"": ""COMPANY"", ""similarity"": 1.0, ""source"": ""gazetteer""}, {""entity"": ""CASA ratio"", ""matched_node_name"": ""CASA ratio"", ""matched_id"": ""f552ef12-cf71-4307-80e3-1eb10e256154"", ""matched_type"": ""METRIC"", ""similarity"": 1.0, ""source"": ""gazetteer""}]",What was <COMPANY>'s <METRIC> in the most recently reported quarter?,"{""nn1"": ""COMPANY"", ""prop1_list"": [], ""target_ids"": [""f552ef12-cf71-4307-80e3-1eb10e256154""], ""nnp1"": ""449a67f4-f12a-4e7e-8301-f545be3cbdb7""}","{""nnp1"": ""449a67f4-f12a-4e7e-8301-f545be3cbdb7"", ""nnp2"": ""f552ef12-cf71-4307-80e3-1eb10e256154"", ""nnp3"": null, ""prop1"": null, ""nn1"": ""COMPANY"", ""nn2"": ""METRIC"", ""threshold"": null, ""target_ids"": [""f552ef12-cf71-4307-80e3-1eb10e256154""], ""prop1_list"": []}",primary,1,"Template: simple_triplet (F_Simple)
Query intent: Simple question: subject linked to objects via a predicate.

Row 1: Bank of India reported a reasonably stable CASA ratio of 36.68% in Q1 FY27.",Bank of India reported a reasonably stable CASA ratio of 36.68% during the first quarter of fiscal year 2027.,Relevant,The assistant directly addresses the user request by providing Bank of India's CASA ratio for the most recently reported quarter.,
What is Bank of India's net interest margin (NIM) for the latest reported period?,F_Simple,F_Simple,0.4559410416941235,simple_triplet,True,"[""Bank of India"", ""net interest margin""]","[{""entity"": ""Bank of India"", ""matched_node_name"": ""Bank of India"", ""matched_id"": ""449a67f4-f12a-4e7e-8301-f545be3cbdb7"", ""matched_type"": ""COMPANY"", ""similarity"": 1.0, ""source"": ""gazetteer""}, {""entity"": ""net interest margin"", ""matched_node_name"": ""Net interest margin"", ""matched_id"": ""ce0a12ce-b581-4229-a6b2-4d53c46e9d9d"", ""matched_type"": ""METRIC"", ""similarity"": 1.0, ""source"": ""gazetteer""}]",What is <COMPANY>'s <METRIC> (NIM) for the latest reported period?,"{""nn1"": ""COMPANY"", ""prop1_list"": [], ""target_ids"": [""ce0a12ce-b581-4229-a6b2-4d53c46e9d9d""], ""nnp1"": ""449a67f4-f12a-4e7e-8301-f545be3cbdb7""}","{""nnp1"": ""449a67f4-f12a-4e7e-8301-f545be3cbdb7"", ""nnp2"": ""ce0a12ce-b581-4229-a6b2-4d53c46e9d9d"", ""nnp3"": null, ""prop1"": null, ""nn1"": ""COMPANY"", ""nn2"": ""METRIC"", ""threshold"": null, ""target_ids"": [""ce0a12ce-b581-4229-a6b2-4d53c46e9d9d""], ""prop1_list"": []}",primary,1,"Template: simple_triplet (F_Simple)
Query intent: Simple question: subject linked to objects via a predicate.

Row 1: Bank of India reported a global net interest margin of 2.52% in Q1 FY27.",Bank of India reported a global net interest margin of 2.52% for the first quarter of fiscal year 2027.,Relevant,The assistant output directly and accurately addresses the user request by providing Bank of India's net interest margin for the latest reported period.,
What are Bank of India's gross NPA and net NPA ratios?,F_Simple,F_Simple,0.5339957873182645,simple_triplet,True,"[""Bank of India"", ""gross NPA"", ""net NPA""]","[{""entity"": ""Bank of India"", ""matched_node_name"": ""Bank of India"", ""matched_id"": ""449a67f4-f12a-4e7e-8301-f545be3cbdb7"", ""matched_type"": ""COMPANY"", ""similarity"": 1.0, ""source"": ""gazetteer""}, {""entity"": ""gross NPA"", ""matched_node_name"": ""gross NPA"", ""matched_id"": ""00c1065d-13f6-42fc-be09-d1a8be6780cd"", ""matched_type"": ""METRIC"", ""similarity"": 1.0, ""source"": ""gazetteer""}, {""entity"": ""net NPA"", ""matched_node_name"": ""net NPA"", ""matched_id"": ""4539ed7c-a229-4073-a946-c4b6498648c7"", ""matched_type"": ""METRIC"", ""similarity"": 1.0, ""source"": ""gazetteer""}]",What are <COMPANY>'s <METRIC> and <METRIC> ratios?,"{""nn1"": ""COMPANY"", ""prop1_list"": [], ""target_ids"": [""00c1065d-13f6-42fc-be09-d1a8be6780cd"", ""4539ed7c-a229-4073-a946-c4b6498648c7""], ""nnp1"": ""449a67f4-f12a-4e7e-8301-f545be3cbdb7""}","{""nnp1"": ""449a67f4-f12a-4e7e-8301-f545be3cbdb7"", ""nnp2"": ""00c1065d-13f6-42fc-be09-d1a8be6780cd"", ""nnp3"": null, ""prop1"": null, ""nn1"": ""COMPANY"", ""nn2"": ""METRIC"", ""threshold"": null, ""target_ids"": [""00c1065d-13f6-42fc-be09-d1a8be6780cd"", ""4539ed7c-a229-4073-a946-c4b6498648c7""], ""prop1_list"": []}",primary,2,"Template: simple_triplet (F_Simple)
Query intent: Simple question: subject linked to objects via a predicate.

Row 1: Bank of India reported that its gross NPA fell by 111 basis points year-on-year to 1.81%.
Row 2: Bank of India's net NPA decreased by 24 basis points to 0.51%.","Bank of India reported a year-on-year improvement in asset quality, with its gross NPA falling by 111 basis points to 1.81%. Additionally, the bank's net NPA decreased by 24 basis points to 0.51%.",Relevant,The assistant output directly provides both the gross NPA and net NPA ratios requested by the user.,
"What is Bank of India's capital adequacy ratio (CRAR), and its CET1 ratio if disclosed?",F_Simple,F_Simple,0.5026933839121343,simple_triplet,True,"[""Bank of India"", ""capital adequacy ratio"", ""CE""]","[{""entity"": ""Bank of India"", ""matched_node_name"": ""Bank of India"", ""matched_id"": ""449a67f4-f12a-4e7e-8301-f545be3cbdb7"", ""matched_type"": ""COMPANY"", ""similarity"": 1.0, ""source"": ""gazetteer""}, {""entity"": ""capital adequacy ratio"", ""matched_node_name"": ""capital adequacy ratio"", ""matched_id"": ""a9e7103c-2a43-4d54-94d2-0f9178dbb42e"", ""matched_type"": ""METRIC"", ""similarity"": 1.0, ""source"": ""gazetteer""}, {""entity"": ""CE"", ""matched_node_name"": ""NSE"", ""matched_id"": ""f991983e-e758-47f5-acbf-1afe822e5f20"", ""matched_type"": ""COMPANY"", ""similarity"": 0.6484348893165588, ""source"": ""semantic""}]","What is <COMPANY>'s <METRIC> (CRAR), and its <COMPANY>T1 ratio if disclosed?","{""nn1"": ""COMPANY"", ""prop1_list"": [], ""target_ids"": [""a9e7103c-2a43-4d54-94d2-0f9178dbb42e"", ""f991983e-e758-47f5-acbf-1afe822e5f20""], ""nnp1"": ""449a67f4-f12a-4e7e-8301-f545be3cbdb7""}","{""nnp1"": ""449a67f4-f12a-4e7e-8301-f545be3cbdb7"", ""nnp2"": ""f991983e-e758-47f5-acbf-1afe822e5f20"", ""nnp3"": null, ""prop1"": null, ""nn1"": ""COMPANY"", ""nn2"": ""COMPANY"", ""threshold"": null, ""target_ids"": [""a9e7103c-2a43-4d54-94d2-0f9178dbb42e"", ""f991983e-e758-47f5-acbf-1afe822e5f20""], ""prop1_list"": []}",primary,1,"Template: simple_triplet (F_Simple)
Query intent: Simple question: subject linked to objects via a predicate.

Row 1: Bank of India improved its capital adequacy ratio to 18.69% in Q1 FY27.",Bank of India strengthened its financial position by increasing its capital adequacy ratio to 18.69% in the first quarter of fiscal year 2027. This improvement highlights the institution's enhanced loss-absorbing capacity during the period.,Somewhat relevant,The assistant output provides Bank of India's capital adequacy ratio but fails to mention the CET1 ratio as requested by the user.,
What are Bank of India's return on assets (ROA) and return on equity (ROE) for the latest quarter?,F_Simple,F_Simple,0.6404601230266839,simple_triplet,True,"[""Bank of India"", ""return on assets"", ""return on equity""]","[{""entity"": ""Bank of India"", ""matched_node_name"": ""Bank of India"", ""matched_id"": ""449a67f4-f12a-4e7e-8301-f545be3cbdb7"", ""matched_type"": ""COMPANY"", ""similarity"": 1.0, ""source"": ""gazetteer""}, {""entity"": ""return on assets"", ""matched_node_name"": ""return on assets"", ""matched_id"": ""dd83a8a6-2dd2-4407-9d71-917240c66c55"", ""matched_type"": ""METRIC"", ""similarity"": 1.0, ""source"": ""gazetteer""}, {""entity"": ""return on equity"", ""matched_node_name"": ""return on equity"", ""matched_id"": ""4c4c7086-00d6-4850-9bcd-ae7c8e8479a8"", ""matched_type"": ""METRIC"", ""similarity"": 1.0, ""source"": ""gazetteer""}]",What are <COMPANY>'s <METRIC> (ROA) and <METRIC> (ROE) for the latest quarter?,"{""nn1"": ""COMPANY"", ""prop1_list"": [], ""target_ids"": [""dd83a8a6-2dd2-4407-9d71-917240c66c55"", ""4c4c7086-00d6-4850-9bcd-ae7c8e8479a8""], ""nnp1"": ""449a67f4-f12a-4e7e-8301-f545be3cbdb7""}","{""nnp1"": ""449a67f4-f12a-4e7e-8301-f545be3cbdb7"", ""nnp2"": ""dd83a8a6-2dd2-4407-9d71-917240c66c55"", ""nnp3"": null, ""prop1"": null, ""nn1"": ""COMPANY"", ""nn2"": ""METRIC"", ""threshold"": null, ""target_ids"": [""dd83a8a6-2dd2-4407-9d71-917240c66c55"", ""4c4c7086-00d6-4850-9bcd-ae7c8e8479a8""], ""prop1_list"": []}",primary,1,"Template: simple_triplet (F_Simple)
Query intent: Simple question: subject linked to objects via a predicate.

Row 1: Bank of India reported a return on assets of 1.01% in Q1 FY27.",Bank of India reported a return on assets of 1.01% for the first quarter of fiscal year 2027.,Somewhat relevant,The assistant output provides the return on assets (ROA) for the latest quarter but fails to provide the return on equity (ROE) as requested.,
What was Bank of India's total advances (loan book) and deposit growth in the latest quarter?,F_Simple,F_Simple,0.5786835426932809,simple_triplet,True,"[""Bank of India"", ""total advances"", ""deposit growth""]","[{""entity"": ""Bank of India"", ""matched_node_name"": ""Bank of India"", ""matched_id"": ""449a67f4-f12a-4e7e-8301-f545be3cbdb7"", ""matched_type"": ""COMPANY"", ""similarity"": 1.0, ""source"": ""gazetteer""}, {""entity"": ""total advances"", ""matched_node_name"": ""Total Advances"", ""matched_id"": ""96dbb53b-28f6-42c3-96e5-77dc48c86818"", ""matched_type"": ""METRIC"", ""similarity"": 1.0, ""source"": ""gazetteer""}, {""entity"": ""deposit growth"", ""matched_node_name"": ""deposit growth"", ""matched_id"": ""74d2ba68-dde6-485e-ad5d-c3483d1ec0d8"", ""matched_type"": ""METRIC"", ""similarity"": 1.0, ""source"": ""gazetteer""}]",What was <COMPANY>'s <METRIC> (loan book) and <METRIC> in the latest quarter?,"{""nn1"": ""COMPANY"", ""prop1_list"": [], ""target_ids"": [""96dbb53b-28f6-42c3-96e5-77dc48c86818"", ""74d2ba68-dde6-485e-ad5d-c3483d1ec0d8""], ""nnp1"": ""449a67f4-f12a-4e7e-8301-f545be3cbdb7""}","{""nnp1"": ""449a67f4-f12a-4e7e-8301-f545be3cbdb7"", ""nnp2"": ""96dbb53b-28f6-42c3-96e5-77dc48c86818"", ""nnp3"": null, ""prop1"": null, ""nn1"": ""COMPANY"", ""nn2"": ""METRIC"", ""threshold"": null, ""target_ids"": [""96dbb53b-28f6-42c3-96e5-77dc48c86818"", ""74d2ba68-dde6-485e-ad5d-c3483d1ec0d8""], ""prop1_list"": []}",relaxed_direction,39,"Template: simple_triplet (F_Simple)
Query intent: Simple question: subject linked to objects via a predicate.

Row 1: Bank of India provides trade finance services to its customers.
Row 2: Bank of India provides treasury services.
Row 3: Bank of India provides forex services.
Row 4: Bank of India provides cash-management services.
Row 5: Bank of India offers standard products tailored to serve its MSME customers.
Row 6: Bank of India utilizes a domestic distribution channel consisting of 5,202 branches.
Row 7: Bank of India operates 8,166 domestic ATMs as part of its network.
Row 8: Bank of India reported a reasonably stable CASA ratio of 36.68% in Q1 FY27.
Row 9: Bank of India's net interest income grew 12.61% to reach ₹6,833 crore.
Row 10: Bank of India is exposed to ordinary credit risk.
Row 11: Bank of India remains exposed to general interest-rate risk.
Row 12: Bank of India is subject to ordinary regulatory risk.
Row 13: Bank of India reported a return on assets of 1.01% in Q1 FY27.
Row 14: Bank of India reported a cost-to-income ratio of 46.3% in Q1 FY27.
Row 15: Bank of India reported that its gross NPA fell by 111 basis points year-on-year to 1.81%.
Row 16: Bank of India's net NPA decreased by 24 basis points to 0.51%.
Row 17: Bank of India maintains a strong provision coverage ratio of 93.63%.
Row 18: Bank of India improved its capital adequacy ratio to 18.69% in Q1 FY27.
Row 19: Bank of India holds a universal banking license.
Row 20: Bank of India reported a global net interest margin of 2.52% in Q1 FY27.
Row 21: Bank of India offers the standard range of products to serve its retail customers.
Row 22: Bank of India reported an 18.84% year-on-year growth in global advances, reaching ₹7.98 lakh crore.
Row 23: Bank of India's global deposits grew by 14.90% to reach ₹9.58 lakh crore.
Row 24: Bank of India offers standard products to serve its agricultural customers.
Row 25: Bank of India offers standard products designed to serve its corporate customers.
Row 26: Bank of India is headquartered at the Bandra Kurla Complex.
Row 27: Bank of India reported domestic gross advances increased by 19.20% to ₹6.74 lakh crore.
Row 28: Bank of India reported a consolidated net profit of ₹1,747.39 crore, showing an unresolved inconsistency with its standalone figure.
Row 29: Bank of India reported a 36.23% year-on-year rise in standalone net profit, reaching ₹3,068 crore.
Row 30: Bank of India's strongest and most directly evidenced point this quarter was its significant asset-quality improvement.
Row 31: Bank of India reported a very low credit cost of 0.15% this quarter.
Row 32: Bank of India reported a very low slippage ratio of 0.24% for the quarter.
Row 33: Bank of India displays a potential weakness regarding disclosure consistency between standalone and consolidated reporting.
Row 34: Bank of India is formally regulated by the Reserve Bank of India (RBI).
Row 35: Bank of India is regulated by the Securities and Exchange Board of India (SEBI).
Row 36: Bank of India is headquartered in Mumbai.
Row 37: Bank of India is headquartered in Maharashtra.
Row 38: Rajneesh Karnatak is the MD & CEO of Bank of India.
Row 39: Bank of India is a Government of India-owned bank, with ownership cited at 73.38%.","Bank of India delivered strong financial performance in Q1 FY27, reporting a 36.23% year-on-year increase in standalone net profit to ₹3,068 crore alongside significant asset-quality improvements that included a gross NPA reduction to 1.81%. The institution maintains a robust domestic presence supported by 5,202 branches and 8,166 ATMs, while offering comprehensive corporate, retail, MSME, and agricultural banking services.",Not relevant,The assistant output discusses net profit and asset quality but completely fails to provide information on total advances and deposit growth.,
"What credit ratings has Bank of India received, and from which rating agencies?",F_Simple,F_Simple,0.5428842858605917,simple_triplet,True,"[""Bank of India""]","[{""entity"": ""Bank of India"", ""matched_node_name"": ""Bank of India"", ""matched_id"": ""449a67f4-f12a-4e7e-8301-f545be3cbdb7"", ""matched_type"": ""COMPANY"", ""similarity"": 1.0, ""source"": ""gazetteer""}]","What credit ratings has <COMPANY> received, and from which rating agencies?","{""nn1"": ""COMPANY"", ""prop1_list"": [""HAS_RATING""], ""target_ids"": [], ""nnp1"": ""449a67f4-f12a-4e7e-8301-f545be3cbdb7""}","{""nnp1"": ""449a67f4-f12a-4e7e-8301-f545be3cbdb7"", ""nnp2"": null, ""nnp3"": null, ""prop1"": ""HAS_RATING"", ""nn1"": ""COMPANY"", ""nn2"": null, ""threshold"": null, ""target_ids"": [], ""prop1_list"": [""HAS_RATING""]}",attribute_lookup,8,"Template: simple_triplet (F_Simple)
Query intent: Simple question: subject linked to objects via a predicate.

Row 1: Bank of India's banking_segment is Public Sector Bank
Row 2: Bank of India's country is India
Row 3: Bank of India's description is Bank of India, headquartered at the Bandra Kurla Complex in Mumbai, Maharashtra, is a Government of India-owned universal bank with a sizeable international operation relative to its balance sheet.
Row 4: Bank of India's exchange is NSE and BSE
Row 5: Bank of India's legal_name is Bank of India
Row 6: Bank of India's listed is True
Row 7: Bank of India's sector is Banking
Row 8: Bank of India's ticker is BANKINDIA","Bank of India is a government-owned public sector universal bank headquartered in Mumbai, Maharashtra, with significant international operations. The institution operates within the banking sector and is publicly listed on both the NSE and BSE under the ticker symbol BANKINDIA.",Not relevant,The assistant output provides general background information about the Bank of India but completely fails to mention its credit ratings or the rating agencies that issued them.,
"Roughly how many branches and ATMs does Bank of India operate, and as of what date?",F_QuantCount,F_QuantCount,0.5789900185289873,quant_count,True,"[""ATMs"", ""Bank of India""]","[{""entity"": ""ATMs"", ""matched_node_name"": ""ATMs"", ""matched_id"": ""1d9af7d1-80d1-4631-9a7a-7765335565d0"", ""matched_type"": ""DISTRIBUTIONCHANNEL"", ""similarity"": 1.0, ""source"": ""gazetteer""}, {""entity"": ""Bank of India"", ""matched_node_name"": ""Bank of India"", ""matched_id"": ""449a67f4-f12a-4e7e-8301-f545be3cbdb7"", ""matched_type"": ""COMPANY"", ""similarity"": 1.0, ""source"": ""gazetteer""}]","Roughly how many branches and <DISTRIBUTIONCHANNEL> does <COMPANY> operate, and as of what date?","{""nn1"": ""COMPANY"", ""nn2"": ""DISTRIBUTIONCHANNEL"", ""prop1"": null, ""nnp1"": ""449a67f4-f12a-4e7e-8301-f545be3cbdb7""}","{""nnp1"": ""449a67f4-f12a-4e7e-8301-f545be3cbdb7"", ""nnp2"": ""1d9af7d1-80d1-4631-9a7a-7765335565d0"", ""nnp3"": null, ""prop1"": null, ""nn1"": ""COMPANY"", ""nn2"": ""DISTRIBUTIONCHANNEL"", ""threshold"": null, ""target_ids"": [""1d9af7d1-80d1-4631-9a7a-7765335565d0""], ""prop1_list"": []}",primary,1,"Template: quant_count (F_QuantCount)
Query intent: Count related objects for a subject entity.

Row 1: subject_name=Bank of India | object_count=2 (2 facts)
  - Bank of India utilizes a domestic distribution channel consisting of 5,202 branches.
  - Bank of India operates 8,166 domestic ATMs as part of its network.","Bank of India operates a domestic distribution network that includes 5,202 branches and 8,166 domestic ATMs.",Somewhat relevant,The assistant output provides the number of branches and ATMs but fails to specify the date as requested by the user.,
"What products and services does Bank of India offer, and which customer segments does it serve?",F_Simple,F_Simple,0.6085853750573809,simple_triplet,True,"[""Bank of India""]","[{""entity"": ""Bank of India"", ""matched_node_name"": ""Bank of India"", ""matched_id"": ""449a67f4-f12a-4e7e-8301-f545be3cbdb7"", ""matched_type"": ""COMPANY"", ""similarity"": 1.0, ""source"": ""gazetteer""}]","What products and services does <COMPANY> offer, and which customer segments does it serve?","{""nn1"": ""COMPANY"", ""prop1_list"": [""OFFERS_PRODUCT"", ""SERVES""], ""target_ids"": [], ""nnp1"": ""449a67f4-f12a-4e7e-8301-f545be3cbdb7""}","{""nnp1"": ""449a67f4-f12a-4e7e-8301-f545be3cbdb7"", ""nnp2"": null, ""nnp3"": null, ""prop1"": ""SERVES"", ""nn1"": ""COMPANY"", ""nn2"": null, ""threshold"": null, ""target_ids"": [], ""prop1_list"": [""OFFERS_PRODUCT"", ""SERVES""]}",primary,4,"Template: simple_triplet (F_Simple)
Query intent: Simple question: subject linked to objects via a predicate.

Row 1: Bank of India offers standard products tailored to serve its MSME customers.
Row 2: Bank of India offers the standard range of products to serve its retail customers.
Row 3: Bank of India offers standard products to serve its agricultural customers.
Row 4: Bank of India offers standard products designed to serve its corporate customers.","Bank of India provides standard products designed to serve its MSME, retail, agricultural, and corporate customers.",Somewhat relevant,The assistant output mentions the customer segments served but fails to provide a detailed overview of the specific products and services offered.,
What is Indian Bank's ticker symbol and on which exchange(s) does it trade?,F_Simple,F_Simple,0.5660659596990265,simple_triplet,True,"[""Indian Bank""]","[{""entity"": ""Indian Bank"", ""matched_node_name"": ""Indian Bank"", ""matched_id"": ""bc5697b2-9b93-435d-8f41-2f024b80817a"", ""matched_type"": ""COMPANY"", ""similarity"": 1.0, ""source"": ""gazetteer""}]",What is <COMPANY>'s ticker symbol and on which exchange(s) does it trade?,"{""nn1"": ""COMPANY"", ""prop1_list"": [], ""target_ids"": [], ""nnp1"": ""bc5697b2-9b93-435d-8f41-2f024b80817a""}","{""nnp1"": ""bc5697b2-9b93-435d-8f41-2f024b80817a"", ""nnp2"": null, ""nnp3"": null, ""prop1"": null, ""nn1"": ""COMPANY"", ""nn2"": null, ""threshold"": null, ""target_ids"": [], ""prop1_list"": []}",primary,50,"Template: simple_triplet (F_Simple)
Query intent: Simple question: subject linked to objects via a predicate.

Row 1: Indian Bank holds an A1+ rating from CRISIL on its certificate-of-deposit programme.
Row 2: Indian Bank holds an AA+ Stable credit rating from CRISIL on its Additional Tier I bonds.
Row 3: Indian Bank maintains an AAA Stable credit rating from CRISIL on its Tier II Basel III bonds and infrastructure bonds.
Row 4: Indian Bank uses Additional Tier I Bonds as a funding source.
Row 5: Indian Bank deploys 5,657 ATMs and cash-recycling machines for customer transactions.
Row 6: Indian Bank merged with Allahabad Bank to become the seventh-largest PSU bank.
Row 7: Binod Kumar assumed the leadership role of MD & CEO at Indian Bank.
Row 8: Indian Bank's margin is supported by strategic CASA Mobilization.
Row 9: Indian Bank recorded a strong CET1 metric of 16.51%.
Row 10: Indian Bank undergoes credit rating assessments by CRISIL.
Row 11: Indian Bank's return on equity is driven by its focus on Capital Efficiency.
Row 12: Indian Bank issues certificates of deposit as a funding source.
Row 13: Indian Bank is headquartered in the city of Chennai.
Row 14: Indian Bank operates an international branch physically located in Colombo.
Row 15: Indian Bank is fundamentally exposed to risk from its Corporate and Infrastructure Loan Concentration.
Row 16: Indian Bank's net interest margin is influenced by the trajectory of Deposit Repricing.
Row 17: Indian Bank expects to drive growth through a continued expansion of Digital Transactions.
Row 18: The Government of India holds a 73.84% ownership stake in Indian Bank.
Row 19: Indian Bank is funded through the issuance of Infrastructure Bonds.
Row 20: LIC retains major institutional holdings in Indian Bank.
Row 21: Indian Bank serves the MSME customer segment through its RAM lending focus.
Row 22: Indian Bank offers services tailored to NRI customers.
Row 23: Indian Bank maintains a strategic loan exposure focused heavily on RAM lending.
Row 24: Indian Bank expects its growth to be heavily dependent on RAM (Retail, Agriculture, and MSME) lending.
Row 25: Indian Bank is regulated by the Reserve Bank of India.
Row 26: Indian Bank depends heavily on its strong Retail Deposits franchise.
Row 27: Indian Bank serves retail customers as a core element of its strategy.
Row 28: Indian Bank is regulated by the Securities and Exchange Board of India (SEBI).
Row 29: Indian Bank operates an international branch physically located in Singapore.
Row 30: Indian Bank relies strategically on its presence and retail deposit franchise in South India.
Row 31: Indian Bank benefits from Sovereign Ownership, which significantly underpins the stability of its top-tier CRISIL ratings.
Row 32: Indian Bank's performance relies heavily on the regional economy of Tamil Nadu.
Row 33: Indian Bank has its corporate headquarters in the state of Tamil Nadu.
Row 34: Indian Bank raises capital funded by Tier II Basel III Bonds.
Row 35: Indian Bank generated a total income of ₹20,723.62 crore for the quarter.
Row 36: Indian Bank holds a Universal Banking License.
Row 37: Indian Bank actively serves agricultural customers as part of its strategic mandate.
Row 38: Indian Bank runs an extensive network of 6,001 branches.
Row 39: Indian Bank reported a capital adequacy ratio of 17.58%, remaining comfortably above the regulatory minimum.
Row 40: Indian Bank features its capital position as one of its clearest and most heavily evidenced structural strengths.
Row 41: Indian Bank provides cash-management services to corporate clients.
Row 42: Indian Bank utilizes cash-recycling machines within its combined network of 5,657 automated service points.
Row 43: Indian Bank serves corporate customers across India.
Row 44: Indian Bank has lending exposure to the Corporate segment.
Row 45: Indian Bank is exposed to Credit Risk stemming from its infrastructure and corporate concentration.
Row 46: Indian Bank utilizes digital channels for processing roughly 95% of its overall transactions.
Row 47: Indian Bank implies relatively modest fee income generated in comparison to its interest income.
Row 48: Indian Bank provides forex services to its client base.
Row 49: Indian Bank serves government and institutional customer segments.
Row 50: Indian Bank improved its gross NPA level significantly to 1.86%.","Backed by a 73.84% government ownership stake and top-tier credit ratings from CRISIL, Indian Bank operates as the seventh-largest public sector bank with a robust capital adequacy ratio of 17.58% and a CET1 metric of 16.51%. The bank generated a total quarterly income of ₹20,723.62 crore while maintaining an improved gross NPA level of 1.86% through its extensive retail deposit franchise and strategic focus on RAM lending.",Not relevant,"The assistant output discusses ownership stake, credit ratings, and financial metrics, but completely fails to provide Indian Bank's ticker symbol or the exchange(s) where it trades.",
"What percentage of Indian Bank is held by its government promoter or largest shareholder, and as of what date?",F_LogUnion,F_LogUnion,0.6758920373727951,logical_union,True,"[""Indian Bank""]","[{""entity"": ""Indian Bank"", ""matched_node_name"": ""Indian Bank"", ""matched_id"": ""bc5697b2-9b93-435d-8f41-2f024b80817a"", ""matched_type"": ""COMPANY"", ""similarity"": 1.0, ""source"": ""gazetteer""}]","What percentage of <COMPANY> is held by its government promoter or largest shareholder, and as of what date?","{""nn1"": ""COMPANY"", ""nnp2"": null, ""prop1"": ""REGULATED_BY"", ""nnp1"": ""bc5697b2-9b93-435d-8f41-2f024b80817a""}","{""nnp1"": ""bc5697b2-9b93-435d-8f41-2f024b80817a"", ""nnp2"": null, ""nnp3"": null, ""prop1"": ""REGULATED_BY"", ""nn1"": ""COMPANY"", ""nn2"": null, ""threshold"": null, ""target_ids"": [], ""prop1_list"": [""OWNS"", ""REGULATED_BY"", ""OwnershipStake""]}",primary,50,"Template: logical_union (F_LogUnion)
Query intent: Union of two relationship patterns from the same subject.

Row 1: Indian Bank is regulated by the Reserve Bank of India.
Row 2: Indian Bank is regulated by the Securities and Exchange Board of India (SEBI).
Row 3: Indian Bank holds an A1+ rating from CRISIL on its certificate-of-deposit programme.
Row 4: Indian Bank holds an AA+ Stable credit rating from CRISIL on its Additional Tier I bonds.
Row 5: Indian Bank maintains an AAA Stable credit rating from CRISIL on its Tier II Basel III bonds and infrastructure bonds.
Row 6: Indian Bank uses Additional Tier I Bonds as a funding source.
Row 7: Indian Bank deploys 5,657 ATMs and cash-recycling machines for customer transactions.
Row 8: Indian Bank merged with Allahabad Bank to become the seventh-largest PSU bank.
Row 9: Binod Kumar assumed the leadership role of MD & CEO at Indian Bank.
Row 10: Indian Bank's margin is supported by strategic CASA Mobilization.
Row 11: Indian Bank recorded a strong CET1 metric of 16.51%.
Row 12: Indian Bank undergoes credit rating assessments by CRISIL.
Row 13: Indian Bank's return on equity is driven by its focus on Capital Efficiency.
Row 14: Indian Bank issues certificates of deposit as a funding source.
Row 15: Indian Bank is headquartered in the city of Chennai.
Row 16: Indian Bank operates an international branch physically located in Colombo.
Row 17: Indian Bank is fundamentally exposed to risk from its Corporate and Infrastructure Loan Concentration.
Row 18: Indian Bank's net interest margin is influenced by the trajectory of Deposit Repricing.
Row 19: Indian Bank expects to drive growth through a continued expansion of Digital Transactions.
Row 20: The Government of India holds a 73.84% ownership stake in Indian Bank.
Row 21: Indian Bank is funded through the issuance of Infrastructure Bonds.
Row 22: LIC retains major institutional holdings in Indian Bank.
Row 23: Indian Bank serves the MSME customer segment through its RAM lending focus.
Row 24: Indian Bank offers services tailored to NRI customers.
Row 25: Indian Bank maintains a strategic loan exposure focused heavily on RAM lending.
Row 26: Indian Bank expects its growth to be heavily dependent on RAM (Retail, Agriculture, and MSME) lending.
Row 27: Indian Bank depends heavily on its strong Retail Deposits franchise.
Row 28: Indian Bank serves retail customers as a core element of its strategy.
Row 29: Indian Bank operates an international branch physically located in Singapore.
Row 30: Indian Bank relies strategically on its presence and retail deposit franchise in South India.
Row 31: Indian Bank benefits from Sovereign Ownership, which significantly underpins the stability of its top-tier CRISIL ratings.
Row 32: Indian Bank's performance relies heavily on the regional economy of Tamil Nadu.
Row 33: Indian Bank has its corporate headquarters in the state of Tamil Nadu.
Row 34: Indian Bank raises capital funded by Tier II Basel III Bonds.
Row 35: Indian Bank generated a total income of ₹20,723.62 crore for the quarter.
Row 36: Indian Bank holds a Universal Banking License.
Row 37: Indian Bank actively serves agricultural customers as part of its strategic mandate.
Row 38: Indian Bank runs an extensive network of 6,001 branches.
Row 39: Indian Bank reported a capital adequacy ratio of 17.58%, remaining comfortably above the regulatory minimum.
Row 40: Indian Bank features its capital position as one of its clearest and most heavily evidenced structural strengths.
Row 41: Indian Bank provides cash-management services to corporate clients.
Row 42: Indian Bank utilizes cash-recycling machines within its combined network of 5,657 automated service points.
Row 43: Indian Bank serves corporate customers across India.
Row 44: Indian Bank has lending exposure to the Corporate segment.
Row 45: Indian Bank is exposed to Credit Risk stemming from its infrastructure and corporate concentration.
Row 46: Indian Bank utilizes digital channels for processing roughly 95% of its overall transactions.
Row 47: Indian Bank implies relatively modest fee income generated in comparison to its interest income.
Row 48: Indian Bank provides forex services to its client base.
Row 49: Indian Bank serves government and institutional customer segments.
Row 50: Indian Bank improved its gross NPA level significantly to 1.86%.","Indian Bank is a major public sector bank headquartered in Chennai, Tamil Nadu, backed by a 73.84% Government of India ownership stake and robust credit ratings from CRISIL. The institution operates an extensive branch and automated service network, reporting a strong capital adequacy ratio of 17.58% alongside a CET1 metric of 16.51% and an improved gross NPA level of 1.86%.",Somewhat relevant,The assistant output provides the percentage of government ownership in Indian Bank but fails to specify the date as requested by the user.,
What was Indian Bank's CASA ratio in the most recently reported quarter?,F_Simple,F_Simple,0.4957014209614541,simple_triplet,True,"[""Indian Bank"", ""CASA ratio""]","[{""entity"": ""Indian Bank"", ""matched_node_name"": ""Indian Bank"", ""matched_id"": ""bc5697b2-9b93-435d-8f41-2f024b80817a"", ""matched_type"": ""COMPANY"", ""similarity"": 1.0, ""source"": ""gazetteer""}, {""entity"": ""CASA ratio"", ""matched_node_name"": ""CASA ratio"", ""matched_id"": ""f552ef12-cf71-4307-80e3-1eb10e256154"", ""matched_type"": ""METRIC"", ""similarity"": 1.0, ""source"": ""gazetteer""}]",What was <COMPANY>'s <METRIC> in the most recently reported quarter?,"{""nn1"": ""COMPANY"", ""prop1_list"": [], ""target_ids"": [""f552ef12-cf71-4307-80e3-1eb10e256154""], ""nnp1"": ""bc5697b2-9b93-435d-8f41-2f024b80817a""}","{""nnp1"": ""bc5697b2-9b93-435d-8f41-2f024b80817a"", ""nnp2"": ""f552ef12-cf71-4307-80e3-1eb10e256154"", ""nnp3"": null, ""prop1"": null, ""nn1"": ""COMPANY"", ""nn2"": ""METRIC"", ""threshold"": null, ""target_ids"": [""f552ef12-cf71-4307-80e3-1eb10e256154""], ""prop1_list"": []}",relaxed_direction,61,"Template: simple_triplet (F_Simple)
Query intent: Simple question: subject linked to objects via a predicate.

Row 1: Indian Bank provides targeted wealth-management services.
Row 2: Indian Bank provides specialized trade finance services.
Row 3: Indian Bank operates dedicated treasury services.
Row 4: Indian Bank provides forex services to its client base.
Row 5: Indian Bank provides cash-management services to corporate clients.
Row 6: Indian Bank serves the MSME customer segment through its RAM lending focus.
Row 7: Indian Bank offers services tailored to NRI customers.
Row 8: Indian Bank runs an extensive network of 6,001 branches.
Row 9: Indian Bank deploys 5,657 ATMs and cash-recycling machines for customer transactions.
Row 10: Indian Bank is exposed to Credit Risk stemming from its infrastructure and corporate concentration.
Row 11: Indian Bank is exposed to Interest-Rate Risk.
Row 12: Indian Bank is exposed to ordinary Regulatory Risk.
Row 13: Indian Bank improved its gross NPA level significantly to 1.86%.
Row 14: Indian Bank improved its net NPA metric to an exceptionally low 0.15%.
Row 15: Indian Bank maintains an extremely robust provision coverage ratio of 98.22%.
Row 16: Indian Bank reported a capital adequacy ratio of 17.58%, remaining comfortably above the regulatory minimum.
Row 17: Indian Bank recorded a strong CET1 metric of 16.51%.
Row 18: Indian Bank holds a Universal Banking License.
Row 19: Indian Bank serves retail customers as a core element of its strategy.
Row 20: Indian Bank uses Additional Tier I Bonds as a funding source.
Row 21: Indian Bank holds an AA+ Stable credit rating from CRISIL on its Additional Tier I bonds.
Row 22: Indian Bank actively serves agricultural customers as part of its strategic mandate.
Row 23: Indian Bank relies strategically on its presence and retail deposit franchise in South India.
Row 24: Indian Bank utilizes cash-recycling machines within its combined network of 5,657 automated service points.
Row 25: Indian Bank has lending exposure to the Corporate segment.
Row 26: Indian Bank serves corporate customers across India.
Row 27: Indian Bank is exposed to Technology Risk due to the large scale of its ongoing digitization push.
Row 28: Indian Bank is headquartered in the city of Chennai.
Row 29: Indian Bank has its corporate headquarters in the state of Tamil Nadu.
Row 30: Indian Bank's performance relies heavily on the regional economy of Tamil Nadu.
Row 31: Indian Bank merged with Allahabad Bank to become the seventh-largest PSU bank.
Row 32: Indian Bank expects its growth to be heavily dependent on RAM (Retail, Agriculture, and MSME) lending.
Row 33: Indian Bank maintains a strategic loan exposure focused heavily on RAM lending.
Row 34: Indian Bank has strategic loan exposure to infrastructure lending.
Row 35: Indian Bank utilizes digital channels for processing roughly 95% of its overall transactions.
Row 36: Indian Bank serves government and institutional customer segments.
Row 37: Indian Bank operates an international branch physically located in Colombo.
Row 38: Indian Bank operates an international branch physically located in Singapore.
Row 39: Indian Bank generated a total income of ₹20,723.62 crore for the quarter.
Row 40: Indian Bank recorded an interest income of ₹18,090.16 crore, comprising roughly 87% of its total income.
Row 41: Indian Bank implies relatively modest fee income generated in comparison to its interest income.
Row 42: Indian Bank features its capital position as one of its clearest and most heavily evidenced structural strengths.
Row 43: Indian Bank possesses a clear business opportunity in its strategic pivot toward RAM and infrastructure lending.
Row 44: Indian Bank depends heavily on its strong Retail Deposits franchise.
Row 45: Indian Bank maintains an AAA Stable credit rating from CRISIL on its Tier II Basel III bonds and infrastructure bonds.
Row 46: Indian Bank raises capital funded by Tier II Basel III Bonds.
Row 47: Indian Bank is funded through the issuance of Infrastructure Bonds.
Row 48: Indian Bank holds an A1+ rating from CRISIL on its certificate-of-deposit programme.
Row 49: Indian Bank issues certificates of deposit as a funding source.
Row 50: Indian Bank expects to drive growth through a continued expansion of Digital Transactions.
Row 51: Indian Bank's net interest margin is influenced by the trajectory of Deposit Repricing.
Row 52: Indian Bank's margin is supported by strategic CASA Mobilization.
Row 53: Indian Bank's return on equity is driven by its focus on Capital Efficiency.
Row 54: Indian Bank is fundamentally exposed to risk from its Corporate and Infrastructure Loan Concentration.
Row 55: Indian Bank benefits from Sovereign Ownership, which significantly underpins the stability of its top-tier CRISIL ratings.
Row 56: Indian Bank is regulated by the Reserve Bank of India.
Row 57: Indian Bank is regulated by the Securities and Exchange Board of India (SEBI).
Row 58: Indian Bank undergoes credit rating assessments by CRISIL.
Row 59: Binod Kumar assumed the leadership role of MD & CEO at Indian Bank.
Row 60: The Government of India holds a 73.84% ownership stake in Indian Bank.
Row 61: LIC retains major institutional holdings in Indian Bank.","Indian Bank operates as a major universal bank backed by a 73.84% government ownership stake and an extensive nationwide network of 6,001 branches, reporting a strong capital adequacy ratio of 17.58% alongside improved gross and net NPAs of 1.86% and 0.15%, respectively. The bank generates significant financial scale—noted by a quarterly total income of ₹20,723.62 crore—while strategically focusing its lending on Retail, Agriculture, and MSME (RAM) segments alongside corporate and infrastructure exposures.",Not relevant,"The assistant output provides various details about Indian Bank's operations, capital adequacy, and NPAs, but fails to mention the CASA ratio requested by the user.",
What is Indian Bank's net interest margin (NIM) for the latest reported period?,F_Simple,F_Simple,0.4559410416941235,simple_triplet,True,"[""Indian Bank"", ""net interest margin""]","[{""entity"": ""Indian Bank"", ""matched_node_name"": ""Indian Bank"", ""matched_id"": ""bc5697b2-9b93-435d-8f41-2f024b80817a"", ""matched_type"": ""COMPANY"", ""similarity"": 1.0, ""source"": ""gazetteer""}, {""entity"": ""net interest margin"", ""matched_node_name"": ""Net interest margin"", ""matched_id"": ""ce0a12ce-b581-4229-a6b2-4d53c46e9d9d"", ""matched_type"": ""METRIC"", ""similarity"": 1.0, ""source"": ""gazetteer""}]",What is <COMPANY>'s <METRIC> (NIM) for the latest reported period?,"{""nn1"": ""COMPANY"", ""prop1_list"": [], ""target_ids"": [""ce0a12ce-b581-4229-a6b2-4d53c46e9d9d""], ""nnp1"": ""bc5697b2-9b93-435d-8f41-2f024b80817a""}","{""nnp1"": ""bc5697b2-9b93-435d-8f41-2f024b80817a"", ""nnp2"": ""ce0a12ce-b581-4229-a6b2-4d53c46e9d9d"", ""nnp3"": null, ""prop1"": null, ""nn1"": ""COMPANY"", ""nn2"": ""METRIC"", ""threshold"": null, ""target_ids"": [""ce0a12ce-b581-4229-a6b2-4d53c46e9d9d""], ""prop1_list"": []}",relaxed_direction,61,"Template: simple_triplet (F_Simple)
Query intent: Simple question: subject linked to objects via a predicate.

Row 1: Indian Bank provides targeted wealth-management services.
Row 2: Indian Bank provides specialized trade finance services.
Row 3: Indian Bank operates dedicated treasury services.
Row 4: Indian Bank provides forex services to its client base.
Row 5: Indian Bank provides cash-management services to corporate clients.
Row 6: Indian Bank serves the MSME customer segment through its RAM lending focus.
Row 7: Indian Bank offers services tailored to NRI customers.
Row 8: Indian Bank runs an extensive network of 6,001 branches.
Row 9: Indian Bank deploys 5,657 ATMs and cash-recycling machines for customer transactions.
Row 10: Indian Bank is exposed to Credit Risk stemming from its infrastructure and corporate concentration.
Row 11: Indian Bank is exposed to Interest-Rate Risk.
Row 12: Indian Bank is exposed to ordinary Regulatory Risk.
Row 13: Indian Bank improved its gross NPA level significantly to 1.86%.
Row 14: Indian Bank improved its net NPA metric to an exceptionally low 0.15%.
Row 15: Indian Bank maintains an extremely robust provision coverage ratio of 98.22%.
Row 16: Indian Bank reported a capital adequacy ratio of 17.58%, remaining comfortably above the regulatory minimum.
Row 17: Indian Bank recorded a strong CET1 metric of 16.51%.
Row 18: Indian Bank holds a Universal Banking License.
Row 19: Indian Bank serves retail customers as a core element of its strategy.
Row 20: Indian Bank uses Additional Tier I Bonds as a funding source.
Row 21: Indian Bank holds an AA+ Stable credit rating from CRISIL on its Additional Tier I bonds.
Row 22: Indian Bank actively serves agricultural customers as part of its strategic mandate.
Row 23: Indian Bank relies strategically on its presence and retail deposit franchise in South India.
Row 24: Indian Bank utilizes cash-recycling machines within its combined network of 5,657 automated service points.
Row 25: Indian Bank has lending exposure to the Corporate segment.
Row 26: Indian Bank serves corporate customers across India.
Row 27: Indian Bank is exposed to Technology Risk due to the large scale of its ongoing digitization push.
Row 28: Indian Bank is headquartered in the city of Chennai.
Row 29: Indian Bank has its corporate headquarters in the state of Tamil Nadu.
Row 30: Indian Bank's performance relies heavily on the regional economy of Tamil Nadu.
Row 31: Indian Bank merged with Allahabad Bank to become the seventh-largest PSU bank.
Row 32: Indian Bank expects its growth to be heavily dependent on RAM (Retail, Agriculture, and MSME) lending.
Row 33: Indian Bank maintains a strategic loan exposure focused heavily on RAM lending.
Row 34: Indian Bank has strategic loan exposure to infrastructure lending.
Row 35: Indian Bank utilizes digital channels for processing roughly 95% of its overall transactions.
Row 36: Indian Bank serves government and institutional customer segments.
Row 37: Indian Bank operates an international branch physically located in Colombo.
Row 38: Indian Bank operates an international branch physically located in Singapore.
Row 39: Indian Bank generated a total income of ₹20,723.62 crore for the quarter.
Row 40: Indian Bank recorded an interest income of ₹18,090.16 crore, comprising roughly 87% of its total income.
Row 41: Indian Bank implies relatively modest fee income generated in comparison to its interest income.
Row 42: Indian Bank features its capital position as one of its clearest and most heavily evidenced structural strengths.
Row 43: Indian Bank possesses a clear business opportunity in its strategic pivot toward RAM and infrastructure lending.
Row 44: Indian Bank depends heavily on its strong Retail Deposits franchise.
Row 45: Indian Bank maintains an AAA Stable credit rating from CRISIL on its Tier II Basel III bonds and infrastructure bonds.
Row 46: Indian Bank raises capital funded by Tier II Basel III Bonds.
Row 47: Indian Bank is funded through the issuance of Infrastructure Bonds.
Row 48: Indian Bank holds an A1+ rating from CRISIL on its certificate-of-deposit programme.
Row 49: Indian Bank issues certificates of deposit as a funding source.
Row 50: Indian Bank expects to drive growth through a continued expansion of Digital Transactions.
Row 51: Indian Bank's net interest margin is influenced by the trajectory of Deposit Repricing.
Row 52: Indian Bank's margin is supported by strategic CASA Mobilization.
Row 53: Indian Bank's return on equity is driven by its focus on Capital Efficiency.
Row 54: Indian Bank is fundamentally exposed to risk from its Corporate and Infrastructure Loan Concentration.
Row 55: Indian Bank benefits from Sovereign Ownership, which significantly underpins the stability of its top-tier CRISIL ratings.
Row 56: Indian Bank is regulated by the Reserve Bank of India.
Row 57: Indian Bank is regulated by the Securities and Exchange Board of India (SEBI).
Row 58: Indian Bank undergoes credit rating assessments by CRISIL.
Row 59: Binod Kumar assumed the leadership role of MD & CEO at Indian Bank.
Row 60: The Government of India holds a 73.84% ownership stake in Indian Bank.
Row 61: LIC retains major institutional holdings in Indian Bank.","Indian Bank is a major universal public sector bank backed by strong sovereign ownership and an extensive branch and digital network, reporting a robust capital adequacy ratio of 17.58% alongside solid asset quality metrics. The bank drives its growth through diversified retail, agricultural, and MSME lending supported by a stable deposit franchise, while actively managing credit, interest rate, and operational risk exposures.",Not relevant,The assistant output discusses capital adequacy and asset quality but fails to provide Indian Bank's net interest margin (NIM) for the latest reported period.,
What are Indian Bank's gross NPA and net NPA ratios?,F_Simple,F_Simple,0.5339957873182645,simple_triplet,True,"[""Indian Bank"", ""gross NPA"", ""net NPA""]","[{""entity"": ""Indian Bank"", ""matched_node_name"": ""Indian Bank"", ""matched_id"": ""bc5697b2-9b93-435d-8f41-2f024b80817a"", ""matched_type"": ""COMPANY"", ""similarity"": 1.0, ""source"": ""gazetteer""}, {""entity"": ""gross NPA"", ""matched_node_name"": ""gross NPA"", ""matched_id"": ""00c1065d-13f6-42fc-be09-d1a8be6780cd"", ""matched_type"": ""METRIC"", ""similarity"": 1.0, ""source"": ""gazetteer""}, {""entity"": ""net NPA"", ""matched_node_name"": ""net NPA"", ""matched_id"": ""4539ed7c-a229-4073-a946-c4b6498648c7"", ""matched_type"": ""METRIC"", ""similarity"": 1.0, ""source"": ""gazetteer""}]",What are <COMPANY>'s <METRIC> and <METRIC> ratios?,"{""nn1"": ""COMPANY"", ""prop1_list"": [], ""target_ids"": [""00c1065d-13f6-42fc-be09-d1a8be6780cd"", ""4539ed7c-a229-4073-a946-c4b6498648c7""], ""nnp1"": ""bc5697b2-9b93-435d-8f41-2f024b80817a""}","{""nnp1"": ""bc5697b2-9b93-435d-8f41-2f024b80817a"", ""nnp2"": ""00c1065d-13f6-42fc-be09-d1a8be6780cd"", ""nnp3"": null, ""prop1"": null, ""nn1"": ""COMPANY"", ""nn2"": ""METRIC"", ""threshold"": null, ""target_ids"": [""00c1065d-13f6-42fc-be09-d1a8be6780cd"", ""4539ed7c-a229-4073-a946-c4b6498648c7""], ""prop1_list"": []}",primary,2,"Template: simple_triplet (F_Simple)
Query intent: Simple question: subject linked to objects via a predicate.

Row 1: Indian Bank improved its gross NPA level significantly to 1.86%.
Row 2: Indian Bank improved its net NPA metric to an exceptionally low 0.15%.","Indian Bank achieved a significant improvement in asset quality, bringing its gross non-performing asset level down to 1.86%. Furthermore, the bank reduced its net non-performing asset metric to an exceptionally low 0.15%.",Relevant,The assistant output directly and accurately provides both the gross NPA and net NPA ratios requested by the user.,
What are Indian Bank's return on assets (ROA) and return on equity (ROE) for the latest quarter?,F_Simple,F_Simple,0.6404601230266839,simple_triplet,True,"[""Indian Bank"", ""return on assets"", ""return on equity""]","[{""entity"": ""Indian Bank"", ""matched_node_name"": ""Indian Bank"", ""matched_id"": ""bc5697b2-9b93-435d-8f41-2f024b80817a"", ""matched_type"": ""COMPANY"", ""similarity"": 1.0, ""source"": ""gazetteer""}, {""entity"": ""return on assets"", ""matched_node_name"": ""return on assets"", ""matched_id"": ""dd83a8a6-2dd2-4407-9d71-917240c66c55"", ""matched_type"": ""METRIC"", ""similarity"": 1.0, ""source"": ""gazetteer""}, {""entity"": ""return on equity"", ""matched_node_name"": ""return on equity"", ""matched_id"": ""4c4c7086-00d6-4850-9bcd-ae7c8e8479a8"", ""matched_type"": ""METRIC"", ""similarity"": 1.0, ""source"": ""gazetteer""}]",What are <COMPANY>'s <METRIC> (ROA) and <METRIC> (ROE) for the latest quarter?,"{""nn1"": ""COMPANY"", ""prop1_list"": [], ""target_ids"": [""dd83a8a6-2dd2-4407-9d71-917240c66c55"", ""4c4c7086-00d6-4850-9bcd-ae7c8e8479a8""], ""nnp1"": ""bc5697b2-9b93-435d-8f41-2f024b80817a""}","{""nnp1"": ""bc5697b2-9b93-435d-8f41-2f024b80817a"", ""nnp2"": ""dd83a8a6-2dd2-4407-9d71-917240c66c55"", ""nnp3"": null, ""prop1"": null, ""nn1"": ""COMPANY"", ""nn2"": ""METRIC"", ""threshold"": null, ""target_ids"": [""dd83a8a6-2dd2-4407-9d71-917240c66c55"", ""4c4c7086-00d6-4850-9bcd-ae7c8e8479a8""], ""prop1_list"": []}",relaxed_direction,61,"Template: simple_triplet (F_Simple)
Query intent: Simple question: subject linked to objects via a predicate.

Row 1: Indian Bank provides targeted wealth-management services.
Row 2: Indian Bank provides specialized trade finance services.
Row 3: Indian Bank operates dedicated treasury services.
Row 4: Indian Bank provides forex services to its client base.
Row 5: Indian Bank provides cash-management services to corporate clients.
Row 6: Indian Bank serves the MSME customer segment through its RAM lending focus.
Row 7: Indian Bank offers services tailored to NRI customers.
Row 8: Indian Bank runs an extensive network of 6,001 branches.
Row 9: Indian Bank deploys 5,657 ATMs and cash-recycling machines for customer transactions.
Row 10: Indian Bank is exposed to Credit Risk stemming from its infrastructure and corporate concentration.
Row 11: Indian Bank is exposed to Interest-Rate Risk.
Row 12: Indian Bank is exposed to ordinary Regulatory Risk.
Row 13: Indian Bank improved its gross NPA level significantly to 1.86%.
Row 14: Indian Bank improved its net NPA metric to an exceptionally low 0.15%.
Row 15: Indian Bank maintains an extremely robust provision coverage ratio of 98.22%.
Row 16: Indian Bank reported a capital adequacy ratio of 17.58%, remaining comfortably above the regulatory minimum.
Row 17: Indian Bank recorded a strong CET1 metric of 16.51%.
Row 18: Indian Bank holds a Universal Banking License.
Row 19: Indian Bank serves retail customers as a core element of its strategy.
Row 20: Indian Bank uses Additional Tier I Bonds as a funding source.
Row 21: Indian Bank holds an AA+ Stable credit rating from CRISIL on its Additional Tier I bonds.
Row 22: Indian Bank actively serves agricultural customers as part of its strategic mandate.
Row 23: Indian Bank relies strategically on its presence and retail deposit franchise in South India.
Row 24: Indian Bank utilizes cash-recycling machines within its combined network of 5,657 automated service points.
Row 25: Indian Bank has lending exposure to the Corporate segment.
Row 26: Indian Bank serves corporate customers across India.
Row 27: Indian Bank is exposed to Technology Risk due to the large scale of its ongoing digitization push.
Row 28: Indian Bank is headquartered in the city of Chennai.
Row 29: Indian Bank has its corporate headquarters in the state of Tamil Nadu.
Row 30: Indian Bank's performance relies heavily on the regional economy of Tamil Nadu.
Row 31: Indian Bank merged with Allahabad Bank to become the seventh-largest PSU bank.
Row 32: Indian Bank expects its growth to be heavily dependent on RAM (Retail, Agriculture, and MSME) lending.
Row 33: Indian Bank maintains a strategic loan exposure focused heavily on RAM lending.
Row 34: Indian Bank has strategic loan exposure to infrastructure lending.
Row 35: Indian Bank utilizes digital channels for processing roughly 95% of its overall transactions.
Row 36: Indian Bank serves government and institutional customer segments.
Row 37: Indian Bank operates an international branch physically located in Colombo.
Row 38: Indian Bank operates an international branch physically located in Singapore.
Row 39: Indian Bank generated a total income of ₹20,723.62 crore for the quarter.
Row 40: Indian Bank recorded an interest income of ₹18,090.16 crore, comprising roughly 87% of its total income.
Row 41: Indian Bank implies relatively modest fee income generated in comparison to its interest income.
Row 42: Indian Bank features its capital position as one of its clearest and most heavily evidenced structural strengths.
Row 43: Indian Bank possesses a clear business opportunity in its strategic pivot toward RAM and infrastructure lending.
Row 44: Indian Bank depends heavily on its strong Retail Deposits franchise.
Row 45: Indian Bank maintains an AAA Stable credit rating from CRISIL on its Tier II Basel III bonds and infrastructure bonds.
Row 46: Indian Bank raises capital funded by Tier II Basel III Bonds.
Row 47: Indian Bank is funded through the issuance of Infrastructure Bonds.
Row 48: Indian Bank holds an A1+ rating from CRISIL on its certificate-of-deposit programme.
Row 49: Indian Bank issues certificates of deposit as a funding source.
Row 50: Indian Bank expects to drive growth through a continued expansion of Digital Transactions.
Row 51: Indian Bank's net interest margin is influenced by the trajectory of Deposit Repricing.
Row 52: Indian Bank's margin is supported by strategic CASA Mobilization.
Row 53: Indian Bank's return on equity is driven by its focus on Capital Efficiency.
Row 54: Indian Bank is fundamentally exposed to risk from its Corporate and Infrastructure Loan Concentration.
Row 55: Indian Bank benefits from Sovereign Ownership, which significantly underpins the stability of its top-tier CRISIL ratings.
Row 56: Indian Bank is regulated by the Reserve Bank of India.
Row 57: Indian Bank is regulated by the Securities and Exchange Board of India (SEBI).
Row 58: Indian Bank undergoes credit rating assessments by CRISIL.
Row 59: Binod Kumar assumed the leadership role of MD & CEO at Indian Bank.
Row 60: The Government of India holds a 73.84% ownership stake in Indian Bank.
Row 61: LIC retains major institutional holdings in Indian Bank.","Indian Bank operates as a universal bank backed by a 73.84% government ownership stake and a broad physical and digital service network across India. The institution maintains a strong financial position, reporting a capital adequacy ratio of 17.58%, a gross NPA of 1.86%, and a net NPA of 0.15%, while funding its operations through diversified sources including retail deposits, bonds, and certificates of deposit.",Not relevant,"The assistant output discusses the bank's ownership, capital adequacy, and asset quality, but completely fails to provide the requested return on assets (ROA) and return on equity (ROE).",
What was Indian Bank's total advances (loan book) and deposit growth in the latest quarter?,F_Simple,F_Simple,0.5786835426932809,simple_triplet,True,"[""Indian Bank"", ""total advances"", ""deposit growth""]","[{""entity"": ""Indian Bank"", ""matched_node_name"": ""Indian Bank"", ""matched_id"": ""bc5697b2-9b93-435d-8f41-2f024b80817a"", ""matched_type"": ""COMPANY"", ""similarity"": 1.0, ""source"": ""gazetteer""}, {""entity"": ""total advances"", ""matched_node_name"": ""Total Advances"", ""matched_id"": ""96dbb53b-28f6-42c3-96e5-77dc48c86818"", ""matched_type"": ""METRIC"", ""similarity"": 1.0, ""source"": ""gazetteer""}, {""entity"": ""deposit growth"", ""matched_node_name"": ""deposit growth"", ""matched_id"": ""74d2ba68-dde6-485e-ad5d-c3483d1ec0d8"", ""matched_type"": ""METRIC"", ""similarity"": 1.0, ""source"": ""gazetteer""}]",What was <COMPANY>'s <METRIC> (loan book) and <METRIC> in the latest quarter?,"{""nn1"": ""COMPANY"", ""prop1_list"": [], ""target_ids"": [""96dbb53b-28f6-42c3-96e5-77dc48c86818"", ""74d2ba68-dde6-485e-ad5d-c3483d1ec0d8""], ""nnp1"": ""bc5697b2-9b93-435d-8f41-2f024b80817a""}","{""nnp1"": ""bc5697b2-9b93-435d-8f41-2f024b80817a"", ""nnp2"": ""96dbb53b-28f6-42c3-96e5-77dc48c86818"", ""nnp3"": null, ""prop1"": null, ""nn1"": ""COMPANY"", ""nn2"": ""METRIC"", ""threshold"": null, ""target_ids"": [""96dbb53b-28f6-42c3-96e5-77dc48c86818"", ""74d2ba68-dde6-485e-ad5d-c3483d1ec0d8""], ""prop1_list"": []}",relaxed_direction,61,"Template: simple_triplet (F_Simple)
Query intent: Simple question: subject linked to objects via a predicate.

Row 1: Indian Bank provides targeted wealth-management services.
Row 2: Indian Bank provides specialized trade finance services.
Row 3: Indian Bank operates dedicated treasury services.
Row 4: Indian Bank provides forex services to its client base.
Row 5: Indian Bank provides cash-management services to corporate clients.
Row 6: Indian Bank serves the MSME customer segment through its RAM lending focus.
Row 7: Indian Bank offers services tailored to NRI customers.
Row 8: Indian Bank runs an extensive network of 6,001 branches.
Row 9: Indian Bank deploys 5,657 ATMs and cash-recycling machines for customer transactions.
Row 10: Indian Bank is exposed to Credit Risk stemming from its infrastructure and corporate concentration.
Row 11: Indian Bank is exposed to Interest-Rate Risk.
Row 12: Indian Bank is exposed to ordinary Regulatory Risk.
Row 13: Indian Bank improved its gross NPA level significantly to 1.86%.
Row 14: Indian Bank improved its net NPA metric to an exceptionally low 0.15%.
Row 15: Indian Bank maintains an extremely robust provision coverage ratio of 98.22%.
Row 16: Indian Bank reported a capital adequacy ratio of 17.58%, remaining comfortably above the regulatory minimum.
Row 17: Indian Bank recorded a strong CET1 metric of 16.51%.
Row 18: Indian Bank holds a Universal Banking License.
Row 19: Indian Bank serves retail customers as a core element of its strategy.
Row 20: Indian Bank uses Additional Tier I Bonds as a funding source.
Row 21: Indian Bank holds an AA+ Stable credit rating from CRISIL on its Additional Tier I bonds.
Row 22: Indian Bank actively serves agricultural customers as part of its strategic mandate.
Row 23: Indian Bank relies strategically on its presence and retail deposit franchise in South India.
Row 24: Indian Bank utilizes cash-recycling machines within its combined network of 5,657 automated service points.
Row 25: Indian Bank has lending exposure to the Corporate segment.
Row 26: Indian Bank serves corporate customers across India.
Row 27: Indian Bank is exposed to Technology Risk due to the large scale of its ongoing digitization push.
Row 28: Indian Bank is headquartered in the city of Chennai.
Row 29: Indian Bank has its corporate headquarters in the state of Tamil Nadu.
Row 30: Indian Bank's performance relies heavily on the regional economy of Tamil Nadu.
Row 31: Indian Bank merged with Allahabad Bank to become the seventh-largest PSU bank.
Row 32: Indian Bank expects its growth to be heavily dependent on RAM (Retail, Agriculture, and MSME) lending.
Row 33: Indian Bank maintains a strategic loan exposure focused heavily on RAM lending.
Row 34: Indian Bank has strategic loan exposure to infrastructure lending.
Row 35: Indian Bank utilizes digital channels for processing roughly 95% of its overall transactions.
Row 36: Indian Bank serves government and institutional customer segments.
Row 37: Indian Bank operates an international branch physically located in Colombo.
Row 38: Indian Bank operates an international branch physically located in Singapore.
Row 39: Indian Bank generated a total income of ₹20,723.62 crore for the quarter.
Row 40: Indian Bank recorded an interest income of ₹18,090.16 crore, comprising roughly 87% of its total income.
Row 41: Indian Bank implies relatively modest fee income generated in comparison to its interest income.
Row 42: Indian Bank features its capital position as one of its clearest and most heavily evidenced structural strengths.
Row 43: Indian Bank possesses a clear business opportunity in its strategic pivot toward RAM and infrastructure lending.
Row 44: Indian Bank depends heavily on its strong Retail Deposits franchise.
Row 45: Indian Bank maintains an AAA Stable credit rating from CRISIL on its Tier II Basel III bonds and infrastructure bonds.
Row 46: Indian Bank raises capital funded by Tier II Basel III Bonds.
Row 47: Indian Bank is funded through the issuance of Infrastructure Bonds.
Row 48: Indian Bank holds an A1+ rating from CRISIL on its certificate-of-deposit programme.
Row 49: Indian Bank issues certificates of deposit as a funding source.
Row 50: Indian Bank expects to drive growth through a continued expansion of Digital Transactions.
Row 51: Indian Bank's net interest margin is influenced by the trajectory of Deposit Repricing.
Row 52: Indian Bank's margin is supported by strategic CASA Mobilization.
Row 53: Indian Bank's return on equity is driven by its focus on Capital Efficiency.
Row 54: Indian Bank is fundamentally exposed to risk from its Corporate and Infrastructure Loan Concentration.
Row 55: Indian Bank benefits from Sovereign Ownership, which significantly underpins the stability of its top-tier CRISIL ratings.
Row 56: Indian Bank is regulated by the Reserve Bank of India.
Row 57: Indian Bank is regulated by the Securities and Exchange Board of India (SEBI).
Row 58: Indian Bank undergoes credit rating assessments by CRISIL.
Row 59: Binod Kumar assumed the leadership role of MD & CEO at Indian Bank.
Row 60: The Government of India holds a 73.84% ownership stake in Indian Bank.
Row 61: LIC retains major institutional holdings in Indian Bank.","Indian Bank operates as a universal bank backed by a 73.84% government ownership stake, maintaining a strong capital adequacy ratio of 17.58% and a robust provision coverage ratio of 98.22%. The institution generates its income largely from interest, supported by an extensive network of 6,001 branches, while managing exposures to credit, interest-rate, and corporate concentration risks.",Not relevant,"The assistant output provides general information about Indian Bank's ownership, capital adequacy, and branch network, but completely fails to address the user's specific request regarding total advances and deposit growth for the latest quarter.",
"What products and services does Indian Bank offer, and which customer segments does it serve?",F_Simple,F_Simple,0.6085853750573809,simple_triplet,True,"[""Indian Bank""]","[{""entity"": ""Indian Bank"", ""matched_node_name"": ""Indian Bank"", ""matched_id"": ""bc5697b2-9b93-435d-8f41-2f024b80817a"", ""matched_type"": ""COMPANY"", ""similarity"": 1.0, ""source"": ""gazetteer""}]","What products and services does <COMPANY> offer, and which customer segments does it serve?","{""nn1"": ""COMPANY"", ""prop1_list"": [""OFFERS_PRODUCT"", ""SERVES""], ""target_ids"": [], ""nnp1"": ""bc5697b2-9b93-435d-8f41-2f024b80817a""}","{""nnp1"": ""bc5697b2-9b93-435d-8f41-2f024b80817a"", ""nnp2"": null, ""nnp3"": null, ""prop1"": ""SERVES"", ""nn1"": ""COMPANY"", ""nn2"": null, ""threshold"": null, ""target_ids"": [], ""prop1_list"": [""OFFERS_PRODUCT"", ""SERVES""]}",primary,6,"Template: simple_triplet (F_Simple)
Query intent: Simple question: subject linked to objects via a predicate.

Row 1: Indian Bank serves the MSME customer segment through its RAM lending focus.
Row 2: Indian Bank offers services tailored to NRI customers.
Row 3: Indian Bank serves retail customers as a core element of its strategy.
Row 4: Indian Bank actively serves agricultural customers as part of its strategic mandate.
Row 5: Indian Bank serves corporate customers across India.
Row 6: Indian Bank serves government and institutional customer segments.","Indian Bank strategically serves a diverse customer base, including retail, corporate, agricultural, government, and institutional segments across India. Additionally, the bank caters to specialized markets by offering tailored services to Non-Resident Indians (NRIs) and supporting the MSME sector through its RAM lending focus.",Somewhat relevant,The assistant output identifies the customer segments served by Indian Bank but completely fails to mention the products and services offered.,
What is Central Bank of India's ticker symbol and on which exchange(s) does it trade?,F_Simple,F_Simple,0.5660659596990265,simple_triplet,True,"[""Central Bank of India""]","[{""entity"": ""Central Bank of India"", ""matched_node_name"": ""Central Bank of India"", ""matched_id"": ""883ce2b3-cb54-40fc-a76d-8b28d82c8fec"", ""matched_type"": ""COMPANY"", ""similarity"": 1.0, ""source"": ""gazetteer""}]",What is <COMPANY>'s ticker symbol and on which exchange(s) does it trade?,"{""nn1"": ""COMPANY"", ""prop1_list"": [], ""target_ids"": [], ""nnp1"": ""883ce2b3-cb54-40fc-a76d-8b28d82c8fec""}","{""nnp1"": ""883ce2b3-cb54-40fc-a76d-8b28d82c8fec"", ""nnp2"": null, ""nnp3"": null, ""prop1"": null, ""nn1"": ""COMPANY"", ""nn2"": null, ""threshold"": null, ""target_ids"": [], ""prop1_list"": []}",primary,38,"Template: simple_triplet (F_Simple)
Query intent: Simple question: subject linked to objects via a predicate.

Row 1: Central Bank of India achieved a robust CASA Ratio of 46.61% in the Q1 FY27 quarter.
Row 2: Central Bank of India depends on CASA-led Deposit Mobilization as a principal growth driver.
Row 3: Central Bank of India posted a CET1 of 16.54% for Q1 FY27.
Row 4: Central Bank of India looks to rapid Credit Expansion to drive future growth.
Row 5: FIIs held roughly a 1.3% stake in Central Bank of India as of 31 March 2025.
Row 6: Central Bank of India holds a significant Funding-Cost Advantage over several peers owing to its elevated CASA ratio.
Row 7: Central Bank of India is exposed to Funding-Gap Risk stemming from advances heavily outgrowing deposits.
Row 8: Central Bank of India relies upon capital support provided by the Government of India.
Row 9: Central Bank of India is majority-owned by the Government of India, which held an 89.27% stake as of 31 March 2025.
Row 10: Central Bank of India holds an IND AA Stable rating from India Ratings on its Tier II bonds.
Row 11: Central Bank of India is rated by India Ratings.
Row 12: Kalyan Kumar became the MD & CEO of Central Bank of India on 1 October 2025.
Row 13: LIC held a 3.16% ownership stake in Central Bank of India as of March 2025.
Row 14: Central Bank of India heavily targets the MSME customer segment.
Row 15: Central Bank of India operates out of its headquarters in Maharashtra.
Row 16: Central Bank of India is headquartered in Mumbai.
Row 17: Central Bank of India reported a Net Interest Margin of 3.06% in Q1 FY27.
Row 18: Central Bank of India actively competes within the PSU Peer Group.
Row 19: Central Bank of India falls under the regulatory oversight of the RBI.
Row 20: Central Bank of India's business operations maintain a focus on Retail customers.
Row 21: Central Bank of India is regulated by SEBI as a listed company.
Row 22: Tapan Ray holds the role of non-executive chairman at Central Bank of India.
Row 23: Central Bank of India is funded through the issuance of Tier II Bonds.
Row 24: Central Bank of India reached Total Advances of ₹354,348 crore, marking 28.58% year-on-year growth.
Row 25: Central Bank of India possesses and operates under a Universal Banking License.
Row 26: Central Bank of India focuses on serving Agricultural customers.
Row 27: Central Bank of India reported a Capital Adequacy of 18.28% in Q1 FY27.
Row 28: Central Bank of India's Q1 FY27 Cost-to-Income Ratio stood elevated at 55.40%.
Row 29: Central Bank of India is exposed to ordinary Credit Risk across its lending operations.
Row 30: Central Bank of India reported Deposit Growth of 11.68% year-on-year for Q1 FY27.
Row 31: Central Bank of India's Gross NPA improved but remained a legacy overhang at 2.60% in Q1 FY27.
Row 32: Mutual Funds collectively held roughly 0.22% of Central Bank of India's equity as of March 2025.
Row 33: Central Bank of India reported its Net NPA at 0.49% for Q1 FY27.
Row 34: Central Bank of India generated a Net Interest Income of ₹3,914 crore in Q1 FY27, up 15.70% year-on-year.
Row 35: Central Bank of India remains exposed to Operational Risk tied to managing its sprawling legacy, branch-heavy network.
Row 36: Central Bank of India reported a strong Provision Coverage of 95.86% for Q1 FY27.
Row 37: Central Bank of India reported a Return on Assets of 1.00% for Q1 FY27.
Row 38: Central Bank of India achieved a Return on Equity of 14.92% for the Q1 FY27 quarter.","Central Bank of India demonstrated solid financial performance in Q1 FY27, marked by a robust CASA ratio of 46.61% that provides a funding-cost advantage, alongside a Return on Assets of 1.00% and a Return on Equity of 14.92%. However, the institution faces funding-gap risks as advances growth of 28.58% outpaces deposit growth of 11.68%, even as asset quality improved with a Gross NPA of 2.60% and a Net NPA of 0.49% supported by a strong provision coverage of 95.86%.",Not relevant,"The assistant output discusses the financial performance and asset quality of Central Bank of India, but completely fails to answer the user's question regarding its ticker symbol and stock exchanges.",
"Who is the current MD & CEO (or Chairman, where that is the top executive title) of Central Bank of India?",F_Simple,F_Simple,0.6870087860052408,simple_triplet,True,"[""uti"", ""Central Bank of India"", ""MD""]","[{""entity"": ""uti"", ""matched_node_name"": ""UTI"", ""matched_id"": ""fd4feaba-a9ac-4e43-9418-e90485ccc0ee"", ""matched_type"": ""SHAREHOLDER"", ""similarity"": 1.0, ""source"": ""gazetteer""}, {""entity"": ""Central Bank of India"", ""matched_node_name"": ""Central Bank of India"", ""matched_id"": ""883ce2b3-cb54-40fc-a76d-8b28d82c8fec"", ""matched_type"": ""COMPANY"", ""similarity"": 1.0, ""source"": ""gazetteer""}, {""entity"": ""MD"", ""matched_node_name"": ""Sydney"", ""matched_id"": ""6ce73991-b958-4fd6-a892-0d2f5d32b61b"", ""matched_type"": ""GEOGRAPHY"", ""similarity"": 0.6347882270812988, ""source"": ""semantic""}]","Who is the current <GEOGRAPHY> & CEO (or Chairman, where that is the top exec<SHAREHOLDER>ve title) of <COMPANY>?","{""nn1"": ""COMPANY"", ""prop1_list"": [""GovernanceRole""], ""target_ids"": [""fd4feaba-a9ac-4e43-9418-e90485ccc0ee"", ""6ce73991-b958-4fd6-a892-0d2f5d32b61b""], ""nnp1"": ""883ce2b3-cb54-40fc-a76d-8b28d82c8fec""}","{""nnp1"": ""883ce2b3-cb54-40fc-a76d-8b28d82c8fec"", ""nnp2"": ""6ce73991-b958-4fd6-a892-0d2f5d32b61b"", ""nnp3"": null, ""prop1"": ""GovernanceRole"", ""nn1"": ""COMPANY"", ""nn2"": ""GEOGRAPHY"", ""threshold"": null, ""target_ids"": [""fd4feaba-a9ac-4e43-9418-e90485ccc0ee"", ""6ce73991-b958-4fd6-a892-0d2f5d32b61b""], ""prop1_list"": [""GovernanceRole""]}",attribute_lookup,7,"Template: simple_triplet (F_Simple)
Query intent: Simple question: subject linked to objects via a predicate.

Row 1: Central Bank of India's banking_segment is Public Sector Bank
Row 2: Central Bank of India's country is India
Row 3: Central Bank of India's description is Central Bank of India, headquartered in Mumbai, Maharashtra and founded in 1911, is a Government of India-owned universal bank with a legacy, branch-heavy network and a retail, MSME and agricultural focus.
Row 4: Central Bank of India's exchange is NSE and BSE
Row 5: Central Bank of India's legal_name is Central Bank of India
Row 6: Central Bank of India's listed is True
Row 7: Central Bank of India's ticker is CENTRALBK","Headquartered in Mumbai and founded in 1911, the Central Bank of India is a publicly listed, government-owned universal bank operating as a public sector institution in India. The bank trades publicly on both the NSE and BSE under the ticker symbol CENTRALBK, maintaining a strong focus on retail, MSME, and agricultural sectors through its extensive branch network.",Not relevant,"The assistant output provides general information about the bank's history, headquarters, and operations, but completely fails to answer the question about who the current MD & CEO or Chairman is.",
What was Central Bank of India's CASA ratio in the most recently reported quarter?,F_Simple,F_Simple,0.4957014209614541,simple_triplet,True,"[""Central Bank of India"", ""CASA ratio""]","[{""entity"": ""Central Bank of India"", ""matched_node_name"": ""Central Bank of India"", ""matched_id"": ""883ce2b3-cb54-40fc-a76d-8b28d82c8fec"", ""matched_type"": ""COMPANY"", ""similarity"": 1.0, ""source"": ""gazetteer""}, {""entity"": ""CASA ratio"", ""matched_node_name"": ""CASA ratio"", ""matched_id"": ""f552ef12-cf71-4307-80e3-1eb10e256154"", ""matched_type"": ""METRIC"", ""similarity"": 1.0, ""source"": ""gazetteer""}]",What was <COMPANY>'s <METRIC> in the most recently reported quarter?,"{""nn1"": ""COMPANY"", ""prop1_list"": [], ""target_ids"": [""f552ef12-cf71-4307-80e3-1eb10e256154""], ""nnp1"": ""883ce2b3-cb54-40fc-a76d-8b28d82c8fec""}","{""nnp1"": ""883ce2b3-cb54-40fc-a76d-8b28d82c8fec"", ""nnp2"": ""f552ef12-cf71-4307-80e3-1eb10e256154"", ""nnp3"": null, ""prop1"": null, ""nn1"": ""COMPANY"", ""nn2"": ""METRIC"", ""threshold"": null, ""target_ids"": [""f552ef12-cf71-4307-80e3-1eb10e256154""], ""prop1_list"": []}",primary,1,"Template: simple_triplet (F_Simple)
Query intent: Simple question: subject linked to objects via a predicate.

Row 1: Central Bank of India achieved a robust CASA Ratio of 46.61% in the Q1 FY27 quarter.",Central Bank of India achieved a robust CASA ratio of 46.61% during the first quarter of fiscal year 2027. This performance reflects the bank's strong ability to mobilize low-cost current and savings account deposits during the period.,Relevant,The assistant output directly answers the user's request by providing the exact CASA ratio for Central Bank of India in the most recently reported quarter.,
What are Central Bank of India's gross NPA and net NPA ratios?,F_Simple,F_Simple,0.5339957873182645,simple_triplet,True,"[""Central Bank of India"", ""gross NPA"", ""net NPA""]","[{""entity"": ""Central Bank of India"", ""matched_node_name"": ""Central Bank of India"", ""matched_id"": ""883ce2b3-cb54-40fc-a76d-8b28d82c8fec"", ""matched_type"": ""COMPANY"", ""similarity"": 1.0, ""source"": ""gazetteer""}, {""entity"": ""gross NPA"", ""matched_node_name"": ""gross NPA"", ""matched_id"": ""00c1065d-13f6-42fc-be09-d1a8be6780cd"", ""matched_type"": ""METRIC"", ""similarity"": 1.0, ""source"": ""gazetteer""}, {""entity"": ""net NPA"", ""matched_node_name"": ""net NPA"", ""matched_id"": ""4539ed7c-a229-4073-a946-c4b6498648c7"", ""matched_type"": ""METRIC"", ""similarity"": 1.0, ""source"": ""gazetteer""}]",What are <COMPANY>'s <METRIC> and <METRIC> ratios?,"{""nn1"": ""COMPANY"", ""prop1_list"": [], ""target_ids"": [""00c1065d-13f6-42fc-be09-d1a8be6780cd"", ""4539ed7c-a229-4073-a946-c4b6498648c7""], ""nnp1"": ""883ce2b3-cb54-40fc-a76d-8b28d82c8fec""}","{""nnp1"": ""883ce2b3-cb54-40fc-a76d-8b28d82c8fec"", ""nnp2"": ""00c1065d-13f6-42fc-be09-d1a8be6780cd"", ""nnp3"": null, ""prop1"": null, ""nn1"": ""COMPANY"", ""nn2"": ""METRIC"", ""threshold"": null, ""target_ids"": [""00c1065d-13f6-42fc-be09-d1a8be6780cd"", ""4539ed7c-a229-4073-a946-c4b6498648c7""], ""prop1_list"": []}",primary,2,"Template: simple_triplet (F_Simple)
Query intent: Simple question: subject linked to objects via a predicate.

Row 1: Central Bank of India's Gross NPA improved but remained a legacy overhang at 2.60% in Q1 FY27.
Row 2: Central Bank of India reported its Net NPA at 0.49% for Q1 FY27.","Central Bank of India reported its Gross NPA at 2.60% and Net NPA at 0.49% for the first quarter of fiscal year 2027. Although the Gross NPA showed improvement, it continues to function as a legacy overhang for the institution.",Relevant,The assistant directly provides the gross and net NPA ratios requested by the user.,
What are Central Bank of India's return on assets (ROA) and return on equity (ROE) for the latest quarter?,F_Simple,F_Simple,0.6404601230266839,simple_triplet,True,"[""Central Bank of India"", ""return on assets"", ""return on equity""]","[{""entity"": ""Central Bank of India"", ""matched_node_name"": ""Central Bank of India"", ""matched_id"": ""883ce2b3-cb54-40fc-a76d-8b28d82c8fec"", ""matched_type"": ""COMPANY"", ""similarity"": 1.0, ""source"": ""gazetteer""}, {""entity"": ""return on assets"", ""matched_node_name"": ""return on assets"", ""matched_id"": ""dd83a8a6-2dd2-4407-9d71-917240c66c55"", ""matched_type"": ""METRIC"", ""similarity"": 1.0, ""source"": ""gazetteer""}, {""entity"": ""return on equity"", ""matched_node_name"": ""return on equity"", ""matched_id"": ""4c4c7086-00d6-4850-9bcd-ae7c8e8479a8"", ""matched_type"": ""METRIC"", ""similarity"": 1.0, ""source"": ""gazetteer""}]",What are <COMPANY>'s <METRIC> (ROA) and <METRIC> (ROE) for the latest quarter?,"{""nn1"": ""COMPANY"", ""prop1_list"": [], ""target_ids"": [""dd83a8a6-2dd2-4407-9d71-917240c66c55"", ""4c4c7086-00d6-4850-9bcd-ae7c8e8479a8""], ""nnp1"": ""883ce2b3-cb54-40fc-a76d-8b28d82c8fec""}","{""nnp1"": ""883ce2b3-cb54-40fc-a76d-8b28d82c8fec"", ""nnp2"": ""dd83a8a6-2dd2-4407-9d71-917240c66c55"", ""nnp3"": null, ""prop1"": null, ""nn1"": ""COMPANY"", ""nn2"": ""METRIC"", ""threshold"": null, ""target_ids"": [""dd83a8a6-2dd2-4407-9d71-917240c66c55"", ""4c4c7086-00d6-4850-9bcd-ae7c8e8479a8""], ""prop1_list"": []}",primary,2,"Template: simple_triplet (F_Simple)
Query intent: Simple question: subject linked to objects via a predicate.

Row 1: Central Bank of India reported a Return on Assets of 1.00% for Q1 FY27.
Row 2: Central Bank of India achieved a Return on Equity of 14.92% for the Q1 FY27 quarter.",Central Bank of India reported a return on assets of 1.00% along with a return on equity of 14.92% for the first quarter of fiscal year 2027. These figures reflect the institution's profitability performance during this period.,Relevant,The assistant output directly and completely provides the return on assets and return on equity for the Central Bank of India for the requested period.,
What was Central Bank of India's total advances (loan book) and deposit growth in the latest quarter?,F_Simple,F_Simple,0.5786835426932809,simple_triplet,True,"[""Central Bank of India"", ""total advances"", ""deposit growth""]","[{""entity"": ""Central Bank of India"", ""matched_node_name"": ""Central Bank of India"", ""matched_id"": ""883ce2b3-cb54-40fc-a76d-8b28d82c8fec"", ""matched_type"": ""COMPANY"", ""similarity"": 1.0, ""source"": ""gazetteer""}, {""entity"": ""total advances"", ""matched_node_name"": ""Total Advances"", ""matched_id"": ""96dbb53b-28f6-42c3-96e5-77dc48c86818"", ""matched_type"": ""METRIC"", ""similarity"": 1.0, ""source"": ""gazetteer""}, {""entity"": ""deposit growth"", ""matched_node_name"": ""deposit growth"", ""matched_id"": ""74d2ba68-dde6-485e-ad5d-c3483d1ec0d8"", ""matched_type"": ""METRIC"", ""similarity"": 1.0, ""source"": ""gazetteer""}]",What was <COMPANY>'s <METRIC> (loan book) and <METRIC> in the latest quarter?,"{""nn1"": ""COMPANY"", ""prop1_list"": [], ""target_ids"": [""96dbb53b-28f6-42c3-96e5-77dc48c86818"", ""74d2ba68-dde6-485e-ad5d-c3483d1ec0d8""], ""nnp1"": ""883ce2b3-cb54-40fc-a76d-8b28d82c8fec""}","{""nnp1"": ""883ce2b3-cb54-40fc-a76d-8b28d82c8fec"", ""nnp2"": ""96dbb53b-28f6-42c3-96e5-77dc48c86818"", ""nnp3"": null, ""prop1"": null, ""nn1"": ""COMPANY"", ""nn2"": ""METRIC"", ""threshold"": null, ""target_ids"": [""96dbb53b-28f6-42c3-96e5-77dc48c86818"", ""74d2ba68-dde6-485e-ad5d-c3483d1ec0d8""], ""prop1_list"": []}",primary,2,"Template: simple_triplet (F_Simple)
Query intent: Simple question: subject linked to objects via a predicate.

Row 1: Central Bank of India reached Total Advances of ₹354,348 crore, marking 28.58% year-on-year growth.
Row 2: Central Bank of India reported Deposit Growth of 11.68% year-on-year for Q1 FY27.","Central Bank of India achieved a total advances figure of ₹354,348 crore, representing a 28.58% year-on-year growth rate. Additionally, the institution reported a deposit growth of 11.68% year-on-year for the first quarter of fiscal year 2027.",Relevant,The assistant output directly addresses the user request by providing the specific figures for both total advances and deposit growth for the latest quarter.,
"What credit ratings has Central Bank of India received, and from which rating agencies?",F_Simple,F_Simple,0.5428842858605917,simple_triplet,True,"[""Central Bank of India""]","[{""entity"": ""Central Bank of India"", ""matched_node_name"": ""Central Bank of India"", ""matched_id"": ""883ce2b3-cb54-40fc-a76d-8b28d82c8fec"", ""matched_type"": ""COMPANY"", ""similarity"": 1.0, ""source"": ""gazetteer""}]","What credit ratings has <COMPANY> received, and from which rating agencies?","{""nn1"": ""COMPANY"", ""prop1_list"": [""HAS_RATING""], ""target_ids"": [], ""nnp1"": ""883ce2b3-cb54-40fc-a76d-8b28d82c8fec""}","{""nnp1"": ""883ce2b3-cb54-40fc-a76d-8b28d82c8fec"", ""nnp2"": null, ""nnp3"": null, ""prop1"": ""HAS_RATING"", ""nn1"": ""COMPANY"", ""nn2"": null, ""threshold"": null, ""target_ids"": [], ""prop1_list"": [""HAS_RATING""]}",primary,1,"Template: simple_triplet (F_Simple)
Query intent: Simple question: subject linked to objects via a predicate.

Row 1: Central Bank of India holds an IND AA Stable rating from India Ratings on its Tier II bonds.",India Ratings has assigned an IND AA Stable rating to the Tier II bonds held by Central Bank of India.,Somewhat relevant,"The output mentions one rating agency and a specific credit rating for Central Bank of India, but it misses a comprehensive overview of all credit ratings and agencies received by the bank.",
"Roughly how many branches and ATMs does Central Bank of India operate, and as of what date?",F_QuantCount,F_QuantCount,0.5789900185289873,quant_count,True,"[""ATMs"", ""Central Bank of India""]","[{""entity"": ""ATMs"", ""matched_node_name"": ""ATMs"", ""matched_id"": ""1d9af7d1-80d1-4631-9a7a-7765335565d0"", ""matched_type"": ""DISTRIBUTIONCHANNEL"", ""similarity"": 1.0, ""source"": ""gazetteer""}, {""entity"": ""Central Bank of India"", ""matched_node_name"": ""Central Bank of India"", ""matched_id"": ""883ce2b3-cb54-40fc-a76d-8b28d82c8fec"", ""matched_type"": ""COMPANY"", ""similarity"": 1.0, ""source"": ""gazetteer""}]","Roughly how many branches and <DISTRIBUTIONCHANNEL> does <COMPANY> operate, and as of what date?","{""nn1"": ""COMPANY"", ""nn2"": ""DISTRIBUTIONCHANNEL"", ""prop1"": null, ""nnp1"": ""883ce2b3-cb54-40fc-a76d-8b28d82c8fec""}","{""nnp1"": ""883ce2b3-cb54-40fc-a76d-8b28d82c8fec"", ""nnp2"": ""1d9af7d1-80d1-4631-9a7a-7765335565d0"", ""nnp3"": null, ""prop1"": null, ""nn1"": ""COMPANY"", ""nn2"": ""DISTRIBUTIONCHANNEL"", ""threshold"": null, ""target_ids"": [""1d9af7d1-80d1-4631-9a7a-7765335565d0""], ""prop1_list"": []}",,0,,,Not relevant,No summary was produced for this query (empty assistant output).,
What is Indian Overseas Bank's ticker symbol and on which exchange(s) does it trade?,F_Simple,F_Simple,0.5660659596990265,simple_triplet,True,"[""Indian Overseas Bank""]","[{""entity"": ""Indian Overseas Bank"", ""matched_node_name"": ""Indian Overseas Bank"", ""matched_id"": ""4f48b350-fb00-420d-81f9-0f5c74f14c06"", ""matched_type"": ""COMPANY"", ""similarity"": 1.0, ""source"": ""gazetteer""}]",What is <COMPANY>'s ticker symbol and on which exchange(s) does it trade?,"{""nn1"": ""COMPANY"", ""prop1_list"": [], ""target_ids"": [], ""nnp1"": ""4f48b350-fb00-420d-81f9-0f5c74f14c06""}","{""nnp1"": ""4f48b350-fb00-420d-81f9-0f5c74f14c06"", ""nnp2"": null, ""nnp3"": null, ""prop1"": null, ""nn1"": ""COMPANY"", ""nn2"": null, ""threshold"": null, ""target_ids"": [], ""prop1_list"": []}",primary,50,"Template: simple_triplet (F_Simple)
Query intent: Simple question: subject linked to objects via a predicate.

Row 1: Indian Overseas Bank was assigned or had reaffirmed an AA Stable rating for its Basel III Tier II bonds by ICRA.
Row 2: Ajay Kumar Srivastava functions as MD & CEO for Indian Overseas Bank.
Row 3: Indian Overseas Bank distributes services using a massive network of Banking Correspondents.
Row 4: Indian Overseas Bank suffered a decline in its CASA base.
Row 5: Indian Overseas Bank is headquartered in Chennai.
Row 6: Indian Overseas Bank manages operations via a banking unit in Colombo.
Row 7: Indian Overseas Bank saw its Credit-Deposit Ratio climb significantly by 630 basis points to 85.63%.
Row 8: Indian Overseas Bank faced liquidity and funding pressures due to an increasing credit-deposit ratio.
Row 9: Indian Overseas Bank operates internationally with a representative office in Dubai.
Row 10: Indian Overseas Bank faces funding risk due to the erosion of its CASA deposits.
Row 11: Indian Overseas Bank experienced a decline in its Global CASA Ratio to 41.05% in Q1 FY27.
Row 12: Indian Overseas Bank achieved a Global Margin of 3.37% over Q1 FY27.
Row 13: Indian Overseas Bank reported Global Advances of ₹3.22 trillion in Q1 FY27, surging 22.75% year-on-year.
Row 14: The Government of India holds majority ownership of Indian Overseas Bank.
Row 15: Indian Overseas Bank maintains a representative office and thus operates in Guangzhou.
Row 16: Indian Overseas Bank is rated by ICRA for its Basel III Tier II bonds.
Row 17: Indian Overseas Bank operates through a 35% stake joint-venture partnership with India International Bank (Malaysia).
Row 18: Indian Overseas Bank retains operations through a representative office in Kuala Lumpur.
Row 19: Indian Overseas Bank carries significant legacy lending exposure to the Corporate and International Book.
Row 20: Indian Overseas Bank caters directly to the MSME segment.
Row 21: Indian Overseas Bank actively targets and serves NRI Customers.
Row 22: Indian Overseas Bank's margin growth is driven by domestic net-interest-margin improvement.
Row 23: Indian Overseas Bank saw a 49.32% rise in net profit to ₹1,659 crore.
Row 24: Indian Overseas Bank distributes services using its Offshore Banking Unit.
Row 25: Indian Overseas Bank is regulated by the RBI.
Row 26: Indian Overseas Bank serves the Retail customer segment.
Row 27: Indian Overseas Bank is regulated by SEBI.
Row 28: Srinivasan Sridhar was appointed part-time non-official director and non-executive chairman of Indian Overseas Bank.
Row 29: Indian Overseas Bank serves the specific Tamil Diaspora community via its overseas network.
Row 30: Indian Overseas Bank maintains operations from its Tamil Nadu base.
Row 31: Indian Overseas Bank utilizes Basel III Tier II bonds as a funding source.
Row 32: Indian Overseas Bank serves Agricultural customers.
Row 33: Indian Overseas Bank recorded a capital adequacy ratio of 19.36% for Q1 FY27.
Row 34: Indian Overseas Bank provides various Cash-Management Services.
Row 35: Indian Overseas Bank maintains banking operations for Corporate customers.
Row 36: Indian Overseas Bank is exposed to cost risk driven by its rising cost-to-income ratio.
Row 37: Indian Overseas Bank experienced a sharp rise in its cost-to-income ratio, jumping from 44.22% to 53.95% year-on-year.
Row 38: Indian Overseas Bank posted deposit growth of 13.72% year-on-year for Q1 FY27.
Row 39: Indian Overseas Bank recorded a Domestic Net Interest Margin of 3.48% for Q1 FY27.
Row 40: Indian Overseas Bank offers Forex services to its customers.
Row 41: Indian Overseas Bank improved its gross NPA to 1.33% from 1.97% a year earlier.
Row 42: Indian Overseas Bank is exposed to liquidity risk resulting from its rising credit-deposit ratio.
Row 43: Indian Overseas Bank is subject to minimum-public-shareholding norms.
Row 44: Indian Overseas Bank reported a net NPA of 0.18%.
Row 45: Indian Overseas Bank generated ₹3,688 crore in Net Interest Income during Q1 FY27.
Row 46: Indian Overseas Bank is exposed to operational risk linked to the jump in its cost-to-income ratio.
Row 47: Indian Overseas Bank achieved a provision coverage ratio of 97.67%.
Row 48: Indian Overseas Bank is exposed to regulatory risk tied to the ongoing government stake-sale process.
Row 49: Indian Overseas Bank's return on equity is supported by a profit turnaround following an asset-quality cleanup.
Row 50: Indian Overseas Bank actively provides Trade Finance services.","Indian Overseas Bank reported a 49.32% rise in net profit to ₹1,659 crore for Q1 FY27, alongside strong global advances of ₹3.22 trillion that surged 22.75% year-on-year. However, the bank faces liquidity and funding pressures from an increasing credit-deposit ratio of 85.63% and a declining global CASA ratio of 41.05%, compounded by a rising cost-to-income ratio of 53.95%.",Not relevant,The assistant output discusses the bank's financial results and ratios instead of providing its ticker symbol and stock exchange information.,
"Who is the current MD & CEO (or Chairman, where that is the top executive title) of Indian Overseas Bank?",F_Simple,F_Simple,0.6870087860052408,simple_triplet,True,"[""uti"", ""Indian Overseas Bank"", ""MD""]","[{""entity"": ""uti"", ""matched_node_name"": ""UTI"", ""matched_id"": ""fd4feaba-a9ac-4e43-9418-e90485ccc0ee"", ""matched_type"": ""SHAREHOLDER"", ""similarity"": 1.0, ""source"": ""gazetteer""}, {""entity"": ""Indian Overseas Bank"", ""matched_node_name"": ""Indian Overseas Bank"", ""matched_id"": ""4f48b350-fb00-420d-81f9-0f5c74f14c06"", ""matched_type"": ""COMPANY"", ""similarity"": 1.0, ""source"": ""gazetteer""}, {""entity"": ""MD"", ""matched_node_name"": ""Sydney"", ""matched_id"": ""6ce73991-b958-4fd6-a892-0d2f5d32b61b"", ""matched_type"": ""GEOGRAPHY"", ""similarity"": 0.6347882270812988, ""source"": ""semantic""}]","Who is the current <GEOGRAPHY> & CEO (or Chairman, where that is the top exec<SHAREHOLDER>ve title) of <COMPANY>?","{""nn1"": ""COMPANY"", ""prop1_list"": [""GovernanceRole""], ""target_ids"": [""fd4feaba-a9ac-4e43-9418-e90485ccc0ee"", ""6ce73991-b958-4fd6-a892-0d2f5d32b61b""], ""nnp1"": ""4f48b350-fb00-420d-81f9-0f5c74f14c06""}","{""nnp1"": ""4f48b350-fb00-420d-81f9-0f5c74f14c06"", ""nnp2"": ""6ce73991-b958-4fd6-a892-0d2f5d32b61b"", ""nnp3"": null, ""prop1"": ""GovernanceRole"", ""nn1"": ""COMPANY"", ""nn2"": ""GEOGRAPHY"", ""threshold"": null, ""target_ids"": [""fd4feaba-a9ac-4e43-9418-e90485ccc0ee"", ""6ce73991-b958-4fd6-a892-0d2f5d32b61b""], ""prop1_list"": [""GovernanceRole""]}",attribute_lookup,7,"Template: simple_triplet (F_Simple)
Query intent: Simple question: subject linked to objects via a predicate.

Row 1: Indian Overseas Bank's banking_segment is universal bank
Row 2: Indian Overseas Bank's country is India
Row 3: Indian Overseas Bank's description is Indian Overseas Bank, headquartered in Chennai, Tamil Nadu and founded in 1937, is a Government of India-owned universal bank with a meaningful legacy corporate and international book alongside its retail and MSME push.
Row 4: Indian Overseas Bank's exchange is NSE, BSE
Row 5: Indian Overseas Bank's legal_name is Indian Overseas Bank
Row 6: Indian Overseas Bank's listed is True
Row 7: Indian Overseas Bank's ticker is IOB","Headquartered in Chennai and founded in 1937, Indian Overseas Bank is a Government of India-owned universal bank operating within the country with a strong presence in the retail, MSME, corporate, and international sectors. The institution is publicly listed under the ticker symbol IOB on both the NSE and BSE exchanges.",Not relevant,The assistant output provides general background information about Indian Overseas Bank but completely fails to answer the user's question regarding the current MD & CEO or top executive.,
"What percentage of Indian Overseas Bank is held by its government promoter or largest shareholder, and as of what date?",F_LogUnion,F_LogUnion,0.6758920373727951,logical_union,True,"[""Indian Overseas Bank""]","[{""entity"": ""Indian Overseas Bank"", ""matched_node_name"": ""Indian Overseas Bank"", ""matched_id"": ""4f48b350-fb00-420d-81f9-0f5c74f14c06"", ""matched_type"": ""COMPANY"", ""similarity"": 1.0, ""source"": ""gazetteer""}]","What percentage of <COMPANY> is held by its government promoter or largest shareholder, and as of what date?","{""nn1"": ""COMPANY"", ""nnp2"": null, ""prop1"": ""REGULATED_BY"", ""nnp1"": ""4f48b350-fb00-420d-81f9-0f5c74f14c06""}","{""nnp1"": ""4f48b350-fb00-420d-81f9-0f5c74f14c06"", ""nnp2"": null, ""nnp3"": null, ""prop1"": ""REGULATED_BY"", ""nn1"": ""COMPANY"", ""nn2"": null, ""threshold"": null, ""target_ids"": [], ""prop1_list"": [""OWNS"", ""REGULATED_BY"", ""OwnershipStake""]}",primary,50,"Template: logical_union (F_LogUnion)
Query intent: Union of two relationship patterns from the same subject.

Row 1: Indian Overseas Bank was assigned or had reaffirmed an AA Stable rating for its Basel III Tier II bonds by ICRA.
Row 2: Ajay Kumar Srivastava functions as MD & CEO for Indian Overseas Bank.
Row 3: Indian Overseas Bank distributes services using a massive network of Banking Correspondents.
Row 4: Indian Overseas Bank suffered a decline in its CASA base.
Row 5: Indian Overseas Bank is headquartered in Chennai.
Row 6: Indian Overseas Bank manages operations via a banking unit in Colombo.
Row 7: Indian Overseas Bank saw its Credit-Deposit Ratio climb significantly by 630 basis points to 85.63%.
Row 8: Indian Overseas Bank faced liquidity and funding pressures due to an increasing credit-deposit ratio.
Row 9: Indian Overseas Bank operates internationally with a representative office in Dubai.
Row 10: Indian Overseas Bank faces funding risk due to the erosion of its CASA deposits.
Row 11: Indian Overseas Bank experienced a decline in its Global CASA Ratio to 41.05% in Q1 FY27.
Row 12: Indian Overseas Bank achieved a Global Margin of 3.37% over Q1 FY27.
Row 13: Indian Overseas Bank reported Global Advances of ₹3.22 trillion in Q1 FY27, surging 22.75% year-on-year.
Row 14: The Government of India holds majority ownership of Indian Overseas Bank.
Row 15: Indian Overseas Bank maintains a representative office and thus operates in Guangzhou.
Row 16: Indian Overseas Bank is rated by ICRA for its Basel III Tier II bonds.
Row 17: Indian Overseas Bank operates through a 35% stake joint-venture partnership with India International Bank (Malaysia).
Row 18: Indian Overseas Bank retains operations through a representative office in Kuala Lumpur.
Row 19: Indian Overseas Bank carries significant legacy lending exposure to the Corporate and International Book.
Row 20: Indian Overseas Bank caters directly to the MSME segment.
Row 21: Indian Overseas Bank actively targets and serves NRI Customers.
Row 22: Indian Overseas Bank's margin growth is driven by domestic net-interest-margin improvement.
Row 23: Indian Overseas Bank saw a 49.32% rise in net profit to ₹1,659 crore.
Row 24: Indian Overseas Bank distributes services using its Offshore Banking Unit.
Row 25: Indian Overseas Bank is regulated by the RBI.
Row 26: Indian Overseas Bank serves the Retail customer segment.
Row 27: Indian Overseas Bank is regulated by SEBI.
Row 28: Srinivasan Sridhar was appointed part-time non-official director and non-executive chairman of Indian Overseas Bank.
Row 29: Indian Overseas Bank serves the specific Tamil Diaspora community via its overseas network.
Row 30: Indian Overseas Bank maintains operations from its Tamil Nadu base.
Row 31: Indian Overseas Bank utilizes Basel III Tier II bonds as a funding source.
Row 32: Indian Overseas Bank serves Agricultural customers.
Row 33: Indian Overseas Bank recorded a capital adequacy ratio of 19.36% for Q1 FY27.
Row 34: Indian Overseas Bank provides various Cash-Management Services.
Row 35: Indian Overseas Bank maintains banking operations for Corporate customers.
Row 36: Indian Overseas Bank is exposed to cost risk driven by its rising cost-to-income ratio.
Row 37: Indian Overseas Bank experienced a sharp rise in its cost-to-income ratio, jumping from 44.22% to 53.95% year-on-year.
Row 38: Indian Overseas Bank posted deposit growth of 13.72% year-on-year for Q1 FY27.
Row 39: Indian Overseas Bank recorded a Domestic Net Interest Margin of 3.48% for Q1 FY27.
Row 40: Indian Overseas Bank offers Forex services to its customers.
Row 41: Indian Overseas Bank improved its gross NPA to 1.33% from 1.97% a year earlier.
Row 42: Indian Overseas Bank is exposed to liquidity risk resulting from its rising credit-deposit ratio.
Row 43: Indian Overseas Bank is subject to minimum-public-shareholding norms.
Row 44: Indian Overseas Bank reported a net NPA of 0.18%.
Row 45: Indian Overseas Bank generated ₹3,688 crore in Net Interest Income during Q1 FY27.
Row 46: Indian Overseas Bank is exposed to operational risk linked to the jump in its cost-to-income ratio.
Row 47: Indian Overseas Bank achieved a provision coverage ratio of 97.67%.
Row 48: Indian Overseas Bank is exposed to regulatory risk tied to the ongoing government stake-sale process.
Row 49: Indian Overseas Bank's return on equity is supported by a profit turnaround following an asset-quality cleanup.
Row 50: Indian Overseas Bank actively provides Trade Finance services.","During Q1 FY27, Indian Overseas Bank reported strong financial performance with a 49.32% surge in net profit to ₹1,659 crore, supported by global advances reaching ₹3.22 trillion and a capital adequacy ratio of 19.36%. However, the bank faces ongoing liquidity, funding, and operational pressures driven by a rising credit-deposit ratio of 85.63%, an eroding CASA base, and a cost-to-income ratio jumping to 53.95%.",Not relevant,"The assistant output discusses net profit, advances, and financial ratios for Indian Overseas Bank, but it completely fails to answer the question about the government promoter's holding percentage and the corresponding date.",
What was Indian Overseas Bank's CASA ratio in the most recently reported quarter?,F_Simple,F_Simple,0.4957014209614541,simple_triplet,True,"[""Indian Overseas Bank"", ""CASA ratio""]","[{""entity"": ""Indian Overseas Bank"", ""matched_node_name"": ""Indian Overseas Bank"", ""matched_id"": ""4f48b350-fb00-420d-81f9-0f5c74f14c06"", ""matched_type"": ""COMPANY"", ""similarity"": 1.0, ""source"": ""gazetteer""}, {""entity"": ""CASA ratio"", ""matched_node_name"": ""CASA ratio"", ""matched_id"": ""f552ef12-cf71-4307-80e3-1eb10e256154"", ""matched_type"": ""METRIC"", ""similarity"": 1.0, ""source"": ""gazetteer""}]",What was <COMPANY>'s <METRIC> in the most recently reported quarter?,"{""nn1"": ""COMPANY"", ""prop1_list"": [], ""target_ids"": [""f552ef12-cf71-4307-80e3-1eb10e256154""], ""nnp1"": ""4f48b350-fb00-420d-81f9-0f5c74f14c06""}","{""nnp1"": ""4f48b350-fb00-420d-81f9-0f5c74f14c06"", ""nnp2"": ""f552ef12-cf71-4307-80e3-1eb10e256154"", ""nnp3"": null, ""prop1"": null, ""nn1"": ""COMPANY"", ""nn2"": ""METRIC"", ""threshold"": null, ""target_ids"": [""f552ef12-cf71-4307-80e3-1eb10e256154""], ""prop1_list"": []}",primary,1,"Template: simple_triplet (F_Simple)
Query intent: Simple question: subject linked to objects via a predicate.

Row 1: Indian Overseas Bank suffered a decline in its CASA base.",Indian Overseas Bank experienced a downturn in its CASA base. No specific figures or dates were provided regarding this decline.,Not relevant,The assistant output fails to provide the specific CASA ratio figure requested for the most recently reported quarter.,
What is Indian Overseas Bank's net interest margin (NIM) for the latest reported period?,F_Simple,F_Simple,0.4559410416941235,simple_triplet,True,"[""Indian Overseas Bank"", ""net interest margin""]","[{""entity"": ""Indian Overseas Bank"", ""matched_node_name"": ""Indian Overseas Bank"", ""matched_id"": ""4f48b350-fb00-420d-81f9-0f5c74f14c06"", ""matched_type"": ""COMPANY"", ""similarity"": 1.0, ""source"": ""gazetteer""}, {""entity"": ""net interest margin"", ""matched_node_name"": ""Net interest margin"", ""matched_id"": ""ce0a12ce-b581-4229-a6b2-4d53c46e9d9d"", ""matched_type"": ""METRIC"", ""similarity"": 1.0, ""source"": ""gazetteer""}]",What is <COMPANY>'s <METRIC> (NIM) for the latest reported period?,"{""nn1"": ""COMPANY"", ""prop1_list"": [], ""target_ids"": [""ce0a12ce-b581-4229-a6b2-4d53c46e9d9d""], ""nnp1"": ""4f48b350-fb00-420d-81f9-0f5c74f14c06""}","{""nnp1"": ""4f48b350-fb00-420d-81f9-0f5c74f14c06"", ""nnp2"": ""ce0a12ce-b581-4229-a6b2-4d53c46e9d9d"", ""nnp3"": null, ""prop1"": null, ""nn1"": ""COMPANY"", ""nn2"": ""METRIC"", ""threshold"": null, ""target_ids"": [""ce0a12ce-b581-4229-a6b2-4d53c46e9d9d""], ""prop1_list"": []}",primary,1,"Template: simple_triplet (F_Simple)
Query intent: Simple question: subject linked to objects via a predicate.

Row 1: Indian Overseas Bank's margin growth is driven by domestic net-interest-margin improvement.",Indian Overseas Bank's margin growth is primarily driven by improvements in its domestic net-interest-margin.,Somewhat relevant,"The output mentions domestic net interest margin and margin growth context, but fails to provide the specific numerical value for the net interest margin (NIM) for the latest reported period as requested.",
What are Indian Overseas Bank's gross NPA and net NPA ratios?,F_Simple,F_Simple,0.5339957873182645,simple_triplet,True,"[""Indian Overseas Bank"", ""gross NPA"", ""net NPA""]","[{""entity"": ""Indian Overseas Bank"", ""matched_node_name"": ""Indian Overseas Bank"", ""matched_id"": ""4f48b350-fb00-420d-81f9-0f5c74f14c06"", ""matched_type"": ""COMPANY"", ""similarity"": 1.0, ""source"": ""gazetteer""}, {""entity"": ""gross NPA"", ""matched_node_name"": ""gross NPA"", ""matched_id"": ""00c1065d-13f6-42fc-be09-d1a8be6780cd"", ""matched_type"": ""METRIC"", ""similarity"": 1.0, ""source"": ""gazetteer""}, {""entity"": ""net NPA"", ""matched_node_name"": ""net NPA"", ""matched_id"": ""4539ed7c-a229-4073-a946-c4b6498648c7"", ""matched_type"": ""METRIC"", ""similarity"": 1.0, ""source"": ""gazetteer""}]",What are <COMPANY>'s <METRIC> and <METRIC> ratios?,"{""nn1"": ""COMPANY"", ""prop1_list"": [], ""target_ids"": [""00c1065d-13f6-42fc-be09-d1a8be6780cd"", ""4539ed7c-a229-4073-a946-c4b6498648c7""], ""nnp1"": ""4f48b350-fb00-420d-81f9-0f5c74f14c06""}","{""nnp1"": ""4f48b350-fb00-420d-81f9-0f5c74f14c06"", ""nnp2"": ""00c1065d-13f6-42fc-be09-d1a8be6780cd"", ""nnp3"": null, ""prop1"": null, ""nn1"": ""COMPANY"", ""nn2"": ""METRIC"", ""threshold"": null, ""target_ids"": [""00c1065d-13f6-42fc-be09-d1a8be6780cd"", ""4539ed7c-a229-4073-a946-c4b6498648c7""], ""prop1_list"": []}",primary,2,"Template: simple_triplet (F_Simple)
Query intent: Simple question: subject linked to objects via a predicate.

Row 1: Indian Overseas Bank improved its gross NPA to 1.33% from 1.97% a year earlier.
Row 2: Indian Overseas Bank reported a net NPA of 0.18%.","Indian Overseas Bank improved its gross non-performing assets to 1.33% compared to 1.97% from the previous year, while also reporting a net non-performing asset ratio of 0.18%.",Relevant,The assistant output directly and accurately provides both the gross NPA and net NPA ratios for Indian Overseas Bank as requested.,
"What is Indian Overseas Bank's capital adequacy ratio (CRAR), and its CET1 ratio if disclosed?",F_Simple,F_Simple,0.5026933839121343,simple_triplet,True,"[""Indian Overseas Bank"", ""capital adequacy ratio"", ""CE""]","[{""entity"": ""Indian Overseas Bank"", ""matched_node_name"": ""Indian Overseas Bank"", ""matched_id"": ""4f48b350-fb00-420d-81f9-0f5c74f14c06"", ""matched_type"": ""COMPANY"", ""similarity"": 1.0, ""source"": ""gazetteer""}, {""entity"": ""capital adequacy ratio"", ""matched_node_name"": ""capital adequacy ratio"", ""matched_id"": ""a9e7103c-2a43-4d54-94d2-0f9178dbb42e"", ""matched_type"": ""METRIC"", ""similarity"": 1.0, ""source"": ""gazetteer""}, {""entity"": ""CE"", ""matched_node_name"": ""NSE"", ""matched_id"": ""f991983e-e758-47f5-acbf-1afe822e5f20"", ""matched_type"": ""COMPANY"", ""similarity"": 0.6484348893165588, ""source"": ""semantic""}]","What is <COMPANY>'s <METRIC> (CRAR), and its <COMPANY>T1 ratio if disclosed?","{""nn1"": ""COMPANY"", ""prop1_list"": [], ""target_ids"": [""a9e7103c-2a43-4d54-94d2-0f9178dbb42e"", ""f991983e-e758-47f5-acbf-1afe822e5f20""], ""nnp1"": ""4f48b350-fb00-420d-81f9-0f5c74f14c06""}","{""nnp1"": ""4f48b350-fb00-420d-81f9-0f5c74f14c06"", ""nnp2"": ""f991983e-e758-47f5-acbf-1afe822e5f20"", ""nnp3"": null, ""prop1"": null, ""nn1"": ""COMPANY"", ""nn2"": ""COMPANY"", ""threshold"": null, ""target_ids"": [""a9e7103c-2a43-4d54-94d2-0f9178dbb42e"", ""f991983e-e758-47f5-acbf-1afe822e5f20""], ""prop1_list"": []}",primary,1,"Template: simple_triplet (F_Simple)
Query intent: Simple question: subject linked to objects via a predicate.

Row 1: Indian Overseas Bank recorded a capital adequacy ratio of 19.36% for Q1 FY27.",Indian Overseas Bank reported a capital adequacy ratio of 19.36% for the first quarter of fiscal year 2027. This metric highlights the bank's strong capital buffer available to absorb potential financial losses during that period.,Somewhat relevant,The assistant output provides the capital adequacy ratio (CRAR) but fails to address or mention the CET1 ratio requested by the user.,
What are Indian Overseas Bank's return on assets (ROA) and return on equity (ROE) for the latest quarter?,F_Simple,F_Simple,0.6404601230266839,simple_triplet,True,"[""Indian Overseas Bank"", ""return on assets"", ""return on equity""]","[{""entity"": ""Indian Overseas Bank"", ""matched_node_name"": ""Indian Overseas Bank"", ""matched_id"": ""4f48b350-fb00-420d-81f9-0f5c74f14c06"", ""matched_type"": ""COMPANY"", ""similarity"": 1.0, ""source"": ""gazetteer""}, {""entity"": ""return on assets"", ""matched_node_name"": ""return on assets"", ""matched_id"": ""dd83a8a6-2dd2-4407-9d71-917240c66c55"", ""matched_type"": ""METRIC"", ""similarity"": 1.0, ""source"": ""gazetteer""}, {""entity"": ""return on equity"", ""matched_node_name"": ""return on equity"", ""matched_id"": ""4c4c7086-00d6-4850-9bcd-ae7c8e8479a8"", ""matched_type"": ""METRIC"", ""similarity"": 1.0, ""source"": ""gazetteer""}]",What are <COMPANY>'s <METRIC> (ROA) and <METRIC> (ROE) for the latest quarter?,"{""nn1"": ""COMPANY"", ""prop1_list"": [], ""target_ids"": [""dd83a8a6-2dd2-4407-9d71-917240c66c55"", ""4c4c7086-00d6-4850-9bcd-ae7c8e8479a8""], ""nnp1"": ""4f48b350-fb00-420d-81f9-0f5c74f14c06""}","{""nnp1"": ""4f48b350-fb00-420d-81f9-0f5c74f14c06"", ""nnp2"": ""dd83a8a6-2dd2-4407-9d71-917240c66c55"", ""nnp3"": null, ""prop1"": null, ""nn1"": ""COMPANY"", ""nn2"": ""METRIC"", ""threshold"": null, ""target_ids"": [""dd83a8a6-2dd2-4407-9d71-917240c66c55"", ""4c4c7086-00d6-4850-9bcd-ae7c8e8479a8""], ""prop1_list"": []}",primary,1,"Template: simple_triplet (F_Simple)
Query intent: Simple question: subject linked to objects via a predicate.

Row 1: Indian Overseas Bank's return on equity is supported by a profit turnaround following an asset-quality cleanup.",Indian Overseas Bank achieved a return on equity supported by a profit turnaround following an asset-quality cleanup.,Somewhat relevant,The output mentions return on equity but fails to provide the specific ROE and ROA figures for the latest quarter requested by the user.,
What was Indian Overseas Bank's total advances (loan book) and deposit growth in the latest quarter?,F_Simple,F_Simple,0.5786835426932809,simple_triplet,True,"[""Indian Overseas Bank"", ""total advances"", ""deposit growth""]","[{""entity"": ""Indian Overseas Bank"", ""matched_node_name"": ""Indian Overseas Bank"", ""matched_id"": ""4f48b350-fb00-420d-81f9-0f5c74f14c06"", ""matched_type"": ""COMPANY"", ""similarity"": 1.0, ""source"": ""gazetteer""}, {""entity"": ""total advances"", ""matched_node_name"": ""Total Advances"", ""matched_id"": ""96dbb53b-28f6-42c3-96e5-77dc48c86818"", ""matched_type"": ""METRIC"", ""similarity"": 1.0, ""source"": ""gazetteer""}, {""entity"": ""deposit growth"", ""matched_node_name"": ""deposit growth"", ""matched_id"": ""74d2ba68-dde6-485e-ad5d-c3483d1ec0d8"", ""matched_type"": ""METRIC"", ""similarity"": 1.0, ""source"": ""gazetteer""}]",What was <COMPANY>'s <METRIC> (loan book) and <METRIC> in the latest quarter?,"{""nn1"": ""COMPANY"", ""prop1_list"": [], ""target_ids"": [""96dbb53b-28f6-42c3-96e5-77dc48c86818"", ""74d2ba68-dde6-485e-ad5d-c3483d1ec0d8""], ""nnp1"": ""4f48b350-fb00-420d-81f9-0f5c74f14c06""}","{""nnp1"": ""4f48b350-fb00-420d-81f9-0f5c74f14c06"", ""nnp2"": ""96dbb53b-28f6-42c3-96e5-77dc48c86818"", ""nnp3"": null, ""prop1"": null, ""nn1"": ""COMPANY"", ""nn2"": ""METRIC"", ""threshold"": null, ""target_ids"": [""96dbb53b-28f6-42c3-96e5-77dc48c86818"", ""74d2ba68-dde6-485e-ad5d-c3483d1ec0d8""], ""prop1_list"": []}",primary,1,"Template: simple_triplet (F_Simple)
Query intent: Simple question: subject linked to objects via a predicate.

Row 1: Indian Overseas Bank posted deposit growth of 13.72% year-on-year for Q1 FY27.",Indian Overseas Bank achieved a year-on-year deposit growth of 13.72% for the first quarter of fiscal year 2027.,Somewhat relevant,The assistant output provides the deposit growth for the latest quarter but completely misses the user's request for total advances (loan book) growth.,
"What credit ratings has Indian Overseas Bank received, and from which rating agencies?",F_Simple,F_Simple,0.5428842858605917,simple_triplet,True,"[""Indian Overseas Bank""]","[{""entity"": ""Indian Overseas Bank"", ""matched_node_name"": ""Indian Overseas Bank"", ""matched_id"": ""4f48b350-fb00-420d-81f9-0f5c74f14c06"", ""matched_type"": ""COMPANY"", ""similarity"": 1.0, ""source"": ""gazetteer""}]","What credit ratings has <COMPANY> received, and from which rating agencies?","{""nn1"": ""COMPANY"", ""prop1_list"": [""HAS_RATING""], ""target_ids"": [], ""nnp1"": ""4f48b350-fb00-420d-81f9-0f5c74f14c06""}","{""nnp1"": ""4f48b350-fb00-420d-81f9-0f5c74f14c06"", ""nnp2"": null, ""nnp3"": null, ""prop1"": ""HAS_RATING"", ""nn1"": ""COMPANY"", ""nn2"": null, ""threshold"": null, ""target_ids"": [], ""prop1_list"": [""HAS_RATING""]}",primary,1,"Template: simple_triplet (F_Simple)
Query intent: Simple question: subject linked to objects via a predicate.

Row 1: Indian Overseas Bank was assigned or had reaffirmed an AA Stable rating for its Basel III Tier II bonds by ICRA.",ICRA assigned or reaffirmed an AA Stable rating to the Basel III Tier II bonds of Indian Overseas Bank.,Somewhat relevant,"The output mentions a specific rating agency and rating for Indian Overseas Bank, but it only covers Basel III Tier II bonds rather than providing a comprehensive overview of all credit ratings received by the bank.",
"Roughly how many branches and ATMs does Indian Overseas Bank operate, and as of what date?",F_QuantCount,F_QuantCount,0.5789900185289873,quant_count,True,"[""ATMs"", ""Indian Overseas Bank""]","[{""entity"": ""ATMs"", ""matched_node_name"": ""ATMs"", ""matched_id"": ""1d9af7d1-80d1-4631-9a7a-7765335565d0"", ""matched_type"": ""DISTRIBUTIONCHANNEL"", ""similarity"": 1.0, ""source"": ""gazetteer""}, {""entity"": ""Indian Overseas Bank"", ""matched_node_name"": ""Indian Overseas Bank"", ""matched_id"": ""4f48b350-fb00-420d-81f9-0f5c74f14c06"", ""matched_type"": ""COMPANY"", ""similarity"": 1.0, ""source"": ""gazetteer""}]","Roughly how many branches and <DISTRIBUTIONCHANNEL> does <COMPANY> operate, and as of what date?","{""nn1"": ""COMPANY"", ""nn2"": ""DISTRIBUTIONCHANNEL"", ""prop1"": null, ""nnp1"": ""4f48b350-fb00-420d-81f9-0f5c74f14c06""}","{""nnp1"": ""4f48b350-fb00-420d-81f9-0f5c74f14c06"", ""nnp2"": ""1d9af7d1-80d1-4631-9a7a-7765335565d0"", ""nnp3"": null, ""prop1"": null, ""nn1"": ""COMPANY"", ""nn2"": ""DISTRIBUTIONCHANNEL"", ""threshold"": null, ""target_ids"": [""1d9af7d1-80d1-4631-9a7a-7765335565d0""], ""prop1_list"": []}",primary,1,"Template: quant_count (F_QuantCount)
Query intent: Count related objects for a subject entity.

Row 1: subject_name=Indian Overseas Bank | object_count=2 (2 facts)
  - Indian Overseas Bank distributes services using its Offshore Banking Unit.
  - Indian Overseas Bank distributes services using a massive network of Banking Correspondents.",Indian Overseas Bank distributes its services through an Offshore Banking Unit and a massive network of Banking Correspondents.,Not relevant,"The assistant output completely fails to provide the number of branches, ATMs, or the date requested by the user.",
"What products and services does Indian Overseas Bank offer, and which customer segments does it serve?",F_Simple,F_Simple,0.6085853750573809,simple_triplet,True,"[""Indian Overseas Bank""]","[{""entity"": ""Indian Overseas Bank"", ""matched_node_name"": ""Indian Overseas Bank"", ""matched_id"": ""4f48b350-fb00-420d-81f9-0f5c74f14c06"", ""matched_type"": ""COMPANY"", ""similarity"": 1.0, ""source"": ""gazetteer""}]","What products and services does <COMPANY> offer, and which customer segments does it serve?","{""nn1"": ""COMPANY"", ""prop1_list"": [""OFFERS_PRODUCT"", ""SERVES""], ""target_ids"": [], ""nnp1"": ""4f48b350-fb00-420d-81f9-0f5c74f14c06""}","{""nnp1"": ""4f48b350-fb00-420d-81f9-0f5c74f14c06"", ""nnp2"": null, ""nnp3"": null, ""prop1"": ""SERVES"", ""nn1"": ""COMPANY"", ""nn2"": null, ""threshold"": null, ""target_ids"": [], ""prop1_list"": [""OFFERS_PRODUCT"", ""SERVES""]}",primary,6,"Template: simple_triplet (F_Simple)
Query intent: Simple question: subject linked to objects via a predicate.

Row 1: Indian Overseas Bank caters directly to the MSME segment.
Row 2: Indian Overseas Bank actively targets and serves NRI Customers.
Row 3: Indian Overseas Bank serves the Retail customer segment.
Row 4: Indian Overseas Bank serves the specific Tamil Diaspora community via its overseas network.
Row 5: Indian Overseas Bank serves Agricultural customers.
Row 6: Indian Overseas Bank maintains banking operations for Corporate customers.","Indian Overseas Bank serves a diverse customer base that includes retail, agricultural, corporate, and MSME segments, alongside non-resident Indians. Additionally, the bank caters to the specific Tamil Diaspora community through its established overseas network.",Somewhat relevant,"The output successfully identifies the customer segments served by Indian Overseas Bank, but it fails to mention the products and services offered by the bank.",
What is UCO Bank's ticker symbol and on which exchange(s) does it trade?,F_Simple,F_Simple,0.5660659596990265,simple_triplet,True,"[""UCO Bank""]","[{""entity"": ""UCO Bank"", ""matched_node_name"": ""UCO Bank"", ""matched_id"": ""6ad1d1bd-36b5-47a3-bca9-63c31f3a5070"", ""matched_type"": ""COMPANY"", ""similarity"": 1.0, ""source"": ""gazetteer""}]",What is <COMPANY>'s ticker symbol and on which exchange(s) does it trade?,"{""nn1"": ""COMPANY"", ""prop1_list"": [], ""target_ids"": [], ""nnp1"": ""6ad1d1bd-36b5-47a3-bca9-63c31f3a5070""}","{""nnp1"": ""6ad1d1bd-36b5-47a3-bca9-63c31f3a5070"", ""nnp2"": null, ""nnp3"": null, ""prop1"": null, ""nn1"": ""COMPANY"", ""nn2"": null, ""threshold"": null, ""target_ids"": [], ""prop1_list"": []}",primary,33,"Template: simple_triplet (F_Simple)
Query intent: Simple question: subject linked to objects via a predicate.

Row 1: CRISIL reaffirmed an A1+ short-term rating on UCO Bank's certificate-of-deposit programme.
Row 2: CARE Ratings upgraded UCO Bank's bond rating to AA Stable.
Row 3: UCO Bank operates 2,613 ATMs as of March 2025.
Row 4: Aravamudan Krishna Kumar is reported to hold the role of non-executive chairman at UCO Bank according to Wikipedia.
Row 5: Ashwani Kumar is named as MD & CEO of UCO Bank according to Wikipedia.
Row 6: UCO Bank's bonds were rated by CARE Ratings.
Row 7: UCO Bank's short-term certificate-of-deposit programme was rated by CRISIL.
Row 8: UCO Bank funds itself using a certificate-of-deposit programme.
Row 9: UCO Bank has a historically strong presence in East India.
Row 10: UCO Bank is exposed to funding risk due to its dependency on external fundraising.
Row 11: The Government of India held a 90.95% ownership stake in UCO Bank as of the December 2025 quarter.
Row 12: UCO Bank operates an overseas branch in Hong Kong.
Row 13: UCO Bank is headquartered in Kolkata.
Row 14: LIC held a 2.31% stake in UCO Bank as of the December 2025 quarter.
Row 15: UCO Bank's net interest margin was around 3%.
Row 16: UCO Bank reported a net profit of ₹656 crore for the quarter, up 8% year-on-year.
Row 17: UCO Bank has a historically strong presence in Northeast India.
Row 18: UCO Bank is regulated by the RBI.
Row 19: UCO Bank is regulated by SEBI.
Row 20: UCO Bank operates an overseas branch in Singapore.
Row 21: UCO Bank operates a representative office in Tehran.
Row 22: UCO Bank's total advances grew 21.33% year-on-year as of June 30, 2026.
Row 23: UCO Bank is headquartered in West Bengal.
Row 24: UCO Bank operates 3,302 branches as of March 2025.
Row 25: UCO Bank reported a capital ratio of 17.12% for FY26.
Row 26: UCO Bank is exposed to ordinary credit risk.
Row 27: UCO Bank received board approval to raise up to $1 billion in foreign-currency funds.
Row 28: UCO Bank is subject to minimum-public-shareholding compliance.
Row 29: UCO Bank achieved an 80% increase in operating profit.
Row 30: UCO Bank is exposed to operational risk resulting from ongoing network modernization.
Row 31: UCO Bank is exposed to regulatory risk tied to minimum-public-shareholding compliance.
Row 32: UCO Bank's total business crossed ₹6 lakh crore.
Row 33: UCO Bank operates as a universal bank.","UCO Bank operates as a universal bank with a strong presence in East and Northeast India, backed by majority ownership from the Government of India at 90.95% as of the December 2025 quarter. Financially, the bank reported a net profit of ₹656 crore—up 8% year-on-year—a net interest margin of around 3%, a capital ratio of 17.12% for FY26, and total advances growth of 21.33% as of June 30, 2026.",Not relevant,The assistant output discusses the bank's financial performance and ownership structure but fails to provide the requested ticker symbol and trading exchange.,
What was UCO Bank's CASA ratio in the most recently reported quarter?,F_Simple,F_Simple,0.4957014209614541,simple_triplet,True,"[""UCO Bank"", ""CASA ratio""]","[{""entity"": ""UCO Bank"", ""matched_node_name"": ""UCO Bank"", ""matched_id"": ""6ad1d1bd-36b5-47a3-bca9-63c31f3a5070"", ""matched_type"": ""COMPANY"", ""similarity"": 1.0, ""source"": ""gazetteer""}, {""entity"": ""CASA ratio"", ""matched_node_name"": ""CASA ratio"", ""matched_id"": ""f552ef12-cf71-4307-80e3-1eb10e256154"", ""matched_type"": ""METRIC"", ""similarity"": 1.0, ""source"": ""gazetteer""}]",What was <COMPANY>'s <METRIC> in the most recently reported quarter?,"{""nn1"": ""COMPANY"", ""prop1_list"": [], ""target_ids"": [""f552ef12-cf71-4307-80e3-1eb10e256154""], ""nnp1"": ""6ad1d1bd-36b5-47a3-bca9-63c31f3a5070""}","{""nnp1"": ""6ad1d1bd-36b5-47a3-bca9-63c31f3a5070"", ""nnp2"": ""f552ef12-cf71-4307-80e3-1eb10e256154"", ""nnp3"": null, ""prop1"": null, ""nn1"": ""COMPANY"", ""nn2"": ""METRIC"", ""threshold"": null, ""target_ids"": [""f552ef12-cf71-4307-80e3-1eb10e256154""], ""prop1_list"": []}",relaxed_direction,33,"Template: simple_triplet (F_Simple)
Query intent: Simple question: subject linked to objects via a predicate.

Row 1: UCO Bank operates 3,302 branches as of March 2025.
Row 2: UCO Bank operates 2,613 ATMs as of March 2025.
Row 3: UCO Bank is exposed to ordinary credit risk.
Row 4: UCO Bank is exposed to regulatory risk tied to minimum-public-shareholding compliance.
Row 5: UCO Bank reported a capital ratio of 17.12% for FY26.
Row 6: UCO Bank's net interest margin was around 3%.
Row 7: UCO Bank reported a net profit of ₹656 crore for the quarter, up 8% year-on-year.
Row 8: UCO Bank is exposed to funding risk due to its dependency on external fundraising.
Row 9: CARE Ratings upgraded UCO Bank's bond rating to AA Stable.
Row 10: UCO Bank operates an overseas branch in Hong Kong.
Row 11: UCO Bank is exposed to operational risk resulting from ongoing network modernization.
Row 12: UCO Bank operates an overseas branch in Singapore.
Row 13: CRISIL reaffirmed an A1+ short-term rating on UCO Bank's certificate-of-deposit programme.
Row 14: UCO Bank funds itself using a certificate-of-deposit programme.
Row 15: UCO Bank's total advances grew 21.33% year-on-year as of June 30, 2026.
Row 16: UCO Bank is subject to minimum-public-shareholding compliance.
Row 17: UCO Bank is headquartered in Kolkata.
Row 18: UCO Bank is headquartered in West Bengal.
Row 19: UCO Bank has a historically strong presence in East India.
Row 20: UCO Bank has a historically strong presence in Northeast India.
Row 21: UCO Bank received board approval to raise up to $1 billion in foreign-currency funds.
Row 22: UCO Bank's total business crossed ₹6 lakh crore.
Row 23: UCO Bank achieved an 80% increase in operating profit.
Row 24: UCO Bank operates a representative office in Tehran.
Row 25: UCO Bank is regulated by the RBI.
Row 26: UCO Bank is regulated by SEBI.
Row 27: UCO Bank's short-term certificate-of-deposit programme was rated by CRISIL.
Row 28: UCO Bank's bonds were rated by CARE Ratings.
Row 29: UCO Bank operates as a universal bank.
Row 30: Ashwani Kumar is named as MD & CEO of UCO Bank according to Wikipedia.
Row 31: Aravamudan Krishna Kumar is reported to hold the role of non-executive chairman at UCO Bank according to Wikipedia.
Row 32: The Government of India held a 90.95% ownership stake in UCO Bank as of the December 2025 quarter.
Row 33: LIC held a 2.31% stake in UCO Bank as of the December 2025 quarter.","UCO Bank operates thousands of domestic branches and ATMs alongside international locations, supporting a total business volume exceeding ₹6 lakh crore and reporting strong recent financial growth, including a quarterly net profit of ₹656 crore and a capital ratio of 17.12% for FY26. The institution maintains favorable credit and bond ratings from agencies like CRISIL and CARE Ratings while managing standard operational, regulatory, and funding risks associated with its reliance on external fundraising and minimum-public-shareholding compliance.",Not relevant,"The assistant output discusses UCO Bank's general operations, profits, capital ratios, and ratings, but completely fails to provide the requested CASA ratio for the most recently reported quarter.",
What is UCO Bank's net interest margin (NIM) for the latest reported period?,F_Simple,F_Simple,0.4559410416941235,simple_triplet,True,"[""UCO Bank"", ""net interest margin""]","[{""entity"": ""UCO Bank"", ""matched_node_name"": ""UCO Bank"", ""matched_id"": ""6ad1d1bd-36b5-47a3-bca9-63c31f3a5070"", ""matched_type"": ""COMPANY"", ""similarity"": 1.0, ""source"": ""gazetteer""}, {""entity"": ""net interest margin"", ""matched_node_name"": ""Net interest margin"", ""matched_id"": ""ce0a12ce-b581-4229-a6b2-4d53c46e9d9d"", ""matched_type"": ""METRIC"", ""similarity"": 1.0, ""source"": ""gazetteer""}]",What is <COMPANY>'s <METRIC> (NIM) for the latest reported period?,"{""nn1"": ""COMPANY"", ""prop1_list"": [], ""target_ids"": [""ce0a12ce-b581-4229-a6b2-4d53c46e9d9d""], ""nnp1"": ""6ad1d1bd-36b5-47a3-bca9-63c31f3a5070""}","{""nnp1"": ""6ad1d1bd-36b5-47a3-bca9-63c31f3a5070"", ""nnp2"": ""ce0a12ce-b581-4229-a6b2-4d53c46e9d9d"", ""nnp3"": null, ""prop1"": null, ""nn1"": ""COMPANY"", ""nn2"": ""METRIC"", ""threshold"": null, ""target_ids"": [""ce0a12ce-b581-4229-a6b2-4d53c46e9d9d""], ""prop1_list"": []}",primary,1,"Template: simple_triplet (F_Simple)
Query intent: Simple question: subject linked to objects via a predicate.

Row 1: UCO Bank's net interest margin was around 3%.",UCO Bank recorded a net interest margin of approximately 3%.,Relevant,The assistant output directly addresses the user request by providing the net interest margin (NIM) for UCO Bank.,
What are UCO Bank's gross NPA and net NPA ratios?,F_Simple,F_Simple,0.5339957873182645,simple_triplet,True,"[""UCO Bank"", ""gross NPA"", ""net NPA""]","[{""entity"": ""UCO Bank"", ""matched_node_name"": ""UCO Bank"", ""matched_id"": ""6ad1d1bd-36b5-47a3-bca9-63c31f3a5070"", ""matched_type"": ""COMPANY"", ""similarity"": 1.0, ""source"": ""gazetteer""}, {""entity"": ""gross NPA"", ""matched_node_name"": ""gross NPA"", ""matched_id"": ""00c1065d-13f6-42fc-be09-d1a8be6780cd"", ""matched_type"": ""METRIC"", ""similarity"": 1.0, ""source"": ""gazetteer""}, {""entity"": ""net NPA"", ""matched_node_name"": ""net NPA"", ""matched_id"": ""4539ed7c-a229-4073-a946-c4b6498648c7"", ""matched_type"": ""METRIC"", ""similarity"": 1.0, ""source"": ""gazetteer""}]",What are <COMPANY>'s <METRIC> and <METRIC> ratios?,"{""nn1"": ""COMPANY"", ""prop1_list"": [], ""target_ids"": [""00c1065d-13f6-42fc-be09-d1a8be6780cd"", ""4539ed7c-a229-4073-a946-c4b6498648c7""], ""nnp1"": ""6ad1d1bd-36b5-47a3-bca9-63c31f3a5070""}","{""nnp1"": ""6ad1d1bd-36b5-47a3-bca9-63c31f3a5070"", ""nnp2"": ""00c1065d-13f6-42fc-be09-d1a8be6780cd"", ""nnp3"": null, ""prop1"": null, ""nn1"": ""COMPANY"", ""nn2"": ""METRIC"", ""threshold"": null, ""target_ids"": [""00c1065d-13f6-42fc-be09-d1a8be6780cd"", ""4539ed7c-a229-4073-a946-c4b6498648c7""], ""prop1_list"": []}",relaxed_direction,33,"Template: simple_triplet (F_Simple)
Query intent: Simple question: subject linked to objects via a predicate.

Row 1: UCO Bank operates 3,302 branches as of March 2025.
Row 2: UCO Bank operates 2,613 ATMs as of March 2025.
Row 3: UCO Bank is exposed to ordinary credit risk.
Row 4: UCO Bank is exposed to regulatory risk tied to minimum-public-shareholding compliance.
Row 5: UCO Bank reported a capital ratio of 17.12% for FY26.
Row 6: UCO Bank's net interest margin was around 3%.
Row 7: UCO Bank reported a net profit of ₹656 crore for the quarter, up 8% year-on-year.
Row 8: UCO Bank is exposed to funding risk due to its dependency on external fundraising.
Row 9: CARE Ratings upgraded UCO Bank's bond rating to AA Stable.
Row 10: UCO Bank operates an overseas branch in Hong Kong.
Row 11: UCO Bank is exposed to operational risk resulting from ongoing network modernization.
Row 12: UCO Bank operates an overseas branch in Singapore.
Row 13: CRISIL reaffirmed an A1+ short-term rating on UCO Bank's certificate-of-deposit programme.
Row 14: UCO Bank funds itself using a certificate-of-deposit programme.
Row 15: UCO Bank's total advances grew 21.33% year-on-year as of June 30, 2026.
Row 16: UCO Bank is subject to minimum-public-shareholding compliance.
Row 17: UCO Bank is headquartered in Kolkata.
Row 18: UCO Bank is headquartered in West Bengal.
Row 19: UCO Bank has a historically strong presence in East India.
Row 20: UCO Bank has a historically strong presence in Northeast India.
Row 21: UCO Bank received board approval to raise up to $1 billion in foreign-currency funds.
Row 22: UCO Bank's total business crossed ₹6 lakh crore.
Row 23: UCO Bank achieved an 80% increase in operating profit.
Row 24: UCO Bank operates a representative office in Tehran.
Row 25: UCO Bank is regulated by the RBI.
Row 26: UCO Bank is regulated by SEBI.
Row 27: UCO Bank's short-term certificate-of-deposit programme was rated by CRISIL.
Row 28: UCO Bank's bonds were rated by CARE Ratings.
Row 29: UCO Bank operates as a universal bank.
Row 30: Ashwani Kumar is named as MD & CEO of UCO Bank according to Wikipedia.
Row 31: Aravamudan Krishna Kumar is reported to hold the role of non-executive chairman at UCO Bank according to Wikipedia.
Row 32: The Government of India held a 90.95% ownership stake in UCO Bank as of the December 2025 quarter.
Row 33: LIC held a 2.31% stake in UCO Bank as of the December 2025 quarter.","UCO Bank operates a large network of 3,302 branches and 2,613 ATMs, supporting a total business that has crossed ₹6 lakh crore alongside a strong capital ratio of 17.12% for FY26. The bank recently reported a quarterly net profit of ₹656 crore, representing an 8% year-on-year increase, while advancing its funding and international operations under the leadership of MD & CEO Ashwani Kumar.",Not relevant,"The assistant output discusses branch network, total business, capital ratio, net profit, and leadership, but completely fails to provide the requested gross NPA and net NPA ratios.",
"What is UCO Bank's capital adequacy ratio (CRAR), and its CET1 ratio if disclosed?",F_Simple,F_Simple,0.5026933839121343,simple_triplet,True,"[""UCO Bank"", ""capital adequacy ratio"", ""CE""]","[{""entity"": ""UCO Bank"", ""matched_node_name"": ""UCO Bank"", ""matched_id"": ""6ad1d1bd-36b5-47a3-bca9-63c31f3a5070"", ""matched_type"": ""COMPANY"", ""similarity"": 1.0, ""source"": ""gazetteer""}, {""entity"": ""capital adequacy ratio"", ""matched_node_name"": ""capital adequacy ratio"", ""matched_id"": ""a9e7103c-2a43-4d54-94d2-0f9178dbb42e"", ""matched_type"": ""METRIC"", ""similarity"": 1.0, ""source"": ""gazetteer""}, {""entity"": ""CE"", ""matched_node_name"": ""NSE"", ""matched_id"": ""f991983e-e758-47f5-acbf-1afe822e5f20"", ""matched_type"": ""COMPANY"", ""similarity"": 0.6484348893165588, ""source"": ""semantic""}]","What is <COMPANY>'s <METRIC> (CRAR), and its <COMPANY>T1 ratio if disclosed?","{""nn1"": ""COMPANY"", ""prop1_list"": [], ""target_ids"": [""a9e7103c-2a43-4d54-94d2-0f9178dbb42e"", ""f991983e-e758-47f5-acbf-1afe822e5f20""], ""nnp1"": ""6ad1d1bd-36b5-47a3-bca9-63c31f3a5070""}","{""nnp1"": ""6ad1d1bd-36b5-47a3-bca9-63c31f3a5070"", ""nnp2"": ""f991983e-e758-47f5-acbf-1afe822e5f20"", ""nnp3"": null, ""prop1"": null, ""nn1"": ""COMPANY"", ""nn2"": ""COMPANY"", ""threshold"": null, ""target_ids"": [""a9e7103c-2a43-4d54-94d2-0f9178dbb42e"", ""f991983e-e758-47f5-acbf-1afe822e5f20""], ""prop1_list"": []}",primary,1,"Template: simple_triplet (F_Simple)
Query intent: Simple question: subject linked to objects via a predicate.

Row 1: UCO Bank reported a capital ratio of 17.12% for FY26.",UCO Bank reported a capital ratio of 17.12% for the financial year 2026.,Somewhat relevant,The output provides UCO Bank's capital adequacy ratio but fails to mention the CET1 ratio specifically as requested.,
What are UCO Bank's return on assets (ROA) and return on equity (ROE) for the latest quarter?,F_Simple,F_Simple,0.6404601230266839,simple_triplet,True,"[""UCO Bank"", ""return on assets"", ""return on equity""]","[{""entity"": ""UCO Bank"", ""matched_node_name"": ""UCO Bank"", ""matched_id"": ""6ad1d1bd-36b5-47a3-bca9-63c31f3a5070"", ""matched_type"": ""COMPANY"", ""similarity"": 1.0, ""source"": ""gazetteer""}, {""entity"": ""return on assets"", ""matched_node_name"": ""return on assets"", ""matched_id"": ""dd83a8a6-2dd2-4407-9d71-917240c66c55"", ""matched_type"": ""METRIC"", ""similarity"": 1.0, ""source"": ""gazetteer""}, {""entity"": ""return on equity"", ""matched_node_name"": ""return on equity"", ""matched_id"": ""4c4c7086-00d6-4850-9bcd-ae7c8e8479a8"", ""matched_type"": ""METRIC"", ""similarity"": 1.0, ""source"": ""gazetteer""}]",What are <COMPANY>'s <METRIC> (ROA) and <METRIC> (ROE) for the latest quarter?,"{""nn1"": ""COMPANY"", ""prop1_list"": [], ""target_ids"": [""dd83a8a6-2dd2-4407-9d71-917240c66c55"", ""4c4c7086-00d6-4850-9bcd-ae7c8e8479a8""], ""nnp1"": ""6ad1d1bd-36b5-47a3-bca9-63c31f3a5070""}","{""nnp1"": ""6ad1d1bd-36b5-47a3-bca9-63c31f3a5070"", ""nnp2"": ""dd83a8a6-2dd2-4407-9d71-917240c66c55"", ""nnp3"": null, ""prop1"": null, ""nn1"": ""COMPANY"", ""nn2"": ""METRIC"", ""threshold"": null, ""target_ids"": [""dd83a8a6-2dd2-4407-9d71-917240c66c55"", ""4c4c7086-00d6-4850-9bcd-ae7c8e8479a8""], ""prop1_list"": []}",relaxed_direction,33,"Template: simple_triplet (F_Simple)
Query intent: Simple question: subject linked to objects via a predicate.

Row 1: UCO Bank operates 3,302 branches as of March 2025.
Row 2: UCO Bank operates 2,613 ATMs as of March 2025.
Row 3: UCO Bank is exposed to ordinary credit risk.
Row 4: UCO Bank is exposed to regulatory risk tied to minimum-public-shareholding compliance.
Row 5: UCO Bank reported a capital ratio of 17.12% for FY26.
Row 6: UCO Bank's net interest margin was around 3%.
Row 7: UCO Bank reported a net profit of ₹656 crore for the quarter, up 8% year-on-year.
Row 8: UCO Bank is exposed to funding risk due to its dependency on external fundraising.
Row 9: CARE Ratings upgraded UCO Bank's bond rating to AA Stable.
Row 10: UCO Bank operates an overseas branch in Hong Kong.
Row 11: UCO Bank is exposed to operational risk resulting from ongoing network modernization.
Row 12: UCO Bank operates an overseas branch in Singapore.
Row 13: CRISIL reaffirmed an A1+ short-term rating on UCO Bank's certificate-of-deposit programme.
Row 14: UCO Bank funds itself using a certificate-of-deposit programme.
Row 15: UCO Bank's total advances grew 21.33% year-on-year as of June 30, 2026.
Row 16: UCO Bank is subject to minimum-public-shareholding compliance.
Row 17: UCO Bank is headquartered in Kolkata.
Row 18: UCO Bank is headquartered in West Bengal.
Row 19: UCO Bank has a historically strong presence in East India.
Row 20: UCO Bank has a historically strong presence in Northeast India.
Row 21: UCO Bank received board approval to raise up to $1 billion in foreign-currency funds.
Row 22: UCO Bank's total business crossed ₹6 lakh crore.
Row 23: UCO Bank achieved an 80% increase in operating profit.
Row 24: UCO Bank operates a representative office in Tehran.
Row 25: UCO Bank is regulated by the RBI.
Row 26: UCO Bank is regulated by SEBI.
Row 27: UCO Bank's short-term certificate-of-deposit programme was rated by CRISIL.
Row 28: UCO Bank's bonds were rated by CARE Ratings.
Row 29: UCO Bank operates as a universal bank.
Row 30: Ashwani Kumar is named as MD & CEO of UCO Bank according to Wikipedia.
Row 31: Aravamudan Krishna Kumar is reported to hold the role of non-executive chairman at UCO Bank according to Wikipedia.
Row 32: The Government of India held a 90.95% ownership stake in UCO Bank as of the December 2025 quarter.
Row 33: LIC held a 2.31% stake in UCO Bank as of the December 2025 quarter.","UCO Bank operates thousands of domestic branches and ATMs alongside international outposts, supported by a strong capital ratio of 17.12% for FY26 and recent quarterly net profits of ₹656 crore. The institution navigates various credit, regulatory, and funding risks while maintaining favorable credit ratings and strong growth in advances and total business.",Not relevant,"The assistant output discusses capital ratios, net profits, and business growth, but completely fails to provide UCO Bank's return on assets (ROA) and return on equity (ROE) for the latest quarter.",
What was UCO Bank's total advances (loan book) and deposit growth in the latest quarter?,F_Simple,F_Simple,0.5786835426932809,simple_triplet,True,"[""UCO Bank"", ""total advances"", ""deposit growth""]","[{""entity"": ""UCO Bank"", ""matched_node_name"": ""UCO Bank"", ""matched_id"": ""6ad1d1bd-36b5-47a3-bca9-63c31f3a5070"", ""matched_type"": ""COMPANY"", ""similarity"": 1.0, ""source"": ""gazetteer""}, {""entity"": ""total advances"", ""matched_node_name"": ""Total Advances"", ""matched_id"": ""96dbb53b-28f6-42c3-96e5-77dc48c86818"", ""matched_type"": ""METRIC"", ""similarity"": 1.0, ""source"": ""gazetteer""}, {""entity"": ""deposit growth"", ""matched_node_name"": ""deposit growth"", ""matched_id"": ""74d2ba68-dde6-485e-ad5d-c3483d1ec0d8"", ""matched_type"": ""METRIC"", ""similarity"": 1.0, ""source"": ""gazetteer""}]",What was <COMPANY>'s <METRIC> (loan book) and <METRIC> in the latest quarter?,"{""nn1"": ""COMPANY"", ""prop1_list"": [], ""target_ids"": [""96dbb53b-28f6-42c3-96e5-77dc48c86818"", ""74d2ba68-dde6-485e-ad5d-c3483d1ec0d8""], ""nnp1"": ""6ad1d1bd-36b5-47a3-bca9-63c31f3a5070""}","{""nnp1"": ""6ad1d1bd-36b5-47a3-bca9-63c31f3a5070"", ""nnp2"": ""96dbb53b-28f6-42c3-96e5-77dc48c86818"", ""nnp3"": null, ""prop1"": null, ""nn1"": ""COMPANY"", ""nn2"": ""METRIC"", ""threshold"": null, ""target_ids"": [""96dbb53b-28f6-42c3-96e5-77dc48c86818"", ""74d2ba68-dde6-485e-ad5d-c3483d1ec0d8""], ""prop1_list"": []}",primary,1,"Template: simple_triplet (F_Simple)
Query intent: Simple question: subject linked to objects via a predicate.

Row 1: UCO Bank's total advances grew 21.33% year-on-year as of June 30, 2026.","As of June 30, 2026, UCO Bank reported a year-on-year growth in total advances of 21.33%. This expansion highlights the institution's robust lending performance over the period.",Somewhat relevant,The output provides the year-on-year growth rate for UCO Bank's total advances but completely misses the requested information regarding deposit growth for the latest quarter.,
"What products and services does UCO Bank offer, and which customer segments does it serve?",F_Simple,F_Simple,0.6085853750573809,simple_triplet,True,"[""UCO Bank""]","[{""entity"": ""UCO Bank"", ""matched_node_name"": ""UCO Bank"", ""matched_id"": ""6ad1d1bd-36b5-47a3-bca9-63c31f3a5070"", ""matched_type"": ""COMPANY"", ""similarity"": 1.0, ""source"": ""gazetteer""}]","What products and services does <COMPANY> offer, and which customer segments does it serve?","{""nn1"": ""COMPANY"", ""prop1_list"": [""OFFERS_PRODUCT"", ""SERVES""], ""target_ids"": [], ""nnp1"": ""6ad1d1bd-36b5-47a3-bca9-63c31f3a5070""}","{""nnp1"": ""6ad1d1bd-36b5-47a3-bca9-63c31f3a5070"", ""nnp2"": null, ""nnp3"": null, ""prop1"": ""SERVES"", ""nn1"": ""COMPANY"", ""nn2"": null, ""threshold"": null, ""target_ids"": [], ""prop1_list"": [""OFFERS_PRODUCT"", ""SERVES""]}",attribute_lookup,8,"Template: simple_triplet (F_Simple)
Query intent: Simple question: subject linked to objects via a predicate.

Row 1: UCO Bank's banking_segment is Public Sector Bank
Row 2: UCO Bank's country is India
Row 3: UCO Bank's description is UCO Bank, headquartered in Kolkata, West Bengal and founded on 6 January 1943, is a Government of India-owned universal bank with a historically strong presence in East and Northeast India.
Row 4: UCO Bank's exchange is NSE, BSE
Row 5: UCO Bank's legal_name is UCO Bank
Row 6: UCO Bank's listed is True
Row 7: UCO Bank's sector is Banking
Row 8: UCO Bank's ticker is UCOBANK","Headquartered in Kolkata and founded on January 6, 1943, UCO Bank is a publicly listed, Government of India-owned universal bank operating within the Indian banking sector. The institution maintains a strong historical presence in East and Northeast India and trades on both the National Stock Exchange and the Bombay Stock Exchange under the ticker symbol UCOBANK.",Not relevant,"The assistant output provides general background information about UCO Bank but fails to address its products, services, or target customer segments.",
What is Bank of Maharashtra's ticker symbol and on which exchange(s) does it trade?,F_Simple,F_Simple,0.5660659596990265,simple_triplet,True,"[""Bank of Maharashtra""]","[{""entity"": ""Bank of Maharashtra"", ""matched_node_name"": ""Bank of Maharashtra"", ""matched_id"": ""9ae9d43d-6f08-4dca-9df8-70e1b871e9f8"", ""matched_type"": ""COMPANY"", ""similarity"": 1.0, ""source"": ""gazetteer""}]",What is <COMPANY>'s ticker symbol and on which exchange(s) does it trade?,"{""nn1"": ""COMPANY"", ""prop1_list"": [], ""target_ids"": [], ""nnp1"": ""9ae9d43d-6f08-4dca-9df8-70e1b871e9f8""}","{""nnp1"": ""9ae9d43d-6f08-4dca-9df8-70e1b871e9f8"", ""nnp2"": null, ""nnp3"": null, ""prop1"": null, ""nn1"": ""COMPANY"", ""nn2"": null, ""threshold"": null, ""target_ids"": [], ""prop1_list"": []}",primary,27,"Template: simple_triplet (F_Simple)
Query intent: Simple question: subject linked to objects via a predicate.

Row 1: Bank of Maharashtra holds an A1+ rating on its certificate-of-deposit programme.
Row 2: Bank of Maharashtra repeatedly led its PSU peers in CASA growth.
Row 3: Bank of Maharashtra's financial instruments are rated by CRISIL.
Row 4: The Government of India owned 79.60% of Bank of Maharashtra as of March 2025.
Row 5: Bank of Maharashtra relies on Government of India ownership.
Row 6: LIC's holding in Bank of Maharashtra rose to 7.10% by March 2025.
Row 7: Bank of Maharashtra is headquartered in Maharashtra.
Row 8: Bank of Maharashtra reported a net profit of ₹2,020 crore for the quarter, up 27% year-on-year.
Row 9: Nidhu Saxena has served as MD & CEO of Bank of Maharashtra since March 2024.
Row 10: Bank of Maharashtra operates as a PSU bank.
Row 11: Bank of Maharashtra is headquartered in Pune.
Row 12: Bank of Maharashtra is regulated by the RBI.
Row 13: Bank of Maharashtra is regulated by SEBI.
Row 14: Bank of Maharashtra exhibits a clear strength in its best-in-class asset quality.
Row 15: Bank of Maharashtra operates 2,641 branches as of June 2025.
Row 16: Bank of Maharashtra possesses an opportunity in its continued above-peer credit growth.
Row 17: Bank of Maharashtra is exposed to credit risk from the pace of its loan-book expansion.
Row 18: Bank of Maharashtra depends on equity-market access for further capital raises.
Row 19: Bank of Maharashtra is exposed to funding risk tied to its repeated capital-raise dependency.
Row 20: Further government stake reduction toward the 75% public-float floor threatens Bank of Maharashtra by potentially diluting near-term earnings.
Row 21: Bank of Maharashtra is exposed to geographic concentration risk in Maharashtra and western India.
Row 22: Bank of Maharashtra reported a gross NPA of just 1.45%.
Row 23: Bank of Maharashtra is exposed to regulatory risk around public-shareholding compliance.
Row 24: Bank of Maharashtra has a genuine weakness driven by its repeated need to raise capital to sustain growth.
Row 25: Bank of Maharashtra has demonstrated a strength of sustained 27% profit growth in recent quarters.
Row 26: Bank of Maharashtra's Q1 FY27 total business reached ₹6.51 lakh crore, up 19% year-on-year.
Row 27: Bank of Maharashtra operates as a universal bank.","Bank of Maharashtra has demonstrated strong financial performance, reporting a net profit of ₹2,020 crore (up 27% year-on-year) and reaching a total business of ₹6.51 lakh crore in Q1 FY27, alongside a best-in-class asset quality reflected in a gross NPA of just 1.45% and an A1+ certificate-of-deposit rating by CRISIL. However, the bank faces risks related to geographic concentration in western India, reliance on equity markets and government ownership for capital, and regulatory compliance regarding its public float, as the Government of India owned 79.60% and LIC held 7.10% of the bank as of March 2025.",Not relevant,The assistant output discusses the bank's financial performance and ownership structure but fails to provide the ticker symbol and the exchange(s) where it trades as requested.,
What was Bank of Maharashtra's CASA ratio in the most recently reported quarter?,F_Simple,F_Simple,0.4957014209614541,simple_triplet,True,"[""Bank of Maharashtra"", ""CASA ratio""]","[{""entity"": ""Bank of Maharashtra"", ""matched_node_name"": ""Bank of Maharashtra"", ""matched_id"": ""9ae9d43d-6f08-4dca-9df8-70e1b871e9f8"", ""matched_type"": ""COMPANY"", ""similarity"": 1.0, ""source"": ""gazetteer""}, {""entity"": ""CASA ratio"", ""matched_node_name"": ""CASA ratio"", ""matched_id"": ""f552ef12-cf71-4307-80e3-1eb10e256154"", ""matched_type"": ""METRIC"", ""similarity"": 1.0, ""source"": ""gazetteer""}]",What was <COMPANY>'s <METRIC> in the most recently reported quarter?,"{""nn1"": ""COMPANY"", ""prop1_list"": [], ""target_ids"": [""f552ef12-cf71-4307-80e3-1eb10e256154""], ""nnp1"": ""9ae9d43d-6f08-4dca-9df8-70e1b871e9f8""}","{""nnp1"": ""9ae9d43d-6f08-4dca-9df8-70e1b871e9f8"", ""nnp2"": ""f552ef12-cf71-4307-80e3-1eb10e256154"", ""nnp3"": null, ""prop1"": null, ""nn1"": ""COMPANY"", ""nn2"": ""METRIC"", ""threshold"": null, ""target_ids"": [""f552ef12-cf71-4307-80e3-1eb10e256154""], ""prop1_list"": []}",primary,1,"Template: simple_triplet (F_Simple)
Query intent: Simple question: subject linked to objects via a predicate.

Row 1: Bank of Maharashtra repeatedly led its PSU peers in CASA growth.",Bank of Maharashtra consistently outperformed its public sector bank peers in generating CASA growth.,Not relevant,The assistant output discusses CASA growth performance compared to peers but fails to provide the specific CASA ratio for the most recently reported quarter as requested.,
What is Bank of Maharashtra's net interest margin (NIM) for the latest reported period?,F_Simple,F_Simple,0.4559410416941235,simple_triplet,True,"[""Bank of Maharashtra"", ""net interest margin""]","[{""entity"": ""Bank of Maharashtra"", ""matched_node_name"": ""Bank of Maharashtra"", ""matched_id"": ""9ae9d43d-6f08-4dca-9df8-70e1b871e9f8"", ""matched_type"": ""COMPANY"", ""similarity"": 1.0, ""source"": ""gazetteer""}, {""entity"": ""net interest margin"", ""matched_node_name"": ""Net interest margin"", ""matched_id"": ""ce0a12ce-b581-4229-a6b2-4d53c46e9d9d"", ""matched_type"": ""METRIC"", ""similarity"": 1.0, ""source"": ""gazetteer""}]",What is <COMPANY>'s <METRIC> (NIM) for the latest reported period?,"{""nn1"": ""COMPANY"", ""prop1_list"": [], ""target_ids"": [""ce0a12ce-b581-4229-a6b2-4d53c46e9d9d""], ""nnp1"": ""9ae9d43d-6f08-4dca-9df8-70e1b871e9f8""}","{""nnp1"": ""9ae9d43d-6f08-4dca-9df8-70e1b871e9f8"", ""nnp2"": ""ce0a12ce-b581-4229-a6b2-4d53c46e9d9d"", ""nnp3"": null, ""prop1"": null, ""nn1"": ""COMPANY"", ""nn2"": ""METRIC"", ""threshold"": null, ""target_ids"": [""ce0a12ce-b581-4229-a6b2-4d53c46e9d9d""], ""prop1_list"": []}",relaxed_direction,27,"Template: simple_triplet (F_Simple)
Query intent: Simple question: subject linked to objects via a predicate.

Row 1: Bank of Maharashtra operates 2,641 branches as of June 2025.
Row 2: Bank of Maharashtra repeatedly led its PSU peers in CASA growth.
Row 3: Bank of Maharashtra reported a gross NPA of just 1.45%.
Row 4: Bank of Maharashtra reported a net profit of ₹2,020 crore for the quarter, up 27% year-on-year.
Row 5: Bank of Maharashtra holds an A1+ rating on its certificate-of-deposit programme.
Row 6: Bank of Maharashtra's Q1 FY27 total business reached ₹6.51 lakh crore, up 19% year-on-year.
Row 7: Bank of Maharashtra is headquartered in Pune.
Row 8: Bank of Maharashtra exhibits a clear strength in its best-in-class asset quality.
Row 9: Bank of Maharashtra has demonstrated a strength of sustained 27% profit growth in recent quarters.
Row 10: Bank of Maharashtra has a genuine weakness driven by its repeated need to raise capital to sustain growth.
Row 11: Bank of Maharashtra possesses an opportunity in its continued above-peer credit growth.
Row 12: Bank of Maharashtra is exposed to geographic concentration risk in Maharashtra and western India.
Row 13: Bank of Maharashtra is exposed to funding risk tied to its repeated capital-raise dependency.
Row 14: Bank of Maharashtra is exposed to regulatory risk around public-shareholding compliance.
Row 15: Bank of Maharashtra is exposed to credit risk from the pace of its loan-book expansion.
Row 16: Bank of Maharashtra relies on Government of India ownership.
Row 17: Bank of Maharashtra depends on equity-market access for further capital raises.
Row 18: Bank of Maharashtra operates as a PSU bank.
Row 19: Bank of Maharashtra is regulated by the RBI.
Row 20: Bank of Maharashtra is regulated by SEBI.
Row 21: Bank of Maharashtra's financial instruments are rated by CRISIL.
Row 22: Bank of Maharashtra is headquartered in Maharashtra.
Row 23: Bank of Maharashtra operates as a universal bank.
Row 24: Nidhu Saxena has served as MD & CEO of Bank of Maharashtra since March 2024.
Row 25: Further government stake reduction toward the 75% public-float floor threatens Bank of Maharashtra by potentially diluting near-term earnings.
Row 26: The Government of India owned 79.60% of Bank of Maharashtra as of March 2025.
Row 27: LIC's holding in Bank of Maharashtra rose to 7.10% by March 2025.","Bank of Maharashtra reported a 27% year-on-year increase in net profit to ₹2,020 crore for the quarter, alongside a total business of ₹6.51 lakh crore and a strong gross NPA of 1.45% as of June 2025. Despite its best-in-class asset quality and consistent CASA growth across its 2,641 branches, the bank faces funding and regulatory risks tied to repeated capital-raise dependencies and public-shareholding compliance.",Not relevant,"The assistant provides details on net profit, total business, asset quality, and risks, but completely fails to mention the net interest margin (NIM) requested by the user.",
"What is Bank of Maharashtra's capital adequacy ratio (CRAR), and its CET1 ratio if disclosed?",F_Simple,F_Simple,0.5026933839121343,simple_triplet,True,"[""Bank of Maharashtra"", ""capital adequacy ratio"", ""CE""]","[{""entity"": ""Bank of Maharashtra"", ""matched_node_name"": ""Bank of Maharashtra"", ""matched_id"": ""9ae9d43d-6f08-4dca-9df8-70e1b871e9f8"", ""matched_type"": ""COMPANY"", ""similarity"": 1.0, ""source"": ""gazetteer""}, {""entity"": ""capital adequacy ratio"", ""matched_node_name"": ""capital adequacy ratio"", ""matched_id"": ""a9e7103c-2a43-4d54-94d2-0f9178dbb42e"", ""matched_type"": ""METRIC"", ""similarity"": 1.0, ""source"": ""gazetteer""}, {""entity"": ""CE"", ""matched_node_name"": ""NSE"", ""matched_id"": ""f991983e-e758-47f5-acbf-1afe822e5f20"", ""matched_type"": ""COMPANY"", ""similarity"": 0.6484348893165588, ""source"": ""semantic""}]","What is <COMPANY>'s <METRIC> (CRAR), and its <COMPANY>T1 ratio if disclosed?","{""nn1"": ""COMPANY"", ""prop1_list"": [], ""target_ids"": [""a9e7103c-2a43-4d54-94d2-0f9178dbb42e"", ""f991983e-e758-47f5-acbf-1afe822e5f20""], ""nnp1"": ""9ae9d43d-6f08-4dca-9df8-70e1b871e9f8""}","{""nnp1"": ""9ae9d43d-6f08-4dca-9df8-70e1b871e9f8"", ""nnp2"": ""f991983e-e758-47f5-acbf-1afe822e5f20"", ""nnp3"": null, ""prop1"": null, ""nn1"": ""COMPANY"", ""nn2"": ""COMPANY"", ""threshold"": null, ""target_ids"": [""a9e7103c-2a43-4d54-94d2-0f9178dbb42e"", ""f991983e-e758-47f5-acbf-1afe822e5f20""], ""prop1_list"": []}",relaxed_direction,27,"Template: simple_triplet (F_Simple)
Query intent: Simple question: subject linked to objects via a predicate.

Row 1: Bank of Maharashtra operates 2,641 branches as of June 2025.
Row 2: Bank of Maharashtra repeatedly led its PSU peers in CASA growth.
Row 3: Bank of Maharashtra reported a gross NPA of just 1.45%.
Row 4: Bank of Maharashtra reported a net profit of ₹2,020 crore for the quarter, up 27% year-on-year.
Row 5: Bank of Maharashtra holds an A1+ rating on its certificate-of-deposit programme.
Row 6: Bank of Maharashtra's Q1 FY27 total business reached ₹6.51 lakh crore, up 19% year-on-year.
Row 7: Bank of Maharashtra is headquartered in Pune.
Row 8: Bank of Maharashtra exhibits a clear strength in its best-in-class asset quality.
Row 9: Bank of Maharashtra has demonstrated a strength of sustained 27% profit growth in recent quarters.
Row 10: Bank of Maharashtra has a genuine weakness driven by its repeated need to raise capital to sustain growth.
Row 11: Bank of Maharashtra possesses an opportunity in its continued above-peer credit growth.
Row 12: Bank of Maharashtra is exposed to geographic concentration risk in Maharashtra and western India.
Row 13: Bank of Maharashtra is exposed to funding risk tied to its repeated capital-raise dependency.
Row 14: Bank of Maharashtra is exposed to regulatory risk around public-shareholding compliance.
Row 15: Bank of Maharashtra is exposed to credit risk from the pace of its loan-book expansion.
Row 16: Bank of Maharashtra relies on Government of India ownership.
Row 17: Bank of Maharashtra depends on equity-market access for further capital raises.
Row 18: Bank of Maharashtra operates as a PSU bank.
Row 19: Bank of Maharashtra is regulated by the RBI.
Row 20: Bank of Maharashtra is regulated by SEBI.
Row 21: Bank of Maharashtra's financial instruments are rated by CRISIL.
Row 22: Bank of Maharashtra is headquartered in Maharashtra.
Row 23: Bank of Maharashtra operates as a universal bank.
Row 24: Nidhu Saxena has served as MD & CEO of Bank of Maharashtra since March 2024.
Row 25: Further government stake reduction toward the 75% public-float floor threatens Bank of Maharashtra by potentially diluting near-term earnings.
Row 26: The Government of India owned 79.60% of Bank of Maharashtra as of March 2025.
Row 27: LIC's holding in Bank of Maharashtra rose to 7.10% by March 2025.","Bank of Maharashtra reported a strong Q1 FY27 net profit of ₹2,020 crore, marking a 27% year-on-year increase alongside a total business volume of ₹6.51 lakh crore, while maintaining strong asset quality with a gross NPA of just 1.45% across its 2,641 branches. Despite this robust performance, the bank faces challenges including geographic concentration in western India, reliance on frequent capital raises to sustain its growth, and regulatory pressures to comply with public-shareholding limits given the Government of India's 79.60% stake as of March 2025.",Not relevant,"The assistant output discusses net profit, business volume, asset quality, and geographic concentration, but completely fails to provide the capital adequacy ratio (CRAR) or the CET1 ratio requested by the user.",
What are Bank of Maharashtra's return on assets (ROA) and return on equity (ROE) for the latest quarter?,F_Simple,F_Simple,0.6404601230266839,simple_triplet,True,"[""Bank of Maharashtra"", ""return on assets"", ""return on equity""]","[{""entity"": ""Bank of Maharashtra"", ""matched_node_name"": ""Bank of Maharashtra"", ""matched_id"": ""9ae9d43d-6f08-4dca-9df8-70e1b871e9f8"", ""matched_type"": ""COMPANY"", ""similarity"": 1.0, ""source"": ""gazetteer""}, {""entity"": ""return on assets"", ""matched_node_name"": ""return on assets"", ""matched_id"": ""dd83a8a6-2dd2-4407-9d71-917240c66c55"", ""matched_type"": ""METRIC"", ""similarity"": 1.0, ""source"": ""gazetteer""}, {""entity"": ""return on equity"", ""matched_node_name"": ""return on equity"", ""matched_id"": ""4c4c7086-00d6-4850-9bcd-ae7c8e8479a8"", ""matched_type"": ""METRIC"", ""similarity"": 1.0, ""source"": ""gazetteer""}]",What are <COMPANY>'s <METRIC> (ROA) and <METRIC> (ROE) for the latest quarter?,"{""nn1"": ""COMPANY"", ""prop1_list"": [], ""target_ids"": [""dd83a8a6-2dd2-4407-9d71-917240c66c55"", ""4c4c7086-00d6-4850-9bcd-ae7c8e8479a8""], ""nnp1"": ""9ae9d43d-6f08-4dca-9df8-70e1b871e9f8""}","{""nnp1"": ""9ae9d43d-6f08-4dca-9df8-70e1b871e9f8"", ""nnp2"": ""dd83a8a6-2dd2-4407-9d71-917240c66c55"", ""nnp3"": null, ""prop1"": null, ""nn1"": ""COMPANY"", ""nn2"": ""METRIC"", ""threshold"": null, ""target_ids"": [""dd83a8a6-2dd2-4407-9d71-917240c66c55"", ""4c4c7086-00d6-4850-9bcd-ae7c8e8479a8""], ""prop1_list"": []}",relaxed_direction,27,"Template: simple_triplet (F_Simple)
Query intent: Simple question: subject linked to objects via a predicate.

Row 1: Bank of Maharashtra operates 2,641 branches as of June 2025.
Row 2: Bank of Maharashtra repeatedly led its PSU peers in CASA growth.
Row 3: Bank of Maharashtra reported a gross NPA of just 1.45%.
Row 4: Bank of Maharashtra reported a net profit of ₹2,020 crore for the quarter, up 27% year-on-year.
Row 5: Bank of Maharashtra holds an A1+ rating on its certificate-of-deposit programme.
Row 6: Bank of Maharashtra's Q1 FY27 total business reached ₹6.51 lakh crore, up 19% year-on-year.
Row 7: Bank of Maharashtra is headquartered in Pune.
Row 8: Bank of Maharashtra exhibits a clear strength in its best-in-class asset quality.
Row 9: Bank of Maharashtra has demonstrated a strength of sustained 27% profit growth in recent quarters.
Row 10: Bank of Maharashtra has a genuine weakness driven by its repeated need to raise capital to sustain growth.
Row 11: Bank of Maharashtra possesses an opportunity in its continued above-peer credit growth.
Row 12: Bank of Maharashtra is exposed to geographic concentration risk in Maharashtra and western India.
Row 13: Bank of Maharashtra is exposed to funding risk tied to its repeated capital-raise dependency.
Row 14: Bank of Maharashtra is exposed to regulatory risk around public-shareholding compliance.
Row 15: Bank of Maharashtra is exposed to credit risk from the pace of its loan-book expansion.
Row 16: Bank of Maharashtra relies on Government of India ownership.
Row 17: Bank of Maharashtra depends on equity-market access for further capital raises.
Row 18: Bank of Maharashtra operates as a PSU bank.
Row 19: Bank of Maharashtra is regulated by the RBI.
Row 20: Bank of Maharashtra is regulated by SEBI.
Row 21: Bank of Maharashtra's financial instruments are rated by CRISIL.
Row 22: Bank of Maharashtra is headquartered in Maharashtra.
Row 23: Bank of Maharashtra operates as a universal bank.
Row 24: Nidhu Saxena has served as MD & CEO of Bank of Maharashtra since March 2024.
Row 25: Further government stake reduction toward the 75% public-float floor threatens Bank of Maharashtra by potentially diluting near-term earnings.
Row 26: The Government of India owned 79.60% of Bank of Maharashtra as of March 2025.
Row 27: LIC's holding in Bank of Maharashtra rose to 7.10% by March 2025.","Bank of Maharashtra reported a strong financial performance with a net profit of ₹2,020 crore, marking a 27% year-on-year increase, alongside total business reaching ₹6.51 lakh crore as of Q1 FY27. Despite robust asset quality with a gross NPA of just 1.45% and leading CASA growth among peers, the bank faces funding and regulatory risks tied to its repeated capital-raise dependency and public-shareholding compliance.",Not relevant,"The assistant output provides net profit, total business, and asset quality metrics, but completely fails to mention the requested return on assets (ROA) and return on equity (ROE) for the latest quarter.",
What was Bank of Maharashtra's total advances (loan book) and deposit growth in the latest quarter?,F_Simple,F_Simple,0.5786835426932809,simple_triplet,True,"[""Bank of Maharashtra"", ""total advances"", ""deposit growth""]","[{""entity"": ""Bank of Maharashtra"", ""matched_node_name"": ""Bank of Maharashtra"", ""matched_id"": ""9ae9d43d-6f08-4dca-9df8-70e1b871e9f8"", ""matched_type"": ""COMPANY"", ""similarity"": 1.0, ""source"": ""gazetteer""}, {""entity"": ""total advances"", ""matched_node_name"": ""Total Advances"", ""matched_id"": ""96dbb53b-28f6-42c3-96e5-77dc48c86818"", ""matched_type"": ""METRIC"", ""similarity"": 1.0, ""source"": ""gazetteer""}, {""entity"": ""deposit growth"", ""matched_node_name"": ""deposit growth"", ""matched_id"": ""74d2ba68-dde6-485e-ad5d-c3483d1ec0d8"", ""matched_type"": ""METRIC"", ""similarity"": 1.0, ""source"": ""gazetteer""}]",What was <COMPANY>'s <METRIC> (loan book) and <METRIC> in the latest quarter?,"{""nn1"": ""COMPANY"", ""prop1_list"": [], ""target_ids"": [""96dbb53b-28f6-42c3-96e5-77dc48c86818"", ""74d2ba68-dde6-485e-ad5d-c3483d1ec0d8""], ""nnp1"": ""9ae9d43d-6f08-4dca-9df8-70e1b871e9f8""}","{""nnp1"": ""9ae9d43d-6f08-4dca-9df8-70e1b871e9f8"", ""nnp2"": ""96dbb53b-28f6-42c3-96e5-77dc48c86818"", ""nnp3"": null, ""prop1"": null, ""nn1"": ""COMPANY"", ""nn2"": ""METRIC"", ""threshold"": null, ""target_ids"": [""96dbb53b-28f6-42c3-96e5-77dc48c86818"", ""74d2ba68-dde6-485e-ad5d-c3483d1ec0d8""], ""prop1_list"": []}",relaxed_direction,27,"Template: simple_triplet (F_Simple)
Query intent: Simple question: subject linked to objects via a predicate.

Row 1: Bank of Maharashtra operates 2,641 branches as of June 2025.
Row 2: Bank of Maharashtra repeatedly led its PSU peers in CASA growth.
Row 3: Bank of Maharashtra reported a gross NPA of just 1.45%.
Row 4: Bank of Maharashtra reported a net profit of ₹2,020 crore for the quarter, up 27% year-on-year.
Row 5: Bank of Maharashtra holds an A1+ rating on its certificate-of-deposit programme.
Row 6: Bank of Maharashtra's Q1 FY27 total business reached ₹6.51 lakh crore, up 19% year-on-year.
Row 7: Bank of Maharashtra is headquartered in Pune.
Row 8: Bank of Maharashtra exhibits a clear strength in its best-in-class asset quality.
Row 9: Bank of Maharashtra has demonstrated a strength of sustained 27% profit growth in recent quarters.
Row 10: Bank of Maharashtra has a genuine weakness driven by its repeated need to raise capital to sustain growth.
Row 11: Bank of Maharashtra possesses an opportunity in its continued above-peer credit growth.
Row 12: Bank of Maharashtra is exposed to geographic concentration risk in Maharashtra and western India.
Row 13: Bank of Maharashtra is exposed to funding risk tied to its repeated capital-raise dependency.
Row 14: Bank of Maharashtra is exposed to regulatory risk around public-shareholding compliance.
Row 15: Bank of Maharashtra is exposed to credit risk from the pace of its loan-book expansion.
Row 16: Bank of Maharashtra relies on Government of India ownership.
Row 17: Bank of Maharashtra depends on equity-market access for further capital raises.
Row 18: Bank of Maharashtra operates as a PSU bank.
Row 19: Bank of Maharashtra is regulated by the RBI.
Row 20: Bank of Maharashtra is regulated by SEBI.
Row 21: Bank of Maharashtra's financial instruments are rated by CRISIL.
Row 22: Bank of Maharashtra is headquartered in Maharashtra.
Row 23: Bank of Maharashtra operates as a universal bank.
Row 24: Nidhu Saxena has served as MD & CEO of Bank of Maharashtra since March 2024.
Row 25: Further government stake reduction toward the 75% public-float floor threatens Bank of Maharashtra by potentially diluting near-term earnings.
Row 26: The Government of India owned 79.60% of Bank of Maharashtra as of March 2025.
Row 27: LIC's holding in Bank of Maharashtra rose to 7.10% by March 2025.","Bank of Maharashtra reported a strong financial performance with a 27% year-on-year rise in net profit to ₹2,020 crore and total business reaching ₹6.51 lakh crore as of Q1 FY27, backed by best-in-class asset quality with a gross NPA of just 1.45%. However, the bank faces risks related to geographic concentration in western India, a heavy reliance on capital raises to sustain its growth, and regulatory pressures surrounding public-shareholding compliance.",Not relevant,"The assistant output provides net profit, total business, and asset quality data, but fails to provide the specific figures for total advances (loan book) and deposit growth requested in the query.",
"What credit ratings has Bank of Maharashtra received, and from which rating agencies?",F_Simple,F_Simple,0.5428842858605917,simple_triplet,True,"[""Bank of Maharashtra""]","[{""entity"": ""Bank of Maharashtra"", ""matched_node_name"": ""Bank of Maharashtra"", ""matched_id"": ""9ae9d43d-6f08-4dca-9df8-70e1b871e9f8"", ""matched_type"": ""COMPANY"", ""similarity"": 1.0, ""source"": ""gazetteer""}]","What credit ratings has <COMPANY> received, and from which rating agencies?","{""nn1"": ""COMPANY"", ""prop1_list"": [""HAS_RATING""], ""target_ids"": [], ""nnp1"": ""9ae9d43d-6f08-4dca-9df8-70e1b871e9f8""}","{""nnp1"": ""9ae9d43d-6f08-4dca-9df8-70e1b871e9f8"", ""nnp2"": null, ""nnp3"": null, ""prop1"": ""HAS_RATING"", ""nn1"": ""COMPANY"", ""nn2"": null, ""threshold"": null, ""target_ids"": [], ""prop1_list"": [""HAS_RATING""]}",primary,1,"Template: simple_triplet (F_Simple)
Query intent: Simple question: subject linked to objects via a predicate.

Row 1: Bank of Maharashtra holds an A1+ rating on its certificate-of-deposit programme.",Bank of Maharashtra holds an A1+ rating on its certificate-of-deposit programme. This top-tier short-term credit rating reflects strong financial standing and reliability in meeting its debt obligations.,Somewhat relevant,"The output provides a credit rating and the rating type, but it fails to name the specific rating agency that issued it and only covers short-term ratings.",
"Roughly how many branches and ATMs does Bank of Maharashtra operate, and as of what date?",F_QuantCount,F_QuantCount,0.5789900185289873,quant_count,True,"[""ATMs"", ""Bank of Maharashtra""]","[{""entity"": ""ATMs"", ""matched_node_name"": ""ATMs"", ""matched_id"": ""1d9af7d1-80d1-4631-9a7a-7765335565d0"", ""matched_type"": ""DISTRIBUTIONCHANNEL"", ""similarity"": 1.0, ""source"": ""gazetteer""}, {""entity"": ""Bank of Maharashtra"", ""matched_node_name"": ""Bank of Maharashtra"", ""matched_id"": ""9ae9d43d-6f08-4dca-9df8-70e1b871e9f8"", ""matched_type"": ""COMPANY"", ""similarity"": 1.0, ""source"": ""gazetteer""}]","Roughly how many branches and <DISTRIBUTIONCHANNEL> does <COMPANY> operate, and as of what date?","{""nn1"": ""COMPANY"", ""nn2"": ""DISTRIBUTIONCHANNEL"", ""prop1"": null, ""nnp1"": ""9ae9d43d-6f08-4dca-9df8-70e1b871e9f8""}","{""nnp1"": ""9ae9d43d-6f08-4dca-9df8-70e1b871e9f8"", ""nnp2"": ""1d9af7d1-80d1-4631-9a7a-7765335565d0"", ""nnp3"": null, ""prop1"": null, ""nn1"": ""COMPANY"", ""nn2"": ""DISTRIBUTIONCHANNEL"", ""threshold"": null, ""target_ids"": [""1d9af7d1-80d1-4631-9a7a-7765335565d0""], ""prop1_list"": []}",primary,1,"Template: quant_count (F_QuantCount)
Query intent: Count related objects for a subject entity.

Row 1: subject_name=Bank of Maharashtra | object_count=1 (1 facts)
  - Bank of Maharashtra operates 2,641 branches as of June 2025.","As of June 2025, Bank of Maharashtra operates a network of 2,641 branches.",Somewhat relevant,"The assistant provides the branch count and date, but misses the user's request for the number of ATMs.",
"What products and services does Bank of Maharashtra offer, and which customer segments does it serve?",F_Simple,F_Simple,0.6085853750573809,simple_triplet,True,"[""Bank of Maharashtra""]","[{""entity"": ""Bank of Maharashtra"", ""matched_node_name"": ""Bank of Maharashtra"", ""matched_id"": ""9ae9d43d-6f08-4dca-9df8-70e1b871e9f8"", ""matched_type"": ""COMPANY"", ""similarity"": 1.0, ""source"": ""gazetteer""}]","What products and services does <COMPANY> offer, and which customer segments does it serve?","{""nn1"": ""COMPANY"", ""prop1_list"": [""OFFERS_PRODUCT"", ""SERVES""], ""target_ids"": [], ""nnp1"": ""9ae9d43d-6f08-4dca-9df8-70e1b871e9f8""}","{""nnp1"": ""9ae9d43d-6f08-4dca-9df8-70e1b871e9f8"", ""nnp2"": null, ""nnp3"": null, ""prop1"": ""SERVES"", ""nn1"": ""COMPANY"", ""nn2"": null, ""threshold"": null, ""target_ids"": [], ""prop1_list"": [""OFFERS_PRODUCT"", ""SERVES""]}",attribute_lookup,8,"Template: simple_triplet (F_Simple)
Query intent: Simple question: subject linked to objects via a predicate.

Row 1: Bank of Maharashtra's banking_segment is Public Sector Bank
Row 2: Bank of Maharashtra's country is India
Row 3: Bank of Maharashtra's description is Bank of Maharashtra, headquartered in Pune, Maharashtra and founded on 16 September 1935, is a Government of India-owned universal bank.
Row 4: Bank of Maharashtra's exchange is NSE and BSE
Row 5: Bank of Maharashtra's legal_name is Bank of Maharashtra
Row 6: Bank of Maharashtra's listed is True
Row 7: Bank of Maharashtra's sector is Banking
Row 8: Bank of Maharashtra's ticker is MAHABANK","Headquartered in Pune, Maharashtra, and founded on September 16, 1935, Bank of Maharashtra operates as a Government of India-owned public sector universal bank within the banking sector. The publicly listed institution trades on both the NSE and BSE under the ticker MAHABANK.",Not relevant,The assistant output provides general company background information but completely fails to answer the user's questions regarding the products and services offered and the customer segments served.,
What is Punjab & Sind Bank's ticker symbol and on which exchange(s) does it trade?,F_Simple,F_Simple,0.5660659596990265,simple_triplet,True,"[""Punjab & Sind Bank""]","[{""entity"": ""Punjab & Sind Bank"", ""matched_node_name"": ""Punjab & Sind Bank"", ""matched_id"": ""4427db5f-8213-488a-a2c6-9397c8a68ef2"", ""matched_type"": ""COMPANY"", ""similarity"": 1.0, ""source"": ""gazetteer""}]",What is <COMPANY>'s ticker symbol and on which exchange(s) does it trade?,"{""nn1"": ""COMPANY"", ""prop1_list"": [], ""target_ids"": [], ""nnp1"": ""4427db5f-8213-488a-a2c6-9397c8a68ef2""}","{""nnp1"": ""4427db5f-8213-488a-a2c6-9397c8a68ef2"", ""nnp2"": null, ""nnp3"": null, ""prop1"": null, ""nn1"": ""COMPANY"", ""nn2"": null, ""threshold"": null, ""target_ids"": [], ""prop1_list"": []}",primary,35,"Template: simple_triplet (F_Simple)
Query intent: Simple question: subject linked to objects via a predicate.

Row 1: Punjab & Sind Bank maintains an AA Stable rating on its bonds.
Row 2: Punjab & Sind Bank measures its CET1 metric.
Row 3: Punjab & Sind Bank's bonds are rated by CRISIL.
Row 4: Charan Singh acts as the non-executive chairman of Punjab & Sind Bank.
Row 5: The Government of India retains a high ownership stake (93.85%) in Punjab & Sind Bank.
Row 6: Punjab & Sind Bank depends heavily on Government of India capital support.
Row 7: LIC held a 1.33% ownership stake in Punjab & Sind Bank.
Row 8: Punjab & Sind Bank serves the MSME customer segment.
Row 9: Punjab & Sind Bank reports its net profit metric.
Row 10: Punjab & Sind Bank is headquartered in New Delhi.
Row 11: Punjab & Sind Bank operates as one of the twelve PSU banks.
Row 12: Punjab & Sind Bank has a concentrated retail and agricultural franchise in the Punjab region.
Row 13: Punjab & Sind Bank depends on the Punjab agricultural economy.
Row 14: Punjab & Sind Bank is regulated by the RBI.
Row 15: Punjab & Sind Bank serves the retail customer segment.
Row 16: Punjab & Sind Bank is regulated by SEBI.
Row 17: Swarup Kumar Saha holds the role of MD at Punjab & Sind Bank.
Row 18: Punjab & Sind Bank tracks its total income metric.
Row 19: Punjab & Sind Bank measures its total advances as part of its loan reporting.
Row 20: Punjab & Sind Bank serves the agricultural customer segment.
Row 21: Punjab & Sind Bank demonstrates a clear strength in asset-quality improvement.
Row 22: Punjab & Sind Bank operates 1,817 branches as a distribution channel.
Row 23: Punjab & Sind Bank reports its capital adequacy metric.
Row 24: Punjab & Sind Bank is exposed to credit risk from its agricultural-sector exposure.
Row 25: Punjab & Sind Bank is exposed to geographic concentration risk in Punjab.
Row 26: Punjab & Sind Bank measures its gross NPA metric.
Row 27: Punjab & Sind Bank reports its interest income metric.
Row 28: Punjab & Sind Bank suffers from a weakness characterized as a modest earnings profile.
Row 29: Punjab & Sind Bank measures its net NPA metric.
Row 30: Punjab & Sind Bank is exposed to operational risk that comes with limited diversification versus larger peers.
Row 31: Punjab & Sind Bank's planned QIP to raise capital and reduce the government's stake acts as a clear opportunity.
Row 32: Punjab & Sind Bank is exposed to regulatory risk from the need to bring down that 93.85% government stake toward the 75% ceiling.
Row 33: Punjab & Sind Bank has a weakness due to its small scale.
Row 34: Punjab & Sind Bank possesses the strength of solid capital adequacy.
Row 35: The very high government-ownership concentration threatens Punjab & Sind Bank by causing potential dilution and execution risk.","Punjab & Sind Bank is a public sector bank heavily backed by the Government of India, which holds a 93.85% ownership stake, though this high concentration presents regulatory and dilution risks that the bank plans to address through a QIP. Operating as part of the public sector banking system, the institution maintains solid capital adequacy with an AA Stable bond rating from CRISIL, while serving retail, MSME, and agricultural customer segments across its 1,817 branches.",Not relevant,"The assistant output discusses ownership stakes, capital adequacy, and branch counts, completely failing to provide the requested ticker symbol and stock exchanges.",
"What percentage of Punjab & Sind Bank is held by its government promoter or largest shareholder, and as of what date?",F_LogUnion,F_LogUnion,0.6758920373727951,logical_union,True,"[""Punjab & Sind Bank""]","[{""entity"": ""Punjab & Sind Bank"", ""matched_node_name"": ""Punjab & Sind Bank"", ""matched_id"": ""4427db5f-8213-488a-a2c6-9397c8a68ef2"", ""matched_type"": ""COMPANY"", ""similarity"": 1.0, ""source"": ""gazetteer""}]","What percentage of <COMPANY> is held by its government promoter or largest shareholder, and as of what date?","{""nn1"": ""COMPANY"", ""nnp2"": null, ""prop1"": ""REGULATED_BY"", ""nnp1"": ""4427db5f-8213-488a-a2c6-9397c8a68ef2""}","{""nnp1"": ""4427db5f-8213-488a-a2c6-9397c8a68ef2"", ""nnp2"": null, ""nnp3"": null, ""prop1"": ""REGULATED_BY"", ""nn1"": ""COMPANY"", ""nn2"": null, ""threshold"": null, ""target_ids"": [], ""prop1_list"": [""OWNS"", ""REGULATED_BY"", ""OwnershipStake""]}",primary,35,"Template: logical_union (F_LogUnion)
Query intent: Union of two relationship patterns from the same subject.

Row 1: Punjab & Sind Bank maintains an AA Stable rating on its bonds.
Row 2: Punjab & Sind Bank measures its CET1 metric.
Row 3: Punjab & Sind Bank's bonds are rated by CRISIL.
Row 4: Charan Singh acts as the non-executive chairman of Punjab & Sind Bank.
Row 5: The Government of India retains a high ownership stake (93.85%) in Punjab & Sind Bank.
Row 6: Punjab & Sind Bank depends heavily on Government of India capital support.
Row 7: LIC held a 1.33% ownership stake in Punjab & Sind Bank.
Row 8: Punjab & Sind Bank serves the MSME customer segment.
Row 9: Punjab & Sind Bank reports its net profit metric.
Row 10: Punjab & Sind Bank is headquartered in New Delhi.
Row 11: Punjab & Sind Bank operates as one of the twelve PSU banks.
Row 12: Punjab & Sind Bank has a concentrated retail and agricultural franchise in the Punjab region.
Row 13: Punjab & Sind Bank depends on the Punjab agricultural economy.
Row 14: Punjab & Sind Bank is regulated by the RBI.
Row 15: Punjab & Sind Bank serves the retail customer segment.
Row 16: Punjab & Sind Bank is regulated by SEBI.
Row 17: Swarup Kumar Saha holds the role of MD at Punjab & Sind Bank.
Row 18: Punjab & Sind Bank tracks its total income metric.
Row 19: Punjab & Sind Bank measures its total advances as part of its loan reporting.
Row 20: Punjab & Sind Bank serves the agricultural customer segment.
Row 21: Punjab & Sind Bank demonstrates a clear strength in asset-quality improvement.
Row 22: Punjab & Sind Bank operates 1,817 branches as a distribution channel.
Row 23: Punjab & Sind Bank reports its capital adequacy metric.
Row 24: Punjab & Sind Bank is exposed to credit risk from its agricultural-sector exposure.
Row 25: Punjab & Sind Bank is exposed to geographic concentration risk in Punjab.
Row 26: Punjab & Sind Bank measures its gross NPA metric.
Row 27: Punjab & Sind Bank reports its interest income metric.
Row 28: Punjab & Sind Bank suffers from a weakness characterized as a modest earnings profile.
Row 29: Punjab & Sind Bank measures its net NPA metric.
Row 30: Punjab & Sind Bank is exposed to operational risk that comes with limited diversification versus larger peers.
Row 31: Punjab & Sind Bank's planned QIP to raise capital and reduce the government's stake acts as a clear opportunity.
Row 32: Punjab & Sind Bank is exposed to regulatory risk from the need to bring down that 93.85% government stake toward the 75% ceiling.
Row 33: Punjab & Sind Bank has a weakness due to its small scale.
Row 34: Punjab & Sind Bank possesses the strength of solid capital adequacy.
Row 35: The very high government-ownership concentration threatens Punjab & Sind Bank by causing potential dilution and execution risk.","Punjab & Sind Bank is a public sector bank majority-owned by the Government of India at 93.85%, which creates regulatory pressure to reduce this stake toward a 75% ceiling while also posing risks of potential dilution and execution challenges. The bank maintains an AA Stable rating on its bonds from CRISIL, solid capital adequacy, and strengths in asset-quality improvement, though it faces vulnerabilities from geographic and agricultural concentration in Punjab, a modest earnings profile, and a small overall scale.",Relevant,"The assistant output directly states that the Government of India owns 93.85% of Punjab & Sind Bank, addressing both the promoter's holding percentage and implicitly the current status, while fulfilling the core query.",
What was Punjab & Sind Bank's CASA ratio in the most recently reported quarter?,F_Simple,F_Simple,0.4957014209614541,simple_triplet,True,"[""Punjab & Sind Bank"", ""CASA ratio""]","[{""entity"": ""Punjab & Sind Bank"", ""matched_node_name"": ""Punjab & Sind Bank"", ""matched_id"": ""4427db5f-8213-488a-a2c6-9397c8a68ef2"", ""matched_type"": ""COMPANY"", ""similarity"": 1.0, ""source"": ""gazetteer""}, {""entity"": ""CASA ratio"", ""matched_node_name"": ""CASA ratio"", ""matched_id"": ""f552ef12-cf71-4307-80e3-1eb10e256154"", ""matched_type"": ""METRIC"", ""similarity"": 1.0, ""source"": ""gazetteer""}]",What was <COMPANY>'s <METRIC> in the most recently reported quarter?,"{""nn1"": ""COMPANY"", ""prop1_list"": [], ""target_ids"": [""f552ef12-cf71-4307-80e3-1eb10e256154""], ""nnp1"": ""4427db5f-8213-488a-a2c6-9397c8a68ef2""}","{""nnp1"": ""4427db5f-8213-488a-a2c6-9397c8a68ef2"", ""nnp2"": ""f552ef12-cf71-4307-80e3-1eb10e256154"", ""nnp3"": null, ""prop1"": null, ""nn1"": ""COMPANY"", ""nn2"": ""METRIC"", ""threshold"": null, ""target_ids"": [""f552ef12-cf71-4307-80e3-1eb10e256154""], ""prop1_list"": []}",relaxed_direction,35,"Template: simple_triplet (F_Simple)
Query intent: Simple question: subject linked to objects via a predicate.

Row 1: Punjab & Sind Bank serves the MSME customer segment.
Row 2: Punjab & Sind Bank operates 1,817 branches as a distribution channel.
Row 3: Punjab & Sind Bank measures its total advances as part of its loan reporting.
Row 4: Punjab & Sind Bank measures its gross NPA metric.
Row 5: Punjab & Sind Bank measures its net NPA metric.
Row 6: Punjab & Sind Bank reports its capital adequacy metric.
Row 7: Punjab & Sind Bank measures its CET1 metric.
Row 8: Punjab & Sind Bank serves the retail customer segment.
Row 9: Punjab & Sind Bank reports its net profit metric.
Row 10: Punjab & Sind Bank maintains an AA Stable rating on its bonds.
Row 11: Punjab & Sind Bank is headquartered in New Delhi.
Row 12: Punjab & Sind Bank serves the agricultural customer segment.
Row 13: Punjab & Sind Bank demonstrates a clear strength in asset-quality improvement.
Row 14: Punjab & Sind Bank tracks its total income metric.
Row 15: Punjab & Sind Bank reports its interest income metric.
Row 16: Punjab & Sind Bank has a concentrated retail and agricultural franchise in the Punjab region.
Row 17: Punjab & Sind Bank possesses the strength of solid capital adequacy.
Row 18: Punjab & Sind Bank has a weakness due to its small scale.
Row 19: Punjab & Sind Bank suffers from a weakness characterized as a modest earnings profile.
Row 20: Punjab & Sind Bank's planned QIP to raise capital and reduce the government's stake acts as a clear opportunity.
Row 21: Punjab & Sind Bank is exposed to geographic concentration risk in Punjab.
Row 22: Punjab & Sind Bank is exposed to credit risk from its agricultural-sector exposure.
Row 23: Punjab & Sind Bank is exposed to regulatory risk from the need to bring down that 93.85% government stake toward the 75% ceiling.
Row 24: Punjab & Sind Bank is exposed to operational risk that comes with limited diversification versus larger peers.
Row 25: Punjab & Sind Bank depends heavily on Government of India capital support.
Row 26: Punjab & Sind Bank depends on the Punjab agricultural economy.
Row 27: Punjab & Sind Bank operates as one of the twelve PSU banks.
Row 28: Punjab & Sind Bank is regulated by the RBI.
Row 29: Punjab & Sind Bank is regulated by SEBI.
Row 30: Punjab & Sind Bank's bonds are rated by CRISIL.
Row 31: Swarup Kumar Saha holds the role of MD at Punjab & Sind Bank.
Row 32: Charan Singh acts as the non-executive chairman of Punjab & Sind Bank.
Row 33: The very high government-ownership concentration threatens Punjab & Sind Bank by causing potential dilution and execution risk.
Row 34: The Government of India retains a high ownership stake (93.85%) in Punjab & Sind Bank.
Row 35: LIC held a 1.33% ownership stake in Punjab & Sind Bank.","Headquartered in New Delhi and led by MD Swarup Kumar Saha and Chairman Charan Singh, Punjab & Sind Bank operates 1,817 branches and serves retail, MSME, and agricultural customer segments. The bank maintains solid capital adequacy, an AA Stable bond rating, and an asset-quality improvement strength, alongside key structural opportunities like a planned QIP to reduce the Government of India's 93.85% ownership stake toward the 75% regulatory ceiling.",Not relevant,The assistant output provides general background information about Punjab & Sind Bank but fails to state the CASA ratio for the most recently reported quarter.,
What is Punjab & Sind Bank's net interest margin (NIM) for the latest reported period?,F_Simple,F_Simple,0.4559410416941235,simple_triplet,True,"[""Punjab & Sind Bank"", ""net interest margin""]","[{""entity"": ""Punjab & Sind Bank"", ""matched_node_name"": ""Punjab & Sind Bank"", ""matched_id"": ""4427db5f-8213-488a-a2c6-9397c8a68ef2"", ""matched_type"": ""COMPANY"", ""similarity"": 1.0, ""source"": ""gazetteer""}, {""entity"": ""net interest margin"", ""matched_node_name"": ""Net interest margin"", ""matched_id"": ""ce0a12ce-b581-4229-a6b2-4d53c46e9d9d"", ""matched_type"": ""METRIC"", ""similarity"": 1.0, ""source"": ""gazetteer""}]",What is <COMPANY>'s <METRIC> (NIM) for the latest reported period?,"{""nn1"": ""COMPANY"", ""prop1_list"": [], ""target_ids"": [""ce0a12ce-b581-4229-a6b2-4d53c46e9d9d""], ""nnp1"": ""4427db5f-8213-488a-a2c6-9397c8a68ef2""}","{""nnp1"": ""4427db5f-8213-488a-a2c6-9397c8a68ef2"", ""nnp2"": ""ce0a12ce-b581-4229-a6b2-4d53c46e9d9d"", ""nnp3"": null, ""prop1"": null, ""nn1"": ""COMPANY"", ""nn2"": ""METRIC"", ""threshold"": null, ""target_ids"": [""ce0a12ce-b581-4229-a6b2-4d53c46e9d9d""], ""prop1_list"": []}",relaxed_direction,35,"Template: simple_triplet (F_Simple)
Query intent: Simple question: subject linked to objects via a predicate.

Row 1: Punjab & Sind Bank serves the MSME customer segment.
Row 2: Punjab & Sind Bank operates 1,817 branches as a distribution channel.
Row 3: Punjab & Sind Bank measures its total advances as part of its loan reporting.
Row 4: Punjab & Sind Bank measures its gross NPA metric.
Row 5: Punjab & Sind Bank measures its net NPA metric.
Row 6: Punjab & Sind Bank reports its capital adequacy metric.
Row 7: Punjab & Sind Bank measures its CET1 metric.
Row 8: Punjab & Sind Bank serves the retail customer segment.
Row 9: Punjab & Sind Bank reports its net profit metric.
Row 10: Punjab & Sind Bank maintains an AA Stable rating on its bonds.
Row 11: Punjab & Sind Bank is headquartered in New Delhi.
Row 12: Punjab & Sind Bank serves the agricultural customer segment.
Row 13: Punjab & Sind Bank demonstrates a clear strength in asset-quality improvement.
Row 14: Punjab & Sind Bank tracks its total income metric.
Row 15: Punjab & Sind Bank reports its interest income metric.
Row 16: Punjab & Sind Bank has a concentrated retail and agricultural franchise in the Punjab region.
Row 17: Punjab & Sind Bank possesses the strength of solid capital adequacy.
Row 18: Punjab & Sind Bank has a weakness due to its small scale.
Row 19: Punjab & Sind Bank suffers from a weakness characterized as a modest earnings profile.
Row 20: Punjab & Sind Bank's planned QIP to raise capital and reduce the government's stake acts as a clear opportunity.
Row 21: Punjab & Sind Bank is exposed to geographic concentration risk in Punjab.
Row 22: Punjab & Sind Bank is exposed to credit risk from its agricultural-sector exposure.
Row 23: Punjab & Sind Bank is exposed to regulatory risk from the need to bring down that 93.85% government stake toward the 75% ceiling.
Row 24: Punjab & Sind Bank is exposed to operational risk that comes with limited diversification versus larger peers.
Row 25: Punjab & Sind Bank depends heavily on Government of India capital support.
Row 26: Punjab & Sind Bank depends on the Punjab agricultural economy.
Row 27: Punjab & Sind Bank operates as one of the twelve PSU banks.
Row 28: Punjab & Sind Bank is regulated by the RBI.
Row 29: Punjab & Sind Bank is regulated by SEBI.
Row 30: Punjab & Sind Bank's bonds are rated by CRISIL.
Row 31: Swarup Kumar Saha holds the role of MD at Punjab & Sind Bank.
Row 32: Charan Singh acts as the non-executive chairman of Punjab & Sind Bank.
Row 33: The very high government-ownership concentration threatens Punjab & Sind Bank by causing potential dilution and execution risk.
Row 34: The Government of India retains a high ownership stake (93.85%) in Punjab & Sind Bank.
Row 35: LIC held a 1.33% ownership stake in Punjab & Sind Bank.","Punjab & Sind Bank is a public sector bank headquartered in New Delhi with a network of 1,817 branches, serving retail, agricultural, and MSME customers while maintaining solid capital adequacy and an AA Stable bond rating. The institution faces structural challenges from its small scale, geographic and agricultural concentration in Punjab, and a high Government of India ownership stake of 93.85% that requires regulatory dilution toward a 75% ceiling.",Not relevant,"The assistant output discusses the bank's headquarters, branch network, and structural challenges, but fails to provide the requested net interest margin (NIM) for the latest reported period.",
What are Punjab & Sind Bank's gross NPA and net NPA ratios?,F_Simple,F_Simple,0.5339957873182645,simple_triplet,True,"[""Punjab & Sind Bank"", ""gross NPA"", ""net NPA""]","[{""entity"": ""Punjab & Sind Bank"", ""matched_node_name"": ""Punjab & Sind Bank"", ""matched_id"": ""4427db5f-8213-488a-a2c6-9397c8a68ef2"", ""matched_type"": ""COMPANY"", ""similarity"": 1.0, ""source"": ""gazetteer""}, {""entity"": ""gross NPA"", ""matched_node_name"": ""gross NPA"", ""matched_id"": ""00c1065d-13f6-42fc-be09-d1a8be6780cd"", ""matched_type"": ""METRIC"", ""similarity"": 1.0, ""source"": ""gazetteer""}, {""entity"": ""net NPA"", ""matched_node_name"": ""net NPA"", ""matched_id"": ""4539ed7c-a229-4073-a946-c4b6498648c7"", ""matched_type"": ""METRIC"", ""similarity"": 1.0, ""source"": ""gazetteer""}]",What are <COMPANY>'s <METRIC> and <METRIC> ratios?,"{""nn1"": ""COMPANY"", ""prop1_list"": [], ""target_ids"": [""00c1065d-13f6-42fc-be09-d1a8be6780cd"", ""4539ed7c-a229-4073-a946-c4b6498648c7""], ""nnp1"": ""4427db5f-8213-488a-a2c6-9397c8a68ef2""}","{""nnp1"": ""4427db5f-8213-488a-a2c6-9397c8a68ef2"", ""nnp2"": ""00c1065d-13f6-42fc-be09-d1a8be6780cd"", ""nnp3"": null, ""prop1"": null, ""nn1"": ""COMPANY"", ""nn2"": ""METRIC"", ""threshold"": null, ""target_ids"": [""00c1065d-13f6-42fc-be09-d1a8be6780cd"", ""4539ed7c-a229-4073-a946-c4b6498648c7""], ""prop1_list"": []}",primary,2,"Template: simple_triplet (F_Simple)
Query intent: Simple question: subject linked to objects via a predicate.

Row 1: Punjab & Sind Bank measures its gross NPA metric.
Row 2: Punjab & Sind Bank measures its net NPA metric.",Punjab & Sind Bank actively tracks both its gross NPA and net NPA metrics to evaluate its asset quality. These key indicators provide essential insights into the bank's portfolio risk and overall financial health.,Somewhat relevant,"The assistant acknowledges that Punjab & Sind Bank tracks its gross and net NPA ratios and explains their purpose, but fails to provide the actual numerical values requested by the user.",
"What is Punjab & Sind Bank's capital adequacy ratio (CRAR), and its CET1 ratio if disclosed?",F_Simple,F_Simple,0.5026933839121343,simple_triplet,True,"[""Punjab & Sind Bank"", ""capital adequacy ratio"", ""CE""]","[{""entity"": ""Punjab & Sind Bank"", ""matched_node_name"": ""Punjab & Sind Bank"", ""matched_id"": ""4427db5f-8213-488a-a2c6-9397c8a68ef2"", ""matched_type"": ""COMPANY"", ""similarity"": 1.0, ""source"": ""gazetteer""}, {""entity"": ""capital adequacy ratio"", ""matched_node_name"": ""capital adequacy ratio"", ""matched_id"": ""a9e7103c-2a43-4d54-94d2-0f9178dbb42e"", ""matched_type"": ""METRIC"", ""similarity"": 1.0, ""source"": ""gazetteer""}, {""entity"": ""CE"", ""matched_node_name"": ""NSE"", ""matched_id"": ""f991983e-e758-47f5-acbf-1afe822e5f20"", ""matched_type"": ""COMPANY"", ""similarity"": 0.6484348893165588, ""source"": ""semantic""}]","What is <COMPANY>'s <METRIC> (CRAR), and its <COMPANY>T1 ratio if disclosed?","{""nn1"": ""COMPANY"", ""prop1_list"": [], ""target_ids"": [""a9e7103c-2a43-4d54-94d2-0f9178dbb42e"", ""f991983e-e758-47f5-acbf-1afe822e5f20""], ""nnp1"": ""4427db5f-8213-488a-a2c6-9397c8a68ef2""}","{""nnp1"": ""4427db5f-8213-488a-a2c6-9397c8a68ef2"", ""nnp2"": ""f991983e-e758-47f5-acbf-1afe822e5f20"", ""nnp3"": null, ""prop1"": null, ""nn1"": ""COMPANY"", ""nn2"": ""COMPANY"", ""threshold"": null, ""target_ids"": [""a9e7103c-2a43-4d54-94d2-0f9178dbb42e"", ""f991983e-e758-47f5-acbf-1afe822e5f20""], ""prop1_list"": []}",primary,1,"Template: simple_triplet (F_Simple)
Query intent: Simple question: subject linked to objects via a predicate.

Row 1: Punjab & Sind Bank reports its capital adequacy metric.",Punjab & Sind Bank currently reports its capital adequacy metric. This financial indicator reflects the institution's capacity to absorb potential losses and maintain overall solvency.,Not relevant,The assistant output mentions that the bank reports its capital adequacy metric but fails to provide the actual values for the capital adequacy ratio (CRAR) or the CET1 ratio as requested by the user.,
What are Punjab & Sind Bank's return on assets (ROA) and return on equity (ROE) for the latest quarter?,F_Simple,F_Simple,0.6404601230266839,simple_triplet,True,"[""Punjab & Sind Bank"", ""return on assets"", ""return on equity""]","[{""entity"": ""Punjab & Sind Bank"", ""matched_node_name"": ""Punjab & Sind Bank"", ""matched_id"": ""4427db5f-8213-488a-a2c6-9397c8a68ef2"", ""matched_type"": ""COMPANY"", ""similarity"": 1.0, ""source"": ""gazetteer""}, {""entity"": ""return on assets"", ""matched_node_name"": ""return on assets"", ""matched_id"": ""dd83a8a6-2dd2-4407-9d71-917240c66c55"", ""matched_type"": ""METRIC"", ""similarity"": 1.0, ""source"": ""gazetteer""}, {""entity"": ""return on equity"", ""matched_node_name"": ""return on equity"", ""matched_id"": ""4c4c7086-00d6-4850-9bcd-ae7c8e8479a8"", ""matched_type"": ""METRIC"", ""similarity"": 1.0, ""source"": ""gazetteer""}]",What are <COMPANY>'s <METRIC> (ROA) and <METRIC> (ROE) for the latest quarter?,"{""nn1"": ""COMPANY"", ""prop1_list"": [], ""target_ids"": [""dd83a8a6-2dd2-4407-9d71-917240c66c55"", ""4c4c7086-00d6-4850-9bcd-ae7c8e8479a8""], ""nnp1"": ""4427db5f-8213-488a-a2c6-9397c8a68ef2""}","{""nnp1"": ""4427db5f-8213-488a-a2c6-9397c8a68ef2"", ""nnp2"": ""dd83a8a6-2dd2-4407-9d71-917240c66c55"", ""nnp3"": null, ""prop1"": null, ""nn1"": ""COMPANY"", ""nn2"": ""METRIC"", ""threshold"": null, ""target_ids"": [""dd83a8a6-2dd2-4407-9d71-917240c66c55"", ""4c4c7086-00d6-4850-9bcd-ae7c8e8479a8""], ""prop1_list"": []}",relaxed_direction,35,"Template: simple_triplet (F_Simple)
Query intent: Simple question: subject linked to objects via a predicate.

Row 1: Punjab & Sind Bank serves the MSME customer segment.
Row 2: Punjab & Sind Bank operates 1,817 branches as a distribution channel.
Row 3: Punjab & Sind Bank measures its total advances as part of its loan reporting.
Row 4: Punjab & Sind Bank measures its gross NPA metric.
Row 5: Punjab & Sind Bank measures its net NPA metric.
Row 6: Punjab & Sind Bank reports its capital adequacy metric.
Row 7: Punjab & Sind Bank measures its CET1 metric.
Row 8: Punjab & Sind Bank serves the retail customer segment.
Row 9: Punjab & Sind Bank reports its net profit metric.
Row 10: Punjab & Sind Bank maintains an AA Stable rating on its bonds.
Row 11: Punjab & Sind Bank is headquartered in New Delhi.
Row 12: Punjab & Sind Bank serves the agricultural customer segment.
Row 13: Punjab & Sind Bank demonstrates a clear strength in asset-quality improvement.
Row 14: Punjab & Sind Bank tracks its total income metric.
Row 15: Punjab & Sind Bank reports its interest income metric.
Row 16: Punjab & Sind Bank has a concentrated retail and agricultural franchise in the Punjab region.
Row 17: Punjab & Sind Bank possesses the strength of solid capital adequacy.
Row 18: Punjab & Sind Bank has a weakness due to its small scale.
Row 19: Punjab & Sind Bank suffers from a weakness characterized as a modest earnings profile.
Row 20: Punjab & Sind Bank's planned QIP to raise capital and reduce the government's stake acts as a clear opportunity.
Row 21: Punjab & Sind Bank is exposed to geographic concentration risk in Punjab.
Row 22: Punjab & Sind Bank is exposed to credit risk from its agricultural-sector exposure.
Row 23: Punjab & Sind Bank is exposed to regulatory risk from the need to bring down that 93.85% government stake toward the 75% ceiling.
Row 24: Punjab & Sind Bank is exposed to operational risk that comes with limited diversification versus larger peers.
Row 25: Punjab & Sind Bank depends heavily on Government of India capital support.
Row 26: Punjab & Sind Bank depends on the Punjab agricultural economy.
Row 27: Punjab & Sind Bank operates as one of the twelve PSU banks.
Row 28: Punjab & Sind Bank is regulated by the RBI.
Row 29: Punjab & Sind Bank is regulated by SEBI.
Row 30: Punjab & Sind Bank's bonds are rated by CRISIL.
Row 31: Swarup Kumar Saha holds the role of MD at Punjab & Sind Bank.
Row 32: Charan Singh acts as the non-executive chairman of Punjab & Sind Bank.
Row 33: The very high government-ownership concentration threatens Punjab & Sind Bank by causing potential dilution and execution risk.
Row 34: The Government of India retains a high ownership stake (93.85%) in Punjab & Sind Bank.
Row 35: LIC held a 1.33% ownership stake in Punjab & Sind Bank.","Headquartered in New Delhi and led by Managing Director Swarup Kumar Saha, Punjab & Sind Bank operates 1,817 branches while serving the retail, MSME, and agricultural segments. The bank maintains solid capital adequacy and an AA Stable bond rating, though it faces key challenges including a modest earnings profile, small scale, geographic and sector concentrations in Punjab, and a high Government of India ownership stake of 93.85% that it aims to reduce toward the 75% regulatory ceiling through a planned QIP.",Not relevant,The assistant output provides general background information about Punjab & Sind Bank but fails to provide the specific return on assets (ROA) and return on equity (ROE) requested by the user.,
What was Punjab & Sind Bank's total advances (loan book) and deposit growth in the latest quarter?,F_Simple,F_Simple,0.5786835426932809,simple_triplet,True,"[""Punjab & Sind Bank"", ""total advances"", ""deposit growth""]","[{""entity"": ""Punjab & Sind Bank"", ""matched_node_name"": ""Punjab & Sind Bank"", ""matched_id"": ""4427db5f-8213-488a-a2c6-9397c8a68ef2"", ""matched_type"": ""COMPANY"", ""similarity"": 1.0, ""source"": ""gazetteer""}, {""entity"": ""total advances"", ""matched_node_name"": ""Total Advances"", ""matched_id"": ""96dbb53b-28f6-42c3-96e5-77dc48c86818"", ""matched_type"": ""METRIC"", ""similarity"": 1.0, ""source"": ""gazetteer""}, {""entity"": ""deposit growth"", ""matched_node_name"": ""deposit growth"", ""matched_id"": ""74d2ba68-dde6-485e-ad5d-c3483d1ec0d8"", ""matched_type"": ""METRIC"", ""similarity"": 1.0, ""source"": ""gazetteer""}]",What was <COMPANY>'s <METRIC> (loan book) and <METRIC> in the latest quarter?,"{""nn1"": ""COMPANY"", ""prop1_list"": [], ""target_ids"": [""96dbb53b-28f6-42c3-96e5-77dc48c86818"", ""74d2ba68-dde6-485e-ad5d-c3483d1ec0d8""], ""nnp1"": ""4427db5f-8213-488a-a2c6-9397c8a68ef2""}","{""nnp1"": ""4427db5f-8213-488a-a2c6-9397c8a68ef2"", ""nnp2"": ""96dbb53b-28f6-42c3-96e5-77dc48c86818"", ""nnp3"": null, ""prop1"": null, ""nn1"": ""COMPANY"", ""nn2"": ""METRIC"", ""threshold"": null, ""target_ids"": [""96dbb53b-28f6-42c3-96e5-77dc48c86818"", ""74d2ba68-dde6-485e-ad5d-c3483d1ec0d8""], ""prop1_list"": []}",relaxed_direction,35,"Template: simple_triplet (F_Simple)
Query intent: Simple question: subject linked to objects via a predicate.

Row 1: Punjab & Sind Bank serves the MSME customer segment.
Row 2: Punjab & Sind Bank operates 1,817 branches as a distribution channel.
Row 3: Punjab & Sind Bank measures its total advances as part of its loan reporting.
Row 4: Punjab & Sind Bank measures its gross NPA metric.
Row 5: Punjab & Sind Bank measures its net NPA metric.
Row 6: Punjab & Sind Bank reports its capital adequacy metric.
Row 7: Punjab & Sind Bank measures its CET1 metric.
Row 8: Punjab & Sind Bank serves the retail customer segment.
Row 9: Punjab & Sind Bank reports its net profit metric.
Row 10: Punjab & Sind Bank maintains an AA Stable rating on its bonds.
Row 11: Punjab & Sind Bank is headquartered in New Delhi.
Row 12: Punjab & Sind Bank serves the agricultural customer segment.
Row 13: Punjab & Sind Bank demonstrates a clear strength in asset-quality improvement.
Row 14: Punjab & Sind Bank tracks its total income metric.
Row 15: Punjab & Sind Bank reports its interest income metric.
Row 16: Punjab & Sind Bank has a concentrated retail and agricultural franchise in the Punjab region.
Row 17: Punjab & Sind Bank possesses the strength of solid capital adequacy.
Row 18: Punjab & Sind Bank has a weakness due to its small scale.
Row 19: Punjab & Sind Bank suffers from a weakness characterized as a modest earnings profile.
Row 20: Punjab & Sind Bank's planned QIP to raise capital and reduce the government's stake acts as a clear opportunity.
Row 21: Punjab & Sind Bank is exposed to geographic concentration risk in Punjab.
Row 22: Punjab & Sind Bank is exposed to credit risk from its agricultural-sector exposure.
Row 23: Punjab & Sind Bank is exposed to regulatory risk from the need to bring down that 93.85% government stake toward the 75% ceiling.
Row 24: Punjab & Sind Bank is exposed to operational risk that comes with limited diversification versus larger peers.
Row 25: Punjab & Sind Bank depends heavily on Government of India capital support.
Row 26: Punjab & Sind Bank depends on the Punjab agricultural economy.
Row 27: Punjab & Sind Bank operates as one of the twelve PSU banks.
Row 28: Punjab & Sind Bank is regulated by the RBI.
Row 29: Punjab & Sind Bank is regulated by SEBI.
Row 30: Punjab & Sind Bank's bonds are rated by CRISIL.
Row 31: Swarup Kumar Saha holds the role of MD at Punjab & Sind Bank.
Row 32: Charan Singh acts as the non-executive chairman of Punjab & Sind Bank.
Row 33: The very high government-ownership concentration threatens Punjab & Sind Bank by causing potential dilution and execution risk.
Row 34: The Government of India retains a high ownership stake (93.85%) in Punjab & Sind Bank.
Row 35: LIC held a 1.33% ownership stake in Punjab & Sind Bank.","Headquartered in New Delhi and led by MD Swarup Kumar Saha and non-executive chairman Charan Singh, Punjab & Sind Bank operates 1,817 branches and serves retail, agricultural, and MSME customer segments. The bank maintains solid capital adequacy and an AA Stable bond rating, though it faces risks related to geographic concentration in Punjab, agricultural credit exposure, and a high government ownership stake of 93.85% that exceeds the 75% regulatory ceiling.",Not relevant,The assistant output provides general background information about Punjab & Sind Bank but fails to address the user's specific request for total advances and deposit growth in the latest quarter.,
"What credit ratings has Punjab & Sind Bank received, and from which rating agencies?",F_Simple,F_Simple,0.5428842858605917,simple_triplet,True,"[""Punjab & Sind Bank""]","[{""entity"": ""Punjab & Sind Bank"", ""matched_node_name"": ""Punjab & Sind Bank"", ""matched_id"": ""4427db5f-8213-488a-a2c6-9397c8a68ef2"", ""matched_type"": ""COMPANY"", ""similarity"": 1.0, ""source"": ""gazetteer""}]","What credit ratings has <COMPANY> received, and from which rating agencies?","{""nn1"": ""COMPANY"", ""prop1_list"": [""HAS_RATING""], ""target_ids"": [], ""nnp1"": ""4427db5f-8213-488a-a2c6-9397c8a68ef2""}","{""nnp1"": ""4427db5f-8213-488a-a2c6-9397c8a68ef2"", ""nnp2"": null, ""nnp3"": null, ""prop1"": ""HAS_RATING"", ""nn1"": ""COMPANY"", ""nn2"": null, ""threshold"": null, ""target_ids"": [], ""prop1_list"": [""HAS_RATING""]}",primary,1,"Template: simple_triplet (F_Simple)
Query intent: Simple question: subject linked to objects via a predicate.

Row 1: Punjab & Sind Bank maintains an AA Stable rating on its bonds.",Punjab & Sind Bank maintains an AA Stable rating on its bonds. This reflects the established credit quality and financial stability of the institution.,Somewhat relevant,"The output mentions the credit rating and outlook of Punjab & Sind Bank, but it fails to specify which rating agencies issued these ratings.",
"Roughly how many branches and ATMs does Punjab & Sind Bank operate, and as of what date?",F_QuantCount,F_QuantCount,0.5789900185289873,quant_count,True,"[""ATMs"", ""Punjab & Sind Bank""]","[{""entity"": ""ATMs"", ""matched_node_name"": ""ATMs"", ""matched_id"": ""1d9af7d1-80d1-4631-9a7a-7765335565d0"", ""matched_type"": ""DISTRIBUTIONCHANNEL"", ""similarity"": 1.0, ""source"": ""gazetteer""}, {""entity"": ""Punjab & Sind Bank"", ""matched_node_name"": ""Punjab & Sind Bank"", ""matched_id"": ""4427db5f-8213-488a-a2c6-9397c8a68ef2"", ""matched_type"": ""COMPANY"", ""similarity"": 1.0, ""source"": ""gazetteer""}]","Roughly how many branches and <DISTRIBUTIONCHANNEL> does <COMPANY> operate, and as of what date?","{""nn1"": ""COMPANY"", ""nn2"": ""DISTRIBUTIONCHANNEL"", ""prop1"": null, ""nnp1"": ""4427db5f-8213-488a-a2c6-9397c8a68ef2""}","{""nnp1"": ""4427db5f-8213-488a-a2c6-9397c8a68ef2"", ""nnp2"": ""1d9af7d1-80d1-4631-9a7a-7765335565d0"", ""nnp3"": null, ""prop1"": null, ""nn1"": ""COMPANY"", ""nn2"": ""DISTRIBUTIONCHANNEL"", ""threshold"": null, ""target_ids"": [""1d9af7d1-80d1-4631-9a7a-7765335565d0""], ""prop1_list"": []}",primary,1,"Template: quant_count (F_QuantCount)
Query intent: Count related objects for a subject entity.

Row 1: subject_name=Punjab & Sind Bank | object_count=1 (1 facts)
  - Punjab & Sind Bank operates 1,817 branches as a distribution channel.","Punjab & Sind Bank operates a total of 1,817 branches as part of its distribution channel network.",Somewhat relevant,The output provides the number of branches but fails to mention the number of ATMs and the specific date of the data as requested by the user.,
"What products and services does Punjab & Sind Bank offer, and which customer segments does it serve?",F_Simple,F_Simple,0.6085853750573809,simple_triplet,True,"[""Punjab & Sind Bank""]","[{""entity"": ""Punjab & Sind Bank"", ""matched_node_name"": ""Punjab & Sind Bank"", ""matched_id"": ""4427db5f-8213-488a-a2c6-9397c8a68ef2"", ""matched_type"": ""COMPANY"", ""similarity"": 1.0, ""source"": ""gazetteer""}]","What products and services does <COMPANY> offer, and which customer segments does it serve?","{""nn1"": ""COMPANY"", ""prop1_list"": [""OFFERS_PRODUCT"", ""SERVES""], ""target_ids"": [], ""nnp1"": ""4427db5f-8213-488a-a2c6-9397c8a68ef2""}","{""nnp1"": ""4427db5f-8213-488a-a2c6-9397c8a68ef2"", ""nnp2"": null, ""nnp3"": null, ""prop1"": ""SERVES"", ""nn1"": ""COMPANY"", ""nn2"": null, ""threshold"": null, ""target_ids"": [], ""prop1_list"": [""OFFERS_PRODUCT"", ""SERVES""]}",primary,3,"Template: simple_triplet (F_Simple)
Query intent: Simple question: subject linked to objects via a predicate.

Row 1: Punjab & Sind Bank serves the MSME customer segment.
Row 2: Punjab & Sind Bank serves the retail customer segment.
Row 3: Punjab & Sind Bank serves the agricultural customer segment.","Punjab & Sind Bank caters to the agricultural, retail, and MSME customer segments. Through these diverse offerings, the bank addresses the financial needs of multiple core markets.",Somewhat relevant,"The output identifies the customer segments served by the bank, but fails to mention the specific products and services offered.",
"What percentage of HDFC Bank is held by its government promoter or largest shareholder, and as of what date?",F_LogUnion,F_LogUnion,0.6758920373727951,logical_union,True,"[""HDFC Bank""]","[{""entity"": ""HDFC Bank"", ""matched_node_name"": ""HDFC Bank"", ""matched_id"": ""33f05af5-cd51-4180-9df3-a69be0a7d218"", ""matched_type"": ""COMPANY"", ""similarity"": 1.0, ""source"": ""gazetteer""}]","What percentage of <COMPANY> is held by its government promoter or largest shareholder, and as of what date?","{""nn1"": ""COMPANY"", ""nnp2"": null, ""prop1"": ""REGULATED_BY"", ""nnp1"": ""33f05af5-cd51-4180-9df3-a69be0a7d218""}","{""nnp1"": ""33f05af5-cd51-4180-9df3-a69be0a7d218"", ""nnp2"": null, ""nnp3"": null, ""prop1"": ""REGULATED_BY"", ""nn1"": ""COMPANY"", ""nn2"": null, ""threshold"": null, ""target_ids"": [], ""prop1_list"": [""OWNS"", ""REGULATED_BY"", ""OwnershipStake""]}",primary,50,"Template: logical_union (F_LogUnion)
Query intent: Union of two relationship patterns from the same subject.

Row 1: Atanu Chakraborty serves as the chairman of HDFC Bank, having received a three-year reappointment extension.
Row 2: HDFC Bank Limited competes and trades on the BSE.
Row 3: HDFC Bank reported a CASA ratio of 32% in Q1 FY27.
Row 4: HDFC Bank's CET1 ratio was 17.4%.
Row 5: Foreign Institutional Investors hold a 41.82% stake in HDFC Bank as of September 2026.
Row 6: The Government of India holds a 0.18% stake in HDFC Bank as of September 2026.
Row 7: The erstwhile parent company, HDFC Limited, merged into HDFC Bank in July 2023.
Row 8: HDFC Bank provides SME loans.
Row 9: HDFC Bank serves SME customers.
Row 10: HDFC Bank is headquartered in Maharashtra.
Row 11: HDFC Bank is headquartered in Mumbai.
Row 12: HDFC Bank provides NRI-banking services.
Row 13: HDFC Bank provides banking services for NRI customers.
Row 14: HDFC Bank Limited competes and trades on the NSE.
Row 15: HDFC Bank Limited's ADR, 'HDB', competes and trades on the NYSE.
Row 16: HDFC Bank reported that its net interest margin compressed to 3.26%.
Row 17: HDFC Bank reported a profit after tax of ₹19,060 crore, a 5% increase year-on-year.
Row 18: HDFC Bank's return on equity will be driven by operating leverage at scale.
Row 19: HDFC Bank provides digital banking options through its PayZapp application.
Row 20: HDFC Bank is India's largest private bank.
Row 21: HDFC Bank Limited belongs to the Private Sector Banks segment.
Row 22: HDFC Bank is regulated by the Reserve Bank of India.
Row 23: HDFC Bank relies on its branch network to source retail deposits.
Row 24: HDFC Bank serves retail customers.
Row 25: Sashidhar Jagdishan serves as the MD and CEO of HDFC Bank, with his retirement effective on October 26, 2026.
Row 26: HDFC Bank is regulated by the Securities and Exchange Board of India.
Row 27: HDFC Bank competes strongly against State Bank of India by continuously taking away retail and digital market share.
Row 28: HDFC Bank operates using a universal banking license.
Row 29: HDFC Bank has loan exposure to unsecured retail lending.
Row 30: HDFC Bank caters to affluent customers.
Row 31: Aggressive deposit competition from PSU and other private banks threatens HDFC Bank's CASA ratio.
Row 32: HDFC Bank has loan exposure to agricultural lending.
Row 33: HDFC Bank offers auto loans.
Row 34: HDFC Bank is expected to drive its growth through branch expansion.
Row 35: HDFC Bank utilizes a network of 9,694 branches to serve its customers.
Row 36: HDFC Bank reported a capital adequacy ratio of 19.6%.
Row 37: HDFC Bank provides cash-management services.
Row 38: HDFC Bank provides corporate loans.
Row 39: HDFC Bank's margin will be driven by the cost-of-funds trajectory as its CASA ratio normalizes.
Row 40: HDFC Bank recorded a cost-to-income ratio of 39.2%.
Row 41: HDFC Bank issues credit cards.
Row 42: HDFC Bank is exposed to credit risk in unsecured retail and agricultural lending.
Row 43: HDFC Bank offers custody services.
Row 44: Deposit mobilization serves as a growth driver for HDFC Bank.
Row 45: Domestic institutions hold a 41.75% ownership stake in HDFC Bank as of September 2026.
Row 46: HDFC Bank offers forex services.
Row 47: HDFC Bank provides banking services to government customers.
Row 48: HDFC Bank reported a headline gross NPA of 1.17%, with 0.91% when excluding agriculture.
Row 49: HDFC Bank recorded gross advances of ₹30,608 billion, representing a 15.4% year-on-year increase.
Row 50: HDFC Bank offers home loans.","HDFC Bank, India's largest private bank, reported a profit after tax of ₹19,060 crore and gross advances of ₹30,608 billion, alongside key metrics including a 32% CASA ratio, a 17.4% CET1 ratio, and a 19.6% capital adequacy ratio. The institution operates a universal banking license supported by a network of 9,694 branches and is led by Chairman Atanu Chakraborty and MD and CEO Sashidhar Jagdishan.",Not relevant,"The assistant output provides financial metrics, branch counts, and leadership information, but it completely fails to answer the user's specific questions regarding the percentage held by the government promoter or largest shareholder and the corresponding date.",
What was HDFC Bank's CASA ratio in the most recently reported quarter?,F_Simple,F_Simple,0.4957014209614541,simple_triplet,True,"[""HDFC Bank"", ""CASA ratio""]","[{""entity"": ""HDFC Bank"", ""matched_node_name"": ""HDFC Bank"", ""matched_id"": ""33f05af5-cd51-4180-9df3-a69be0a7d218"", ""matched_type"": ""COMPANY"", ""similarity"": 1.0, ""source"": ""gazetteer""}, {""entity"": ""CASA ratio"", ""matched_node_name"": ""CASA ratio"", ""matched_id"": ""f552ef12-cf71-4307-80e3-1eb10e256154"", ""matched_type"": ""METRIC"", ""similarity"": 1.0, ""source"": ""gazetteer""}]",What was <COMPANY>'s <METRIC> in the most recently reported quarter?,"{""nn1"": ""COMPANY"", ""prop1_list"": [], ""target_ids"": [""f552ef12-cf71-4307-80e3-1eb10e256154""], ""nnp1"": ""33f05af5-cd51-4180-9df3-a69be0a7d218""}","{""nnp1"": ""33f05af5-cd51-4180-9df3-a69be0a7d218"", ""nnp2"": ""f552ef12-cf71-4307-80e3-1eb10e256154"", ""nnp3"": null, ""prop1"": null, ""nn1"": ""COMPANY"", ""nn2"": ""METRIC"", ""threshold"": null, ""target_ids"": [""f552ef12-cf71-4307-80e3-1eb10e256154""], ""prop1_list"": []}",primary,1,"Template: simple_triplet (F_Simple)
Query intent: Simple question: subject linked to objects via a predicate.

Row 1: HDFC Bank reported a CASA ratio of 32% in Q1 FY27.",HDFC Bank reported a CASA ratio of 32% for the first quarter of fiscal year 2027.,Relevant,The assistant directly answers the user's question by providing the CASA ratio for the most recently reported quarter.,
What is HDFC Bank's net interest margin (NIM) for the latest reported period?,F_Simple,F_Simple,0.4559410416941235,simple_triplet,True,"[""HDFC Bank"", ""net interest margin""]","[{""entity"": ""HDFC Bank"", ""matched_node_name"": ""HDFC Bank"", ""matched_id"": ""33f05af5-cd51-4180-9df3-a69be0a7d218"", ""matched_type"": ""COMPANY"", ""similarity"": 1.0, ""source"": ""gazetteer""}, {""entity"": ""net interest margin"", ""matched_node_name"": ""Net interest margin"", ""matched_id"": ""ce0a12ce-b581-4229-a6b2-4d53c46e9d9d"", ""matched_type"": ""METRIC"", ""similarity"": 1.0, ""source"": ""gazetteer""}]",What is <COMPANY>'s <METRIC> (NIM) for the latest reported period?,"{""nn1"": ""COMPANY"", ""prop1_list"": [], ""target_ids"": [""ce0a12ce-b581-4229-a6b2-4d53c46e9d9d""], ""nnp1"": ""33f05af5-cd51-4180-9df3-a69be0a7d218""}","{""nnp1"": ""33f05af5-cd51-4180-9df3-a69be0a7d218"", ""nnp2"": ""ce0a12ce-b581-4229-a6b2-4d53c46e9d9d"", ""nnp3"": null, ""prop1"": null, ""nn1"": ""COMPANY"", ""nn2"": ""METRIC"", ""threshold"": null, ""target_ids"": [""ce0a12ce-b581-4229-a6b2-4d53c46e9d9d""], ""prop1_list"": []}",primary,1,"Template: simple_triplet (F_Simple)
Query intent: Simple question: subject linked to objects via a predicate.

Row 1: HDFC Bank reported that its net interest margin compressed to 3.26%.","HDFC Bank reported a compression in its net interest margin, which fell to 3.26%.",Relevant,The assistant output directly answers the user's question by providing HDFC Bank's net interest margin (NIM) for the latest reported period.,
What are HDFC Bank's gross NPA and net NPA ratios?,F_Simple,F_Simple,0.5339957873182645,simple_triplet,True,"[""HDFC Bank"", ""gross NPA"", ""net NPA""]","[{""entity"": ""HDFC Bank"", ""matched_node_name"": ""HDFC Bank"", ""matched_id"": ""33f05af5-cd51-4180-9df3-a69be0a7d218"", ""matched_type"": ""COMPANY"", ""similarity"": 1.0, ""source"": ""gazetteer""}, {""entity"": ""gross NPA"", ""matched_node_name"": ""gross NPA"", ""matched_id"": ""00c1065d-13f6-42fc-be09-d1a8be6780cd"", ""matched_type"": ""METRIC"", ""similarity"": 1.0, ""source"": ""gazetteer""}, {""entity"": ""net NPA"", ""matched_node_name"": ""net NPA"", ""matched_id"": ""4539ed7c-a229-4073-a946-c4b6498648c7"", ""matched_type"": ""METRIC"", ""similarity"": 1.0, ""source"": ""gazetteer""}]",What are <COMPANY>'s <METRIC> and <METRIC> ratios?,"{""nn1"": ""COMPANY"", ""prop1_list"": [], ""target_ids"": [""00c1065d-13f6-42fc-be09-d1a8be6780cd"", ""4539ed7c-a229-4073-a946-c4b6498648c7""], ""nnp1"": ""33f05af5-cd51-4180-9df3-a69be0a7d218""}","{""nnp1"": ""33f05af5-cd51-4180-9df3-a69be0a7d218"", ""nnp2"": ""00c1065d-13f6-42fc-be09-d1a8be6780cd"", ""nnp3"": null, ""prop1"": null, ""nn1"": ""COMPANY"", ""nn2"": ""METRIC"", ""threshold"": null, ""target_ids"": [""00c1065d-13f6-42fc-be09-d1a8be6780cd"", ""4539ed7c-a229-4073-a946-c4b6498648c7""], ""prop1_list"": []}",primary,1,"Template: simple_triplet (F_Simple)
Query intent: Simple question: subject linked to objects via a predicate.

Row 1: HDFC Bank reported a headline gross NPA of 1.17%, with 0.91% when excluding agriculture.","HDFC Bank reported a headline gross non-performing asset ratio of 1.17%, which decreases to 0.91% when agriculture is excluded.",Somewhat relevant,The assistant provides the gross NPA ratio but fails to provide the net NPA ratio as requested by the user.,
"What is HDFC Bank's capital adequacy ratio (CRAR), and its CET1 ratio if disclosed?",F_Simple,F_Simple,0.5026933839121343,simple_triplet,True,"[""HDFC Bank"", ""capital adequacy ratio"", ""CE""]","[{""entity"": ""HDFC Bank"", ""matched_node_name"": ""HDFC Bank"", ""matched_id"": ""33f05af5-cd51-4180-9df3-a69be0a7d218"", ""matched_type"": ""COMPANY"", ""similarity"": 1.0, ""source"": ""gazetteer""}, {""entity"": ""capital adequacy ratio"", ""matched_node_name"": ""capital adequacy ratio"", ""matched_id"": ""a9e7103c-2a43-4d54-94d2-0f9178dbb42e"", ""matched_type"": ""METRIC"", ""similarity"": 1.0, ""source"": ""gazetteer""}, {""entity"": ""CE"", ""matched_node_name"": ""NSE"", ""matched_id"": ""f991983e-e758-47f5-acbf-1afe822e5f20"", ""matched_type"": ""COMPANY"", ""similarity"": 0.6484348893165588, ""source"": ""semantic""}]","What is <COMPANY>'s <METRIC> (CRAR), and its <COMPANY>T1 ratio if disclosed?","{""nn1"": ""COMPANY"", ""prop1_list"": [], ""target_ids"": [""a9e7103c-2a43-4d54-94d2-0f9178dbb42e"", ""f991983e-e758-47f5-acbf-1afe822e5f20""], ""nnp1"": ""33f05af5-cd51-4180-9df3-a69be0a7d218""}","{""nnp1"": ""33f05af5-cd51-4180-9df3-a69be0a7d218"", ""nnp2"": ""f991983e-e758-47f5-acbf-1afe822e5f20"", ""nnp3"": null, ""prop1"": null, ""nn1"": ""COMPANY"", ""nn2"": ""COMPANY"", ""threshold"": null, ""target_ids"": [""a9e7103c-2a43-4d54-94d2-0f9178dbb42e"", ""f991983e-e758-47f5-acbf-1afe822e5f20""], ""prop1_list"": []}",primary,2,"Template: simple_triplet (F_Simple)
Query intent: Simple question: subject linked to objects via a predicate.

Row 1: HDFC Bank Limited competes and trades on the NSE.
Row 2: HDFC Bank reported a capital adequacy ratio of 19.6%.","HDFC Bank Limited, which trades on the NSE, recently reported a capital adequacy ratio of 19.6%. The institution actively competes within the market while maintaining this financial metric.",Somewhat relevant,The assistant output provides the capital adequacy ratio (CRAR) but fails to provide the CET1 ratio as requested by the user.,
What are HDFC Bank's return on assets (ROA) and return on equity (ROE) for the latest quarter?,F_Simple,F_Simple,0.6404601230266839,simple_triplet,True,"[""HDFC Bank"", ""return on assets"", ""return on equity""]","[{""entity"": ""HDFC Bank"", ""matched_node_name"": ""HDFC Bank"", ""matched_id"": ""33f05af5-cd51-4180-9df3-a69be0a7d218"", ""matched_type"": ""COMPANY"", ""similarity"": 1.0, ""source"": ""gazetteer""}, {""entity"": ""return on assets"", ""matched_node_name"": ""return on assets"", ""matched_id"": ""dd83a8a6-2dd2-4407-9d71-917240c66c55"", ""matched_type"": ""METRIC"", ""similarity"": 1.0, ""source"": ""gazetteer""}, {""entity"": ""return on equity"", ""matched_node_name"": ""return on equity"", ""matched_id"": ""4c4c7086-00d6-4850-9bcd-ae7c8e8479a8"", ""matched_type"": ""METRIC"", ""similarity"": 1.0, ""source"": ""gazetteer""}]",What are <COMPANY>'s <METRIC> (ROA) and <METRIC> (ROE) for the latest quarter?,"{""nn1"": ""COMPANY"", ""prop1_list"": [], ""target_ids"": [""dd83a8a6-2dd2-4407-9d71-917240c66c55"", ""4c4c7086-00d6-4850-9bcd-ae7c8e8479a8""], ""nnp1"": ""33f05af5-cd51-4180-9df3-a69be0a7d218""}","{""nnp1"": ""33f05af5-cd51-4180-9df3-a69be0a7d218"", ""nnp2"": ""dd83a8a6-2dd2-4407-9d71-917240c66c55"", ""nnp3"": null, ""prop1"": null, ""nn1"": ""COMPANY"", ""nn2"": ""METRIC"", ""threshold"": null, ""target_ids"": [""dd83a8a6-2dd2-4407-9d71-917240c66c55"", ""4c4c7086-00d6-4850-9bcd-ae7c8e8479a8""], ""prop1_list"": []}",primary,2,"Template: simple_triplet (F_Simple)
Query intent: Simple question: subject linked to objects via a predicate.

Row 1: HDFC Bank reported a return on assets of 1.85%.
Row 2: HDFC Bank sustained a double-digit return on equity of 13.8% this quarter.","HDFC Bank reported a return on assets of 1.85% for the period. Additionally, the bank sustained a double-digit return on equity of 13.8% this quarter.",Relevant,The assistant output directly provides both the return on assets (ROA) and return on equity (ROE) for HDFC Bank for the latest quarter as requested.,
"What credit ratings has HDFC Bank received, and from which rating agencies?",F_Simple,F_Simple,0.5428842858605917,simple_triplet,True,"[""HDFC Bank""]","[{""entity"": ""HDFC Bank"", ""matched_node_name"": ""HDFC Bank"", ""matched_id"": ""33f05af5-cd51-4180-9df3-a69be0a7d218"", ""matched_type"": ""COMPANY"", ""similarity"": 1.0, ""source"": ""gazetteer""}]","What credit ratings has <COMPANY> received, and from which rating agencies?","{""nn1"": ""COMPANY"", ""prop1_list"": [""HAS_RATING""], ""target_ids"": [], ""nnp1"": ""33f05af5-cd51-4180-9df3-a69be0a7d218""}","{""nnp1"": ""33f05af5-cd51-4180-9df3-a69be0a7d218"", ""nnp2"": null, ""nnp3"": null, ""prop1"": ""HAS_RATING"", ""nn1"": ""COMPANY"", ""nn2"": null, ""threshold"": null, ""target_ids"": [], ""prop1_list"": [""HAS_RATING""]}",attribute_lookup,7,"Template: simple_triplet (F_Simple)
Query intent: Simple question: subject linked to objects via a predicate.

Row 1: HDFC Bank's banking_segment is Private Sector Banks
Row 2: HDFC Bank's country is India
Row 3: HDFC Bank's description is India's largest private bank, headquartered in Mumbai, Maharashtra, operating a universal-bank model spanning retail, wholesale/corporate and treasury business.
Row 4: HDFC Bank's exchange is NSE and BSE
Row 5: HDFC Bank's legal_name is HDFC BANK LIMITED
Row 6: HDFC Bank's listed is True
Row 7: HDFC Bank's ticker is HDFCBANK","HDFC Bank Limited is India's largest private sector bank operating under a universal banking model across retail, wholesale, and treasury segments. Headquartered in Mumbai, the publicly listed institution trades on both the NSE and BSE under the ticker HDFCBANK.",Not relevant,The assistant output provides general background information about HDFC Bank but completely fails to answer the question regarding its credit ratings and rating agencies.,
"Roughly how many branches and ATMs does HDFC Bank operate, and as of what date?",F_QuantCount,F_QuantCount,0.5789900185289873,quant_count,True,"[""ATMs"", ""HDFC Bank""]","[{""entity"": ""ATMs"", ""matched_node_name"": ""ATMs"", ""matched_id"": ""1d9af7d1-80d1-4631-9a7a-7765335565d0"", ""matched_type"": ""DISTRIBUTIONCHANNEL"", ""similarity"": 1.0, ""source"": ""gazetteer""}, {""entity"": ""HDFC Bank"", ""matched_node_name"": ""HDFC Bank"", ""matched_id"": ""33f05af5-cd51-4180-9df3-a69be0a7d218"", ""matched_type"": ""COMPANY"", ""similarity"": 1.0, ""source"": ""gazetteer""}]","Roughly how many branches and <DISTRIBUTIONCHANNEL> does <COMPANY> operate, and as of what date?","{""nn1"": ""COMPANY"", ""nn2"": ""DISTRIBUTIONCHANNEL"", ""prop1"": null, ""nnp1"": ""33f05af5-cd51-4180-9df3-a69be0a7d218""}","{""nnp1"": ""33f05af5-cd51-4180-9df3-a69be0a7d218"", ""nnp2"": ""1d9af7d1-80d1-4631-9a7a-7765335565d0"", ""nnp3"": null, ""prop1"": null, ""nn1"": ""COMPANY"", ""nn2"": ""DISTRIBUTIONCHANNEL"", ""threshold"": null, ""target_ids"": [""1d9af7d1-80d1-4631-9a7a-7765335565d0""], ""prop1_list"": []}",primary,1,"Template: quant_count (F_QuantCount)
Query intent: Count related objects for a subject entity.

Row 1: subject_name=HDFC Bank | object_count=3 (3 facts)
  - HDFC Bank utilizes a network of 9,694 branches to serve its customers.
  - HDFC Bank provides digital banking access via its net banking channels.
  - HDFC Bank offers digital banking functionality through its mobile banking channels.","HDFC Bank serves its customers through a robust operational network comprising 9,694 branches. Additionally, the institution delivers digital banking services through both its mobile and net banking channels.",Somewhat relevant,The assistant provides the branch count but completely omits the number of ATMs and the date for the data.,
"What products and services does HDFC Bank offer, and which customer segments does it serve?",F_Simple,F_Simple,0.6085853750573809,simple_triplet,True,"[""HDFC Bank""]","[{""entity"": ""HDFC Bank"", ""matched_node_name"": ""HDFC Bank"", ""matched_id"": ""33f05af5-cd51-4180-9df3-a69be0a7d218"", ""matched_type"": ""COMPANY"", ""similarity"": 1.0, ""source"": ""gazetteer""}]","What products and services does <COMPANY> offer, and which customer segments does it serve?","{""nn1"": ""COMPANY"", ""prop1_list"": [""OFFERS_PRODUCT"", ""SERVES""], ""target_ids"": [], ""nnp1"": ""33f05af5-cd51-4180-9df3-a69be0a7d218""}","{""nnp1"": ""33f05af5-cd51-4180-9df3-a69be0a7d218"", ""nnp2"": null, ""nnp3"": null, ""prop1"": ""SERVES"", ""nn1"": ""COMPANY"", ""nn2"": null, ""threshold"": null, ""target_ids"": [], ""prop1_list"": [""OFFERS_PRODUCT"", ""SERVES""]}",primary,14,"Template: simple_triplet (F_Simple)
Query intent: Simple question: subject linked to objects via a predicate.

Row 1: HDFC Bank provides SME loans.
Row 2: HDFC Bank serves SME customers.
Row 3: HDFC Bank provides banking services for NRI customers.
Row 4: HDFC Bank serves retail customers.
Row 5: HDFC Bank caters to affluent customers.
Row 6: HDFC Bank offers auto loans.
Row 7: HDFC Bank provides corporate loans.
Row 8: HDFC Bank issues credit cards.
Row 9: HDFC Bank provides banking services to government customers.
Row 10: HDFC Bank offers home loans.
Row 11: HDFC Bank serves large-corporate customers.
Row 12: HDFC Bank serves mid-market customers.
Row 13: HDFC Bank provides personal loans.
Row 14: HDFC Bank offers third-party insurance distribution.","HDFC Bank caters to a diverse client base that includes retail, affluent, SME, mid-market, large-corporate, government, and NRI customers. To support these segments, the bank offers a comprehensive suite of financial products and services, ranging from personal, home, auto, SME, and corporate loans to credit cards, third-party insurance distribution, and specialized banking solutions.",Relevant,The assistant output directly addresses both parts of the user request by listing the specific customer segments served and outlining the comprehensive range of financial products and services offered by HDFC Bank.,
What is ICICI Bank's ticker symbol and on which exchange(s) does it trade?,F_Simple,F_Simple,0.5660659596990265,simple_triplet,True,"[""ICICI Bank""]","[{""entity"": ""ICICI Bank"", ""matched_node_name"": ""ICICI Bank"", ""matched_id"": ""6dd41011-3f05-4810-8931-dd5fa4793a33"", ""matched_type"": ""COMPANY"", ""similarity"": 1.0, ""source"": ""gazetteer""}]",What is <COMPANY>'s ticker symbol and on which exchange(s) does it trade?,"{""nn1"": ""COMPANY"", ""prop1_list"": [], ""target_ids"": [], ""nnp1"": ""6dd41011-3f05-4810-8931-dd5fa4793a33""}","{""nnp1"": ""6dd41011-3f05-4810-8931-dd5fa4793a33"", ""nnp2"": null, ""nnp3"": null, ""prop1"": null, ""nn1"": ""COMPANY"", ""nn2"": null, ""threshold"": null, ""target_ids"": [], ""prop1_list"": []}",primary,50,"Template: simple_triplet (F_Simple)
Query intent: Simple question: subject linked to objects via a predicate.

Row 1: ICICI Bank runs a network of 12,190 ATMs and cash-recycling machines.
Row 2: ICICI Bank reported an average CASA ratio of 38.1% in Q1 FY27.
Row 3: ICICI Bank reported a CET1 ratio of 16.19%.
Row 4: Foreign Institutional Investors held roughly 45% of ICICI Bank as of December 2024.
Row 5: ICICI Bank is exposed to funding risk from competitive deposit pricing.
Row 6: ICICI Bank's registered office is located in Gujarat.
Row 7: ICICI Bank depends on the reliability of its InstaBIZ digital platform for customer acquisition and servicing.
Row 8: ICICI Bank uses its InstaBIZ app as part of its large digital-payments presence.
Row 9: LIC held around a 7% stake in ICICI Bank as of December 2024.
Row 10: ICICI Bank serves SME customers.
Row 11: ICICI Bank's corporate headquarters is in Mumbai.
Row 12: ICICI Bank provides NRI-banking services.
Row 13: ICICI Bank provides services serving NRI customers.
Row 14: ICICI Bank holds a NYSE-listed ADR, subjecting it to US securities rules.
Row 15: ICICI Bank reported a strong net interest margin of 4.36%.
Row 16: ICICI Bank is regulated by the RBI.
Row 17: ICICI Bank serves retail customers through a strong retail franchise.
Row 18: ICICI Bank is regulated by the SEBI.
Row 19: ICICI Bank serves as a key competitor to State Bank of India, threatening its digital and retail market standing.
Row 20: ICICI Bank reported total advances of ₹16,31,260 crore, a 19.6% year-on-year increase.
Row 21: ICICI Bank holds a universal banking license.
Row 22: ICICI Bank maintains its registered office in Vadodara.
Row 23: ICICI Bank offers auto loans.
Row 24: ICICI Bank's business banking lending grew by 28.2% year-on-year.
Row 25: ICICI Bank provides business-banking products designed for SMEs.
Row 26: ICICI Bank reported a capital adequacy ratio of 16.84%.
Row 27: ICICI Bank offers cash-management services.
Row 28: ICICI Bank distributes via 12,190 ATMs and cash-recycling machines combined.
Row 29: ICICI Bank provides corporate and wholesale credit.
Row 30: ICICI Bank reported a cost-to-income ratio of roughly 38.5%.
Row 31: ICICI Bank provides credit cards.
Row 32: ICICI Bank is exposed to credit risk from the pace of unsecured retail growth.
Row 33: ICICI Bank's domestic corporate lending portfolio increased by 18.5%.
Row 34: Domestic institutions held approximately 45% of ICICI Bank as of December 2024.
Row 35: ICICI Bank reported a best-in-class gross NPA of 1.38% among large private banks.
Row 36: ICICI Bank offers home loans to its customers.
Row 37: ICICI Bank has a large digital-payments footprint using its iMobile Pay app.
Row 38: ICICI Bank depends on the reliability of its iMobile Pay digital platform for customer acquisition and servicing.
Row 39: ICICI Bank is exposed to interest-rate risk from the prospect of margin normalization.
Row 40: ICICI Bank serves large-corporate customers via its corporate franchise.
Row 41: ICICI Bank reported a best-in-class net NPA of 0.35% among large private banks.
Row 42: ICICI Bank offers personal loans.
Row 43: ICICI Bank reported a provision coverage ratio of 74.7%.
Row 44: ICICI Bank's retail lending accounts for 49.2% of its portfolio and grew 12.0% year-on-year.
Row 45: ICICI Bank is exposed to unsecured-credit sensitivity over time due to the pace of retail loan growth within its already-large retail book.
Row 46: ICICI Bank reported a sector-leading return on assets of 2.18%.
Row 47: ICICI Bank reported a return on equity of 11.90%.
Row 48: ICICI Bank's rural lending was its fastest-growing segment, increasing by 35.4%.
Row 49: ICICI Bank targets growth expansion in the rural segment.
Row 50: ICICI Bank provides treasury services.","ICICI Bank demonstrates robust financial performance, highlighted by a sector-leading return on assets of 2.18%, a net interest margin of 4.36%, and strong lending growth led by rural lending at 35.4% and business banking at 28.2%. The institution maintains solid asset quality with a gross NPA of 1.38% and a capital adequacy ratio of 16.84%, while serving its diverse retail, SME, and corporate customer base through extensive digital platforms like InstaBIZ and iMobile Pay alongside a physical network of 12,190 ATMs and cash-recycling machines.",Not relevant,The assistant output discusses the bank's financial performance and metrics but completely fails to answer the user's question regarding the ticker symbol and exchanges.,
"Who is the current MD & CEO (or Chairman, where that is the top executive title) of ICICI Bank?",F_Simple,F_Simple,0.6870087860052408,simple_triplet,True,"[""uti"", ""ICICI Bank"", ""MD""]","[{""entity"": ""uti"", ""matched_node_name"": ""UTI"", ""matched_id"": ""fd4feaba-a9ac-4e43-9418-e90485ccc0ee"", ""matched_type"": ""SHAREHOLDER"", ""similarity"": 1.0, ""source"": ""gazetteer""}, {""entity"": ""ICICI Bank"", ""matched_node_name"": ""ICICI Bank"", ""matched_id"": ""6dd41011-3f05-4810-8931-dd5fa4793a33"", ""matched_type"": ""COMPANY"", ""similarity"": 1.0, ""source"": ""gazetteer""}, {""entity"": ""MD"", ""matched_node_name"": ""Sydney"", ""matched_id"": ""6ce73991-b958-4fd6-a892-0d2f5d32b61b"", ""matched_type"": ""GEOGRAPHY"", ""similarity"": 0.6347882270812988, ""source"": ""semantic""}]","Who is the current <GEOGRAPHY> & CEO (or Chairman, where that is the top exec<SHAREHOLDER>ve title) of <COMPANY>?","{""nn1"": ""COMPANY"", ""prop1_list"": [""GovernanceRole""], ""target_ids"": [""fd4feaba-a9ac-4e43-9418-e90485ccc0ee"", ""6ce73991-b958-4fd6-a892-0d2f5d32b61b""], ""nnp1"": ""6dd41011-3f05-4810-8931-dd5fa4793a33""}","{""nnp1"": ""6dd41011-3f05-4810-8931-dd5fa4793a33"", ""nnp2"": ""6ce73991-b958-4fd6-a892-0d2f5d32b61b"", ""nnp3"": null, ""prop1"": ""GovernanceRole"", ""nn1"": ""COMPANY"", ""nn2"": ""GEOGRAPHY"", ""threshold"": null, ""target_ids"": [""fd4feaba-a9ac-4e43-9418-e90485ccc0ee"", ""6ce73991-b958-4fd6-a892-0d2f5d32b61b""], ""prop1_list"": [""GovernanceRole""]}",attribute_lookup,7,"Template: simple_triplet (F_Simple)
Query intent: Simple question: subject linked to objects via a predicate.

Row 1: ICICI Bank's banking_segment is Private Sector Bank
Row 2: ICICI Bank's country is India
Row 3: ICICI Bank's description is ICICI Bank is a private sector bank with its registered office in Vadodara, Gujarat, and corporate headquarters in Mumbai. It runs a universal-bank model with a strong retail, SME, and corporate franchise and a large digital-payments footprint through its iMobile Pay and InstaBIZ apps.
Row 4: ICICI Bank's exchange is NSE and BSE
Row 5: ICICI Bank's legal_name is ICICI BANK LIMITED
Row 6: ICICI Bank's listed is True
Row 7: ICICI Bank's ticker is ICICIBANK","ICICI Bank Limited is a publicly listed private sector universal bank headquartered in Mumbai, India, operating under the ticker ICICIBANK on both the NSE and BSE exchanges. The institution serves retail, SME, and corporate clients while maintaining a significant digital payments footprint through its iMobile Pay and InstaBIZ applications.",Not relevant,"The user asked for the current MD and CEO of ICICI Bank, but the output only provides a general overview of the bank's operations and headquarters without mentioning any leadership.",
"What percentage of ICICI Bank is held by its government promoter or largest shareholder, and as of what date?",F_LogUnion,F_LogUnion,0.6758920373727951,logical_union,True,"[""ICICI Bank""]","[{""entity"": ""ICICI Bank"", ""matched_node_name"": ""ICICI Bank"", ""matched_id"": ""6dd41011-3f05-4810-8931-dd5fa4793a33"", ""matched_type"": ""COMPANY"", ""similarity"": 1.0, ""source"": ""gazetteer""}]","What percentage of <COMPANY> is held by its government promoter or largest shareholder, and as of what date?","{""nn1"": ""COMPANY"", ""nnp2"": null, ""prop1"": ""REGULATED_BY"", ""nnp1"": ""6dd41011-3f05-4810-8931-dd5fa4793a33""}","{""nnp1"": ""6dd41011-3f05-4810-8931-dd5fa4793a33"", ""nnp2"": null, ""nnp3"": null, ""prop1"": ""REGULATED_BY"", ""nn1"": ""COMPANY"", ""nn2"": null, ""threshold"": null, ""target_ids"": [], ""prop1_list"": [""OWNS"", ""REGULATED_BY"", ""OwnershipStake""]}",primary,50,"Template: logical_union (F_LogUnion)
Query intent: Union of two relationship patterns from the same subject.

Row 1: ICICI Bank runs a network of 12,190 ATMs and cash-recycling machines.
Row 2: ICICI Bank reported an average CASA ratio of 38.1% in Q1 FY27.
Row 3: ICICI Bank reported a CET1 ratio of 16.19%.
Row 4: Foreign Institutional Investors held roughly 45% of ICICI Bank as of December 2024.
Row 5: ICICI Bank is exposed to funding risk from competitive deposit pricing.
Row 6: ICICI Bank's registered office is located in Gujarat.
Row 7: ICICI Bank depends on the reliability of its InstaBIZ digital platform for customer acquisition and servicing.
Row 8: ICICI Bank uses its InstaBIZ app as part of its large digital-payments presence.
Row 9: LIC held around a 7% stake in ICICI Bank as of December 2024.
Row 10: ICICI Bank serves SME customers.
Row 11: ICICI Bank's corporate headquarters is in Mumbai.
Row 12: ICICI Bank provides NRI-banking services.
Row 13: ICICI Bank provides services serving NRI customers.
Row 14: ICICI Bank holds a NYSE-listed ADR, subjecting it to US securities rules.
Row 15: ICICI Bank reported a strong net interest margin of 4.36%.
Row 16: ICICI Bank is regulated by the RBI.
Row 17: ICICI Bank serves retail customers through a strong retail franchise.
Row 18: ICICI Bank is regulated by the SEBI.
Row 19: ICICI Bank serves as a key competitor to State Bank of India, threatening its digital and retail market standing.
Row 20: ICICI Bank reported total advances of ₹16,31,260 crore, a 19.6% year-on-year increase.
Row 21: ICICI Bank holds a universal banking license.
Row 22: ICICI Bank maintains its registered office in Vadodara.
Row 23: ICICI Bank offers auto loans.
Row 24: ICICI Bank's business banking lending grew by 28.2% year-on-year.
Row 25: ICICI Bank provides business-banking products designed for SMEs.
Row 26: ICICI Bank reported a capital adequacy ratio of 16.84%.
Row 27: ICICI Bank offers cash-management services.
Row 28: ICICI Bank distributes via 12,190 ATMs and cash-recycling machines combined.
Row 29: ICICI Bank provides corporate and wholesale credit.
Row 30: ICICI Bank reported a cost-to-income ratio of roughly 38.5%.
Row 31: ICICI Bank provides credit cards.
Row 32: ICICI Bank is exposed to credit risk from the pace of unsecured retail growth.
Row 33: ICICI Bank's domestic corporate lending portfolio increased by 18.5%.
Row 34: Domestic institutions held approximately 45% of ICICI Bank as of December 2024.
Row 35: ICICI Bank reported a best-in-class gross NPA of 1.38% among large private banks.
Row 36: ICICI Bank offers home loans to its customers.
Row 37: ICICI Bank has a large digital-payments footprint using its iMobile Pay app.
Row 38: ICICI Bank depends on the reliability of its iMobile Pay digital platform for customer acquisition and servicing.
Row 39: ICICI Bank is exposed to interest-rate risk from the prospect of margin normalization.
Row 40: ICICI Bank serves large-corporate customers via its corporate franchise.
Row 41: ICICI Bank reported a best-in-class net NPA of 0.35% among large private banks.
Row 42: ICICI Bank offers personal loans.
Row 43: ICICI Bank reported a provision coverage ratio of 74.7%.
Row 44: ICICI Bank's retail lending accounts for 49.2% of its portfolio and grew 12.0% year-on-year.
Row 45: ICICI Bank is exposed to unsecured-credit sensitivity over time due to the pace of retail loan growth within its already-large retail book.
Row 46: ICICI Bank reported a sector-leading return on assets of 2.18%.
Row 47: ICICI Bank reported a return on equity of 11.90%.
Row 48: ICICI Bank's rural lending was its fastest-growing segment, increasing by 35.4%.
Row 49: ICICI Bank targets growth expansion in the rural segment.
Row 50: ICICI Bank provides treasury services.","ICICI Bank demonstrated strong financial performance with a sector-leading return on assets of 2.18%, a net interest margin of 4.36%, and total advances reaching ₹16,31,260 crore, alongside robust asset quality marked by a gross NPA of 1.38% and a net NPA of 0.35%. The institution maintains a solid capital position with a CET1 ratio of 16.19% and a capital adequacy ratio of 16.84%, while supported by significant institutional investments from Foreign Institutional Investors and domestic institutions, each holding approximately 45% as of December 2024.",Not relevant,"The assistant output discusses financial performance metrics and institutional holdings, but completely fails to mention the percentage held by the government promoter or largest shareholder as requested.",
What was ICICI Bank's CASA ratio in the most recently reported quarter?,F_Simple,F_Simple,0.4957014209614541,simple_triplet,True,"[""ICICI Bank"", ""CASA ratio""]","[{""entity"": ""ICICI Bank"", ""matched_node_name"": ""ICICI Bank"", ""matched_id"": ""6dd41011-3f05-4810-8931-dd5fa4793a33"", ""matched_type"": ""COMPANY"", ""similarity"": 1.0, ""source"": ""gazetteer""}, {""entity"": ""CASA ratio"", ""matched_node_name"": ""CASA ratio"", ""matched_id"": ""f552ef12-cf71-4307-80e3-1eb10e256154"", ""matched_type"": ""METRIC"", ""similarity"": 1.0, ""source"": ""gazetteer""}]",What was <COMPANY>'s <METRIC> in the most recently reported quarter?,"{""nn1"": ""COMPANY"", ""prop1_list"": [], ""target_ids"": [""f552ef12-cf71-4307-80e3-1eb10e256154""], ""nnp1"": ""6dd41011-3f05-4810-8931-dd5fa4793a33""}","{""nnp1"": ""6dd41011-3f05-4810-8931-dd5fa4793a33"", ""nnp2"": ""f552ef12-cf71-4307-80e3-1eb10e256154"", ""nnp3"": null, ""prop1"": null, ""nn1"": ""COMPANY"", ""nn2"": ""METRIC"", ""threshold"": null, ""target_ids"": [""f552ef12-cf71-4307-80e3-1eb10e256154""], ""prop1_list"": []}",primary,1,"Template: simple_triplet (F_Simple)
Query intent: Simple question: subject linked to objects via a predicate.

Row 1: ICICI Bank reported an average CASA ratio of 38.1% in Q1 FY27.",ICICI Bank achieved an average CASA ratio of 38.1% during the first quarter of fiscal year 2027. This metric highlights the bank's performance regarding its low-cost current and savings account deposits during that period.,Relevant,The assistant output directly answers the user's question by providing ICICI Bank's CASA ratio for the most recently reported quarter mentioned.,
"What is ICICI Bank's capital adequacy ratio (CRAR), and its CET1 ratio if disclosed?",F_Simple,F_Simple,0.5026933839121343,simple_triplet,True,"[""ICICI Bank"", ""capital adequacy ratio"", ""CE""]","[{""entity"": ""ICICI Bank"", ""matched_node_name"": ""ICICI Bank"", ""matched_id"": ""6dd41011-3f05-4810-8931-dd5fa4793a33"", ""matched_type"": ""COMPANY"", ""similarity"": 1.0, ""source"": ""gazetteer""}, {""entity"": ""capital adequacy ratio"", ""matched_node_name"": ""capital adequacy ratio"", ""matched_id"": ""a9e7103c-2a43-4d54-94d2-0f9178dbb42e"", ""matched_type"": ""METRIC"", ""similarity"": 1.0, ""source"": ""gazetteer""}, {""entity"": ""CE"", ""matched_node_name"": ""NSE"", ""matched_id"": ""f991983e-e758-47f5-acbf-1afe822e5f20"", ""matched_type"": ""COMPANY"", ""similarity"": 0.6484348893165588, ""source"": ""semantic""}]","What is <COMPANY>'s <METRIC> (CRAR), and its <COMPANY>T1 ratio if disclosed?","{""nn1"": ""COMPANY"", ""prop1_list"": [], ""target_ids"": [""a9e7103c-2a43-4d54-94d2-0f9178dbb42e"", ""f991983e-e758-47f5-acbf-1afe822e5f20""], ""nnp1"": ""6dd41011-3f05-4810-8931-dd5fa4793a33""}","{""nnp1"": ""6dd41011-3f05-4810-8931-dd5fa4793a33"", ""nnp2"": ""f991983e-e758-47f5-acbf-1afe822e5f20"", ""nnp3"": null, ""prop1"": null, ""nn1"": ""COMPANY"", ""nn2"": ""COMPANY"", ""threshold"": null, ""target_ids"": [""a9e7103c-2a43-4d54-94d2-0f9178dbb42e"", ""f991983e-e758-47f5-acbf-1afe822e5f20""], ""prop1_list"": []}",primary,1,"Template: simple_triplet (F_Simple)
Query intent: Simple question: subject linked to objects via a predicate.

Row 1: ICICI Bank reported a capital adequacy ratio of 16.84%.",ICICI Bank reported a capital adequacy ratio of 16.84%. This metric indicates the bank's strong financial stability and compliance with regulatory capital requirements.,Somewhat relevant,"The assistant output provides the capital adequacy ratio (CRAR) but fails to provide the CET1 ratio, which was explicitly requested.",
What are ICICI Bank's return on assets (ROA) and return on equity (ROE) for the latest quarter?,F_Simple,F_Simple,0.6404601230266839,simple_triplet,True,"[""ICICI Bank"", ""return on assets"", ""return on equity""]","[{""entity"": ""ICICI Bank"", ""matched_node_name"": ""ICICI Bank"", ""matched_id"": ""6dd41011-3f05-4810-8931-dd5fa4793a33"", ""matched_type"": ""COMPANY"", ""similarity"": 1.0, ""source"": ""gazetteer""}, {""entity"": ""return on assets"", ""matched_node_name"": ""return on assets"", ""matched_id"": ""dd83a8a6-2dd2-4407-9d71-917240c66c55"", ""matched_type"": ""METRIC"", ""similarity"": 1.0, ""source"": ""gazetteer""}, {""entity"": ""return on equity"", ""matched_node_name"": ""return on equity"", ""matched_id"": ""4c4c7086-00d6-4850-9bcd-ae7c8e8479a8"", ""matched_type"": ""METRIC"", ""similarity"": 1.0, ""source"": ""gazetteer""}]",What are <COMPANY>'s <METRIC> (ROA) and <METRIC> (ROE) for the latest quarter?,"{""nn1"": ""COMPANY"", ""prop1_list"": [], ""target_ids"": [""dd83a8a6-2dd2-4407-9d71-917240c66c55"", ""4c4c7086-00d6-4850-9bcd-ae7c8e8479a8""], ""nnp1"": ""6dd41011-3f05-4810-8931-dd5fa4793a33""}","{""nnp1"": ""6dd41011-3f05-4810-8931-dd5fa4793a33"", ""nnp2"": ""dd83a8a6-2dd2-4407-9d71-917240c66c55"", ""nnp3"": null, ""prop1"": null, ""nn1"": ""COMPANY"", ""nn2"": ""METRIC"", ""threshold"": null, ""target_ids"": [""dd83a8a6-2dd2-4407-9d71-917240c66c55"", ""4c4c7086-00d6-4850-9bcd-ae7c8e8479a8""], ""prop1_list"": []}",primary,2,"Template: simple_triplet (F_Simple)
Query intent: Simple question: subject linked to objects via a predicate.

Row 1: ICICI Bank reported a sector-leading return on assets of 2.18%.
Row 2: ICICI Bank reported a return on equity of 11.90%.",ICICI Bank achieved a sector-leading return on assets of 2.18% alongside a return on equity of 11.90%.,Relevant,"The assistant output directly provides both the return on assets (ROA) and return on equity (ROE) for ICICI Bank, thereby fully addressing the user's request.",
What was ICICI Bank's total advances (loan book) and deposit growth in the latest quarter?,F_Simple,F_Simple,0.5786835426932809,simple_triplet,True,"[""ICICI Bank"", ""total advances"", ""deposit growth""]","[{""entity"": ""ICICI Bank"", ""matched_node_name"": ""ICICI Bank"", ""matched_id"": ""6dd41011-3f05-4810-8931-dd5fa4793a33"", ""matched_type"": ""COMPANY"", ""similarity"": 1.0, ""source"": ""gazetteer""}, {""entity"": ""total advances"", ""matched_node_name"": ""Total Advances"", ""matched_id"": ""96dbb53b-28f6-42c3-96e5-77dc48c86818"", ""matched_type"": ""METRIC"", ""similarity"": 1.0, ""source"": ""gazetteer""}, {""entity"": ""deposit growth"", ""matched_node_name"": ""deposit growth"", ""matched_id"": ""74d2ba68-dde6-485e-ad5d-c3483d1ec0d8"", ""matched_type"": ""METRIC"", ""similarity"": 1.0, ""source"": ""gazetteer""}]",What was <COMPANY>'s <METRIC> (loan book) and <METRIC> in the latest quarter?,"{""nn1"": ""COMPANY"", ""prop1_list"": [], ""target_ids"": [""96dbb53b-28f6-42c3-96e5-77dc48c86818"", ""74d2ba68-dde6-485e-ad5d-c3483d1ec0d8""], ""nnp1"": ""6dd41011-3f05-4810-8931-dd5fa4793a33""}","{""nnp1"": ""6dd41011-3f05-4810-8931-dd5fa4793a33"", ""nnp2"": ""96dbb53b-28f6-42c3-96e5-77dc48c86818"", ""nnp3"": null, ""prop1"": null, ""nn1"": ""COMPANY"", ""nn2"": ""METRIC"", ""threshold"": null, ""target_ids"": [""96dbb53b-28f6-42c3-96e5-77dc48c86818"", ""74d2ba68-dde6-485e-ad5d-c3483d1ec0d8""], ""prop1_list"": []}",primary,1,"Template: simple_triplet (F_Simple)
Query intent: Simple question: subject linked to objects via a predicate.

Row 1: ICICI Bank reported total advances of ₹16,31,260 crore, a 19.6% year-on-year increase.","ICICI Bank reported total advances of ₹16,31,260 crore, representing a 19.6% increase compared to the previous year. This growth highlights a significant expansion in the bank's lending portfolio over the period.",Somewhat relevant,"The output provides details on the total advances and its growth rate, but completely fails to address the deposit growth requested by the user.",
"What credit ratings has ICICI Bank received, and from which rating agencies?",F_Simple,F_Simple,0.5428842858605917,simple_triplet,True,"[""ICICI Bank""]","[{""entity"": ""ICICI Bank"", ""matched_node_name"": ""ICICI Bank"", ""matched_id"": ""6dd41011-3f05-4810-8931-dd5fa4793a33"", ""matched_type"": ""COMPANY"", ""similarity"": 1.0, ""source"": ""gazetteer""}]","What credit ratings has <COMPANY> received, and from which rating agencies?","{""nn1"": ""COMPANY"", ""prop1_list"": [""HAS_RATING""], ""target_ids"": [], ""nnp1"": ""6dd41011-3f05-4810-8931-dd5fa4793a33""}","{""nnp1"": ""6dd41011-3f05-4810-8931-dd5fa4793a33"", ""nnp2"": null, ""nnp3"": null, ""prop1"": ""HAS_RATING"", ""nn1"": ""COMPANY"", ""nn2"": null, ""threshold"": null, ""target_ids"": [], ""prop1_list"": [""HAS_RATING""]}",attribute_lookup,7,"Template: simple_triplet (F_Simple)
Query intent: Simple question: subject linked to objects via a predicate.

Row 1: ICICI Bank's banking_segment is Private Sector Bank
Row 2: ICICI Bank's country is India
Row 3: ICICI Bank's description is ICICI Bank is a private sector bank with its registered office in Vadodara, Gujarat, and corporate headquarters in Mumbai. It runs a universal-bank model with a strong retail, SME, and corporate franchise and a large digital-payments footprint through its iMobile Pay and InstaBIZ apps.
Row 4: ICICI Bank's exchange is NSE and BSE
Row 5: ICICI Bank's legal_name is ICICI BANK LIMITED
Row 6: ICICI Bank's listed is True
Row 7: ICICI Bank's ticker is ICICIBANK","ICICI Bank Limited is a publicly listed private sector universal bank headquartered in Mumbai, India, operating under the ticker ICICIBANK on both the NSE and BSE exchanges. The institution serves retail, SME, and corporate clients with a strong digital-payments presence through its iMobile Pay and InstaBIZ applications.",Not relevant,The assistant output provides general background information about ICICI Bank but completely fails to mention its credit ratings or the rating agencies that issued them.,
"Roughly how many branches and ATMs does ICICI Bank operate, and as of what date?",F_QuantCount,F_QuantCount,0.5789900185289873,quant_count,True,"[""ATMs"", ""ICICI Bank""]","[{""entity"": ""ATMs"", ""matched_node_name"": ""ATMs"", ""matched_id"": ""1d9af7d1-80d1-4631-9a7a-7765335565d0"", ""matched_type"": ""DISTRIBUTIONCHANNEL"", ""similarity"": 1.0, ""source"": ""gazetteer""}, {""entity"": ""ICICI Bank"", ""matched_node_name"": ""ICICI Bank"", ""matched_id"": ""6dd41011-3f05-4810-8931-dd5fa4793a33"", ""matched_type"": ""COMPANY"", ""similarity"": 1.0, ""source"": ""gazetteer""}]","Roughly how many branches and <DISTRIBUTIONCHANNEL> does <COMPANY> operate, and as of what date?","{""nn1"": ""COMPANY"", ""nn2"": ""DISTRIBUTIONCHANNEL"", ""prop1"": null, ""nnp1"": ""6dd41011-3f05-4810-8931-dd5fa4793a33""}","{""nnp1"": ""6dd41011-3f05-4810-8931-dd5fa4793a33"", ""nnp2"": ""1d9af7d1-80d1-4631-9a7a-7765335565d0"", ""nnp3"": null, ""prop1"": null, ""nn1"": ""COMPANY"", ""nn2"": ""DISTRIBUTIONCHANNEL"", ""threshold"": null, ""target_ids"": [""1d9af7d1-80d1-4631-9a7a-7765335565d0""], ""prop1_list"": []}",primary,1,"Template: quant_count (F_QuantCount)
Query intent: Count related objects for a subject entity.

Row 1: subject_name=ICICI Bank | object_count=2 (2 facts)
  - ICICI Bank runs a network of 12,190 ATMs and cash-recycling machines.
  - ICICI Bank distributes via 12,190 ATMs and cash-recycling machines combined.","ICICI Bank operates a combined distribution and operating network consisting of 12,190 ATMs and cash-recycling machines.",Somewhat relevant,The assistant output provides the number of ATMs but completely misses the user's request for the number of branches and the specific date of the data.,
"What products and services does ICICI Bank offer, and which customer segments does it serve?",F_Simple,F_Simple,0.6085853750573809,simple_triplet,True,"[""ICICI Bank""]","[{""entity"": ""ICICI Bank"", ""matched_node_name"": ""ICICI Bank"", ""matched_id"": ""6dd41011-3f05-4810-8931-dd5fa4793a33"", ""matched_type"": ""COMPANY"", ""similarity"": 1.0, ""source"": ""gazetteer""}]","What products and services does <COMPANY> offer, and which customer segments does it serve?","{""nn1"": ""COMPANY"", ""prop1_list"": [""OFFERS_PRODUCT"", ""SERVES""], ""target_ids"": [], ""nnp1"": ""6dd41011-3f05-4810-8931-dd5fa4793a33""}","{""nnp1"": ""6dd41011-3f05-4810-8931-dd5fa4793a33"", ""nnp2"": null, ""nnp3"": null, ""prop1"": ""SERVES"", ""nn1"": ""COMPANY"", ""nn2"": null, ""threshold"": null, ""target_ids"": [], ""prop1_list"": [""OFFERS_PRODUCT"", ""SERVES""]}",primary,12,"Template: simple_triplet (F_Simple)
Query intent: Simple question: subject linked to objects via a predicate.

Row 1: ICICI Bank serves SME customers.
Row 2: ICICI Bank provides services serving NRI customers.
Row 3: ICICI Bank holds a NYSE-listed ADR, subjecting it to US securities rules.
Row 4: ICICI Bank serves retail customers through a strong retail franchise.
Row 5: ICICI Bank offers auto loans.
Row 6: ICICI Bank provides business-banking products designed for SMEs.
Row 7: ICICI Bank provides corporate and wholesale credit.
Row 8: ICICI Bank provides credit cards.
Row 9: ICICI Bank offers home loans to its customers.
Row 10: ICICI Bank serves large-corporate customers via its corporate franchise.
Row 11: ICICI Bank offers personal loans.
Row 12: ICICI Bank targets growth expansion in the rural segment.","ICICI Bank serves a diverse client base ranging from retail consumers, SMEs, and non-resident Indians to large corporate clients through specialized financing products like home, auto, personal, and credit card loans, alongside corporate and wholesale credit. Additionally, the bank targets growth in the rural segment and operates under US securities regulations as a holder of a NYSE-listed ADR.",Relevant,The assistant output directly addresses both parts of the user request by detailing the products and services as well as the specific customer segments served by ICICI Bank.,
What is Axis Bank's ticker symbol and on which exchange(s) does it trade?,F_Simple,F_Simple,0.5660659596990265,simple_triplet,True,"[""Axis Bank""]","[{""entity"": ""Axis Bank"", ""matched_node_name"": ""Axis Bank Limited"", ""matched_id"": ""c1b4adc3-f581-4d3e-9c1d-a36a39b6a2ab"", ""matched_type"": ""COMPANY"", ""similarity"": 1.1062979221343994, ""source"": ""semantic""}]",What is <COMPANY>'s ticker symbol and on which exchange(s) does it trade?,"{""nn1"": ""COMPANY"", ""prop1_list"": [], ""target_ids"": [], ""nnp1"": ""c1b4adc3-f581-4d3e-9c1d-a36a39b6a2ab""}","{""nnp1"": ""c1b4adc3-f581-4d3e-9c1d-a36a39b6a2ab"", ""nnp2"": null, ""nnp3"": null, ""prop1"": null, ""nn1"": ""COMPANY"", ""nn2"": null, ""threshold"": null, ""target_ids"": [], ""prop1_list"": []}",primary,38,"Template: simple_triplet (F_Simple)
Query intent: Simple question: subject linked to objects via a predicate.

Row 1: Amitabh Chaudhry holds the role of MD & CEO at Axis Bank Limited.
Row 2: Axis Bank Limited provides wealth management services under its Burgundy brand.
Row 3: Axis Bank Limited reported a CASA ratio of 38%.
Row 4: Axis Bank Limited reported comfortable CET1 capital of 14.64%.
Row 5: Axis Bank Limited was reaffirmed and rated by CRISIL.
Row 6: FIIs held a 39.91% ownership stake in Axis Bank Limited as of September 2026.
Row 7: Axis Bank Limited's fixed deposits were assigned an IND AAA rating.
Row 8: Axis Bank Limited is rated by India Ratings.
Row 9: Axis Bank Limited is headquartered in Maharashtra.
Row 10: Axis Bank Limited is headquartered in Mumbai.
Row 11: N. S. Vishwanathan holds the role of non-executive chairman at Axis Bank Limited.
Row 12: Axis Bank Limited provides NRI banking services.
Row 13: Axis Bank Limited saw its net interest margin fall to a cycle low of 3.46%.
Row 14: Rajiv Anand previously served as Deputy MD at Axis Bank.
Row 15: Axis Bank Limited is regulated by the RBI.
Row 16: Axis Bank Limited has exposure to growing SME lending, increasing it by 25% year-on-year.
Row 17: Axis Bank Limited is regulated by the SEBI.
Row 18: Axis Bank Limited reported total advances of 12,61,557 crore.
Row 19: Axis Bank Limited holds a universal banking license.
Row 20: Axis Bank Limited reported a capital adequacy ratio of 16.67%.
Row 21: Axis Bank Limited provides cash management services.
Row 22: Axis Bank Limited is exposed to concentration risk due to the rapid pace of its corporate-loan growth.
Row 23: Axis Bank Limited is expanding its exposure to corporate lending, growing it by 38% year-on-year.
Row 24: Axis Bank Limited reported a cost-to-assets ratio of 2.20%.
Row 25: Axis Bank Limited is exposed to ordinary credit risk.
Row 26: Domestic institutions held a 4.62% ownership stake in Axis Bank Limited as of September 2026.
Row 27: Insurance companies made up 5.07% of the domestic institutional holdings in Axis Bank Limited as of September 2026.
Row 28: Axis Bank Limited is exposed to interest-rate risk from NIM compression.
Row 29: Mutual funds made up 33.00% of the domestic institutional holdings in Axis Bank Limited as of September 2026.
Row 30: Axis Bank Limited reported a net NPA of 0.39%.
Row 31: Axis Bank Limited reported a provision coverage ratio of 70%.
Row 32: Retail investors held a 6.43% ownership stake in Axis Bank Limited as of September 2026.
Row 33: Axis Bank Limited reported a return on assets of 1.51%.
Row 34: Axis Bank Limited reported a return on equity of 14.16%.
Row 35: Axis Bank Limited reported total deposits of 13,72,936 crore.
Row 36: Axis Bank Limited provides trade finance services.
Row 37: Axis Bank Limited runs its operations on a universal-bank model.
Row 38: Axis Bank Limited provides wealth management services.","Axis Bank Limited operates under the leadership of MD and CEO Amitabh Chaudhry and Non-Executive Chairman N. S. Vishwanathan, maintaining a capital adequacy ratio of 16.67% alongside a comfortable CET1 capital of 14.64%. As of September 2026, foreign institutional investors held a 39.91% ownership stake in the bank, which reported total advances of 12,61,557 crore and total deposits of 13,72,936 crore.",Not relevant,"The assistant output discusses leadership, capital adequacy, and financials, but completely fails to provide Axis Bank's ticker symbol and the exchanges it trades on.",
"What percentage of Axis Bank is held by its government promoter or largest shareholder, and as of what date?",F_LogUnion,F_LogUnion,0.6758920373727951,logical_union,True,"[""Axis Bank""]","[{""entity"": ""Axis Bank"", ""matched_node_name"": ""Axis Bank Limited"", ""matched_id"": ""c1b4adc3-f581-4d3e-9c1d-a36a39b6a2ab"", ""matched_type"": ""COMPANY"", ""similarity"": 1.1062979221343994, ""source"": ""semantic""}]","What percentage of <COMPANY> is held by its government promoter or largest shareholder, and as of what date?","{""nn1"": ""COMPANY"", ""nnp2"": null, ""prop1"": ""REGULATED_BY"", ""nnp1"": ""c1b4adc3-f581-4d3e-9c1d-a36a39b6a2ab""}","{""nnp1"": ""c1b4adc3-f581-4d3e-9c1d-a36a39b6a2ab"", ""nnp2"": null, ""nnp3"": null, ""prop1"": ""REGULATED_BY"", ""nn1"": ""COMPANY"", ""nn2"": null, ""threshold"": null, ""target_ids"": [], ""prop1_list"": [""OWNS"", ""REGULATED_BY"", ""OwnershipStake""]}",primary,38,"Template: logical_union (F_LogUnion)
Query intent: Union of two relationship patterns from the same subject.

Row 1: Amitabh Chaudhry holds the role of MD & CEO at Axis Bank Limited.
Row 2: Axis Bank Limited provides wealth management services under its Burgundy brand.
Row 3: Axis Bank Limited reported a CASA ratio of 38%.
Row 4: Axis Bank Limited reported comfortable CET1 capital of 14.64%.
Row 5: Axis Bank Limited was reaffirmed and rated by CRISIL.
Row 6: FIIs held a 39.91% ownership stake in Axis Bank Limited as of September 2026.
Row 7: Axis Bank Limited's fixed deposits were assigned an IND AAA rating.
Row 8: Axis Bank Limited is rated by India Ratings.
Row 9: Axis Bank Limited is headquartered in Maharashtra.
Row 10: Axis Bank Limited is headquartered in Mumbai.
Row 11: N. S. Vishwanathan holds the role of non-executive chairman at Axis Bank Limited.
Row 12: Axis Bank Limited provides NRI banking services.
Row 13: Axis Bank Limited saw its net interest margin fall to a cycle low of 3.46%.
Row 14: Rajiv Anand previously served as Deputy MD at Axis Bank.
Row 15: Axis Bank Limited is regulated by the RBI.
Row 16: Axis Bank Limited has exposure to growing SME lending, increasing it by 25% year-on-year.
Row 17: Axis Bank Limited is regulated by the SEBI.
Row 18: Axis Bank Limited reported total advances of 12,61,557 crore.
Row 19: Axis Bank Limited holds a universal banking license.
Row 20: Axis Bank Limited reported a capital adequacy ratio of 16.67%.
Row 21: Axis Bank Limited provides cash management services.
Row 22: Axis Bank Limited is exposed to concentration risk due to the rapid pace of its corporate-loan growth.
Row 23: Axis Bank Limited is expanding its exposure to corporate lending, growing it by 38% year-on-year.
Row 24: Axis Bank Limited reported a cost-to-assets ratio of 2.20%.
Row 25: Axis Bank Limited is exposed to ordinary credit risk.
Row 26: Domestic institutions held a 4.62% ownership stake in Axis Bank Limited as of September 2026.
Row 27: Insurance companies made up 5.07% of the domestic institutional holdings in Axis Bank Limited as of September 2026.
Row 28: Axis Bank Limited is exposed to interest-rate risk from NIM compression.
Row 29: Mutual funds made up 33.00% of the domestic institutional holdings in Axis Bank Limited as of September 2026.
Row 30: Axis Bank Limited reported a net NPA of 0.39%.
Row 31: Axis Bank Limited reported a provision coverage ratio of 70%.
Row 32: Retail investors held a 6.43% ownership stake in Axis Bank Limited as of September 2026.
Row 33: Axis Bank Limited reported a return on assets of 1.51%.
Row 34: Axis Bank Limited reported a return on equity of 14.16%.
Row 35: Axis Bank Limited reported total deposits of 13,72,936 crore.
Row 36: Axis Bank Limited provides trade finance services.
Row 37: Axis Bank Limited runs its operations on a universal-bank model.
Row 38: Axis Bank Limited provides wealth management services.","Axis Bank Limited, led by MD & CEO Amitabh Chaudhry and headquartered in Mumbai, operates under a universal banking model with total advances of 12,61,557 crore and total deposits of 13,72,936 crore as of September 2026. The bank maintains a comfortable capital adequacy ratio of 16.67% and a CET1 capital ratio of 14.64%, alongside a CASA ratio of 38% and a net NPA of 0.39%.",Not relevant,The assistant output provides general financial and leadership details about Axis Bank but completely fails to answer the user's specific questions regarding the government promoter/largest shareholder ownership percentage and the corresponding date.,
What was Axis Bank's CASA ratio in the most recently reported quarter?,F_Simple,F_Simple,0.4957014209614541,simple_triplet,True,"[""Axis Bank"", ""CASA ratio""]","[{""entity"": ""Axis Bank"", ""matched_node_name"": ""Axis Bank Limited"", ""matched_id"": ""c1b4adc3-f581-4d3e-9c1d-a36a39b6a2ab"", ""matched_type"": ""COMPANY"", ""similarity"": 1.1062979221343994, ""source"": ""semantic""}, {""entity"": ""CASA ratio"", ""matched_node_name"": ""CASA ratio"", ""matched_id"": ""f552ef12-cf71-4307-80e3-1eb10e256154"", ""matched_type"": ""METRIC"", ""similarity"": 1.0, ""source"": ""gazetteer""}]",What was <COMPANY>'s <METRIC> in the most recently reported quarter?,"{""nn1"": ""COMPANY"", ""prop1_list"": [], ""target_ids"": [""f552ef12-cf71-4307-80e3-1eb10e256154""], ""nnp1"": ""c1b4adc3-f581-4d3e-9c1d-a36a39b6a2ab""}","{""nnp1"": ""c1b4adc3-f581-4d3e-9c1d-a36a39b6a2ab"", ""nnp2"": ""f552ef12-cf71-4307-80e3-1eb10e256154"", ""nnp3"": null, ""prop1"": null, ""nn1"": ""COMPANY"", ""nn2"": ""METRIC"", ""threshold"": null, ""target_ids"": [""f552ef12-cf71-4307-80e3-1eb10e256154""], ""prop1_list"": []}",primary,1,"Template: simple_triplet (F_Simple)
Query intent: Simple question: subject linked to objects via a predicate.

Row 1: Axis Bank Limited reported a CASA ratio of 38%.",Axis Bank Limited reported a current account savings account (CASA) ratio of 38%. This metric reflects the bank's proportion of low-cost deposits relative to its total deposits.,Relevant,"The assistant output directly provides Axis Bank's CASA ratio for the reported quarter, fully addressing the user's request.",
What is Axis Bank's net interest margin (NIM) for the latest reported period?,F_Simple,F_Simple,0.4559410416941235,simple_triplet,True,"[""Axis Bank"", ""net interest margin""]","[{""entity"": ""Axis Bank"", ""matched_node_name"": ""Axis Bank Limited"", ""matched_id"": ""c1b4adc3-f581-4d3e-9c1d-a36a39b6a2ab"", ""matched_type"": ""COMPANY"", ""similarity"": 1.1062979221343994, ""source"": ""semantic""}, {""entity"": ""net interest margin"", ""matched_node_name"": ""Net interest margin"", ""matched_id"": ""ce0a12ce-b581-4229-a6b2-4d53c46e9d9d"", ""matched_type"": ""METRIC"", ""similarity"": 1.0, ""source"": ""gazetteer""}]",What is <COMPANY>'s <METRIC> (NIM) for the latest reported period?,"{""nn1"": ""COMPANY"", ""prop1_list"": [], ""target_ids"": [""ce0a12ce-b581-4229-a6b2-4d53c46e9d9d""], ""nnp1"": ""c1b4adc3-f581-4d3e-9c1d-a36a39b6a2ab""}","{""nnp1"": ""c1b4adc3-f581-4d3e-9c1d-a36a39b6a2ab"", ""nnp2"": ""ce0a12ce-b581-4229-a6b2-4d53c46e9d9d"", ""nnp3"": null, ""prop1"": null, ""nn1"": ""COMPANY"", ""nn2"": ""METRIC"", ""threshold"": null, ""target_ids"": [""ce0a12ce-b581-4229-a6b2-4d53c46e9d9d""], ""prop1_list"": []}",primary,1,"Template: simple_triplet (F_Simple)
Query intent: Simple question: subject linked to objects via a predicate.

Row 1: Axis Bank Limited saw its net interest margin fall to a cycle low of 3.46%.","Axis Bank Limited experienced a decline in its net interest margin, which dropped to a cycle low of 3.46%.",Relevant,The assistant output directly provides Axis Bank's net interest margin for the latest reported period as requested.,
What are Axis Bank's gross NPA and net NPA ratios?,F_Simple,F_Simple,0.5339957873182645,simple_triplet,True,"[""Axis Bank"", ""gross NPA"", ""net NPA""]","[{""entity"": ""Axis Bank"", ""matched_node_name"": ""Axis Bank Limited"", ""matched_id"": ""c1b4adc3-f581-4d3e-9c1d-a36a39b6a2ab"", ""matched_type"": ""COMPANY"", ""similarity"": 1.1062979221343994, ""source"": ""semantic""}, {""entity"": ""gross NPA"", ""matched_node_name"": ""gross NPA"", ""matched_id"": ""00c1065d-13f6-42fc-be09-d1a8be6780cd"", ""matched_type"": ""METRIC"", ""similarity"": 1.0, ""source"": ""gazetteer""}, {""entity"": ""net NPA"", ""matched_node_name"": ""net NPA"", ""matched_id"": ""4539ed7c-a229-4073-a946-c4b6498648c7"", ""matched_type"": ""METRIC"", ""similarity"": 1.0, ""source"": ""gazetteer""}]",What are <COMPANY>'s <METRIC> and <METRIC> ratios?,"{""nn1"": ""COMPANY"", ""prop1_list"": [], ""target_ids"": [""00c1065d-13f6-42fc-be09-d1a8be6780cd"", ""4539ed7c-a229-4073-a946-c4b6498648c7""], ""nnp1"": ""c1b4adc3-f581-4d3e-9c1d-a36a39b6a2ab""}","{""nnp1"": ""c1b4adc3-f581-4d3e-9c1d-a36a39b6a2ab"", ""nnp2"": ""00c1065d-13f6-42fc-be09-d1a8be6780cd"", ""nnp3"": null, ""prop1"": null, ""nn1"": ""COMPANY"", ""nn2"": ""METRIC"", ""threshold"": null, ""target_ids"": [""00c1065d-13f6-42fc-be09-d1a8be6780cd"", ""4539ed7c-a229-4073-a946-c4b6498648c7""], ""prop1_list"": []}",primary,1,"Template: simple_triplet (F_Simple)
Query intent: Simple question: subject linked to objects via a predicate.

Row 1: Axis Bank Limited reported a net NPA of 0.39%.",Axis Bank Limited reported a net NPA of 0.39%.,Somewhat relevant,The assistant provided the net NPA ratio but failed to provide the gross NPA ratio as requested by the user.,
"What is Axis Bank's capital adequacy ratio (CRAR), and its CET1 ratio if disclosed?",F_Simple,F_Simple,0.5026933839121343,simple_triplet,True,"[""Axis Bank"", ""capital adequacy ratio"", ""CE""]","[{""entity"": ""Axis Bank"", ""matched_node_name"": ""Axis Bank Limited"", ""matched_id"": ""c1b4adc3-f581-4d3e-9c1d-a36a39b6a2ab"", ""matched_type"": ""COMPANY"", ""similarity"": 1.1062979221343994, ""source"": ""semantic""}, {""entity"": ""capital adequacy ratio"", ""matched_node_name"": ""capital adequacy ratio"", ""matched_id"": ""a9e7103c-2a43-4d54-94d2-0f9178dbb42e"", ""matched_type"": ""METRIC"", ""similarity"": 1.0, ""source"": ""gazetteer""}, {""entity"": ""CE"", ""matched_node_name"": ""NSE"", ""matched_id"": ""f991983e-e758-47f5-acbf-1afe822e5f20"", ""matched_type"": ""COMPANY"", ""similarity"": 0.6484348893165588, ""source"": ""semantic""}]","What is <COMPANY>'s <METRIC> (CRAR), and its <COMPANY>T1 ratio if disclosed?","{""nn1"": ""COMPANY"", ""prop1_list"": [], ""target_ids"": [""a9e7103c-2a43-4d54-94d2-0f9178dbb42e"", ""f991983e-e758-47f5-acbf-1afe822e5f20""], ""nnp1"": ""c1b4adc3-f581-4d3e-9c1d-a36a39b6a2ab""}","{""nnp1"": ""c1b4adc3-f581-4d3e-9c1d-a36a39b6a2ab"", ""nnp2"": ""f991983e-e758-47f5-acbf-1afe822e5f20"", ""nnp3"": null, ""prop1"": null, ""nn1"": ""COMPANY"", ""nn2"": ""COMPANY"", ""threshold"": null, ""target_ids"": [""a9e7103c-2a43-4d54-94d2-0f9178dbb42e"", ""f991983e-e758-47f5-acbf-1afe822e5f20""], ""prop1_list"": []}",primary,1,"Template: simple_triplet (F_Simple)
Query intent: Simple question: subject linked to objects via a predicate.

Row 1: Axis Bank Limited reported a capital adequacy ratio of 16.67%.",Axis Bank Limited reported a capital adequacy ratio of 16.67%. This metric reflects the bank's strong financial foundation and ability to absorb potential losses.,Somewhat relevant,The assistant provides the capital adequacy ratio (CRAR) but fails to provide the CET1 ratio as specifically requested by the user.,
What are Axis Bank's return on assets (ROA) and return on equity (ROE) for the latest quarter?,F_Simple,F_Simple,0.6404601230266839,simple_triplet,True,"[""Axis Bank"", ""return on assets"", ""return on equity""]","[{""entity"": ""Axis Bank"", ""matched_node_name"": ""Axis Bank Limited"", ""matched_id"": ""c1b4adc3-f581-4d3e-9c1d-a36a39b6a2ab"", ""matched_type"": ""COMPANY"", ""similarity"": 1.1062979221343994, ""source"": ""semantic""}, {""entity"": ""return on assets"", ""matched_node_name"": ""return on assets"", ""matched_id"": ""dd83a8a6-2dd2-4407-9d71-917240c66c55"", ""matched_type"": ""METRIC"", ""similarity"": 1.0, ""source"": ""gazetteer""}, {""entity"": ""return on equity"", ""matched_node_name"": ""return on equity"", ""matched_id"": ""4c4c7086-00d6-4850-9bcd-ae7c8e8479a8"", ""matched_type"": ""METRIC"", ""similarity"": 1.0, ""source"": ""gazetteer""}]",What are <COMPANY>'s <METRIC> (ROA) and <METRIC> (ROE) for the latest quarter?,"{""nn1"": ""COMPANY"", ""prop1_list"": [], ""target_ids"": [""dd83a8a6-2dd2-4407-9d71-917240c66c55"", ""4c4c7086-00d6-4850-9bcd-ae7c8e8479a8""], ""nnp1"": ""c1b4adc3-f581-4d3e-9c1d-a36a39b6a2ab""}","{""nnp1"": ""c1b4adc3-f581-4d3e-9c1d-a36a39b6a2ab"", ""nnp2"": ""dd83a8a6-2dd2-4407-9d71-917240c66c55"", ""nnp3"": null, ""prop1"": null, ""nn1"": ""COMPANY"", ""nn2"": ""METRIC"", ""threshold"": null, ""target_ids"": [""dd83a8a6-2dd2-4407-9d71-917240c66c55"", ""4c4c7086-00d6-4850-9bcd-ae7c8e8479a8""], ""prop1_list"": []}",primary,2,"Template: simple_triplet (F_Simple)
Query intent: Simple question: subject linked to objects via a predicate.

Row 1: Axis Bank Limited reported a return on assets of 1.51%.
Row 2: Axis Bank Limited reported a return on equity of 14.16%.",Axis Bank Limited reported a return on assets of 1.51% and a return on equity of 14.16%.,Relevant,The assistant output directly provides Axis Bank's return on assets and return on equity as requested.,
What was Axis Bank's total advances (loan book) and deposit growth in the latest quarter?,F_Simple,F_Simple,0.5786835426932809,simple_triplet,True,"[""Axis Bank"", ""total advances"", ""deposit growth""]","[{""entity"": ""Axis Bank"", ""matched_node_name"": ""Axis Bank Limited"", ""matched_id"": ""c1b4adc3-f581-4d3e-9c1d-a36a39b6a2ab"", ""matched_type"": ""COMPANY"", ""similarity"": 1.1062979221343994, ""source"": ""semantic""}, {""entity"": ""total advances"", ""matched_node_name"": ""Total Advances"", ""matched_id"": ""96dbb53b-28f6-42c3-96e5-77dc48c86818"", ""matched_type"": ""METRIC"", ""similarity"": 1.0, ""source"": ""gazetteer""}, {""entity"": ""deposit growth"", ""matched_node_name"": ""deposit growth"", ""matched_id"": ""74d2ba68-dde6-485e-ad5d-c3483d1ec0d8"", ""matched_type"": ""METRIC"", ""similarity"": 1.0, ""source"": ""gazetteer""}]",What was <COMPANY>'s <METRIC> (loan book) and <METRIC> in the latest quarter?,"{""nn1"": ""COMPANY"", ""prop1_list"": [], ""target_ids"": [""96dbb53b-28f6-42c3-96e5-77dc48c86818"", ""74d2ba68-dde6-485e-ad5d-c3483d1ec0d8""], ""nnp1"": ""c1b4adc3-f581-4d3e-9c1d-a36a39b6a2ab""}","{""nnp1"": ""c1b4adc3-f581-4d3e-9c1d-a36a39b6a2ab"", ""nnp2"": ""96dbb53b-28f6-42c3-96e5-77dc48c86818"", ""nnp3"": null, ""prop1"": null, ""nn1"": ""COMPANY"", ""nn2"": ""METRIC"", ""threshold"": null, ""target_ids"": [""96dbb53b-28f6-42c3-96e5-77dc48c86818"", ""74d2ba68-dde6-485e-ad5d-c3483d1ec0d8""], ""prop1_list"": []}",primary,1,"Template: simple_triplet (F_Simple)
Query intent: Simple question: subject linked to objects via a predicate.

Row 1: Axis Bank Limited reported total advances of 12,61,557 crore.","Axis Bank Limited reported a total advance amount of 12,61,557 crore.",Somewhat relevant,The assistant output provides the total advances amount for Axis Bank in the latest quarter but fails to mention the deposit growth requested by the user.,
"What credit ratings has Axis Bank received, and from which rating agencies?",F_Simple,F_Simple,0.5428842858605917,simple_triplet,True,"[""Axis Bank""]","[{""entity"": ""Axis Bank"", ""matched_node_name"": ""Axis Bank Limited"", ""matched_id"": ""c1b4adc3-f581-4d3e-9c1d-a36a39b6a2ab"", ""matched_type"": ""COMPANY"", ""similarity"": 1.1062979221343994, ""source"": ""semantic""}]","What credit ratings has <COMPANY> received, and from which rating agencies?","{""nn1"": ""COMPANY"", ""prop1_list"": [""HAS_RATING""], ""target_ids"": [], ""nnp1"": ""c1b4adc3-f581-4d3e-9c1d-a36a39b6a2ab""}","{""nnp1"": ""c1b4adc3-f581-4d3e-9c1d-a36a39b6a2ab"", ""nnp2"": null, ""nnp3"": null, ""prop1"": ""HAS_RATING"", ""nn1"": ""COMPANY"", ""nn2"": null, ""threshold"": null, ""target_ids"": [], ""prop1_list"": [""HAS_RATING""]}",primary,1,"Template: simple_triplet (F_Simple)
Query intent: Simple question: subject linked to objects via a predicate.

Row 1: Axis Bank Limited's fixed deposits were assigned an IND AAA rating.",Axis Bank Limited's fixed deposits have been assigned an IND AAA rating. This top-tier credit rating reflects the bank's strong financial standing and creditworthiness regarding its fixed deposit offerings.,Somewhat relevant,"The output mentions one credit rating and agency for Axis Bank fixed deposits, but it fails to provide a comprehensive answer covering all of the bank's credit ratings and respective agencies.",
"Roughly how many branches and ATMs does Axis Bank operate, and as of what date?",F_QuantCount,F_QuantCount,0.5789900185289873,quant_count,True,"[""Axis Bank"", ""ATMs""]","[{""entity"": ""Axis Bank"", ""matched_node_name"": ""Axis Bank Limited"", ""matched_id"": ""c1b4adc3-f581-4d3e-9c1d-a36a39b6a2ab"", ""matched_type"": ""COMPANY"", ""similarity"": 1.1062979221343994, ""source"": ""semantic""}, {""entity"": ""ATMs"", ""matched_node_name"": ""ATMs"", ""matched_id"": ""1d9af7d1-80d1-4631-9a7a-7765335565d0"", ""matched_type"": ""DISTRIBUTIONCHANNEL"", ""similarity"": 1.0, ""source"": ""gazetteer""}]","Roughly how many branches and <DISTRIBUTIONCHANNEL> does <COMPANY> operate, and as of what date?","{""nn1"": ""COMPANY"", ""nn2"": ""DISTRIBUTIONCHANNEL"", ""prop1"": null, ""nnp1"": ""c1b4adc3-f581-4d3e-9c1d-a36a39b6a2ab""}","{""nnp1"": ""c1b4adc3-f581-4d3e-9c1d-a36a39b6a2ab"", ""nnp2"": ""1d9af7d1-80d1-4631-9a7a-7765335565d0"", ""nnp3"": null, ""prop1"": null, ""nn1"": ""COMPANY"", ""nn2"": ""DISTRIBUTIONCHANNEL"", ""threshold"": null, ""target_ids"": [""1d9af7d1-80d1-4631-9a7a-7765335565d0""], ""prop1_list"": []}",,0,,,Not relevant,No summary was produced for this query (empty assistant output).,
"What products and services does Axis Bank offer, and which customer segments does it serve?",F_Simple,F_Simple,0.6085853750573809,simple_triplet,True,"[""Axis Bank""]","[{""entity"": ""Axis Bank"", ""matched_node_name"": ""Axis Bank Limited"", ""matched_id"": ""c1b4adc3-f581-4d3e-9c1d-a36a39b6a2ab"", ""matched_type"": ""COMPANY"", ""similarity"": 1.1062979221343994, ""source"": ""semantic""}]","What products and services does <COMPANY> offer, and which customer segments does it serve?","{""nn1"": ""COMPANY"", ""prop1_list"": [""OFFERS_PRODUCT"", ""SERVES""], ""target_ids"": [], ""nnp1"": ""c1b4adc3-f581-4d3e-9c1d-a36a39b6a2ab""}","{""nnp1"": ""c1b4adc3-f581-4d3e-9c1d-a36a39b6a2ab"", ""nnp2"": null, ""nnp3"": null, ""prop1"": ""SERVES"", ""nn1"": ""COMPANY"", ""nn2"": null, ""threshold"": null, ""target_ids"": [], ""prop1_list"": [""OFFERS_PRODUCT"", ""SERVES""]}",primary,1,"Template: simple_triplet (F_Simple)
Query intent: Simple question: subject linked to objects via a predicate.

Row 1: Axis Bank Limited provides wealth management services under its Burgundy brand.",Axis Bank Limited offers wealth management services through its Burgundy brand. This specialized offering allows the institution to cater to high-net-worth clients seeking dedicated financial advisory and asset management solutions.,Somewhat relevant,"The output mentions wealth management services and high-net-worth clients for Axis Bank, but fails to cover the full range of products, services, and customer segments requested.",
What is Kotak Mahindra Bank's ticker symbol and on which exchange(s) does it trade?,F_Simple,F_Simple,0.5660659596990265,simple_triplet,True,"[""Kotak Mahindra Bank""]","[{""entity"": ""Kotak Mahindra Bank"", ""matched_node_name"": ""Kotak Mahindra Bank Limited"", ""matched_id"": ""fa01c3a6-19e3-4f96-a884-3e3c73b56bd1"", ""matched_type"": ""COMPANY"", ""similarity"": 1.141569447517395, ""source"": ""semantic""}]",What is <COMPANY>'s ticker symbol and on which exchange(s) does it trade?,"{""nn1"": ""COMPANY"", ""prop1_list"": [], ""target_ids"": [], ""nnp1"": ""fa01c3a6-19e3-4f96-a884-3e3c73b56bd1""}","{""nnp1"": ""fa01c3a6-19e3-4f96-a884-3e3c73b56bd1"", ""nnp2"": null, ""nnp3"": null, ""prop1"": null, ""nn1"": ""COMPANY"", ""nn2"": null, ""threshold"": null, ""target_ids"": [], ""prop1_list"": []}",primary,50,"Template: simple_triplet (F_Simple)
Query intent: Simple question: subject linked to objects via a predicate.

Row 1: Kotak Mahindra Bank offers the '811' digital banking platform.
Row 2: Kotak Mahindra Bank runs 2,734 ATMs, including cash recyclers.
Row 3: Ashok Vaswani currently serves as the MD & CEO of Kotak Mahindra Bank Limited, though he has announced his intention to step down by the end of December 2026.
Row 4: C. S. Rajan holds the role of part-time, non-executive chairman at Kotak Mahindra Bank Limited.
Row 5: Kotak Mahindra Bank reported a Q1 FY27 CASA ratio of 40.30%, which is among the highest for private banks despite a 60 basis point year-on-year drop.
Row 6: Kotak Mahindra Bank's clearest weakness is the announced CEO departure at the end of December 2026 without a named successor.
Row 7: Kotak Mahindra Bank holds a CET1 ratio of 22.4%.
Row 8: Kotak Mahindra Bank expects its return on equity to be driven by continued capital-efficiency improvement.
Row 9: FIIs held a 25.21% ownership stake in Kotak Mahindra Bank Limited as of September 2026.
Row 10: Kotak Mahindra Bank maintains ongoing intra-group partnerships with Kotak Life Insurance for cross-selling.
Row 11: Kotak Mahindra Bank engages in cross-selling through ongoing intra-group partnerships with Kotak Mahindra Asset Management.
Row 12: Kotak Mahindra Bank cross-sells through its ongoing intra-group partnerships with Kotak Securities.
Row 13: The Kotak family promoted and holds an ownership stake in Kotak Mahindra Bank Limited.
Row 14: Kotak Mahindra Bank operates a conservative, historically high-margin SME franchise.
Row 15: Kotak Mahindra Bank Limited is headquartered in Maharashtra.
Row 16: Kotak Mahindra Bank Limited is headquartered in Mumbai.
Row 17: Kotak Mahindra Bank operates alongside a large group ecosystem spanning NBFC businesses.
Row 18: Kotak Mahindra Bank recorded a net interest margin of 4.53% amid competitive pricing.
Row 19: Kotak Mahindra Bank is regulated by the RBI.
Row 20: Kotak Mahindra Bank runs a conservative, historically high-margin retail franchise.
Row 21: Kotak Mahindra Bank is regulated by SEBI.
Row 22: Kotak Mahindra Bank's total advances stood at ₹5,12,249 crore, up 15%.
Row 23: Uday Kotak served in the CEO role at Kotak Mahindra Bank until he stepped down in 2023.
Row 24: Kotak Mahindra Bank holds a universal banking license.
Row 25: Kotak Mahindra Bank is part of a large group ecosystem that includes asset-management businesses.
Row 26: Kotak Mahindra Bank reported average deposits of ₹5,58,891 crore, up 14%.
Row 27: Kotak Mahindra Bank operates a network of 2,301 branches.
Row 28: Kotak Mahindra Bank has a very high capital adequacy ratio of 22.8%.
Row 29: Kotak Mahindra Bank incorporates cash recyclers into its network of 2,734 ATMs.
Row 30: Kotak Mahindra Bank's margin is expected to be driven by competitive deposit and loan pricing dynamics.
Row 31: Kotak Mahindra Bank reported a consolidated group profit after tax of ₹5,480 crore, up 23%.
Row 32: Kotak Mahindra Bank reports a cost-to-assets ratio of 2.66% instead of standard cost-to-income.
Row 33: Domestic institutions held a 3.19% ownership stake in Kotak Mahindra Bank Limited as of September 2026.
Row 34: Kotak Mahindra Bank has an opportunity to use its excess capital to fund faster loan growth or acquisitions.
Row 35: Kotak Mahindra Bank is exposed to governance and execution risk tied to its CEO succession.
Row 36: Kotak Mahindra Bank reported a gross NPA metric of 1.18% in Q1 FY27.
Row 37: Insurance companies made up 10.01% of the domestic institutional holdings in Kotak Mahindra Bank Limited as of September 2026.
Row 38: Kotak Mahindra Bank cross-sells through a large group ecosystem spanning insurance businesses.
Row 39: Kotak Mahindra Bank is exposed to ordinary interest-rate risk from margin pressure.
Row 40: The key risk driver for Kotak Mahindra Bank is the leadership transition itself.
Row 41: Kotak Mahindra Bank expects growth driven by the deployment of its surplus capital into lending.
Row 42: Mutual funds made up 24.50% of the domestic institutional holdings in Kotak Mahindra Bank Limited as of September 2026.
Row 43: Kotak Mahindra Bank's net NPA was 0.27% for the Q1 FY27 period.
Row 44: Kotak Mahindra Bank's net interest income was ₹7,928 crore, reflecting a 9% increase.
Row 45: Kotak Mahindra Bank faced a net interest margin decline of 12 basis points year-on-year.
Row 46: Retail investors held an 11.22% ownership stake in Kotak Mahindra Bank Limited as of September 2026.
Row 47: An extracted return-on-assets figure of 0.53% for Kotak Mahindra Bank was reported but noted as anomalously low.
Row 48: Kotak Mahindra Bank posted a return on equity of 11.98%.
Row 49: A second consecutive CEO exit unsettling investor confidence threatens Kotak Mahindra Bank's leadership continuity.
Row 50: Kotak Mahindra Bank is connected to a group ecosystem spanning securities businesses.","Kotak Mahindra Bank reported strong financial performance with a consolidated group profit after tax of ₹5,480 crore, net interest income of ₹7,928 crore, and a healthy capital adequacy ratio of 22.8%. However, the bank faces notable governance and execution risks surrounding the announced departure of MD & CEO Ashok Vaswani by the end of December 2026 without a named successor in place.",Not relevant,The assistant output discusses financial performance and leadership risks instead of providing the ticker symbol and exchanges for Kotak Mahindra Bank as requested.,
"What percentage of Kotak Mahindra Bank is held by its government promoter or largest shareholder, and as of what date?",F_LogUnion,F_LogUnion,0.6758920373727951,logical_union,True,"[""Kotak Mahindra Bank""]","[{""entity"": ""Kotak Mahindra Bank"", ""matched_node_name"": ""Kotak Mahindra Bank Limited"", ""matched_id"": ""fa01c3a6-19e3-4f96-a884-3e3c73b56bd1"", ""matched_type"": ""COMPANY"", ""similarity"": 1.141569447517395, ""source"": ""semantic""}]","What percentage of <COMPANY> is held by its government promoter or largest shareholder, and as of what date?","{""nn1"": ""COMPANY"", ""nnp2"": null, ""prop1"": ""REGULATED_BY"", ""nnp1"": ""fa01c3a6-19e3-4f96-a884-3e3c73b56bd1""}","{""nnp1"": ""fa01c3a6-19e3-4f96-a884-3e3c73b56bd1"", ""nnp2"": null, ""nnp3"": null, ""prop1"": ""REGULATED_BY"", ""nn1"": ""COMPANY"", ""nn2"": null, ""threshold"": null, ""target_ids"": [], ""prop1_list"": [""OWNS"", ""REGULATED_BY"", ""OwnershipStake""]}",primary,50,"Template: logical_union (F_LogUnion)
Query intent: Union of two relationship patterns from the same subject.

Row 1: Kotak Mahindra Bank is regulated by the RBI.
Row 2: Kotak Mahindra Bank is regulated by SEBI.
Row 3: Kotak Mahindra Bank offers the '811' digital banking platform.
Row 4: Kotak Mahindra Bank runs 2,734 ATMs, including cash recyclers.
Row 5: Ashok Vaswani currently serves as the MD & CEO of Kotak Mahindra Bank Limited, though he has announced his intention to step down by the end of December 2026.
Row 6: C. S. Rajan holds the role of part-time, non-executive chairman at Kotak Mahindra Bank Limited.
Row 7: Kotak Mahindra Bank reported a Q1 FY27 CASA ratio of 40.30%, which is among the highest for private banks despite a 60 basis point year-on-year drop.
Row 8: Kotak Mahindra Bank's clearest weakness is the announced CEO departure at the end of December 2026 without a named successor.
Row 9: Kotak Mahindra Bank holds a CET1 ratio of 22.4%.
Row 10: Kotak Mahindra Bank expects its return on equity to be driven by continued capital-efficiency improvement.
Row 11: FIIs held a 25.21% ownership stake in Kotak Mahindra Bank Limited as of September 2026.
Row 12: Kotak Mahindra Bank maintains ongoing intra-group partnerships with Kotak Life Insurance for cross-selling.
Row 13: Kotak Mahindra Bank engages in cross-selling through ongoing intra-group partnerships with Kotak Mahindra Asset Management.
Row 14: Kotak Mahindra Bank cross-sells through its ongoing intra-group partnerships with Kotak Securities.
Row 15: The Kotak family promoted and holds an ownership stake in Kotak Mahindra Bank Limited.
Row 16: Kotak Mahindra Bank operates a conservative, historically high-margin SME franchise.
Row 17: Kotak Mahindra Bank Limited is headquartered in Maharashtra.
Row 18: Kotak Mahindra Bank Limited is headquartered in Mumbai.
Row 19: Kotak Mahindra Bank operates alongside a large group ecosystem spanning NBFC businesses.
Row 20: Kotak Mahindra Bank recorded a net interest margin of 4.53% amid competitive pricing.
Row 21: Kotak Mahindra Bank runs a conservative, historically high-margin retail franchise.
Row 22: Kotak Mahindra Bank's total advances stood at ₹5,12,249 crore, up 15%.
Row 23: Uday Kotak served in the CEO role at Kotak Mahindra Bank until he stepped down in 2023.
Row 24: Kotak Mahindra Bank holds a universal banking license.
Row 25: Kotak Mahindra Bank is part of a large group ecosystem that includes asset-management businesses.
Row 26: Kotak Mahindra Bank reported average deposits of ₹5,58,891 crore, up 14%.
Row 27: Kotak Mahindra Bank operates a network of 2,301 branches.
Row 28: Kotak Mahindra Bank has a very high capital adequacy ratio of 22.8%.
Row 29: Kotak Mahindra Bank incorporates cash recyclers into its network of 2,734 ATMs.
Row 30: Kotak Mahindra Bank's margin is expected to be driven by competitive deposit and loan pricing dynamics.
Row 31: Kotak Mahindra Bank reported a consolidated group profit after tax of ₹5,480 crore, up 23%.
Row 32: Kotak Mahindra Bank reports a cost-to-assets ratio of 2.66% instead of standard cost-to-income.
Row 33: Domestic institutions held a 3.19% ownership stake in Kotak Mahindra Bank Limited as of September 2026.
Row 34: Kotak Mahindra Bank has an opportunity to use its excess capital to fund faster loan growth or acquisitions.
Row 35: Kotak Mahindra Bank is exposed to governance and execution risk tied to its CEO succession.
Row 36: Kotak Mahindra Bank reported a gross NPA metric of 1.18% in Q1 FY27.
Row 37: Insurance companies made up 10.01% of the domestic institutional holdings in Kotak Mahindra Bank Limited as of September 2026.
Row 38: Kotak Mahindra Bank cross-sells through a large group ecosystem spanning insurance businesses.
Row 39: Kotak Mahindra Bank is exposed to ordinary interest-rate risk from margin pressure.
Row 40: The key risk driver for Kotak Mahindra Bank is the leadership transition itself.
Row 41: Kotak Mahindra Bank expects growth driven by the deployment of its surplus capital into lending.
Row 42: Mutual funds made up 24.50% of the domestic institutional holdings in Kotak Mahindra Bank Limited as of September 2026.
Row 43: Kotak Mahindra Bank's net NPA was 0.27% for the Q1 FY27 period.
Row 44: Kotak Mahindra Bank's net interest income was ₹7,928 crore, reflecting a 9% increase.
Row 45: Kotak Mahindra Bank faced a net interest margin decline of 12 basis points year-on-year.
Row 46: Retail investors held an 11.22% ownership stake in Kotak Mahindra Bank Limited as of September 2026.
Row 47: An extracted return-on-assets figure of 0.53% for Kotak Mahindra Bank was reported but noted as anomalously low.
Row 48: Kotak Mahindra Bank posted a return on equity of 11.98%.
Row 49: A second consecutive CEO exit unsettling investor confidence threatens Kotak Mahindra Bank's leadership continuity.
Row 50: Kotak Mahindra Bank is connected to a group ecosystem spanning securities businesses.","Kotak Mahindra Bank demonstrates strong financial performance with a consolidated group profit after tax of ₹5,480 crore, total advances of ₹5,12,249 crore, and a robust capital adequacy ratio of 22.8%, while operating an extensive network of 2,301 branches and 2,734 ATMs. However, the bank faces notable governance and leadership risks, specifically stemming from the announced departure of MD and CEO Ashok Vaswani by the end of December 2026 without a named successor.",Not relevant,The assistant output provides financial performance and leadership risk details but completely fails to answer the user's specific questions regarding the promoter or largest shareholder's holding percentage and the corresponding date.,
What was Kotak Mahindra Bank's CASA ratio in the most recently reported quarter?,F_Simple,F_Simple,0.4957014209614541,simple_triplet,True,"[""Kotak Mahindra Bank"", ""CASA ratio""]","[{""entity"": ""Kotak Mahindra Bank"", ""matched_node_name"": ""Kotak Mahindra Bank Limited"", ""matched_id"": ""fa01c3a6-19e3-4f96-a884-3e3c73b56bd1"", ""matched_type"": ""COMPANY"", ""similarity"": 1.141569447517395, ""source"": ""semantic""}, {""entity"": ""CASA ratio"", ""matched_node_name"": ""CASA ratio"", ""matched_id"": ""f552ef12-cf71-4307-80e3-1eb10e256154"", ""matched_type"": ""METRIC"", ""similarity"": 1.0, ""source"": ""gazetteer""}]",What was <COMPANY>'s <METRIC> in the most recently reported quarter?,"{""nn1"": ""COMPANY"", ""prop1_list"": [], ""target_ids"": [""f552ef12-cf71-4307-80e3-1eb10e256154""], ""nnp1"": ""fa01c3a6-19e3-4f96-a884-3e3c73b56bd1""}","{""nnp1"": ""fa01c3a6-19e3-4f96-a884-3e3c73b56bd1"", ""nnp2"": ""f552ef12-cf71-4307-80e3-1eb10e256154"", ""nnp3"": null, ""prop1"": null, ""nn1"": ""COMPANY"", ""nn2"": ""METRIC"", ""threshold"": null, ""target_ids"": [""f552ef12-cf71-4307-80e3-1eb10e256154""], ""prop1_list"": []}",primary,1,"Template: simple_triplet (F_Simple)
Query intent: Simple question: subject linked to objects via a predicate.

Row 1: Kotak Mahindra Bank reported a Q1 FY27 CASA ratio of 40.30%, which is among the highest for private banks despite a 60 basis point year-on-year drop.","Kotak Mahindra Bank reported a Q1 FY27 CASA ratio of 40.30%, maintaining one of the highest levels among private banks despite experiencing a 60 basis point decline compared to the previous year.",Relevant,The assistant output directly and completely answers the user's request regarding Kotak Mahindra Bank's CASA ratio for the most recently reported quarter.,
What is Kotak Mahindra Bank's net interest margin (NIM) for the latest reported period?,F_Simple,F_Simple,0.4559410416941235,simple_triplet,True,"[""Kotak Mahindra Bank"", ""net interest margin""]","[{""entity"": ""Kotak Mahindra Bank"", ""matched_node_name"": ""Kotak Mahindra Bank Limited"", ""matched_id"": ""fa01c3a6-19e3-4f96-a884-3e3c73b56bd1"", ""matched_type"": ""COMPANY"", ""similarity"": 1.141569447517395, ""source"": ""semantic""}, {""entity"": ""net interest margin"", ""matched_node_name"": ""Net interest margin"", ""matched_id"": ""ce0a12ce-b581-4229-a6b2-4d53c46e9d9d"", ""matched_type"": ""METRIC"", ""similarity"": 1.0, ""source"": ""gazetteer""}]",What is <COMPANY>'s <METRIC> (NIM) for the latest reported period?,"{""nn1"": ""COMPANY"", ""prop1_list"": [], ""target_ids"": [""ce0a12ce-b581-4229-a6b2-4d53c46e9d9d""], ""nnp1"": ""fa01c3a6-19e3-4f96-a884-3e3c73b56bd1""}","{""nnp1"": ""fa01c3a6-19e3-4f96-a884-3e3c73b56bd1"", ""nnp2"": ""ce0a12ce-b581-4229-a6b2-4d53c46e9d9d"", ""nnp3"": null, ""prop1"": null, ""nn1"": ""COMPANY"", ""nn2"": ""METRIC"", ""threshold"": null, ""target_ids"": [""ce0a12ce-b581-4229-a6b2-4d53c46e9d9d""], ""prop1_list"": []}",primary,1,"Template: simple_triplet (F_Simple)
Query intent: Simple question: subject linked to objects via a predicate.

Row 1: Kotak Mahindra Bank recorded a net interest margin of 4.53% amid competitive pricing.",Kotak Mahindra Bank reported a net interest margin of 4.53% as the institution navigated competitive pricing conditions.,Relevant,The assistant output directly and accurately provides Kotak Mahindra Bank's net interest margin for the latest reported period.,
What are Kotak Mahindra Bank's gross NPA and net NPA ratios?,F_Simple,F_Simple,0.5339957873182645,simple_triplet,True,"[""Kotak Mahindra Bank"", ""gross NPA"", ""net NPA""]","[{""entity"": ""Kotak Mahindra Bank"", ""matched_node_name"": ""Kotak Mahindra Bank Limited"", ""matched_id"": ""fa01c3a6-19e3-4f96-a884-3e3c73b56bd1"", ""matched_type"": ""COMPANY"", ""similarity"": 1.141569447517395, ""source"": ""semantic""}, {""entity"": ""gross NPA"", ""matched_node_name"": ""gross NPA"", ""matched_id"": ""00c1065d-13f6-42fc-be09-d1a8be6780cd"", ""matched_type"": ""METRIC"", ""similarity"": 1.0, ""source"": ""gazetteer""}, {""entity"": ""net NPA"", ""matched_node_name"": ""net NPA"", ""matched_id"": ""4539ed7c-a229-4073-a946-c4b6498648c7"", ""matched_type"": ""METRIC"", ""similarity"": 1.0, ""source"": ""gazetteer""}]",What are <COMPANY>'s <METRIC> and <METRIC> ratios?,"{""nn1"": ""COMPANY"", ""prop1_list"": [], ""target_ids"": [""00c1065d-13f6-42fc-be09-d1a8be6780cd"", ""4539ed7c-a229-4073-a946-c4b6498648c7""], ""nnp1"": ""fa01c3a6-19e3-4f96-a884-3e3c73b56bd1""}","{""nnp1"": ""fa01c3a6-19e3-4f96-a884-3e3c73b56bd1"", ""nnp2"": ""00c1065d-13f6-42fc-be09-d1a8be6780cd"", ""nnp3"": null, ""prop1"": null, ""nn1"": ""COMPANY"", ""nn2"": ""METRIC"", ""threshold"": null, ""target_ids"": [""00c1065d-13f6-42fc-be09-d1a8be6780cd"", ""4539ed7c-a229-4073-a946-c4b6498648c7""], ""prop1_list"": []}",primary,2,"Template: simple_triplet (F_Simple)
Query intent: Simple question: subject linked to objects via a predicate.

Row 1: Kotak Mahindra Bank reported a gross NPA metric of 1.18% in Q1 FY27.
Row 2: Kotak Mahindra Bank's net NPA was 0.27% for the Q1 FY27 period.","In the first quarter of fiscal year 2027, Kotak Mahindra Bank recorded a gross non-performing asset ratio of 1.18%. During the same period, the bank's net non-performing asset ratio stood at 0.27%.",Relevant,The assistant output directly and accurately provides both the gross NPA and net NPA ratios requested by the user for Kotak Mahindra Bank.,
"What is Kotak Mahindra Bank's capital adequacy ratio (CRAR), and its CET1 ratio if disclosed?",F_Simple,F_Simple,0.5026933839121343,simple_triplet,True,"[""Kotak Mahindra Bank"", ""capital adequacy ratio"", ""CE""]","[{""entity"": ""Kotak Mahindra Bank"", ""matched_node_name"": ""Kotak Mahindra Bank Limited"", ""matched_id"": ""fa01c3a6-19e3-4f96-a884-3e3c73b56bd1"", ""matched_type"": ""COMPANY"", ""similarity"": 1.141569447517395, ""source"": ""semantic""}, {""entity"": ""capital adequacy ratio"", ""matched_node_name"": ""capital adequacy ratio"", ""matched_id"": ""a9e7103c-2a43-4d54-94d2-0f9178dbb42e"", ""matched_type"": ""METRIC"", ""similarity"": 1.0, ""source"": ""gazetteer""}, {""entity"": ""CE"", ""matched_node_name"": ""NSE"", ""matched_id"": ""f991983e-e758-47f5-acbf-1afe822e5f20"", ""matched_type"": ""COMPANY"", ""similarity"": 0.6484348893165588, ""source"": ""semantic""}]","What is <COMPANY>'s <METRIC> (CRAR), and its <COMPANY>T1 ratio if disclosed?","{""nn1"": ""COMPANY"", ""prop1_list"": [], ""target_ids"": [""a9e7103c-2a43-4d54-94d2-0f9178dbb42e"", ""f991983e-e758-47f5-acbf-1afe822e5f20""], ""nnp1"": ""fa01c3a6-19e3-4f96-a884-3e3c73b56bd1""}","{""nnp1"": ""fa01c3a6-19e3-4f96-a884-3e3c73b56bd1"", ""nnp2"": ""f991983e-e758-47f5-acbf-1afe822e5f20"", ""nnp3"": null, ""prop1"": null, ""nn1"": ""COMPANY"", ""nn2"": ""COMPANY"", ""threshold"": null, ""target_ids"": [""a9e7103c-2a43-4d54-94d2-0f9178dbb42e"", ""f991983e-e758-47f5-acbf-1afe822e5f20""], ""prop1_list"": []}",primary,1,"Template: simple_triplet (F_Simple)
Query intent: Simple question: subject linked to objects via a predicate.

Row 1: Kotak Mahindra Bank has a very high capital adequacy ratio of 22.8%.",Kotak Mahindra Bank maintains a very high capital adequacy ratio of 22.8%. This robust metric reflects the institution's strong financial positioning and capital strength.,Somewhat relevant,The assistant provides Kotak Mahindra Bank's capital adequacy ratio but fails to mention the CET1 ratio as requested by the user.,
What are Kotak Mahindra Bank's return on assets (ROA) and return on equity (ROE) for the latest quarter?,F_Simple,F_Simple,0.6404601230266839,simple_triplet,True,"[""Kotak Mahindra Bank"", ""return on assets"", ""return on equity""]","[{""entity"": ""Kotak Mahindra Bank"", ""matched_node_name"": ""Kotak Mahindra Bank Limited"", ""matched_id"": ""fa01c3a6-19e3-4f96-a884-3e3c73b56bd1"", ""matched_type"": ""COMPANY"", ""similarity"": 1.141569447517395, ""source"": ""semantic""}, {""entity"": ""return on assets"", ""matched_node_name"": ""return on assets"", ""matched_id"": ""dd83a8a6-2dd2-4407-9d71-917240c66c55"", ""matched_type"": ""METRIC"", ""similarity"": 1.0, ""source"": ""gazetteer""}, {""entity"": ""return on equity"", ""matched_node_name"": ""return on equity"", ""matched_id"": ""4c4c7086-00d6-4850-9bcd-ae7c8e8479a8"", ""matched_type"": ""METRIC"", ""similarity"": 1.0, ""source"": ""gazetteer""}]",What are <COMPANY>'s <METRIC> (ROA) and <METRIC> (ROE) for the latest quarter?,"{""nn1"": ""COMPANY"", ""prop1_list"": [], ""target_ids"": [""dd83a8a6-2dd2-4407-9d71-917240c66c55"", ""4c4c7086-00d6-4850-9bcd-ae7c8e8479a8""], ""nnp1"": ""fa01c3a6-19e3-4f96-a884-3e3c73b56bd1""}","{""nnp1"": ""fa01c3a6-19e3-4f96-a884-3e3c73b56bd1"", ""nnp2"": ""dd83a8a6-2dd2-4407-9d71-917240c66c55"", ""nnp3"": null, ""prop1"": null, ""nn1"": ""COMPANY"", ""nn2"": ""METRIC"", ""threshold"": null, ""target_ids"": [""dd83a8a6-2dd2-4407-9d71-917240c66c55"", ""4c4c7086-00d6-4850-9bcd-ae7c8e8479a8""], ""prop1_list"": []}",primary,2,"Template: simple_triplet (F_Simple)
Query intent: Simple question: subject linked to objects via a predicate.

Row 1: An extracted return-on-assets figure of 0.53% for Kotak Mahindra Bank was reported but noted as anomalously low.
Row 2: Kotak Mahindra Bank posted a return on equity of 11.98%.","Kotak Mahindra Bank reported a return on equity of 11.98%, alongside a return on assets of 0.53% that was noted as anomalously low.",Relevant,The assistant output directly provides both the return on assets and return on equity for Kotak Mahindra Bank as requested.,
What was Kotak Mahindra Bank's total advances (loan book) and deposit growth in the latest quarter?,F_Simple,F_Simple,0.5786835426932809,simple_triplet,True,"[""Kotak Mahindra Bank"", ""total advances"", ""deposit growth""]","[{""entity"": ""Kotak Mahindra Bank"", ""matched_node_name"": ""Kotak Mahindra Bank Limited"", ""matched_id"": ""fa01c3a6-19e3-4f96-a884-3e3c73b56bd1"", ""matched_type"": ""COMPANY"", ""similarity"": 1.141569447517395, ""source"": ""semantic""}, {""entity"": ""total advances"", ""matched_node_name"": ""Total Advances"", ""matched_id"": ""96dbb53b-28f6-42c3-96e5-77dc48c86818"", ""matched_type"": ""METRIC"", ""similarity"": 1.0, ""source"": ""gazetteer""}, {""entity"": ""deposit growth"", ""matched_node_name"": ""deposit growth"", ""matched_id"": ""74d2ba68-dde6-485e-ad5d-c3483d1ec0d8"", ""matched_type"": ""METRIC"", ""similarity"": 1.0, ""source"": ""gazetteer""}]",What was <COMPANY>'s <METRIC> (loan book) and <METRIC> in the latest quarter?,"{""nn1"": ""COMPANY"", ""prop1_list"": [], ""target_ids"": [""96dbb53b-28f6-42c3-96e5-77dc48c86818"", ""74d2ba68-dde6-485e-ad5d-c3483d1ec0d8""], ""nnp1"": ""fa01c3a6-19e3-4f96-a884-3e3c73b56bd1""}","{""nnp1"": ""fa01c3a6-19e3-4f96-a884-3e3c73b56bd1"", ""nnp2"": ""96dbb53b-28f6-42c3-96e5-77dc48c86818"", ""nnp3"": null, ""prop1"": null, ""nn1"": ""COMPANY"", ""nn2"": ""METRIC"", ""threshold"": null, ""target_ids"": [""96dbb53b-28f6-42c3-96e5-77dc48c86818"", ""74d2ba68-dde6-485e-ad5d-c3483d1ec0d8""], ""prop1_list"": []}",primary,1,"Template: simple_triplet (F_Simple)
Query intent: Simple question: subject linked to objects via a predicate.

Row 1: Kotak Mahindra Bank's total advances stood at ₹5,12,249 crore, up 15%.","Kotak Mahindra Bank reported that its total advances grew by 15% to reach ₹5,12,249 crore.",Somewhat relevant,"The assistant output provides the growth rate and total figure for advances (loan book), but it completely misses the requested information regarding deposit growth.",
"What credit ratings has Kotak Mahindra Bank received, and from which rating agencies?",F_Simple,F_Simple,0.5428842858605917,simple_triplet,True,"[""Kotak Mahindra Bank""]","[{""entity"": ""Kotak Mahindra Bank"", ""matched_node_name"": ""Kotak Mahindra Bank Limited"", ""matched_id"": ""fa01c3a6-19e3-4f96-a884-3e3c73b56bd1"", ""matched_type"": ""COMPANY"", ""similarity"": 1.141569447517395, ""source"": ""semantic""}]","What credit ratings has <COMPANY> received, and from which rating agencies?","{""nn1"": ""COMPANY"", ""prop1_list"": [""HAS_RATING""], ""target_ids"": [], ""nnp1"": ""fa01c3a6-19e3-4f96-a884-3e3c73b56bd1""}","{""nnp1"": ""fa01c3a6-19e3-4f96-a884-3e3c73b56bd1"", ""nnp2"": null, ""nnp3"": null, ""prop1"": ""HAS_RATING"", ""nn1"": ""COMPANY"", ""nn2"": null, ""threshold"": null, ""target_ids"": [], ""prop1_list"": [""HAS_RATING""]}",attribute_lookup,7,"Template: simple_triplet (F_Simple)
Query intent: Simple question: subject linked to objects via a predicate.

Row 1: Kotak Mahindra Bank Limited's banking_segment is Private Sector Banks
Row 2: Kotak Mahindra Bank Limited's country is India
Row 3: Kotak Mahindra Bank Limited's description is Kotak Mahindra Bank, headquartered in Mumbai, Maharashtra, is promoted by the Kotak family, principally Uday Kotak and associated entities.
Row 4: Kotak Mahindra Bank Limited's exchange is NSE and BSE
Row 5: Kotak Mahindra Bank Limited's legal_name is Kotak Mahindra Bank Limited
Row 6: Kotak Mahindra Bank Limited's listed is True
Row 7: Kotak Mahindra Bank Limited's ticker is KOTAKBANK","Kotak Mahindra Bank Limited is a publicly listed private sector bank in India, headquartered in Mumbai, Maharashtra, and promoted by the Kotak family alongside associated entities. The institution trades under the ticker symbol KOTAKBANK on both the NSE and BSE exchanges.",Not relevant,The assistant output provides general background information about Kotak Mahindra Bank but fails to address the user's specific question regarding its credit ratings and rating agencies.,
"Roughly how many branches and ATMs does Kotak Mahindra Bank operate, and as of what date?",F_QuantCount,F_QuantCount,0.5789900185289873,quant_count,True,"[""Kotak Mahindra Bank"", ""ATMs""]","[{""entity"": ""Kotak Mahindra Bank"", ""matched_node_name"": ""Kotak Mahindra Bank Limited"", ""matched_id"": ""fa01c3a6-19e3-4f96-a884-3e3c73b56bd1"", ""matched_type"": ""COMPANY"", ""similarity"": 1.141569447517395, ""source"": ""semantic""}, {""entity"": ""ATMs"", ""matched_node_name"": ""ATMs"", ""matched_id"": ""1d9af7d1-80d1-4631-9a7a-7765335565d0"", ""matched_type"": ""DISTRIBUTIONCHANNEL"", ""similarity"": 1.0, ""source"": ""gazetteer""}]","Roughly how many branches and <DISTRIBUTIONCHANNEL> does <COMPANY> operate, and as of what date?","{""nn1"": ""COMPANY"", ""nn2"": ""DISTRIBUTIONCHANNEL"", ""prop1"": null, ""nnp1"": ""fa01c3a6-19e3-4f96-a884-3e3c73b56bd1""}","{""nnp1"": ""fa01c3a6-19e3-4f96-a884-3e3c73b56bd1"", ""nnp2"": ""1d9af7d1-80d1-4631-9a7a-7765335565d0"", ""nnp3"": null, ""prop1"": null, ""nn1"": ""COMPANY"", ""nn2"": ""DISTRIBUTIONCHANNEL"", ""threshold"": null, ""target_ids"": [""1d9af7d1-80d1-4631-9a7a-7765335565d0""], ""prop1_list"": []}",primary,1,"Template: quant_count (F_QuantCount)
Query intent: Count related objects for a subject entity.

Row 1: subject_name=Kotak Mahindra Bank Limited | object_count=3 (3 facts)
  - Kotak Mahindra Bank operates a network of 2,301 branches.
  - Kotak Mahindra Bank runs 2,734 ATMs, including cash recyclers.
  - Kotak Mahindra Bank incorporates cash recyclers into its network of 2,734 ATMs.","Kotak Mahindra Bank operates a retail banking infrastructure consisting of 2,301 branches. Additionally, the institution maintains a network of 2,734 automated teller machines, which includes integrated cash recyclers.",Somewhat relevant,The assistant output provides the number of branches and ATMs but completely misses the required date for the data.,
"What products and services does Kotak Mahindra Bank offer, and which customer segments does it serve?",F_Simple,F_Simple,0.6085853750573809,simple_triplet,True,"[""Kotak Mahindra Bank""]","[{""entity"": ""Kotak Mahindra Bank"", ""matched_node_name"": ""Kotak Mahindra Bank Limited"", ""matched_id"": ""fa01c3a6-19e3-4f96-a884-3e3c73b56bd1"", ""matched_type"": ""COMPANY"", ""similarity"": 1.141569447517395, ""source"": ""semantic""}]","What products and services does <COMPANY> offer, and which customer segments does it serve?","{""nn1"": ""COMPANY"", ""prop1_list"": [""OFFERS_PRODUCT"", ""SERVES""], ""target_ids"": [], ""nnp1"": ""fa01c3a6-19e3-4f96-a884-3e3c73b56bd1""}","{""nnp1"": ""fa01c3a6-19e3-4f96-a884-3e3c73b56bd1"", ""nnp2"": null, ""nnp3"": null, ""prop1"": ""SERVES"", ""nn1"": ""COMPANY"", ""nn2"": null, ""threshold"": null, ""target_ids"": [], ""prop1_list"": [""OFFERS_PRODUCT"", ""SERVES""]}",primary,1,"Template: simple_triplet (F_Simple)
Query intent: Simple question: subject linked to objects via a predicate.

Row 1: Kotak Mahindra Bank offers the '811' digital banking platform.",Kotak Mahindra Bank offers the '811' digital banking platform. This service expands the institution's digital financial capabilities.,Somewhat relevant,"The output mentions one digital banking product and its purpose, but fails to cover the full range of products and services or any of the customer segments requested.",
What is IndusInd Bank's ticker symbol and on which exchange(s) does it trade?,F_Simple,F_Simple,0.5660659596990265,simple_triplet,True,"[""IndusInd Bank""]","[{""entity"": ""IndusInd Bank"", ""matched_node_name"": ""INDUSIND BANK LIMITED"", ""matched_id"": ""9196749b-c893-43ea-aaed-c206fd102d22"", ""matched_type"": ""COMPANY"", ""similarity"": 1.1366087913513183, ""source"": ""semantic""}]",What is <COMPANY>'s ticker symbol and on which exchange(s) does it trade?,"{""nn1"": ""COMPANY"", ""prop1_list"": [], ""target_ids"": [], ""nnp1"": ""9196749b-c893-43ea-aaed-c206fd102d22""}","{""nnp1"": ""9196749b-c893-43ea-aaed-c206fd102d22"", ""nnp2"": null, ""nnp3"": null, ""prop1"": null, ""nn1"": ""COMPANY"", ""nn2"": null, ""threshold"": null, ""target_ids"": [], ""prop1_list"": []}",primary,38,"Template: simple_triplet (F_Simple)
Query intent: Simple question: subject linked to objects via a predicate.

Row 1: INDUSIND BANK LIMITED has 2,853 ATMs.
Row 2: A further weakness for INDUSIND BANK LIMITED is its CASA decline.
Row 3: INDUSIND BANK LIMITED saw its CASA metric fall from 31.48% a year earlier to 29.43%.
Row 4: IndusInd Bank reported a Q1 FY27 CET1 ratio of 16.10%.
Row 5: INDUSIND BANK LIMITED holds a CRISIL AA+ rating.
Row 6: INDUSIND BANK LIMITED is rated by CRISIL.
Row 7: IndusInd Bank is exposed to funding risk due to a declining CASA ratio.
Row 8: INDUSIND BANK LIMITED is promoted by the Hinduja Group, which holds nearly 16 per cent of the bank.
Row 9: INDUSIND BANK LIMITED offers the ""Indie"" digital banking app.
Row 10: INDUSIND BANK LIMITED has its registered office in Maharashtra.
Row 11: INDUSIND BANK LIMITED has its corporate headquarters in Mumbai.
Row 12: The Negative outlook on CRISIL AA+ rating reaffirmed on 24 August 2025 threatens INDUSIND BANK LIMITED.
Row 13: IndusInd Bank reported a Q1 FY27 net interest margin of 3.57%.
Row 14: INDUSIND BANK LIMITED's profit after tax rose 72% to reach ₹1,037 crore.
Row 15: INDUSIND BANK LIMITED has historically had its registered office in Pune.
Row 16: Rajiv Anand took charge as MD & CEO of INDUSIND BANK LIMITED in August 2025.
Row 17: IndusInd Bank is regulated by the RBI.
Row 18: INDUSIND BANK LIMITED's SME loan portfolio comprises roughly 13% of its overall loan composition.
Row 19: IndusInd Bank is regulated by SEBI.
Row 20: IndusInd Bank holds a universal banking license.
Row 21: INDUSIND BANK LIMITED's gross and net NPA improvement sequentially and year-on-year is a genuine strength.
Row 22: INDUSIND BANK LIMITED has historically maintained a strong presence in vehicle finance.
Row 23: INDUSIND BANK LIMITED runs a network of 3,137 branches.
Row 24: IndusInd Bank reported a Q1 FY27 capital adequacy ratio of 17.15%.
Row 25: IndusInd Bank is exposed to ordinary credit risk.
Row 26: INDUSIND BANK LIMITED disclosed a roughly ₹1,979 crore derivatives-accounting discrepancy in FY25.
Row 27: IndusInd Bank is exposed to execution risk related to its three-year roadmap.
Row 28: IndusInd Bank is exposed to governance and operational risk tied to an unresolved derivatives-accounting matter.
Row 29: INDUSIND BANK LIMITED has historically been strong in microfinance.
Row 30: IndusInd Bank reported a Q1 FY27 net NPA of 0.95%.
Row 31: INDUSIND BANK LIMITED generated an Operating profit of ₹2,773 crore, rising 8% year-on-year.
Row 32: IndusInd Bank reported a Q1 FY27 provision coverage of 71%.
Row 33: INDUSIND BANK LIMITED's retail loan portfolio makes up roughly 50% of its total loans.
Row 34: IndusInd Bank reported a Q1 FY27 return on assets of 0.78%.
Row 35: IndusInd Bank reported a Q1 FY27 return on equity of 6.26%.
Row 36: INDUSIND BANK LIMITED has an opportunity in its new CEO's three-year roadmap, which targets risk reduction and deposit-base diversification.
Row 37: INDUSIND BANK LIMITED operates 9,413 total touchpoints.
Row 38: INDUSIND BANK LIMITED's wholesale loan portfolio accounts for roughly 37% of its total loans.","IndusInd Bank reported a 72% increase in profit after tax to ₹1,037 crore alongside an 8% rise in operating profit to ₹2,773 crore, while maintaining strong asset quality with sequential and year-on-year improvements in gross and net NPAs. However, the bank faces funding and governance risks due to a declining CASA ratio—which fell from 31.48% to 29.43%—and an unresolved derivatives-accounting discrepancy of approximately ₹1,979 crore from FY25.",Not relevant,"The assistant output discusses financial performance, profit, and risks, but completely fails to provide the requested ticker symbol and stock exchange information.",
"Who is the current MD & CEO (or Chairman, where that is the top executive title) of IndusInd Bank?",F_Simple,F_Simple,0.6870087860052408,simple_triplet,True,"[""IndusInd Bank"", ""uti"", ""MD""]","[{""entity"": ""IndusInd Bank"", ""matched_node_name"": ""INDUSIND BANK LIMITED"", ""matched_id"": ""9196749b-c893-43ea-aaed-c206fd102d22"", ""matched_type"": ""COMPANY"", ""similarity"": 1.1366087913513183, ""source"": ""semantic""}, {""entity"": ""uti"", ""matched_node_name"": ""UTI"", ""matched_id"": ""fd4feaba-a9ac-4e43-9418-e90485ccc0ee"", ""matched_type"": ""SHAREHOLDER"", ""similarity"": 1.0, ""source"": ""gazetteer""}, {""entity"": ""MD"", ""matched_node_name"": ""Sydney"", ""matched_id"": ""6ce73991-b958-4fd6-a892-0d2f5d32b61b"", ""matched_type"": ""GEOGRAPHY"", ""similarity"": 0.6347882270812988, ""source"": ""semantic""}]","Who is the current <GEOGRAPHY> & CEO (or Chairman, where that is the top exec<SHAREHOLDER>ve title) of <COMPANY>?","{""nn1"": ""COMPANY"", ""prop1_list"": [""GovernanceRole""], ""target_ids"": [""fd4feaba-a9ac-4e43-9418-e90485ccc0ee"", ""6ce73991-b958-4fd6-a892-0d2f5d32b61b""], ""nnp1"": ""9196749b-c893-43ea-aaed-c206fd102d22""}","{""nnp1"": ""9196749b-c893-43ea-aaed-c206fd102d22"", ""nnp2"": ""6ce73991-b958-4fd6-a892-0d2f5d32b61b"", ""nnp3"": null, ""prop1"": ""GovernanceRole"", ""nn1"": ""COMPANY"", ""nn2"": ""GEOGRAPHY"", ""threshold"": null, ""target_ids"": [""fd4feaba-a9ac-4e43-9418-e90485ccc0ee"", ""6ce73991-b958-4fd6-a892-0d2f5d32b61b""], ""prop1_list"": [""GovernanceRole""]}",attribute_lookup,7,"Template: simple_triplet (F_Simple)
Query intent: Simple question: subject linked to objects via a predicate.

Row 1: INDUSIND BANK LIMITED's banking_segment is Private Sector Bank
Row 2: INDUSIND BANK LIMITED's country is India
Row 3: INDUSIND BANK LIMITED's description is IndusInd Bank Limited is a private sector bank in India, promoted by the Hinduja Group, with corporate headquarters in Mumbai and registered office historically in Pune. The bank has historically been strong in vehicle finance and microfinance, and offers digital banking through its Indie app.
Row 4: INDUSIND BANK LIMITED's exchange is NSE and BSE
Row 5: INDUSIND BANK LIMITED's legal_name is INDUSIND BANK LIMITED
Row 6: INDUSIND BANK LIMITED's listed is True
Row 7: INDUSIND BANK LIMITED's ticker is INDUSINDBK","IndusInd Bank Limited is a publicly listed private sector bank in India, traded on the NSE and BSE under the ticker INDUSINDBK and promoted by the Hinduja Group. Headquartered in Mumbai with its registered office historically in Pune, the bank maintains traditional strengths in vehicle finance and microfinance while also providing digital banking services through its Indie app.",Not relevant,The assistant output provides general background information about IndusInd Bank but fails to answer the question about who the current MD & CEO or Chairman is.,
"What percentage of IndusInd Bank is held by its government promoter or largest shareholder, and as of what date?",F_LogUnion,F_LogUnion,0.6656501268475146,logical_union,True,"[""##dusInd Bank"", ""In""]","[{""entity"": ""##dusInd Bank"", ""matched_node_name"": ""Bank of Baroda"", ""matched_id"": ""553acb53-61f9-4600-a111-d1da0f3139d4"", ""matched_type"": ""COMPANY"", ""similarity"": 0.6737884998321533, ""source"": ""semantic""}, {""entity"": ""In"", ""matched_node_name"": ""US"", ""matched_id"": ""5057372b-9874-4c80-805e-eec1a7b18c1c"", ""matched_type"": ""GEOGRAPHY"", ""similarity"": 0.5899395763874054, ""source"": ""semantic""}]","What percentage of <GEOGRAPHY>dus<GEOGRAPHY>d Bank is held by its government promoter or largest shareholder, and as of what date?","{""nn1"": ""COMPANY"", ""nnp2"": ""5057372b-9874-4c80-805e-eec1a7b18c1c"", ""prop1"": ""REGULATED_BY"", ""nnp1"": ""553acb53-61f9-4600-a111-d1da0f3139d4""}","{""nnp1"": ""553acb53-61f9-4600-a111-d1da0f3139d4"", ""nnp2"": ""5057372b-9874-4c80-805e-eec1a7b18c1c"", ""nnp3"": null, ""prop1"": ""REGULATED_BY"", ""nn1"": ""COMPANY"", ""nn2"": ""GEOGRAPHY"", ""threshold"": null, ""target_ids"": [""5057372b-9874-4c80-805e-eec1a7b18c1c""], ""prop1_list"": [""OWNS"", ""REGULATED_BY"", ""OwnershipStake""]}",,0,,,Not relevant,No summary was produced for this query (empty assistant output).,
What was IndusInd Bank's CASA ratio in the most recently reported quarter?,F_Simple,F_Simple,0.4957014209614541,simple_triplet,True,"[""IndusInd Bank"", ""CASA ratio""]","[{""entity"": ""IndusInd Bank"", ""matched_node_name"": ""INDUSIND BANK LIMITED"", ""matched_id"": ""9196749b-c893-43ea-aaed-c206fd102d22"", ""matched_type"": ""COMPANY"", ""similarity"": 1.1366087913513183, ""source"": ""semantic""}, {""entity"": ""CASA ratio"", ""matched_node_name"": ""CASA ratio"", ""matched_id"": ""f552ef12-cf71-4307-80e3-1eb10e256154"", ""matched_type"": ""METRIC"", ""similarity"": 1.0, ""source"": ""gazetteer""}]",What was <COMPANY>'s <METRIC> in the most recently reported quarter?,"{""nn1"": ""COMPANY"", ""prop1_list"": [], ""target_ids"": [""f552ef12-cf71-4307-80e3-1eb10e256154""], ""nnp1"": ""9196749b-c893-43ea-aaed-c206fd102d22""}","{""nnp1"": ""9196749b-c893-43ea-aaed-c206fd102d22"", ""nnp2"": ""f552ef12-cf71-4307-80e3-1eb10e256154"", ""nnp3"": null, ""prop1"": null, ""nn1"": ""COMPANY"", ""nn2"": ""METRIC"", ""threshold"": null, ""target_ids"": [""f552ef12-cf71-4307-80e3-1eb10e256154""], ""prop1_list"": []}",primary,1,"Template: simple_triplet (F_Simple)
Query intent: Simple question: subject linked to objects via a predicate.

Row 1: INDUSIND BANK LIMITED saw its CASA metric fall from 31.48% a year earlier to 29.43%.","IndusInd Bank Limited experienced a decline in its CASA ratio, dropping from 31.48% in the previous year to 29.43%.",Somewhat relevant,The assistant provides the CASA ratio values and trends for IndusInd Bank but fails to specify the exact most recently reported quarter being referenced.,
What are IndusInd Bank's gross NPA and net NPA ratios?,F_Simple,F_Simple,0.5339957873182645,simple_triplet,True,"[""IndusInd Bank"", ""gross NPA"", ""net NPA""]","[{""entity"": ""IndusInd Bank"", ""matched_node_name"": ""INDUSIND BANK LIMITED"", ""matched_id"": ""9196749b-c893-43ea-aaed-c206fd102d22"", ""matched_type"": ""COMPANY"", ""similarity"": 1.1366087913513183, ""source"": ""semantic""}, {""entity"": ""gross NPA"", ""matched_node_name"": ""gross NPA"", ""matched_id"": ""00c1065d-13f6-42fc-be09-d1a8be6780cd"", ""matched_type"": ""METRIC"", ""similarity"": 1.0, ""source"": ""gazetteer""}, {""entity"": ""net NPA"", ""matched_node_name"": ""net NPA"", ""matched_id"": ""4539ed7c-a229-4073-a946-c4b6498648c7"", ""matched_type"": ""METRIC"", ""similarity"": 1.0, ""source"": ""gazetteer""}]",What are <COMPANY>'s <METRIC> and <METRIC> ratios?,"{""nn1"": ""COMPANY"", ""prop1_list"": [], ""target_ids"": [""00c1065d-13f6-42fc-be09-d1a8be6780cd"", ""4539ed7c-a229-4073-a946-c4b6498648c7""], ""nnp1"": ""9196749b-c893-43ea-aaed-c206fd102d22""}","{""nnp1"": ""9196749b-c893-43ea-aaed-c206fd102d22"", ""nnp2"": ""00c1065d-13f6-42fc-be09-d1a8be6780cd"", ""nnp3"": null, ""prop1"": null, ""nn1"": ""COMPANY"", ""nn2"": ""METRIC"", ""threshold"": null, ""target_ids"": [""00c1065d-13f6-42fc-be09-d1a8be6780cd"", ""4539ed7c-a229-4073-a946-c4b6498648c7""], ""prop1_list"": []}",primary,1,"Template: simple_triplet (F_Simple)
Query intent: Simple question: subject linked to objects via a predicate.

Row 1: IndusInd Bank reported a Q1 FY27 net NPA of 0.95%.",IndusInd Bank reported a net non-performing asset (NPA) ratio of 0.95% for the first quarter of fiscal year 2027. This metric highlights the bank's asset quality and credit risk profile for that specific reporting period.,Somewhat relevant,The assistant output provides the net NPA ratio but fails to provide the gross NPA ratio requested by the user.,
"What is IndusInd Bank's capital adequacy ratio (CRAR), and its CET1 ratio if disclosed?",F_Simple,F_Simple,0.5026933839121343,simple_triplet,True,"[""IndusInd Bank"", ""capital adequacy ratio"", ""CE""]","[{""entity"": ""IndusInd Bank"", ""matched_node_name"": ""INDUSIND BANK LIMITED"", ""matched_id"": ""9196749b-c893-43ea-aaed-c206fd102d22"", ""matched_type"": ""COMPANY"", ""similarity"": 1.1366087913513183, ""source"": ""semantic""}, {""entity"": ""capital adequacy ratio"", ""matched_node_name"": ""capital adequacy ratio"", ""matched_id"": ""a9e7103c-2a43-4d54-94d2-0f9178dbb42e"", ""matched_type"": ""METRIC"", ""similarity"": 1.0, ""source"": ""gazetteer""}, {""entity"": ""CE"", ""matched_node_name"": ""NSE"", ""matched_id"": ""f991983e-e758-47f5-acbf-1afe822e5f20"", ""matched_type"": ""COMPANY"", ""similarity"": 0.6484348893165588, ""source"": ""semantic""}]","What is <COMPANY>'s <METRIC> (CRAR), and its <COMPANY>T1 ratio if disclosed?","{""nn1"": ""COMPANY"", ""prop1_list"": [], ""target_ids"": [""a9e7103c-2a43-4d54-94d2-0f9178dbb42e"", ""f991983e-e758-47f5-acbf-1afe822e5f20""], ""nnp1"": ""9196749b-c893-43ea-aaed-c206fd102d22""}","{""nnp1"": ""9196749b-c893-43ea-aaed-c206fd102d22"", ""nnp2"": ""f991983e-e758-47f5-acbf-1afe822e5f20"", ""nnp3"": null, ""prop1"": null, ""nn1"": ""COMPANY"", ""nn2"": ""COMPANY"", ""threshold"": null, ""target_ids"": [""a9e7103c-2a43-4d54-94d2-0f9178dbb42e"", ""f991983e-e758-47f5-acbf-1afe822e5f20""], ""prop1_list"": []}",primary,1,"Template: simple_triplet (F_Simple)
Query intent: Simple question: subject linked to objects via a predicate.

Row 1: IndusInd Bank reported a Q1 FY27 capital adequacy ratio of 17.15%.",IndusInd Bank reported a capital adequacy ratio of 17.15% for the first quarter of fiscal year 2027. This figure reflects the bank's strong financial buffer during that period.,Somewhat relevant,The assistant output provides the capital adequacy ratio (CRAR) but fails to provide the CET1 ratio as requested by the user.,
What are IndusInd Bank's return on assets (ROA) and return on equity (ROE) for the latest quarter?,F_Simple,F_Simple,0.6404601230266839,simple_triplet,True,"[""IndusInd Bank"", ""return on assets"", ""return on equity""]","[{""entity"": ""IndusInd Bank"", ""matched_node_name"": ""INDUSIND BANK LIMITED"", ""matched_id"": ""9196749b-c893-43ea-aaed-c206fd102d22"", ""matched_type"": ""COMPANY"", ""similarity"": 1.1366087913513183, ""source"": ""semantic""}, {""entity"": ""return on assets"", ""matched_node_name"": ""return on assets"", ""matched_id"": ""dd83a8a6-2dd2-4407-9d71-917240c66c55"", ""matched_type"": ""METRIC"", ""similarity"": 1.0, ""source"": ""gazetteer""}, {""entity"": ""return on equity"", ""matched_node_name"": ""return on equity"", ""matched_id"": ""4c4c7086-00d6-4850-9bcd-ae7c8e8479a8"", ""matched_type"": ""METRIC"", ""similarity"": 1.0, ""source"": ""gazetteer""}]",What are <COMPANY>'s <METRIC> (ROA) and <METRIC> (ROE) for the latest quarter?,"{""nn1"": ""COMPANY"", ""prop1_list"": [], ""target_ids"": [""dd83a8a6-2dd2-4407-9d71-917240c66c55"", ""4c4c7086-00d6-4850-9bcd-ae7c8e8479a8""], ""nnp1"": ""9196749b-c893-43ea-aaed-c206fd102d22""}","{""nnp1"": ""9196749b-c893-43ea-aaed-c206fd102d22"", ""nnp2"": ""dd83a8a6-2dd2-4407-9d71-917240c66c55"", ""nnp3"": null, ""prop1"": null, ""nn1"": ""COMPANY"", ""nn2"": ""METRIC"", ""threshold"": null, ""target_ids"": [""dd83a8a6-2dd2-4407-9d71-917240c66c55"", ""4c4c7086-00d6-4850-9bcd-ae7c8e8479a8""], ""prop1_list"": []}",primary,2,"Template: simple_triplet (F_Simple)
Query intent: Simple question: subject linked to objects via a predicate.

Row 1: IndusInd Bank reported a Q1 FY27 return on assets of 0.78%.
Row 2: IndusInd Bank reported a Q1 FY27 return on equity of 6.26%.",IndusInd Bank reported a return on assets of 0.78% and a return on equity of 6.26% for the first quarter of fiscal year 2027.,Relevant,The assistant output directly provides the return on assets and return on equity for IndusInd Bank for the specified latest quarter as requested.,
What was IndusInd Bank's total advances (loan book) and deposit growth in the latest quarter?,F_Simple,F_Simple,0.5786835426932809,simple_triplet,True,"[""IndusInd Bank"", ""total advances"", ""deposit growth""]","[{""entity"": ""IndusInd Bank"", ""matched_node_name"": ""INDUSIND BANK LIMITED"", ""matched_id"": ""9196749b-c893-43ea-aaed-c206fd102d22"", ""matched_type"": ""COMPANY"", ""similarity"": 1.1366087913513183, ""source"": ""semantic""}, {""entity"": ""total advances"", ""matched_node_name"": ""Total Advances"", ""matched_id"": ""96dbb53b-28f6-42c3-96e5-77dc48c86818"", ""matched_type"": ""METRIC"", ""similarity"": 1.0, ""source"": ""gazetteer""}, {""entity"": ""deposit growth"", ""matched_node_name"": ""deposit growth"", ""matched_id"": ""74d2ba68-dde6-485e-ad5d-c3483d1ec0d8"", ""matched_type"": ""METRIC"", ""similarity"": 1.0, ""source"": ""gazetteer""}]",What was <COMPANY>'s <METRIC> (loan book) and <METRIC> in the latest quarter?,"{""nn1"": ""COMPANY"", ""prop1_list"": [], ""target_ids"": [""96dbb53b-28f6-42c3-96e5-77dc48c86818"", ""74d2ba68-dde6-485e-ad5d-c3483d1ec0d8""], ""nnp1"": ""9196749b-c893-43ea-aaed-c206fd102d22""}","{""nnp1"": ""9196749b-c893-43ea-aaed-c206fd102d22"", ""nnp2"": ""96dbb53b-28f6-42c3-96e5-77dc48c86818"", ""nnp3"": null, ""prop1"": null, ""nn1"": ""COMPANY"", ""nn2"": ""METRIC"", ""threshold"": null, ""target_ids"": [""96dbb53b-28f6-42c3-96e5-77dc48c86818"", ""74d2ba68-dde6-485e-ad5d-c3483d1ec0d8""], ""prop1_list"": []}",relaxed_direction,38,"Template: simple_triplet (F_Simple)
Query intent: Simple question: subject linked to objects via a predicate.

Row 1: INDUSIND BANK LIMITED has historically maintained a strong presence in vehicle finance.
Row 2: INDUSIND BANK LIMITED runs a network of 3,137 branches.
Row 3: INDUSIND BANK LIMITED has 2,853 ATMs.
Row 4: INDUSIND BANK LIMITED saw its CASA metric fall from 31.48% a year earlier to 29.43%.
Row 5: IndusInd Bank is exposed to ordinary credit risk.
Row 6: IndusInd Bank reported a Q1 FY27 return on assets of 0.78%.
Row 7: IndusInd Bank reported a Q1 FY27 return on equity of 6.26%.
Row 8: IndusInd Bank reported a Q1 FY27 net NPA of 0.95%.
Row 9: IndusInd Bank reported a Q1 FY27 provision coverage of 71%.
Row 10: IndusInd Bank reported a Q1 FY27 capital adequacy ratio of 17.15%.
Row 11: IndusInd Bank reported a Q1 FY27 CET1 ratio of 16.10%.
Row 12: IndusInd Bank holds a universal banking license.
Row 13: IndusInd Bank reported a Q1 FY27 net interest margin of 3.57%.
Row 14: INDUSIND BANK LIMITED's profit after tax rose 72% to reach ₹1,037 crore.
Row 15: IndusInd Bank is exposed to funding risk due to a declining CASA ratio.
Row 16: INDUSIND BANK LIMITED's retail loan portfolio makes up roughly 50% of its total loans.
Row 17: INDUSIND BANK LIMITED's gross and net NPA improvement sequentially and year-on-year is a genuine strength.
Row 18: INDUSIND BANK LIMITED generated an Operating profit of ₹2,773 crore, rising 8% year-on-year.
Row 19: INDUSIND BANK LIMITED has historically had its registered office in Pune.
Row 20: IndusInd Bank is regulated by the RBI.
Row 21: IndusInd Bank is regulated by SEBI.
Row 22: INDUSIND BANK LIMITED is rated by CRISIL.
Row 23: INDUSIND BANK LIMITED has its corporate headquarters in Mumbai.
Row 24: INDUSIND BANK LIMITED has its registered office in Maharashtra.
Row 25: INDUSIND BANK LIMITED's SME loan portfolio comprises roughly 13% of its overall loan composition.
Row 26: INDUSIND BANK LIMITED has historically been strong in microfinance.
Row 27: INDUSIND BANK LIMITED's wholesale loan portfolio accounts for roughly 37% of its total loans.
Row 28: INDUSIND BANK LIMITED operates 9,413 total touchpoints.
Row 29: INDUSIND BANK LIMITED offers the ""Indie"" digital banking app.
Row 30: INDUSIND BANK LIMITED disclosed a roughly ₹1,979 crore derivatives-accounting discrepancy in FY25.
Row 31: A further weakness for INDUSIND BANK LIMITED is its CASA decline.
Row 32: INDUSIND BANK LIMITED has an opportunity in its new CEO's three-year roadmap, which targets risk reduction and deposit-base diversification.
Row 33: INDUSIND BANK LIMITED holds a CRISIL AA+ rating.
Row 34: IndusInd Bank is exposed to governance and operational risk tied to an unresolved derivatives-accounting matter.
Row 35: IndusInd Bank is exposed to execution risk related to its three-year roadmap.
Row 36: INDUSIND BANK LIMITED is promoted by the Hinduja Group, which holds nearly 16 per cent of the bank.
Row 37: Rajiv Anand took charge as MD & CEO of INDUSIND BANK LIMITED in August 2025.
Row 38: The Negative outlook on CRISIL AA+ rating reaffirmed on 24 August 2025 threatens INDUSIND BANK LIMITED.","IndusInd Bank reported a 72% increase in profit after tax to ₹1,037 crore for Q1 FY27 alongside an operating profit of ₹2,773 crore, while maintaining strong asset quality metrics such as a net NPA of 0.95% and a capital adequacy ratio of 17.15%. However, the bank faces funding and governance risks due to a declining CASA ratio—which fell to 29.43%—and an unresolved derivatives-accounting discrepancy of roughly ₹1,979 crore from FY25.",Not relevant,"The assistant output discusses profit, asset quality, and governance risks, but completely fails to provide information on the bank's total advances (loan book) and deposit growth.",
"What credit ratings has IndusInd Bank received, and from which rating agencies?",F_Simple,F_Simple,0.5428842858605917,simple_triplet,True,"[""IndusInd Bank""]","[{""entity"": ""IndusInd Bank"", ""matched_node_name"": ""INDUSIND BANK LIMITED"", ""matched_id"": ""9196749b-c893-43ea-aaed-c206fd102d22"", ""matched_type"": ""COMPANY"", ""similarity"": 1.1366087913513183, ""source"": ""semantic""}]","What credit ratings has <COMPANY> received, and from which rating agencies?","{""nn1"": ""COMPANY"", ""prop1_list"": [""HAS_RATING""], ""target_ids"": [], ""nnp1"": ""9196749b-c893-43ea-aaed-c206fd102d22""}","{""nnp1"": ""9196749b-c893-43ea-aaed-c206fd102d22"", ""nnp2"": null, ""nnp3"": null, ""prop1"": ""HAS_RATING"", ""nn1"": ""COMPANY"", ""nn2"": null, ""threshold"": null, ""target_ids"": [], ""prop1_list"": [""HAS_RATING""]}",primary,1,"Template: simple_triplet (F_Simple)
Query intent: Simple question: subject linked to objects via a predicate.

Row 1: INDUSIND BANK LIMITED holds a CRISIL AA+ rating.",IndusInd Bank Limited currently holds a CRISIL AA+ rating. This reflects the institution's standing according to the designated credit assessment.,Somewhat relevant,"The output provides one credit rating and agency for IndusInd Bank, but fails to mention other ratings or agencies that the bank has likely received, missing a material part of the request.",
"Roughly how many branches and ATMs does IndusInd Bank operate, and as of what date?",F_QuantCount,F_QuantCount,0.5789900185289873,quant_count,True,"[""IndusInd Bank"", ""ATMs""]","[{""entity"": ""IndusInd Bank"", ""matched_node_name"": ""INDUSIND BANK LIMITED"", ""matched_id"": ""9196749b-c893-43ea-aaed-c206fd102d22"", ""matched_type"": ""COMPANY"", ""similarity"": 1.1366087913513183, ""source"": ""semantic""}, {""entity"": ""ATMs"", ""matched_node_name"": ""ATMs"", ""matched_id"": ""1d9af7d1-80d1-4631-9a7a-7765335565d0"", ""matched_type"": ""DISTRIBUTIONCHANNEL"", ""similarity"": 1.0, ""source"": ""gazetteer""}]","Roughly how many branches and <DISTRIBUTIONCHANNEL> does <COMPANY> operate, and as of what date?","{""nn1"": ""COMPANY"", ""nn2"": ""DISTRIBUTIONCHANNEL"", ""prop1"": null, ""nnp1"": ""9196749b-c893-43ea-aaed-c206fd102d22""}","{""nnp1"": ""9196749b-c893-43ea-aaed-c206fd102d22"", ""nnp2"": ""1d9af7d1-80d1-4631-9a7a-7765335565d0"", ""nnp3"": null, ""prop1"": null, ""nn1"": ""COMPANY"", ""nn2"": ""DISTRIBUTIONCHANNEL"", ""threshold"": null, ""target_ids"": [""1d9af7d1-80d1-4631-9a7a-7765335565d0""], ""prop1_list"": []}",primary,1,"Template: quant_count (F_QuantCount)
Query intent: Count related objects for a subject entity.

Row 1: subject_name=INDUSIND BANK LIMITED | object_count=3 (3 facts)
  - INDUSIND BANK LIMITED runs a network of 3,137 branches.
  - INDUSIND BANK LIMITED has 2,853 ATMs.
  - INDUSIND BANK LIMITED operates 9,413 total touchpoints.","IndusInd Bank Limited operates a broad financial network consisting of 3,137 branches and 2,853 ATMs. In total, the institution manages 9,413 touchpoints across its operations.",Somewhat relevant,"The output provides the number of branches and ATMs, but it misses the specific date requested by the user.",
"What products and services does IndusInd Bank offer, and which customer segments does it serve?",F_Simple,F_Simple,0.6085853750573809,simple_triplet,True,"[""IndusInd Bank""]","[{""entity"": ""IndusInd Bank"", ""matched_node_name"": ""INDUSIND BANK LIMITED"", ""matched_id"": ""9196749b-c893-43ea-aaed-c206fd102d22"", ""matched_type"": ""COMPANY"", ""similarity"": 1.1366087913513183, ""source"": ""semantic""}]","What products and services does <COMPANY> offer, and which customer segments does it serve?","{""nn1"": ""COMPANY"", ""prop1_list"": [""OFFERS_PRODUCT"", ""SERVES""], ""target_ids"": [], ""nnp1"": ""9196749b-c893-43ea-aaed-c206fd102d22""}","{""nnp1"": ""9196749b-c893-43ea-aaed-c206fd102d22"", ""nnp2"": null, ""nnp3"": null, ""prop1"": ""SERVES"", ""nn1"": ""COMPANY"", ""nn2"": null, ""threshold"": null, ""target_ids"": [], ""prop1_list"": [""OFFERS_PRODUCT"", ""SERVES""]}",primary,1,"Template: simple_triplet (F_Simple)
Query intent: Simple question: subject linked to objects via a predicate.

Row 1: INDUSIND BANK LIMITED offers the ""Indie"" digital banking app.",IndusInd Bank Limited offers the Indie digital banking app. This digital platform expands the institution's product and service offerings for its customers.,Somewhat relevant,"The output mentions a digital banking app but fails to provide a comprehensive overview of the bank's full range of products and services, and it completely omits the customer segments served.",
What is Yes Bank's ticker symbol and on which exchange(s) does it trade?,F_Simple,F_Simple,0.5660659596990265,simple_triplet,True,"[""Yes Bank""]","[{""entity"": ""Yes Bank"", ""matched_node_name"": ""YES BANK LIMITED"", ""matched_id"": ""493cd2f8-d762-4502-802f-605fcf957af9"", ""matched_type"": ""COMPANY"", ""similarity"": 1.0886334896087646, ""source"": ""semantic""}]",What is <COMPANY>'s ticker symbol and on which exchange(s) does it trade?,"{""nn1"": ""COMPANY"", ""prop1_list"": [], ""target_ids"": [], ""nnp1"": ""493cd2f8-d762-4502-802f-605fcf957af9""}","{""nnp1"": ""493cd2f8-d762-4502-802f-605fcf957af9"", ""nnp2"": null, ""nnp3"": null, ""prop1"": null, ""nn1"": ""COMPANY"", ""nn2"": null, ""threshold"": null, ""target_ids"": [], ""prop1_list"": []}",primary,33,"Template: simple_triplet (F_Simple)
Query intent: Simple question: subject linked to objects via a predicate.

Row 1: YES BANK LIMITED's infrastructure and Tier II bonds were upgraded to an AA Stable rating.
Row 2: YES BANK LIMITED's infrastructure and Tier II bonds previously held an AA- Stable rating.
Row 3: YES BANK LIMITED reported a Q1 FY27 CASA ratio of 32.70%.
Row 4: YES BANK LIMITED reported a Q1 FY27 CET1 ratio of 14%.
Row 5: YES BANK LIMITED is exposed to funding risk associated with a CASA ratio decline.
Row 6: YES BANK LIMITED's debt instruments are rated by ICRA.
Row 7: YES BANK LIMITED's Additional Tier I (Basel III Tier I) bonds maintain an ICRA D rating.
Row 8: YES BANK LIMITED is headquartered in Maharashtra.
Row 9: YES BANK LIMITED is headquartered in Mumbai.
Row 10: YES BANK LIMITED reported a Q1 FY27 net interest margin of 2.70%.
Row 11: YES BANK LIMITED reported a profit after tax of ₹1,071-1,072 crore for Q1 FY27.
Row 12: Prashant Kumar previously served as the MD & CEO of YES BANK LIMITED.
Row 13: Rajeev Veeravalli Kannan joined the board of YES BANK LIMITED as a nominee of SMBC.
Row 14: YES BANK LIMITED is regulated by the RBI.
Row 15: YES BANK LIMITED depends on the SMBC strategic partnership for governance and capital support.
Row 16: YES BANK LIMITED is regulated by SEBI.
Row 17: Shinichiro Nishino joined the board of YES BANK LIMITED as a nominee of SMBC.
Row 18: State Bank of India is affiliated with YES BANK LIMITED as an anchor investor and held a roughly 10% residual stake as of September 2025.
Row 19: Sumitomo Mitsui Banking Corporation of Japan acquired a 20% stake in YES BANK LIMITED to become its single largest shareholder.
Row 20: YES BANK LIMITED reported total advances of roughly ₹2.85 lakh crore for Q1 FY27.
Row 21: YES BANK LIMITED holds a universal banking license.
Row 22: Vinay M. Tonse serves as the MD & CEO of YES BANK LIMITED.
Row 23: YES BANK LIMITED expects margin improvements from reducing its cost of funds.
Row 24: YES BANK LIMITED maintains an elevated cost-to-income ratio of 62.8%.
Row 25: YES BANK LIMITED is exposed to funding-cost volatility due to CASA declines.
Row 26: YES BANK LIMITED reported a Q1 FY27 Gross NPA of 1.30%.
Row 27: YES BANK LIMITED reported a Q1 FY27 net NPA of 0.20%.
Row 28: YES BANK LIMITED reported an 18% year-on-year increase in Net interest income for Q1 FY27.
Row 29: YES BANK LIMITED is exposed to operational risk resulting from its still-elevated cost structure.
Row 30: YES BANK LIMITED is exposed to ordinary regulatory risk carrying over from its historical reconstruction.
Row 31: YES BANK LIMITED reported a Q1 FY27 return on assets of 0.90%.
Row 32: YES BANK LIMITED reported a Q1 FY27 return on equity of 8.30%.
Row 33: YES BANK LIMITED reported total deposits of roughly ₹3.15 lakh crore for Q1 FY27.","Yes Bank reported a profit after tax of ₹1,071–1,072 crore for Q1 FY27, alongside a CET1 ratio of 14% and an upgraded AA Stable rating on its infrastructure and Tier II bonds. The institution operates with a Q1 FY27 net interest margin of 2.70%, a Gross NPA of 1.30%, and a cost-to-income ratio of 62.8%, while navigating strategic partnerships with major stakeholders like Sumitomo Mitsui Banking Corporation and the State Bank of India.",Not relevant,The assistant output discusses financial metrics and partnerships instead of providing Yes Bank's ticker symbol and trading exchanges.,
"Who is the current MD & CEO (or Chairman, where that is the top executive title) of Yes Bank?",F_Simple,F_Simple,0.6870087860052408,simple_triplet,True,"[""Yes Bank"", ""uti"", ""MD""]","[{""entity"": ""Yes Bank"", ""matched_node_name"": ""YES BANK LIMITED"", ""matched_id"": ""493cd2f8-d762-4502-802f-605fcf957af9"", ""matched_type"": ""COMPANY"", ""similarity"": 1.0886334896087646, ""source"": ""semantic""}, {""entity"": ""uti"", ""matched_node_name"": ""UTI"", ""matched_id"": ""fd4feaba-a9ac-4e43-9418-e90485ccc0ee"", ""matched_type"": ""SHAREHOLDER"", ""similarity"": 1.0, ""source"": ""gazetteer""}, {""entity"": ""MD"", ""matched_node_name"": ""Sydney"", ""matched_id"": ""6ce73991-b958-4fd6-a892-0d2f5d32b61b"", ""matched_type"": ""GEOGRAPHY"", ""similarity"": 0.6347882270812988, ""source"": ""semantic""}]","Who is the current <GEOGRAPHY> & CEO (or Chairman, where that is the top exec<SHAREHOLDER>ve title) of <COMPANY>?","{""nn1"": ""COMPANY"", ""prop1_list"": [""GovernanceRole""], ""target_ids"": [""fd4feaba-a9ac-4e43-9418-e90485ccc0ee"", ""6ce73991-b958-4fd6-a892-0d2f5d32b61b""], ""nnp1"": ""493cd2f8-d762-4502-802f-605fcf957af9""}","{""nnp1"": ""493cd2f8-d762-4502-802f-605fcf957af9"", ""nnp2"": ""6ce73991-b958-4fd6-a892-0d2f5d32b61b"", ""nnp3"": null, ""prop1"": ""GovernanceRole"", ""nn1"": ""COMPANY"", ""nn2"": ""GEOGRAPHY"", ""threshold"": null, ""target_ids"": [""fd4feaba-a9ac-4e43-9418-e90485ccc0ee"", ""6ce73991-b958-4fd6-a892-0d2f5d32b61b""], ""prop1_list"": [""GovernanceRole""]}",attribute_lookup,8,"Template: simple_triplet (F_Simple)
Query intent: Simple question: subject linked to objects via a predicate.

Row 1: YES BANK LIMITED's banking_segment is Universal Banking
Row 2: YES BANK LIMITED's country is India
Row 3: YES BANK LIMITED's description is Yes Bank Limited is an Indian universal bank headquartered in Mumbai, Maharashtra. Reconstructed in 2020, its single largest shareholder is Sumitomo Mitsui Banking Corporation (SMBC) of Japan.
Row 4: YES BANK LIMITED's exchange is NSE and BSE
Row 5: YES BANK LIMITED's legal_name is YES BANK LIMITED
Row 6: YES BANK LIMITED's listed is True
Row 7: YES BANK LIMITED's sector is Banking
Row 8: YES BANK LIMITED's ticker is YESBANK","Yes Bank Limited is a publicly listed universal bank in the banking sector operating out of India and traded on both the NSE and BSE under the ticker YESBANK. Following its reconstruction in 2020, the institution is headquartered in Mumbai, Maharashtra, with Sumitomo Mitsui Banking Corporation of Japan holding its largest single share.",Not relevant,The assistant output provides general background information about Yes Bank but completely fails to answer the question regarding who the current MD & CEO or Chairman is.,
"What percentage of Yes Bank is held by its government promoter or largest shareholder, and as of what date?",F_LogUnion,F_LogUnion,0.6758920373727951,logical_union,True,"[""Yes Bank""]","[{""entity"": ""Yes Bank"", ""matched_node_name"": ""YES BANK LIMITED"", ""matched_id"": ""493cd2f8-d762-4502-802f-605fcf957af9"", ""matched_type"": ""COMPANY"", ""similarity"": 1.0886334896087646, ""source"": ""semantic""}]","What percentage of <COMPANY> is held by its government promoter or largest shareholder, and as of what date?","{""nnp2"": null, ""nn1"": ""COMPANY"", ""prop1_list"": [""OWNS"", ""REGULATED_BY"", ""OwnershipStake""], ""nnp1"": ""493cd2f8-d762-4502-802f-605fcf957af9"", ""target_ids"": []}","{""nnp1"": ""493cd2f8-d762-4502-802f-605fcf957af9"", ""nnp2"": null, ""nnp3"": null, ""prop1"": ""REGULATED_BY"", ""nn1"": ""COMPANY"", ""nn2"": null, ""threshold"": null, ""target_ids"": [], ""prop1_list"": [""OWNS"", ""REGULATED_BY"", ""OwnershipStake""]}",primary,2,"Template: logical_union (F_LogUnion)
Query intent: Union of two relationship patterns from the same subject.

Row 1: YES BANK LIMITED is regulated by the RBI.
Row 2: YES BANK LIMITED is regulated by SEBI.",Yes Bank Limited operates under the regulatory oversight of both the Reserve Bank of India and the Securities and Exchange Board of India.,Not relevant,The assistant output discusses regulatory oversight rather than providing the percentage held by the government promoter or largest shareholder and the corresponding date.,
What is Yes Bank's net interest margin (NIM) for the latest reported period?,F_Simple,F_Simple,0.4559410416941235,simple_triplet,True,"[""Yes Bank"", ""net interest margin""]","[{""entity"": ""Yes Bank"", ""matched_node_name"": ""YES BANK LIMITED"", ""matched_id"": ""493cd2f8-d762-4502-802f-605fcf957af9"", ""matched_type"": ""COMPANY"", ""similarity"": 1.0886334896087646, ""source"": ""semantic""}, {""entity"": ""net interest margin"", ""matched_node_name"": ""Net interest margin"", ""matched_id"": ""ce0a12ce-b581-4229-a6b2-4d53c46e9d9d"", ""matched_type"": ""METRIC"", ""similarity"": 1.0, ""source"": ""gazetteer""}]",What is <COMPANY>'s <METRIC> (NIM) for the latest reported period?,"{""nn1"": ""COMPANY"", ""prop1_list"": [], ""target_ids"": [""ce0a12ce-b581-4229-a6b2-4d53c46e9d9d""], ""nnp1"": ""493cd2f8-d762-4502-802f-605fcf957af9""}","{""nnp1"": ""493cd2f8-d762-4502-802f-605fcf957af9"", ""nnp2"": ""ce0a12ce-b581-4229-a6b2-4d53c46e9d9d"", ""nnp3"": null, ""prop1"": null, ""nn1"": ""COMPANY"", ""nn2"": ""METRIC"", ""threshold"": null, ""target_ids"": [""ce0a12ce-b581-4229-a6b2-4d53c46e9d9d""], ""prop1_list"": []}",primary,1,"Template: simple_triplet (F_Simple)
Query intent: Simple question: subject linked to objects via a predicate.

Row 1: YES BANK LIMITED reported a Q1 FY27 net interest margin of 2.70%.",Yes Bank Limited reported a net interest margin of 2.70% for the first quarter of fiscal year 2027.,Relevant,The assistant output directly answers the user request by providing Yes Bank's net interest margin for the latest reported period.,
What are Yes Bank's gross NPA and net NPA ratios?,F_Simple,F_Simple,0.5339957873182645,simple_triplet,True,"[""Yes Bank"", ""gross NPA"", ""net NPA""]","[{""entity"": ""Yes Bank"", ""matched_node_name"": ""YES BANK LIMITED"", ""matched_id"": ""493cd2f8-d762-4502-802f-605fcf957af9"", ""matched_type"": ""COMPANY"", ""similarity"": 1.0886334896087646, ""source"": ""semantic""}, {""entity"": ""gross NPA"", ""matched_node_name"": ""gross NPA"", ""matched_id"": ""00c1065d-13f6-42fc-be09-d1a8be6780cd"", ""matched_type"": ""METRIC"", ""similarity"": 1.0, ""source"": ""gazetteer""}, {""entity"": ""net NPA"", ""matched_node_name"": ""net NPA"", ""matched_id"": ""4539ed7c-a229-4073-a946-c4b6498648c7"", ""matched_type"": ""METRIC"", ""similarity"": 1.0, ""source"": ""gazetteer""}]",What are <COMPANY>'s <METRIC> and <METRIC> ratios?,"{""nn1"": ""COMPANY"", ""prop1_list"": [], ""target_ids"": [""00c1065d-13f6-42fc-be09-d1a8be6780cd"", ""4539ed7c-a229-4073-a946-c4b6498648c7""], ""nnp1"": ""493cd2f8-d762-4502-802f-605fcf957af9""}","{""nnp1"": ""493cd2f8-d762-4502-802f-605fcf957af9"", ""nnp2"": ""00c1065d-13f6-42fc-be09-d1a8be6780cd"", ""nnp3"": null, ""prop1"": null, ""nn1"": ""COMPANY"", ""nn2"": ""METRIC"", ""threshold"": null, ""target_ids"": [""00c1065d-13f6-42fc-be09-d1a8be6780cd"", ""4539ed7c-a229-4073-a946-c4b6498648c7""], ""prop1_list"": []}",primary,2,"Template: simple_triplet (F_Simple)
Query intent: Simple question: subject linked to objects via a predicate.

Row 1: YES BANK LIMITED reported a Q1 FY27 Gross NPA of 1.30%.
Row 2: YES BANK LIMITED reported a Q1 FY27 net NPA of 0.20%.","For the first quarter of fiscal year 2027, Yes Bank Limited reported a gross non-performing asset ratio of 1.30%. Additionally, the bank recorded a net non-performing asset ratio of 0.20% for the same period.",Relevant,The assistant output directly and accurately provides both the gross NPA and net NPA ratios requested by the user for the specified period.,
"What is Yes Bank's capital adequacy ratio (CRAR), and its CET1 ratio if disclosed?",F_Simple,F_Simple,0.5026933839121343,simple_triplet,True,"[""Yes Bank"", ""capital adequacy ratio"", ""CE""]","[{""entity"": ""Yes Bank"", ""matched_node_name"": ""YES BANK LIMITED"", ""matched_id"": ""493cd2f8-d762-4502-802f-605fcf957af9"", ""matched_type"": ""COMPANY"", ""similarity"": 1.0886334896087646, ""source"": ""semantic""}, {""entity"": ""capital adequacy ratio"", ""matched_node_name"": ""capital adequacy ratio"", ""matched_id"": ""a9e7103c-2a43-4d54-94d2-0f9178dbb42e"", ""matched_type"": ""METRIC"", ""similarity"": 1.0, ""source"": ""gazetteer""}, {""entity"": ""CE"", ""matched_node_name"": ""NSE"", ""matched_id"": ""f991983e-e758-47f5-acbf-1afe822e5f20"", ""matched_type"": ""COMPANY"", ""similarity"": 0.6484348893165588, ""source"": ""semantic""}]","What is <COMPANY>'s <METRIC> (CRAR), and its <COMPANY>T1 ratio if disclosed?","{""nn1"": ""COMPANY"", ""prop1_list"": [], ""target_ids"": [""a9e7103c-2a43-4d54-94d2-0f9178dbb42e"", ""f991983e-e758-47f5-acbf-1afe822e5f20""], ""nnp1"": ""493cd2f8-d762-4502-802f-605fcf957af9""}","{""nnp1"": ""493cd2f8-d762-4502-802f-605fcf957af9"", ""nnp2"": ""f991983e-e758-47f5-acbf-1afe822e5f20"", ""nnp3"": null, ""prop1"": null, ""nn1"": ""COMPANY"", ""nn2"": ""COMPANY"", ""threshold"": null, ""target_ids"": [""a9e7103c-2a43-4d54-94d2-0f9178dbb42e"", ""f991983e-e758-47f5-acbf-1afe822e5f20""], ""prop1_list"": []}",relaxed_direction,33,"Template: simple_triplet (F_Simple)
Query intent: Simple question: subject linked to objects via a predicate.

Row 1: YES BANK LIMITED reported a Q1 FY27 CASA ratio of 32.70%.
Row 2: YES BANK LIMITED reported total deposits of roughly ₹3.15 lakh crore for Q1 FY27.
Row 3: YES BANK LIMITED reported an 18% year-on-year increase in Net interest income for Q1 FY27.
Row 4: YES BANK LIMITED is exposed to ordinary regulatory risk carrying over from its historical reconstruction.
Row 5: YES BANK LIMITED reported a Q1 FY27 return on assets of 0.90%.
Row 6: YES BANK LIMITED reported a Q1 FY27 return on equity of 8.30%.
Row 7: YES BANK LIMITED maintains an elevated cost-to-income ratio of 62.8%.
Row 8: YES BANK LIMITED reported a Q1 FY27 Gross NPA of 1.30%.
Row 9: YES BANK LIMITED reported a Q1 FY27 net NPA of 0.20%.
Row 10: YES BANK LIMITED reported a Q1 FY27 CET1 ratio of 14%.
Row 11: YES BANK LIMITED holds a universal banking license.
Row 12: YES BANK LIMITED reported a Q1 FY27 net interest margin of 2.70%.
Row 13: YES BANK LIMITED reported a profit after tax of ₹1,071-1,072 crore for Q1 FY27.
Row 14: YES BANK LIMITED is exposed to funding risk associated with a CASA ratio decline.
Row 15: YES BANK LIMITED's infrastructure and Tier II bonds were upgraded to an AA Stable rating.
Row 16: YES BANK LIMITED's infrastructure and Tier II bonds previously held an AA- Stable rating.
Row 17: YES BANK LIMITED is exposed to operational risk resulting from its still-elevated cost structure.
Row 18: YES BANK LIMITED reported total advances of roughly ₹2.85 lakh crore for Q1 FY27.
Row 19: YES BANK LIMITED is regulated by the RBI.
Row 20: YES BANK LIMITED is regulated by SEBI.
Row 21: YES BANK LIMITED's debt instruments are rated by ICRA.
Row 22: YES BANK LIMITED is headquartered in Mumbai.
Row 23: YES BANK LIMITED is headquartered in Maharashtra.
Row 24: YES BANK LIMITED's Additional Tier I (Basel III Tier I) bonds maintain an ICRA D rating.
Row 25: YES BANK LIMITED depends on the SMBC strategic partnership for governance and capital support.
Row 26: YES BANK LIMITED is exposed to funding-cost volatility due to CASA declines.
Row 27: YES BANK LIMITED expects margin improvements from reducing its cost of funds.
Row 28: State Bank of India is affiliated with YES BANK LIMITED as an anchor investor and held a roughly 10% residual stake as of September 2025.
Row 29: Sumitomo Mitsui Banking Corporation of Japan acquired a 20% stake in YES BANK LIMITED to become its single largest shareholder.
Row 30: Rajeev Veeravalli Kannan joined the board of YES BANK LIMITED as a nominee of SMBC.
Row 31: Shinichiro Nishino joined the board of YES BANK LIMITED as a nominee of SMBC.
Row 32: Vinay M. Tonse serves as the MD & CEO of YES BANK LIMITED.
Row 33: Prashant Kumar previously served as the MD & CEO of YES BANK LIMITED.","For Q1 FY27, Yes Bank reported a profit after tax of ₹1,071 to ₹1,072 crore alongside total deposits of roughly ₹3.15 lakh crore and advances of approximately ₹2.85 lakh crore. The bank maintains a CET1 ratio of 14% and a Gross NPA of 1.30%, while benefiting from Sumitomo Mitsui Banking Corporation becoming its single largest shareholder with a 20% stake.",Somewhat relevant,The assistant output successfully discloses the CET1 ratio but fails to provide Yes Bank's capital adequacy ratio (CRAR) as requested.,
What are Yes Bank's return on assets (ROA) and return on equity (ROE) for the latest quarter?,F_Simple,F_Simple,0.6404601230266839,simple_triplet,True,"[""Yes Bank"", ""return on assets"", ""return on equity""]","[{""entity"": ""Yes Bank"", ""matched_node_name"": ""YES BANK LIMITED"", ""matched_id"": ""493cd2f8-d762-4502-802f-605fcf957af9"", ""matched_type"": ""COMPANY"", ""similarity"": 1.0886334896087646, ""source"": ""semantic""}, {""entity"": ""return on assets"", ""matched_node_name"": ""return on assets"", ""matched_id"": ""dd83a8a6-2dd2-4407-9d71-917240c66c55"", ""matched_type"": ""METRIC"", ""similarity"": 1.0, ""source"": ""gazetteer""}, {""entity"": ""return on equity"", ""matched_node_name"": ""return on equity"", ""matched_id"": ""4c4c7086-00d6-4850-9bcd-ae7c8e8479a8"", ""matched_type"": ""METRIC"", ""similarity"": 1.0, ""source"": ""gazetteer""}]",What are <COMPANY>'s <METRIC> (ROA) and <METRIC> (ROE) for the latest quarter?,"{""nn1"": ""COMPANY"", ""prop1_list"": [], ""target_ids"": [""dd83a8a6-2dd2-4407-9d71-917240c66c55"", ""4c4c7086-00d6-4850-9bcd-ae7c8e8479a8""], ""nnp1"": ""493cd2f8-d762-4502-802f-605fcf957af9""}","{""nnp1"": ""493cd2f8-d762-4502-802f-605fcf957af9"", ""nnp2"": ""dd83a8a6-2dd2-4407-9d71-917240c66c55"", ""nnp3"": null, ""prop1"": null, ""nn1"": ""COMPANY"", ""nn2"": ""METRIC"", ""threshold"": null, ""target_ids"": [""dd83a8a6-2dd2-4407-9d71-917240c66c55"", ""4c4c7086-00d6-4850-9bcd-ae7c8e8479a8""], ""prop1_list"": []}",primary,2,"Template: simple_triplet (F_Simple)
Query intent: Simple question: subject linked to objects via a predicate.

Row 1: YES BANK LIMITED reported a Q1 FY27 return on assets of 0.90%.
Row 2: YES BANK LIMITED reported a Q1 FY27 return on equity of 8.30%.",Yes Bank Limited reported a return on assets of 0.90% and a return on equity of 8.30% for the first quarter of fiscal year 2027.,Relevant,The assistant output directly and completely answers the user request by providing both the ROA and ROE for the latest quarter.,
"What credit ratings has Yes Bank received, and from which rating agencies?",F_Simple,F_Simple,0.5428842858605917,simple_triplet,True,"[""Yes Bank""]","[{""entity"": ""Yes Bank"", ""matched_node_name"": ""YES BANK LIMITED"", ""matched_id"": ""493cd2f8-d762-4502-802f-605fcf957af9"", ""matched_type"": ""COMPANY"", ""similarity"": 1.0886334896087646, ""source"": ""semantic""}]","What credit ratings has <COMPANY> received, and from which rating agencies?","{""nn1"": ""COMPANY"", ""prop1_list"": [""HAS_RATING""], ""target_ids"": [], ""nnp1"": ""493cd2f8-d762-4502-802f-605fcf957af9""}","{""nnp1"": ""493cd2f8-d762-4502-802f-605fcf957af9"", ""nnp2"": null, ""nnp3"": null, ""prop1"": ""HAS_RATING"", ""nn1"": ""COMPANY"", ""nn2"": null, ""threshold"": null, ""target_ids"": [], ""prop1_list"": [""HAS_RATING""]}",primary,3,"Template: simple_triplet (F_Simple)
Query intent: Simple question: subject linked to objects via a predicate.

Row 1: YES BANK LIMITED's infrastructure and Tier II bonds were upgraded to an AA Stable rating.
Row 2: YES BANK LIMITED's infrastructure and Tier II bonds previously held an AA- Stable rating.
Row 3: YES BANK LIMITED's Additional Tier I (Basel III Tier I) bonds maintain an ICRA D rating.","Yes Bank Limited experienced a credit rating upgrade for its infrastructure and Tier II bonds from AA- Stable to AA Stable. Meanwhile, the bank's Additional Tier I (Basel III Tier I) bonds continue to maintain an ICRA D rating.",Somewhat relevant,"The output mentions specific credit ratings and agencies for certain bonds, but fails to provide a comprehensive list of all credit ratings received by Yes Bank across its various instruments and the full set of rating agencies.",
"Roughly how many branches and ATMs does Yes Bank operate, and as of what date?",F_QuantCount,F_QuantCount,0.5789900185289873,quant_count,True,"[""Yes Bank"", ""ATMs""]","[{""entity"": ""Yes Bank"", ""matched_node_name"": ""YES BANK LIMITED"", ""matched_id"": ""493cd2f8-d762-4502-802f-605fcf957af9"", ""matched_type"": ""COMPANY"", ""similarity"": 1.0886334896087646, ""source"": ""semantic""}, {""entity"": ""ATMs"", ""matched_node_name"": ""ATMs"", ""matched_id"": ""1d9af7d1-80d1-4631-9a7a-7765335565d0"", ""matched_type"": ""DISTRIBUTIONCHANNEL"", ""similarity"": 1.0, ""source"": ""gazetteer""}]","Roughly how many branches and <DISTRIBUTIONCHANNEL> does <COMPANY> operate, and as of what date?","{""nn1"": ""COMPANY"", ""nn2"": ""DISTRIBUTIONCHANNEL"", ""prop1"": null, ""nnp1"": ""493cd2f8-d762-4502-802f-605fcf957af9""}","{""nnp1"": ""493cd2f8-d762-4502-802f-605fcf957af9"", ""nnp2"": ""1d9af7d1-80d1-4631-9a7a-7765335565d0"", ""nnp3"": null, ""prop1"": null, ""nn1"": ""COMPANY"", ""nn2"": ""DISTRIBUTIONCHANNEL"", ""threshold"": null, ""target_ids"": [""1d9af7d1-80d1-4631-9a7a-7765335565d0""], ""prop1_list"": []}",,0,,,Not relevant,No summary was produced for this query (empty assistant output).,
"What products and services does Yes Bank offer, and which customer segments does it serve?",F_Simple,F_Simple,0.6085853750573809,simple_triplet,True,"[""Yes Bank""]","[{""entity"": ""Yes Bank"", ""matched_node_name"": ""YES BANK LIMITED"", ""matched_id"": ""493cd2f8-d762-4502-802f-605fcf957af9"", ""matched_type"": ""COMPANY"", ""similarity"": 1.0886334896087646, ""source"": ""semantic""}]","What products and services does <COMPANY> offer, and which customer segments does it serve?","{""nn1"": ""COMPANY"", ""prop1_list"": [""OFFERS_PRODUCT"", ""SERVES""], ""target_ids"": [], ""nnp1"": ""493cd2f8-d762-4502-802f-605fcf957af9""}","{""nnp1"": ""493cd2f8-d762-4502-802f-605fcf957af9"", ""nnp2"": null, ""nnp3"": null, ""prop1"": ""SERVES"", ""nn1"": ""COMPANY"", ""nn2"": null, ""threshold"": null, ""target_ids"": [], ""prop1_list"": [""OFFERS_PRODUCT"", ""SERVES""]}",attribute_lookup,8,"Template: simple_triplet (F_Simple)
Query intent: Simple question: subject linked to objects via a predicate.

Row 1: YES BANK LIMITED's banking_segment is Universal Banking
Row 2: YES BANK LIMITED's country is India
Row 3: YES BANK LIMITED's description is Yes Bank Limited is an Indian universal bank headquartered in Mumbai, Maharashtra. Reconstructed in 2020, its single largest shareholder is Sumitomo Mitsui Banking Corporation (SMBC) of Japan.
Row 4: YES BANK LIMITED's exchange is NSE and BSE
Row 5: YES BANK LIMITED's legal_name is YES BANK LIMITED
Row 6: YES BANK LIMITED's listed is True
Row 7: YES BANK LIMITED's sector is Banking
Row 8: YES BANK LIMITED's ticker is YESBANK","Yes Bank Limited is a publicly listed universal bank in the banking sector headquartered in Mumbai, Maharashtra, operating under the ticker YESBANK on both the NSE and BSE. Following its reconstruction in 2020, the Indian financial institution's single largest shareholder is Japan's Sumitomo Mitsui Banking Corporation.",Not relevant,"The assistant output discusses the bank's corporate background and shareholders, failing to mention the products, services, or customer segments requested by the user.",
What is IDFC First Bank's ticker symbol and on which exchange(s) does it trade?,F_Simple,F_Simple,0.5660659596990265,simple_triplet,True,"[""IDFC First Bank""]","[{""entity"": ""IDFC First Bank"", ""matched_node_name"": ""IDFC FIRST BANK LIMITED"", ""matched_id"": ""f4ea22b4-f797-4b53-abf6-c090cb4fdd6e"", ""matched_type"": ""COMPANY"", ""similarity"": 1.1517829418182373, ""source"": ""semantic""}]",What is <COMPANY>'s ticker symbol and on which exchange(s) does it trade?,"{""nn1"": ""COMPANY"", ""prop1_list"": [], ""target_ids"": [], ""nnp1"": ""f4ea22b4-f797-4b53-abf6-c090cb4fdd6e""}","{""nnp1"": ""f4ea22b4-f797-4b53-abf6-c090cb4fdd6e"", ""nnp2"": null, ""nnp3"": null, ""prop1"": null, ""nn1"": ""COMPANY"", ""nn2"": null, ""threshold"": null, ""target_ids"": [], ""prop1_list"": []}",primary,36,"Template: simple_triplet (F_Simple)
Query intent: Simple question: subject linked to objects via a predicate.

Row 1: IDFC First Bank's certificate-of-deposit programme was reaffirmed at A1+ by CRISIL.
Row 2: IDFC First Bank's Tier II Basel III bonds were reaffirmed at AA+ Stable by CRISIL.
Row 3: IDFC First Bank's fixed deposits received a reaffirmed AAA Stable rating from CRISIL.
Row 4: IDFC First Bank reported a CASA ratio of 50.8 percent in Q1 FY27.
Row 5: IDFC First Bank has a CET1 capital ratio of 13.33 percent.
Row 6: IDFC First Bank had its credit ratings reaffirmed by CRISIL on 21 October 2025.
Row 7: IDFC First Bank upgraded its credit-cost guidance to 150-160 basis points.
Row 8: FIIs held a 36.10% equity stake in IDFC FIRST BANK LIMITED.
Row 9: IDFC Financial Holding, the erstwhile promoter entity, completed its merger into IDFC FIRST BANK LIMITED.
Row 10: IDFC Limited, the erstwhile promoter entity, completed its merger into IDFC FIRST BANK LIMITED.
Row 11: IDFC First Bank has pivoted toward MSME deposits and lending.
Row 12: IDFC FIRST BANK LIMITED is headquartered in Maharashtra.
Row 13: IDFC FIRST BANK LIMITED is headquartered in Mumbai.
Row 14: IDFC First Bank was built from an NBFC and infrastructure-finance heritage.
Row 15: IDFC First Bank recorded a net interest margin of 5.96 percent in Q1 FY27.
Row 16: IDFC First Bank recorded its highest-ever quarterly profit after tax of 1,075 crore rupees for Q1 FY27.
Row 17: IDFC First Bank is regulated by the RBI.
Row 18: IDFC First Bank has pivoted toward retail deposits and lending with a high-margin retail strategy.
Row 19: IDFC First Bank is regulated by SEBI.
Row 20: IDFC First Bank holds a universal banking license.
Row 21: V. Vaidyanathan serves as the reappointed MD & CEO of IDFC FIRST BANK LIMITED.
Row 22: IDFC First Bank has residual wholesale legacy exposure that could potentially generate episodic credit costs.
Row 23: IDFC First Bank operates a network of 1,155 bank branches.
Row 24: IDFC First Bank reported a capital adequacy ratio of 15.05 percent in Q1 FY27.
Row 25: IDFC First Bank reported an elevated cost-to-income ratio of 70.7 percent.
Row 26: IDFC First Bank is exposed to ordinary credit risk from its residual wholesale-book legacy.
Row 27: Domestic institutions held an 8.47% equity stake in IDFC FIRST BANK LIMITED.
Row 28: IDFC First Bank reported a gross NPA of 1.51 percent in Q1 FY27.
Row 29: IDFC First Bank has a declining minority of its total advances in a legacy infrastructure book.
Row 30: Insurance entities held a 10.91% equity stake in IDFC FIRST BANK LIMITED.
Row 31: Mutual funds held a 12.76% equity stake in IDFC FIRST BANK LIMITED.
Row 32: IDFC First Bank reported a net NPA of 0.44 percent in Q1 FY27.
Row 33: IDFC First Bank is exposed to operational risk from its elevated cost-to-income ratio.
Row 34: IDFC First Bank is exposed to regulatory risk stemming from its comparatively thinner capital cushion.
Row 35: Retail and public shareholders held a 31.75% equity stake in IDFC FIRST BANK LIMITED.
Row 36: IDFC First Bank is expected to achieve growth from continued expansion of its rural loan-book.","IDFC First Bank achieved its highest-ever quarterly profit after tax of 1,075 crore rupees in Q1 FY27, alongside a net interest margin of 5.96 percent and a capital adequacy ratio of 15.05 percent. CRISIL reaffirmed the bank's credit ratings on 21 October 2025, assigning an A1+ rating to its certificate-of-deposit programme, AA+ Stable to its Tier II Basel III bonds, and AAA Stable to its fixed deposits.",Not relevant,The assistant output discusses the bank's financial performance and credit ratings rather than providing its ticker symbol and stock exchange.,
"What percentage of IDFC First Bank is held by its government promoter or largest shareholder, and as of what date?",F_LogUnion,F_LogUnion,0.6758920373727951,logical_union,True,"[""IDFC First Bank""]","[{""entity"": ""IDFC First Bank"", ""matched_node_name"": ""IDFC FIRST BANK LIMITED"", ""matched_id"": ""f4ea22b4-f797-4b53-abf6-c090cb4fdd6e"", ""matched_type"": ""COMPANY"", ""similarity"": 1.1517829418182373, ""source"": ""semantic""}]","What percentage of <COMPANY> is held by its government promoter or largest shareholder, and as of what date?","{""nnp2"": null, ""nn1"": ""COMPANY"", ""prop1_list"": [""OWNS"", ""REGULATED_BY"", ""OwnershipStake""], ""nnp1"": ""f4ea22b4-f797-4b53-abf6-c090cb4fdd6e"", ""target_ids"": []}","{""nnp1"": ""f4ea22b4-f797-4b53-abf6-c090cb4fdd6e"", ""nnp2"": null, ""nnp3"": null, ""prop1"": ""REGULATED_BY"", ""nn1"": ""COMPANY"", ""nn2"": null, ""threshold"": null, ""target_ids"": [], ""prop1_list"": [""OWNS"", ""REGULATED_BY"", ""OwnershipStake""]}",,0,,,Not relevant,No summary was produced for this query (empty assistant output).,
What was IDFC First Bank's CASA ratio in the most recently reported quarter?,F_Simple,F_Simple,0.4957014209614541,simple_triplet,True,"[""IDFC First Bank"", ""CASA ratio""]","[{""entity"": ""IDFC First Bank"", ""matched_node_name"": ""IDFC FIRST BANK LIMITED"", ""matched_id"": ""f4ea22b4-f797-4b53-abf6-c090cb4fdd6e"", ""matched_type"": ""COMPANY"", ""similarity"": 1.1517829418182373, ""source"": ""semantic""}, {""entity"": ""CASA ratio"", ""matched_node_name"": ""CASA ratio"", ""matched_id"": ""f552ef12-cf71-4307-80e3-1eb10e256154"", ""matched_type"": ""METRIC"", ""similarity"": 1.0, ""source"": ""gazetteer""}]",What was <COMPANY>'s <METRIC> in the most recently reported quarter?,"{""nn1"": ""COMPANY"", ""prop1_list"": [], ""target_ids"": [""f552ef12-cf71-4307-80e3-1eb10e256154""], ""nnp1"": ""f4ea22b4-f797-4b53-abf6-c090cb4fdd6e""}","{""nnp1"": ""f4ea22b4-f797-4b53-abf6-c090cb4fdd6e"", ""nnp2"": ""f552ef12-cf71-4307-80e3-1eb10e256154"", ""nnp3"": null, ""prop1"": null, ""nn1"": ""COMPANY"", ""nn2"": ""METRIC"", ""threshold"": null, ""target_ids"": [""f552ef12-cf71-4307-80e3-1eb10e256154""], ""prop1_list"": []}",primary,1,"Template: simple_triplet (F_Simple)
Query intent: Simple question: subject linked to objects via a predicate.

Row 1: IDFC First Bank reported a CASA ratio of 50.8 percent in Q1 FY27.",IDFC First Bank achieved a CASA ratio of 50.8 percent during the first quarter of fiscal year 27. This metric highlights the bank's current deposit profile and its ongoing liquidity position for that period.,Relevant,The assistant output directly addresses the user request by providing the CASA ratio for the specified recent quarter.,
What are IDFC First Bank's gross NPA and net NPA ratios?,F_Simple,F_Simple,0.5339957873182645,simple_triplet,True,"[""IDFC First Bank"", ""gross NPA"", ""net NPA""]","[{""entity"": ""IDFC First Bank"", ""matched_node_name"": ""IDFC FIRST BANK LIMITED"", ""matched_id"": ""f4ea22b4-f797-4b53-abf6-c090cb4fdd6e"", ""matched_type"": ""COMPANY"", ""similarity"": 1.1517829418182373, ""source"": ""semantic""}, {""entity"": ""gross NPA"", ""matched_node_name"": ""gross NPA"", ""matched_id"": ""00c1065d-13f6-42fc-be09-d1a8be6780cd"", ""matched_type"": ""METRIC"", ""similarity"": 1.0, ""source"": ""gazetteer""}, {""entity"": ""net NPA"", ""matched_node_name"": ""net NPA"", ""matched_id"": ""4539ed7c-a229-4073-a946-c4b6498648c7"", ""matched_type"": ""METRIC"", ""similarity"": 1.0, ""source"": ""gazetteer""}]",What are <COMPANY>'s <METRIC> and <METRIC> ratios?,"{""nn1"": ""COMPANY"", ""prop1_list"": [], ""target_ids"": [""00c1065d-13f6-42fc-be09-d1a8be6780cd"", ""4539ed7c-a229-4073-a946-c4b6498648c7""], ""nnp1"": ""f4ea22b4-f797-4b53-abf6-c090cb4fdd6e""}","{""nnp1"": ""f4ea22b4-f797-4b53-abf6-c090cb4fdd6e"", ""nnp2"": ""00c1065d-13f6-42fc-be09-d1a8be6780cd"", ""nnp3"": null, ""prop1"": null, ""nn1"": ""COMPANY"", ""nn2"": ""METRIC"", ""threshold"": null, ""target_ids"": [""00c1065d-13f6-42fc-be09-d1a8be6780cd"", ""4539ed7c-a229-4073-a946-c4b6498648c7""], ""prop1_list"": []}",primary,2,"Template: simple_triplet (F_Simple)
Query intent: Simple question: subject linked to objects via a predicate.

Row 1: IDFC First Bank reported a gross NPA of 1.51 percent in Q1 FY27.
Row 2: IDFC First Bank reported a net NPA of 0.44 percent in Q1 FY27.","In the first quarter of fiscal year 2027, IDFC First Bank reported a gross non-performing asset ratio of 1.51 percent and a net non-performing asset ratio of 0.44 percent.",Relevant,The assistant output directly and completely provides the gross NPA and net NPA ratios for IDFC First Bank as requested.,
"What is IDFC First Bank's capital adequacy ratio (CRAR), and its CET1 ratio if disclosed?",F_Simple,F_Simple,0.5026933839121343,simple_triplet,True,"[""IDFC First Bank"", ""capital adequacy ratio"", ""CE""]","[{""entity"": ""IDFC First Bank"", ""matched_node_name"": ""IDFC FIRST BANK LIMITED"", ""matched_id"": ""f4ea22b4-f797-4b53-abf6-c090cb4fdd6e"", ""matched_type"": ""COMPANY"", ""similarity"": 1.1517829418182373, ""source"": ""semantic""}, {""entity"": ""capital adequacy ratio"", ""matched_node_name"": ""capital adequacy ratio"", ""matched_id"": ""a9e7103c-2a43-4d54-94d2-0f9178dbb42e"", ""matched_type"": ""METRIC"", ""similarity"": 1.0, ""source"": ""gazetteer""}, {""entity"": ""CE"", ""matched_node_name"": ""NSE"", ""matched_id"": ""f991983e-e758-47f5-acbf-1afe822e5f20"", ""matched_type"": ""COMPANY"", ""similarity"": 0.6484348893165588, ""source"": ""semantic""}]","What is <COMPANY>'s <METRIC> (CRAR), and its <COMPANY>T1 ratio if disclosed?","{""nn1"": ""COMPANY"", ""prop1_list"": [], ""target_ids"": [""a9e7103c-2a43-4d54-94d2-0f9178dbb42e"", ""f991983e-e758-47f5-acbf-1afe822e5f20""], ""nnp1"": ""f4ea22b4-f797-4b53-abf6-c090cb4fdd6e""}","{""nnp1"": ""f4ea22b4-f797-4b53-abf6-c090cb4fdd6e"", ""nnp2"": ""f991983e-e758-47f5-acbf-1afe822e5f20"", ""nnp3"": null, ""prop1"": null, ""nn1"": ""COMPANY"", ""nn2"": ""COMPANY"", ""threshold"": null, ""target_ids"": [""a9e7103c-2a43-4d54-94d2-0f9178dbb42e"", ""f991983e-e758-47f5-acbf-1afe822e5f20""], ""prop1_list"": []}",primary,1,"Template: simple_triplet (F_Simple)
Query intent: Simple question: subject linked to objects via a predicate.

Row 1: IDFC First Bank reported a capital adequacy ratio of 15.05 percent in Q1 FY27.",IDFC First Bank reported a capital adequacy ratio of 15.05 percent in the first quarter of fiscal year 2027. This financial metric highlights the bank's capital strength and regulatory compliance during that period.,Somewhat relevant,"The assistant provides the capital adequacy ratio (CRAR) as requested, but completely omits the CET1 ratio.",
What are IDFC First Bank's return on assets (ROA) and return on equity (ROE) for the latest quarter?,F_Simple,F_Simple,0.6404601230266839,simple_triplet,True,"[""IDFC First Bank"", ""return on assets"", ""return on equity""]","[{""entity"": ""IDFC First Bank"", ""matched_node_name"": ""IDFC FIRST BANK LIMITED"", ""matched_id"": ""f4ea22b4-f797-4b53-abf6-c090cb4fdd6e"", ""matched_type"": ""COMPANY"", ""similarity"": 1.1517829418182373, ""source"": ""semantic""}, {""entity"": ""return on assets"", ""matched_node_name"": ""return on assets"", ""matched_id"": ""dd83a8a6-2dd2-4407-9d71-917240c66c55"", ""matched_type"": ""METRIC"", ""similarity"": 1.0, ""source"": ""gazetteer""}, {""entity"": ""return on equity"", ""matched_node_name"": ""return on equity"", ""matched_id"": ""4c4c7086-00d6-4850-9bcd-ae7c8e8479a8"", ""matched_type"": ""METRIC"", ""similarity"": 1.0, ""source"": ""gazetteer""}]",What are <COMPANY>'s <METRIC> (ROA) and <METRIC> (ROE) for the latest quarter?,"{""nn1"": ""COMPANY"", ""prop1_list"": [], ""target_ids"": [""dd83a8a6-2dd2-4407-9d71-917240c66c55"", ""4c4c7086-00d6-4850-9bcd-ae7c8e8479a8""], ""nnp1"": ""f4ea22b4-f797-4b53-abf6-c090cb4fdd6e""}","{""nnp1"": ""f4ea22b4-f797-4b53-abf6-c090cb4fdd6e"", ""nnp2"": ""dd83a8a6-2dd2-4407-9d71-917240c66c55"", ""nnp3"": null, ""prop1"": null, ""nn1"": ""COMPANY"", ""nn2"": ""METRIC"", ""threshold"": null, ""target_ids"": [""dd83a8a6-2dd2-4407-9d71-917240c66c55"", ""4c4c7086-00d6-4850-9bcd-ae7c8e8479a8""], ""prop1_list"": []}",relaxed_direction,36,"Template: simple_triplet (F_Simple)
Query intent: Simple question: subject linked to objects via a predicate.

Row 1: IDFC First Bank has pivoted toward MSME deposits and lending.
Row 2: IDFC First Bank operates a network of 1,155 bank branches.
Row 3: IDFC First Bank reported a CASA ratio of 50.8 percent in Q1 FY27.
Row 4: IDFC First Bank is exposed to ordinary credit risk from its residual wholesale-book legacy.
Row 5: IDFC First Bank is exposed to regulatory risk stemming from its comparatively thinner capital cushion.
Row 6: IDFC First Bank reported an elevated cost-to-income ratio of 70.7 percent.
Row 7: IDFC First Bank reported a gross NPA of 1.51 percent in Q1 FY27.
Row 8: IDFC First Bank reported a net NPA of 0.44 percent in Q1 FY27.
Row 9: IDFC First Bank reported a capital adequacy ratio of 15.05 percent in Q1 FY27.
Row 10: IDFC First Bank has a CET1 capital ratio of 13.33 percent.
Row 11: IDFC First Bank holds a universal banking license.
Row 12: IDFC First Bank recorded a net interest margin of 5.96 percent in Q1 FY27.
Row 13: IDFC First Bank has pivoted toward retail deposits and lending with a high-margin retail strategy.
Row 14: IDFC First Bank recorded its highest-ever quarterly profit after tax of 1,075 crore rupees for Q1 FY27.
Row 15: IDFC First Bank's Tier II Basel III bonds were reaffirmed at AA+ Stable by CRISIL.
Row 16: IDFC First Bank is exposed to operational risk from its elevated cost-to-income ratio.
Row 17: IDFC First Bank has a declining minority of its total advances in a legacy infrastructure book.
Row 18: IDFC First Bank's fixed deposits received a reaffirmed AAA Stable rating from CRISIL.
Row 19: IDFC First Bank's certificate-of-deposit programme was reaffirmed at A1+ by CRISIL.
Row 20: IDFC First Bank is regulated by the RBI.
Row 21: IDFC First Bank is regulated by SEBI.
Row 22: IDFC First Bank had its credit ratings reaffirmed by CRISIL on 21 October 2025.
Row 23: IDFC FIRST BANK LIMITED is headquartered in Mumbai.
Row 24: IDFC FIRST BANK LIMITED is headquartered in Maharashtra.
Row 25: IDFC First Bank is expected to achieve growth from continued expansion of its rural loan-book.
Row 26: IDFC First Bank was built from an NBFC and infrastructure-finance heritage.
Row 27: IDFC First Bank upgraded its credit-cost guidance to 150-160 basis points.
Row 28: IDFC First Bank has residual wholesale legacy exposure that could potentially generate episodic credit costs.
Row 29: Insurance entities held a 10.91% equity stake in IDFC FIRST BANK LIMITED.
Row 30: Domestic institutions held an 8.47% equity stake in IDFC FIRST BANK LIMITED.
Row 31: Mutual funds held a 12.76% equity stake in IDFC FIRST BANK LIMITED.
Row 32: FIIs held a 36.10% equity stake in IDFC FIRST BANK LIMITED.
Row 33: Retail and public shareholders held a 31.75% equity stake in IDFC FIRST BANK LIMITED.
Row 34: IDFC Limited, the erstwhile promoter entity, completed its merger into IDFC FIRST BANK LIMITED.
Row 35: IDFC Financial Holding, the erstwhile promoter entity, completed its merger into IDFC FIRST BANK LIMITED.
Row 36: V. Vaidyanathan serves as the reappointed MD & CEO of IDFC FIRST BANK LIMITED.","IDFC First Bank operates a network of 1,155 branches under a universal banking license and reported its highest-ever quarterly profit after tax of 1,075 crore rupees for Q1 FY27, alongside a net interest margin of 5.96 percent, a CASA ratio of 50.8 percent, a capital adequacy ratio of 15.05 percent, a gross NPA of 1.51 percent, and a net NPA of 0.44 percent. The bank maintains a strategic pivot toward retail and MSME deposits and lending while managing credit and operational risks associated with its legacy wholesale and infrastructure books and an elevated cost-to-income ratio of 70.7 percent.",Not relevant,"The assistant output provides various financial metrics such as net profit and NPA ratios for IDFC First Bank, but fails to mention the return on assets (ROA) or return on equity (ROE) requested by the user.",
What was IDFC First Bank's total advances (loan book) and deposit growth in the latest quarter?,F_Simple,F_Simple,0.5786835426932809,simple_triplet,True,"[""IDFC First Bank"", ""total advances"", ""deposit growth""]","[{""entity"": ""IDFC First Bank"", ""matched_node_name"": ""IDFC FIRST BANK LIMITED"", ""matched_id"": ""f4ea22b4-f797-4b53-abf6-c090cb4fdd6e"", ""matched_type"": ""COMPANY"", ""similarity"": 1.1517829418182373, ""source"": ""semantic""}, {""entity"": ""total advances"", ""matched_node_name"": ""Total Advances"", ""matched_id"": ""96dbb53b-28f6-42c3-96e5-77dc48c86818"", ""matched_type"": ""METRIC"", ""similarity"": 1.0, ""source"": ""gazetteer""}, {""entity"": ""deposit growth"", ""matched_node_name"": ""deposit growth"", ""matched_id"": ""74d2ba68-dde6-485e-ad5d-c3483d1ec0d8"", ""matched_type"": ""METRIC"", ""similarity"": 1.0, ""source"": ""gazetteer""}]",What was <COMPANY>'s <METRIC> (loan book) and <METRIC> in the latest quarter?,"{""nn1"": ""COMPANY"", ""prop1_list"": [], ""target_ids"": [""96dbb53b-28f6-42c3-96e5-77dc48c86818"", ""74d2ba68-dde6-485e-ad5d-c3483d1ec0d8""], ""nnp1"": ""f4ea22b4-f797-4b53-abf6-c090cb4fdd6e""}","{""nnp1"": ""f4ea22b4-f797-4b53-abf6-c090cb4fdd6e"", ""nnp2"": ""96dbb53b-28f6-42c3-96e5-77dc48c86818"", ""nnp3"": null, ""prop1"": null, ""nn1"": ""COMPANY"", ""nn2"": ""METRIC"", ""threshold"": null, ""target_ids"": [""96dbb53b-28f6-42c3-96e5-77dc48c86818"", ""74d2ba68-dde6-485e-ad5d-c3483d1ec0d8""], ""prop1_list"": []}",relaxed_direction,36,"Template: simple_triplet (F_Simple)
Query intent: Simple question: subject linked to objects via a predicate.

Row 1: IDFC First Bank has pivoted toward MSME deposits and lending.
Row 2: IDFC First Bank operates a network of 1,155 bank branches.
Row 3: IDFC First Bank reported a CASA ratio of 50.8 percent in Q1 FY27.
Row 4: IDFC First Bank is exposed to ordinary credit risk from its residual wholesale-book legacy.
Row 5: IDFC First Bank is exposed to regulatory risk stemming from its comparatively thinner capital cushion.
Row 6: IDFC First Bank reported an elevated cost-to-income ratio of 70.7 percent.
Row 7: IDFC First Bank reported a gross NPA of 1.51 percent in Q1 FY27.
Row 8: IDFC First Bank reported a net NPA of 0.44 percent in Q1 FY27.
Row 9: IDFC First Bank reported a capital adequacy ratio of 15.05 percent in Q1 FY27.
Row 10: IDFC First Bank has a CET1 capital ratio of 13.33 percent.
Row 11: IDFC First Bank holds a universal banking license.
Row 12: IDFC First Bank recorded a net interest margin of 5.96 percent in Q1 FY27.
Row 13: IDFC First Bank has pivoted toward retail deposits and lending with a high-margin retail strategy.
Row 14: IDFC First Bank recorded its highest-ever quarterly profit after tax of 1,075 crore rupees for Q1 FY27.
Row 15: IDFC First Bank's Tier II Basel III bonds were reaffirmed at AA+ Stable by CRISIL.
Row 16: IDFC First Bank is exposed to operational risk from its elevated cost-to-income ratio.
Row 17: IDFC First Bank has a declining minority of its total advances in a legacy infrastructure book.
Row 18: IDFC First Bank's fixed deposits received a reaffirmed AAA Stable rating from CRISIL.
Row 19: IDFC First Bank's certificate-of-deposit programme was reaffirmed at A1+ by CRISIL.
Row 20: IDFC First Bank is regulated by the RBI.
Row 21: IDFC First Bank is regulated by SEBI.
Row 22: IDFC First Bank had its credit ratings reaffirmed by CRISIL on 21 October 2025.
Row 23: IDFC FIRST BANK LIMITED is headquartered in Mumbai.
Row 24: IDFC FIRST BANK LIMITED is headquartered in Maharashtra.
Row 25: IDFC First Bank is expected to achieve growth from continued expansion of its rural loan-book.
Row 26: IDFC First Bank was built from an NBFC and infrastructure-finance heritage.
Row 27: IDFC First Bank upgraded its credit-cost guidance to 150-160 basis points.
Row 28: IDFC First Bank has residual wholesale legacy exposure that could potentially generate episodic credit costs.
Row 29: Insurance entities held a 10.91% equity stake in IDFC FIRST BANK LIMITED.
Row 30: Domestic institutions held an 8.47% equity stake in IDFC FIRST BANK LIMITED.
Row 31: Mutual funds held a 12.76% equity stake in IDFC FIRST BANK LIMITED.
Row 32: FIIs held a 36.10% equity stake in IDFC FIRST BANK LIMITED.
Row 33: Retail and public shareholders held a 31.75% equity stake in IDFC FIRST BANK LIMITED.
Row 34: IDFC Limited, the erstwhile promoter entity, completed its merger into IDFC FIRST BANK LIMITED.
Row 35: IDFC Financial Holding, the erstwhile promoter entity, completed its merger into IDFC FIRST BANK LIMITED.
Row 36: V. Vaidyanathan serves as the reappointed MD & CEO of IDFC FIRST BANK LIMITED.","IDFC First Bank reported its highest-ever quarterly profit after tax of 1,075 crore rupees in Q1 FY27, alongside a net interest margin of 5.96 percent and a CASA ratio of 50.8 percent. The bank operates 1,155 branches while executing a strategic pivot toward retail and MSME deposits and lending, supported by a capital adequacy ratio of 15.05 percent and a CET1 capital ratio of 13.33 percent.",Not relevant,"The assistant output discusses profits, margins, and the branch network but fails to provide the requested total advances (loan book) and deposit growth.",
"What credit ratings has IDFC First Bank received, and from which rating agencies?",F_Simple,F_Simple,0.5428842858605917,simple_triplet,True,"[""IDFC First Bank""]","[{""entity"": ""IDFC First Bank"", ""matched_node_name"": ""IDFC FIRST BANK LIMITED"", ""matched_id"": ""f4ea22b4-f797-4b53-abf6-c090cb4fdd6e"", ""matched_type"": ""COMPANY"", ""similarity"": 1.1517829418182373, ""source"": ""semantic""}]","What credit ratings has <COMPANY> received, and from which rating agencies?","{""nn1"": ""COMPANY"", ""prop1_list"": [""HAS_RATING""], ""target_ids"": [], ""nnp1"": ""f4ea22b4-f797-4b53-abf6-c090cb4fdd6e""}","{""nnp1"": ""f4ea22b4-f797-4b53-abf6-c090cb4fdd6e"", ""nnp2"": null, ""nnp3"": null, ""prop1"": ""HAS_RATING"", ""nn1"": ""COMPANY"", ""nn2"": null, ""threshold"": null, ""target_ids"": [], ""prop1_list"": [""HAS_RATING""]}",primary,3,"Template: simple_triplet (F_Simple)
Query intent: Simple question: subject linked to objects via a predicate.

Row 1: IDFC First Bank's certificate-of-deposit programme was reaffirmed at A1+ by CRISIL.
Row 2: IDFC First Bank's Tier II Basel III bonds were reaffirmed at AA+ Stable by CRISIL.
Row 3: IDFC First Bank's fixed deposits received a reaffirmed AAA Stable rating from CRISIL.","CRISIL has reaffirmed IDFC First Bank's fixed deposits at AAA Stable, while its Tier II Basel III bonds and certificate-of-deposit programme received reaffirmed ratings of AA+ Stable and A1+, respectively.",Relevant,The assistant output directly answers the user request by identifying the specific credit ratings IDFC First Bank received and the rating agency that provided them.,
"Roughly how many branches and ATMs does IDFC First Bank operate, and as of what date?",F_QuantCount,F_QuantCount,0.5789900185289873,quant_count,True,"[""IDFC First Bank"", ""ATMs""]","[{""entity"": ""IDFC First Bank"", ""matched_node_name"": ""IDFC FIRST BANK LIMITED"", ""matched_id"": ""f4ea22b4-f797-4b53-abf6-c090cb4fdd6e"", ""matched_type"": ""COMPANY"", ""similarity"": 1.1517829418182373, ""source"": ""semantic""}, {""entity"": ""ATMs"", ""matched_node_name"": ""ATMs"", ""matched_id"": ""1d9af7d1-80d1-4631-9a7a-7765335565d0"", ""matched_type"": ""DISTRIBUTIONCHANNEL"", ""similarity"": 1.0, ""source"": ""gazetteer""}]","Roughly how many branches and <DISTRIBUTIONCHANNEL> does <COMPANY> operate, and as of what date?","{""nn1"": ""COMPANY"", ""nn2"": ""DISTRIBUTIONCHANNEL"", ""prop1"": null, ""nnp1"": ""f4ea22b4-f797-4b53-abf6-c090cb4fdd6e""}","{""nnp1"": ""f4ea22b4-f797-4b53-abf6-c090cb4fdd6e"", ""nnp2"": ""1d9af7d1-80d1-4631-9a7a-7765335565d0"", ""nnp3"": null, ""prop1"": null, ""nn1"": ""COMPANY"", ""nn2"": ""DISTRIBUTIONCHANNEL"", ""threshold"": null, ""target_ids"": [""1d9af7d1-80d1-4631-9a7a-7765335565d0""], ""prop1_list"": []}",primary,1,"Template: quant_count (F_QuantCount)
Query intent: Count related objects for a subject entity.

Row 1: subject_name=IDFC FIRST BANK LIMITED | object_count=1 (1 facts)
  - IDFC First Bank operates a network of 1,155 bank branches.","IDFC First Bank currently operates a network consisting of 1,155 bank branches.",Somewhat relevant,The output provides the number of bank branches but completely misses the information about ATMs and the specific date requested.,
"What products and services does IDFC First Bank offer, and which customer segments does it serve?",F_Simple,F_Simple,0.6085853750573809,simple_triplet,True,"[""IDFC First Bank""]","[{""entity"": ""IDFC First Bank"", ""matched_node_name"": ""IDFC FIRST BANK LIMITED"", ""matched_id"": ""f4ea22b4-f797-4b53-abf6-c090cb4fdd6e"", ""matched_type"": ""COMPANY"", ""similarity"": 1.1517829418182373, ""source"": ""semantic""}]","What products and services does <COMPANY> offer, and which customer segments does it serve?","{""nn1"": ""COMPANY"", ""prop1_list"": [""OFFERS_PRODUCT"", ""SERVES""], ""target_ids"": [], ""nnp1"": ""f4ea22b4-f797-4b53-abf6-c090cb4fdd6e""}","{""nnp1"": ""f4ea22b4-f797-4b53-abf6-c090cb4fdd6e"", ""nnp2"": null, ""nnp3"": null, ""prop1"": ""SERVES"", ""nn1"": ""COMPANY"", ""nn2"": null, ""threshold"": null, ""target_ids"": [], ""prop1_list"": [""OFFERS_PRODUCT"", ""SERVES""]}",attribute_lookup,7,"Template: simple_triplet (F_Simple)
Query intent: Simple question: subject linked to objects via a predicate.

Row 1: IDFC FIRST BANK LIMITED's banking_segment is Private Sector Bank
Row 2: IDFC FIRST BANK LIMITED's country is India
Row 3: IDFC FIRST BANK LIMITED's description is IDFC FIRST Bank is a private sector bank headquartered in Mumbai, Maharashtra. V. Vaidyanathan serves as MD & CEO. The bank has no promoter (0.00%), reflecting the completed merger of IDFC Limited/IDFC Financial Holding into the bank.
Row 4: IDFC FIRST BANK LIMITED's exchange is NSE and BSE
Row 5: IDFC FIRST BANK LIMITED's legal_name is IDFC FIRST BANK LIMITED
Row 6: IDFC FIRST BANK LIMITED's listed is True
Row 7: IDFC FIRST BANK LIMITED's ticker is IDFCFIRSTB","IDFC FIRST Bank Limited is a publicly listed private sector bank in India, traded on both the NSE and BSE under the ticker IDFCFIRSTB. Headquartered in Mumbai, the institution is led by MD and CEO V. Vaidyanathan and operates with no promoter holding following the completed merger of IDFC Limited and IDFC Financial Holding.",Not relevant,"The assistant output provides corporate background and leadership details about IDFC First Bank but completely fails to mention its products, services, or target customer segments.",
What is Federal Bank's ticker symbol and on which exchange(s) does it trade?,F_Simple,F_Simple,0.5654617883465936,simple_triplet,True,"[""Federal Bank""]","[{""entity"": ""Federal Bank"", ""matched_node_name"": ""The Federal Bank Limited"", ""matched_id"": ""897469e3-1f41-4a2c-9d71-3052bae124c6"", ""matched_type"": ""COMPANY"", ""similarity"": 1.0847092390060424, ""source"": ""semantic""}]",What is <COMPANY>'s ticker symbol and on which exchange(s) does it trade?,"{""nn1"": ""COMPANY"", ""prop1_list"": [], ""target_ids"": [], ""nnp1"": ""897469e3-1f41-4a2c-9d71-3052bae124c6""}","{""nnp1"": ""897469e3-1f41-4a2c-9d71-3052bae124c6"", ""nnp2"": null, ""nnp3"": null, ""prop1"": null, ""nn1"": ""COMPANY"", ""nn2"": null, ""threshold"": null, ""target_ids"": [], ""prop1_list"": []}",primary,49,"Template: simple_triplet (F_Simple)
Query intent: Simple question: subject linked to objects via a predicate.

Row 1: The Federal Bank Limited operates 2,015 ATMs and cash recyclers.
Row 2: The Federal Bank Limited maintains a representative office in Abu Dhabi.
Row 3: The Federal Bank Limited is headquartered in Aluva.
Row 4: The Federal Bank Limited reported a Q1 FY27 CASA ratio of 32.23 percent.
Row 5: Federal Bank reported a CET1 ratio of 15.89% in Q1 FY27.
Row 6: The Federal Bank Limited offers depository services.
Row 7: Federal Bank competes with Dhanlaxmi Bank Limited.
Row 8: The Federal Bank Limited maintains a representative office in Dubai.
Row 9: Elias George serves as the part-time chairman and an independent director of The Federal Bank Limited.
Row 10: FIIs held roughly 26.3 percent of The Federal Bank Limited as of December 2024.
Row 11: The Federal Bank Limited offers digital banking services through its FedMobile app.
Row 12: HDFC Mutual Fund held approximately a 7.04 percent stake in The Federal Bank Limited as of December 2024.
Row 13: The Federal Bank Limited operates an IFSC banking unit at GIFT City.
Row 14: The International Finance Corporation held an approximate 3.85 percent stake in The Federal Bank Limited as of December 2024.
Row 15: KVS Manian holds the role of MD & CEO at The Federal Bank Limited.
Row 16: Federal Bank's NRI remittance flows are strongly linked to the state of Kerala.
Row 17: The Federal Bank Limited is headquartered in Kerala.
Row 18: The Federal Bank Limited serves a retail base with a particularly strong tilt toward the Kerala NRI diaspora.
Row 19: The Federal Bank Limited is headquartered in Kochi.
Row 20: LIC held approximately 3.61 percent of The Federal Bank Limited as of December 2024.
Row 21: The Federal Bank Limited serves SME clients.
Row 22: The Federal Bank Limited offers merchant banking services.
Row 23: Federal Bank depends on NRI remittance flows linked to Kerala.
Row 24: Federal Bank reported a net interest margin of 3.33% in Q1 FY27.
Row 25: The Federal Bank Limited reported a net profit of 1,177 crore rupees in Q1 FY27.
Row 26: Nippon Life India Trustee held roughly a 3.02 percent stake in The Federal Bank Limited as of December 2024.
Row 27: Federal Bank is regulated by the RBI.
Row 28: The Federal Bank Limited is organized into operations that include retail banking.
Row 29: Federal Bank is regulated by SEBI.
Row 30: The Federal Bank Limited offers syndication services.
Row 31: Federal Bank holds a universal banking license.
Row 32: The Federal Bank Limited operates a wholesale banking segment.
Row 33: The Federal Bank Limited operates 1,640 banking outlets.
Row 34: Federal Bank reported capital adequacy of 16.97% in Q1 FY27.
Row 35: The Federal Bank Limited operates 2,015 ATMs and cash recyclers combined.
Row 36: The Federal Bank Limited recorded a cost-to-income ratio of 52.50 percent in Q1 FY27.
Row 37: Domestic institutions held 48.9 percent overall of The Federal Bank Limited as of December 2024.
Row 38: Federal Bank reported a gross NPA of 1.52% for Q1 FY27.
Row 39: Federal Bank is exposed to interest-rate risk from deposit repricing.
Row 40: The Federal Bank Limited serves large-corporate clients.
Row 41: The Federal Bank Limited achieved a decadal low net NPA of 0.18 percent in Q1 FY27.
Row 42: The Federal Bank Limited recorded a net interest income of 2,946 crore rupees in Q1 FY27.
Row 43: Federal Bank is exposed to operational risk tied to its leadership transition.
Row 44: Federal Bank reported a provision coverage ratio of 87% for Q1 FY27.
Row 45: Federal Bank is exposed to ordinary regulatory risk.
Row 46: Federal Bank expects growth to come from retail/SME loan expansion.
Row 47: The Federal Bank Limited reported a return on equity of 12.01 percent in Q1 FY27.
Row 48: The Federal Bank Limited is organized into business segments that include treasury operations.
Row 49: Federal Bank's key risk driver is unsecured retail and MSME asset-quality cyclicality.","The Federal Bank Limited operates an extensive network of 1,640 banking outlets and 2,015 ATMs and cash recyclers, serving a diverse customer base spanning retail, SME, and large-corporate segments with a strong focus on the Kerala NRI diaspora. For Q1 FY27, the bank reported a net profit of 1,177 crore rupees, a net interest income of 2,946 crore rupees, a net interest margin of 3.33 percent, a CASA ratio of 32.23 percent, and a return on equity of 12.01 percent, alongside a gross NPA of 1.52 percent and a capital adequacy ratio of 16.97 percent.",Not relevant,The assistant output provides general business and financial metrics but completely fails to answer the user's question regarding the ticker symbol and exchanges.,
"What percentage of Federal Bank is held by its government promoter or largest shareholder, and as of what date?",F_LogUnion,F_LogUnion,0.6740931034583322,logical_union,True,"[""Federal Bank""]","[{""entity"": ""Federal Bank"", ""matched_node_name"": ""The Federal Bank Limited"", ""matched_id"": ""897469e3-1f41-4a2c-9d71-3052bae124c6"", ""matched_type"": ""COMPANY"", ""similarity"": 1.0847092390060424, ""source"": ""semantic""}]","What percentage of <COMPANY> is held by its government promoter or largest shareholder, and as of what date?","{""nnp2"": null, ""nn1"": ""COMPANY"", ""prop1_list"": [""OWNS"", ""REGULATED_BY"", ""OwnershipStake""], ""nnp1"": ""897469e3-1f41-4a2c-9d71-3052bae124c6"", ""target_ids"": []}","{""nnp1"": ""897469e3-1f41-4a2c-9d71-3052bae124c6"", ""nnp2"": null, ""nnp3"": null, ""prop1"": ""REGULATED_BY"", ""nn1"": ""COMPANY"", ""nn2"": null, ""threshold"": null, ""target_ids"": [], ""prop1_list"": [""OWNS"", ""REGULATED_BY"", ""OwnershipStake""]}",primary,8,"Template: logical_union (F_LogUnion)
Query intent: Union of two relationship patterns from the same subject.

Row 1: Federal Bank is regulated by the RBI.
Row 2: Federal Bank is regulated by SEBI.
Row 3: Domestic institutions held 48.9 percent overall of The Federal Bank Limited as of December 2024.
Row 4: LIC held approximately 3.61 percent of The Federal Bank Limited as of December 2024.
Row 5: FIIs held roughly 26.3 percent of The Federal Bank Limited as of December 2024.
Row 6: HDFC Mutual Fund held approximately a 7.04 percent stake in The Federal Bank Limited as of December 2024.
Row 7: The International Finance Corporation held an approximate 3.85 percent stake in The Federal Bank Limited as of December 2024.
Row 8: Nippon Life India Trustee held roughly a 3.02 percent stake in The Federal Bank Limited as of December 2024.","The Federal Bank Limited is regulated by both the RBI and SEBI, and as of December 2024, domestic institutions held 48.9 percent of the bank overall. Within that timeframe, specific stakeholders included FIIs at roughly 26.3 percent, HDFC Mutual Fund at 7.04 percent, the International Finance Corporation at 3.85 percent, LIC at 3.61 percent, and Nippon Life India Trustee at 3.02 percent.",Not relevant,"The assistant output discusses institutional holdings and specific investors, but completely fails to answer the user's specific request regarding the percentage held by the government promoter or largest shareholder and the exact date.",
What was Federal Bank's CASA ratio in the most recently reported quarter?,F_Simple,F_Simple,0.4950184660067437,simple_triplet,True,"[""Federal Bank"", ""CASA ratio""]","[{""entity"": ""Federal Bank"", ""matched_node_name"": ""The Federal Bank Limited"", ""matched_id"": ""897469e3-1f41-4a2c-9d71-3052bae124c6"", ""matched_type"": ""COMPANY"", ""similarity"": 1.0847092390060424, ""source"": ""semantic""}, {""entity"": ""CASA ratio"", ""matched_node_name"": ""CASA ratio"", ""matched_id"": ""f552ef12-cf71-4307-80e3-1eb10e256154"", ""matched_type"": ""METRIC"", ""similarity"": 1.0, ""source"": ""gazetteer""}]",What was <COMPANY>'s <METRIC> in the most recently reported quarter?,"{""nn1"": ""COMPANY"", ""prop1_list"": [], ""target_ids"": [""f552ef12-cf71-4307-80e3-1eb10e256154""], ""nnp1"": ""897469e3-1f41-4a2c-9d71-3052bae124c6""}","{""nnp1"": ""897469e3-1f41-4a2c-9d71-3052bae124c6"", ""nnp2"": ""f552ef12-cf71-4307-80e3-1eb10e256154"", ""nnp3"": null, ""prop1"": null, ""nn1"": ""COMPANY"", ""nn2"": ""METRIC"", ""threshold"": null, ""target_ids"": [""f552ef12-cf71-4307-80e3-1eb10e256154""], ""prop1_list"": []}",primary,1,"Template: simple_triplet (F_Simple)
Query intent: Simple question: subject linked to objects via a predicate.

Row 1: The Federal Bank Limited reported a Q1 FY27 CASA ratio of 32.23 percent.",The Federal Bank Limited reported a CASA ratio of 32.23 percent for the first quarter of fiscal year 2027.,Relevant,The assistant output directly answers the user request by providing Federal Bank's CASA ratio for the most recently reported quarter.,
What are Federal Bank's gross NPA and net NPA ratios?,F_Simple,F_Simple,0.48204868939400053,simple_triplet,True,"[""Federal Bank"", ""gross NPA"", ""net NPA""]","[{""entity"": ""Federal Bank"", ""matched_node_name"": ""The Federal Bank Limited"", ""matched_id"": ""897469e3-1f41-4a2c-9d71-3052bae124c6"", ""matched_type"": ""COMPANY"", ""similarity"": 1.0847092390060424, ""source"": ""semantic""}, {""entity"": ""gross NPA"", ""matched_node_name"": ""gross NPA"", ""matched_id"": ""00c1065d-13f6-42fc-be09-d1a8be6780cd"", ""matched_type"": ""METRIC"", ""similarity"": 1.0, ""source"": ""gazetteer""}, {""entity"": ""net NPA"", ""matched_node_name"": ""net NPA"", ""matched_id"": ""4539ed7c-a229-4073-a946-c4b6498648c7"", ""matched_type"": ""METRIC"", ""similarity"": 1.0, ""source"": ""gazetteer""}]",What are <COMPANY>'s <METRIC> and <METRIC> ratios?,"{""nn1"": ""COMPANY"", ""prop1_list"": [], ""target_ids"": [""00c1065d-13f6-42fc-be09-d1a8be6780cd"", ""4539ed7c-a229-4073-a946-c4b6498648c7""], ""nnp1"": ""897469e3-1f41-4a2c-9d71-3052bae124c6""}","{""nnp1"": ""897469e3-1f41-4a2c-9d71-3052bae124c6"", ""nnp2"": ""00c1065d-13f6-42fc-be09-d1a8be6780cd"", ""nnp3"": null, ""prop1"": null, ""nn1"": ""COMPANY"", ""nn2"": ""METRIC"", ""threshold"": null, ""target_ids"": [""00c1065d-13f6-42fc-be09-d1a8be6780cd"", ""4539ed7c-a229-4073-a946-c4b6498648c7""], ""prop1_list"": []}",primary,2,"Template: simple_triplet (F_Simple)
Query intent: Simple question: subject linked to objects via a predicate.

Row 1: Federal Bank reported a gross NPA of 1.52% for Q1 FY27.
Row 2: The Federal Bank Limited achieved a decadal low net NPA of 0.18 percent in Q1 FY27.","Federal Bank reported a gross non-performing asset ratio of 1.52% for the first quarter of fiscal year 2027. Additionally, the institution achieved a decadal low net non-performing asset ratio of 0.18% during the same period.",Relevant,The assistant directly provides both the gross NPA and net NPA ratios requested by the user.,
"What is Federal Bank's capital adequacy ratio (CRAR), and its CET1 ratio if disclosed?",F_Simple,F_Simple,0.5021359639503706,simple_triplet,True,"[""Federal Bank"", ""capital adequacy ratio"", ""CE""]","[{""entity"": ""Federal Bank"", ""matched_node_name"": ""The Federal Bank Limited"", ""matched_id"": ""897469e3-1f41-4a2c-9d71-3052bae124c6"", ""matched_type"": ""COMPANY"", ""similarity"": 1.0847092390060424, ""source"": ""semantic""}, {""entity"": ""capital adequacy ratio"", ""matched_node_name"": ""capital adequacy ratio"", ""matched_id"": ""a9e7103c-2a43-4d54-94d2-0f9178dbb42e"", ""matched_type"": ""METRIC"", ""similarity"": 1.0, ""source"": ""gazetteer""}, {""entity"": ""CE"", ""matched_node_name"": ""NSE"", ""matched_id"": ""f991983e-e758-47f5-acbf-1afe822e5f20"", ""matched_type"": ""COMPANY"", ""similarity"": 0.6484348893165588, ""source"": ""semantic""}]","What is <COMPANY>'s <METRIC> (CRAR), and its <COMPANY>T1 ratio if disclosed?","{""nn1"": ""COMPANY"", ""prop1_list"": [], ""target_ids"": [""a9e7103c-2a43-4d54-94d2-0f9178dbb42e"", ""f991983e-e758-47f5-acbf-1afe822e5f20""], ""nnp1"": ""897469e3-1f41-4a2c-9d71-3052bae124c6""}","{""nnp1"": ""897469e3-1f41-4a2c-9d71-3052bae124c6"", ""nnp2"": ""f991983e-e758-47f5-acbf-1afe822e5f20"", ""nnp3"": null, ""prop1"": null, ""nn1"": ""COMPANY"", ""nn2"": ""COMPANY"", ""threshold"": null, ""target_ids"": [""a9e7103c-2a43-4d54-94d2-0f9178dbb42e"", ""f991983e-e758-47f5-acbf-1afe822e5f20""], ""prop1_list"": []}",primary,1,"Template: simple_triplet (F_Simple)
Query intent: Simple question: subject linked to objects via a predicate.

Row 1: Federal Bank reported capital adequacy of 16.97% in Q1 FY27.",Federal Bank reported a capital adequacy ratio of 16.97% in the first quarter of fiscal year 2027. This figure highlights the bank's strong financial buffer during that period.,Somewhat relevant,The assistant provides the capital adequacy ratio (CRAR) but fails to disclose the CET1 ratio as specifically requested by the user.,
What are Federal Bank's return on assets (ROA) and return on equity (ROE) for the latest quarter?,F_Simple,F_Simple,0.5915730222047102,simple_triplet,True,"[""Federal Bank"", ""return on assets"", ""return on equity""]","[{""entity"": ""Federal Bank"", ""matched_node_name"": ""The Federal Bank Limited"", ""matched_id"": ""897469e3-1f41-4a2c-9d71-3052bae124c6"", ""matched_type"": ""COMPANY"", ""similarity"": 1.0847092390060424, ""source"": ""semantic""}, {""entity"": ""return on assets"", ""matched_node_name"": ""return on assets"", ""matched_id"": ""dd83a8a6-2dd2-4407-9d71-917240c66c55"", ""matched_type"": ""METRIC"", ""similarity"": 1.0, ""source"": ""gazetteer""}, {""entity"": ""return on equity"", ""matched_node_name"": ""return on equity"", ""matched_id"": ""4c4c7086-00d6-4850-9bcd-ae7c8e8479a8"", ""matched_type"": ""METRIC"", ""similarity"": 1.0, ""source"": ""gazetteer""}]",What are <COMPANY>'s <METRIC> (ROA) and <METRIC> (ROE) for the latest quarter?,"{""nn1"": ""COMPANY"", ""prop1_list"": [], ""target_ids"": [""dd83a8a6-2dd2-4407-9d71-917240c66c55"", ""4c4c7086-00d6-4850-9bcd-ae7c8e8479a8""], ""nnp1"": ""897469e3-1f41-4a2c-9d71-3052bae124c6""}","{""nnp1"": ""897469e3-1f41-4a2c-9d71-3052bae124c6"", ""nnp2"": ""dd83a8a6-2dd2-4407-9d71-917240c66c55"", ""nnp3"": null, ""prop1"": null, ""nn1"": ""COMPANY"", ""nn2"": ""METRIC"", ""threshold"": null, ""target_ids"": [""dd83a8a6-2dd2-4407-9d71-917240c66c55"", ""4c4c7086-00d6-4850-9bcd-ae7c8e8479a8""], ""prop1_list"": []}",primary,1,"Template: simple_triplet (F_Simple)
Query intent: Simple question: subject linked to objects via a predicate.

Row 1: The Federal Bank Limited reported a return on equity of 12.01 percent in Q1 FY27.",The Federal Bank Limited reported a return on equity of 12.01 percent in the first quarter of fiscal year 2027.,Somewhat relevant,The assistant output provides the return on equity (ROE) for the latest quarter but fails to provide the return on assets (ROA).,
What was Federal Bank's total advances (loan book) and deposit growth in the latest quarter?,F_Simple,F_Simple,0.57802184384697,simple_triplet,True,"[""Federal Bank"", ""total advances"", ""deposit growth""]","[{""entity"": ""Federal Bank"", ""matched_node_name"": ""The Federal Bank Limited"", ""matched_id"": ""897469e3-1f41-4a2c-9d71-3052bae124c6"", ""matched_type"": ""COMPANY"", ""similarity"": 1.0847092390060424, ""source"": ""semantic""}, {""entity"": ""total advances"", ""matched_node_name"": ""Total Advances"", ""matched_id"": ""96dbb53b-28f6-42c3-96e5-77dc48c86818"", ""matched_type"": ""METRIC"", ""similarity"": 1.0, ""source"": ""gazetteer""}, {""entity"": ""deposit growth"", ""matched_node_name"": ""deposit growth"", ""matched_id"": ""74d2ba68-dde6-485e-ad5d-c3483d1ec0d8"", ""matched_type"": ""METRIC"", ""similarity"": 1.0, ""source"": ""gazetteer""}]",What was <COMPANY>'s <METRIC> (loan book) and <METRIC> in the latest quarter?,"{""nn1"": ""COMPANY"", ""prop1_list"": [], ""target_ids"": [""96dbb53b-28f6-42c3-96e5-77dc48c86818"", ""74d2ba68-dde6-485e-ad5d-c3483d1ec0d8""], ""nnp1"": ""897469e3-1f41-4a2c-9d71-3052bae124c6""}","{""nnp1"": ""897469e3-1f41-4a2c-9d71-3052bae124c6"", ""nnp2"": ""96dbb53b-28f6-42c3-96e5-77dc48c86818"", ""nnp3"": null, ""prop1"": null, ""nn1"": ""COMPANY"", ""nn2"": ""METRIC"", ""threshold"": null, ""target_ids"": [""96dbb53b-28f6-42c3-96e5-77dc48c86818"", ""74d2ba68-dde6-485e-ad5d-c3483d1ec0d8""], ""prop1_list"": []}",relaxed_direction,49,"Template: simple_triplet (F_Simple)
Query intent: Simple question: subject linked to objects via a predicate.

Row 1: The Federal Bank Limited is organized into business segments that include treasury operations.
Row 2: The Federal Bank Limited serves SME clients.
Row 3: The Federal Bank Limited serves large-corporate clients.
Row 4: The Federal Bank Limited operates 1,640 banking outlets.
Row 5: The Federal Bank Limited operates 2,015 ATMs and cash recyclers.
Row 6: The Federal Bank Limited reported a Q1 FY27 CASA ratio of 32.23 percent.
Row 7: The Federal Bank Limited recorded a net interest income of 2,946 crore rupees in Q1 FY27.
Row 8: Federal Bank is exposed to interest-rate risk from deposit repricing.
Row 9: Federal Bank is exposed to ordinary regulatory risk.
Row 10: The Federal Bank Limited reported a return on equity of 12.01 percent in Q1 FY27.
Row 11: The Federal Bank Limited recorded a cost-to-income ratio of 52.50 percent in Q1 FY27.
Row 12: Federal Bank reported a gross NPA of 1.52% for Q1 FY27.
Row 13: The Federal Bank Limited achieved a decadal low net NPA of 0.18 percent in Q1 FY27.
Row 14: Federal Bank reported a provision coverage ratio of 87% for Q1 FY27.
Row 15: Federal Bank reported capital adequacy of 16.97% in Q1 FY27.
Row 16: Federal Bank reported a CET1 ratio of 15.89% in Q1 FY27.
Row 17: Federal Bank holds a universal banking license.
Row 18: Federal Bank reported a net interest margin of 3.33% in Q1 FY27.
Row 19: The Federal Bank Limited reported a net profit of 1,177 crore rupees in Q1 FY27.
Row 20: The Federal Bank Limited maintains a representative office in Dubai.
Row 21: Federal Bank is exposed to operational risk tied to its leadership transition.
Row 22: The Federal Bank Limited operates 2,015 ATMs and cash recyclers combined.
Row 23: The Federal Bank Limited maintains a representative office in Abu Dhabi.
Row 24: Federal Bank is regulated by the RBI.
Row 25: Federal Bank is regulated by SEBI.
Row 26: The Federal Bank Limited is headquartered in Kochi.
Row 27: The Federal Bank Limited is headquartered in Aluva.
Row 28: Federal Bank's NRI remittance flows are strongly linked to the state of Kerala.
Row 29: The Federal Bank Limited is headquartered in Kerala.
Row 30: The Federal Bank Limited operates a wholesale banking segment.
Row 31: The Federal Bank Limited is organized into operations that include retail banking.
Row 32: The Federal Bank Limited offers merchant banking services.
Row 33: The Federal Bank Limited offers depository services.
Row 34: The Federal Bank Limited offers syndication services.
Row 35: The Federal Bank Limited operates an IFSC banking unit at GIFT City.
Row 36: The Federal Bank Limited serves a retail base with a particularly strong tilt toward the Kerala NRI diaspora.
Row 37: The Federal Bank Limited offers digital banking services through its FedMobile app.
Row 38: Federal Bank depends on NRI remittance flows linked to Kerala.
Row 39: Federal Bank expects growth to come from retail/SME loan expansion.
Row 40: Federal Bank's key risk driver is unsecured retail and MSME asset-quality cyclicality.
Row 41: Federal Bank competes with Dhanlaxmi Bank Limited.
Row 42: Domestic institutions held 48.9 percent overall of The Federal Bank Limited as of December 2024.
Row 43: LIC held approximately 3.61 percent of The Federal Bank Limited as of December 2024.
Row 44: FIIs held roughly 26.3 percent of The Federal Bank Limited as of December 2024.
Row 45: KVS Manian holds the role of MD & CEO at The Federal Bank Limited.
Row 46: Elias George serves as the part-time chairman and an independent director of The Federal Bank Limited.
Row 47: HDFC Mutual Fund held approximately a 7.04 percent stake in The Federal Bank Limited as of December 2024.
Row 48: The International Finance Corporation held an approximate 3.85 percent stake in The Federal Bank Limited as of December 2024.
Row 49: Nippon Life India Trustee held roughly a 3.02 percent stake in The Federal Bank Limited as of December 2024.","The Federal Bank Limited, operating extensive branch and digital banking networks, reported a net profit of 1,177 crore rupees and a net interest income of 2,946 crore rupees for Q1 FY27. The institution maintains strong capital adequacy metrics, including a CET1 ratio of 15.89 percent and a gross NPA of 1.52 percent, while serving diverse client segments from retail and SMEs to large corporates.",Not relevant,"The assistant output provides financial metrics such as net profit and net interest income, but completely fails to provide the requested total advances and deposit growth for the quarter.",
"What credit ratings has Federal Bank received, and from which rating agencies?",F_Simple,F_Simple,0.5396259946480308,simple_triplet,True,"[""Federal Bank""]","[{""entity"": ""Federal Bank"", ""matched_node_name"": ""The Federal Bank Limited"", ""matched_id"": ""897469e3-1f41-4a2c-9d71-3052bae124c6"", ""matched_type"": ""COMPANY"", ""similarity"": 1.0847092390060424, ""source"": ""semantic""}]","What credit ratings has <COMPANY> received, and from which rating agencies?","{""nn1"": ""COMPANY"", ""prop1_list"": [""HAS_RATING""], ""target_ids"": [], ""nnp1"": ""897469e3-1f41-4a2c-9d71-3052bae124c6""}","{""nnp1"": ""897469e3-1f41-4a2c-9d71-3052bae124c6"", ""nnp2"": null, ""nnp3"": null, ""prop1"": ""HAS_RATING"", ""nn1"": ""COMPANY"", ""nn2"": null, ""threshold"": null, ""target_ids"": [], ""prop1_list"": [""HAS_RATING""]}",attribute_lookup,7,"Template: simple_triplet (F_Simple)
Query intent: Simple question: subject linked to objects via a predicate.

Row 1: The Federal Bank Limited's country is India
Row 2: The Federal Bank Limited's description is Federal Bank is a professionally managed private sector bank headquartered in Kochi/Aluva, Kerala. It is organized into treasury, wholesale banking, retail banking, and other banking operations, offering merchant banking, depository services, and syndication alongside an IFSC banking unit at GIFT City, serving retail, SME, and large-corporate clients.
Row 3: The Federal Bank Limited's exchange is NSE
Row 4: The Federal Bank Limited's legal_name is The Federal Bank Limited
Row 5: The Federal Bank Limited's listed is True
Row 6: The Federal Bank Limited's ticker is FEDERALBNK
Row 7: The Federal Bank Limited's website is federal.bank.in","The Federal Bank Limited is a professionally managed private sector bank headquartered in Kochi, Kerala, that operates as a publicly listed institution on the National Stock Exchange under the ticker FEDERALBNK. The bank serves retail, SME, and large-corporate clients through organized segments including treasury, wholesale, and retail banking, alongside specialized services such as merchant banking, depository operations, and an IFSC banking unit at GIFT City.",Not relevant,The assistant output provides general background information about Federal Bank but fails to address the user's specific request regarding credit ratings and rating agencies.,
"Roughly how many branches and ATMs does Federal Bank operate, and as of what date?",F_QuantCount,F_QuantCount,0.5702454211690442,quant_count,True,"[""Federal Bank"", ""ATMs""]","[{""entity"": ""Federal Bank"", ""matched_node_name"": ""The Federal Bank Limited"", ""matched_id"": ""897469e3-1f41-4a2c-9d71-3052bae124c6"", ""matched_type"": ""COMPANY"", ""similarity"": 1.0847092390060424, ""source"": ""semantic""}, {""entity"": ""ATMs"", ""matched_node_name"": ""ATMs"", ""matched_id"": ""1d9af7d1-80d1-4631-9a7a-7765335565d0"", ""matched_type"": ""DISTRIBUTIONCHANNEL"", ""similarity"": 1.0, ""source"": ""gazetteer""}]","Roughly how many branches and <DISTRIBUTIONCHANNEL> does <COMPANY> operate, and as of what date?","{""nn1"": ""COMPANY"", ""nn2"": ""DISTRIBUTIONCHANNEL"", ""prop1"": null, ""nnp1"": ""897469e3-1f41-4a2c-9d71-3052bae124c6""}","{""nnp1"": ""897469e3-1f41-4a2c-9d71-3052bae124c6"", ""nnp2"": ""1d9af7d1-80d1-4631-9a7a-7765335565d0"", ""nnp3"": null, ""prop1"": null, ""nn1"": ""COMPANY"", ""nn2"": ""DISTRIBUTIONCHANNEL"", ""threshold"": null, ""target_ids"": [""1d9af7d1-80d1-4631-9a7a-7765335565d0""], ""prop1_list"": []}",primary,1,"Template: quant_count (F_QuantCount)
Query intent: Count related objects for a subject entity.

Row 1: subject_name=The Federal Bank Limited | object_count=5 (5 facts)
  - The Federal Bank Limited operates 1,640 banking outlets.
  - The Federal Bank Limited operates 2,015 ATMs and cash recyclers.
  - The Federal Bank Limited operates 2,015 ATMs and cash recyclers combined.
  - The Federal Bank Limited operates an IFSC banking unit at GIFT City.
  - The Federal Bank Limited offers digital banking services through its FedMobile app.","The Federal Bank Limited operates a vast physical and digital service network, including 1,640 banking outlets and 2,015 ATMs and cash recyclers. Additionally, the institution delivers specialized financial services through an IFSC banking unit at GIFT City and digital offerings via the FedMobile application.",Somewhat relevant,"The assistant provides the current number of branches and ATMs, but fails to specify the date as requested by the user.",
"What products and services does Federal Bank offer, and which customer segments does it serve?",F_Simple,F_Simple,0.6085183680486158,simple_triplet,True,"[""Federal Bank""]","[{""entity"": ""Federal Bank"", ""matched_node_name"": ""The Federal Bank Limited"", ""matched_id"": ""897469e3-1f41-4a2c-9d71-3052bae124c6"", ""matched_type"": ""COMPANY"", ""similarity"": 1.0847092390060424, ""source"": ""semantic""}]","What products and services does <COMPANY> offer, and which customer segments does it serve?","{""nn1"": ""COMPANY"", ""prop1_list"": [""OFFERS_PRODUCT"", ""SERVES""], ""target_ids"": [], ""nnp1"": ""897469e3-1f41-4a2c-9d71-3052bae124c6""}","{""nnp1"": ""897469e3-1f41-4a2c-9d71-3052bae124c6"", ""nnp2"": null, ""nnp3"": null, ""prop1"": ""SERVES"", ""nn1"": ""COMPANY"", ""nn2"": null, ""threshold"": null, ""target_ids"": [], ""prop1_list"": [""OFFERS_PRODUCT"", ""SERVES""]}",primary,3,"Template: simple_triplet (F_Simple)
Query intent: Simple question: subject linked to objects via a predicate.

Row 1: The Federal Bank Limited serves a retail base with a particularly strong tilt toward the Kerala NRI diaspora.
Row 2: The Federal Bank Limited serves SME clients.
Row 3: The Federal Bank Limited serves large-corporate clients.","The Federal Bank Limited serves a diverse customer base that spans retail consumers, with a strong focus on the Kerala NRI diaspora, alongside small and medium enterprises and large corporate clients.",Somewhat relevant,"The output successfully identifies the customer segments served by Federal Bank, but it completely fails to answer the first part of the user request regarding the specific products and services offered.",
What is RBL Bank's ticker symbol and on which exchange(s) does it trade?,F_Simple,F_Simple,0.5660659596990265,simple_triplet,True,"[""RBL Bank""]","[{""entity"": ""RBL Bank"", ""matched_node_name"": ""RBL Bank"", ""matched_id"": ""7ed8caa6-3476-4578-ab9c-b697ae9f308c"", ""matched_type"": ""COMPANY"", ""similarity"": 1.0, ""source"": ""gazetteer""}]",What is <COMPANY>'s ticker symbol and on which exchange(s) does it trade?,"{""nn1"": ""COMPANY"", ""prop1_list"": [], ""target_ids"": [], ""nnp1"": ""7ed8caa6-3476-4578-ab9c-b697ae9f308c""}","{""nnp1"": ""7ed8caa6-3476-4578-ab9c-b697ae9f308c"", ""nnp2"": null, ""nnp3"": null, ""prop1"": null, ""nn1"": ""COMPANY"", ""nn2"": null, ""threshold"": null, ""target_ids"": [], ""prop1_list"": []}",primary,50,"Template: simple_triplet (F_Simple)
Query intent: Simple question: subject linked to objects via a predicate.

Row 1: RBL Bank has an opportunity from its 23% advances growth, the fastest of any mid-size private bank.
Row 2: RBL Bank holds an A1+ rating for its certificates of deposit from CRISIL.
Row 3: RBL Bank holds an AAA Stable rating for its fixed deposits and infrastructure bonds from CRISIL.
Row 4: British International Investment held a 3.82% stake in RBL Bank prior to the ownership change.
Row 5: RBL Bank considers CASA mobilization as a driver for its margin.
Row 6: RBL Bank's genuine weakness is its CASA decline.
Row 7: RBL Bank reported an average CASA ratio of 25.2% for Q1 FY27.
Row 8: RBL Bank's ratings are assigned by CRISIL.
Row 9: RBL Bank expects its return on equity to be driven by capital-deployment efficiency.
Row 10: RBL Bank depends on Emirates NBD for continued capital and strategic direction.
Row 11: Emirates NBD is classified as the promoter of RBL Bank after acquiring a 60% controlling stake.
Row 12: Emirates NBD Bank completed the acquisition of a 60% controlling stake in RBL Bank.
Row 13: RBL Bank runs operations in GIFT City.
Row 14: RBL Bank serves HNIs.
Row 15: RBL Bank serves MSMEs.
Row 16: RBL Bank is headquartered in Maharashtra.
Row 17: Mahindra & Mahindra held a 3.48% pre-deal institutional stake in RBL Bank.
Row 18: RBL Bank is headquartered in Mumbai.
Row 19: RBL Bank provides NRI banking services.
Row 20: Nippon India Small Cap Fund held a 2.71% pre-deal institutional stake in RBL Bank.
Row 21: Quant Small Cap Fund held a roughly 6.65% institutional stake in RBL Bank prior to its majority acquisition.
Row 22: RBL Bank is regulated by the RBI.
Row 23: RBL Bank runs a diversified banking model targeting the retail segment.
Row 24: RBL Bank is regulated by SEBI.
Row 25: RBL Bank reported total advances of ₹1.16 trillion for Q1 FY27.
Row 26: RBL Bank targets the agricultural and rural banking segment.
Row 27: RBL Bank uses a network of 628 branches to serve its customers.
Row 28: RBL Bank uses roughly 1,272-1,339 business-correspondent branches across 28 states.
Row 29: RBL Bank reported a surging capital adequacy ratio of 33.3% in Q1 FY27.
Row 30: RBL Bank targets the commercial/SME banking segment.
Row 31: RBL Bank targets the corporate and wholesale banking segment.
Row 32: RBL Bank offers credit cards as part of its digital payments business.
Row 33: RBL Bank faces exposure to ordinary credit risk.
Row 34: RBL Bank looks to cross-border trade-finance expansion as a growth driver.
Row 35: RBL Bank provides digital payments services.
Row 36: RBL Bank serves entrepreneurs.
Row 37: Execution risk regarding its large ownership change and pending integration threatens RBL Bank.
Row 38: RBL Bank serves government entities.
Row 39: RBL Bank reported a gross NPA of 1.30% in Q1 FY27.
Row 40: RBL Bank serves large corporates.
Row 41: RBL Bank reported a net NPA of 0.37% in Q1 FY27.
Row 42: RBL Bank reported a net interest income of ₹1,654 crore for Q1 FY27.
Row 43: RBL Bank is exposed to operational risk tied to post-acquisition integration.
Row 44: RBL Bank possesses an opportunity in the potential merger of Emirates NBD's India branches.
Row 45: RBL Bank is exposed to regulatory risk linked to its governance transition.
Row 46: RBL Bank serves startups.
Row 47: RBL Bank benefits from strategic and balance-sheet support from Emirates NBD.
Row 48: RBL Bank reported total deposits of ₹1.25 trillion for Q1 FY27.
Row 49: RBL Bank's key risk driver is its unsecured retail and credit-card asset quality.
Row 50: RBL Bank has loan exposure to its unsecured retail and credit-card book.","RBL Bank exhibits strong financial metrics, including a 33.3% capital adequacy ratio, ₹1.16 trillion in total advances, and ₹1.25 trillion in total deposits for Q1 FY27, alongside high credit ratings from CRISIL. However, the bank faces execution and operational risks stemming from its majority acquisition by promoter Emirates NBD, as well as asset quality concerns in its unsecured retail and credit card portfolios.",Not relevant,"The assistant output discusses RBL Bank's financial metrics and risks, completely failing to address the user's specific request for its ticker symbol and stock exchanges.",
"Who is the current MD & CEO (or Chairman, where that is the top executive title) of RBL Bank?",F_Simple,F_Simple,0.6870087860052408,simple_triplet,True,"[""uti"", ""RBL Bank"", ""MD""]","[{""entity"": ""uti"", ""matched_node_name"": ""UTI"", ""matched_id"": ""fd4feaba-a9ac-4e43-9418-e90485ccc0ee"", ""matched_type"": ""SHAREHOLDER"", ""similarity"": 1.0, ""source"": ""gazetteer""}, {""entity"": ""RBL Bank"", ""matched_node_name"": ""RBL Bank"", ""matched_id"": ""7ed8caa6-3476-4578-ab9c-b697ae9f308c"", ""matched_type"": ""COMPANY"", ""similarity"": 1.0, ""source"": ""gazetteer""}, {""entity"": ""MD"", ""matched_node_name"": ""Sydney"", ""matched_id"": ""6ce73991-b958-4fd6-a892-0d2f5d32b61b"", ""matched_type"": ""GEOGRAPHY"", ""similarity"": 0.6347882270812988, ""source"": ""semantic""}]","Who is the current <GEOGRAPHY> & CEO (or Chairman, where that is the top exec<SHAREHOLDER>ve title) of <COMPANY>?","{""nn1"": ""COMPANY"", ""prop1_list"": [""GovernanceRole""], ""target_ids"": [""fd4feaba-a9ac-4e43-9418-e90485ccc0ee"", ""6ce73991-b958-4fd6-a892-0d2f5d32b61b""], ""nnp1"": ""7ed8caa6-3476-4578-ab9c-b697ae9f308c""}","{""nnp1"": ""7ed8caa6-3476-4578-ab9c-b697ae9f308c"", ""nnp2"": ""6ce73991-b958-4fd6-a892-0d2f5d32b61b"", ""nnp3"": null, ""prop1"": ""GovernanceRole"", ""nn1"": ""COMPANY"", ""nn2"": ""GEOGRAPHY"", ""threshold"": null, ""target_ids"": [""fd4feaba-a9ac-4e43-9418-e90485ccc0ee"", ""6ce73991-b958-4fd6-a892-0d2f5d32b61b""], ""prop1_list"": [""GovernanceRole""]}",attribute_lookup,8,"Template: simple_triplet (F_Simple)
Query intent: Simple question: subject linked to objects via a predicate.

Row 1: RBL Bank's banking_segment is Private Bank
Row 2: RBL Bank's country is India
Row 3: RBL Bank's description is RBL Bank, formerly Ratnakar Bank and established in 1943, is an Indian private bank headquartered in Mumbai, Maharashtra. Emirates NBD holds a 60% controlling stake in the bank. RBL Bank runs a diversified model across retail, commercial/SME, corporate and wholesale, agricultural and rural, digital payments, NRI banking, and GIFT City operations.
Row 4: RBL Bank's exchange is NSE, BSE
Row 5: RBL Bank's legal_name is RBL Bank Limited
Row 6: RBL Bank's listed is True
Row 7: RBL Bank's ticker is RBLBANK
Row 8: RBL Bank's website is https://rbl.bank.in","Established in 1943 and headquartered in Mumbai, RBL Bank Limited is a publicly listed Indian private bank traded on the NSE and BSE under the ticker RBLBANK. The institution operates a diversified business model spanning retail, commercial, corporate, agricultural, and digital banking segments, with Emirates NBD holding a 60% controlling stake.",Not relevant,The assistant output provides general background information about RBL Bank but completely fails to answer the question regarding who the current MD & CEO or Chairman is.,
"What percentage of RBL Bank is held by its government promoter or largest shareholder, and as of what date?",F_LogUnion,F_LogUnion,0.6758920373727951,logical_union,True,"[""RBL Bank""]","[{""entity"": ""RBL Bank"", ""matched_node_name"": ""RBL Bank"", ""matched_id"": ""7ed8caa6-3476-4578-ab9c-b697ae9f308c"", ""matched_type"": ""COMPANY"", ""similarity"": 1.0, ""source"": ""gazetteer""}]","What percentage of <COMPANY> is held by its government promoter or largest shareholder, and as of what date?","{""nnp2"": null, ""nn1"": ""COMPANY"", ""prop1_list"": [""OWNS"", ""REGULATED_BY"", ""OwnershipStake""], ""nnp1"": ""7ed8caa6-3476-4578-ab9c-b697ae9f308c"", ""target_ids"": []}","{""nnp1"": ""7ed8caa6-3476-4578-ab9c-b697ae9f308c"", ""nnp2"": null, ""nnp3"": null, ""prop1"": ""REGULATED_BY"", ""nn1"": ""COMPANY"", ""nn2"": null, ""threshold"": null, ""target_ids"": [], ""prop1_list"": [""OWNS"", ""REGULATED_BY"", ""OwnershipStake""]}",primary,2,"Template: logical_union (F_LogUnion)
Query intent: Union of two relationship patterns from the same subject.

Row 1: RBL Bank is regulated by the RBI.
Row 2: RBL Bank is regulated by SEBI.",RBL Bank is regulated by both the Reserve Bank of India (RBI) and the Securities and Exchange Board of India (SEBI). These regulatory bodies oversee the bank's operations within the financial sector.,Not relevant,The assistant output discusses regulatory bodies instead of providing the shareholding percentage and date for RBL Bank's largest shareholder.,
What was RBL Bank's CASA ratio in the most recently reported quarter?,F_Simple,F_Simple,0.4957014209614541,simple_triplet,True,"[""RBL Bank"", ""CASA ratio""]","[{""entity"": ""RBL Bank"", ""matched_node_name"": ""RBL Bank"", ""matched_id"": ""7ed8caa6-3476-4578-ab9c-b697ae9f308c"", ""matched_type"": ""COMPANY"", ""similarity"": 1.0, ""source"": ""gazetteer""}, {""entity"": ""CASA ratio"", ""matched_node_name"": ""CASA ratio"", ""matched_id"": ""f552ef12-cf71-4307-80e3-1eb10e256154"", ""matched_type"": ""METRIC"", ""similarity"": 1.0, ""source"": ""gazetteer""}]",What was <COMPANY>'s <METRIC> in the most recently reported quarter?,"{""nn1"": ""COMPANY"", ""prop1_list"": [], ""target_ids"": [""f552ef12-cf71-4307-80e3-1eb10e256154""], ""nnp1"": ""7ed8caa6-3476-4578-ab9c-b697ae9f308c""}","{""nnp1"": ""7ed8caa6-3476-4578-ab9c-b697ae9f308c"", ""nnp2"": ""f552ef12-cf71-4307-80e3-1eb10e256154"", ""nnp3"": null, ""prop1"": null, ""nn1"": ""COMPANY"", ""nn2"": ""METRIC"", ""threshold"": null, ""target_ids"": [""f552ef12-cf71-4307-80e3-1eb10e256154""], ""prop1_list"": []}",primary,1,"Template: simple_triplet (F_Simple)
Query intent: Simple question: subject linked to objects via a predicate.

Row 1: RBL Bank reported an average CASA ratio of 25.2% for Q1 FY27.",RBL Bank reported an average CASA ratio of 25.2% for the first quarter of fiscal year 2027. This metric highlights the bank's deposit profile and liquidity position for that period.,Relevant,The assistant output directly answers the user's question by providing RBL Bank's CASA ratio for the most recently reported quarter.,
What is RBL Bank's net interest margin (NIM) for the latest reported period?,F_Simple,F_Simple,0.4559410416941235,simple_triplet,True,"[""RBL Bank"", ""net interest margin""]","[{""entity"": ""RBL Bank"", ""matched_node_name"": ""RBL Bank"", ""matched_id"": ""7ed8caa6-3476-4578-ab9c-b697ae9f308c"", ""matched_type"": ""COMPANY"", ""similarity"": 1.0, ""source"": ""gazetteer""}, {""entity"": ""net interest margin"", ""matched_node_name"": ""Net interest margin"", ""matched_id"": ""ce0a12ce-b581-4229-a6b2-4d53c46e9d9d"", ""matched_type"": ""METRIC"", ""similarity"": 1.0, ""source"": ""gazetteer""}]",What is <COMPANY>'s <METRIC> (NIM) for the latest reported period?,"{""nn1"": ""COMPANY"", ""prop1_list"": [], ""target_ids"": [""ce0a12ce-b581-4229-a6b2-4d53c46e9d9d""], ""nnp1"": ""7ed8caa6-3476-4578-ab9c-b697ae9f308c""}","{""nnp1"": ""7ed8caa6-3476-4578-ab9c-b697ae9f308c"", ""nnp2"": ""ce0a12ce-b581-4229-a6b2-4d53c46e9d9d"", ""nnp3"": null, ""prop1"": null, ""nn1"": ""COMPANY"", ""nn2"": ""METRIC"", ""threshold"": null, ""target_ids"": [""ce0a12ce-b581-4229-a6b2-4d53c46e9d9d""], ""prop1_list"": []}",relaxed_direction,51,"Template: simple_triplet (F_Simple)
Query intent: Simple question: subject linked to objects via a predicate.

Row 1: RBL Bank offers credit cards as part of its digital payments business.
Row 2: RBL Bank provides NRI banking services.
Row 3: RBL Bank serves HNIs.
Row 4: RBL Bank serves MSMEs.
Row 5: RBL Bank serves large corporates.
Row 6: RBL Bank serves government entities.
Row 7: RBL Bank uses a network of 628 branches to serve its customers.
Row 8: RBL Bank reported an average CASA ratio of 25.2% for Q1 FY27.
Row 9: RBL Bank reported total deposits of ₹1.25 trillion for Q1 FY27.
Row 10: RBL Bank reported a net interest income of ₹1,654 crore for Q1 FY27.
Row 11: RBL Bank faces exposure to ordinary credit risk.
Row 12: RBL Bank is exposed to regulatory risk linked to its governance transition.
Row 13: RBL Bank reported a gross NPA of 1.30% in Q1 FY27.
Row 14: RBL Bank reported a net NPA of 0.37% in Q1 FY27.
Row 15: RBL Bank reported a surging capital adequacy ratio of 33.3% in Q1 FY27.
Row 16: RBL Bank runs a diversified banking model targeting the retail segment.
Row 17: RBL Bank is exposed to operational risk tied to post-acquisition integration.
Row 18: RBL Bank holds an AAA Stable rating for its fixed deposits and infrastructure bonds from CRISIL.
Row 19: RBL Bank holds an A1+ rating for its certificates of deposit from CRISIL.
Row 20: RBL Bank considers CASA mobilization as a driver for its margin.
Row 21: RBL Bank expects its return on equity to be driven by capital-deployment efficiency.
Row 22: RBL Bank reported total advances of ₹1.16 trillion for Q1 FY27.
Row 23: RBL Bank is regulated by the RBI.
Row 24: RBL Bank is regulated by SEBI.
Row 25: RBL Bank's ratings are assigned by CRISIL.
Row 26: RBL Bank is headquartered in Mumbai.
Row 27: RBL Bank is headquartered in Maharashtra.
Row 28: RBL Bank's genuine weakness is its CASA decline.
Row 29: RBL Bank runs operations in GIFT City.
Row 30: RBL Bank depends on Emirates NBD for continued capital and strategic direction.
Row 31: RBL Bank targets the commercial/SME banking segment.
Row 32: RBL Bank targets the corporate and wholesale banking segment.
Row 33: RBL Bank targets the agricultural and rural banking segment.
Row 34: RBL Bank provides digital payments services.
Row 35: RBL Bank serves young professionals.
Row 36: RBL Bank serves entrepreneurs.
Row 37: RBL Bank serves startups.
Row 38: RBL Bank uses roughly 1,272-1,339 business-correspondent branches across 28 states.
Row 39: RBL Bank benefits from strategic and balance-sheet support from Emirates NBD.
Row 40: RBL Bank has an opportunity from its 23% advances growth, the fastest of any mid-size private bank.
Row 41: RBL Bank possesses an opportunity in the potential merger of Emirates NBD's India branches.
Row 42: RBL Bank has loan exposure to its unsecured retail and credit-card book.
Row 43: RBL Bank looks to cross-border trade-finance expansion as a growth driver.
Row 44: RBL Bank's key risk driver is its unsecured retail and credit-card asset quality.
Row 45: Execution risk regarding its large ownership change and pending integration threatens RBL Bank.
Row 46: Emirates NBD Bank completed the acquisition of a 60% controlling stake in RBL Bank.
Row 47: Emirates NBD is classified as the promoter of RBL Bank after acquiring a 60% controlling stake.
Row 48: Quant Small Cap Fund held a roughly 6.65% institutional stake in RBL Bank prior to its majority acquisition.
Row 49: British International Investment held a 3.82% stake in RBL Bank prior to the ownership change.
Row 50: Mahindra & Mahindra held a 3.48% pre-deal institutional stake in RBL Bank.
Row 51: Nippon India Small Cap Fund held a 2.71% pre-deal institutional stake in RBL Bank.","RBL Bank operates a diversified banking model with strong support from its promoter, Emirates NBD, following its acquisition of a 60% controlling stake. For Q1 FY27, the bank reported total deposits of ₹1.25 trillion, total advances of ₹1.16 trillion, a net interest income of ₹1,654 crore, and a capital adequacy ratio of 33.3%, alongside key risks tied to unsecured retail assets and post-acquisition integration.",Not relevant,The assistant output provides various financial figures for RBL Bank but fails to state the net interest margin (NIM) requested by the user.,
What are RBL Bank's gross NPA and net NPA ratios?,F_Simple,F_Simple,0.5339957873182645,simple_triplet,True,"[""RBL Bank"", ""gross NPA"", ""net NPA""]","[{""entity"": ""RBL Bank"", ""matched_node_name"": ""RBL Bank"", ""matched_id"": ""7ed8caa6-3476-4578-ab9c-b697ae9f308c"", ""matched_type"": ""COMPANY"", ""similarity"": 1.0, ""source"": ""gazetteer""}, {""entity"": ""gross NPA"", ""matched_node_name"": ""gross NPA"", ""matched_id"": ""00c1065d-13f6-42fc-be09-d1a8be6780cd"", ""matched_type"": ""METRIC"", ""similarity"": 1.0, ""source"": ""gazetteer""}, {""entity"": ""net NPA"", ""matched_node_name"": ""net NPA"", ""matched_id"": ""4539ed7c-a229-4073-a946-c4b6498648c7"", ""matched_type"": ""METRIC"", ""similarity"": 1.0, ""source"": ""gazetteer""}]",What are <COMPANY>'s <METRIC> and <METRIC> ratios?,"{""nn1"": ""COMPANY"", ""prop1_list"": [], ""target_ids"": [""00c1065d-13f6-42fc-be09-d1a8be6780cd"", ""4539ed7c-a229-4073-a946-c4b6498648c7""], ""nnp1"": ""7ed8caa6-3476-4578-ab9c-b697ae9f308c""}","{""nnp1"": ""7ed8caa6-3476-4578-ab9c-b697ae9f308c"", ""nnp2"": ""00c1065d-13f6-42fc-be09-d1a8be6780cd"", ""nnp3"": null, ""prop1"": null, ""nn1"": ""COMPANY"", ""nn2"": ""METRIC"", ""threshold"": null, ""target_ids"": [""00c1065d-13f6-42fc-be09-d1a8be6780cd"", ""4539ed7c-a229-4073-a946-c4b6498648c7""], ""prop1_list"": []}",primary,2,"Template: simple_triplet (F_Simple)
Query intent: Simple question: subject linked to objects via a predicate.

Row 1: RBL Bank reported a gross NPA of 1.30% in Q1 FY27.
Row 2: RBL Bank reported a net NPA of 0.37% in Q1 FY27.","In the first quarter of fiscal year 2027, RBL Bank reported a gross non-performing asset ratio of 1.30%. Additionally, the bank recorded a net non-performing asset ratio of 0.37% for the same period.",Relevant,The assistant output directly and accurately provides both the gross NPA and net NPA ratios requested by the user for the specified period.,
"What is RBL Bank's capital adequacy ratio (CRAR), and its CET1 ratio if disclosed?",F_Simple,F_Simple,0.5026933839121343,simple_triplet,True,"[""RBL Bank"", ""capital adequacy ratio"", ""CE""]","[{""entity"": ""RBL Bank"", ""matched_node_name"": ""RBL Bank"", ""matched_id"": ""7ed8caa6-3476-4578-ab9c-b697ae9f308c"", ""matched_type"": ""COMPANY"", ""similarity"": 1.0, ""source"": ""gazetteer""}, {""entity"": ""capital adequacy ratio"", ""matched_node_name"": ""capital adequacy ratio"", ""matched_id"": ""a9e7103c-2a43-4d54-94d2-0f9178dbb42e"", ""matched_type"": ""METRIC"", ""similarity"": 1.0, ""source"": ""gazetteer""}, {""entity"": ""CE"", ""matched_node_name"": ""NSE"", ""matched_id"": ""f991983e-e758-47f5-acbf-1afe822e5f20"", ""matched_type"": ""COMPANY"", ""similarity"": 0.6484348893165588, ""source"": ""semantic""}]","What is <COMPANY>'s <METRIC> (CRAR), and its <COMPANY>T1 ratio if disclosed?","{""nn1"": ""COMPANY"", ""prop1_list"": [], ""target_ids"": [""a9e7103c-2a43-4d54-94d2-0f9178dbb42e"", ""f991983e-e758-47f5-acbf-1afe822e5f20""], ""nnp1"": ""7ed8caa6-3476-4578-ab9c-b697ae9f308c""}","{""nnp1"": ""7ed8caa6-3476-4578-ab9c-b697ae9f308c"", ""nnp2"": ""f991983e-e758-47f5-acbf-1afe822e5f20"", ""nnp3"": null, ""prop1"": null, ""nn1"": ""COMPANY"", ""nn2"": ""COMPANY"", ""threshold"": null, ""target_ids"": [""a9e7103c-2a43-4d54-94d2-0f9178dbb42e"", ""f991983e-e758-47f5-acbf-1afe822e5f20""], ""prop1_list"": []}",primary,1,"Template: simple_triplet (F_Simple)
Query intent: Simple question: subject linked to objects via a predicate.

Row 1: RBL Bank reported a surging capital adequacy ratio of 33.3% in Q1 FY27.",RBL Bank reported a surging capital adequacy ratio of 33.3% in Q1 FY27. This strong metric highlights the institution's robust financial cushion and regulatory compliance during the period.,Somewhat relevant,The assistant output provides the capital adequacy ratio (CRAR) but fails to provide the CET1 ratio as requested by the user.,
What are RBL Bank's return on assets (ROA) and return on equity (ROE) for the latest quarter?,F_Simple,F_Simple,0.6404601230266839,simple_triplet,True,"[""RBL Bank"", ""return on assets"", ""return on equity""]","[{""entity"": ""RBL Bank"", ""matched_node_name"": ""RBL Bank"", ""matched_id"": ""7ed8caa6-3476-4578-ab9c-b697ae9f308c"", ""matched_type"": ""COMPANY"", ""similarity"": 1.0, ""source"": ""gazetteer""}, {""entity"": ""return on assets"", ""matched_node_name"": ""return on assets"", ""matched_id"": ""dd83a8a6-2dd2-4407-9d71-917240c66c55"", ""matched_type"": ""METRIC"", ""similarity"": 1.0, ""source"": ""gazetteer""}, {""entity"": ""return on equity"", ""matched_node_name"": ""return on equity"", ""matched_id"": ""4c4c7086-00d6-4850-9bcd-ae7c8e8479a8"", ""matched_type"": ""METRIC"", ""similarity"": 1.0, ""source"": ""gazetteer""}]",What are <COMPANY>'s <METRIC> (ROA) and <METRIC> (ROE) for the latest quarter?,"{""nn1"": ""COMPANY"", ""prop1_list"": [], ""target_ids"": [""dd83a8a6-2dd2-4407-9d71-917240c66c55"", ""4c4c7086-00d6-4850-9bcd-ae7c8e8479a8""], ""nnp1"": ""7ed8caa6-3476-4578-ab9c-b697ae9f308c""}","{""nnp1"": ""7ed8caa6-3476-4578-ab9c-b697ae9f308c"", ""nnp2"": ""dd83a8a6-2dd2-4407-9d71-917240c66c55"", ""nnp3"": null, ""prop1"": null, ""nn1"": ""COMPANY"", ""nn2"": ""METRIC"", ""threshold"": null, ""target_ids"": [""dd83a8a6-2dd2-4407-9d71-917240c66c55"", ""4c4c7086-00d6-4850-9bcd-ae7c8e8479a8""], ""prop1_list"": []}",relaxed_direction,51,"Template: simple_triplet (F_Simple)
Query intent: Simple question: subject linked to objects via a predicate.

Row 1: RBL Bank offers credit cards as part of its digital payments business.
Row 2: RBL Bank provides NRI banking services.
Row 3: RBL Bank serves HNIs.
Row 4: RBL Bank serves MSMEs.
Row 5: RBL Bank serves large corporates.
Row 6: RBL Bank serves government entities.
Row 7: RBL Bank uses a network of 628 branches to serve its customers.
Row 8: RBL Bank reported an average CASA ratio of 25.2% for Q1 FY27.
Row 9: RBL Bank reported total deposits of ₹1.25 trillion for Q1 FY27.
Row 10: RBL Bank reported a net interest income of ₹1,654 crore for Q1 FY27.
Row 11: RBL Bank faces exposure to ordinary credit risk.
Row 12: RBL Bank is exposed to regulatory risk linked to its governance transition.
Row 13: RBL Bank reported a gross NPA of 1.30% in Q1 FY27.
Row 14: RBL Bank reported a net NPA of 0.37% in Q1 FY27.
Row 15: RBL Bank reported a surging capital adequacy ratio of 33.3% in Q1 FY27.
Row 16: RBL Bank runs a diversified banking model targeting the retail segment.
Row 17: RBL Bank is exposed to operational risk tied to post-acquisition integration.
Row 18: RBL Bank holds an AAA Stable rating for its fixed deposits and infrastructure bonds from CRISIL.
Row 19: RBL Bank holds an A1+ rating for its certificates of deposit from CRISIL.
Row 20: RBL Bank considers CASA mobilization as a driver for its margin.
Row 21: RBL Bank expects its return on equity to be driven by capital-deployment efficiency.
Row 22: RBL Bank reported total advances of ₹1.16 trillion for Q1 FY27.
Row 23: RBL Bank is regulated by the RBI.
Row 24: RBL Bank is regulated by SEBI.
Row 25: RBL Bank's ratings are assigned by CRISIL.
Row 26: RBL Bank is headquartered in Mumbai.
Row 27: RBL Bank is headquartered in Maharashtra.
Row 28: RBL Bank's genuine weakness is its CASA decline.
Row 29: RBL Bank runs operations in GIFT City.
Row 30: RBL Bank depends on Emirates NBD for continued capital and strategic direction.
Row 31: RBL Bank targets the commercial/SME banking segment.
Row 32: RBL Bank targets the corporate and wholesale banking segment.
Row 33: RBL Bank targets the agricultural and rural banking segment.
Row 34: RBL Bank provides digital payments services.
Row 35: RBL Bank serves young professionals.
Row 36: RBL Bank serves entrepreneurs.
Row 37: RBL Bank serves startups.
Row 38: RBL Bank uses roughly 1,272-1,339 business-correspondent branches across 28 states.
Row 39: RBL Bank benefits from strategic and balance-sheet support from Emirates NBD.
Row 40: RBL Bank has an opportunity from its 23% advances growth, the fastest of any mid-size private bank.
Row 41: RBL Bank possesses an opportunity in the potential merger of Emirates NBD's India branches.
Row 42: RBL Bank has loan exposure to its unsecured retail and credit-card book.
Row 43: RBL Bank looks to cross-border trade-finance expansion as a growth driver.
Row 44: RBL Bank's key risk driver is its unsecured retail and credit-card asset quality.
Row 45: Execution risk regarding its large ownership change and pending integration threatens RBL Bank.
Row 46: Emirates NBD Bank completed the acquisition of a 60% controlling stake in RBL Bank.
Row 47: Emirates NBD is classified as the promoter of RBL Bank after acquiring a 60% controlling stake.
Row 48: Quant Small Cap Fund held a roughly 6.65% institutional stake in RBL Bank prior to its majority acquisition.
Row 49: British International Investment held a 3.82% stake in RBL Bank prior to the ownership change.
Row 50: Mahindra & Mahindra held a 3.48% pre-deal institutional stake in RBL Bank.
Row 51: Nippon India Small Cap Fund held a 2.71% pre-deal institutional stake in RBL Bank.","RBL Bank operates a diversified banking model serving retail, MSME, corporate, and rural segments, and recently became a 60% subsidiary of promoter Emirates NBD. For Q1 FY27, the bank reported total deposits of ₹1.25 trillion, total advances of ₹1.16 trillion, a net interest income of ₹1,654 crore, and a strong capital adequacy ratio of 33.3%, alongside credit risk exposures in its unsecured retail and credit card portfolios.",Not relevant,The assistant output provides various financial and operational metrics for RBL Bank but completely fails to mention the requested return on assets (ROA) and return on equity (ROE) for the latest quarter.,
What was RBL Bank's total advances (loan book) and deposit growth in the latest quarter?,F_Simple,F_Simple,0.5786835426932809,simple_triplet,True,"[""RBL Bank"", ""total advances"", ""deposit growth""]","[{""entity"": ""RBL Bank"", ""matched_node_name"": ""RBL Bank"", ""matched_id"": ""7ed8caa6-3476-4578-ab9c-b697ae9f308c"", ""matched_type"": ""COMPANY"", ""similarity"": 1.0, ""source"": ""gazetteer""}, {""entity"": ""total advances"", ""matched_node_name"": ""Total Advances"", ""matched_id"": ""96dbb53b-28f6-42c3-96e5-77dc48c86818"", ""matched_type"": ""METRIC"", ""similarity"": 1.0, ""source"": ""gazetteer""}, {""entity"": ""deposit growth"", ""matched_node_name"": ""deposit growth"", ""matched_id"": ""74d2ba68-dde6-485e-ad5d-c3483d1ec0d8"", ""matched_type"": ""METRIC"", ""similarity"": 1.0, ""source"": ""gazetteer""}]",What was <COMPANY>'s <METRIC> (loan book) and <METRIC> in the latest quarter?,"{""nn1"": ""COMPANY"", ""prop1_list"": [], ""target_ids"": [""96dbb53b-28f6-42c3-96e5-77dc48c86818"", ""74d2ba68-dde6-485e-ad5d-c3483d1ec0d8""], ""nnp1"": ""7ed8caa6-3476-4578-ab9c-b697ae9f308c""}","{""nnp1"": ""7ed8caa6-3476-4578-ab9c-b697ae9f308c"", ""nnp2"": ""96dbb53b-28f6-42c3-96e5-77dc48c86818"", ""nnp3"": null, ""prop1"": null, ""nn1"": ""COMPANY"", ""nn2"": ""METRIC"", ""threshold"": null, ""target_ids"": [""96dbb53b-28f6-42c3-96e5-77dc48c86818"", ""74d2ba68-dde6-485e-ad5d-c3483d1ec0d8""], ""prop1_list"": []}",primary,1,"Template: simple_triplet (F_Simple)
Query intent: Simple question: subject linked to objects via a predicate.

Row 1: RBL Bank reported total advances of ₹1.16 trillion for Q1 FY27.",RBL Bank reported total advances of ₹1.16 trillion for the first quarter of fiscal year 2027.,Somewhat relevant,"The assistant output provides the total advances for RBL Bank in the latest quarter, but it completely misses the deposit growth part of the user's request.",
"Roughly how many branches and ATMs does RBL Bank operate, and as of what date?",F_QuantCount,F_QuantCount,0.5789900185289873,quant_count,True,"[""ATMs"", ""RBL Bank""]","[{""entity"": ""ATMs"", ""matched_node_name"": ""ATMs"", ""matched_id"": ""1d9af7d1-80d1-4631-9a7a-7765335565d0"", ""matched_type"": ""DISTRIBUTIONCHANNEL"", ""similarity"": 1.0, ""source"": ""gazetteer""}, {""entity"": ""RBL Bank"", ""matched_node_name"": ""RBL Bank"", ""matched_id"": ""7ed8caa6-3476-4578-ab9c-b697ae9f308c"", ""matched_type"": ""COMPANY"", ""similarity"": 1.0, ""source"": ""gazetteer""}]","Roughly how many branches and <DISTRIBUTIONCHANNEL> does <COMPANY> operate, and as of what date?","{""nn1"": ""COMPANY"", ""nn2"": ""DISTRIBUTIONCHANNEL"", ""prop1"": null, ""nnp1"": ""7ed8caa6-3476-4578-ab9c-b697ae9f308c""}","{""nnp1"": ""7ed8caa6-3476-4578-ab9c-b697ae9f308c"", ""nnp2"": ""1d9af7d1-80d1-4631-9a7a-7765335565d0"", ""nnp3"": null, ""prop1"": null, ""nn1"": ""COMPANY"", ""nn2"": ""DISTRIBUTIONCHANNEL"", ""threshold"": null, ""target_ids"": [""1d9af7d1-80d1-4631-9a7a-7765335565d0""], ""prop1_list"": []}",primary,1,"Template: quant_count (F_QuantCount)
Query intent: Count related objects for a subject entity.

Row 1: subject_name=RBL Bank | object_count=2 (2 facts)
  - RBL Bank uses a network of 628 branches to serve its customers.
  - RBL Bank uses roughly 1,272-1,339 business-correspondent branches across 28 states.","RBL Bank serves its customer base through a dedicated network of 628 branches. Additionally, the bank extends its reach across 28 states by utilizing approximately 1,272 to 1,339 business-correspondent branches.",Somewhat relevant,The assistant output provides the number of branches but completely omits the number of ATMs and the specific date requested by the user.,
"What products and services does RBL Bank offer, and which customer segments does it serve?",F_Simple,F_Simple,0.6085853750573809,simple_triplet,True,"[""RBL Bank""]","[{""entity"": ""RBL Bank"", ""matched_node_name"": ""RBL Bank"", ""matched_id"": ""7ed8caa6-3476-4578-ab9c-b697ae9f308c"", ""matched_type"": ""COMPANY"", ""similarity"": 1.0, ""source"": ""gazetteer""}]","What products and services does <COMPANY> offer, and which customer segments does it serve?","{""nn1"": ""COMPANY"", ""prop1_list"": [""OFFERS_PRODUCT"", ""SERVES""], ""target_ids"": [], ""nnp1"": ""7ed8caa6-3476-4578-ab9c-b697ae9f308c""}","{""nnp1"": ""7ed8caa6-3476-4578-ab9c-b697ae9f308c"", ""nnp2"": null, ""nnp3"": null, ""prop1"": ""SERVES"", ""nn1"": ""COMPANY"", ""nn2"": null, ""threshold"": null, ""target_ids"": [], ""prop1_list"": [""OFFERS_PRODUCT"", ""SERVES""]}",primary,8,"Template: simple_triplet (F_Simple)
Query intent: Simple question: subject linked to objects via a predicate.

Row 1: RBL Bank serves HNIs.
Row 2: RBL Bank serves MSMEs.
Row 3: RBL Bank offers credit cards as part of its digital payments business.
Row 4: RBL Bank serves entrepreneurs.
Row 5: RBL Bank serves government entities.
Row 6: RBL Bank serves large corporates.
Row 7: RBL Bank serves startups.
Row 8: RBL Bank serves young professionals.","RBL Bank caters to a diverse customer base that includes high-net-worth individuals, young professionals, entrepreneurs, startups, micro, small, and medium enterprises, large corporates, and government entities. Additionally, the bank provides credit cards as an offering within its digital payments business.",Somewhat relevant,"The assistant output successfully identifies the customer segments served by RBL Bank and mentions credit cards, but it fails to provide a comprehensive overview of the broad range of products and services offered by the bank.",
What is South Indian Bank's ticker symbol and on which exchange(s) does it trade?,F_Simple,F_Simple,0.5660659596990265,simple_triplet,True,"[""South Indian Bank""]","[{""entity"": ""South Indian Bank"", ""matched_node_name"": ""South Indian Bank"", ""matched_id"": ""51a5bc4f-4796-40e8-8972-3f24ce508501"", ""matched_type"": ""COMPANY"", ""similarity"": 1.0, ""source"": ""gazetteer""}]",What is <COMPANY>'s ticker symbol and on which exchange(s) does it trade?,"{""nn1"": ""COMPANY"", ""prop1_list"": [], ""target_ids"": [], ""nnp1"": ""51a5bc4f-4796-40e8-8972-3f24ce508501""}","{""nnp1"": ""51a5bc4f-4796-40e8-8972-3f24ce508501"", ""nnp2"": null, ""nnp3"": null, ""prop1"": null, ""nn1"": ""COMPANY"", ""nn2"": null, ""threshold"": null, ""target_ids"": [], ""prop1_list"": []}",primary,32,"Template: simple_triplet (F_Simple)
Query intent: Simple question: subject linked to objects via a predicate.

Row 1: Bandhan Small Cap Fund held about 4.75% of South Indian Bank.
Row 2: South Indian Bank has older rating rationales from CRISIL dating to 2021 and 2024.
Row 3: CalPERS held roughly 2.25% of South Indian Bank.
Row 4: South Indian Bank competes with Dhanlaxmi Bank Limited.
Row 5: FIIs held roughly 24.2% of South Indian Bank.
Row 6: Jose Joseph Kattoor was appointed part-time chairman of South Indian Bank.
Row 7: South Indian Bank is headquartered in Kerala.
Row 8: South Indian Bank maintains a strong retail and NRI franchise presence in Kerala.
Row 9: Kotak Multicap held about 4.25% of South Indian Bank.
Row 10: Mahesh Muralidhar Pai is taking charge as MD & CEO of South Indian Bank.
Row 11: South Indian Bank serves a strong NRI franchise particularly based in Kerala.
Row 12: South Indian Bank reported a 17.3% year-on-year rise in net profit to ₹378 crore.
Row 13: P. R. Seshadri serves as MD & CEO of South Indian Bank.
Row 14: South Indian Bank is regulated by the RBI.
Row 15: South Indian Bank is regulated by SEBI.
Row 16: South Indian Bank maintains a strong retail and NRI franchise presence in South India.
Row 17: Swedbank Robur Global Emerging Markets held roughly 2.93% of South Indian Bank.
Row 18: South Indian Bank is headquartered in Thrissur.
Row 19: South Indian Bank reported Q1 FY27 total advances of ₹1.03 trillion, up 18.6% year-on-year.
Row 20: South Indian Bank holds a universal banking license.
Row 21: South Indian Bank reported a capital adequacy of 19.62%, up from 19.48% a year earlier.
Row 22: South Indian Bank operates using a traditional retail, SME and corporate universal-bank model.
Row 23: Domestic institutions held 12.8% of South Indian Bank.
Row 24: Execution-continuity risk resulting from simultaneous MD & CEO and chairman transitions in 2026 threatens South Indian Bank.
Row 25: South Indian Bank improved its gross NPA to 1.38% from 3.15% a year earlier.
Row 26: South Indian Bank reduced its net NPA to 0.26% from 0.68% a year earlier.
Row 27: South Indian Bank's Q1 FY27 net interest income was ₹1,024.72 crore, representing a 23.1% year-on-year increase.
Row 28: South Indian Bank's operating profit fell 12% year-on-year despite strong net-interest-income growth.
Row 29: South Indian Bank is exposed to operational risk resulting from its ongoing management transition.
Row 30: South Indian Bank is exposed to ordinary regulatory risk.
Row 31: South Indian Bank's return on assets improved to 1.07% from 1.01% a year earlier.
Row 32: South Indian Bank is exposed to the historically volatile asset quality that has characterized the bank in the past.","South Indian Bank recently reported strong financial performance with a 17.3% year-on-year rise in net profit to ₹378 crore alongside an improved gross NPA of 1.38% and a capital adequacy ratio of 19.62%. However, the bank faces execution-continuity and operational risks stemming from simultaneous leadership transitions in 2026, alongside historical asset quality and regulatory exposures.",Not relevant,The assistant output discusses financial performance and operational risks but completely fails to provide South Indian Bank's ticker symbol or the exchange(s) where it trades.,
"Who is the current MD & CEO (or Chairman, where that is the top executive title) of South Indian Bank?",F_Simple,F_Simple,0.6870087860052408,simple_triplet,True,"[""uti"", ""South Indian Bank"", ""MD""]","[{""entity"": ""uti"", ""matched_node_name"": ""UTI"", ""matched_id"": ""fd4feaba-a9ac-4e43-9418-e90485ccc0ee"", ""matched_type"": ""SHAREHOLDER"", ""similarity"": 1.0, ""source"": ""gazetteer""}, {""entity"": ""South Indian Bank"", ""matched_node_name"": ""South Indian Bank"", ""matched_id"": ""51a5bc4f-4796-40e8-8972-3f24ce508501"", ""matched_type"": ""COMPANY"", ""similarity"": 1.0, ""source"": ""gazetteer""}, {""entity"": ""MD"", ""matched_node_name"": ""Sydney"", ""matched_id"": ""6ce73991-b958-4fd6-a892-0d2f5d32b61b"", ""matched_type"": ""GEOGRAPHY"", ""similarity"": 0.6347882270812988, ""source"": ""semantic""}]","Who is the current <GEOGRAPHY> & CEO (or Chairman, where that is the top exec<SHAREHOLDER>ve title) of <COMPANY>?","{""nn1"": ""COMPANY"", ""prop1_list"": [""GovernanceRole""], ""target_ids"": [""fd4feaba-a9ac-4e43-9418-e90485ccc0ee"", ""6ce73991-b958-4fd6-a892-0d2f5d32b61b""], ""nnp1"": ""51a5bc4f-4796-40e8-8972-3f24ce508501""}","{""nnp1"": ""51a5bc4f-4796-40e8-8972-3f24ce508501"", ""nnp2"": ""6ce73991-b958-4fd6-a892-0d2f5d32b61b"", ""nnp3"": null, ""prop1"": ""GovernanceRole"", ""nn1"": ""COMPANY"", ""nn2"": ""GEOGRAPHY"", ""threshold"": null, ""target_ids"": [""fd4feaba-a9ac-4e43-9418-e90485ccc0ee"", ""6ce73991-b958-4fd6-a892-0d2f5d32b61b""], ""prop1_list"": [""GovernanceRole""]}",attribute_lookup,7,"Template: simple_triplet (F_Simple)
Query intent: Simple question: subject linked to objects via a predicate.

Row 1: South Indian Bank's banking_segment is Universal Banking
Row 2: South Indian Bank's country is India
Row 3: South Indian Bank's description is Headquartered in Thrissur, Kerala, South Indian Bank is a professionally managed bank running a traditional retail, SME and corporate universal-bank model with a strong South Indian, particularly Kerala, retail and NRI franchise.
Row 4: South Indian Bank's exchange is NSE, BSE
Row 5: South Indian Bank's legal_name is The South Indian Bank Limited
Row 6: South Indian Bank's listed is True
Row 7: South Indian Bank's ticker is SOUTHBANK","Headquartered in Thrissur, Kerala, The South Indian Bank Limited operates as a publicly listed universal bank on the NSE and BSE under the ticker SOUTHBANK, utilizing a traditional retail, SME, and corporate model. The institution features a strong retail and NRI franchise with a particular concentration in South India, specifically Kerala.",Not relevant,"The assistant output provides general information about the bank's headquarters and operations, but completely fails to answer the question about who the current MD & CEO or Chairman is.",
"What percentage of South Indian Bank is held by its government promoter or largest shareholder, and as of what date?",F_LogUnion,F_LogUnion,0.6758920373727951,logical_union,True,"[""South Indian Bank""]","[{""entity"": ""South Indian Bank"", ""matched_node_name"": ""South Indian Bank"", ""matched_id"": ""51a5bc4f-4796-40e8-8972-3f24ce508501"", ""matched_type"": ""COMPANY"", ""similarity"": 1.0, ""source"": ""gazetteer""}]","What percentage of <COMPANY> is held by its government promoter or largest shareholder, and as of what date?","{""nnp2"": null, ""nn1"": ""COMPANY"", ""prop1_list"": [""OWNS"", ""REGULATED_BY"", ""OwnershipStake""], ""nnp1"": ""51a5bc4f-4796-40e8-8972-3f24ce508501"", ""target_ids"": []}","{""nnp1"": ""51a5bc4f-4796-40e8-8972-3f24ce508501"", ""nnp2"": null, ""nnp3"": null, ""prop1"": ""REGULATED_BY"", ""nn1"": ""COMPANY"", ""nn2"": null, ""threshold"": null, ""target_ids"": [], ""prop1_list"": [""OWNS"", ""REGULATED_BY"", ""OwnershipStake""]}",primary,2,"Template: logical_union (F_LogUnion)
Query intent: Union of two relationship patterns from the same subject.

Row 1: South Indian Bank is regulated by the RBI.
Row 2: South Indian Bank is regulated by SEBI.",South Indian Bank is regulated by both the Reserve Bank of India and the Securities and Exchange Board of India. These dual regulatory oversights ensure the institution complies with the country's central banking and securities market standards.,Not relevant,The assistant output discusses regulatory bodies instead of providing the government promoter or largest shareholder holding percentage and date.,
What was South Indian Bank's CASA ratio in the most recently reported quarter?,F_Simple,F_Simple,0.4957014209614541,simple_triplet,True,"[""South Indian Bank"", ""CASA ratio""]","[{""entity"": ""South Indian Bank"", ""matched_node_name"": ""South Indian Bank"", ""matched_id"": ""51a5bc4f-4796-40e8-8972-3f24ce508501"", ""matched_type"": ""COMPANY"", ""similarity"": 1.0, ""source"": ""gazetteer""}, {""entity"": ""CASA ratio"", ""matched_node_name"": ""CASA ratio"", ""matched_id"": ""f552ef12-cf71-4307-80e3-1eb10e256154"", ""matched_type"": ""METRIC"", ""similarity"": 1.0, ""source"": ""gazetteer""}]",What was <COMPANY>'s <METRIC> in the most recently reported quarter?,"{""nn1"": ""COMPANY"", ""prop1_list"": [], ""target_ids"": [""f552ef12-cf71-4307-80e3-1eb10e256154""], ""nnp1"": ""51a5bc4f-4796-40e8-8972-3f24ce508501""}","{""nnp1"": ""51a5bc4f-4796-40e8-8972-3f24ce508501"", ""nnp2"": ""f552ef12-cf71-4307-80e3-1eb10e256154"", ""nnp3"": null, ""prop1"": null, ""nn1"": ""COMPANY"", ""nn2"": ""METRIC"", ""threshold"": null, ""target_ids"": [""f552ef12-cf71-4307-80e3-1eb10e256154""], ""prop1_list"": []}",relaxed_direction,32,"Template: simple_triplet (F_Simple)
Query intent: Simple question: subject linked to objects via a predicate.

Row 1: South Indian Bank serves a strong NRI franchise particularly based in Kerala.
Row 2: South Indian Bank's Q1 FY27 net interest income was ₹1,024.72 crore, representing a 23.1% year-on-year increase.
Row 3: South Indian Bank is exposed to ordinary regulatory risk.
Row 4: South Indian Bank's return on assets improved to 1.07% from 1.01% a year earlier.
Row 5: South Indian Bank improved its gross NPA to 1.38% from 3.15% a year earlier.
Row 6: South Indian Bank reduced its net NPA to 0.26% from 0.68% a year earlier.
Row 7: South Indian Bank reported a capital adequacy of 19.62%, up from 19.48% a year earlier.
Row 8: South Indian Bank holds a universal banking license.
Row 9: South Indian Bank reported a 17.3% year-on-year rise in net profit to ₹378 crore.
Row 10: South Indian Bank is exposed to operational risk resulting from its ongoing management transition.
Row 11: South Indian Bank maintains a strong retail and NRI franchise presence in South India.
Row 12: South Indian Bank reported Q1 FY27 total advances of ₹1.03 trillion, up 18.6% year-on-year.
Row 13: South Indian Bank's operating profit fell 12% year-on-year despite strong net-interest-income growth.
Row 14: South Indian Bank is regulated by the RBI.
Row 15: South Indian Bank is regulated by SEBI.
Row 16: South Indian Bank has older rating rationales from CRISIL dating to 2021 and 2024.
Row 17: South Indian Bank is headquartered in Kerala.
Row 18: South Indian Bank maintains a strong retail and NRI franchise presence in Kerala.
Row 19: South Indian Bank is headquartered in Thrissur.
Row 20: South Indian Bank operates using a traditional retail, SME and corporate universal-bank model.
Row 21: South Indian Bank is exposed to the historically volatile asset quality that has characterized the bank in the past.
Row 22: South Indian Bank competes with Dhanlaxmi Bank Limited.
Row 23: Domestic institutions held 12.8% of South Indian Bank.
Row 24: FIIs held roughly 24.2% of South Indian Bank.
Row 25: Execution-continuity risk resulting from simultaneous MD & CEO and chairman transitions in 2026 threatens South Indian Bank.
Row 26: P. R. Seshadri serves as MD & CEO of South Indian Bank.
Row 27: Mahesh Muralidhar Pai is taking charge as MD & CEO of South Indian Bank.
Row 28: Jose Joseph Kattoor was appointed part-time chairman of South Indian Bank.
Row 29: Swedbank Robur Global Emerging Markets held roughly 2.93% of South Indian Bank.
Row 30: CalPERS held roughly 2.25% of South Indian Bank.
Row 31: Bandhan Small Cap Fund held about 4.75% of South Indian Bank.
Row 32: Kotak Multicap held about 4.25% of South Indian Bank.","South Indian Bank delivered a strong financial performance in Q1 FY27, marked by a 23.1% year-on-year increase in net interest income to ₹1,024.72 crore, a net profit rise of 17.3% to ₹378 crore, and notable improvements in asset quality and capital adequacy. Despite these positive financial results, the bank operates with ordinary regulatory and operational risks, including execution-continuity concerns stemming from ongoing management transitions.",Not relevant,"The assistant output discusses the bank's net interest income, net profit, and risks, but completely fails to mention or provide the CASA ratio requested by the user.",
What is South Indian Bank's net interest margin (NIM) for the latest reported period?,F_Simple,F_Simple,0.4559410416941235,simple_triplet,True,"[""South Indian Bank"", ""net interest margin""]","[{""entity"": ""South Indian Bank"", ""matched_node_name"": ""South Indian Bank"", ""matched_id"": ""51a5bc4f-4796-40e8-8972-3f24ce508501"", ""matched_type"": ""COMPANY"", ""similarity"": 1.0, ""source"": ""gazetteer""}, {""entity"": ""net interest margin"", ""matched_node_name"": ""Net interest margin"", ""matched_id"": ""ce0a12ce-b581-4229-a6b2-4d53c46e9d9d"", ""matched_type"": ""METRIC"", ""similarity"": 1.0, ""source"": ""gazetteer""}]",What is <COMPANY>'s <METRIC> (NIM) for the latest reported period?,"{""nn1"": ""COMPANY"", ""prop1_list"": [], ""target_ids"": [""ce0a12ce-b581-4229-a6b2-4d53c46e9d9d""], ""nnp1"": ""51a5bc4f-4796-40e8-8972-3f24ce508501""}","{""nnp1"": ""51a5bc4f-4796-40e8-8972-3f24ce508501"", ""nnp2"": ""ce0a12ce-b581-4229-a6b2-4d53c46e9d9d"", ""nnp3"": null, ""prop1"": null, ""nn1"": ""COMPANY"", ""nn2"": ""METRIC"", ""threshold"": null, ""target_ids"": [""ce0a12ce-b581-4229-a6b2-4d53c46e9d9d""], ""prop1_list"": []}",relaxed_direction,32,"Template: simple_triplet (F_Simple)
Query intent: Simple question: subject linked to objects via a predicate.

Row 1: South Indian Bank serves a strong NRI franchise particularly based in Kerala.
Row 2: South Indian Bank's Q1 FY27 net interest income was ₹1,024.72 crore, representing a 23.1% year-on-year increase.
Row 3: South Indian Bank is exposed to ordinary regulatory risk.
Row 4: South Indian Bank's return on assets improved to 1.07% from 1.01% a year earlier.
Row 5: South Indian Bank improved its gross NPA to 1.38% from 3.15% a year earlier.
Row 6: South Indian Bank reduced its net NPA to 0.26% from 0.68% a year earlier.
Row 7: South Indian Bank reported a capital adequacy of 19.62%, up from 19.48% a year earlier.
Row 8: South Indian Bank holds a universal banking license.
Row 9: South Indian Bank reported a 17.3% year-on-year rise in net profit to ₹378 crore.
Row 10: South Indian Bank is exposed to operational risk resulting from its ongoing management transition.
Row 11: South Indian Bank maintains a strong retail and NRI franchise presence in South India.
Row 12: South Indian Bank reported Q1 FY27 total advances of ₹1.03 trillion, up 18.6% year-on-year.
Row 13: South Indian Bank's operating profit fell 12% year-on-year despite strong net-interest-income growth.
Row 14: South Indian Bank is regulated by the RBI.
Row 15: South Indian Bank is regulated by SEBI.
Row 16: South Indian Bank has older rating rationales from CRISIL dating to 2021 and 2024.
Row 17: South Indian Bank is headquartered in Kerala.
Row 18: South Indian Bank maintains a strong retail and NRI franchise presence in Kerala.
Row 19: South Indian Bank is headquartered in Thrissur.
Row 20: South Indian Bank operates using a traditional retail, SME and corporate universal-bank model.
Row 21: South Indian Bank is exposed to the historically volatile asset quality that has characterized the bank in the past.
Row 22: South Indian Bank competes with Dhanlaxmi Bank Limited.
Row 23: Domestic institutions held 12.8% of South Indian Bank.
Row 24: FIIs held roughly 24.2% of South Indian Bank.
Row 25: Execution-continuity risk resulting from simultaneous MD & CEO and chairman transitions in 2026 threatens South Indian Bank.
Row 26: P. R. Seshadri serves as MD & CEO of South Indian Bank.
Row 27: Mahesh Muralidhar Pai is taking charge as MD & CEO of South Indian Bank.
Row 28: Jose Joseph Kattoor was appointed part-time chairman of South Indian Bank.
Row 29: Swedbank Robur Global Emerging Markets held roughly 2.93% of South Indian Bank.
Row 30: CalPERS held roughly 2.25% of South Indian Bank.
Row 31: Bandhan Small Cap Fund held about 4.75% of South Indian Bank.
Row 32: Kotak Multicap held about 4.25% of South Indian Bank.","South Indian Bank delivered a strong financial performance in Q1 FY27, with net interest income rising 23.1% year-on-year to ₹1,024.72 crore and net profit increasing 17.3% to ₹378 crore, alongside improvements in asset quality and capital adequacy. However, the bank faces ongoing operational and execution-continuity risks stemming from its 2026 management transitions, alongside historical asset quality challenges.",Not relevant,"The assistant output discusses net interest income, net profit, and risks, but fails to mention the net interest margin (NIM) for the latest reported period.",
What are South Indian Bank's gross NPA and net NPA ratios?,F_Simple,F_Simple,0.5339957873182645,simple_triplet,True,"[""South Indian Bank"", ""gross NPA"", ""net NPA""]","[{""entity"": ""South Indian Bank"", ""matched_node_name"": ""South Indian Bank"", ""matched_id"": ""51a5bc4f-4796-40e8-8972-3f24ce508501"", ""matched_type"": ""COMPANY"", ""similarity"": 1.0, ""source"": ""gazetteer""}, {""entity"": ""gross NPA"", ""matched_node_name"": ""gross NPA"", ""matched_id"": ""00c1065d-13f6-42fc-be09-d1a8be6780cd"", ""matched_type"": ""METRIC"", ""similarity"": 1.0, ""source"": ""gazetteer""}, {""entity"": ""net NPA"", ""matched_node_name"": ""net NPA"", ""matched_id"": ""4539ed7c-a229-4073-a946-c4b6498648c7"", ""matched_type"": ""METRIC"", ""similarity"": 1.0, ""source"": ""gazetteer""}]",What are <COMPANY>'s <METRIC> and <METRIC> ratios?,"{""nn1"": ""COMPANY"", ""prop1_list"": [], ""target_ids"": [""00c1065d-13f6-42fc-be09-d1a8be6780cd"", ""4539ed7c-a229-4073-a946-c4b6498648c7""], ""nnp1"": ""51a5bc4f-4796-40e8-8972-3f24ce508501""}","{""nnp1"": ""51a5bc4f-4796-40e8-8972-3f24ce508501"", ""nnp2"": ""00c1065d-13f6-42fc-be09-d1a8be6780cd"", ""nnp3"": null, ""prop1"": null, ""nn1"": ""COMPANY"", ""nn2"": ""METRIC"", ""threshold"": null, ""target_ids"": [""00c1065d-13f6-42fc-be09-d1a8be6780cd"", ""4539ed7c-a229-4073-a946-c4b6498648c7""], ""prop1_list"": []}",primary,2,"Template: simple_triplet (F_Simple)
Query intent: Simple question: subject linked to objects via a predicate.

Row 1: South Indian Bank improved its gross NPA to 1.38% from 3.15% a year earlier.
Row 2: South Indian Bank reduced its net NPA to 0.26% from 0.68% a year earlier.","South Indian Bank significantly improved its asset quality by reducing its gross non-performing assets (NPA) to 1.38% from 3.15% a year earlier. Additionally, the bank lowered its net NPA to 0.26%, compared to 0.68% during the same period in the previous year.",Relevant,The assistant output directly and accurately provides both the gross NPA and net NPA ratios requested by the user.,
"What is South Indian Bank's capital adequacy ratio (CRAR), and its CET1 ratio if disclosed?",F_Simple,F_Simple,0.5026933839121343,simple_triplet,True,"[""South Indian Bank"", ""capital adequacy ratio"", ""CE""]","[{""entity"": ""South Indian Bank"", ""matched_node_name"": ""South Indian Bank"", ""matched_id"": ""51a5bc4f-4796-40e8-8972-3f24ce508501"", ""matched_type"": ""COMPANY"", ""similarity"": 1.0, ""source"": ""gazetteer""}, {""entity"": ""capital adequacy ratio"", ""matched_node_name"": ""capital adequacy ratio"", ""matched_id"": ""a9e7103c-2a43-4d54-94d2-0f9178dbb42e"", ""matched_type"": ""METRIC"", ""similarity"": 1.0, ""source"": ""gazetteer""}, {""entity"": ""CE"", ""matched_node_name"": ""NSE"", ""matched_id"": ""f991983e-e758-47f5-acbf-1afe822e5f20"", ""matched_type"": ""COMPANY"", ""similarity"": 0.6484348893165588, ""source"": ""semantic""}]","What is <COMPANY>'s <METRIC> (CRAR), and its <COMPANY>T1 ratio if disclosed?","{""nn1"": ""COMPANY"", ""prop1_list"": [], ""target_ids"": [""a9e7103c-2a43-4d54-94d2-0f9178dbb42e"", ""f991983e-e758-47f5-acbf-1afe822e5f20""], ""nnp1"": ""51a5bc4f-4796-40e8-8972-3f24ce508501""}","{""nnp1"": ""51a5bc4f-4796-40e8-8972-3f24ce508501"", ""nnp2"": ""f991983e-e758-47f5-acbf-1afe822e5f20"", ""nnp3"": null, ""prop1"": null, ""nn1"": ""COMPANY"", ""nn2"": ""COMPANY"", ""threshold"": null, ""target_ids"": [""a9e7103c-2a43-4d54-94d2-0f9178dbb42e"", ""f991983e-e758-47f5-acbf-1afe822e5f20""], ""prop1_list"": []}",primary,1,"Template: simple_triplet (F_Simple)
Query intent: Simple question: subject linked to objects via a predicate.

Row 1: South Indian Bank reported a capital adequacy of 19.62%, up from 19.48% a year earlier.","South Indian Bank reported a capital adequacy ratio of 19.62%, showing an increase from 19.48% recorded a year earlier.",Somewhat relevant,The output successfully provides the capital adequacy ratio (CRAR) but fails to provide the CET1 ratio as explicitly requested.,
What are South Indian Bank's return on assets (ROA) and return on equity (ROE) for the latest quarter?,F_Simple,F_Simple,0.6404601230266839,simple_triplet,True,"[""South Indian Bank"", ""return on assets"", ""return on equity""]","[{""entity"": ""South Indian Bank"", ""matched_node_name"": ""South Indian Bank"", ""matched_id"": ""51a5bc4f-4796-40e8-8972-3f24ce508501"", ""matched_type"": ""COMPANY"", ""similarity"": 1.0, ""source"": ""gazetteer""}, {""entity"": ""return on assets"", ""matched_node_name"": ""return on assets"", ""matched_id"": ""dd83a8a6-2dd2-4407-9d71-917240c66c55"", ""matched_type"": ""METRIC"", ""similarity"": 1.0, ""source"": ""gazetteer""}, {""entity"": ""return on equity"", ""matched_node_name"": ""return on equity"", ""matched_id"": ""4c4c7086-00d6-4850-9bcd-ae7c8e8479a8"", ""matched_type"": ""METRIC"", ""similarity"": 1.0, ""source"": ""gazetteer""}]",What are <COMPANY>'s <METRIC> (ROA) and <METRIC> (ROE) for the latest quarter?,"{""nn1"": ""COMPANY"", ""prop1_list"": [], ""target_ids"": [""dd83a8a6-2dd2-4407-9d71-917240c66c55"", ""4c4c7086-00d6-4850-9bcd-ae7c8e8479a8""], ""nnp1"": ""51a5bc4f-4796-40e8-8972-3f24ce508501""}","{""nnp1"": ""51a5bc4f-4796-40e8-8972-3f24ce508501"", ""nnp2"": ""dd83a8a6-2dd2-4407-9d71-917240c66c55"", ""nnp3"": null, ""prop1"": null, ""nn1"": ""COMPANY"", ""nn2"": ""METRIC"", ""threshold"": null, ""target_ids"": [""dd83a8a6-2dd2-4407-9d71-917240c66c55"", ""4c4c7086-00d6-4850-9bcd-ae7c8e8479a8""], ""prop1_list"": []}",primary,1,"Template: simple_triplet (F_Simple)
Query intent: Simple question: subject linked to objects via a predicate.

Row 1: South Indian Bank's return on assets improved to 1.07% from 1.01% a year earlier.",South Indian Bank's return on assets improved to 1.07% from 1.01% a year earlier.,Somewhat relevant,The assistant output provides the return on assets (ROA) for South Indian Bank but fails to provide the return on equity (ROE) requested by the user.,
"What credit ratings has South Indian Bank received, and from which rating agencies?",F_Simple,F_Simple,0.5428842858605917,simple_triplet,True,"[""South Indian Bank""]","[{""entity"": ""South Indian Bank"", ""matched_node_name"": ""South Indian Bank"", ""matched_id"": ""51a5bc4f-4796-40e8-8972-3f24ce508501"", ""matched_type"": ""COMPANY"", ""similarity"": 1.0, ""source"": ""gazetteer""}]","What credit ratings has <COMPANY> received, and from which rating agencies?","{""nn1"": ""COMPANY"", ""prop1_list"": [""HAS_RATING""], ""target_ids"": [], ""nnp1"": ""51a5bc4f-4796-40e8-8972-3f24ce508501""}","{""nnp1"": ""51a5bc4f-4796-40e8-8972-3f24ce508501"", ""nnp2"": null, ""nnp3"": null, ""prop1"": ""HAS_RATING"", ""nn1"": ""COMPANY"", ""nn2"": null, ""threshold"": null, ""target_ids"": [], ""prop1_list"": [""HAS_RATING""]}",attribute_lookup,7,"Template: simple_triplet (F_Simple)
Query intent: Simple question: subject linked to objects via a predicate.

Row 1: South Indian Bank's banking_segment is Universal Banking
Row 2: South Indian Bank's country is India
Row 3: South Indian Bank's description is Headquartered in Thrissur, Kerala, South Indian Bank is a professionally managed bank running a traditional retail, SME and corporate universal-bank model with a strong South Indian, particularly Kerala, retail and NRI franchise.
Row 4: South Indian Bank's exchange is NSE, BSE
Row 5: South Indian Bank's legal_name is The South Indian Bank Limited
Row 6: South Indian Bank's listed is True
Row 7: South Indian Bank's ticker is SOUTHBANK","Headquartered in Thrissur, Kerala, The South Indian Bank Limited operates as a publicly listed universal bank on the NSE and BSE under the ticker SOUTHBANK, utilizing a traditional retail, SME, and corporate model. The institution features a strong retail and NRI franchise with a particular concentration in South India, specifically Kerala.",Not relevant,The assistant output provides general background information about the bank's headquarters and business model but completely fails to mention any credit ratings or rating agencies.,
"Roughly how many branches and ATMs does South Indian Bank operate, and as of what date?",F_QuantCount,F_QuantCount,0.5789900185289873,quant_count,True,"[""ATMs"", ""South Indian Bank""]","[{""entity"": ""ATMs"", ""matched_node_name"": ""ATMs"", ""matched_id"": ""1d9af7d1-80d1-4631-9a7a-7765335565d0"", ""matched_type"": ""DISTRIBUTIONCHANNEL"", ""similarity"": 1.0, ""source"": ""gazetteer""}, {""entity"": ""South Indian Bank"", ""matched_node_name"": ""South Indian Bank"", ""matched_id"": ""51a5bc4f-4796-40e8-8972-3f24ce508501"", ""matched_type"": ""COMPANY"", ""similarity"": 1.0, ""source"": ""gazetteer""}]","Roughly how many branches and <DISTRIBUTIONCHANNEL> does <COMPANY> operate, and as of what date?","{""nn1"": ""COMPANY"", ""nn2"": ""DISTRIBUTIONCHANNEL"", ""prop1"": null, ""nnp1"": ""51a5bc4f-4796-40e8-8972-3f24ce508501""}","{""nnp1"": ""51a5bc4f-4796-40e8-8972-3f24ce508501"", ""nnp2"": ""1d9af7d1-80d1-4631-9a7a-7765335565d0"", ""nnp3"": null, ""prop1"": null, ""nn1"": ""COMPANY"", ""nn2"": ""DISTRIBUTIONCHANNEL"", ""threshold"": null, ""target_ids"": [""1d9af7d1-80d1-4631-9a7a-7765335565d0""], ""prop1_list"": []}",,0,,,Not relevant,No summary was produced for this query (empty assistant output).,
"What products and services does South Indian Bank offer, and which customer segments does it serve?",F_Simple,F_Simple,0.6085853750573809,simple_triplet,True,"[""South Indian Bank""]","[{""entity"": ""South Indian Bank"", ""matched_node_name"": ""South Indian Bank"", ""matched_id"": ""51a5bc4f-4796-40e8-8972-3f24ce508501"", ""matched_type"": ""COMPANY"", ""similarity"": 1.0, ""source"": ""gazetteer""}]","What products and services does <COMPANY> offer, and which customer segments does it serve?","{""nn1"": ""COMPANY"", ""prop1_list"": [""OFFERS_PRODUCT"", ""SERVES""], ""target_ids"": [], ""nnp1"": ""51a5bc4f-4796-40e8-8972-3f24ce508501""}","{""nnp1"": ""51a5bc4f-4796-40e8-8972-3f24ce508501"", ""nnp2"": null, ""nnp3"": null, ""prop1"": ""SERVES"", ""nn1"": ""COMPANY"", ""nn2"": null, ""threshold"": null, ""target_ids"": [], ""prop1_list"": [""OFFERS_PRODUCT"", ""SERVES""]}",primary,1,"Template: simple_triplet (F_Simple)
Query intent: Simple question: subject linked to objects via a predicate.

Row 1: South Indian Bank serves a strong NRI franchise particularly based in Kerala.",South Indian Bank maintains a strong non-resident Indian franchise with a primary focus in Kerala.,Somewhat relevant,"The assistant mentions a key customer segment (non-resident Indians) and geographic focus, but it completely fails to answer the primary request regarding the specific products and services offered by the bank.",
What is Karur Vysya Bank's ticker symbol and on which exchange(s) does it trade?,F_Simple,F_Simple,0.6083001351391666,simple_triplet,True,"[""Karur""]","[{""entity"": ""Karur"", ""matched_node_name"": ""Karur"", ""matched_id"": ""1863f227-9df4-4844-ae20-eeb3fc1e5784"", ""matched_type"": ""GEOGRAPHY"", ""similarity"": 1.0, ""source"": ""gazetteer""}]",What is <GEOGRAPHY> Vysya Bank's ticker symbol and on which exchange(s) does it trade?,"{""nn1"": ""GEOGRAPHY"", ""prop1_list"": [], ""target_ids"": [], ""nnp1"": ""1863f227-9df4-4844-ae20-eeb3fc1e5784""}","{""nnp1"": ""1863f227-9df4-4844-ae20-eeb3fc1e5784"", ""nnp2"": null, ""nnp3"": null, ""prop1"": null, ""nn1"": ""GEOGRAPHY"", ""nn2"": null, ""threshold"": null, ""target_ids"": [], ""prop1_list"": []}",primary,1,"Template: simple_triplet (F_Simple)
Query intent: Simple question: subject linked to objects via a predicate.

Row 1: Karur Vysya Bank is headquartered in Karur.",Karur Vysya Bank has its headquarters located in Karur.,Not relevant,The assistant output provides the headquarters location of Karur Vysya Bank instead of its ticker symbol and stock exchanges.,
"Who is the current MD & CEO (or Chairman, where that is the top executive title) of Karur Vysya Bank?",F_Simple,F_Simple,0.7479491627108703,simple_triplet,True,"[""uti"", ""Karur"", ""MD""]","[{""entity"": ""uti"", ""matched_node_name"": ""UTI"", ""matched_id"": ""fd4feaba-a9ac-4e43-9418-e90485ccc0ee"", ""matched_type"": ""SHAREHOLDER"", ""similarity"": 1.0, ""source"": ""gazetteer""}, {""entity"": ""Karur"", ""matched_node_name"": ""Karur"", ""matched_id"": ""1863f227-9df4-4844-ae20-eeb3fc1e5784"", ""matched_type"": ""GEOGRAPHY"", ""similarity"": 1.0, ""source"": ""gazetteer""}, {""entity"": ""MD"", ""matched_node_name"": ""Sydney"", ""matched_id"": ""6ce73991-b958-4fd6-a892-0d2f5d32b61b"", ""matched_type"": ""GEOGRAPHY"", ""similarity"": 0.6347882270812988, ""source"": ""semantic""}]","Who is the current <GEOGRAPHY> & CEO (or Chairman, where that is the top exec<SHAREHOLDER>ve title) of <GEOGRAPHY> Vysya Bank?","{""nn1"": ""GEOGRAPHY"", ""prop1_list"": [""GovernanceRole""], ""target_ids"": [""fd4feaba-a9ac-4e43-9418-e90485ccc0ee"", ""1863f227-9df4-4844-ae20-eeb3fc1e5784""], ""nnp1"": ""6ce73991-b958-4fd6-a892-0d2f5d32b61b""}","{""nnp1"": ""6ce73991-b958-4fd6-a892-0d2f5d32b61b"", ""nnp2"": ""1863f227-9df4-4844-ae20-eeb3fc1e5784"", ""nnp3"": null, ""prop1"": ""GovernanceRole"", ""nn1"": ""GEOGRAPHY"", ""nn2"": ""GEOGRAPHY"", ""threshold"": null, ""target_ids"": [""fd4feaba-a9ac-4e43-9418-e90485ccc0ee"", ""1863f227-9df4-4844-ae20-eeb3fc1e5784""], ""prop1_list"": [""GovernanceRole""]}",attribute_lookup,2,"Template: simple_triplet (F_Simple)
Query intent: Simple question: subject linked to objects via a predicate.

Row 1: Sydney's geography_name is Sydney
Row 2: Sydney's level is City",Sydney is classified at the city level geographically.,Not relevant,The assistant output provides a completely unrelated geographic statement instead of identifying the Managing Director and CEO of Karur Vysya Bank.,
"What percentage of Karur Vysya Bank is held by its government promoter or largest shareholder, and as of what date?",F_LogUnion,F_LogUnion,0.6578365183516589,logical_union,True,"[""Karur""]","[{""entity"": ""Karur"", ""matched_node_name"": ""Karur"", ""matched_id"": ""1863f227-9df4-4844-ae20-eeb3fc1e5784"", ""matched_type"": ""GEOGRAPHY"", ""similarity"": 1.0, ""source"": ""gazetteer""}]","What percentage of <GEOGRAPHY> Vysya Bank is held by its government promoter or largest shareholder, and as of what date?","{""nnp2"": null, ""nn1"": ""GEOGRAPHY"", ""prop1_list"": [""OWNS"", ""REGULATED_BY"", ""OwnershipStake""], ""nnp1"": ""1863f227-9df4-4844-ae20-eeb3fc1e5784"", ""target_ids"": []}","{""nnp1"": ""1863f227-9df4-4844-ae20-eeb3fc1e5784"", ""nnp2"": null, ""nnp3"": null, ""prop1"": ""REGULATED_BY"", ""nn1"": ""GEOGRAPHY"", ""nn2"": null, ""threshold"": null, ""target_ids"": [], ""prop1_list"": [""OWNS"", ""REGULATED_BY"", ""OwnershipStake""]}",,0,,,Not relevant,No summary was produced for this query (empty assistant output).,
What was Karur Vysya Bank's CASA ratio in the most recently reported quarter?,F_Simple,F_Simple,0.5849065666460312,simple_triplet,True,"[""Karur"", ""CASA ratio""]","[{""entity"": ""Karur"", ""matched_node_name"": ""Karur"", ""matched_id"": ""1863f227-9df4-4844-ae20-eeb3fc1e5784"", ""matched_type"": ""GEOGRAPHY"", ""similarity"": 1.0, ""source"": ""gazetteer""}, {""entity"": ""CASA ratio"", ""matched_node_name"": ""CASA ratio"", ""matched_id"": ""f552ef12-cf71-4307-80e3-1eb10e256154"", ""matched_type"": ""METRIC"", ""similarity"": 1.0, ""source"": ""gazetteer""}]",What was <GEOGRAPHY> Vysya Bank's <METRIC> in the most recently reported quarter?,"{""nn1"": ""GEOGRAPHY"", ""prop1_list"": [], ""target_ids"": [""f552ef12-cf71-4307-80e3-1eb10e256154""], ""nnp1"": ""1863f227-9df4-4844-ae20-eeb3fc1e5784""}","{""nnp1"": ""1863f227-9df4-4844-ae20-eeb3fc1e5784"", ""nnp2"": ""f552ef12-cf71-4307-80e3-1eb10e256154"", ""nnp3"": null, ""prop1"": null, ""nn1"": ""GEOGRAPHY"", ""nn2"": ""METRIC"", ""threshold"": null, ""target_ids"": [""f552ef12-cf71-4307-80e3-1eb10e256154""], ""prop1_list"": []}",relaxed_direction,1,"Template: simple_triplet (F_Simple)
Query intent: Simple question: subject linked to objects via a predicate.

Row 1: Karur Vysya Bank is headquartered in Karur.",Karur Vysya Bank has its headquarters located in the city of Karur.,Not relevant,The assistant output provides the headquarters location of Karur Vysya Bank instead of answering the query about its CASA ratio in the most recently reported quarter.,
What is Karur Vysya Bank's net interest margin (NIM) for the latest reported period?,F_Simple,F_Simple,0.55061577488417,simple_triplet,True,"[""Karur"", ""net interest margin""]","[{""entity"": ""Karur"", ""matched_node_name"": ""Karur"", ""matched_id"": ""1863f227-9df4-4844-ae20-eeb3fc1e5784"", ""matched_type"": ""GEOGRAPHY"", ""similarity"": 1.0, ""source"": ""gazetteer""}, {""entity"": ""net interest margin"", ""matched_node_name"": ""Net interest margin"", ""matched_id"": ""ce0a12ce-b581-4229-a6b2-4d53c46e9d9d"", ""matched_type"": ""METRIC"", ""similarity"": 1.0, ""source"": ""gazetteer""}]",What is <GEOGRAPHY> Vysya Bank's <METRIC> (NIM) for the latest reported period?,"{""nn1"": ""GEOGRAPHY"", ""prop1_list"": [], ""target_ids"": [""ce0a12ce-b581-4229-a6b2-4d53c46e9d9d""], ""nnp1"": ""1863f227-9df4-4844-ae20-eeb3fc1e5784""}","{""nnp1"": ""1863f227-9df4-4844-ae20-eeb3fc1e5784"", ""nnp2"": ""ce0a12ce-b581-4229-a6b2-4d53c46e9d9d"", ""nnp3"": null, ""prop1"": null, ""nn1"": ""GEOGRAPHY"", ""nn2"": ""METRIC"", ""threshold"": null, ""target_ids"": [""ce0a12ce-b581-4229-a6b2-4d53c46e9d9d""], ""prop1_list"": []}",relaxed_direction,1,"Template: simple_triplet (F_Simple)
Query intent: Simple question: subject linked to objects via a predicate.

Row 1: Karur Vysya Bank is headquartered in Karur.",Karur Vysya Bank has its headquarters located in the city of Karur.,Not relevant,The assistant provides the headquarters location of Karur Vysya Bank instead of answering the query about its net interest margin (NIM).,
What are Karur Vysya Bank's gross NPA and net NPA ratios?,F_Simple,F_Simple,0.6019268424318381,simple_triplet,True,"[""Karur"", ""gross NPA"", ""net NPA""]","[{""entity"": ""Karur"", ""matched_node_name"": ""Karur"", ""matched_id"": ""1863f227-9df4-4844-ae20-eeb3fc1e5784"", ""matched_type"": ""GEOGRAPHY"", ""similarity"": 1.0, ""source"": ""gazetteer""}, {""entity"": ""gross NPA"", ""matched_node_name"": ""gross NPA"", ""matched_id"": ""00c1065d-13f6-42fc-be09-d1a8be6780cd"", ""matched_type"": ""METRIC"", ""similarity"": 1.0, ""source"": ""gazetteer""}, {""entity"": ""net NPA"", ""matched_node_name"": ""net NPA"", ""matched_id"": ""4539ed7c-a229-4073-a946-c4b6498648c7"", ""matched_type"": ""METRIC"", ""similarity"": 1.0, ""source"": ""gazetteer""}]",What are <GEOGRAPHY> Vysya Bank's <METRIC> and <METRIC> ratios?,"{""nn1"": ""GEOGRAPHY"", ""prop1_list"": [], ""target_ids"": [""00c1065d-13f6-42fc-be09-d1a8be6780cd"", ""4539ed7c-a229-4073-a946-c4b6498648c7""], ""nnp1"": ""1863f227-9df4-4844-ae20-eeb3fc1e5784""}","{""nnp1"": ""1863f227-9df4-4844-ae20-eeb3fc1e5784"", ""nnp2"": ""00c1065d-13f6-42fc-be09-d1a8be6780cd"", ""nnp3"": null, ""prop1"": null, ""nn1"": ""GEOGRAPHY"", ""nn2"": ""METRIC"", ""threshold"": null, ""target_ids"": [""00c1065d-13f6-42fc-be09-d1a8be6780cd"", ""4539ed7c-a229-4073-a946-c4b6498648c7""], ""prop1_list"": []}",relaxed_direction,1,"Template: simple_triplet (F_Simple)
Query intent: Simple question: subject linked to objects via a predicate.

Row 1: Karur Vysya Bank is headquartered in Karur.",Karur Vysya Bank has its headquarters located in the city of Karur.,Not relevant,The assistant output provides the location of the bank's headquarters rather than addressing the user's request for gross NPA and net NPA ratios.,
"What is Karur Vysya Bank's capital adequacy ratio (CRAR), and its CET1 ratio if disclosed?",F_Simple,F_Simple,0.5927402720905002,simple_triplet,True,"[""Karur"", ""capital adequacy ratio"", ""CE""]","[{""entity"": ""Karur"", ""matched_node_name"": ""Karur"", ""matched_id"": ""1863f227-9df4-4844-ae20-eeb3fc1e5784"", ""matched_type"": ""GEOGRAPHY"", ""similarity"": 1.0, ""source"": ""gazetteer""}, {""entity"": ""capital adequacy ratio"", ""matched_node_name"": ""capital adequacy ratio"", ""matched_id"": ""a9e7103c-2a43-4d54-94d2-0f9178dbb42e"", ""matched_type"": ""METRIC"", ""similarity"": 1.0, ""source"": ""gazetteer""}, {""entity"": ""CE"", ""matched_node_name"": ""NSE"", ""matched_id"": ""f991983e-e758-47f5-acbf-1afe822e5f20"", ""matched_type"": ""COMPANY"", ""similarity"": 0.6484348893165588, ""source"": ""semantic""}]","What is <GEOGRAPHY> Vysya Bank's <METRIC> (CRAR), and its <COMPANY>T1 ratio if disclosed?","{""nn1"": ""COMPANY"", ""prop1_list"": [], ""target_ids"": [""1863f227-9df4-4844-ae20-eeb3fc1e5784"", ""a9e7103c-2a43-4d54-94d2-0f9178dbb42e""], ""nnp1"": ""f991983e-e758-47f5-acbf-1afe822e5f20""}","{""nnp1"": ""f991983e-e758-47f5-acbf-1afe822e5f20"", ""nnp2"": ""1863f227-9df4-4844-ae20-eeb3fc1e5784"", ""nnp3"": null, ""prop1"": null, ""nn1"": ""COMPANY"", ""nn2"": ""GEOGRAPHY"", ""threshold"": null, ""target_ids"": [""1863f227-9df4-4844-ae20-eeb3fc1e5784"", ""a9e7103c-2a43-4d54-94d2-0f9178dbb42e""], ""prop1_list"": []}",relaxed_direction,3,"Template: simple_triplet (F_Simple)
Query intent: Simple question: subject linked to objects via a predicate.

Row 1: HDFC Bank Limited competes and trades on the NSE.
Row 2: Karur Vysya Bank is listed and trades on the NSE.
Row 3: City Union Bank Limited is listed on the NSE.","HDFC Bank Limited competes and trades on the National Stock Exchange alongside Karur Vysya Bank, which is also listed and traded there. Additionally, City Union Bank Limited maintains its listing on the same exchange.",Not relevant,The assistant output discusses stock exchange listings of competing banks instead of providing Karur Vysya Bank's capital adequacy ratio or CET1 ratio.,
What are Karur Vysya Bank's return on assets (ROA) and return on equity (ROE) for the latest quarter?,F_Simple,F_Simple,0.6953609309145777,simple_triplet,True,"[""Karur"", ""return on assets"", ""return on equity""]","[{""entity"": ""Karur"", ""matched_node_name"": ""Karur"", ""matched_id"": ""1863f227-9df4-4844-ae20-eeb3fc1e5784"", ""matched_type"": ""GEOGRAPHY"", ""similarity"": 1.0, ""source"": ""gazetteer""}, {""entity"": ""return on assets"", ""matched_node_name"": ""return on assets"", ""matched_id"": ""dd83a8a6-2dd2-4407-9d71-917240c66c55"", ""matched_type"": ""METRIC"", ""similarity"": 1.0, ""source"": ""gazetteer""}, {""entity"": ""return on equity"", ""matched_node_name"": ""return on equity"", ""matched_id"": ""4c4c7086-00d6-4850-9bcd-ae7c8e8479a8"", ""matched_type"": ""METRIC"", ""similarity"": 1.0, ""source"": ""gazetteer""}]",What are <GEOGRAPHY> Vysya Bank's <METRIC> (ROA) and <METRIC> (ROE) for the latest quarter?,"{""nn1"": ""GEOGRAPHY"", ""prop1_list"": [], ""target_ids"": [""dd83a8a6-2dd2-4407-9d71-917240c66c55"", ""4c4c7086-00d6-4850-9bcd-ae7c8e8479a8""], ""nnp1"": ""1863f227-9df4-4844-ae20-eeb3fc1e5784""}","{""nnp1"": ""1863f227-9df4-4844-ae20-eeb3fc1e5784"", ""nnp2"": ""dd83a8a6-2dd2-4407-9d71-917240c66c55"", ""nnp3"": null, ""prop1"": null, ""nn1"": ""GEOGRAPHY"", ""nn2"": ""METRIC"", ""threshold"": null, ""target_ids"": [""dd83a8a6-2dd2-4407-9d71-917240c66c55"", ""4c4c7086-00d6-4850-9bcd-ae7c8e8479a8""], ""prop1_list"": []}",relaxed_direction,1,"Template: simple_triplet (F_Simple)
Query intent: Simple question: subject linked to objects via a predicate.

Row 1: Karur Vysya Bank is headquartered in Karur.",Karur Vysya Bank has its headquarters located in the city of Karur.,Not relevant,"The assistant output provides the headquarters location of the bank instead of addressing the requested financial metrics, return on assets and return on equity.",
What was Karur Vysya Bank's total advances (loan book) and deposit growth in the latest quarter?,F_Simple,F_Simple,0.6619164194533175,simple_triplet,True,"[""Karur"", ""total advances"", ""deposit growth""]","[{""entity"": ""Karur"", ""matched_node_name"": ""Karur"", ""matched_id"": ""1863f227-9df4-4844-ae20-eeb3fc1e5784"", ""matched_type"": ""GEOGRAPHY"", ""similarity"": 1.0, ""source"": ""gazetteer""}, {""entity"": ""total advances"", ""matched_node_name"": ""Total Advances"", ""matched_id"": ""96dbb53b-28f6-42c3-96e5-77dc48c86818"", ""matched_type"": ""METRIC"", ""similarity"": 1.0, ""source"": ""gazetteer""}, {""entity"": ""deposit growth"", ""matched_node_name"": ""deposit growth"", ""matched_id"": ""74d2ba68-dde6-485e-ad5d-c3483d1ec0d8"", ""matched_type"": ""METRIC"", ""similarity"": 1.0, ""source"": ""gazetteer""}]",What was <GEOGRAPHY> Vysya Bank's <METRIC> (loan book) and <METRIC> in the latest quarter?,"{""nn1"": ""GEOGRAPHY"", ""prop1_list"": [], ""target_ids"": [""96dbb53b-28f6-42c3-96e5-77dc48c86818"", ""74d2ba68-dde6-485e-ad5d-c3483d1ec0d8""], ""nnp1"": ""1863f227-9df4-4844-ae20-eeb3fc1e5784""}","{""nnp1"": ""1863f227-9df4-4844-ae20-eeb3fc1e5784"", ""nnp2"": ""96dbb53b-28f6-42c3-96e5-77dc48c86818"", ""nnp3"": null, ""prop1"": null, ""nn1"": ""GEOGRAPHY"", ""nn2"": ""METRIC"", ""threshold"": null, ""target_ids"": [""96dbb53b-28f6-42c3-96e5-77dc48c86818"", ""74d2ba68-dde6-485e-ad5d-c3483d1ec0d8""], ""prop1_list"": []}",relaxed_direction,1,"Template: simple_triplet (F_Simple)
Query intent: Simple question: subject linked to objects via a predicate.

Row 1: Karur Vysya Bank is headquartered in Karur.",Karur Vysya Bank has its headquarters located in Karur.,Not relevant,The assistant output provides headquarters location information instead of answering the query about total advances and deposit growth.,
"What credit ratings has Karur Vysya Bank received, and from which rating agencies?",F_Simple,F_Simple,0.6048096103047907,simple_triplet,True,"[""Karur""]","[{""entity"": ""Karur"", ""matched_node_name"": ""Karur"", ""matched_id"": ""1863f227-9df4-4844-ae20-eeb3fc1e5784"", ""matched_type"": ""GEOGRAPHY"", ""similarity"": 1.0, ""source"": ""gazetteer""}]","What credit ratings has <GEOGRAPHY> Vysya Bank received, and from which rating agencies?","{""nn1"": ""GEOGRAPHY"", ""prop1_list"": [""HAS_RATING""], ""target_ids"": [], ""nnp1"": ""1863f227-9df4-4844-ae20-eeb3fc1e5784""}","{""nnp1"": ""1863f227-9df4-4844-ae20-eeb3fc1e5784"", ""nnp2"": null, ""nnp3"": null, ""prop1"": ""HAS_RATING"", ""nn1"": ""GEOGRAPHY"", ""nn2"": null, ""threshold"": null, ""target_ids"": [], ""prop1_list"": [""HAS_RATING""]}",attribute_lookup,3,"Template: simple_triplet (F_Simple)
Query intent: Simple question: subject linked to objects via a predicate.

Row 1: Karur's geography_name is Karur
Row 2: Karur's level is City
Row 3: Karur's parent_geography is Tamil Nadu",Karur is classified as a city located within the state of Tamil Nadu.,Not relevant,The assistant output discusses the geographic location of Karur instead of providing the credit ratings and agencies requested by the user.,
"Roughly how many branches and ATMs does Karur Vysya Bank operate, and as of what date?",F_QuantCount,F_QuantCount,0.609720437540148,quant_count,True,"[""ATMs"", ""Karur""]","[{""entity"": ""ATMs"", ""matched_node_name"": ""ATMs"", ""matched_id"": ""1d9af7d1-80d1-4631-9a7a-7765335565d0"", ""matched_type"": ""DISTRIBUTIONCHANNEL"", ""similarity"": 1.0, ""source"": ""gazetteer""}, {""entity"": ""Karur"", ""matched_node_name"": ""Karur"", ""matched_id"": ""1863f227-9df4-4844-ae20-eeb3fc1e5784"", ""matched_type"": ""GEOGRAPHY"", ""similarity"": 1.0, ""source"": ""gazetteer""}]","Roughly how many branches and <DISTRIBUTIONCHANNEL> does <GEOGRAPHY> Vysya Bank operate, and as of what date?","{""nn1"": ""GEOGRAPHY"", ""nn2"": ""DISTRIBUTIONCHANNEL"", ""prop1"": null, ""nnp1"": ""1863f227-9df4-4844-ae20-eeb3fc1e5784""}","{""nnp1"": ""1863f227-9df4-4844-ae20-eeb3fc1e5784"", ""nnp2"": ""1d9af7d1-80d1-4631-9a7a-7765335565d0"", ""nnp3"": null, ""prop1"": null, ""nn1"": ""GEOGRAPHY"", ""nn2"": ""DISTRIBUTIONCHANNEL"", ""threshold"": null, ""target_ids"": [""1d9af7d1-80d1-4631-9a7a-7765335565d0""], ""prop1_list"": []}",,0,,,Not relevant,No summary was produced for this query (empty assistant output).,
"What products and services does Karur Vysya Bank offer, and which customer segments does it serve?",F_Simple,F_Simple,0.6842584454887848,simple_triplet,True,"[""Karur""]","[{""entity"": ""Karur"", ""matched_node_name"": ""Karur"", ""matched_id"": ""1863f227-9df4-4844-ae20-eeb3fc1e5784"", ""matched_type"": ""GEOGRAPHY"", ""similarity"": 1.0, ""source"": ""gazetteer""}]","What products and services does <GEOGRAPHY> Vysya Bank offer, and which customer segments does it serve?","{""nn1"": ""GEOGRAPHY"", ""prop1_list"": [""OFFERS_PRODUCT"", ""SERVES""], ""target_ids"": [], ""nnp1"": ""1863f227-9df4-4844-ae20-eeb3fc1e5784""}","{""nnp1"": ""1863f227-9df4-4844-ae20-eeb3fc1e5784"", ""nnp2"": null, ""nnp3"": null, ""prop1"": ""SERVES"", ""nn1"": ""GEOGRAPHY"", ""nn2"": null, ""threshold"": null, ""target_ids"": [], ""prop1_list"": [""OFFERS_PRODUCT"", ""SERVES""]}",attribute_lookup,3,"Template: simple_triplet (F_Simple)
Query intent: Simple question: subject linked to objects via a predicate.

Row 1: Karur's geography_name is Karur
Row 2: Karur's level is City
Row 3: Karur's parent_geography is Tamil Nadu",Karur is classified as a city located within the state of Tamil Nadu.,Not relevant,"The assistant output discusses the geographic location of Karur rather than answering the user's request about the products, services, and customer segments of Karur Vysya Bank.",
What is City Union Bank's ticker symbol and on which exchange(s) does it trade?,F_Simple,F_Simple,0.5660659596990265,simple_triplet,True,"[""City Union Bank""]","[{""entity"": ""City Union Bank"", ""matched_node_name"": ""City Union Bank Limited"", ""matched_id"": ""ce260640-1ca6-4fbb-9322-6108f3c22825"", ""matched_type"": ""COMPANY"", ""similarity"": 1.1303997755050659, ""source"": ""semantic""}]",What is <COMPANY>'s ticker symbol and on which exchange(s) does it trade?,"{""nn1"": ""COMPANY"", ""prop1_list"": [], ""target_ids"": [], ""nnp1"": ""ce260640-1ca6-4fbb-9322-6108f3c22825""}","{""nnp1"": ""ce260640-1ca6-4fbb-9322-6108f3c22825"", ""nnp2"": null, ""nnp3"": null, ""prop1"": null, ""nn1"": ""COMPANY"", ""nn2"": null, ""threshold"": null, ""target_ids"": [], ""prop1_list"": []}",primary,44,"Template: simple_triplet (F_Simple)
Query intent: Simple question: subject linked to objects via a predicate.

Row 1: City Union Bank received a reaffirmed AA- issuer rating from CARE Ratings on 30/31 March 2026.
Row 2: City Union Bank carries an AA- rating with a Positive outlook from CARE Ratings.
Row 3: City Union Bank experienced 25% year-on-year advances growth.
Row 4: City Union Bank experienced strong 25% year-on-year loan growth.
Row 5: City Union Bank Limited is listed on the BSE.
Row 6: City Union Bank is rated by CARE Ratings.
Row 7: City Union Bank reported a Q1 FY27 CASA balance of ₹210,940 million, up 18%.
Row 8: City Union Bank reported a CASA ratio of roughly 26.6% in Q1 FY27.
Row 9: Dr. N. Kamakoti previously served as the MD & CEO of City Union Bank, succeeded by R. Vijay Anandh.
Row 10: FIIs held roughly 28.0% of City Union Bank as of March 2025.
Row 11: G. Mahalingam serves as the non-executive chairman of City Union Bank.
Row 12: HDFC Mutual Fund held about 6.56% of City Union Bank as of March 2025.
Row 13: City Union Bank is headquartered in Kumbakonam.
Row 14: City Union Bank focuses on the MSME customer segment.
Row 15: City Union Bank Limited is listed on the NSE.
Row 16: City Union Bank maintained a net interest margin of 3.78%.
Row 17: City Union Bank relies on its best-in-class operating leverage to drive return on equity.
Row 18: R. Vijay Anandh became the MD & CEO of City Union Bank effective 1 May 2026.
Row 19: City Union Bank is regulated by the RBI.
Row 20: City Union Bank runs a retail-focused banking model.
Row 21: SBI Mutual Fund held roughly 7.86% of City Union Bank as of March 2025.
Row 22: City Union Bank is regulated by the SEBI.
Row 23: Small Cap World Fund held about 4.94% of City Union Bank as of March 2025.
Row 24: City Union Bank is headquartered in Tamil Nadu and has 59% of its branches concentrated in the state.
Row 25: City Union Bank's Q1 FY27 total advances reached ₹676,454 million.
Row 26: City Union Bank holds a universal banking license.
Row 27: City Union Bank operates a network of more than 1,000 branches.
Row 28: City Union Bank has a capital adequacy ratio of 21.73%.
Row 29: City Union Bank faces continuity risk because its new MD & CEO only took charge on May 1, 2026.
Row 30: City Union Bank reported a cost-to-income ratio of 45.42%.
Row 31: City Union Bank is exposed to credit risk given the pace of its 25% year-on-year loan growth.
Row 32: City Union Bank achieved 21% deposit growth.
Row 33: Domestic institutions held 33.1% of City Union Bank as of March 2025.
Row 34: City Union Bank faces residual execution risk as implied by its Positive rating outlook from CARE Ratings.
Row 35: City Union Bank is exposed to geographic concentration risk in Tamil Nadu due to 59% of its branches being concentrated there.
Row 36: City Union Bank improved its gross NPA from 2.99% to 1.73% year-on-year.
Row 37: City Union Bank belongs to the mid-size Tamil Nadu-focused private banks segment.
Row 38: City Union Bank reduced its net NPA to 0.61% from 1.2%.
Row 39: City Union Bank achieved a net interest income of ₹8,201 million, up 31%.
Row 40: City Union Bank is exposed to operational risk from its recent leadership transition.
Row 41: City Union Bank's provision coverage is 85% including technical write-offs.
Row 42: City Union Bank reported a return on assets of 1.57%.
Row 43: City Union Bank reported a return on equity of 14.37%.
Row 44: City Union Bank reported Q1 FY27 total deposits of ₹793,423 million, up 21% year-on-year.","City Union Bank maintains a reaffirmed AA- issuer rating from CARE Ratings with a positive outlook, supported by strong financial metrics including a 21.73% capital adequacy ratio and improved asset quality with gross NPAs dropping to 1.73%. However, the bank faces operational and continuity risks stemming from its recent leadership transition under new MD & CEO R. Vijay Anandh, alongside credit and geographic concentrations tied to its rapid 25% loan growth and heavy branch reliance in Tamil Nadu.",Not relevant,"The assistant output discusses credit ratings, capital adequacy, and leadership transitions, completely failing to provide City Union Bank's ticker symbol and trading exchanges as requested.",
"What percentage of City Union Bank is held by its government promoter or largest shareholder, and as of what date?",F_LogUnion,F_LogUnion,0.6758920373727951,logical_union,True,"[""City Union Bank""]","[{""entity"": ""City Union Bank"", ""matched_node_name"": ""City Union Bank Limited"", ""matched_id"": ""ce260640-1ca6-4fbb-9322-6108f3c22825"", ""matched_type"": ""COMPANY"", ""similarity"": 1.1303997755050659, ""source"": ""semantic""}]","What percentage of <COMPANY> is held by its government promoter or largest shareholder, and as of what date?","{""nnp2"": null, ""nn1"": ""COMPANY"", ""prop1_list"": [""OWNS"", ""REGULATED_BY"", ""OwnershipStake""], ""nnp1"": ""ce260640-1ca6-4fbb-9322-6108f3c22825"", ""target_ids"": []}","{""nnp1"": ""ce260640-1ca6-4fbb-9322-6108f3c22825"", ""nnp2"": null, ""nnp3"": null, ""prop1"": ""REGULATED_BY"", ""nn1"": ""COMPANY"", ""nn2"": null, ""threshold"": null, ""target_ids"": [], ""prop1_list"": [""OWNS"", ""REGULATED_BY"", ""OwnershipStake""]}",primary,5,"Template: logical_union (F_LogUnion)
Query intent: Union of two relationship patterns from the same subject.

Row 1: Domestic institutions held 33.1% of City Union Bank as of March 2025.
Row 2: FIIs held roughly 28.0% of City Union Bank as of March 2025.
Row 3: HDFC Mutual Fund held about 6.56% of City Union Bank as of March 2025.
Row 4: SBI Mutual Fund held roughly 7.86% of City Union Bank as of March 2025.
Row 5: Small Cap World Fund held about 4.94% of City Union Bank as of March 2025.","As of March 2025, domestic institutions and Foreign Institutional Investors held 33.1% and roughly 28.0% of City Union Bank, respectively. Key institutional investors during this period included SBI Mutual Fund at roughly 7.86%, HDFC Mutual Fund at about 6.56%, and Small Cap World Fund at about 4.94%.",Not relevant,"The assistant output discusses holdings by domestic institutions and mutual funds but fails to answer the user's specific question regarding the percentage held by the government promoter or largest shareholder, and the exact date.",
What was City Union Bank's CASA ratio in the most recently reported quarter?,F_Simple,F_Simple,0.4957014209614541,simple_triplet,True,"[""City Union Bank"", ""CASA ratio""]","[{""entity"": ""City Union Bank"", ""matched_node_name"": ""City Union Bank Limited"", ""matched_id"": ""ce260640-1ca6-4fbb-9322-6108f3c22825"", ""matched_type"": ""COMPANY"", ""similarity"": 1.1303997755050659, ""source"": ""semantic""}, {""entity"": ""CASA ratio"", ""matched_node_name"": ""CASA ratio"", ""matched_id"": ""f552ef12-cf71-4307-80e3-1eb10e256154"", ""matched_type"": ""METRIC"", ""similarity"": 1.0, ""source"": ""gazetteer""}]",What was <COMPANY>'s <METRIC> in the most recently reported quarter?,"{""nn1"": ""COMPANY"", ""prop1_list"": [], ""target_ids"": [""f552ef12-cf71-4307-80e3-1eb10e256154""], ""nnp1"": ""ce260640-1ca6-4fbb-9322-6108f3c22825""}","{""nnp1"": ""ce260640-1ca6-4fbb-9322-6108f3c22825"", ""nnp2"": ""f552ef12-cf71-4307-80e3-1eb10e256154"", ""nnp3"": null, ""prop1"": null, ""nn1"": ""COMPANY"", ""nn2"": ""METRIC"", ""threshold"": null, ""target_ids"": [""f552ef12-cf71-4307-80e3-1eb10e256154""], ""prop1_list"": []}",primary,1,"Template: simple_triplet (F_Simple)
Query intent: Simple question: subject linked to objects via a predicate.

Row 1: City Union Bank reported a CASA ratio of roughly 26.6% in Q1 FY27.",City Union Bank recorded a CASA ratio of approximately 26.6% during the first quarter of fiscal year 2027.,Relevant,The assistant output directly and accurately addresses the user's request regarding City Union Bank's CASA ratio for the most recently reported quarter.,
What is City Union Bank's net interest margin (NIM) for the latest reported period?,F_Simple,F_Simple,0.4559410416941235,simple_triplet,True,"[""City Union Bank"", ""net interest margin""]","[{""entity"": ""City Union Bank"", ""matched_node_name"": ""City Union Bank Limited"", ""matched_id"": ""ce260640-1ca6-4fbb-9322-6108f3c22825"", ""matched_type"": ""COMPANY"", ""similarity"": 1.1303997755050659, ""source"": ""semantic""}, {""entity"": ""net interest margin"", ""matched_node_name"": ""Net interest margin"", ""matched_id"": ""ce0a12ce-b581-4229-a6b2-4d53c46e9d9d"", ""matched_type"": ""METRIC"", ""similarity"": 1.0, ""source"": ""gazetteer""}]",What is <COMPANY>'s <METRIC> (NIM) for the latest reported period?,"{""nn1"": ""COMPANY"", ""prop1_list"": [], ""target_ids"": [""ce0a12ce-b581-4229-a6b2-4d53c46e9d9d""], ""nnp1"": ""ce260640-1ca6-4fbb-9322-6108f3c22825""}","{""nnp1"": ""ce260640-1ca6-4fbb-9322-6108f3c22825"", ""nnp2"": ""ce0a12ce-b581-4229-a6b2-4d53c46e9d9d"", ""nnp3"": null, ""prop1"": null, ""nn1"": ""COMPANY"", ""nn2"": ""METRIC"", ""threshold"": null, ""target_ids"": [""ce0a12ce-b581-4229-a6b2-4d53c46e9d9d""], ""prop1_list"": []}",primary,1,"Template: simple_triplet (F_Simple)
Query intent: Simple question: subject linked to objects via a predicate.

Row 1: City Union Bank maintained a net interest margin of 3.78%.",City Union Bank maintained a net interest margin of 3.78%.,Relevant,The assistant output directly answers the user's request by providing City Union Bank's net interest margin.,
What are City Union Bank's gross NPA and net NPA ratios?,F_Simple,F_Simple,0.5339957873182645,simple_triplet,True,"[""City Union Bank"", ""gross NPA"", ""net NPA""]","[{""entity"": ""City Union Bank"", ""matched_node_name"": ""City Union Bank Limited"", ""matched_id"": ""ce260640-1ca6-4fbb-9322-6108f3c22825"", ""matched_type"": ""COMPANY"", ""similarity"": 1.1303997755050659, ""source"": ""semantic""}, {""entity"": ""gross NPA"", ""matched_node_name"": ""gross NPA"", ""matched_id"": ""00c1065d-13f6-42fc-be09-d1a8be6780cd"", ""matched_type"": ""METRIC"", ""similarity"": 1.0, ""source"": ""gazetteer""}, {""entity"": ""net NPA"", ""matched_node_name"": ""net NPA"", ""matched_id"": ""4539ed7c-a229-4073-a946-c4b6498648c7"", ""matched_type"": ""METRIC"", ""similarity"": 1.0, ""source"": ""gazetteer""}]",What are <COMPANY>'s <METRIC> and <METRIC> ratios?,"{""nn1"": ""COMPANY"", ""prop1_list"": [], ""target_ids"": [""00c1065d-13f6-42fc-be09-d1a8be6780cd"", ""4539ed7c-a229-4073-a946-c4b6498648c7""], ""nnp1"": ""ce260640-1ca6-4fbb-9322-6108f3c22825""}","{""nnp1"": ""ce260640-1ca6-4fbb-9322-6108f3c22825"", ""nnp2"": ""00c1065d-13f6-42fc-be09-d1a8be6780cd"", ""nnp3"": null, ""prop1"": null, ""nn1"": ""COMPANY"", ""nn2"": ""METRIC"", ""threshold"": null, ""target_ids"": [""00c1065d-13f6-42fc-be09-d1a8be6780cd"", ""4539ed7c-a229-4073-a946-c4b6498648c7""], ""prop1_list"": []}",primary,2,"Template: simple_triplet (F_Simple)
Query intent: Simple question: subject linked to objects via a predicate.

Row 1: City Union Bank improved its gross NPA from 2.99% to 1.73% year-on-year.
Row 2: City Union Bank reduced its net NPA to 0.61% from 1.2%.","City Union Bank significantly improved its asset quality year-on-year by reducing its gross non-performing assets from 2.99% down to 1.73%. Additionally, the bank lowered its net non-performing assets to 0.61% compared to the previous 1.2%.",Relevant,The assistant output directly and accurately provides both the gross NPA and net NPA ratios requested by the user.,
"What is City Union Bank's capital adequacy ratio (CRAR), and its CET1 ratio if disclosed?",F_Simple,F_Simple,0.5026933839121343,simple_triplet,True,"[""City Union Bank"", ""capital adequacy ratio"", ""CE""]","[{""entity"": ""City Union Bank"", ""matched_node_name"": ""City Union Bank Limited"", ""matched_id"": ""ce260640-1ca6-4fbb-9322-6108f3c22825"", ""matched_type"": ""COMPANY"", ""similarity"": 1.1303997755050659, ""source"": ""semantic""}, {""entity"": ""capital adequacy ratio"", ""matched_node_name"": ""capital adequacy ratio"", ""matched_id"": ""a9e7103c-2a43-4d54-94d2-0f9178dbb42e"", ""matched_type"": ""METRIC"", ""similarity"": 1.0, ""source"": ""gazetteer""}, {""entity"": ""CE"", ""matched_node_name"": ""NSE"", ""matched_id"": ""f991983e-e758-47f5-acbf-1afe822e5f20"", ""matched_type"": ""COMPANY"", ""similarity"": 0.6484348893165588, ""source"": ""semantic""}]","What is <COMPANY>'s <METRIC> (CRAR), and its <COMPANY>T1 ratio if disclosed?","{""nn1"": ""COMPANY"", ""prop1_list"": [], ""target_ids"": [""a9e7103c-2a43-4d54-94d2-0f9178dbb42e"", ""f991983e-e758-47f5-acbf-1afe822e5f20""], ""nnp1"": ""ce260640-1ca6-4fbb-9322-6108f3c22825""}","{""nnp1"": ""ce260640-1ca6-4fbb-9322-6108f3c22825"", ""nnp2"": ""f991983e-e758-47f5-acbf-1afe822e5f20"", ""nnp3"": null, ""prop1"": null, ""nn1"": ""COMPANY"", ""nn2"": ""COMPANY"", ""threshold"": null, ""target_ids"": [""a9e7103c-2a43-4d54-94d2-0f9178dbb42e"", ""f991983e-e758-47f5-acbf-1afe822e5f20""], ""prop1_list"": []}",primary,2,"Template: simple_triplet (F_Simple)
Query intent: Simple question: subject linked to objects via a predicate.

Row 1: City Union Bank Limited is listed on the NSE.
Row 2: City Union Bank has a capital adequacy ratio of 21.73%.",City Union Bank Limited is publicly listed on the National Stock Exchange and maintains a capital adequacy ratio of 21.73%.,Somewhat relevant,The assistant output provides the capital adequacy ratio (CRAR) but fails to provide the CET1 ratio as specifically requested by the user.,
What are City Union Bank's return on assets (ROA) and return on equity (ROE) for the latest quarter?,F_Simple,F_Simple,0.6404601230266839,simple_triplet,True,"[""City Union Bank"", ""return on assets"", ""return on equity""]","[{""entity"": ""City Union Bank"", ""matched_node_name"": ""City Union Bank Limited"", ""matched_id"": ""ce260640-1ca6-4fbb-9322-6108f3c22825"", ""matched_type"": ""COMPANY"", ""similarity"": 1.1303997755050659, ""source"": ""semantic""}, {""entity"": ""return on assets"", ""matched_node_name"": ""return on assets"", ""matched_id"": ""dd83a8a6-2dd2-4407-9d71-917240c66c55"", ""matched_type"": ""METRIC"", ""similarity"": 1.0, ""source"": ""gazetteer""}, {""entity"": ""return on equity"", ""matched_node_name"": ""return on equity"", ""matched_id"": ""4c4c7086-00d6-4850-9bcd-ae7c8e8479a8"", ""matched_type"": ""METRIC"", ""similarity"": 1.0, ""source"": ""gazetteer""}]",What are <COMPANY>'s <METRIC> (ROA) and <METRIC> (ROE) for the latest quarter?,"{""nn1"": ""COMPANY"", ""prop1_list"": [], ""target_ids"": [""dd83a8a6-2dd2-4407-9d71-917240c66c55"", ""4c4c7086-00d6-4850-9bcd-ae7c8e8479a8""], ""nnp1"": ""ce260640-1ca6-4fbb-9322-6108f3c22825""}","{""nnp1"": ""ce260640-1ca6-4fbb-9322-6108f3c22825"", ""nnp2"": ""dd83a8a6-2dd2-4407-9d71-917240c66c55"", ""nnp3"": null, ""prop1"": null, ""nn1"": ""COMPANY"", ""nn2"": ""METRIC"", ""threshold"": null, ""target_ids"": [""dd83a8a6-2dd2-4407-9d71-917240c66c55"", ""4c4c7086-00d6-4850-9bcd-ae7c8e8479a8""], ""prop1_list"": []}",primary,2,"Template: simple_triplet (F_Simple)
Query intent: Simple question: subject linked to objects via a predicate.

Row 1: City Union Bank reported a return on assets of 1.57%.
Row 2: City Union Bank reported a return on equity of 14.37%.",City Union Bank posted a return on assets of 1.57% alongside a return on equity of 14.37%. These figures highlight the bank's current profitability and efficiency in generating returns from both its asset base and shareholder equity.,Relevant,The assistant output directly and accurately provides City Union Bank's return on assets and return on equity as requested.,
What was City Union Bank's total advances (loan book) and deposit growth in the latest quarter?,F_Simple,F_Simple,0.5786835426932809,simple_triplet,True,"[""City Union Bank"", ""total advances"", ""deposit growth""]","[{""entity"": ""City Union Bank"", ""matched_node_name"": ""City Union Bank Limited"", ""matched_id"": ""ce260640-1ca6-4fbb-9322-6108f3c22825"", ""matched_type"": ""COMPANY"", ""similarity"": 1.1303997755050659, ""source"": ""semantic""}, {""entity"": ""total advances"", ""matched_node_name"": ""Total Advances"", ""matched_id"": ""96dbb53b-28f6-42c3-96e5-77dc48c86818"", ""matched_type"": ""METRIC"", ""similarity"": 1.0, ""source"": ""gazetteer""}, {""entity"": ""deposit growth"", ""matched_node_name"": ""deposit growth"", ""matched_id"": ""74d2ba68-dde6-485e-ad5d-c3483d1ec0d8"", ""matched_type"": ""METRIC"", ""similarity"": 1.0, ""source"": ""gazetteer""}]",What was <COMPANY>'s <METRIC> (loan book) and <METRIC> in the latest quarter?,"{""nn1"": ""COMPANY"", ""prop1_list"": [], ""target_ids"": [""96dbb53b-28f6-42c3-96e5-77dc48c86818"", ""74d2ba68-dde6-485e-ad5d-c3483d1ec0d8""], ""nnp1"": ""ce260640-1ca6-4fbb-9322-6108f3c22825""}","{""nnp1"": ""ce260640-1ca6-4fbb-9322-6108f3c22825"", ""nnp2"": ""96dbb53b-28f6-42c3-96e5-77dc48c86818"", ""nnp3"": null, ""prop1"": null, ""nn1"": ""COMPANY"", ""nn2"": ""METRIC"", ""threshold"": null, ""target_ids"": [""96dbb53b-28f6-42c3-96e5-77dc48c86818"", ""74d2ba68-dde6-485e-ad5d-c3483d1ec0d8""], ""prop1_list"": []}",primary,2,"Template: simple_triplet (F_Simple)
Query intent: Simple question: subject linked to objects via a predicate.

Row 1: City Union Bank's Q1 FY27 total advances reached ₹676,454 million.
Row 2: City Union Bank achieved 21% deposit growth.","City Union Bank reached total advances of ₹676,454 million during the first quarter of fiscal year 2027. Additionally, the bank achieved a deposit growth rate of 21%.",Somewhat relevant,The assistant output provides the total advances for the specified quarter but mentions a deposit growth rate instead of the absolute total deposit figure or complete growth metrics requested.,
"What credit ratings has City Union Bank received, and from which rating agencies?",F_Simple,F_Simple,0.5428842858605917,simple_triplet,True,"[""City Union Bank""]","[{""entity"": ""City Union Bank"", ""matched_node_name"": ""City Union Bank Limited"", ""matched_id"": ""ce260640-1ca6-4fbb-9322-6108f3c22825"", ""matched_type"": ""COMPANY"", ""similarity"": 1.1303997755050659, ""source"": ""semantic""}]","What credit ratings has <COMPANY> received, and from which rating agencies?","{""nn1"": ""COMPANY"", ""prop1_list"": [""HAS_RATING""], ""target_ids"": [], ""nnp1"": ""ce260640-1ca6-4fbb-9322-6108f3c22825""}","{""nnp1"": ""ce260640-1ca6-4fbb-9322-6108f3c22825"", ""nnp2"": null, ""nnp3"": null, ""prop1"": ""HAS_RATING"", ""nn1"": ""COMPANY"", ""nn2"": null, ""threshold"": null, ""target_ids"": [], ""prop1_list"": [""HAS_RATING""]}",primary,2,"Template: simple_triplet (F_Simple)
Query intent: Simple question: subject linked to objects via a predicate.

Row 1: City Union Bank received a reaffirmed AA- issuer rating from CARE Ratings on 30/31 March 2026.
Row 2: City Union Bank carries an AA- rating with a Positive outlook from CARE Ratings.","CARE Ratings reaffirmed City Union Bank's AA- issuer rating with a Positive outlook on March 30 and 31, 2026. This ongoing assessment reflects the bank's continued credit standing as evaluated by the rating agency.",Relevant,"The assistant output directly identifies the credit rating, the rating agency, and the outlook for City Union Bank, fully addressing the user's request.",
"Roughly how many branches and ATMs does City Union Bank operate, and as of what date?",F_QuantCount,F_QuantCount,0.5789900185289873,quant_count,True,"[""City Union Bank"", ""ATMs""]","[{""entity"": ""City Union Bank"", ""matched_node_name"": ""City Union Bank Limited"", ""matched_id"": ""ce260640-1ca6-4fbb-9322-6108f3c22825"", ""matched_type"": ""COMPANY"", ""similarity"": 1.1303997755050659, ""source"": ""semantic""}, {""entity"": ""ATMs"", ""matched_node_name"": ""ATMs"", ""matched_id"": ""1d9af7d1-80d1-4631-9a7a-7765335565d0"", ""matched_type"": ""DISTRIBUTIONCHANNEL"", ""similarity"": 1.0, ""source"": ""gazetteer""}]","Roughly how many branches and <DISTRIBUTIONCHANNEL> does <COMPANY> operate, and as of what date?","{""nn1"": ""COMPANY"", ""nn2"": ""DISTRIBUTIONCHANNEL"", ""prop1"": null, ""nnp1"": ""ce260640-1ca6-4fbb-9322-6108f3c22825""}","{""nnp1"": ""ce260640-1ca6-4fbb-9322-6108f3c22825"", ""nnp2"": ""1d9af7d1-80d1-4631-9a7a-7765335565d0"", ""nnp3"": null, ""prop1"": null, ""nn1"": ""COMPANY"", ""nn2"": ""DISTRIBUTIONCHANNEL"", ""threshold"": null, ""target_ids"": [""1d9af7d1-80d1-4631-9a7a-7765335565d0""], ""prop1_list"": []}",primary,1,"Template: quant_count (F_QuantCount)
Query intent: Count related objects for a subject entity.

Row 1: subject_name=City Union Bank Limited | object_count=1 (1 facts)
  - City Union Bank operates a network of more than 1,000 branches.","City Union Bank Limited operates an extensive branch network consisting of over 1,000 locations.",Somewhat relevant,The output provides the approximate branch count but fails to mention the number of ATMs or the specific date as requested by the user.,
"What products and services does City Union Bank offer, and which customer segments does it serve?",F_Simple,F_Simple,0.6085853750573809,simple_triplet,True,"[""City Union Bank""]","[{""entity"": ""City Union Bank"", ""matched_node_name"": ""City Union Bank Limited"", ""matched_id"": ""ce260640-1ca6-4fbb-9322-6108f3c22825"", ""matched_type"": ""COMPANY"", ""similarity"": 1.1303997755050659, ""source"": ""semantic""}]","What products and services does <COMPANY> offer, and which customer segments does it serve?","{""nn1"": ""COMPANY"", ""prop1_list"": [""OFFERS_PRODUCT"", ""SERVES""], ""target_ids"": [], ""nnp1"": ""ce260640-1ca6-4fbb-9322-6108f3c22825""}","{""nnp1"": ""ce260640-1ca6-4fbb-9322-6108f3c22825"", ""nnp2"": null, ""nnp3"": null, ""prop1"": ""SERVES"", ""nn1"": ""COMPANY"", ""nn2"": null, ""threshold"": null, ""target_ids"": [], ""prop1_list"": [""OFFERS_PRODUCT"", ""SERVES""]}",attribute_lookup,8,"Template: simple_triplet (F_Simple)
Query intent: Simple question: subject linked to objects via a predicate.

Row 1: City Union Bank Limited's banking_segment is Universal Banking
Row 2: City Union Bank Limited's country is India
Row 3: City Union Bank Limited's description is City Union Bank is a professionally managed bank headquartered in Kumbakonam, Tamil Nadu, running a retail and MSME-focused banking model and holding a universal banking license.
Row 4: City Union Bank Limited's exchange is NSE, BSE
Row 5: City Union Bank Limited's legal_name is City Union Bank Limited
Row 6: City Union Bank Limited's listed is True
Row 7: City Union Bank Limited's sector is Banking
Row 8: City Union Bank Limited's ticker is CUB","City Union Bank Limited is a publicly listed banking institution headquartered in Kumbakonam, Tamil Nadu, operating under a universal banking license within India's banking sector. The professionally managed bank runs a retail and MSME-focused model and trades on both the NSE and BSE exchanges under the ticker CUB.",Somewhat relevant,"The output mentions the bank's customer focus on retail and MSMEs, but it fails to comprehensively list the specific products and services offered by the institution.",
What is DCB Bank's ticker symbol and on which exchange(s) does it trade?,F_Simple,F_Simple,0.5660659596990265,simple_triplet,True,"[""DCB Bank""]","[{""entity"": ""DCB Bank"", ""matched_node_name"": ""DCB BANK LIMITED"", ""matched_id"": ""6d2e1dce-45ce-4021-b47e-aeeb6c5ef701"", ""matched_type"": ""COMPANY"", ""similarity"": 1.1417153000831604, ""source"": ""semantic""}]",What is <COMPANY>'s ticker symbol and on which exchange(s) does it trade?,"{""nn1"": ""COMPANY"", ""prop1_list"": [], ""target_ids"": [], ""nnp1"": ""6d2e1dce-45ce-4021-b47e-aeeb6c5ef701""}","{""nnp1"": ""6d2e1dce-45ce-4021-b47e-aeeb6c5ef701"", ""nnp2"": null, ""nnp3"": null, ""prop1"": null, ""nn1"": ""COMPANY"", ""nn2"": null, ""threshold"": null, ""target_ids"": [], ""prop1_list"": []}",primary,49,"Template: simple_triplet (F_Simple)
Query intent: Simple question: subject linked to objects via a predicate.

Row 1: DCB Bank's certificates of deposit are rated A1+ by both CRISIL and CARE.
Row 2: DCB Bank's long-term subordinated debt is rated AA- Stable.
Row 3: DCB Bank depends on AKFED's continued promoter capital support.
Row 4: AKFED held a combined 16.23% stake in DCB Bank Limited as of Q1 FY27.
Row 5: DCB Bank's growth is expected to come from advances expansion.
Row 6: DCB Bank Limited is affiliated with the Aga Khan Development Network through its promoter.
Row 7: The Aga Khan Fund for Economic Development is a promoter of DCB Bank Limited.
Row 8: DCB Bank's long-term subordinated debt and certificates of deposit are rated by CARE.
Row 9: DCB Bank's margin is expected to come from an improving CASA mix.
Row 10: DCB Bank Limited reported a Q1 FY27 CASA ratio of 21.65%.
Row 11: DCB Bank's long-term subordinated debt and certificates of deposit are rated by CRISIL.
Row 12: Farokh N. Subedar has served as the chairperson of DCB Bank Limited since 2023.
Row 13: Franklin India's Smaller Companies Fund held about 4.55% of DCB Bank Limited as of March 2025.
Row 14: DCB Bank is exposed to funding risk from its low and declining CASA base.
Row 15: HDFC Small Cap Fund held roughly 5.27% of DCB Bank Limited as of March 2025.
Row 16: DCB Bank Limited provides secured lending via MSME credit.
Row 17: DCB Bank Limited is headquartered in Maharashtra.
Row 18: DCB Bank Limited is headquartered in Mumbai.
Row 19: DCB Bank had a net interest margin of 3.35% in Q1 FY27.
Row 20: DCB Bank Limited achieved a net profit of ₹213 crore, rising 35.57% year-on-year.
Row 21: Platinum Jubilee Investments holds a combined 16.23% ownership stake in DCB Bank Limited alongside AKFED.
Row 22: Praveen Kutty has served as the MD & CEO of DCB Bank Limited since 2024.
Row 23: DCB Bank is regulated by the RBI.
Row 24: DCB Bank Limited runs a retail-focused business model.
Row 25: DCB Bank Limited runs an SME-focused business model.
Row 26: DCB Bank is regulated by SEBI.
Row 27: Tata Mutual Fund's small-cap fund held about 5.16% of DCB Bank Limited as of March 2025.
Row 28: DCB Bank reported Tier 1 capital of 14.90% in Q1 FY27.
Row 29: DCB Bank had Tier 2 capital of 2.13% in Q1 FY27.
Row 30: DCB Bank Limited reported total advances of ₹59,951 crore in Q1 FY27.
Row 31: DCB Bank holds a universal banking license.
Row 32: DCB Bank Limited operates a network of 480 branches.
Row 33: DCB Bank's capital adequacy was 17.03% in Q1 FY27.
Row 34: DCB Bank is exposed to concentration risk given its sub-scale balance sheet.
Row 35: DCB Bank Limited's relatively low CASA ratio implies a somewhat higher cost of funds.
Row 36: DCB Bank Limited reported a cost-to-income ratio of 60.92%.
Row 37: DCB Bank's growth is expected to come from deposit growth funding advances expansion.
Row 38: DCB Bank Limited has loan exposure to secured lending through gold loans.
Row 39: DCB Bank Limited improved its gross NPA to 2.43% from 2.98%.
Row 40: DCB Bank Limited has loan exposure to secured lending through mortgages.
Row 41: DCB Bank Limited improved its net NPA to 0.84% from 1.22%.
Row 42: DCB Bank Limited reported Q1 FY27 net interest income of ₹684 crore.
Row 43: DCB Bank is exposed to operational risk from its high cost-to-income ratio.
Row 44: DCB Bank reported a provision coverage of 79.81% in Q1 FY27.
Row 45: DCB Bank recorded a return on assets of 0.96% in Q1 FY27.
Row 46: DCB Bank Limited improved its return on equity to 13.61%.
Row 47: DCB Bank Limited's business is built around granular secured lending.
Row 48: DCB Bank Limited has total assets of roughly ₹88,752 crore.
Row 49: DCB Bank Limited reported total deposits of ₹74,482 crore in Q1 FY27.","DCB Bank operates a retail and SME-focused universal banking model with ₹88,752 crore in total assets, reporting a net profit of ₹213 crore and a return on assets of 0.96% in Q1 FY27. While the bank maintains a solid capital adequacy ratio of 17.03% and improved its gross NPA to 2.43%, it faces structural funding risks stemming from a low CASA ratio of 21.65% and a high cost-to-income ratio of 60.92%.",Not relevant,"The assistant output discusses the bank's financial performance and asset metrics, completely failing to answer the user's question regarding the ticker symbol and exchanges.",
What was DCB Bank's CASA ratio in the most recently reported quarter?,F_Simple,F_Simple,0.4957014209614541,simple_triplet,True,"[""DCB Bank"", ""CASA ratio""]","[{""entity"": ""DCB Bank"", ""matched_node_name"": ""DCB BANK LIMITED"", ""matched_id"": ""6d2e1dce-45ce-4021-b47e-aeeb6c5ef701"", ""matched_type"": ""COMPANY"", ""similarity"": 1.1417153000831604, ""source"": ""semantic""}, {""entity"": ""CASA ratio"", ""matched_node_name"": ""CASA ratio"", ""matched_id"": ""f552ef12-cf71-4307-80e3-1eb10e256154"", ""matched_type"": ""METRIC"", ""similarity"": 1.0, ""source"": ""gazetteer""}]",What was <COMPANY>'s <METRIC> in the most recently reported quarter?,"{""nn1"": ""COMPANY"", ""prop1_list"": [], ""target_ids"": [""f552ef12-cf71-4307-80e3-1eb10e256154""], ""nnp1"": ""6d2e1dce-45ce-4021-b47e-aeeb6c5ef701""}","{""nnp1"": ""6d2e1dce-45ce-4021-b47e-aeeb6c5ef701"", ""nnp2"": ""f552ef12-cf71-4307-80e3-1eb10e256154"", ""nnp3"": null, ""prop1"": null, ""nn1"": ""COMPANY"", ""nn2"": ""METRIC"", ""threshold"": null, ""target_ids"": [""f552ef12-cf71-4307-80e3-1eb10e256154""], ""prop1_list"": []}",primary,1,"Template: simple_triplet (F_Simple)
Query intent: Simple question: subject linked to objects via a predicate.

Row 1: DCB Bank Limited reported a Q1 FY27 CASA ratio of 21.65%.",DCB Bank Limited reported a CASA ratio of 21.65% for the first quarter of fiscal year 2027. This metric highlights the bank's proportion of low-cost current and savings account deposits during that period.,Relevant,The assistant directly answers the user's question by providing DCB Bank's CASA ratio for the most recently reported quarter along with a brief explanation of the metric.,
What is DCB Bank's net interest margin (NIM) for the latest reported period?,F_Simple,F_Simple,0.4559410416941235,simple_triplet,True,"[""DCB Bank"", ""net interest margin""]","[{""entity"": ""DCB Bank"", ""matched_node_name"": ""DCB BANK LIMITED"", ""matched_id"": ""6d2e1dce-45ce-4021-b47e-aeeb6c5ef701"", ""matched_type"": ""COMPANY"", ""similarity"": 1.1417153000831604, ""source"": ""semantic""}, {""entity"": ""net interest margin"", ""matched_node_name"": ""Net interest margin"", ""matched_id"": ""ce0a12ce-b581-4229-a6b2-4d53c46e9d9d"", ""matched_type"": ""METRIC"", ""similarity"": 1.0, ""source"": ""gazetteer""}]",What is <COMPANY>'s <METRIC> (NIM) for the latest reported period?,"{""nn1"": ""COMPANY"", ""prop1_list"": [], ""target_ids"": [""ce0a12ce-b581-4229-a6b2-4d53c46e9d9d""], ""nnp1"": ""6d2e1dce-45ce-4021-b47e-aeeb6c5ef701""}","{""nnp1"": ""6d2e1dce-45ce-4021-b47e-aeeb6c5ef701"", ""nnp2"": ""ce0a12ce-b581-4229-a6b2-4d53c46e9d9d"", ""nnp3"": null, ""prop1"": null, ""nn1"": ""COMPANY"", ""nn2"": ""METRIC"", ""threshold"": null, ""target_ids"": [""ce0a12ce-b581-4229-a6b2-4d53c46e9d9d""], ""prop1_list"": []}",primary,1,"Template: simple_triplet (F_Simple)
Query intent: Simple question: subject linked to objects via a predicate.

Row 1: DCB Bank had a net interest margin of 3.35% in Q1 FY27.","During the first quarter of fiscal year 2027, DCB Bank recorded a net interest margin of 3.35%.",Relevant,The assistant output directly provides DCB Bank's net interest margin for the latest reported period as requested.,
"What is DCB Bank's capital adequacy ratio (CRAR), and its CET1 ratio if disclosed?",F_Simple,F_Simple,0.5026933839121343,simple_triplet,True,"[""DCB Bank"", ""capital adequacy ratio"", ""CE""]","[{""entity"": ""DCB Bank"", ""matched_node_name"": ""DCB BANK LIMITED"", ""matched_id"": ""6d2e1dce-45ce-4021-b47e-aeeb6c5ef701"", ""matched_type"": ""COMPANY"", ""similarity"": 1.1417153000831604, ""source"": ""semantic""}, {""entity"": ""capital adequacy ratio"", ""matched_node_name"": ""capital adequacy ratio"", ""matched_id"": ""a9e7103c-2a43-4d54-94d2-0f9178dbb42e"", ""matched_type"": ""METRIC"", ""similarity"": 1.0, ""source"": ""gazetteer""}, {""entity"": ""CE"", ""matched_node_name"": ""NSE"", ""matched_id"": ""f991983e-e758-47f5-acbf-1afe822e5f20"", ""matched_type"": ""COMPANY"", ""similarity"": 0.6484348893165588, ""source"": ""semantic""}]","What is <COMPANY>'s <METRIC> (CRAR), and its <COMPANY>T1 ratio if disclosed?","{""nn1"": ""COMPANY"", ""prop1_list"": [], ""target_ids"": [""a9e7103c-2a43-4d54-94d2-0f9178dbb42e"", ""f991983e-e758-47f5-acbf-1afe822e5f20""], ""nnp1"": ""6d2e1dce-45ce-4021-b47e-aeeb6c5ef701""}","{""nnp1"": ""6d2e1dce-45ce-4021-b47e-aeeb6c5ef701"", ""nnp2"": ""f991983e-e758-47f5-acbf-1afe822e5f20"", ""nnp3"": null, ""prop1"": null, ""nn1"": ""COMPANY"", ""nn2"": ""COMPANY"", ""threshold"": null, ""target_ids"": [""a9e7103c-2a43-4d54-94d2-0f9178dbb42e"", ""f991983e-e758-47f5-acbf-1afe822e5f20""], ""prop1_list"": []}",primary,1,"Template: simple_triplet (F_Simple)
Query intent: Simple question: subject linked to objects via a predicate.

Row 1: DCB Bank's capital adequacy was 17.03% in Q1 FY27.","In the first quarter of fiscal year 2027, DCB Bank maintained a capital adequacy ratio of 17.03%. This financial metric indicates the bank's strong capital position during that period.",Somewhat relevant,The assistant output provides DCB Bank's capital adequacy ratio (CRAR) but fails to provide the CET1 ratio as specifically requested by the user.,
What are DCB Bank's return on assets (ROA) and return on equity (ROE) for the latest quarter?,F_Simple,F_Simple,0.6404601230266839,simple_triplet,True,"[""DCB Bank"", ""return on assets"", ""return on equity""]","[{""entity"": ""DCB Bank"", ""matched_node_name"": ""DCB BANK LIMITED"", ""matched_id"": ""6d2e1dce-45ce-4021-b47e-aeeb6c5ef701"", ""matched_type"": ""COMPANY"", ""similarity"": 1.1417153000831604, ""source"": ""semantic""}, {""entity"": ""return on assets"", ""matched_node_name"": ""return on assets"", ""matched_id"": ""dd83a8a6-2dd2-4407-9d71-917240c66c55"", ""matched_type"": ""METRIC"", ""similarity"": 1.0, ""source"": ""gazetteer""}, {""entity"": ""return on equity"", ""matched_node_name"": ""return on equity"", ""matched_id"": ""4c4c7086-00d6-4850-9bcd-ae7c8e8479a8"", ""matched_type"": ""METRIC"", ""similarity"": 1.0, ""source"": ""gazetteer""}]",What are <COMPANY>'s <METRIC> (ROA) and <METRIC> (ROE) for the latest quarter?,"{""nn1"": ""COMPANY"", ""prop1_list"": [], ""target_ids"": [""dd83a8a6-2dd2-4407-9d71-917240c66c55"", ""4c4c7086-00d6-4850-9bcd-ae7c8e8479a8""], ""nnp1"": ""6d2e1dce-45ce-4021-b47e-aeeb6c5ef701""}","{""nnp1"": ""6d2e1dce-45ce-4021-b47e-aeeb6c5ef701"", ""nnp2"": ""dd83a8a6-2dd2-4407-9d71-917240c66c55"", ""nnp3"": null, ""prop1"": null, ""nn1"": ""COMPANY"", ""nn2"": ""METRIC"", ""threshold"": null, ""target_ids"": [""dd83a8a6-2dd2-4407-9d71-917240c66c55"", ""4c4c7086-00d6-4850-9bcd-ae7c8e8479a8""], ""prop1_list"": []}",primary,2,"Template: simple_triplet (F_Simple)
Query intent: Simple question: subject linked to objects via a predicate.

Row 1: DCB Bank recorded a return on assets of 0.96% in Q1 FY27.
Row 2: DCB Bank Limited improved its return on equity to 13.61%.","DCB Bank recorded a return on assets of 0.96% in the first quarter of fiscal year 2027. Additionally, DCB Bank Limited improved its return on equity to 13.61%.",Relevant,The assistant output directly provides both the return on assets (ROA) and return on equity (ROE) for DCB Bank for the latest quarter as requested.,
What was DCB Bank's total advances (loan book) and deposit growth in the latest quarter?,F_Simple,F_Simple,0.5786835426932809,simple_triplet,True,"[""DCB Bank"", ""total advances"", ""deposit growth""]","[{""entity"": ""DCB Bank"", ""matched_node_name"": ""DCB BANK LIMITED"", ""matched_id"": ""6d2e1dce-45ce-4021-b47e-aeeb6c5ef701"", ""matched_type"": ""COMPANY"", ""similarity"": 1.1417153000831604, ""source"": ""semantic""}, {""entity"": ""total advances"", ""matched_node_name"": ""Total Advances"", ""matched_id"": ""96dbb53b-28f6-42c3-96e5-77dc48c86818"", ""matched_type"": ""METRIC"", ""similarity"": 1.0, ""source"": ""gazetteer""}, {""entity"": ""deposit growth"", ""matched_node_name"": ""deposit growth"", ""matched_id"": ""74d2ba68-dde6-485e-ad5d-c3483d1ec0d8"", ""matched_type"": ""METRIC"", ""similarity"": 1.0, ""source"": ""gazetteer""}]",What was <COMPANY>'s <METRIC> (loan book) and <METRIC> in the latest quarter?,"{""nn1"": ""COMPANY"", ""prop1_list"": [], ""target_ids"": [""96dbb53b-28f6-42c3-96e5-77dc48c86818"", ""74d2ba68-dde6-485e-ad5d-c3483d1ec0d8""], ""nnp1"": ""6d2e1dce-45ce-4021-b47e-aeeb6c5ef701""}","{""nnp1"": ""6d2e1dce-45ce-4021-b47e-aeeb6c5ef701"", ""nnp2"": ""96dbb53b-28f6-42c3-96e5-77dc48c86818"", ""nnp3"": null, ""prop1"": null, ""nn1"": ""COMPANY"", ""nn2"": ""METRIC"", ""threshold"": null, ""target_ids"": [""96dbb53b-28f6-42c3-96e5-77dc48c86818"", ""74d2ba68-dde6-485e-ad5d-c3483d1ec0d8""], ""prop1_list"": []}",primary,2,"Template: simple_triplet (F_Simple)
Query intent: Simple question: subject linked to objects via a predicate.

Row 1: DCB Bank Limited reported total advances of ₹59,951 crore in Q1 FY27.
Row 2: DCB Bank's growth is expected to come from deposit growth funding advances expansion.","DCB Bank Limited reported total advances of ₹59,951 crore in Q1 FY27, with future growth expected to be driven by deposit expansion to fund this lending activity.",Somewhat relevant,The assistant output provides the total advances for DCB Bank but fails to provide the deposit growth figures requested by the user.,
"Roughly how many branches and ATMs does DCB Bank operate, and as of what date?",F_QuantCount,F_QuantCount,0.5789900185289873,quant_count,True,"[""DCB Bank"", ""ATMs""]","[{""entity"": ""DCB Bank"", ""matched_node_name"": ""DCB BANK LIMITED"", ""matched_id"": ""6d2e1dce-45ce-4021-b47e-aeeb6c5ef701"", ""matched_type"": ""COMPANY"", ""similarity"": 1.1417153000831604, ""source"": ""semantic""}, {""entity"": ""ATMs"", ""matched_node_name"": ""ATMs"", ""matched_id"": ""1d9af7d1-80d1-4631-9a7a-7765335565d0"", ""matched_type"": ""DISTRIBUTIONCHANNEL"", ""similarity"": 1.0, ""source"": ""gazetteer""}]","Roughly how many branches and <DISTRIBUTIONCHANNEL> does <COMPANY> operate, and as of what date?","{""nn1"": ""COMPANY"", ""nn2"": ""DISTRIBUTIONCHANNEL"", ""prop1"": null, ""nnp1"": ""6d2e1dce-45ce-4021-b47e-aeeb6c5ef701""}","{""nnp1"": ""6d2e1dce-45ce-4021-b47e-aeeb6c5ef701"", ""nnp2"": ""1d9af7d1-80d1-4631-9a7a-7765335565d0"", ""nnp3"": null, ""prop1"": null, ""nn1"": ""COMPANY"", ""nn2"": ""DISTRIBUTIONCHANNEL"", ""threshold"": null, ""target_ids"": [""1d9af7d1-80d1-4631-9a7a-7765335565d0""], ""prop1_list"": []}",primary,1,"Template: quant_count (F_QuantCount)
Query intent: Count related objects for a subject entity.

Row 1: subject_name=DCB BANK LIMITED | object_count=1 (1 facts)
  - DCB Bank Limited operates a network of 480 branches.",DCB Bank Limited currently operates a network consisting of 480 branches.,Somewhat relevant,The output provides the number of branches but completely misses the information about ATMs and the specific date as requested.,
"What products and services does DCB Bank offer, and which customer segments does it serve?",F_Simple,F_Simple,0.6085853750573809,simple_triplet,True,"[""DCB Bank""]","[{""entity"": ""DCB Bank"", ""matched_node_name"": ""DCB BANK LIMITED"", ""matched_id"": ""6d2e1dce-45ce-4021-b47e-aeeb6c5ef701"", ""matched_type"": ""COMPANY"", ""similarity"": 1.1417153000831604, ""source"": ""semantic""}]","What products and services does <COMPANY> offer, and which customer segments does it serve?","{""nn1"": ""COMPANY"", ""prop1_list"": [""OFFERS_PRODUCT"", ""SERVES""], ""target_ids"": [], ""nnp1"": ""6d2e1dce-45ce-4021-b47e-aeeb6c5ef701""}","{""nnp1"": ""6d2e1dce-45ce-4021-b47e-aeeb6c5ef701"", ""nnp2"": null, ""nnp3"": null, ""prop1"": ""SERVES"", ""nn1"": ""COMPANY"", ""nn2"": null, ""threshold"": null, ""target_ids"": [], ""prop1_list"": [""OFFERS_PRODUCT"", ""SERVES""]}",attribute_lookup,8,"Template: simple_triplet (F_Simple)
Query intent: Simple question: subject linked to objects via a predicate.

Row 1: DCB BANK LIMITED's banking_segment is Retail and SME
Row 2: DCB BANK LIMITED's country is India
Row 3: DCB BANK LIMITED's description is DCB Bank, headquartered in Mumbai, Maharashtra, is promoted by the Aga Khan Fund for Economic Development. The bank runs a retail and SME-focused model built around granular secured lending, including mortgages, gold loans, and MSME credit.
Row 4: DCB BANK LIMITED's exchange is NSE, BSE
Row 5: DCB BANK LIMITED's legal_name is DCB BANK LIMITED
Row 6: DCB BANK LIMITED's listed is True
Row 7: DCB BANK LIMITED's sector is Banking
Row 8: DCB BANK LIMITED's ticker is DCBBANK","Headquartered in Mumbai, Maharashtra, and listed on the NSE and BSE under the ticker DCBBANK, DCB Bank Limited is a publicly traded banking institution operating in India's banking sector. The bank is promoted by the Aga Khan Fund for Economic Development and focuses on a retail and SME model centered on granular secured lending, such as mortgages, gold loans, and MSME credit.",Somewhat relevant,"The output mentions some products like mortgages and gold loans and touches on customer segments like SMEs and MSMEs, but it fails to provide a comprehensive overview of all products, services, and customer segments requested.",
What is Karnataka Bank's ticker symbol and on which exchange(s) does it trade?,F_Simple,F_Simple,0.6103099264057492,simple_triplet,True,"[""Karnataka""]","[{""entity"": ""Karnataka"", ""matched_node_name"": ""Karnataka"", ""matched_id"": ""7f93019b-4ed4-4516-b113-e5db538cce51"", ""matched_type"": ""GEOGRAPHY"", ""similarity"": 1.0, ""source"": ""gazetteer""}]",What is <GEOGRAPHY> Bank's ticker symbol and on which exchange(s) does it trade?,"{""nn1"": ""GEOGRAPHY"", ""prop1_list"": [], ""target_ids"": [], ""nnp1"": ""7f93019b-4ed4-4516-b113-e5db538cce51""}","{""nnp1"": ""7f93019b-4ed4-4516-b113-e5db538cce51"", ""nnp2"": null, ""nnp3"": null, ""prop1"": null, ""nn1"": ""GEOGRAPHY"", ""nn2"": null, ""threshold"": null, ""target_ids"": [], ""prop1_list"": []}",primary,4,"Template: simple_triplet (F_Simple)
Query intent: Simple question: subject linked to objects via a predicate.

Row 1: Bengaluru is located in Karnataka.
Row 2: Canara Bank is headquartered in Karnataka.
Row 3: Canara Bank depends on its branch density in Karnataka.
Row 4: Karnataka Bank Limited operates its headquarters in Karnataka.","Canara Bank and Karnataka Bank Limited both maintain their headquarters in Karnataka, a state where Canara Bank also relies on its branch density.",Not relevant,The assistant output discusses the headquarters of Canara Bank and Karnataka Bank instead of providing Karnataka Bank's ticker symbol and stock exchanges.,
"Who is the current MD & CEO (or Chairman, where that is the top executive title) of Karnataka Bank?",F_Simple,F_Simple,0.7283944430182734,simple_triplet,True,"[""uti"", ""Karnataka""]","[{""entity"": ""uti"", ""matched_node_name"": ""UTI"", ""matched_id"": ""fd4feaba-a9ac-4e43-9418-e90485ccc0ee"", ""matched_type"": ""SHAREHOLDER"", ""similarity"": 1.0, ""source"": ""gazetteer""}, {""entity"": ""Karnataka"", ""matched_node_name"": ""Karnataka"", ""matched_id"": ""7f93019b-4ed4-4516-b113-e5db538cce51"", ""matched_type"": ""GEOGRAPHY"", ""similarity"": 1.0, ""source"": ""gazetteer""}]","Who is the current MD & CEO (or Chairman, where that is the top exec<SHAREHOLDER>ve title) of <GEOGRAPHY> Bank?","{""nn1"": ""GEOGRAPHY"", ""prop1_list"": [""GovernanceRole""], ""target_ids"": [""fd4feaba-a9ac-4e43-9418-e90485ccc0ee""], ""nnp1"": ""7f93019b-4ed4-4516-b113-e5db538cce51""}","{""nnp1"": ""7f93019b-4ed4-4516-b113-e5db538cce51"", ""nnp2"": ""fd4feaba-a9ac-4e43-9418-e90485ccc0ee"", ""nnp3"": null, ""prop1"": ""GovernanceRole"", ""nn1"": ""GEOGRAPHY"", ""nn2"": ""SHAREHOLDER"", ""threshold"": null, ""target_ids"": [""fd4feaba-a9ac-4e43-9418-e90485ccc0ee""], ""prop1_list"": [""GovernanceRole""]}",attribute_lookup,2,"Template: simple_triplet (F_Simple)
Query intent: Simple question: subject linked to objects via a predicate.

Row 1: Karnataka's geography_name is Karnataka
Row 2: Karnataka's level is State",Karnataka is classified as a state.,Not relevant,The assistant output provides geographical information about Karnataka instead of answering who the current MD & CEO or Chairman of Karnataka Bank is.,
"What percentage of Karnataka Bank is held by its government promoter or largest shareholder, and as of what date?",F_LogUnion,F_LogUnion,0.6491591616272807,logical_union,True,"[""Karnataka""]","[{""entity"": ""Karnataka"", ""matched_node_name"": ""Karnataka"", ""matched_id"": ""7f93019b-4ed4-4516-b113-e5db538cce51"", ""matched_type"": ""GEOGRAPHY"", ""similarity"": 1.0, ""source"": ""gazetteer""}]","What percentage of <GEOGRAPHY> Bank is held by its government promoter or largest shareholder, and as of what date?","{""nnp2"": null, ""nn1"": ""GEOGRAPHY"", ""prop1_list"": [""OWNS"", ""REGULATED_BY"", ""OwnershipStake""], ""nnp1"": ""7f93019b-4ed4-4516-b113-e5db538cce51"", ""target_ids"": []}","{""nnp1"": ""7f93019b-4ed4-4516-b113-e5db538cce51"", ""nnp2"": null, ""nnp3"": null, ""prop1"": ""REGULATED_BY"", ""nn1"": ""GEOGRAPHY"", ""nn2"": null, ""threshold"": null, ""target_ids"": [], ""prop1_list"": [""OWNS"", ""REGULATED_BY"", ""OwnershipStake""]}",,0,,,Not relevant,No summary was produced for this query (empty assistant output).,
What was Karnataka Bank's CASA ratio in the most recently reported quarter?,F_Simple,F_Simple,0.5875947149476656,simple_triplet,True,"[""Karnataka"", ""CASA ratio""]","[{""entity"": ""Karnataka"", ""matched_node_name"": ""Karnataka"", ""matched_id"": ""7f93019b-4ed4-4516-b113-e5db538cce51"", ""matched_type"": ""GEOGRAPHY"", ""similarity"": 1.0, ""source"": ""gazetteer""}, {""entity"": ""CASA ratio"", ""matched_node_name"": ""CASA ratio"", ""matched_id"": ""f552ef12-cf71-4307-80e3-1eb10e256154"", ""matched_type"": ""METRIC"", ""similarity"": 1.0, ""source"": ""gazetteer""}]",What was <GEOGRAPHY> Bank's <METRIC> in the most recently reported quarter?,"{""nn1"": ""GEOGRAPHY"", ""prop1_list"": [], ""target_ids"": [""f552ef12-cf71-4307-80e3-1eb10e256154""], ""nnp1"": ""7f93019b-4ed4-4516-b113-e5db538cce51""}","{""nnp1"": ""7f93019b-4ed4-4516-b113-e5db538cce51"", ""nnp2"": ""f552ef12-cf71-4307-80e3-1eb10e256154"", ""nnp3"": null, ""prop1"": null, ""nn1"": ""GEOGRAPHY"", ""nn2"": ""METRIC"", ""threshold"": null, ""target_ids"": [""f552ef12-cf71-4307-80e3-1eb10e256154""], ""prop1_list"": []}",relaxed_direction,4,"Template: simple_triplet (F_Simple)
Query intent: Simple question: subject linked to objects via a predicate.

Row 1: Canara Bank is headquartered in Karnataka.
Row 2: Canara Bank depends on its branch density in Karnataka.
Row 3: Bengaluru is located in Karnataka.
Row 4: Karnataka Bank Limited operates its headquarters in Karnataka.","Canara Bank is headquartered in Karnataka, where its operations depend on its branch density, and Karnataka Bank Limited also maintains its headquarters in the same state, with Bengaluru serving as a location within Karnataka.",Not relevant,The assistant output discusses the headquarters and locations of Canara Bank and Karnataka Bank instead of providing Karnataka Bank's CASA ratio for the most recently reported quarter.,
What is Karnataka Bank's net interest margin (NIM) for the latest reported period?,F_Simple,F_Simple,0.5532714695651402,simple_triplet,True,"[""Karnataka"", ""net interest margin""]","[{""entity"": ""Karnataka"", ""matched_node_name"": ""Karnataka"", ""matched_id"": ""7f93019b-4ed4-4516-b113-e5db538cce51"", ""matched_type"": ""GEOGRAPHY"", ""similarity"": 1.0, ""source"": ""gazetteer""}, {""entity"": ""net interest margin"", ""matched_node_name"": ""Net interest margin"", ""matched_id"": ""ce0a12ce-b581-4229-a6b2-4d53c46e9d9d"", ""matched_type"": ""METRIC"", ""similarity"": 1.0, ""source"": ""gazetteer""}]",What is <GEOGRAPHY> Bank's <METRIC> (NIM) for the latest reported period?,"{""nn1"": ""GEOGRAPHY"", ""prop1_list"": [], ""target_ids"": [""ce0a12ce-b581-4229-a6b2-4d53c46e9d9d""], ""nnp1"": ""7f93019b-4ed4-4516-b113-e5db538cce51""}","{""nnp1"": ""7f93019b-4ed4-4516-b113-e5db538cce51"", ""nnp2"": ""ce0a12ce-b581-4229-a6b2-4d53c46e9d9d"", ""nnp3"": null, ""prop1"": null, ""nn1"": ""GEOGRAPHY"", ""nn2"": ""METRIC"", ""threshold"": null, ""target_ids"": [""ce0a12ce-b581-4229-a6b2-4d53c46e9d9d""], ""prop1_list"": []}",relaxed_direction,4,"Template: simple_triplet (F_Simple)
Query intent: Simple question: subject linked to objects via a predicate.

Row 1: Canara Bank is headquartered in Karnataka.
Row 2: Canara Bank depends on its branch density in Karnataka.
Row 3: Bengaluru is located in Karnataka.
Row 4: Karnataka Bank Limited operates its headquarters in Karnataka.","Canara Bank is headquartered in Karnataka, where it relies on its branch density for operations, and shares this state as the home base for Karnataka Bank Limited. Additionally, the major city of Bengaluru is situated within Karnataka.",Not relevant,The assistant output discusses Canara Bank and Karnataka geography rather than providing Karnataka Bank's net interest margin (NIM) for the latest reported period.,
What are Karnataka Bank's gross NPA and net NPA ratios?,F_Simple,F_Simple,0.6042221401709996,simple_triplet,True,"[""Karnataka"", ""gross NPA"", ""net NPA""]","[{""entity"": ""Karnataka"", ""matched_node_name"": ""Karnataka"", ""matched_id"": ""7f93019b-4ed4-4516-b113-e5db538cce51"", ""matched_type"": ""GEOGRAPHY"", ""similarity"": 1.0, ""source"": ""gazetteer""}, {""entity"": ""gross NPA"", ""matched_node_name"": ""gross NPA"", ""matched_id"": ""00c1065d-13f6-42fc-be09-d1a8be6780cd"", ""matched_type"": ""METRIC"", ""similarity"": 1.0, ""source"": ""gazetteer""}, {""entity"": ""net NPA"", ""matched_node_name"": ""net NPA"", ""matched_id"": ""4539ed7c-a229-4073-a946-c4b6498648c7"", ""matched_type"": ""METRIC"", ""similarity"": 1.0, ""source"": ""gazetteer""}]",What are <GEOGRAPHY> Bank's <METRIC> and <METRIC> ratios?,"{""nn1"": ""GEOGRAPHY"", ""prop1_list"": [], ""target_ids"": [""00c1065d-13f6-42fc-be09-d1a8be6780cd"", ""4539ed7c-a229-4073-a946-c4b6498648c7""], ""nnp1"": ""7f93019b-4ed4-4516-b113-e5db538cce51""}","{""nnp1"": ""7f93019b-4ed4-4516-b113-e5db538cce51"", ""nnp2"": ""00c1065d-13f6-42fc-be09-d1a8be6780cd"", ""nnp3"": null, ""prop1"": null, ""nn1"": ""GEOGRAPHY"", ""nn2"": ""METRIC"", ""threshold"": null, ""target_ids"": [""00c1065d-13f6-42fc-be09-d1a8be6780cd"", ""4539ed7c-a229-4073-a946-c4b6498648c7""], ""prop1_list"": []}",relaxed_direction,4,"Template: simple_triplet (F_Simple)
Query intent: Simple question: subject linked to objects via a predicate.

Row 1: Canara Bank is headquartered in Karnataka.
Row 2: Canara Bank depends on its branch density in Karnataka.
Row 3: Bengaluru is located in Karnataka.
Row 4: Karnataka Bank Limited operates its headquarters in Karnataka.","Canara Bank and Karnataka Bank Limited both maintain their headquarters in Karnataka, a region that serves as a key operational dependency for Canara Bank's branch network. Additionally, the major city of Bengaluru is situated within this same state.",Not relevant,The assistant output discusses the headquarters and geographical location of Canara Bank and Karnataka Bank instead of providing Karnataka Bank's gross NPA and net NPA ratios.,
"What is Karnataka Bank's capital adequacy ratio (CRAR), and its CET1 ratio if disclosed?",F_Simple,F_Simple,0.5946063306381066,simple_triplet,True,"[""Karnataka"", ""capital adequacy ratio"", ""CE""]","[{""entity"": ""Karnataka"", ""matched_node_name"": ""Karnataka"", ""matched_id"": ""7f93019b-4ed4-4516-b113-e5db538cce51"", ""matched_type"": ""GEOGRAPHY"", ""similarity"": 1.0, ""source"": ""gazetteer""}, {""entity"": ""capital adequacy ratio"", ""matched_node_name"": ""capital adequacy ratio"", ""matched_id"": ""a9e7103c-2a43-4d54-94d2-0f9178dbb42e"", ""matched_type"": ""METRIC"", ""similarity"": 1.0, ""source"": ""gazetteer""}, {""entity"": ""CE"", ""matched_node_name"": ""NSE"", ""matched_id"": ""f991983e-e758-47f5-acbf-1afe822e5f20"", ""matched_type"": ""COMPANY"", ""similarity"": 0.6484348893165588, ""source"": ""semantic""}]","What is <GEOGRAPHY> Bank's <METRIC> (CRAR), and its <COMPANY>T1 ratio if disclosed?","{""nn1"": ""COMPANY"", ""prop1_list"": [], ""target_ids"": [""7f93019b-4ed4-4516-b113-e5db538cce51"", ""a9e7103c-2a43-4d54-94d2-0f9178dbb42e""], ""nnp1"": ""f991983e-e758-47f5-acbf-1afe822e5f20""}","{""nnp1"": ""f991983e-e758-47f5-acbf-1afe822e5f20"", ""nnp2"": ""7f93019b-4ed4-4516-b113-e5db538cce51"", ""nnp3"": null, ""prop1"": null, ""nn1"": ""COMPANY"", ""nn2"": ""GEOGRAPHY"", ""threshold"": null, ""target_ids"": [""7f93019b-4ed4-4516-b113-e5db538cce51"", ""a9e7103c-2a43-4d54-94d2-0f9178dbb42e""], ""prop1_list"": []}",relaxed_direction,3,"Template: simple_triplet (F_Simple)
Query intent: Simple question: subject linked to objects via a predicate.

Row 1: HDFC Bank Limited competes and trades on the NSE.
Row 2: Karur Vysya Bank is listed and trades on the NSE.
Row 3: City Union Bank Limited is listed on the NSE.","HDFC Bank Limited competes and trades on the NSE, alongside Karur Vysya Bank and City Union Bank Limited, which are also listed and trade on the same exchange.",Not relevant,The assistant output discusses competitors and stock exchanges rather than providing Karnataka Bank's capital adequacy ratio or CET1 ratio.,
What are Karnataka Bank's return on assets (ROA) and return on equity (ROE) for the latest quarter?,F_Simple,F_Simple,0.6978026823103594,simple_triplet,True,"[""Karnataka"", ""return on assets"", ""return on equity""]","[{""entity"": ""Karnataka"", ""matched_node_name"": ""Karnataka"", ""matched_id"": ""7f93019b-4ed4-4516-b113-e5db538cce51"", ""matched_type"": ""GEOGRAPHY"", ""similarity"": 1.0, ""source"": ""gazetteer""}, {""entity"": ""return on assets"", ""matched_node_name"": ""return on assets"", ""matched_id"": ""dd83a8a6-2dd2-4407-9d71-917240c66c55"", ""matched_type"": ""METRIC"", ""similarity"": 1.0, ""source"": ""gazetteer""}, {""entity"": ""return on equity"", ""matched_node_name"": ""return on equity"", ""matched_id"": ""4c4c7086-00d6-4850-9bcd-ae7c8e8479a8"", ""matched_type"": ""METRIC"", ""similarity"": 1.0, ""source"": ""gazetteer""}]",What are <GEOGRAPHY> Bank's <METRIC> (ROA) and <METRIC> (ROE) for the latest quarter?,"{""nn1"": ""GEOGRAPHY"", ""prop1_list"": [], ""target_ids"": [""dd83a8a6-2dd2-4407-9d71-917240c66c55"", ""4c4c7086-00d6-4850-9bcd-ae7c8e8479a8""], ""nnp1"": ""7f93019b-4ed4-4516-b113-e5db538cce51""}","{""nnp1"": ""7f93019b-4ed4-4516-b113-e5db538cce51"", ""nnp2"": ""dd83a8a6-2dd2-4407-9d71-917240c66c55"", ""nnp3"": null, ""prop1"": null, ""nn1"": ""GEOGRAPHY"", ""nn2"": ""METRIC"", ""threshold"": null, ""target_ids"": [""dd83a8a6-2dd2-4407-9d71-917240c66c55"", ""4c4c7086-00d6-4850-9bcd-ae7c8e8479a8""], ""prop1_list"": []}",relaxed_direction,4,"Template: simple_triplet (F_Simple)
Query intent: Simple question: subject linked to objects via a predicate.

Row 1: Canara Bank is headquartered in Karnataka.
Row 2: Canara Bank depends on its branch density in Karnataka.
Row 3: Bengaluru is located in Karnataka.
Row 4: Karnataka Bank Limited operates its headquarters in Karnataka.","Canara Bank is headquartered in Karnataka, where its operations depend on its branch density, and Karnataka Bank Limited also maintains its headquarters in the same region, which encompasses Bengaluru.",Not relevant,The assistant output discusses bank headquarters and branch density instead of providing Karnataka Bank's return on assets and return on equity for the latest quarter.,
What was Karnataka Bank's total advances (loan book) and deposit growth in the latest quarter?,F_Simple,F_Simple,0.6638816435456635,simple_triplet,True,"[""Karnataka"", ""total advances"", ""deposit growth""]","[{""entity"": ""Karnataka"", ""matched_node_name"": ""Karnataka"", ""matched_id"": ""7f93019b-4ed4-4516-b113-e5db538cce51"", ""matched_type"": ""GEOGRAPHY"", ""similarity"": 1.0, ""source"": ""gazetteer""}, {""entity"": ""total advances"", ""matched_node_name"": ""Total Advances"", ""matched_id"": ""96dbb53b-28f6-42c3-96e5-77dc48c86818"", ""matched_type"": ""METRIC"", ""similarity"": 1.0, ""source"": ""gazetteer""}, {""entity"": ""deposit growth"", ""matched_node_name"": ""deposit growth"", ""matched_id"": ""74d2ba68-dde6-485e-ad5d-c3483d1ec0d8"", ""matched_type"": ""METRIC"", ""similarity"": 1.0, ""source"": ""gazetteer""}]",What was <GEOGRAPHY> Bank's <METRIC> (loan book) and <METRIC> in the latest quarter?,"{""nn1"": ""GEOGRAPHY"", ""prop1_list"": [], ""target_ids"": [""96dbb53b-28f6-42c3-96e5-77dc48c86818"", ""74d2ba68-dde6-485e-ad5d-c3483d1ec0d8""], ""nnp1"": ""7f93019b-4ed4-4516-b113-e5db538cce51""}","{""nnp1"": ""7f93019b-4ed4-4516-b113-e5db538cce51"", ""nnp2"": ""96dbb53b-28f6-42c3-96e5-77dc48c86818"", ""nnp3"": null, ""prop1"": null, ""nn1"": ""GEOGRAPHY"", ""nn2"": ""METRIC"", ""threshold"": null, ""target_ids"": [""96dbb53b-28f6-42c3-96e5-77dc48c86818"", ""74d2ba68-dde6-485e-ad5d-c3483d1ec0d8""], ""prop1_list"": []}",relaxed_direction,4,"Template: simple_triplet (F_Simple)
Query intent: Simple question: subject linked to objects via a predicate.

Row 1: Canara Bank is headquartered in Karnataka.
Row 2: Canara Bank depends on its branch density in Karnataka.
Row 3: Bengaluru is located in Karnataka.
Row 4: Karnataka Bank Limited operates its headquarters in Karnataka.","Canara Bank is headquartered in Karnataka, where it relies on its branch density for operations. Additionally, Karnataka serves as the home base for both the bank's headquarters and those of Karnataka Bank Limited, with Bengaluru also situated within the state.",Not relevant,The assistant output discusses Canara Bank and geographical details instead of providing Karnataka Bank's total advances and deposit growth.,
"What credit ratings has Karnataka Bank received, and from which rating agencies?",F_Simple,F_Simple,0.5927424861708144,simple_triplet,True,"[""Karnataka""]","[{""entity"": ""Karnataka"", ""matched_node_name"": ""Karnataka"", ""matched_id"": ""7f93019b-4ed4-4516-b113-e5db538cce51"", ""matched_type"": ""GEOGRAPHY"", ""similarity"": 1.0, ""source"": ""gazetteer""}]","What credit ratings has <GEOGRAPHY> Bank received, and from which rating agencies?","{""nn1"": ""GEOGRAPHY"", ""prop1_list"": [""HAS_RATING""], ""target_ids"": [], ""nnp1"": ""7f93019b-4ed4-4516-b113-e5db538cce51""}","{""nnp1"": ""7f93019b-4ed4-4516-b113-e5db538cce51"", ""nnp2"": null, ""nnp3"": null, ""prop1"": ""HAS_RATING"", ""nn1"": ""GEOGRAPHY"", ""nn2"": null, ""threshold"": null, ""target_ids"": [], ""prop1_list"": [""HAS_RATING""]}",attribute_lookup,2,"Template: simple_triplet (F_Simple)
Query intent: Simple question: subject linked to objects via a predicate.

Row 1: Karnataka's geography_name is Karnataka
Row 2: Karnataka's level is State",Karnataka is designated as a state.,Not relevant,The assistant output discusses Karnataka as a state rather than providing the credit ratings and agencies for Karnataka Bank as requested.,
"Roughly how many branches and ATMs does Karnataka Bank operate, and as of what date?",F_QuantCount,F_QuantCount,0.5967157261314573,quant_count,True,"[""ATMs"", ""Karnataka""]","[{""entity"": ""ATMs"", ""matched_node_name"": ""ATMs"", ""matched_id"": ""1d9af7d1-80d1-4631-9a7a-7765335565d0"", ""matched_type"": ""DISTRIBUTIONCHANNEL"", ""similarity"": 1.0, ""source"": ""gazetteer""}, {""entity"": ""Karnataka"", ""matched_node_name"": ""Karnataka"", ""matched_id"": ""7f93019b-4ed4-4516-b113-e5db538cce51"", ""matched_type"": ""GEOGRAPHY"", ""similarity"": 1.0, ""source"": ""gazetteer""}]","Roughly how many branches and <DISTRIBUTIONCHANNEL> does <GEOGRAPHY> Bank operate, and as of what date?","{""nn1"": ""GEOGRAPHY"", ""nn2"": ""DISTRIBUTIONCHANNEL"", ""prop1"": null, ""nnp1"": ""7f93019b-4ed4-4516-b113-e5db538cce51""}","{""nnp1"": ""7f93019b-4ed4-4516-b113-e5db538cce51"", ""nnp2"": ""1d9af7d1-80d1-4631-9a7a-7765335565d0"", ""nnp3"": null, ""prop1"": null, ""nn1"": ""GEOGRAPHY"", ""nn2"": ""DISTRIBUTIONCHANNEL"", ""threshold"": null, ""target_ids"": [""1d9af7d1-80d1-4631-9a7a-7765335565d0""], ""prop1_list"": []}",,0,,,Not relevant,No summary was produced for this query (empty assistant output).,
"What products and services does Karnataka Bank offer, and which customer segments does it serve?",F_Simple,F_Simple,0.6615544957968288,simple_triplet,True,"[""Karnataka""]","[{""entity"": ""Karnataka"", ""matched_node_name"": ""Karnataka"", ""matched_id"": ""7f93019b-4ed4-4516-b113-e5db538cce51"", ""matched_type"": ""GEOGRAPHY"", ""similarity"": 1.0, ""source"": ""gazetteer""}]","What products and services does <GEOGRAPHY> Bank offer, and which customer segments does it serve?","{""nn1"": ""GEOGRAPHY"", ""prop1_list"": [""OFFERS_PRODUCT"", ""SERVES""], ""target_ids"": [], ""nnp1"": ""7f93019b-4ed4-4516-b113-e5db538cce51""}","{""nnp1"": ""7f93019b-4ed4-4516-b113-e5db538cce51"", ""nnp2"": null, ""nnp3"": null, ""prop1"": ""SERVES"", ""nn1"": ""GEOGRAPHY"", ""nn2"": null, ""threshold"": null, ""target_ids"": [], ""prop1_list"": [""OFFERS_PRODUCT"", ""SERVES""]}",attribute_lookup,2,"Template: simple_triplet (F_Simple)
Query intent: Simple question: subject linked to objects via a predicate.

Row 1: Karnataka's geography_name is Karnataka
Row 2: Karnataka's level is State",Karnataka is classified as a state within the provided geographical data.,Not relevant,"The assistant output completely fails to answer the user request about Karnataka Bank's products, services, and customer segments, instead misinterpreting Karnataka as a geographical state.",
What is Tamilnad Mercantile Bank's ticker symbol and on which exchange(s) does it trade?,F_Simple,F_Simple,0.5660659596990265,simple_triplet,True,"[""Tamilnad Mercantile Bank""]","[{""entity"": ""Tamilnad Mercantile Bank"", ""matched_node_name"": ""Tamilnad Mercantile Bank Limited"", ""matched_id"": ""d96ccda7-2138-43f3-a9cd-42682b9323fd"", ""matched_type"": ""COMPANY"", ""similarity"": 1.1732195138931274, ""source"": ""semantic""}]",What is <COMPANY>'s ticker symbol and on which exchange(s) does it trade?,"{""nn1"": ""COMPANY"", ""prop1_list"": [], ""target_ids"": [], ""nnp1"": ""d96ccda7-2138-43f3-a9cd-42682b9323fd""}","{""nnp1"": ""d96ccda7-2138-43f3-a9cd-42682b9323fd"", ""nnp2"": null, ""nnp3"": null, ""prop1"": null, ""nn1"": ""COMPANY"", ""nn2"": null, ""threshold"": null, ""target_ids"": [], ""prop1_list"": []}",primary,49,"Template: simple_triplet (F_Simple)
Query intent: Simple question: subject linked to objects via a predicate.

Row 1: Tamilnad Mercantile Bank's fixed deposits have an A+ Stable rating from CRISIL.
Row 2: Tamilnad Mercantile Bank's short-term fixed deposits and certificates of deposit hold an A1+ rating.
Row 3: Tamilnad Mercantile Bank Limited's 27% advances growth presents an opportunity.
Row 4: Tamilnad Mercantile Bank possesses best-in-class asset quality.
Row 5: Tamilnad Mercantile Bank Limited reported a CASA ratio of roughly 26% in Q1 FY27.
Row 6: Tamilnad Mercantile Bank was rated by CRISIL.
Row 7: Tamilnad Mercantile Bank demonstrates strong capital efficiency driving its return on equity.
Row 8: Tamilnad Mercantile Bank offers certificates of deposit.
Row 9: Tamilnad Mercantile Bank Limited faces a threat from competition from larger private banks and small finance banks.
Row 10: East River Holdings held 3.35% of Tamilnad Mercantile Bank Limited as of March 2025.
Row 11: Tamilnad Mercantile Bank Limited's gross NPA falling to a ten-year low of 0.69% is a high-confidence strength.
Row 12: Tamilnad Mercantile Bank Limited has a heavy gold-loan and rural/semi-urban franchise.
Row 13: Tamilnad Mercantile Bank Limited has a weakness in its heavy geographic concentration in Tamil Nadu and South India.
Row 14: Tamilnad Mercantile Bank Limited provides MSME lending and faces competition in it.
Row 15: Tamilnad Mercantile Bank recorded a net interest margin of 4.29%.
Row 16: Tamilnad Mercantile Bank Limited recorded a net profit of ₹412 crore for Q1 FY27.
Row 17: Overseas corporate-body shareholders collectively held roughly 22.4% of Tamilnad Mercantile Bank Limited as of March 2025.
Row 18: Tamilnad Mercantile Bank is regulated by the RBI.
Row 19: Tamilnad Mercantile Bank Limited expanded its advances across the retail segment.
Row 20: Robert and Ardis James Company held 4.45% of Tamilnad Mercantile Bank Limited as of March 2025.
Row 21: Salee S. Nair has been MD & CEO of Tamilnad Mercantile Bank Limited since August 2024.
Row 22: Tamilnad Mercantile Bank is regulated by SEBI.
Row 23: Tamilnad Mercantile Bank Limited has a heavy concentration in South India.
Row 24: Tamilnad Mercantile Bank Limited runs a traditional South India-focused retail, MSME and agricultural model.
Row 25: Starship Equity Holdings held 4.25% of Tamilnad Mercantile Bank Limited as of March 2025.
Row 26: Tamilnad Mercantile Bank Limited has a very strong capital-adequacy ratio of 32.33%.
Row 27: Subcontinental Equities held 4.18% of Tamilnad Mercantile Bank Limited as of March 2025.
Row 28: Swiss Re Investors (Mauritius) held 3.20% of Tamilnad Mercantile Bank Limited as of March 2025.
Row 29: Tamilnad Mercantile Bank Limited operates in Tamil Nadu.
Row 30: Tamilnad Mercantile Bank has a geographic concentration in Tamil Nadu.
Row 31: Tamilnad Mercantile Bank Limited is headquartered in Thoothukudi.
Row 32: Tamilnad Mercantile Bank holds a universal banking license.
Row 33: Tamilnad Mercantile Bank maintains a strong capital-adequacy ratio of 32%.
Row 34: Tamilnad Mercantile Bank Limited expanded its advances across the corporate segment.
Row 35: Tamilnad Mercantile Bank offers fixed deposits.
Row 36: Tamilnad Mercantile Bank is exposed to geographic concentration risk.
Row 37: Tamilnad Mercantile Bank is exposed to market risk given the size of its gold-loan book.
Row 38: Tamilnad Mercantile Bank Limited offers gold loans and faces competition in this segment.
Row 39: Tamilnad Mercantile Bank is positioned with a gold-loan-led strategy for expected growth.
Row 40: Gold-price volatility is a key risk driver for Tamilnad Mercantile Bank.
Row 41: Tamilnad Mercantile Bank benefits from low-cost deposits which aid its margins.
Row 42: Tamilnad Mercantile Bank is exposed to market risk from gold-price sensitivity.
Row 43: Tamilnad Mercantile Bank recorded a net NPA of 0.17%.
Row 44: Tamilnad Mercantile Bank is exposed to regulatory risk from RBI norms.
Row 45: Tamilnad Mercantile Bank has an opportunity for continued retail and MSME expansion.
Row 46: Tamilnad Mercantile Bank Limited had a return on assets of 2.14% in Q1 FY27.
Row 47: Tamilnad Mercantile Bank Limited reported a return on equity of 15.93% in Q1 FY27.
Row 48: Tamilnad Mercantile Bank aims to generate a strong return on equity of roughly 16%.
Row 49: Tamilnad Mercantile Bank offers short-term fixed deposits.","Tamilnad Mercantile Bank demonstrates strong financial health, reporting a net profit of ₹412 crore for Q1 FY27, a robust capital-adequacy ratio of 32.33%, and a low gross NPA of 0.69%. However, the bank faces strategic risks due to its heavy geographic concentration in South India and market exposure from its gold-loan portfolio.",Not relevant,The assistant output discusses the bank's financial health and risks but completely fails to provide the requested ticker symbol and exchange information.,
"Who is the current MD & CEO (or Chairman, where that is the top executive title) of Tamilnad Mercantile Bank?",F_Simple,F_Simple,0.6870087860052408,simple_triplet,True,"[""Tamilnad Mercantile Bank"", ""uti""]","[{""entity"": ""Tamilnad Mercantile Bank"", ""matched_node_name"": ""Tamilnad Mercantile Bank Limited"", ""matched_id"": ""d96ccda7-2138-43f3-a9cd-42682b9323fd"", ""matched_type"": ""COMPANY"", ""similarity"": 1.1732195138931274, ""source"": ""semantic""}, {""entity"": ""uti"", ""matched_node_name"": ""UTI"", ""matched_id"": ""fd4feaba-a9ac-4e43-9418-e90485ccc0ee"", ""matched_type"": ""SHAREHOLDER"", ""similarity"": 1.0, ""source"": ""gazetteer""}]","Who is the current MD & CEO (or Chairman, where that is the top exec<SHAREHOLDER>ve title) of <COMPANY>?","{""nn1"": ""COMPANY"", ""prop1_list"": [""GovernanceRole""], ""target_ids"": [""fd4feaba-a9ac-4e43-9418-e90485ccc0ee""], ""nnp1"": ""d96ccda7-2138-43f3-a9cd-42682b9323fd""}","{""nnp1"": ""d96ccda7-2138-43f3-a9cd-42682b9323fd"", ""nnp2"": ""fd4feaba-a9ac-4e43-9418-e90485ccc0ee"", ""nnp3"": null, ""prop1"": ""GovernanceRole"", ""nn1"": ""COMPANY"", ""nn2"": ""SHAREHOLDER"", ""threshold"": null, ""target_ids"": [""fd4feaba-a9ac-4e43-9418-e90485ccc0ee""], ""prop1_list"": [""GovernanceRole""]}",attribute_lookup,7,"Template: simple_triplet (F_Simple)
Query intent: Simple question: subject linked to objects via a predicate.

Row 1: Tamilnad Mercantile Bank Limited's country is India
Row 2: Tamilnad Mercantile Bank Limited's description is Tamilnad Mercantile Bank Limited is a South India-focused bank headquartered in Thoothukudi, Tamil Nadu. Founded in 1921 as The Nadar Bank Ltd and listed in September 2023, it operates a traditional retail, MSME, and agricultural model with a heavy gold-loan and rural/semi-urban franchise.
Row 3: Tamilnad Mercantile Bank Limited's exchange is NSE and BSE
Row 4: Tamilnad Mercantile Bank Limited's legal_name is Tamilnad Mercantile Bank Limited
Row 5: Tamilnad Mercantile Bank Limited's listed is True
Row 6: Tamilnad Mercantile Bank Limited's ticker is TMB
Row 7: Tamilnad Mercantile Bank Limited's website is tmb.bank.in","Tamilnad Mercantile Bank Limited is a publicly listed, India-based financial institution headquartered in Thoothukudi, Tamil Nadu, operating under the ticker TMB on both the NSE and BSE. Founded in 1921 as The Nadar Bank Ltd and listed in September 2023, the bank focuses on traditional retail, MSME, and agricultural segments supported by a robust rural and semi-urban franchise with a strong emphasis on gold loans.",Not relevant,The assistant output provides general background information about Tamilnad Mercantile Bank but completely fails to answer the question about who the current MD & CEO or Chairman is.,
"What percentage of Tamilnad Mercantile Bank is held by its government promoter or largest shareholder, and as of what date?",F_LogUnion,F_LogUnion,0.6758920373727951,logical_union,True,"[""Tamilnad Mercantile Bank""]","[{""entity"": ""Tamilnad Mercantile Bank"", ""matched_node_name"": ""Tamilnad Mercantile Bank Limited"", ""matched_id"": ""d96ccda7-2138-43f3-a9cd-42682b9323fd"", ""matched_type"": ""COMPANY"", ""similarity"": 1.1732195138931274, ""source"": ""semantic""}]","What percentage of <COMPANY> is held by its government promoter or largest shareholder, and as of what date?","{""nnp2"": null, ""nn1"": ""COMPANY"", ""prop1_list"": [""OWNS"", ""REGULATED_BY"", ""OwnershipStake""], ""nnp1"": ""d96ccda7-2138-43f3-a9cd-42682b9323fd"", ""target_ids"": []}","{""nnp1"": ""d96ccda7-2138-43f3-a9cd-42682b9323fd"", ""nnp2"": null, ""nnp3"": null, ""prop1"": ""REGULATED_BY"", ""nn1"": ""COMPANY"", ""nn2"": null, ""threshold"": null, ""target_ids"": [], ""prop1_list"": [""OWNS"", ""REGULATED_BY"", ""OwnershipStake""]}",,0,,,Not relevant,No summary was produced for this query (empty assistant output).,
What was Tamilnad Mercantile Bank's CASA ratio in the most recently reported quarter?,F_Simple,F_Simple,0.4957014209614541,simple_triplet,True,"[""Tamilnad Mercantile Bank"", ""CASA ratio""]","[{""entity"": ""Tamilnad Mercantile Bank"", ""matched_node_name"": ""Tamilnad Mercantile Bank Limited"", ""matched_id"": ""d96ccda7-2138-43f3-a9cd-42682b9323fd"", ""matched_type"": ""COMPANY"", ""similarity"": 1.1732195138931274, ""source"": ""semantic""}, {""entity"": ""CASA ratio"", ""matched_node_name"": ""CASA ratio"", ""matched_id"": ""f552ef12-cf71-4307-80e3-1eb10e256154"", ""matched_type"": ""METRIC"", ""similarity"": 1.0, ""source"": ""gazetteer""}]",What was <COMPANY>'s <METRIC> in the most recently reported quarter?,"{""nn1"": ""COMPANY"", ""prop1_list"": [], ""target_ids"": [""f552ef12-cf71-4307-80e3-1eb10e256154""], ""nnp1"": ""d96ccda7-2138-43f3-a9cd-42682b9323fd""}","{""nnp1"": ""d96ccda7-2138-43f3-a9cd-42682b9323fd"", ""nnp2"": ""f552ef12-cf71-4307-80e3-1eb10e256154"", ""nnp3"": null, ""prop1"": null, ""nn1"": ""COMPANY"", ""nn2"": ""METRIC"", ""threshold"": null, ""target_ids"": [""f552ef12-cf71-4307-80e3-1eb10e256154""], ""prop1_list"": []}",primary,1,"Template: simple_triplet (F_Simple)
Query intent: Simple question: subject linked to objects via a predicate.

Row 1: Tamilnad Mercantile Bank Limited reported a CASA ratio of roughly 26% in Q1 FY27.",Tamilnad Mercantile Bank Limited reported a CASA ratio of approximately 26% during the first quarter of fiscal year 2027.,Relevant,The assistant output directly and completely answers the user's question regarding Tamilnad Mercantile Bank's CASA ratio for the most recently reported quarter.,
What is Tamilnad Mercantile Bank's net interest margin (NIM) for the latest reported period?,F_Simple,F_Simple,0.4559410416941235,simple_triplet,True,"[""Tamilnad Mercantile Bank"", ""net interest margin""]","[{""entity"": ""Tamilnad Mercantile Bank"", ""matched_node_name"": ""Tamilnad Mercantile Bank Limited"", ""matched_id"": ""d96ccda7-2138-43f3-a9cd-42682b9323fd"", ""matched_type"": ""COMPANY"", ""similarity"": 1.1732195138931274, ""source"": ""semantic""}, {""entity"": ""net interest margin"", ""matched_node_name"": ""Net interest margin"", ""matched_id"": ""ce0a12ce-b581-4229-a6b2-4d53c46e9d9d"", ""matched_type"": ""METRIC"", ""similarity"": 1.0, ""source"": ""gazetteer""}]",What is <COMPANY>'s <METRIC> (NIM) for the latest reported period?,"{""nn1"": ""COMPANY"", ""prop1_list"": [], ""target_ids"": [""ce0a12ce-b581-4229-a6b2-4d53c46e9d9d""], ""nnp1"": ""d96ccda7-2138-43f3-a9cd-42682b9323fd""}","{""nnp1"": ""d96ccda7-2138-43f3-a9cd-42682b9323fd"", ""nnp2"": ""ce0a12ce-b581-4229-a6b2-4d53c46e9d9d"", ""nnp3"": null, ""prop1"": null, ""nn1"": ""COMPANY"", ""nn2"": ""METRIC"", ""threshold"": null, ""target_ids"": [""ce0a12ce-b581-4229-a6b2-4d53c46e9d9d""], ""prop1_list"": []}",primary,1,"Template: simple_triplet (F_Simple)
Query intent: Simple question: subject linked to objects via a predicate.

Row 1: Tamilnad Mercantile Bank recorded a net interest margin of 4.29%.",Tamilnad Mercantile Bank recorded a net interest margin of 4.29%. This metric highlights the bank's profitability regarding the interest it generates from loans compared to the interest it pays out on deposits.,Relevant,The assistant output directly and accurately provides Tamilnad Mercantile Bank's net interest margin for the latest reported period.,
"What is Tamilnad Mercantile Bank's capital adequacy ratio (CRAR), and its CET1 ratio if disclosed?",F_Simple,F_Simple,0.5026933839121343,simple_triplet,True,"[""Tamilnad Mercantile Bank"", ""capital adequacy ratio"", ""CE""]","[{""entity"": ""Tamilnad Mercantile Bank"", ""matched_node_name"": ""Tamilnad Mercantile Bank Limited"", ""matched_id"": ""d96ccda7-2138-43f3-a9cd-42682b9323fd"", ""matched_type"": ""COMPANY"", ""similarity"": 1.1732195138931274, ""source"": ""semantic""}, {""entity"": ""capital adequacy ratio"", ""matched_node_name"": ""capital adequacy ratio"", ""matched_id"": ""a9e7103c-2a43-4d54-94d2-0f9178dbb42e"", ""matched_type"": ""METRIC"", ""similarity"": 1.0, ""source"": ""gazetteer""}, {""entity"": ""CE"", ""matched_node_name"": ""NSE"", ""matched_id"": ""f991983e-e758-47f5-acbf-1afe822e5f20"", ""matched_type"": ""COMPANY"", ""similarity"": 0.6484348893165588, ""source"": ""semantic""}]","What is <COMPANY>'s <METRIC> (CRAR), and its <COMPANY>T1 ratio if disclosed?","{""nn1"": ""COMPANY"", ""prop1_list"": [], ""target_ids"": [""a9e7103c-2a43-4d54-94d2-0f9178dbb42e"", ""f991983e-e758-47f5-acbf-1afe822e5f20""], ""nnp1"": ""d96ccda7-2138-43f3-a9cd-42682b9323fd""}","{""nnp1"": ""d96ccda7-2138-43f3-a9cd-42682b9323fd"", ""nnp2"": ""f991983e-e758-47f5-acbf-1afe822e5f20"", ""nnp3"": null, ""prop1"": null, ""nn1"": ""COMPANY"", ""nn2"": ""COMPANY"", ""threshold"": null, ""target_ids"": [""a9e7103c-2a43-4d54-94d2-0f9178dbb42e"", ""f991983e-e758-47f5-acbf-1afe822e5f20""], ""prop1_list"": []}",primary,1,"Template: simple_triplet (F_Simple)
Query intent: Simple question: subject linked to objects via a predicate.

Row 1: Tamilnad Mercantile Bank maintains a strong capital-adequacy ratio of 32%.",Tamilnad Mercantile Bank maintains a strong capital-adequacy ratio of 32%.,Somewhat relevant,The assistant output provides the capital adequacy ratio (CRAR) but fails to address the CET1 ratio requested by the user.,
What are Tamilnad Mercantile Bank's return on assets (ROA) and return on equity (ROE) for the latest quarter?,F_Simple,F_Simple,0.6404601230266839,simple_triplet,True,"[""Tamilnad Mercantile Bank"", ""return on assets"", ""return on equity""]","[{""entity"": ""Tamilnad Mercantile Bank"", ""matched_node_name"": ""Tamilnad Mercantile Bank Limited"", ""matched_id"": ""d96ccda7-2138-43f3-a9cd-42682b9323fd"", ""matched_type"": ""COMPANY"", ""similarity"": 1.1732195138931274, ""source"": ""semantic""}, {""entity"": ""return on assets"", ""matched_node_name"": ""return on assets"", ""matched_id"": ""dd83a8a6-2dd2-4407-9d71-917240c66c55"", ""matched_type"": ""METRIC"", ""similarity"": 1.0, ""source"": ""gazetteer""}, {""entity"": ""return on equity"", ""matched_node_name"": ""return on equity"", ""matched_id"": ""4c4c7086-00d6-4850-9bcd-ae7c8e8479a8"", ""matched_type"": ""METRIC"", ""similarity"": 1.0, ""source"": ""gazetteer""}]",What are <COMPANY>'s <METRIC> (ROA) and <METRIC> (ROE) for the latest quarter?,"{""nn1"": ""COMPANY"", ""prop1_list"": [], ""target_ids"": [""dd83a8a6-2dd2-4407-9d71-917240c66c55"", ""4c4c7086-00d6-4850-9bcd-ae7c8e8479a8""], ""nnp1"": ""d96ccda7-2138-43f3-a9cd-42682b9323fd""}","{""nnp1"": ""d96ccda7-2138-43f3-a9cd-42682b9323fd"", ""nnp2"": ""dd83a8a6-2dd2-4407-9d71-917240c66c55"", ""nnp3"": null, ""prop1"": null, ""nn1"": ""COMPANY"", ""nn2"": ""METRIC"", ""threshold"": null, ""target_ids"": [""dd83a8a6-2dd2-4407-9d71-917240c66c55"", ""4c4c7086-00d6-4850-9bcd-ae7c8e8479a8""], ""prop1_list"": []}",primary,3,"Template: simple_triplet (F_Simple)
Query intent: Simple question: subject linked to objects via a predicate.

Row 1: Tamilnad Mercantile Bank Limited had a return on assets of 2.14% in Q1 FY27.
Row 2: Tamilnad Mercantile Bank Limited reported a return on equity of 15.93% in Q1 FY27.
Row 3: Tamilnad Mercantile Bank aims to generate a strong return on equity of roughly 16%.","In the first quarter of fiscal year 2027, Tamilnad Mercantile Bank Limited achieved a return on assets of 2.14% alongside a return on equity of 15.93%, which closely aligns with the institution's overarching target of generating a strong return on equity of roughly 16%.",Relevant,The assistant output directly and completely answers the user request by providing both the return on assets (ROA) and return on equity (ROE) for Tamilnad Mercantile Bank for the latest quarter.,
What was Tamilnad Mercantile Bank's total advances (loan book) and deposit growth in the latest quarter?,F_Simple,F_Simple,0.5786835426932809,simple_triplet,True,"[""Tamilnad Mercantile Bank"", ""total advances"", ""deposit growth""]","[{""entity"": ""Tamilnad Mercantile Bank"", ""matched_node_name"": ""Tamilnad Mercantile Bank Limited"", ""matched_id"": ""d96ccda7-2138-43f3-a9cd-42682b9323fd"", ""matched_type"": ""COMPANY"", ""similarity"": 1.1732195138931274, ""source"": ""semantic""}, {""entity"": ""total advances"", ""matched_node_name"": ""Total Advances"", ""matched_id"": ""96dbb53b-28f6-42c3-96e5-77dc48c86818"", ""matched_type"": ""METRIC"", ""similarity"": 1.0, ""source"": ""gazetteer""}, {""entity"": ""deposit growth"", ""matched_node_name"": ""deposit growth"", ""matched_id"": ""74d2ba68-dde6-485e-ad5d-c3483d1ec0d8"", ""matched_type"": ""METRIC"", ""similarity"": 1.0, ""source"": ""gazetteer""}]",What was <COMPANY>'s <METRIC> (loan book) and <METRIC> in the latest quarter?,"{""nn1"": ""COMPANY"", ""prop1_list"": [], ""target_ids"": [""96dbb53b-28f6-42c3-96e5-77dc48c86818"", ""74d2ba68-dde6-485e-ad5d-c3483d1ec0d8""], ""nnp1"": ""d96ccda7-2138-43f3-a9cd-42682b9323fd""}","{""nnp1"": ""d96ccda7-2138-43f3-a9cd-42682b9323fd"", ""nnp2"": ""96dbb53b-28f6-42c3-96e5-77dc48c86818"", ""nnp3"": null, ""prop1"": null, ""nn1"": ""COMPANY"", ""nn2"": ""METRIC"", ""threshold"": null, ""target_ids"": [""96dbb53b-28f6-42c3-96e5-77dc48c86818"", ""74d2ba68-dde6-485e-ad5d-c3483d1ec0d8""], ""prop1_list"": []}",relaxed_direction,49,"Template: simple_triplet (F_Simple)
Query intent: Simple question: subject linked to objects via a predicate.

Row 1: Tamilnad Mercantile Bank offers fixed deposits.
Row 2: Tamilnad Mercantile Bank Limited reported a CASA ratio of roughly 26% in Q1 FY27.
Row 3: Tamilnad Mercantile Bank is exposed to regulatory risk from RBI norms.
Row 4: Tamilnad Mercantile Bank Limited had a return on assets of 2.14% in Q1 FY27.
Row 5: Tamilnad Mercantile Bank Limited reported a return on equity of 15.93% in Q1 FY27.
Row 6: Tamilnad Mercantile Bank aims to generate a strong return on equity of roughly 16%.
Row 7: Tamilnad Mercantile Bank recorded a net NPA of 0.17%.
Row 8: Tamilnad Mercantile Bank maintains a strong capital-adequacy ratio of 32%.
Row 9: Tamilnad Mercantile Bank possesses best-in-class asset quality.
Row 10: Tamilnad Mercantile Bank holds a universal banking license.
Row 11: Tamilnad Mercantile Bank recorded a net interest margin of 4.29%.
Row 12: Tamilnad Mercantile Bank Limited expanded its advances across the retail segment.
Row 13: Tamilnad Mercantile Bank offers certificates of deposit.
Row 14: Tamilnad Mercantile Bank Limited recorded a net profit of ₹412 crore for Q1 FY27.
Row 15: Tamilnad Mercantile Bank is exposed to geographic concentration risk.
Row 16: Tamilnad Mercantile Bank Limited has a heavy concentration in South India.
Row 17: Tamilnad Mercantile Bank Limited expanded its advances across the corporate segment.
Row 18: Tamilnad Mercantile Bank Limited's 27% advances growth presents an opportunity.
Row 19: Tamilnad Mercantile Bank Limited operates in Tamil Nadu.
Row 20: Tamilnad Mercantile Bank has a geographic concentration in Tamil Nadu.
Row 21: Tamilnad Mercantile Bank's short-term fixed deposits and certificates of deposit hold an A1+ rating.
Row 22: Tamilnad Mercantile Bank demonstrates strong capital efficiency driving its return on equity.
Row 23: Tamilnad Mercantile Bank is regulated by the RBI.
Row 24: Tamilnad Mercantile Bank is regulated by SEBI.
Row 25: Tamilnad Mercantile Bank was rated by CRISIL.
Row 26: Tamilnad Mercantile Bank is exposed to market risk given the size of its gold-loan book.
Row 27: Tamilnad Mercantile Bank Limited offers gold loans and faces competition in this segment.
Row 28: Tamilnad Mercantile Bank Limited is headquartered in Thoothukudi.
Row 29: Tamilnad Mercantile Bank Limited runs a traditional South India-focused retail, MSME and agricultural model.
Row 30: Tamilnad Mercantile Bank Limited has a heavy gold-loan and rural/semi-urban franchise.
Row 31: Tamilnad Mercantile Bank Limited's gross NPA falling to a ten-year low of 0.69% is a high-confidence strength.
Row 32: Tamilnad Mercantile Bank Limited has a very strong capital-adequacy ratio of 32.33%.
Row 33: Tamilnad Mercantile Bank Limited has a weakness in its heavy geographic concentration in Tamil Nadu and South India.
Row 34: Tamilnad Mercantile Bank Limited provides MSME lending and faces competition in it.
Row 35: Tamilnad Mercantile Bank is exposed to market risk from gold-price sensitivity.
Row 36: Tamilnad Mercantile Bank's fixed deposits have an A+ Stable rating from CRISIL.
Row 37: Tamilnad Mercantile Bank offers short-term fixed deposits.
Row 38: Tamilnad Mercantile Bank is positioned with a gold-loan-led strategy for expected growth.
Row 39: Tamilnad Mercantile Bank has an opportunity for continued retail and MSME expansion.
Row 40: Tamilnad Mercantile Bank benefits from low-cost deposits which aid its margins.
Row 41: Overseas corporate-body shareholders collectively held roughly 22.4% of Tamilnad Mercantile Bank Limited as of March 2025.
Row 42: Salee S. Nair has been MD & CEO of Tamilnad Mercantile Bank Limited since August 2024.
Row 43: Robert and Ardis James Company held 4.45% of Tamilnad Mercantile Bank Limited as of March 2025.
Row 44: Starship Equity Holdings held 4.25% of Tamilnad Mercantile Bank Limited as of March 2025.
Row 45: Subcontinental Equities held 4.18% of Tamilnad Mercantile Bank Limited as of March 2025.
Row 46: East River Holdings held 3.35% of Tamilnad Mercantile Bank Limited as of March 2025.
Row 47: Swiss Re Investors (Mauritius) held 3.20% of Tamilnad Mercantile Bank Limited as of March 2025.
Row 48: Tamilnad Mercantile Bank Limited faces a threat from competition from larger private banks and small finance banks.
Row 49: Gold-price volatility is a key risk driver for Tamilnad Mercantile Bank.","Tamilnad Mercantile Bank reported a net profit of ₹412 crore for Q1 FY27, backed by a strong capital-adequacy ratio of 32.33% and a return on equity of 15.93%. Despite strong asset quality with a gross NPA at a ten-year low of 0.69%, the bank faces key risks from a heavy geographic concentration in South India and market exposure tied to its gold-loan portfolio.",Not relevant,"The assistant output provides net profit, capital-adequacy ratio, and asset quality metrics, but completely fails to address the user's specific request regarding total advances and deposit growth.",
"Roughly how many branches and ATMs does Tamilnad Mercantile Bank operate, and as of what date?",F_QuantCount,F_QuantCount,0.5789900185289873,quant_count,True,"[""Tamilnad Mercantile Bank"", ""ATMs""]","[{""entity"": ""Tamilnad Mercantile Bank"", ""matched_node_name"": ""Tamilnad Mercantile Bank Limited"", ""matched_id"": ""d96ccda7-2138-43f3-a9cd-42682b9323fd"", ""matched_type"": ""COMPANY"", ""similarity"": 1.1732195138931274, ""source"": ""semantic""}, {""entity"": ""ATMs"", ""matched_node_name"": ""ATMs"", ""matched_id"": ""1d9af7d1-80d1-4631-9a7a-7765335565d0"", ""matched_type"": ""DISTRIBUTIONCHANNEL"", ""similarity"": 1.0, ""source"": ""gazetteer""}]","Roughly how many branches and <DISTRIBUTIONCHANNEL> does <COMPANY> operate, and as of what date?","{""nn1"": ""COMPANY"", ""nn2"": ""DISTRIBUTIONCHANNEL"", ""prop1"": null, ""nnp1"": ""d96ccda7-2138-43f3-a9cd-42682b9323fd""}","{""nnp1"": ""d96ccda7-2138-43f3-a9cd-42682b9323fd"", ""nnp2"": ""1d9af7d1-80d1-4631-9a7a-7765335565d0"", ""nnp3"": null, ""prop1"": null, ""nn1"": ""COMPANY"", ""nn2"": ""DISTRIBUTIONCHANNEL"", ""threshold"": null, ""target_ids"": [""1d9af7d1-80d1-4631-9a7a-7765335565d0""], ""prop1_list"": []}",,0,,,Not relevant,No summary was produced for this query (empty assistant output).,
"What products and services does Tamilnad Mercantile Bank offer, and which customer segments does it serve?",F_Simple,F_Simple,0.6085853750573809,simple_triplet,True,"[""Tamilnad Mercantile Bank""]","[{""entity"": ""Tamilnad Mercantile Bank"", ""matched_node_name"": ""Tamilnad Mercantile Bank Limited"", ""matched_id"": ""d96ccda7-2138-43f3-a9cd-42682b9323fd"", ""matched_type"": ""COMPANY"", ""similarity"": 1.1732195138931274, ""source"": ""semantic""}]","What products and services does <COMPANY> offer, and which customer segments does it serve?","{""nn1"": ""COMPANY"", ""prop1_list"": [""OFFERS_PRODUCT"", ""SERVES""], ""target_ids"": [], ""nnp1"": ""d96ccda7-2138-43f3-a9cd-42682b9323fd""}","{""nnp1"": ""d96ccda7-2138-43f3-a9cd-42682b9323fd"", ""nnp2"": null, ""nnp3"": null, ""prop1"": ""SERVES"", ""nn1"": ""COMPANY"", ""nn2"": null, ""threshold"": null, ""target_ids"": [], ""prop1_list"": [""OFFERS_PRODUCT"", ""SERVES""]}",primary,6,"Template: simple_triplet (F_Simple)
Query intent: Simple question: subject linked to objects via a predicate.

Row 1: Tamilnad Mercantile Bank offers certificates of deposit.
Row 2: Tamilnad Mercantile Bank Limited expanded its advances across the retail segment.
Row 3: Tamilnad Mercantile Bank Limited expanded its advances across the corporate segment.
Row 4: Tamilnad Mercantile Bank offers fixed deposits.
Row 5: Tamilnad Mercantile Bank Limited offers gold loans and faces competition in this segment.
Row 6: Tamilnad Mercantile Bank offers short-term fixed deposits.","Tamilnad Mercantile Bank offers a variety of deposit products, including certificates of deposit, fixed deposits, and short-term fixed deposits, alongside gold loans where it encounters market competition. Additionally, the bank has expanded its lending portfolio by growing its advances in both the retail and corporate segments.",Somewhat relevant,"The output mentions some deposit products, gold loans, and retail/corporate segments, but it misses several key products and services and fails to fully detail all the customer segments served by the bank.",
What is CSB Bank's ticker symbol and on which exchange(s) does it trade?,F_Simple,F_Simple,0.5660659596990265,simple_triplet,True,"[""CSB Bank""]","[{""entity"": ""CSB Bank"", ""matched_node_name"": ""CSB Bank"", ""matched_id"": ""65079ce2-ad28-4fe6-9de5-cf40c1ede640"", ""matched_type"": ""COMPANY"", ""similarity"": 1.0, ""source"": ""gazetteer""}]",What is <COMPANY>'s ticker symbol and on which exchange(s) does it trade?,"{""nn1"": ""COMPANY"", ""prop1_list"": [], ""target_ids"": [], ""nnp1"": ""65079ce2-ad28-4fe6-9de5-cf40c1ede640""}","{""nnp1"": ""65079ce2-ad28-4fe6-9de5-cf40c1ede640"", ""nnp2"": null, ""nnp3"": null, ""prop1"": null, ""nn1"": ""COMPANY"", ""nn2"": null, ""threshold"": null, ""target_ids"": [], ""prop1_list"": []}",primary,42,"Template: simple_triplet (F_Simple)
Query intent: Simple question: subject linked to objects via a predicate.

Row 1: CSB Bank's Tier II Basel III bonds were rated A Stable by CRISIL.
Row 2: CSB Bank's short-term fixed deposits and certificates of deposit were rated A1+.
Row 3: Amansa Holdings held about 4.58% of CSB Bank.
Row 4: CSB Bank recorded a CASA ratio of 19%.
Row 5: CSB Bank competes with Dhanlaxmi Bank Limited.
Row 6: FIH Mauritius held a 40.00% ownership stake in CSB Bank.
Row 7: FIH Mauritius Investments Ltd acts as a vehicle promoting CSB Bank.
Row 8: CSB Bank depends on Fairfax for continued capital and support commitment.
Row 9: CSB Bank is promoted by Fairfax Financial Holdings of Canada.
Row 10: Fairfax Financial Holdings holds an existing stake in CSB Bank.
Row 11: CSB Bank is a legacy institution headquartered in Kerala.
Row 12: CSB Bank reported a net profit of ₹150 crore.
Row 13: Pralay Mondal is the MD & CEO of CSB Bank.
Row 14: CSB Bank is regulated by the RBI.
Row 15: SBI Small Cap Fund held roughly 6.34% of CSB Bank.
Row 16: CSB Bank has pivoted toward SME and wholesale lending.
Row 17: CSB Bank is regulated by SEBI.
Row 18: Sundaram Financial Services Opportunities Fund held about 2.82% of CSB Bank.
Row 19: Theleme India Master Fund held about 2.59% of CSB Bank.
Row 20: CSB Bank is headquartered in Thrissur.
Row 21: CSB Bank offers Tier II Basel III bonds.
Row 22: CSB Bank operates under a universal banking license.
Row 23: CSB Bank maintains a strong capital adequacy of 19.96%.
Row 24: CSB Bank is exposed to concentration risk from its gold-loan book.
Row 25: CSB Bank's low CASA ratio implies a weakness via a costlier deposit mix.
Row 26: CSB Bank is exposed to earnings volatility.
Row 27: CSB Bank has an opportunity for continued expansion beyond gold loans into SME and retail lending.
Row 28: CSB Bank has pivoted toward gold loans.
Row 29: CSB Bank is threatened by its historical concentration and sensitivity to gold-loan regulations.
Row 30: CSB Bank depends on gold-price stability.
Row 31: CSB Bank reported a gross NPA of 1.75%.
Row 32: CSB Bank suffers from a weakness characterized by a limited non-gold loan track record.
Row 33: CSB Bank is noted to have a weakness in the form of modest earnings.
Row 34: CSB Bank reported a net NPA of 0.39%.
Row 35: CSB Bank recorded net advances of ₹40,309 crore.
Row 36: CSB Bank reported net interest income of ₹479 crore.
Row 37: CSB Bank is actively diversifying toward the non-gold retail segment.
Row 38: CSB Bank is exposed to operational risk stemming from earnings volatility.
Row 39: CSB Bank has a provision coverage of 86.83%.
Row 40: CSB Bank is exposed to regulatory risk from RBI's gold-loan norms.
Row 41: CSB Bank is threatened by its ongoing sensitivity to gold prices.
Row 42: CSB Bank recorded total deposits of ₹45,415 crore.","Led by MD & CEO Pralay Mondal, CSB Bank operates under a universal banking license from its headquarters in Thrissur, Kerala, backed by promoter Fairfax Financial Holdings. The institution maintains a capital adequacy ratio of 19.96%, a CASA ratio of 19%, net advances of ₹40,309 crore, total deposits of ₹45,415 crore, net interest income of ₹479 crore, and a net profit of ₹150 crore, alongside asset quality metrics including a gross NPA of 1.75%, net NPA of 0.39%, and provision coverage of 86.83%.",Not relevant,"The assistant output provides general leadership, headquarters, and financial statistics about CSB Bank, but completely fails to mention its ticker symbol or the exchange(s) where it trades.",
"What percentage of CSB Bank is held by its government promoter or largest shareholder, and as of what date?",F_LogUnion,F_LogUnion,0.6758920373727951,logical_union,True,"[""CSB Bank""]","[{""entity"": ""CSB Bank"", ""matched_node_name"": ""CSB Bank"", ""matched_id"": ""65079ce2-ad28-4fe6-9de5-cf40c1ede640"", ""matched_type"": ""COMPANY"", ""similarity"": 1.0, ""source"": ""gazetteer""}]","What percentage of <COMPANY> is held by its government promoter or largest shareholder, and as of what date?","{""nnp2"": null, ""nn1"": ""COMPANY"", ""prop1_list"": [""OWNS"", ""REGULATED_BY"", ""OwnershipStake""], ""nnp1"": ""65079ce2-ad28-4fe6-9de5-cf40c1ede640"", ""target_ids"": []}","{""nnp1"": ""65079ce2-ad28-4fe6-9de5-cf40c1ede640"", ""nnp2"": null, ""nnp3"": null, ""prop1"": ""REGULATED_BY"", ""nn1"": ""COMPANY"", ""nn2"": null, ""threshold"": null, ""target_ids"": [], ""prop1_list"": [""OWNS"", ""REGULATED_BY"", ""OwnershipStake""]}",primary,7,"Template: logical_union (F_LogUnion)
Query intent: Union of two relationship patterns from the same subject.

Row 1: Fairfax Financial Holdings holds an existing stake in CSB Bank.
Row 2: FIH Mauritius Investments Ltd acts as a vehicle promoting CSB Bank.
Row 3: FIH Mauritius held a 40.00% ownership stake in CSB Bank.
Row 4: SBI Small Cap Fund held roughly 6.34% of CSB Bank.
Row 5: Amansa Holdings held about 4.58% of CSB Bank.
Row 6: Sundaram Financial Services Opportunities Fund held about 2.82% of CSB Bank.
Row 7: Theleme India Master Fund held about 2.59% of CSB Bank.","Fairfax Financial Holdings, through its investment vehicle FIH Mauritius Investments Ltd, maintains an existing and prominent stake in CSB Bank, with FIH Mauritius previously holding a 40.00% ownership interest. Additionally, several other institutional investors hold stakes in the bank, including SBI Small Cap Fund at roughly 6.34%, Amansa Holdings at about 4.58%, Sundaram Financial Services Opportunities Fund at approximately 2.82%, and Theleme India Master Fund at roughly 2.59%.",Somewhat relevant,The output identifies the largest shareholder and their stake but fails to mention the specific date as requested by the user.,
What was CSB Bank's CASA ratio in the most recently reported quarter?,F_Simple,F_Simple,0.4957014209614541,simple_triplet,True,"[""CSB Bank"", ""CASA ratio""]","[{""entity"": ""CSB Bank"", ""matched_node_name"": ""CSB Bank"", ""matched_id"": ""65079ce2-ad28-4fe6-9de5-cf40c1ede640"", ""matched_type"": ""COMPANY"", ""similarity"": 1.0, ""source"": ""gazetteer""}, {""entity"": ""CASA ratio"", ""matched_node_name"": ""CASA ratio"", ""matched_id"": ""f552ef12-cf71-4307-80e3-1eb10e256154"", ""matched_type"": ""METRIC"", ""similarity"": 1.0, ""source"": ""gazetteer""}]",What was <COMPANY>'s <METRIC> in the most recently reported quarter?,"{""nn1"": ""COMPANY"", ""prop1_list"": [], ""target_ids"": [""f552ef12-cf71-4307-80e3-1eb10e256154""], ""nnp1"": ""65079ce2-ad28-4fe6-9de5-cf40c1ede640""}","{""nnp1"": ""65079ce2-ad28-4fe6-9de5-cf40c1ede640"", ""nnp2"": ""f552ef12-cf71-4307-80e3-1eb10e256154"", ""nnp3"": null, ""prop1"": null, ""nn1"": ""COMPANY"", ""nn2"": ""METRIC"", ""threshold"": null, ""target_ids"": [""f552ef12-cf71-4307-80e3-1eb10e256154""], ""prop1_list"": []}",primary,1,"Template: simple_triplet (F_Simple)
Query intent: Simple question: subject linked to objects via a predicate.

Row 1: CSB Bank recorded a CASA ratio of 19%.",CSB Bank recorded a CASA ratio of 19%.,Relevant,The assistant directly answers the user's question by providing CSB Bank's CASA ratio for the most recently reported quarter.,
What is CSB Bank's net interest margin (NIM) for the latest reported period?,F_Simple,F_Simple,0.4559410416941235,simple_triplet,True,"[""CSB Bank"", ""net interest margin""]","[{""entity"": ""CSB Bank"", ""matched_node_name"": ""CSB Bank"", ""matched_id"": ""65079ce2-ad28-4fe6-9de5-cf40c1ede640"", ""matched_type"": ""COMPANY"", ""similarity"": 1.0, ""source"": ""gazetteer""}, {""entity"": ""net interest margin"", ""matched_node_name"": ""Net interest margin"", ""matched_id"": ""ce0a12ce-b581-4229-a6b2-4d53c46e9d9d"", ""matched_type"": ""METRIC"", ""similarity"": 1.0, ""source"": ""gazetteer""}]",What is <COMPANY>'s <METRIC> (NIM) for the latest reported period?,"{""nn1"": ""COMPANY"", ""prop1_list"": [], ""target_ids"": [""ce0a12ce-b581-4229-a6b2-4d53c46e9d9d""], ""nnp1"": ""65079ce2-ad28-4fe6-9de5-cf40c1ede640""}","{""nnp1"": ""65079ce2-ad28-4fe6-9de5-cf40c1ede640"", ""nnp2"": ""ce0a12ce-b581-4229-a6b2-4d53c46e9d9d"", ""nnp3"": null, ""prop1"": null, ""nn1"": ""COMPANY"", ""nn2"": ""METRIC"", ""threshold"": null, ""target_ids"": [""ce0a12ce-b581-4229-a6b2-4d53c46e9d9d""], ""prop1_list"": []}",relaxed_direction,42,"Template: simple_triplet (F_Simple)
Query intent: Simple question: subject linked to objects via a predicate.

Row 1: CSB Bank recorded a CASA ratio of 19%.
Row 2: CSB Bank recorded total deposits of ₹45,415 crore.
Row 3: CSB Bank reported net interest income of ₹479 crore.
Row 4: CSB Bank is exposed to regulatory risk from RBI's gold-loan norms.
Row 5: CSB Bank reported a gross NPA of 1.75%.
Row 6: CSB Bank reported a net NPA of 0.39%.
Row 7: CSB Bank has a provision coverage of 86.83%.
Row 8: CSB Bank maintains a strong capital adequacy of 19.96%.
Row 9: CSB Bank operates under a universal banking license.
Row 10: CSB Bank reported a net profit of ₹150 crore.
Row 11: CSB Bank is exposed to operational risk stemming from earnings volatility.
Row 12: CSB Bank offers Tier II Basel III bonds.
Row 13: CSB Bank's short-term fixed deposits and certificates of deposit were rated A1+.
Row 14: CSB Bank is regulated by the RBI.
Row 15: CSB Bank is regulated by SEBI.
Row 16: CSB Bank is exposed to concentration risk from its gold-loan book.
Row 17: CSB Bank is a legacy institution headquartered in Kerala.
Row 18: CSB Bank is headquartered in Thrissur.
Row 19: CSB Bank has pivoted toward gold loans.
Row 20: CSB Bank is promoted by Fairfax Financial Holdings of Canada.
Row 21: CSB Bank depends on Fairfax for continued capital and support commitment.
Row 22: CSB Bank has pivoted toward SME and wholesale lending.
Row 23: CSB Bank is actively diversifying toward the non-gold retail segment.
Row 24: CSB Bank recorded net advances of ₹40,309 crore.
Row 25: CSB Bank is noted to have a weakness in the form of modest earnings.
Row 26: CSB Bank suffers from a weakness characterized by a limited non-gold loan track record.
Row 27: CSB Bank's low CASA ratio implies a weakness via a costlier deposit mix.
Row 28: CSB Bank has an opportunity for continued expansion beyond gold loans into SME and retail lending.
Row 29: CSB Bank is threatened by its ongoing sensitivity to gold prices.
Row 30: CSB Bank is threatened by its historical concentration and sensitivity to gold-loan regulations.
Row 31: CSB Bank is exposed to earnings volatility.
Row 32: CSB Bank depends on gold-price stability.
Row 33: CSB Bank's Tier II Basel III bonds were rated A Stable by CRISIL.
Row 34: CSB Bank competes with Dhanlaxmi Bank Limited.
Row 35: Fairfax Financial Holdings holds an existing stake in CSB Bank.
Row 36: FIH Mauritius Investments Ltd acts as a vehicle promoting CSB Bank.
Row 37: Pralay Mondal is the MD & CEO of CSB Bank.
Row 38: FIH Mauritius held a 40.00% ownership stake in CSB Bank.
Row 39: SBI Small Cap Fund held roughly 6.34% of CSB Bank.
Row 40: Amansa Holdings held about 4.58% of CSB Bank.
Row 41: Sundaram Financial Services Opportunities Fund held about 2.82% of CSB Bank.
Row 42: Theleme India Master Fund held about 2.59% of CSB Bank.","CSB Bank reported a net profit of ₹150 crore, a CASA ratio of 19%, total deposits of ₹45,415 crore, and net advances of ₹40,309 crore, alongside a strong capital adequacy ratio of 19.96%, a gross NPA of 1.75%, and a net NPA of 0.39%. The institution operates as a universal bank promoted by Fairfax Financial Holdings, with FIH Mauritius holding a 40% ownership stake, while navigating key risks such as gold-loan portfolio concentration, regulatory sensitivities, and earnings volatility.",Not relevant,"The assistant provides various financial and operational metrics for CSB Bank, but completely fails to mention the net interest margin (NIM) for the latest reported period.",
What are CSB Bank's gross NPA and net NPA ratios?,F_Simple,F_Simple,0.5339957873182645,simple_triplet,True,"[""CSB Bank"", ""gross NPA"", ""net NPA""]","[{""entity"": ""CSB Bank"", ""matched_node_name"": ""CSB Bank"", ""matched_id"": ""65079ce2-ad28-4fe6-9de5-cf40c1ede640"", ""matched_type"": ""COMPANY"", ""similarity"": 1.0, ""source"": ""gazetteer""}, {""entity"": ""gross NPA"", ""matched_node_name"": ""gross NPA"", ""matched_id"": ""00c1065d-13f6-42fc-be09-d1a8be6780cd"", ""matched_type"": ""METRIC"", ""similarity"": 1.0, ""source"": ""gazetteer""}, {""entity"": ""net NPA"", ""matched_node_name"": ""net NPA"", ""matched_id"": ""4539ed7c-a229-4073-a946-c4b6498648c7"", ""matched_type"": ""METRIC"", ""similarity"": 1.0, ""source"": ""gazetteer""}]",What are <COMPANY>'s <METRIC> and <METRIC> ratios?,"{""nn1"": ""COMPANY"", ""prop1_list"": [], ""target_ids"": [""00c1065d-13f6-42fc-be09-d1a8be6780cd"", ""4539ed7c-a229-4073-a946-c4b6498648c7""], ""nnp1"": ""65079ce2-ad28-4fe6-9de5-cf40c1ede640""}","{""nnp1"": ""65079ce2-ad28-4fe6-9de5-cf40c1ede640"", ""nnp2"": ""00c1065d-13f6-42fc-be09-d1a8be6780cd"", ""nnp3"": null, ""prop1"": null, ""nn1"": ""COMPANY"", ""nn2"": ""METRIC"", ""threshold"": null, ""target_ids"": [""00c1065d-13f6-42fc-be09-d1a8be6780cd"", ""4539ed7c-a229-4073-a946-c4b6498648c7""], ""prop1_list"": []}",primary,2,"Template: simple_triplet (F_Simple)
Query intent: Simple question: subject linked to objects via a predicate.

Row 1: CSB Bank reported a gross NPA of 1.75%.
Row 2: CSB Bank reported a net NPA of 0.39%.",CSB Bank reported a gross non-performing asset ratio of 1.75% alongside a net non-performing asset ratio of 0.39%.,Relevant,The assistant output directly and accurately addresses the user request by providing both the gross NPA and net NPA ratios for CSB Bank.,
"What is CSB Bank's capital adequacy ratio (CRAR), and its CET1 ratio if disclosed?",F_Simple,F_Simple,0.5026933839121343,simple_triplet,True,"[""CSB Bank"", ""capital adequacy ratio"", ""CE""]","[{""entity"": ""CSB Bank"", ""matched_node_name"": ""CSB Bank"", ""matched_id"": ""65079ce2-ad28-4fe6-9de5-cf40c1ede640"", ""matched_type"": ""COMPANY"", ""similarity"": 1.0, ""source"": ""gazetteer""}, {""entity"": ""capital adequacy ratio"", ""matched_node_name"": ""capital adequacy ratio"", ""matched_id"": ""a9e7103c-2a43-4d54-94d2-0f9178dbb42e"", ""matched_type"": ""METRIC"", ""similarity"": 1.0, ""source"": ""gazetteer""}, {""entity"": ""CE"", ""matched_node_name"": ""NSE"", ""matched_id"": ""f991983e-e758-47f5-acbf-1afe822e5f20"", ""matched_type"": ""COMPANY"", ""similarity"": 0.6484348893165588, ""source"": ""semantic""}]","What is <COMPANY>'s <METRIC> (CRAR), and its <COMPANY>T1 ratio if disclosed?","{""nn1"": ""COMPANY"", ""prop1_list"": [], ""target_ids"": [""a9e7103c-2a43-4d54-94d2-0f9178dbb42e"", ""f991983e-e758-47f5-acbf-1afe822e5f20""], ""nnp1"": ""65079ce2-ad28-4fe6-9de5-cf40c1ede640""}","{""nnp1"": ""65079ce2-ad28-4fe6-9de5-cf40c1ede640"", ""nnp2"": ""f991983e-e758-47f5-acbf-1afe822e5f20"", ""nnp3"": null, ""prop1"": null, ""nn1"": ""COMPANY"", ""nn2"": ""COMPANY"", ""threshold"": null, ""target_ids"": [""a9e7103c-2a43-4d54-94d2-0f9178dbb42e"", ""f991983e-e758-47f5-acbf-1afe822e5f20""], ""prop1_list"": []}",primary,1,"Template: simple_triplet (F_Simple)
Query intent: Simple question: subject linked to objects via a predicate.

Row 1: CSB Bank maintains a strong capital adequacy of 19.96%.",CSB Bank maintains a strong capital adequacy ratio of 19.96%. This demonstrates the institution's solid financial foundation and robust ability to absorb potential losses.,Somewhat relevant,The assistant output provides CSB Bank's capital adequacy ratio (CRAR) but fails to mention or disclose the CET1 ratio as requested by the user.,
What are CSB Bank's return on assets (ROA) and return on equity (ROE) for the latest quarter?,F_Simple,F_Simple,0.6404601230266839,simple_triplet,True,"[""CSB Bank"", ""return on assets"", ""return on equity""]","[{""entity"": ""CSB Bank"", ""matched_node_name"": ""CSB Bank"", ""matched_id"": ""65079ce2-ad28-4fe6-9de5-cf40c1ede640"", ""matched_type"": ""COMPANY"", ""similarity"": 1.0, ""source"": ""gazetteer""}, {""entity"": ""return on assets"", ""matched_node_name"": ""return on assets"", ""matched_id"": ""dd83a8a6-2dd2-4407-9d71-917240c66c55"", ""matched_type"": ""METRIC"", ""similarity"": 1.0, ""source"": ""gazetteer""}, {""entity"": ""return on equity"", ""matched_node_name"": ""return on equity"", ""matched_id"": ""4c4c7086-00d6-4850-9bcd-ae7c8e8479a8"", ""matched_type"": ""METRIC"", ""similarity"": 1.0, ""source"": ""gazetteer""}]",What are <COMPANY>'s <METRIC> (ROA) and <METRIC> (ROE) for the latest quarter?,"{""nn1"": ""COMPANY"", ""prop1_list"": [], ""target_ids"": [""dd83a8a6-2dd2-4407-9d71-917240c66c55"", ""4c4c7086-00d6-4850-9bcd-ae7c8e8479a8""], ""nnp1"": ""65079ce2-ad28-4fe6-9de5-cf40c1ede640""}","{""nnp1"": ""65079ce2-ad28-4fe6-9de5-cf40c1ede640"", ""nnp2"": ""dd83a8a6-2dd2-4407-9d71-917240c66c55"", ""nnp3"": null, ""prop1"": null, ""nn1"": ""COMPANY"", ""nn2"": ""METRIC"", ""threshold"": null, ""target_ids"": [""dd83a8a6-2dd2-4407-9d71-917240c66c55"", ""4c4c7086-00d6-4850-9bcd-ae7c8e8479a8""], ""prop1_list"": []}",relaxed_direction,42,"Template: simple_triplet (F_Simple)
Query intent: Simple question: subject linked to objects via a predicate.

Row 1: CSB Bank recorded a CASA ratio of 19%.
Row 2: CSB Bank recorded total deposits of ₹45,415 crore.
Row 3: CSB Bank reported net interest income of ₹479 crore.
Row 4: CSB Bank is exposed to regulatory risk from RBI's gold-loan norms.
Row 5: CSB Bank reported a gross NPA of 1.75%.
Row 6: CSB Bank reported a net NPA of 0.39%.
Row 7: CSB Bank has a provision coverage of 86.83%.
Row 8: CSB Bank maintains a strong capital adequacy of 19.96%.
Row 9: CSB Bank operates under a universal banking license.
Row 10: CSB Bank reported a net profit of ₹150 crore.
Row 11: CSB Bank is exposed to operational risk stemming from earnings volatility.
Row 12: CSB Bank offers Tier II Basel III bonds.
Row 13: CSB Bank's short-term fixed deposits and certificates of deposit were rated A1+.
Row 14: CSB Bank is regulated by the RBI.
Row 15: CSB Bank is regulated by SEBI.
Row 16: CSB Bank is exposed to concentration risk from its gold-loan book.
Row 17: CSB Bank is a legacy institution headquartered in Kerala.
Row 18: CSB Bank is headquartered in Thrissur.
Row 19: CSB Bank has pivoted toward gold loans.
Row 20: CSB Bank is promoted by Fairfax Financial Holdings of Canada.
Row 21: CSB Bank depends on Fairfax for continued capital and support commitment.
Row 22: CSB Bank has pivoted toward SME and wholesale lending.
Row 23: CSB Bank is actively diversifying toward the non-gold retail segment.
Row 24: CSB Bank recorded net advances of ₹40,309 crore.
Row 25: CSB Bank is noted to have a weakness in the form of modest earnings.
Row 26: CSB Bank suffers from a weakness characterized by a limited non-gold loan track record.
Row 27: CSB Bank's low CASA ratio implies a weakness via a costlier deposit mix.
Row 28: CSB Bank has an opportunity for continued expansion beyond gold loans into SME and retail lending.
Row 29: CSB Bank is threatened by its ongoing sensitivity to gold prices.
Row 30: CSB Bank is threatened by its historical concentration and sensitivity to gold-loan regulations.
Row 31: CSB Bank is exposed to earnings volatility.
Row 32: CSB Bank depends on gold-price stability.
Row 33: CSB Bank's Tier II Basel III bonds were rated A Stable by CRISIL.
Row 34: CSB Bank competes with Dhanlaxmi Bank Limited.
Row 35: Fairfax Financial Holdings holds an existing stake in CSB Bank.
Row 36: FIH Mauritius Investments Ltd acts as a vehicle promoting CSB Bank.
Row 37: Pralay Mondal is the MD & CEO of CSB Bank.
Row 38: FIH Mauritius held a 40.00% ownership stake in CSB Bank.
Row 39: SBI Small Cap Fund held roughly 6.34% of CSB Bank.
Row 40: Amansa Holdings held about 4.58% of CSB Bank.
Row 41: Sundaram Financial Services Opportunities Fund held about 2.82% of CSB Bank.
Row 42: Theleme India Master Fund held about 2.59% of CSB Bank.","CSB Bank maintains a strong capital adequacy ratio of 19.96% alongside total deposits of ₹45,415 crore and net advances of ₹40,309 crore, while operating with a net profit of ₹150 crore and a gross NPA of 1.75%. However, the institution faces strategic risks and vulnerabilities tied to its heavy reliance on the gold-loan portfolio, sensitivity to gold prices and regulatory norms, and a low CASA ratio of 19% that results in a costlier deposit mix.",Not relevant,"The assistant output provides various financial metrics such as net profit and deposits, but fails to provide the specifically requested return on assets (ROA) and return on equity (ROE) for the latest quarter.",
What was CSB Bank's total advances (loan book) and deposit growth in the latest quarter?,F_Simple,F_Simple,0.5786835426932809,simple_triplet,True,"[""CSB Bank"", ""total advances"", ""deposit growth""]","[{""entity"": ""CSB Bank"", ""matched_node_name"": ""CSB Bank"", ""matched_id"": ""65079ce2-ad28-4fe6-9de5-cf40c1ede640"", ""matched_type"": ""COMPANY"", ""similarity"": 1.0, ""source"": ""gazetteer""}, {""entity"": ""total advances"", ""matched_node_name"": ""Total Advances"", ""matched_id"": ""96dbb53b-28f6-42c3-96e5-77dc48c86818"", ""matched_type"": ""METRIC"", ""similarity"": 1.0, ""source"": ""gazetteer""}, {""entity"": ""deposit growth"", ""matched_node_name"": ""deposit growth"", ""matched_id"": ""74d2ba68-dde6-485e-ad5d-c3483d1ec0d8"", ""matched_type"": ""METRIC"", ""similarity"": 1.0, ""source"": ""gazetteer""}]",What was <COMPANY>'s <METRIC> (loan book) and <METRIC> in the latest quarter?,"{""nn1"": ""COMPANY"", ""prop1_list"": [], ""target_ids"": [""96dbb53b-28f6-42c3-96e5-77dc48c86818"", ""74d2ba68-dde6-485e-ad5d-c3483d1ec0d8""], ""nnp1"": ""65079ce2-ad28-4fe6-9de5-cf40c1ede640""}","{""nnp1"": ""65079ce2-ad28-4fe6-9de5-cf40c1ede640"", ""nnp2"": ""96dbb53b-28f6-42c3-96e5-77dc48c86818"", ""nnp3"": null, ""prop1"": null, ""nn1"": ""COMPANY"", ""nn2"": ""METRIC"", ""threshold"": null, ""target_ids"": [""96dbb53b-28f6-42c3-96e5-77dc48c86818"", ""74d2ba68-dde6-485e-ad5d-c3483d1ec0d8""], ""prop1_list"": []}",relaxed_direction,42,"Template: simple_triplet (F_Simple)
Query intent: Simple question: subject linked to objects via a predicate.

Row 1: CSB Bank recorded a CASA ratio of 19%.
Row 2: CSB Bank recorded total deposits of ₹45,415 crore.
Row 3: CSB Bank reported net interest income of ₹479 crore.
Row 4: CSB Bank is exposed to regulatory risk from RBI's gold-loan norms.
Row 5: CSB Bank reported a gross NPA of 1.75%.
Row 6: CSB Bank reported a net NPA of 0.39%.
Row 7: CSB Bank has a provision coverage of 86.83%.
Row 8: CSB Bank maintains a strong capital adequacy of 19.96%.
Row 9: CSB Bank operates under a universal banking license.
Row 10: CSB Bank reported a net profit of ₹150 crore.
Row 11: CSB Bank is exposed to operational risk stemming from earnings volatility.
Row 12: CSB Bank offers Tier II Basel III bonds.
Row 13: CSB Bank's short-term fixed deposits and certificates of deposit were rated A1+.
Row 14: CSB Bank is regulated by the RBI.
Row 15: CSB Bank is regulated by SEBI.
Row 16: CSB Bank is exposed to concentration risk from its gold-loan book.
Row 17: CSB Bank is a legacy institution headquartered in Kerala.
Row 18: CSB Bank is headquartered in Thrissur.
Row 19: CSB Bank has pivoted toward gold loans.
Row 20: CSB Bank is promoted by Fairfax Financial Holdings of Canada.
Row 21: CSB Bank depends on Fairfax for continued capital and support commitment.
Row 22: CSB Bank has pivoted toward SME and wholesale lending.
Row 23: CSB Bank is actively diversifying toward the non-gold retail segment.
Row 24: CSB Bank recorded net advances of ₹40,309 crore.
Row 25: CSB Bank is noted to have a weakness in the form of modest earnings.
Row 26: CSB Bank suffers from a weakness characterized by a limited non-gold loan track record.
Row 27: CSB Bank's low CASA ratio implies a weakness via a costlier deposit mix.
Row 28: CSB Bank has an opportunity for continued expansion beyond gold loans into SME and retail lending.
Row 29: CSB Bank is threatened by its ongoing sensitivity to gold prices.
Row 30: CSB Bank is threatened by its historical concentration and sensitivity to gold-loan regulations.
Row 31: CSB Bank is exposed to earnings volatility.
Row 32: CSB Bank depends on gold-price stability.
Row 33: CSB Bank's Tier II Basel III bonds were rated A Stable by CRISIL.
Row 34: CSB Bank competes with Dhanlaxmi Bank Limited.
Row 35: Fairfax Financial Holdings holds an existing stake in CSB Bank.
Row 36: FIH Mauritius Investments Ltd acts as a vehicle promoting CSB Bank.
Row 37: Pralay Mondal is the MD & CEO of CSB Bank.
Row 38: FIH Mauritius held a 40.00% ownership stake in CSB Bank.
Row 39: SBI Small Cap Fund held roughly 6.34% of CSB Bank.
Row 40: Amansa Holdings held about 4.58% of CSB Bank.
Row 41: Sundaram Financial Services Opportunities Fund held about 2.82% of CSB Bank.
Row 42: Theleme India Master Fund held about 2.59% of CSB Bank.","CSB Bank reported a net profit of ₹150 crore, supported by net interest income of ₹479 crore, total deposits of ₹45,415 crore, and net advances of ₹40,309 crore, alongside a strong capital adequacy ratio of 19.96%. The institution operates under a universal banking license and is currently diversifying its portfolio toward SME, wholesale, and non-gold retail segments to manage concentration risks tied to its core gold-loan book.",Somewhat relevant,"The output provides the figures for total deposits and net advances, but it does not mention the growth rates for either metric as requested.",
"Roughly how many branches and ATMs does CSB Bank operate, and as of what date?",F_QuantCount,F_QuantCount,0.5789900185289873,quant_count,True,"[""ATMs"", ""CSB Bank""]","[{""entity"": ""ATMs"", ""matched_node_name"": ""ATMs"", ""matched_id"": ""1d9af7d1-80d1-4631-9a7a-7765335565d0"", ""matched_type"": ""DISTRIBUTIONCHANNEL"", ""similarity"": 1.0, ""source"": ""gazetteer""}, {""entity"": ""CSB Bank"", ""matched_node_name"": ""CSB Bank"", ""matched_id"": ""65079ce2-ad28-4fe6-9de5-cf40c1ede640"", ""matched_type"": ""COMPANY"", ""similarity"": 1.0, ""source"": ""gazetteer""}]","Roughly how many branches and <DISTRIBUTIONCHANNEL> does <COMPANY> operate, and as of what date?","{""nn1"": ""COMPANY"", ""nn2"": ""DISTRIBUTIONCHANNEL"", ""prop1"": null, ""nnp1"": ""65079ce2-ad28-4fe6-9de5-cf40c1ede640""}","{""nnp1"": ""65079ce2-ad28-4fe6-9de5-cf40c1ede640"", ""nnp2"": ""1d9af7d1-80d1-4631-9a7a-7765335565d0"", ""nnp3"": null, ""prop1"": null, ""nn1"": ""COMPANY"", ""nn2"": ""DISTRIBUTIONCHANNEL"", ""threshold"": null, ""target_ids"": [""1d9af7d1-80d1-4631-9a7a-7765335565d0""], ""prop1_list"": []}",,0,,,Not relevant,No summary was produced for this query (empty assistant output).,
"What products and services does CSB Bank offer, and which customer segments does it serve?",F_Simple,F_Simple,0.6085853750573809,simple_triplet,True,"[""CSB Bank""]","[{""entity"": ""CSB Bank"", ""matched_node_name"": ""CSB Bank"", ""matched_id"": ""65079ce2-ad28-4fe6-9de5-cf40c1ede640"", ""matched_type"": ""COMPANY"", ""similarity"": 1.0, ""source"": ""gazetteer""}]","What products and services does <COMPANY> offer, and which customer segments does it serve?","{""nn1"": ""COMPANY"", ""prop1_list"": [""OFFERS_PRODUCT"", ""SERVES""], ""target_ids"": [], ""nnp1"": ""65079ce2-ad28-4fe6-9de5-cf40c1ede640""}","{""nnp1"": ""65079ce2-ad28-4fe6-9de5-cf40c1ede640"", ""nnp2"": null, ""nnp3"": null, ""prop1"": ""SERVES"", ""nn1"": ""COMPANY"", ""nn2"": null, ""threshold"": null, ""target_ids"": [], ""prop1_list"": [""OFFERS_PRODUCT"", ""SERVES""]}",primary,1,"Template: simple_triplet (F_Simple)
Query intent: Simple question: subject linked to objects via a predicate.

Row 1: CSB Bank offers Tier II Basel III bonds.",CSB Bank offers Tier II Basel III bonds to strengthen its capital structure. This financial product provides investors with an opportunity to participate in the bank's regulatory capital instruments.,Somewhat relevant,"The output mentions one specific product offered by CSB Bank but completely fails to address the broad range of products, services, and customer segments requested.",
What is Bandhan Bank's ticker symbol and on which exchange(s) does it trade?,F_Simple,F_Simple,0.5660659596990265,simple_triplet,True,"[""Bandhan Bank""]","[{""entity"": ""Bandhan Bank"", ""matched_node_name"": ""Bandhan Bank"", ""matched_id"": ""656eb598-b974-42d8-ba8e-92707302ee1d"", ""matched_type"": ""COMPANY"", ""similarity"": 1.0, ""source"": ""gazetteer""}]",What is <COMPANY>'s ticker symbol and on which exchange(s) does it trade?,"{""nn1"": ""COMPANY"", ""prop1_list"": [], ""target_ids"": [], ""nnp1"": ""656eb598-b974-42d8-ba8e-92707302ee1d""}","{""nnp1"": ""656eb598-b974-42d8-ba8e-92707302ee1d"", ""nnp2"": null, ""nnp3"": null, ""prop1"": null, ""nn1"": ""COMPANY"", ""nn2"": null, ""threshold"": null, ""target_ids"": [], ""prop1_list"": []}",primary,45,"Template: simple_triplet (F_Simple)
Query intent: Simple question: subject linked to objects via a predicate.

Row 1: CRISIL reaffirmed an A1+ rating on Bandhan Bank's certificates of deposit.
Row 2: CRISIL reaffirmed an AA- Stable rating on Bandhan Bank's non-convertible debentures.
Row 3: Bandhan Bank is particularly focused on scaling its affordable housing loan portfolio following its merger with Gruh Finance.
Row 4: Bandhan Financial Holdings held a 39.98% ownership stake in Bandhan Bank.
Row 5: Bandhan Bank operates roughly 6,350 banking outlets as of June 30, 2026.
Row 6: Bandhan Bank reported a CASA ratio of 29.4% in Q1 FY27, up from 27.06% a year earlier.
Row 7: Bandhan Bank's credit profile and market position are rated by CRISIL.
Row 8: Bandhan Bank utilizes certificates of deposit as a source of funding, earning an A1+ rating.
Row 9: Bandhan Bank's asset quality depends on its collection-efficiency discipline in the EEB book, which was 98.9% in Q1 FY27.
Row 10: CRISIL explicitly flags Bandhan Bank's geographic concentration in East and Northeast India as a rating factor.
Row 11: Bandhan Bank internally labels its microfinance and group-lending operations as the Emerging Entrepreneurs Business (EEB).
Row 12: FIIs held a 23.2% stake in Bandhan Bank.
Row 13: Bandhan Bank maintains its group-lending heritage alongside its other banking operations.
Row 14: Bandhan Bank is headquartered in Kolkata.
Row 15: Bandhan Bank serves MSME customers as part of its non-EEB lending.
Row 16: Bandhan Bank's margin benefits from its high-yield microfinance loan mix and rising CASA share.
Row 17: Bandhan Bank serves micro-entrepreneurs as part of its customer base.
Row 18: CRISIL states that Bandhan Bank is vulnerable to microfinance-sector stress cycles.
Row 19: Bandhan Bank reported a net profit of ₹502 crore for Q1 FY27, a 35% increase year-on-year.
Row 20: Bandhan Bank provides non-EEB lending more broadly beyond its core microfinance division.
Row 21: Bandhan Bank's non-EEB portfolio specifically grew by 27% year-on-year.
Row 22: Bandhan Bank is exposed to the risk of borrower over-indebtedness in the microfinance sector.
Row 23: Partha Pratim Sengupta serves as MD & CEO of Bandhan Bank following RBI approval.
Row 24: Bandhan Bank is regulated by the RBI and subject to its lending norms.
Row 25: Bandhan Bank provides banking services to rural and semi-urban unbanked households.
Row 26: Bandhan Bank operates under the regulatory supervision of SEBI.
Row 27: State-level microfinance ordinances pose a threat to Bandhan Bank due to its microfinance exposure.
Row 28: Bandhan Bank converted to hold a universal banking license in 2015.
Row 29: Bandhan Bank converted from a microfinance NGO and currently holds a universal banking license.
Row 30: Bandhan Bank is actively scaling its secured retail lending portfolio.
Row 31: Unsecured/EEB microfinance makes up approximately 43% of Bandhan Bank's loan book.
Row 32: Bandhan Bank is headquartered in West Bengal.
Row 33: Bandhan Bank maintains a robust capital adequacy ratio of 18.2%.
Row 34: Bandhan Bank provides lending and banking services to corporate customers.
Row 35: Bandhan Bank reported a credit cost of 1.8% for Q1 FY27.
Row 36: Bandhan Bank is exposed to credit risk arising from cyclicality in its microfinance and EEB books.
Row 37: Domestic institutions held a 15.5% stake in Bandhan Bank.
Row 38: Bandhan Bank faces geographic concentration risk due to its strong presence in East and Northeast India.
Row 39: Bandhan Bank's gross NPA stands at an elevated 3.1%, reflecting microfinance-sector stress.
Row 40: Bandhan Bank retains its heritage and lending exposure in the microfinance segment.
Row 41: CRISIL notes that Bandhan Bank holds an established market position in the micro loan segment.
Row 42: Bandhan Bank reported an elevated net NPA of 0.9% relative to mainstream peers.
Row 43: Bandhan Bank's provision coverage ratio stood at 71.1% in Q1 FY27.
Row 44: Bandhan Bank expects improvements in its return on equity as asset quality normalizes post-MFI stress peak.
Row 45: Secured lending constitutes 56.8% of Bandhan Bank's gross advances.","Bandhan Bank reported a net profit of ₹502 crore for Q1 FY27, reflecting a 35% year-on-year increase alongside a capital adequacy ratio of 18.2% and a CASA ratio of 29.4%. While CRISIL maintains A1+ and AA- Stable ratings on the bank's instruments, the institution manages asset quality risks stemming from an elevated gross NPA of 3.1% and geographic concentration in East and Northeast India.",Not relevant,The assistant output discusses financial performance and ratings instead of providing Bandhan Bank's ticker symbol and stock exchanges.,
"What percentage of Bandhan Bank is held by its government promoter or largest shareholder, and as of what date?",F_LogUnion,F_LogUnion,0.6758920373727951,logical_union,True,"[""Bandhan Bank""]","[{""entity"": ""Bandhan Bank"", ""matched_node_name"": ""Bandhan Bank"", ""matched_id"": ""656eb598-b974-42d8-ba8e-92707302ee1d"", ""matched_type"": ""COMPANY"", ""similarity"": 1.0, ""source"": ""gazetteer""}]","What percentage of <COMPANY> is held by its government promoter or largest shareholder, and as of what date?","{""nnp2"": null, ""nn1"": ""COMPANY"", ""prop1_list"": [""OWNS"", ""REGULATED_BY"", ""OwnershipStake""], ""nnp1"": ""656eb598-b974-42d8-ba8e-92707302ee1d"", ""target_ids"": []}","{""nnp1"": ""656eb598-b974-42d8-ba8e-92707302ee1d"", ""nnp2"": null, ""nnp3"": null, ""prop1"": ""REGULATED_BY"", ""nn1"": ""COMPANY"", ""nn2"": null, ""threshold"": null, ""target_ids"": [], ""prop1_list"": [""OWNS"", ""REGULATED_BY"", ""OwnershipStake""]}",primary,3,"Template: logical_union (F_LogUnion)
Query intent: Union of two relationship patterns from the same subject.

Row 1: Domestic institutions held a 15.5% stake in Bandhan Bank.
Row 2: FIIs held a 23.2% stake in Bandhan Bank.
Row 3: Bandhan Financial Holdings held a 39.98% ownership stake in Bandhan Bank.","Bandhan Financial Holdings maintains a significant ownership stake of 39.98% in Bandhan Bank. Additionally, the bank's remaining shares are held by foreign institutional investors and domestic institutions, who hold 23.2% and 15.5% stakes, respectively.",Somewhat relevant,"The output provides the percentage held by the largest shareholder, but fails to mention the date as requested.",
What was Bandhan Bank's CASA ratio in the most recently reported quarter?,F_Simple,F_Simple,0.4957014209614541,simple_triplet,True,"[""Bandhan Bank"", ""CASA ratio""]","[{""entity"": ""Bandhan Bank"", ""matched_node_name"": ""Bandhan Bank"", ""matched_id"": ""656eb598-b974-42d8-ba8e-92707302ee1d"", ""matched_type"": ""COMPANY"", ""similarity"": 1.0, ""source"": ""gazetteer""}, {""entity"": ""CASA ratio"", ""matched_node_name"": ""CASA ratio"", ""matched_id"": ""f552ef12-cf71-4307-80e3-1eb10e256154"", ""matched_type"": ""METRIC"", ""similarity"": 1.0, ""source"": ""gazetteer""}]",What was <COMPANY>'s <METRIC> in the most recently reported quarter?,"{""nn1"": ""COMPANY"", ""prop1_list"": [], ""target_ids"": [""f552ef12-cf71-4307-80e3-1eb10e256154""], ""nnp1"": ""656eb598-b974-42d8-ba8e-92707302ee1d""}","{""nnp1"": ""656eb598-b974-42d8-ba8e-92707302ee1d"", ""nnp2"": ""f552ef12-cf71-4307-80e3-1eb10e256154"", ""nnp3"": null, ""prop1"": null, ""nn1"": ""COMPANY"", ""nn2"": ""METRIC"", ""threshold"": null, ""target_ids"": [""f552ef12-cf71-4307-80e3-1eb10e256154""], ""prop1_list"": []}",primary,1,"Template: simple_triplet (F_Simple)
Query intent: Simple question: subject linked to objects via a predicate.

Row 1: Bandhan Bank reported a CASA ratio of 29.4% in Q1 FY27, up from 27.06% a year earlier.","Bandhan Bank reported a CASA ratio of 29.4% in the first quarter of fiscal year 2027, marking an increase from 27.06% recorded in the same period of the previous year.",Relevant,The assistant output directly answers the user request by providing Bandhan Bank's CASA ratio for the most recently reported quarter.,
What is Bandhan Bank's net interest margin (NIM) for the latest reported period?,F_Simple,F_Simple,0.4559410416941235,simple_triplet,True,"[""Bandhan Bank"", ""net interest margin""]","[{""entity"": ""Bandhan Bank"", ""matched_node_name"": ""Bandhan Bank"", ""matched_id"": ""656eb598-b974-42d8-ba8e-92707302ee1d"", ""matched_type"": ""COMPANY"", ""similarity"": 1.0, ""source"": ""gazetteer""}, {""entity"": ""net interest margin"", ""matched_node_name"": ""Net interest margin"", ""matched_id"": ""ce0a12ce-b581-4229-a6b2-4d53c46e9d9d"", ""matched_type"": ""METRIC"", ""similarity"": 1.0, ""source"": ""gazetteer""}]",What is <COMPANY>'s <METRIC> (NIM) for the latest reported period?,"{""nn1"": ""COMPANY"", ""prop1_list"": [], ""target_ids"": [""ce0a12ce-b581-4229-a6b2-4d53c46e9d9d""], ""nnp1"": ""656eb598-b974-42d8-ba8e-92707302ee1d""}","{""nnp1"": ""656eb598-b974-42d8-ba8e-92707302ee1d"", ""nnp2"": ""ce0a12ce-b581-4229-a6b2-4d53c46e9d9d"", ""nnp3"": null, ""prop1"": null, ""nn1"": ""COMPANY"", ""nn2"": ""METRIC"", ""threshold"": null, ""target_ids"": [""ce0a12ce-b581-4229-a6b2-4d53c46e9d9d""], ""prop1_list"": []}",relaxed_direction,45,"Template: simple_triplet (F_Simple)
Query intent: Simple question: subject linked to objects via a predicate.

Row 1: Bandhan Bank serves MSME customers as part of its non-EEB lending.
Row 2: Bandhan Bank reported a CASA ratio of 29.4% in Q1 FY27, up from 27.06% a year earlier.
Row 3: Bandhan Bank is exposed to credit risk arising from cyclicality in its microfinance and EEB books.
Row 4: Bandhan Bank expects improvements in its return on equity as asset quality normalizes post-MFI stress peak.
Row 5: Bandhan Bank's gross NPA stands at an elevated 3.1%, reflecting microfinance-sector stress.
Row 6: Bandhan Bank reported an elevated net NPA of 0.9% relative to mainstream peers.
Row 7: Bandhan Bank's provision coverage ratio stood at 71.1% in Q1 FY27.
Row 8: Bandhan Bank maintains a robust capital adequacy ratio of 18.2%.
Row 9: Bandhan Bank is actively scaling its secured retail lending portfolio.
Row 10: Bandhan Bank converted to hold a universal banking license in 2015.
Row 11: Bandhan Bank converted from a microfinance NGO and currently holds a universal banking license.
Row 12: Bandhan Bank utilizes certificates of deposit as a source of funding, earning an A1+ rating.
Row 13: Bandhan Bank reported a net profit of ₹502 crore for Q1 FY27, a 35% increase year-on-year.
Row 14: CRISIL reaffirmed an AA- Stable rating on Bandhan Bank's non-convertible debentures.
Row 15: Bandhan Bank faces geographic concentration risk due to its strong presence in East and Northeast India.
Row 16: Bandhan Bank provides lending and banking services to corporate customers.
Row 17: Bandhan Bank reported a credit cost of 1.8% for Q1 FY27.
Row 18: CRISIL reaffirmed an A1+ rating on Bandhan Bank's certificates of deposit.
Row 19: Bandhan Bank is headquartered in Kolkata.
Row 20: Bandhan Bank is headquartered in West Bengal.
Row 21: Bandhan Bank is regulated by the RBI and subject to its lending norms.
Row 22: Bandhan Bank operates under the regulatory supervision of SEBI.
Row 23: Bandhan Bank's credit profile and market position are rated by CRISIL.
Row 24: Bandhan Bank retains its heritage and lending exposure in the microfinance segment.
Row 25: CRISIL notes that Bandhan Bank holds an established market position in the micro loan segment.
Row 26: Secured lending constitutes 56.8% of Bandhan Bank's gross advances.
Row 27: Bandhan Bank maintains its group-lending heritage alongside its other banking operations.
Row 28: Bandhan Bank internally labels its microfinance and group-lending operations as the Emerging Entrepreneurs Business (EEB).
Row 29: Bandhan Bank is particularly focused on scaling its affordable housing loan portfolio following its merger with Gruh Finance.
Row 30: Bandhan Bank provides non-EEB lending more broadly beyond its core microfinance division.
Row 31: Bandhan Bank serves micro-entrepreneurs as part of its customer base.
Row 32: Bandhan Bank provides banking services to rural and semi-urban unbanked households.
Row 33: Unsecured/EEB microfinance makes up approximately 43% of Bandhan Bank's loan book.
Row 34: Bandhan Bank's non-EEB portfolio specifically grew by 27% year-on-year.
Row 35: Bandhan Bank operates roughly 6,350 banking outlets as of June 30, 2026.
Row 36: CRISIL states that Bandhan Bank is vulnerable to microfinance-sector stress cycles.
Row 37: CRISIL explicitly flags Bandhan Bank's geographic concentration in East and Northeast India as a rating factor.
Row 38: Bandhan Bank is exposed to the risk of borrower over-indebtedness in the microfinance sector.
Row 39: Bandhan Bank's asset quality depends on its collection-efficiency discipline in the EEB book, which was 98.9% in Q1 FY27.
Row 40: Bandhan Bank's margin benefits from its high-yield microfinance loan mix and rising CASA share.
Row 41: Domestic institutions held a 15.5% stake in Bandhan Bank.
Row 42: FIIs held a 23.2% stake in Bandhan Bank.
Row 43: Partha Pratim Sengupta serves as MD & CEO of Bandhan Bank following RBI approval.
Row 44: Bandhan Financial Holdings held a 39.98% ownership stake in Bandhan Bank.
Row 45: State-level microfinance ordinances pose a threat to Bandhan Bank due to its microfinance exposure.","Bandhan Bank reported a net profit of ₹502 crore for Q1 FY27, backed by a robust capital adequacy ratio of 18.2% and a CASA ratio of 29.4%. However, the bank continues to navigate asset quality pressures from its microfinance and Emerging Entrepreneurs Business segments, reflected in an elevated gross NPA of 3.1% and a net NPA of 0.9%.",Not relevant,"The assistant output provides information on net profit, capital adequacy, CASA, and NPAs, but fails to mention Bandhan Bank's net interest margin (NIM) for the latest reported period.",
What are Bandhan Bank's gross NPA and net NPA ratios?,F_Simple,F_Simple,0.5339957873182645,simple_triplet,True,"[""Bandhan Bank"", ""gross NPA"", ""net NPA""]","[{""entity"": ""Bandhan Bank"", ""matched_node_name"": ""Bandhan Bank"", ""matched_id"": ""656eb598-b974-42d8-ba8e-92707302ee1d"", ""matched_type"": ""COMPANY"", ""similarity"": 1.0, ""source"": ""gazetteer""}, {""entity"": ""gross NPA"", ""matched_node_name"": ""gross NPA"", ""matched_id"": ""00c1065d-13f6-42fc-be09-d1a8be6780cd"", ""matched_type"": ""METRIC"", ""similarity"": 1.0, ""source"": ""gazetteer""}, {""entity"": ""net NPA"", ""matched_node_name"": ""net NPA"", ""matched_id"": ""4539ed7c-a229-4073-a946-c4b6498648c7"", ""matched_type"": ""METRIC"", ""similarity"": 1.0, ""source"": ""gazetteer""}]",What are <COMPANY>'s <METRIC> and <METRIC> ratios?,"{""nn1"": ""COMPANY"", ""prop1_list"": [], ""target_ids"": [""00c1065d-13f6-42fc-be09-d1a8be6780cd"", ""4539ed7c-a229-4073-a946-c4b6498648c7""], ""nnp1"": ""656eb598-b974-42d8-ba8e-92707302ee1d""}","{""nnp1"": ""656eb598-b974-42d8-ba8e-92707302ee1d"", ""nnp2"": ""00c1065d-13f6-42fc-be09-d1a8be6780cd"", ""nnp3"": null, ""prop1"": null, ""nn1"": ""COMPANY"", ""nn2"": ""METRIC"", ""threshold"": null, ""target_ids"": [""00c1065d-13f6-42fc-be09-d1a8be6780cd"", ""4539ed7c-a229-4073-a946-c4b6498648c7""], ""prop1_list"": []}",primary,2,"Template: simple_triplet (F_Simple)
Query intent: Simple question: subject linked to objects via a predicate.

Row 1: Bandhan Bank's gross NPA stands at an elevated 3.1%, reflecting microfinance-sector stress.
Row 2: Bandhan Bank reported an elevated net NPA of 0.9% relative to mainstream peers.","Bandhan Bank is currently experiencing microfinance-sector stress, which is reflected in its elevated gross NPA of 3.1%. Additionally, the bank reported a net NPA of 0.9%, which remains elevated relative to mainstream peers.",Relevant,The assistant output directly provides both the gross NPA and net NPA ratios requested by the user.,
"What is Bandhan Bank's capital adequacy ratio (CRAR), and its CET1 ratio if disclosed?",F_Simple,F_Simple,0.5026933839121343,simple_triplet,True,"[""Bandhan Bank"", ""capital adequacy ratio"", ""CE""]","[{""entity"": ""Bandhan Bank"", ""matched_node_name"": ""Bandhan Bank"", ""matched_id"": ""656eb598-b974-42d8-ba8e-92707302ee1d"", ""matched_type"": ""COMPANY"", ""similarity"": 1.0, ""source"": ""gazetteer""}, {""entity"": ""capital adequacy ratio"", ""matched_node_name"": ""capital adequacy ratio"", ""matched_id"": ""a9e7103c-2a43-4d54-94d2-0f9178dbb42e"", ""matched_type"": ""METRIC"", ""similarity"": 1.0, ""source"": ""gazetteer""}, {""entity"": ""CE"", ""matched_node_name"": ""NSE"", ""matched_id"": ""f991983e-e758-47f5-acbf-1afe822e5f20"", ""matched_type"": ""COMPANY"", ""similarity"": 0.6484348893165588, ""source"": ""semantic""}]","What is <COMPANY>'s <METRIC> (CRAR), and its <COMPANY>T1 ratio if disclosed?","{""nn1"": ""COMPANY"", ""prop1_list"": [], ""target_ids"": [""a9e7103c-2a43-4d54-94d2-0f9178dbb42e"", ""f991983e-e758-47f5-acbf-1afe822e5f20""], ""nnp1"": ""656eb598-b974-42d8-ba8e-92707302ee1d""}","{""nnp1"": ""656eb598-b974-42d8-ba8e-92707302ee1d"", ""nnp2"": ""f991983e-e758-47f5-acbf-1afe822e5f20"", ""nnp3"": null, ""prop1"": null, ""nn1"": ""COMPANY"", ""nn2"": ""COMPANY"", ""threshold"": null, ""target_ids"": [""a9e7103c-2a43-4d54-94d2-0f9178dbb42e"", ""f991983e-e758-47f5-acbf-1afe822e5f20""], ""prop1_list"": []}",primary,1,"Template: simple_triplet (F_Simple)
Query intent: Simple question: subject linked to objects via a predicate.

Row 1: Bandhan Bank maintains a robust capital adequacy ratio of 18.2%.",Bandhan Bank maintains a robust capital adequacy ratio of 18.2%. This strong financial positioning reflects the institution's solid capital foundation.,Somewhat relevant,The assistant provides the capital adequacy ratio (CRAR) but fails to provide the CET1 ratio as specifically requested by the user.,
What are Bandhan Bank's return on assets (ROA) and return on equity (ROE) for the latest quarter?,F_Simple,F_Simple,0.6404601230266839,simple_triplet,True,"[""Bandhan Bank"", ""return on assets"", ""return on equity""]","[{""entity"": ""Bandhan Bank"", ""matched_node_name"": ""Bandhan Bank"", ""matched_id"": ""656eb598-b974-42d8-ba8e-92707302ee1d"", ""matched_type"": ""COMPANY"", ""similarity"": 1.0, ""source"": ""gazetteer""}, {""entity"": ""return on assets"", ""matched_node_name"": ""return on assets"", ""matched_id"": ""dd83a8a6-2dd2-4407-9d71-917240c66c55"", ""matched_type"": ""METRIC"", ""similarity"": 1.0, ""source"": ""gazetteer""}, {""entity"": ""return on equity"", ""matched_node_name"": ""return on equity"", ""matched_id"": ""4c4c7086-00d6-4850-9bcd-ae7c8e8479a8"", ""matched_type"": ""METRIC"", ""similarity"": 1.0, ""source"": ""gazetteer""}]",What are <COMPANY>'s <METRIC> (ROA) and <METRIC> (ROE) for the latest quarter?,"{""nn1"": ""COMPANY"", ""prop1_list"": [], ""target_ids"": [""dd83a8a6-2dd2-4407-9d71-917240c66c55"", ""4c4c7086-00d6-4850-9bcd-ae7c8e8479a8""], ""nnp1"": ""656eb598-b974-42d8-ba8e-92707302ee1d""}","{""nnp1"": ""656eb598-b974-42d8-ba8e-92707302ee1d"", ""nnp2"": ""dd83a8a6-2dd2-4407-9d71-917240c66c55"", ""nnp3"": null, ""prop1"": null, ""nn1"": ""COMPANY"", ""nn2"": ""METRIC"", ""threshold"": null, ""target_ids"": [""dd83a8a6-2dd2-4407-9d71-917240c66c55"", ""4c4c7086-00d6-4850-9bcd-ae7c8e8479a8""], ""prop1_list"": []}",primary,1,"Template: simple_triplet (F_Simple)
Query intent: Simple question: subject linked to objects via a predicate.

Row 1: Bandhan Bank expects improvements in its return on equity as asset quality normalizes post-MFI stress peak.",Bandhan Bank anticipates an increase in its return on equity as asset quality recovers following the peak of microfinance institution stress.,Somewhat relevant,"The assistant output mentions return on equity (ROE) in the context of recovery, but fails to provide the specific quantitative data requested for both ROA and ROE for the latest quarter.",
What was Bandhan Bank's total advances (loan book) and deposit growth in the latest quarter?,F_Simple,F_Simple,0.5786835426932809,simple_triplet,True,"[""Bandhan Bank"", ""total advances"", ""deposit growth""]","[{""entity"": ""Bandhan Bank"", ""matched_node_name"": ""Bandhan Bank"", ""matched_id"": ""656eb598-b974-42d8-ba8e-92707302ee1d"", ""matched_type"": ""COMPANY"", ""similarity"": 1.0, ""source"": ""gazetteer""}, {""entity"": ""total advances"", ""matched_node_name"": ""Total Advances"", ""matched_id"": ""96dbb53b-28f6-42c3-96e5-77dc48c86818"", ""matched_type"": ""METRIC"", ""similarity"": 1.0, ""source"": ""gazetteer""}, {""entity"": ""deposit growth"", ""matched_node_name"": ""deposit growth"", ""matched_id"": ""74d2ba68-dde6-485e-ad5d-c3483d1ec0d8"", ""matched_type"": ""METRIC"", ""similarity"": 1.0, ""source"": ""gazetteer""}]",What was <COMPANY>'s <METRIC> (loan book) and <METRIC> in the latest quarter?,"{""nn1"": ""COMPANY"", ""prop1_list"": [], ""target_ids"": [""96dbb53b-28f6-42c3-96e5-77dc48c86818"", ""74d2ba68-dde6-485e-ad5d-c3483d1ec0d8""], ""nnp1"": ""656eb598-b974-42d8-ba8e-92707302ee1d""}","{""nnp1"": ""656eb598-b974-42d8-ba8e-92707302ee1d"", ""nnp2"": ""96dbb53b-28f6-42c3-96e5-77dc48c86818"", ""nnp3"": null, ""prop1"": null, ""nn1"": ""COMPANY"", ""nn2"": ""METRIC"", ""threshold"": null, ""target_ids"": [""96dbb53b-28f6-42c3-96e5-77dc48c86818"", ""74d2ba68-dde6-485e-ad5d-c3483d1ec0d8""], ""prop1_list"": []}",relaxed_direction,45,"Template: simple_triplet (F_Simple)
Query intent: Simple question: subject linked to objects via a predicate.

Row 1: Bandhan Bank serves MSME customers as part of its non-EEB lending.
Row 2: Bandhan Bank reported a CASA ratio of 29.4% in Q1 FY27, up from 27.06% a year earlier.
Row 3: Bandhan Bank is exposed to credit risk arising from cyclicality in its microfinance and EEB books.
Row 4: Bandhan Bank expects improvements in its return on equity as asset quality normalizes post-MFI stress peak.
Row 5: Bandhan Bank's gross NPA stands at an elevated 3.1%, reflecting microfinance-sector stress.
Row 6: Bandhan Bank reported an elevated net NPA of 0.9% relative to mainstream peers.
Row 7: Bandhan Bank's provision coverage ratio stood at 71.1% in Q1 FY27.
Row 8: Bandhan Bank maintains a robust capital adequacy ratio of 18.2%.
Row 9: Bandhan Bank is actively scaling its secured retail lending portfolio.
Row 10: Bandhan Bank converted to hold a universal banking license in 2015.
Row 11: Bandhan Bank converted from a microfinance NGO and currently holds a universal banking license.
Row 12: Bandhan Bank utilizes certificates of deposit as a source of funding, earning an A1+ rating.
Row 13: Bandhan Bank reported a net profit of ₹502 crore for Q1 FY27, a 35% increase year-on-year.
Row 14: CRISIL reaffirmed an AA- Stable rating on Bandhan Bank's non-convertible debentures.
Row 15: Bandhan Bank faces geographic concentration risk due to its strong presence in East and Northeast India.
Row 16: Bandhan Bank provides lending and banking services to corporate customers.
Row 17: Bandhan Bank reported a credit cost of 1.8% for Q1 FY27.
Row 18: CRISIL reaffirmed an A1+ rating on Bandhan Bank's certificates of deposit.
Row 19: Bandhan Bank is headquartered in Kolkata.
Row 20: Bandhan Bank is headquartered in West Bengal.
Row 21: Bandhan Bank is regulated by the RBI and subject to its lending norms.
Row 22: Bandhan Bank operates under the regulatory supervision of SEBI.
Row 23: Bandhan Bank's credit profile and market position are rated by CRISIL.
Row 24: Bandhan Bank retains its heritage and lending exposure in the microfinance segment.
Row 25: CRISIL notes that Bandhan Bank holds an established market position in the micro loan segment.
Row 26: Secured lending constitutes 56.8% of Bandhan Bank's gross advances.
Row 27: Bandhan Bank maintains its group-lending heritage alongside its other banking operations.
Row 28: Bandhan Bank internally labels its microfinance and group-lending operations as the Emerging Entrepreneurs Business (EEB).
Row 29: Bandhan Bank is particularly focused on scaling its affordable housing loan portfolio following its merger with Gruh Finance.
Row 30: Bandhan Bank provides non-EEB lending more broadly beyond its core microfinance division.
Row 31: Bandhan Bank serves micro-entrepreneurs as part of its customer base.
Row 32: Bandhan Bank provides banking services to rural and semi-urban unbanked households.
Row 33: Unsecured/EEB microfinance makes up approximately 43% of Bandhan Bank's loan book.
Row 34: Bandhan Bank's non-EEB portfolio specifically grew by 27% year-on-year.
Row 35: Bandhan Bank operates roughly 6,350 banking outlets as of June 30, 2026.
Row 36: CRISIL states that Bandhan Bank is vulnerable to microfinance-sector stress cycles.
Row 37: CRISIL explicitly flags Bandhan Bank's geographic concentration in East and Northeast India as a rating factor.
Row 38: Bandhan Bank is exposed to the risk of borrower over-indebtedness in the microfinance sector.
Row 39: Bandhan Bank's asset quality depends on its collection-efficiency discipline in the EEB book, which was 98.9% in Q1 FY27.
Row 40: Bandhan Bank's margin benefits from its high-yield microfinance loan mix and rising CASA share.
Row 41: Domestic institutions held a 15.5% stake in Bandhan Bank.
Row 42: FIIs held a 23.2% stake in Bandhan Bank.
Row 43: Partha Pratim Sengupta serves as MD & CEO of Bandhan Bank following RBI approval.
Row 44: Bandhan Financial Holdings held a 39.98% ownership stake in Bandhan Bank.
Row 45: State-level microfinance ordinances pose a threat to Bandhan Bank due to its microfinance exposure.","Bandhan Bank reported a net profit of ₹502 crore for Q1 FY27, backed by a robust capital adequacy ratio of 18.2% and a CASA ratio of 29.4%. However, the bank continues to navigate asset quality pressures stemming from its microfinance and Emerging Entrepreneurs Business segments, reflected in an elevated gross NPA of 3.1% and credit costs of 1.8%.",Not relevant,"The assistant output discusses net profit, capital adequacy, and asset quality, but completely fails to provide Bandhan Bank's total advances and deposit growth for the latest quarter.",
"Roughly how many branches and ATMs does Bandhan Bank operate, and as of what date?",F_QuantCount,F_QuantCount,0.5789900185289873,quant_count,True,"[""ATMs"", ""Bandhan Bank""]","[{""entity"": ""ATMs"", ""matched_node_name"": ""ATMs"", ""matched_id"": ""1d9af7d1-80d1-4631-9a7a-7765335565d0"", ""matched_type"": ""DISTRIBUTIONCHANNEL"", ""similarity"": 1.0, ""source"": ""gazetteer""}, {""entity"": ""Bandhan Bank"", ""matched_node_name"": ""Bandhan Bank"", ""matched_id"": ""656eb598-b974-42d8-ba8e-92707302ee1d"", ""matched_type"": ""COMPANY"", ""similarity"": 1.0, ""source"": ""gazetteer""}]","Roughly how many branches and <DISTRIBUTIONCHANNEL> does <COMPANY> operate, and as of what date?","{""nn1"": ""COMPANY"", ""nn2"": ""DISTRIBUTIONCHANNEL"", ""prop1"": null, ""nnp1"": ""656eb598-b974-42d8-ba8e-92707302ee1d""}","{""nnp1"": ""656eb598-b974-42d8-ba8e-92707302ee1d"", ""nnp2"": ""1d9af7d1-80d1-4631-9a7a-7765335565d0"", ""nnp3"": null, ""prop1"": null, ""nn1"": ""COMPANY"", ""nn2"": ""DISTRIBUTIONCHANNEL"", ""threshold"": null, ""target_ids"": [""1d9af7d1-80d1-4631-9a7a-7765335565d0""], ""prop1_list"": []}",primary,1,"Template: quant_count (F_QuantCount)
Query intent: Count related objects for a subject entity.

Row 1: subject_name=Bandhan Bank | object_count=1 (1 facts)
  - Bandhan Bank operates roughly 6,350 banking outlets as of June 30, 2026.","Bandhan Bank operates approximately 6,350 banking outlets as of June 30, 2026.",Somewhat relevant,"The assistant provides the number of banking outlets and the date, but it completely misses the specific mention of ATMs requested by the user.",
"What products and services does Bandhan Bank offer, and which customer segments does it serve?",F_Simple,F_Simple,0.6085853750573809,simple_triplet,True,"[""Bandhan Bank""]","[{""entity"": ""Bandhan Bank"", ""matched_node_name"": ""Bandhan Bank"", ""matched_id"": ""656eb598-b974-42d8-ba8e-92707302ee1d"", ""matched_type"": ""COMPANY"", ""similarity"": 1.0, ""source"": ""gazetteer""}]","What products and services does <COMPANY> offer, and which customer segments does it serve?","{""nn1"": ""COMPANY"", ""prop1_list"": [""OFFERS_PRODUCT"", ""SERVES""], ""target_ids"": [], ""nnp1"": ""656eb598-b974-42d8-ba8e-92707302ee1d""}","{""nnp1"": ""656eb598-b974-42d8-ba8e-92707302ee1d"", ""nnp2"": null, ""nnp3"": null, ""prop1"": ""SERVES"", ""nn1"": ""COMPANY"", ""nn2"": null, ""threshold"": null, ""target_ids"": [], ""prop1_list"": [""OFFERS_PRODUCT"", ""SERVES""]}",primary,4,"Template: simple_triplet (F_Simple)
Query intent: Simple question: subject linked to objects via a predicate.

Row 1: Bandhan Bank serves MSME customers as part of its non-EEB lending.
Row 2: Bandhan Bank serves micro-entrepreneurs as part of its customer base.
Row 3: Bandhan Bank provides banking services to rural and semi-urban unbanked households.
Row 4: Bandhan Bank provides lending and banking services to corporate customers.","Bandhan Bank caters to a diverse customer base by providing banking and lending services to micro-entrepreneurs, rural and semi-urban unbanked households, and corporate clients. Additionally, the bank serves MSME customers through its non-EEB lending operations.",Relevant,The output successfully addresses both parts of the user request by detailing the bank's services and the specific customer segments it serves.,
What is Jammu & Kashmir Bank's ticker symbol and on which exchange(s) does it trade?,F_Simple,F_Simple,0.5660659596990265,simple_triplet,True,"[""Jammu & Kashmir Bank""]","[{""entity"": ""Jammu & Kashmir Bank"", ""matched_node_name"": ""The Jammu & Kashmir Bank Limited"", ""matched_id"": ""06ec98d6-236e-4ff0-9f6d-ca0fc18ed86f"", ""matched_type"": ""COMPANY"", ""similarity"": 1.1362010359764099, ""source"": ""semantic""}]",What is <COMPANY>'s ticker symbol and on which exchange(s) does it trade?,"{""nn1"": ""COMPANY"", ""prop1_list"": [], ""target_ids"": [], ""nnp1"": ""06ec98d6-236e-4ff0-9f6d-ca0fc18ed86f""}","{""nnp1"": ""06ec98d6-236e-4ff0-9f6d-ca0fc18ed86f"", ""nnp2"": null, ""nnp3"": null, ""prop1"": null, ""nn1"": ""COMPANY"", ""nn2"": null, ""threshold"": null, ""target_ids"": [], ""prop1_list"": []}",primary,47,"Template: simple_triplet (F_Simple)
Query intent: Simple question: subject linked to objects via a predicate.

Row 1: Jammu & Kashmir Bank was reaffirmed an AA- Stable rating on its Tier II Basel III bonds.
Row 2: The Jammu & Kashmir Bank Limited operates 1,436 ATMs as of December 2025.
Row 3: Amitava Chatterjee has served as MD & CEO of The Jammu & Kashmir Bank Limited since December 2024.
Row 4: The Jammu & Kashmir Bank Limited provides banking services tailored for artisans.
Row 5: Jammu & Kashmir Bank's Tier II Basel III bonds are rated by CARE Ratings.
Row 6: The Jammu & Kashmir Bank Limited's strong resource profile was rated by CARE Ratings.
Row 7: The Chief Secretary of the J&K government held a 51.89% ownership stake in The Jammu & Kashmir Bank Limited as of June 2025.
Row 8: The Jammu & Kashmir Bank Limited acts as the collection agent for central direct taxes as part of its government-banking role.
Row 9: The Jammu & Kashmir Bank Limited benefits from a structural advantage through its exclusive government-banker status.
Row 10: The Jammu & Kashmir Bank Limited provides agricultural banking services to farmers.
Row 11: The Finance Secretary of UT Ladakh held a 4.16% ownership stake in The Jammu & Kashmir Bank Limited as of June 2025.
Row 12: CARE Ratings identifies The Jammu & Kashmir Bank Limited's geographic concentration in J&K and Ladakh as a weakness.
Row 13: The Jammu & Kashmir Bank Limited provides retail banking services to government and semi-government employees.
Row 14: The Government of Jammu & Kashmir serves as the promoter and holds a majority ownership stake in The Jammu & Kashmir Bank Limited.
Row 15: The Jammu & Kashmir Bank Limited operates 136 branches elsewhere across India.
Row 16: Jammu & Kashmir Bank maintains an overwhelming presence in J&K.
Row 17: The Jammu & Kashmir Bank Limited operates 835 branches concentrated within J&K.
Row 18: LIC held a 1.33% ownership stake in The Jammu & Kashmir Bank Limited as of June 2025.
Row 19: Jammu & Kashmir Bank maintains an overwhelming presence in Ladakh.
Row 20: The Jammu & Kashmir Bank Limited maintains 37 branches in Ladakh.
Row 21: The Jammu & Kashmir Bank Limited enjoys a low-cost and sticky deposit franchise due to its government banking role.
Row 22: The Jammu & Kashmir Bank Limited offers banking products and services targeted at the MSME segment.
Row 23: Jammu & Kashmir Bank expects margin growth from its high-CASA, low-cost government deposit base.
Row 24: CARE Ratings explicitly notes The Jammu & Kashmir Bank Limited's moderate scale of operations as a weakness.
Row 25: Jammu & Kashmir Bank reported a net profit of ₹424.18 crore for the quarter.
Row 26: The Jammu & Kashmir Bank Limited provides corporate banking services to PSUs.
Row 27: The region's political and security exposure threatens The Jammu & Kashmir Bank Limited due to its heavy geographic concentration.
Row 28: The Jammu & Kashmir Bank Limited is an RBI-designated universal bank.
Row 29: Jammu & Kashmir Bank is regulated by the RBI.
Row 30: The Secretary of the J&K Finance Department held a 3.35% ownership stake in The Jammu & Kashmir Bank Limited as of June 2025.
Row 31: Jammu & Kashmir Bank is regulated by SEBI.
Row 32: The Jammu & Kashmir Bank Limited is headquartered and operates in Srinagar.
Row 33: The Jammu & Kashmir Bank Limited utilizes 99 ultra-small branches within its distribution network.
Row 34: The Jammu & Kashmir Bank Limited holds a universal banking license.
Row 35: Jammu & Kashmir Bank expects growth from advances, which were up 4.5% quarter-on-quarter in Q1 FY27.
Row 36: The Jammu & Kashmir Bank Limited operated a network of 1,008 branches as of December 2025.
Row 37: Jammu & Kashmir Bank had a capital adequacy of 16.67% under Basel III.
Row 38: The Jammu & Kashmir Bank Limited operates 169 cash-recycling machines.
Row 39: Jammu & Kashmir Bank is exposed to geographic and political concentration risk due to its overwhelming presence in J&K and Ladakh.
Row 40: Jammu & Kashmir Bank's margin depends on its high-CASA, low-cost government deposit base.
Row 41: The Jammu & Kashmir Bank Limited reported an improved gross NPA of 2.37% down from 2.50% quarter-on-quarter.
Row 42: Jammu & Kashmir Bank reported a Q1 FY27 net-interest-income figure of ₹3,546.08 crore.
Row 43: Jammu & Kashmir Bank's Q1 FY27 net interest income figure looks anamolously large for the bank's balance-sheet scale.
Row 44: The Jammu & Kashmir Bank Limited achieved a provision coverage ratio of 90.53%.
Row 45: The key risk driver for Jammu & Kashmir Bank is its regional concentration and security risk.
Row 46: Jammu & Kashmir Bank is exposed to reputational risk tied to regional stability.
Row 47: Jammu & Kashmir Bank expects return on equity to improve from profitability and asset-quality normalization.","The Jammu and Kashmir Bank Limited operates a significant branch and ATM network across its primary regions while maintaining a strong, low-cost deposit franchise bolstered by its exclusive government-banking status. Financially, the bank reported a net profit of ₹424.18 crore for the quarter, an improved gross non-performing asset ratio of 2.37%, and a capital adequacy ratio of 16.67% under Basel III.",Not relevant,"The assistant output discusses the bank's network, deposits, and financial performance, but fails to provide the ticker symbol and the exchange(s) where it trades.",
What was Jammu & Kashmir Bank's CASA ratio in the most recently reported quarter?,F_Simple,F_Simple,0.4957014209614541,simple_triplet,True,"[""Jammu & Kashmir Bank"", ""CASA ratio""]","[{""entity"": ""Jammu & Kashmir Bank"", ""matched_node_name"": ""The Jammu & Kashmir Bank Limited"", ""matched_id"": ""06ec98d6-236e-4ff0-9f6d-ca0fc18ed86f"", ""matched_type"": ""COMPANY"", ""similarity"": 1.1362010359764099, ""source"": ""semantic""}, {""entity"": ""CASA ratio"", ""matched_node_name"": ""CASA ratio"", ""matched_id"": ""f552ef12-cf71-4307-80e3-1eb10e256154"", ""matched_type"": ""METRIC"", ""similarity"": 1.0, ""source"": ""gazetteer""}]",What was <COMPANY>'s <METRIC> in the most recently reported quarter?,"{""nn1"": ""COMPANY"", ""prop1_list"": [], ""target_ids"": [""f552ef12-cf71-4307-80e3-1eb10e256154""], ""nnp1"": ""06ec98d6-236e-4ff0-9f6d-ca0fc18ed86f""}","{""nnp1"": ""06ec98d6-236e-4ff0-9f6d-ca0fc18ed86f"", ""nnp2"": ""f552ef12-cf71-4307-80e3-1eb10e256154"", ""nnp3"": null, ""prop1"": null, ""nn1"": ""COMPANY"", ""nn2"": ""METRIC"", ""threshold"": null, ""target_ids"": [""f552ef12-cf71-4307-80e3-1eb10e256154""], ""prop1_list"": []}",relaxed_direction,47,"Template: simple_triplet (F_Simple)
Query intent: Simple question: subject linked to objects via a predicate.

Row 1: The Jammu & Kashmir Bank Limited offers banking products and services targeted at the MSME segment.
Row 2: The Jammu & Kashmir Bank Limited operated a network of 1,008 branches as of December 2025.
Row 3: The Jammu & Kashmir Bank Limited operates 1,436 ATMs as of December 2025.
Row 4: Jammu & Kashmir Bank expects growth from advances, which were up 4.5% quarter-on-quarter in Q1 FY27.
Row 5: Jammu & Kashmir Bank reported a Q1 FY27 net-interest-income figure of ₹3,546.08 crore.
Row 6: Jammu & Kashmir Bank's Q1 FY27 net interest income figure looks anamolously large for the bank's balance-sheet scale.
Row 7: Jammu & Kashmir Bank expects return on equity to improve from profitability and asset-quality normalization.
Row 8: The Jammu & Kashmir Bank Limited reported an improved gross NPA of 2.37% down from 2.50% quarter-on-quarter.
Row 9: The Jammu & Kashmir Bank Limited achieved a provision coverage ratio of 90.53%.
Row 10: Jammu & Kashmir Bank had a capital adequacy of 16.67% under Basel III.
Row 11: The Jammu & Kashmir Bank Limited holds a universal banking license.
Row 12: The Jammu & Kashmir Bank Limited operates 136 branches elsewhere across India.
Row 13: Jammu & Kashmir Bank reported a net profit of ₹424.18 crore for the quarter.
Row 14: The Jammu & Kashmir Bank Limited operates 169 cash-recycling machines.
Row 15: The Jammu & Kashmir Bank Limited is an RBI-designated universal bank.
Row 16: Jammu & Kashmir Bank is regulated by the RBI.
Row 17: Jammu & Kashmir Bank is regulated by SEBI.
Row 18: Jammu & Kashmir Bank's Tier II Basel III bonds are rated by CARE Ratings.
Row 19: The Jammu & Kashmir Bank Limited's strong resource profile was rated by CARE Ratings.
Row 20: Jammu & Kashmir Bank expects margin growth from its high-CASA, low-cost government deposit base.
Row 21: The Jammu & Kashmir Bank Limited is headquartered and operates in Srinagar.
Row 22: The Jammu & Kashmir Bank Limited acts as the collection agent for central direct taxes as part of its government-banking role.
Row 23: The Jammu & Kashmir Bank Limited provides retail banking services to government and semi-government employees.
Row 24: The Jammu & Kashmir Bank Limited provides agricultural banking services to farmers.
Row 25: The Jammu & Kashmir Bank Limited provides banking services tailored for artisans.
Row 26: The Jammu & Kashmir Bank Limited provides corporate banking services to PSUs.
Row 27: Jammu & Kashmir Bank maintains an overwhelming presence in J&K.
Row 28: The Jammu & Kashmir Bank Limited operates 835 branches concentrated within J&K.
Row 29: Jammu & Kashmir Bank maintains an overwhelming presence in Ladakh.
Row 30: The Jammu & Kashmir Bank Limited maintains 37 branches in Ladakh.
Row 31: The Jammu & Kashmir Bank Limited utilizes 99 ultra-small branches within its distribution network.
Row 32: The Jammu & Kashmir Bank Limited benefits from a structural advantage through its exclusive government-banker status.
Row 33: The Jammu & Kashmir Bank Limited enjoys a low-cost and sticky deposit franchise due to its government banking role.
Row 34: CARE Ratings identifies The Jammu & Kashmir Bank Limited's geographic concentration in J&K and Ladakh as a weakness.
Row 35: CARE Ratings explicitly notes The Jammu & Kashmir Bank Limited's moderate scale of operations as a weakness.
Row 36: Jammu & Kashmir Bank is exposed to geographic and political concentration risk due to its overwhelming presence in J&K and Ladakh.
Row 37: Jammu & Kashmir Bank is exposed to reputational risk tied to regional stability.
Row 38: Jammu & Kashmir Bank was reaffirmed an AA- Stable rating on its Tier II Basel III bonds.
Row 39: Jammu & Kashmir Bank's margin depends on its high-CASA, low-cost government deposit base.
Row 40: The key risk driver for Jammu & Kashmir Bank is its regional concentration and security risk.
Row 41: LIC held a 1.33% ownership stake in The Jammu & Kashmir Bank Limited as of June 2025.
Row 42: The Government of Jammu & Kashmir serves as the promoter and holds a majority ownership stake in The Jammu & Kashmir Bank Limited.
Row 43: Amitava Chatterjee has served as MD & CEO of The Jammu & Kashmir Bank Limited since December 2024.
Row 44: The Chief Secretary of the J&K government held a 51.89% ownership stake in The Jammu & Kashmir Bank Limited as of June 2025.
Row 45: The Finance Secretary of UT Ladakh held a 4.16% ownership stake in The Jammu & Kashmir Bank Limited as of June 2025.
Row 46: The Secretary of the J&K Finance Department held a 3.35% ownership stake in The Jammu & Kashmir Bank Limited as of June 2025.
Row 47: The region's political and security exposure threatens The Jammu & Kashmir Bank Limited due to its heavy geographic concentration.","The Jammu & Kashmir Bank Limited operates as an RBI-designated universal bank with a strong distribution network, reporting a net profit of ₹424.18 crore and advances growth of 4.5% quarter-on-quarter in Q1 FY27. However, the bank faces key risks driven by its heavy geographic concentration in Jammu & Kashmir and Ladakh, alongside moderate scale and regional security exposure noted by CARE Ratings.",Not relevant,The assistant output discusses the bank's net profit and advances growth for Q1 FY27 but completely fails to provide the CASA ratio requested by the user.,
What is Jammu & Kashmir Bank's net interest margin (NIM) for the latest reported period?,F_Simple,F_Simple,0.4559410416941235,simple_triplet,True,"[""Jammu & Kashmir Bank"", ""net interest margin""]","[{""entity"": ""Jammu & Kashmir Bank"", ""matched_node_name"": ""The Jammu & Kashmir Bank Limited"", ""matched_id"": ""06ec98d6-236e-4ff0-9f6d-ca0fc18ed86f"", ""matched_type"": ""COMPANY"", ""similarity"": 1.1362010359764099, ""source"": ""semantic""}, {""entity"": ""net interest margin"", ""matched_node_name"": ""Net interest margin"", ""matched_id"": ""ce0a12ce-b581-4229-a6b2-4d53c46e9d9d"", ""matched_type"": ""METRIC"", ""similarity"": 1.0, ""source"": ""gazetteer""}]",What is <COMPANY>'s <METRIC> (NIM) for the latest reported period?,"{""nn1"": ""COMPANY"", ""prop1_list"": [], ""target_ids"": [""ce0a12ce-b581-4229-a6b2-4d53c46e9d9d""], ""nnp1"": ""06ec98d6-236e-4ff0-9f6d-ca0fc18ed86f""}","{""nnp1"": ""06ec98d6-236e-4ff0-9f6d-ca0fc18ed86f"", ""nnp2"": ""ce0a12ce-b581-4229-a6b2-4d53c46e9d9d"", ""nnp3"": null, ""prop1"": null, ""nn1"": ""COMPANY"", ""nn2"": ""METRIC"", ""threshold"": null, ""target_ids"": [""ce0a12ce-b581-4229-a6b2-4d53c46e9d9d""], ""prop1_list"": []}",relaxed_direction,47,"Template: simple_triplet (F_Simple)
Query intent: Simple question: subject linked to objects via a predicate.

Row 1: The Jammu & Kashmir Bank Limited offers banking products and services targeted at the MSME segment.
Row 2: The Jammu & Kashmir Bank Limited operated a network of 1,008 branches as of December 2025.
Row 3: The Jammu & Kashmir Bank Limited operates 1,436 ATMs as of December 2025.
Row 4: Jammu & Kashmir Bank expects growth from advances, which were up 4.5% quarter-on-quarter in Q1 FY27.
Row 5: Jammu & Kashmir Bank reported a Q1 FY27 net-interest-income figure of ₹3,546.08 crore.
Row 6: Jammu & Kashmir Bank's Q1 FY27 net interest income figure looks anamolously large for the bank's balance-sheet scale.
Row 7: Jammu & Kashmir Bank expects return on equity to improve from profitability and asset-quality normalization.
Row 8: The Jammu & Kashmir Bank Limited reported an improved gross NPA of 2.37% down from 2.50% quarter-on-quarter.
Row 9: The Jammu & Kashmir Bank Limited achieved a provision coverage ratio of 90.53%.
Row 10: Jammu & Kashmir Bank had a capital adequacy of 16.67% under Basel III.
Row 11: The Jammu & Kashmir Bank Limited holds a universal banking license.
Row 12: The Jammu & Kashmir Bank Limited operates 136 branches elsewhere across India.
Row 13: Jammu & Kashmir Bank reported a net profit of ₹424.18 crore for the quarter.
Row 14: The Jammu & Kashmir Bank Limited operates 169 cash-recycling machines.
Row 15: The Jammu & Kashmir Bank Limited is an RBI-designated universal bank.
Row 16: Jammu & Kashmir Bank is regulated by the RBI.
Row 17: Jammu & Kashmir Bank is regulated by SEBI.
Row 18: Jammu & Kashmir Bank's Tier II Basel III bonds are rated by CARE Ratings.
Row 19: The Jammu & Kashmir Bank Limited's strong resource profile was rated by CARE Ratings.
Row 20: Jammu & Kashmir Bank expects margin growth from its high-CASA, low-cost government deposit base.
Row 21: The Jammu & Kashmir Bank Limited is headquartered and operates in Srinagar.
Row 22: The Jammu & Kashmir Bank Limited acts as the collection agent for central direct taxes as part of its government-banking role.
Row 23: The Jammu & Kashmir Bank Limited provides retail banking services to government and semi-government employees.
Row 24: The Jammu & Kashmir Bank Limited provides agricultural banking services to farmers.
Row 25: The Jammu & Kashmir Bank Limited provides banking services tailored for artisans.
Row 26: The Jammu & Kashmir Bank Limited provides corporate banking services to PSUs.
Row 27: Jammu & Kashmir Bank maintains an overwhelming presence in J&K.
Row 28: The Jammu & Kashmir Bank Limited operates 835 branches concentrated within J&K.
Row 29: Jammu & Kashmir Bank maintains an overwhelming presence in Ladakh.
Row 30: The Jammu & Kashmir Bank Limited maintains 37 branches in Ladakh.
Row 31: The Jammu & Kashmir Bank Limited utilizes 99 ultra-small branches within its distribution network.
Row 32: The Jammu & Kashmir Bank Limited benefits from a structural advantage through its exclusive government-banker status.
Row 33: The Jammu & Kashmir Bank Limited enjoys a low-cost and sticky deposit franchise due to its government banking role.
Row 34: CARE Ratings identifies The Jammu & Kashmir Bank Limited's geographic concentration in J&K and Ladakh as a weakness.
Row 35: CARE Ratings explicitly notes The Jammu & Kashmir Bank Limited's moderate scale of operations as a weakness.
Row 36: Jammu & Kashmir Bank is exposed to geographic and political concentration risk due to its overwhelming presence in J&K and Ladakh.
Row 37: Jammu & Kashmir Bank is exposed to reputational risk tied to regional stability.
Row 38: Jammu & Kashmir Bank was reaffirmed an AA- Stable rating on its Tier II Basel III bonds.
Row 39: Jammu & Kashmir Bank's margin depends on its high-CASA, low-cost government deposit base.
Row 40: The key risk driver for Jammu & Kashmir Bank is its regional concentration and security risk.
Row 41: LIC held a 1.33% ownership stake in The Jammu & Kashmir Bank Limited as of June 2025.
Row 42: The Government of Jammu & Kashmir serves as the promoter and holds a majority ownership stake in The Jammu & Kashmir Bank Limited.
Row 43: Amitava Chatterjee has served as MD & CEO of The Jammu & Kashmir Bank Limited since December 2024.
Row 44: The Chief Secretary of the J&K government held a 51.89% ownership stake in The Jammu & Kashmir Bank Limited as of June 2025.
Row 45: The Finance Secretary of UT Ladakh held a 4.16% ownership stake in The Jammu & Kashmir Bank Limited as of June 2025.
Row 46: The Secretary of the J&K Finance Department held a 3.35% ownership stake in The Jammu & Kashmir Bank Limited as of June 2025.
Row 47: The region's political and security exposure threatens The Jammu & Kashmir Bank Limited due to its heavy geographic concentration.","The Jammu & Kashmir Bank Limited operates as an RBI-designated universal bank with a strong distribution network, reporting a net profit of ₹424.18 crore and advances up 4.5% quarter-on-quarter in Q1 FY27. While benefiting from a sticky, low-cost government deposit base and an improved gross NPA of 2.37%, the bank faces key risks from regional concentration and security exposure in Jammu & Kashmir and Ladakh.",Not relevant,"The assistant output provides information on net profit, advances, and asset quality, but completely fails to state the net interest margin (NIM) requested by the user.",
