query,gold_label,predicted_template,template_confidence,template_id,template_match,entities,resolved_entities,masked_query,cypher_parameters,triplet_slots,cypher_strategy,kg_row_count,kg_hop_path,summary,judge_label,judge_rationale,error
What is State Bank of India's ticker symbol and on which exchange(s) does it trade?,F_Simple,F_Simple,0.5793572812935655,simple_triplet,True,"[""State Bank of India""]","[{""entity"": ""State Bank of India"", ""matched_node_name"": ""State Bank of India"", ""matched_id"": ""17ecf55c-5c04-4d54-87fc-1485b9a7b134"", ""matched_type"": ""COMPANY"", ""similarity"": 1.0, ""source"": ""gazetteer""}]",What is <COMPANY>'s ticker symbol and on which exchange(s) does it trade?,"{""prop1_list"": [], ""nnp1"": ""17ecf55c-5c04-4d54-87fc-1485b9a7b134"", ""target_ids"": [], ""nn1"": ""COMPANY""}","{""nnp1"": ""17ecf55c-5c04-4d54-87fc-1485b9a7b134"", ""nnp2"": null, ""nnp3"": null, ""prop1"": null, ""nn1"": ""COMPANY"", ""nn2"": null, ""threshold"": null, ""target_ids"": [], ""prop1_list"": []}",primary,50,"Template: simple_triplet (F_Simple)
Query intent: Simple question: subject linked to objects via a predicate.

Row 1: State Bank of India has invested strategically in AI-driven credit underwriting capabilities.
Row 2: State Bank of India operates approximately 65,000 ATMs across the country.
Row 3: Asset quality is identified as the main risk driver for SBI.
Row 4: State Bank of India holds historical issuer and deposit ratings in the BBB- range from agencies such as S&P and Fitch.
Row 5: State Bank of India has historically sat in the Baa2/Baa3 long-term issuer and deposit rating range issued by Moody's.
Row 6: C S Setty holds the top executive role of Chairman at State Bank of India. (as of 2024-08-01)
Row 7: SBI's net interest margin is driven by its CASA mix.
Row 8: State Bank of India reported a strong CASA ratio of 39.24% in the June 2026 quarter, providing a stable low-cost base. (as of 2026-06-30)
Row 9: State Bank of India maintains a CET1 percentage that is stated to be comfortably above the regulatory minimum of 8.80%.
Row 10: FIIs form part of an investor group, including NRIs and GDRs, holding a combined 12.49% stake in State Bank of India. (as of 2026-03-31)
Row 11: State Bank of India utilizes Finacle technology to drive its core banking operations.
Row 12: State Bank of India has historically maintained credit ratings assigned directly by Fitch Ratings.
Row 13: The Government of India is the majority owner of State Bank of India, maintaining a 55.03% ownership stake. (as of 2026-03-31)
Row 14: HDFC Bank competes strongly against State Bank of India by continuously taking away retail and digital market share.
Row 15: State Bank of India provides specialized banking services tailored for HNIs.
Row 16: ICICI Bank serves as a key competitor to State Bank of India, threatening its digital and retail market standing.
Row 17: LIC holds an 8.70% ownership stake in State Bank of India. (as of 2026-03-31)
Row 18: State Bank of India has lending exposure to small and medium enterprises by offering MSME loans.
Row 19: State Bank of India serves Micro, Small, and Medium Enterprises (MSMEs) with extensive banking products.
Row 20: State Bank of India's headquarters is geographically located within the state of Maharashtra.
Row 21: State Bank of India relies heavily on the ongoing regulatory support and oversight of the Ministry of Finance.
Row 22: State Bank of India's long-term issuer and deposit strength has historically been evaluated by Moody's.
Row 23: State Bank of India, India's largest bank by assets, maintains its headquarters in Mumbai.
Row 24: State Bank of India operates dedicated NRI banking services for expatriates.
Row 25: State Bank of India serves the diverse banking needs of the extensive NRI community.
Row 26: NRIs hold a stake in State Bank of India, contributing to a combined 12.49% ownership alongside FIIs and GDRs. (as of 2026-03-31)
Row 27: SBI's return on equity is driven by the operating leverage resulting from its massive scale.
Row 28: State Bank of India is categorized among the 12 listed Public Sector Banks in the Indian Banking Sector.
Row 29: SBI's net interest margin is driven by the trajectory of the RBI repo rate.
Row 30: State Bank of India is subject to the regulatory oversight of the Reserve Bank of India, which governs its licensing, Basel III capital norms, and priority-sector-lending mandates.
Row 31: State Bank of India is a banking entity historically rated by the credit rating agency S&P.
Row 32: State Bank of India executes its investment banking services through its subsidiary, SBI Caps.
Row 33: State Bank of India is regulated by the Securities and Exchange Board of India concerning listed-company disclosures, minimum public shareholding, and takeover codes.
Row 34: UTI holds a stake in State Bank of India as part of a 13.57% combined holding with mutual funds. (as of 2026-03-31)
Row 35: SBI holds and operates under a universal banking license.
Row 36: SBI has lending exposure to the unsecured retail loan segment.
Row 37: State Bank of India is affiliated with YES BANK LIMITED as an anchor investor and held a roughly 10% residual stake as of September 2025. (as of 2025-09-01)
Row 38: State Bank of India executes its digital-first strategy through its proprietary YONO platform.
Row 39: SBI expects future growth to be driven by digital customer acquisition through the YONO platform.
Row 40: State Bank of India possesses a significant opportunity to use the massive YONO platform's scale for further cross-selling.
Row 41: State Bank of India's advances grew to ₹42.76 trillion by the end of Q1 FY27. (as of 2026-06-30)
Row 42: State Bank of India underwrites agricultural loans as part of its widespread lending offerings.
Row 43: State Bank of India maintains exposure to retail lending by offering auto loans.
Row 44: State Bank of India leverages a vast distribution channel comprising roughly 22,500 branches, the largest in India.
Row 45: State Bank of India recorded a capital adequacy ratio of 15.67% at the end of Q1 FY27. (as of 2026-06-30)
Row 46: State Bank of India offers cash management services among its broad institutional offerings.
Row 47: State Bank of India depends on Finacle-based core banking technology for its backend financial operations.
Row 48: State Bank of India maintained a cost-to-income ratio of 46.71% in the June 2026 quarter. (as of 2026-06-30)
Row 49: State Bank of India offers credit cards to its customers as part of its retail product lineup.
Row 50: State Bank of India faces significant credit risk through its large corporate loan book.",The retrieved facts do not cover State Bank of India's ticker symbol or the exchange(s) on which it trades.,Not relevant,"The assistant output fails to address the user's request for the ticker symbol and exchanges, instead stating that the facts are not covered.",
"What percentage of State Bank of India is held by its government promoter or largest shareholder, and as of what date?",F_LogUnion,F_Simple,0.40233705467523107,simple_triplet,False,"[""State Bank of India""]","[{""entity"": ""State Bank of India"", ""matched_node_name"": ""State Bank of India"", ""matched_id"": ""17ecf55c-5c04-4d54-87fc-1485b9a7b134"", ""matched_type"": ""COMPANY"", ""similarity"": 1.0, ""source"": ""gazetteer""}]","What percentage of <COMPANY> is held by its government promoter or largest shareholder, and as of what date?","{""prop1_list"": [""OWNS"", ""REGULATED_BY"", ""OwnershipStake"", ""HELD_BY"", ""OWNS_STAKE_IN""], ""nnp1"": ""17ecf55c-5c04-4d54-87fc-1485b9a7b134"", ""target_ids"": [], ""nn1"": ""COMPANY""}","{""nnp1"": ""17ecf55c-5c04-4d54-87fc-1485b9a7b134"", ""nnp2"": null, ""nnp3"": null, ""prop1"": ""REGULATED_BY"", ""nn1"": ""COMPANY"", ""nn2"": null, ""threshold"": null, ""target_ids"": [], ""prop1_list"": [""OWNS"", ""REGULATED_BY"", ""OwnershipStake"", ""HELD_BY"", ""OWNS_STAKE_IN""]}",primary,6,"Template: simple_triplet (F_Simple)
Query intent: Simple question: subject linked to objects via a predicate.

Row 1: FIIs form part of an investor group, including NRIs and GDRs, holding a combined 12.49% stake in State Bank of India. (as of 2026-03-31)
Row 2: The Government of India is the majority owner of State Bank of India, maintaining a 55.03% ownership stake. (as of 2026-03-31)
Row 3: LIC holds an 8.70% ownership stake in State Bank of India. (as of 2026-03-31)
Row 4: NRIs hold a stake in State Bank of India, contributing to a combined 12.49% ownership alongside FIIs and GDRs. (as of 2026-03-31)
Row 5: UTI holds a stake in State Bank of India as part of a 13.57% combined holding with mutual funds. (as of 2026-03-31)
Row 6: Mutual funds, alongside UTI, collectively hold a 13.57% stake in State Bank of India. (as of 2026-03-31)","The Government of India holds a 55.03% ownership stake in State Bank of India as of March 31, 2026. This makes the government the majority owner and largest shareholder of the bank.",Relevant,The assistant output directly answers the user request by providing the exact percentage held by the government promoter and the corresponding date.,
What was State Bank of India's CASA ratio in the most recently reported quarter?,F_Simple,F_Simple,0.538152170436721,simple_triplet,True,"[""State Bank of India"", ""CASA ratio""]","[{""entity"": ""State Bank of India"", ""matched_node_name"": ""State Bank of India"", ""matched_id"": ""17ecf55c-5c04-4d54-87fc-1485b9a7b134"", ""matched_type"": ""COMPANY"", ""similarity"": 1.0, ""source"": ""gazetteer""}, {""entity"": ""CASA ratio"", ""matched_node_name"": ""CASA ratio"", ""matched_id"": ""f552ef12-cf71-4307-80e3-1eb10e256154"", ""matched_type"": ""METRIC"", ""similarity"": 1.0, ""source"": ""gazetteer""}]",What was <COMPANY>'s <METRIC> in the most recently reported quarter?,"{""prop1_list"": [], ""nnp1"": ""17ecf55c-5c04-4d54-87fc-1485b9a7b134"", ""target_ids"": [""f552ef12-cf71-4307-80e3-1eb10e256154""], ""nn1"": ""COMPANY""}","{""nnp1"": ""17ecf55c-5c04-4d54-87fc-1485b9a7b134"", ""nnp2"": ""f552ef12-cf71-4307-80e3-1eb10e256154"", ""nnp3"": null, ""prop1"": null, ""nn1"": ""COMPANY"", ""nn2"": ""METRIC"", ""threshold"": null, ""target_ids"": [""f552ef12-cf71-4307-80e3-1eb10e256154""], ""prop1_list"": []}",primary,1,"Template: simple_triplet (F_Simple)
Query intent: Simple question: subject linked to objects via a predicate.

Row 1: State Bank of India reported a strong CASA ratio of 39.24% in the June 2026 quarter, providing a stable low-cost base. (as of 2026-06-30)","State Bank of India reported a strong CASA ratio of 39.24% in the June 2026 quarter. This metric provided the institution with a stable low-cost base as of June 30, 2026.",Relevant,The assistant output directly and completely answers the user request regarding State Bank of India's CASA ratio for the most recently reported quarter.,
What is State Bank of India's net interest margin (NIM) for the latest reported period?,F_Simple,F_Simple,0.704794952545776,simple_triplet,True,"[""State Bank of India"", ""net interest margin""]","[{""entity"": ""State Bank of India"", ""matched_node_name"": ""State Bank of India"", ""matched_id"": ""17ecf55c-5c04-4d54-87fc-1485b9a7b134"", ""matched_type"": ""COMPANY"", ""similarity"": 1.0, ""source"": ""gazetteer""}, {""entity"": ""net interest margin"", ""matched_node_name"": ""Net interest margin"", ""matched_id"": ""ce0a12ce-b581-4229-a6b2-4d53c46e9d9d"", ""matched_type"": ""METRIC"", ""similarity"": 1.0, ""source"": ""gazetteer""}]",What is <COMPANY>'s <METRIC> (NIM) for the latest reported period?,"{""prop1_list"": [], ""nnp1"": ""17ecf55c-5c04-4d54-87fc-1485b9a7b134"", ""target_ids"": [""ce0a12ce-b581-4229-a6b2-4d53c46e9d9d""], ""nn1"": ""COMPANY""}","{""nnp1"": ""17ecf55c-5c04-4d54-87fc-1485b9a7b134"", ""nnp2"": ""ce0a12ce-b581-4229-a6b2-4d53c46e9d9d"", ""nnp3"": null, ""prop1"": null, ""nn1"": ""COMPANY"", ""nn2"": ""METRIC"", ""threshold"": null, ""target_ids"": [""ce0a12ce-b581-4229-a6b2-4d53c46e9d9d""], ""prop1_list"": []}",relaxed_direction,82,"Template: simple_triplet (F_Simple)
Query intent: Simple question: subject linked to objects via a predicate.

Row 1: State Bank of India extends home loans as part of its retail lending portfolio.
Row 2: State Bank of India maintains exposure to retail lending by offering auto loans.
Row 3: State Bank of India provides personal loans to its customer base.
Row 4: State Bank of India offers education loans within its suite of retail banking services.
Row 5: State Bank of India underwrites agricultural loans as part of its widespread lending offerings.
Row 6: State Bank of India has lending exposure to small and medium enterprises by offering MSME loans.
Row 7: State Bank of India offers credit cards to its customers as part of its retail product lineup.
Row 8: State Bank of India provides debit cards within its full range of retail banking products.
Row 9: State Bank of India delivers wealth management services to its customer base.
Row 10: State Bank of India offers trade finance services tailored to its corporate clients.
Row 11: State Bank of India provides comprehensive treasury services in the market.
Row 12: State Bank of India caters to its clients' foreign exchange requirements through its forex services.
Row 13: State Bank of India offers cash management services among its broad institutional offerings.
Row 14: State Bank of India provides robust investment banking services to its clients.
Row 15: State Bank of India executes its investment banking services through its subsidiary, SBI Caps.
Row 16: State Bank of India operates dedicated NRI banking services for expatriates.
Row 17: State Bank of India caters to a massive segment of retail mass-market customers.
Row 18: State Bank of India provides specialized banking services tailored for HNIs.
Row 19: State Bank of India serves Micro, Small, and Medium Enterprises (MSMEs) with extensive banking products.
Row 20: State Bank of India maintains a strong presence serving large corporates across sectors.
Row 21: State Bank of India serves government clients by managing diverse public financial needs.
Row 22: State Bank of India provides specialized banking solutions to major institutional clients.
Row 23: State Bank of India serves the diverse banking needs of the extensive NRI community.
Row 24: State Bank of India leverages a vast distribution channel comprising roughly 22,500 branches, the largest in India.
Row 25: State Bank of India operates approximately 65,000 ATMs across the country.
Row 26: State Bank of India reported a strong CASA ratio of 39.24% in the June 2026 quarter, providing a stable low-cost base. (as of 2026-06-30)
Row 27: State Bank of India's total deposits reached ₹60.06 trillion, growing 9.73% year-on-year by Q1 FY27. (as of 2026-06-30)
Row 28: State Bank of India expanded its domestic loan book to ₹42.76 trillion, an 18.15% year-on-year increase in the June 2026 quarter. (as of 2026-06-30)
Row 29: State Bank of India's advances grew to ₹42.76 trillion by the end of Q1 FY27. (as of 2026-06-30)
Row 30: State Bank of India generated a net interest income of ₹46,992 crore, up 14.88% year-on-year in the June 2026 quarter. (as of 2026-06-30)
Row 31: State Bank of India utilizes Finacle technology to drive its core banking operations.
Row 32: State Bank of India depends on Finacle-based core banking technology for its backend financial operations.
Row 33: State Bank of India has invested strategically in AI-driven credit underwriting capabilities.
Row 34: State Bank of India's principal competitive advantage is defined by its unmatched branch, ATM and digital scale combined with sovereign backing.
Row 35: State Bank of India recorded a major financial strength by posting record profitability in the Q1 FY27 period. (as of 2026-06-30)
Row 36: State Bank of India achieved its lowest non-performing-asset levels in more than two decades by the end of June 2026. (as of 2026-06-30)
Row 37: State Bank of India reported a domestic net interest margin of 3.00% in Q1 FY27, trailing several private-bank peers. (as of 2026-06-30)
Row 38: State Bank of India possesses a significant opportunity to use the massive YONO platform's scale for further cross-selling.
Row 39: State Bank of India faces significant credit risk through its large corporate loan book.
Row 40: State Bank of India maintains heavy exposure in the form of a large corporate loan book.
Row 41: State Bank of India is exposed to interest-rate risk stemming from its massive deposit base.
Row 42: State Bank of India experiences cyber risk due to the sheer scale of its digital user base.
Row 43: State Bank of India remains consistently exposed to ordinary regulatory risk.
Row 44: State Bank of India relies heavily on the ongoing regulatory support and oversight of the Ministry of Finance.
Row 45: State Bank of India achieved a return on assets of 1.11% during the quarter ended June 2026. (as of 2026-06-30)
Row 46: State Bank of India reported a high return on equity of 17.87% for Q1 FY27. (as of 2026-06-30)
Row 47: State Bank of India maintained a cost-to-income ratio of 46.71% in the June 2026 quarter. (as of 2026-06-30)
Row 48: State Bank of India reported a gross NPA figure of 1.47% as of June 30, 2026. (as of 2026-06-30)
Row 49: State Bank of India logged a net NPA ratio of 0.38% in the Q1 FY27 period. (as of 2026-06-30)
Row 50: State Bank of India possessed a provision coverage ratio of 74.20% (91.82% when including technical write-offs) in the June 2026 quarter. (as of 2026-06-30)
Row 51: State Bank of India recorded a capital adequacy ratio of 15.67% at the end of Q1 FY27. (as of 2026-06-30)
Row 52: State Bank of India maintains a CET1 percentage that is stated to be comfortably above the regulatory minimum of 8.80%.
Row 53: State Bank of India's long-term issuer and deposit strength has historically been evaluated by Moody's.
Row 54: State Bank of India has historically sat in the Baa2/Baa3 long-term issuer and deposit rating range issued by Moody's.
Row 55: State Bank of India is a banking entity historically rated by the credit rating agency S&P.
Row 56: State Bank of India holds historical issuer and deposit ratings in the BBB- range from agencies such as S&P and Fitch.
Row 57: SBI's net interest margin is driven by its CASA mix.
Row 58: SBI's net interest margin is driven by the trajectory of the RBI repo rate.
Row 59: SBI's return on equity is driven by the operating leverage resulting from its massive scale.
Row 60: Asset quality is identified as the main risk driver for SBI.
Row 61: SBI has lending exposure to the unsecured retail loan segment.
Row 62: SBI holds and operates under a universal banking license.
Row 63: State Bank of India is categorized among the 12 listed Public Sector Banks in the Indian Banking Sector.
Row 64: State Bank of India is subject to the regulatory oversight of the Reserve Bank of India, which governs its licensing, Basel III capital norms, and priority-sector-lending mandates.
Row 65: State Bank of India is regulated by the Securities and Exchange Board of India concerning listed-company disclosures, minimum public shareholding, and takeover codes.
Row 66: State Bank of India has historically maintained credit ratings assigned directly by Fitch Ratings.
Row 67: State Bank of India, India's largest bank by assets, maintains its headquarters in Mumbai.
Row 68: State Bank of India's headquarters is geographically located within the state of Maharashtra.
Row 69: State Bank of India operates as a universal bank, delivering a complete range of retail and corporate banking products.
Row 70: State Bank of India leverages a hybrid model that combines its extensive branch network with a prominent digital-first approach.
Row 71: SBI expects future growth to be driven by digital customer acquisition through the YONO platform.
Row 72: State Bank of India executes its digital-first strategy through its proprietary YONO platform.
Row 73: State Bank of India is affiliated with YES BANK LIMITED as an anchor investor and held a roughly 10% residual stake as of September 2025. (as of 2025-09-01)
Row 74: HDFC Bank competes strongly against State Bank of India by continuously taking away retail and digital market share.
Row 75: ICICI Bank serves as a key competitor to State Bank of India, threatening its digital and retail market standing.
Row 76: The Government of India is the majority owner of State Bank of India, maintaining a 55.03% ownership stake. (as of 2026-03-31)
Row 77: LIC holds an 8.70% ownership stake in State Bank of India. (as of 2026-03-31)
Row 78: Mutual funds, alongside UTI, collectively hold a 13.57% stake in State Bank of India. (as of 2026-03-31)
Row 79: UTI holds a stake in State Bank of India as part of a 13.57% combined holding with mutual funds. (as of 2026-03-31)
Row 80: FIIs form part of an investor group, including NRIs and GDRs, holding a combined 12.49% stake in State Bank of India. (as of 2026-03-31)
Row 81: NRIs hold a stake in State Bank of India, contributing to a combined 12.49% ownership alongside FIIs and GDRs. (as of 2026-03-31)
Row 82: C S Setty holds the top executive role of Chairman at State Bank of India. (as of 2024-08-01)","State Bank of India reported a domestic net interest margin of 3.00% for the Q1 FY27 period ending June 30, 2026. This figure trailed several private-bank peers during the quarter.",Relevant,The assistant directly provides the net interest margin for the State Bank of India for the latest reported period mentioned in the query.,
What are State Bank of India's gross NPA and net NPA ratios?,F_Simple,F_Simple,0.4614519440598716,simple_triplet,True,"[""State Bank of India"", ""gross NPA"", ""net NPA""]","[{""entity"": ""State Bank of India"", ""matched_node_name"": ""State Bank of India"", ""matched_id"": ""17ecf55c-5c04-4d54-87fc-1485b9a7b134"", ""matched_type"": ""COMPANY"", ""similarity"": 1.0, ""source"": ""gazetteer""}, {""entity"": ""gross NPA"", ""matched_node_name"": ""gross NPA"", ""matched_id"": ""00c1065d-13f6-42fc-be09-d1a8be6780cd"", ""matched_type"": ""METRIC"", ""similarity"": 1.0, ""source"": ""gazetteer""}, {""entity"": ""net NPA"", ""matched_node_name"": ""net NPA"", ""matched_id"": ""4539ed7c-a229-4073-a946-c4b6498648c7"", ""matched_type"": ""METRIC"", ""similarity"": 1.0, ""source"": ""gazetteer""}]",What are <COMPANY>'s <METRIC> and <METRIC> ratios?,"{""prop1_list"": [], ""nnp1"": ""17ecf55c-5c04-4d54-87fc-1485b9a7b134"", ""target_ids"": [""00c1065d-13f6-42fc-be09-d1a8be6780cd"", ""4539ed7c-a229-4073-a946-c4b6498648c7""], ""nn1"": ""COMPANY""}","{""nnp1"": ""17ecf55c-5c04-4d54-87fc-1485b9a7b134"", ""nnp2"": ""00c1065d-13f6-42fc-be09-d1a8be6780cd"", ""nnp3"": null, ""prop1"": null, ""nn1"": ""COMPANY"", ""nn2"": ""METRIC"", ""threshold"": null, ""target_ids"": [""00c1065d-13f6-42fc-be09-d1a8be6780cd"", ""4539ed7c-a229-4073-a946-c4b6498648c7""], ""prop1_list"": []}",primary,2,"Template: simple_triplet (F_Simple)
Query intent: Simple question: subject linked to objects via a predicate.

Row 1: State Bank of India reported a gross NPA figure of 1.47% as of June 30, 2026. (as of 2026-06-30)
Row 2: State Bank of India logged a net NPA ratio of 0.38% in the Q1 FY27 period. (as of 2026-06-30)","State Bank of India reported a gross NPA ratio of 1.47% and a net NPA ratio of 0.38% as of June 30, 2026.",Relevant,The assistant directly provides both the gross NPA and net NPA ratios requested by the user.,
"What is State Bank of India's capital adequacy ratio (CRAR), and its CET1 ratio if disclosed?",F_Simple,F_Simple,0.6595344106316016,simple_triplet,True,"[""State Bank of India"", ""capital adequacy ratio"", ""CE""]","[{""entity"": ""State Bank of India"", ""matched_node_name"": ""State Bank of India"", ""matched_id"": ""17ecf55c-5c04-4d54-87fc-1485b9a7b134"", ""matched_type"": ""COMPANY"", ""similarity"": 1.0, ""source"": ""gazetteer""}, {""entity"": ""capital adequacy ratio"", ""matched_node_name"": ""capital adequacy ratio"", ""matched_id"": ""a9e7103c-2a43-4d54-94d2-0f9178dbb42e"", ""matched_type"": ""METRIC"", ""similarity"": 1.0, ""source"": ""gazetteer""}, {""entity"": ""CE"", ""matched_node_name"": ""NSE"", ""matched_id"": ""f991983e-e758-47f5-acbf-1afe822e5f20"", ""matched_type"": ""COMPANY"", ""similarity"": 0.6484348893165588, ""source"": ""semantic""}]","What is <COMPANY>'s <METRIC> (CRAR), and its <COMPANY>T1 ratio if disclosed?","{""prop1_list"": [], ""nnp1"": ""17ecf55c-5c04-4d54-87fc-1485b9a7b134"", ""target_ids"": [""a9e7103c-2a43-4d54-94d2-0f9178dbb42e"", ""f991983e-e758-47f5-acbf-1afe822e5f20""], ""nn1"": ""COMPANY""}","{""nnp1"": ""17ecf55c-5c04-4d54-87fc-1485b9a7b134"", ""nnp2"": ""f991983e-e758-47f5-acbf-1afe822e5f20"", ""nnp3"": null, ""prop1"": null, ""nn1"": ""COMPANY"", ""nn2"": ""COMPANY"", ""threshold"": null, ""target_ids"": [""a9e7103c-2a43-4d54-94d2-0f9178dbb42e"", ""f991983e-e758-47f5-acbf-1afe822e5f20""], ""prop1_list"": []}",primary,1,"Template: simple_triplet (F_Simple)
Query intent: Simple question: subject linked to objects via a predicate.

Row 1: State Bank of India recorded a capital adequacy ratio of 15.67% at the end of Q1 FY27. (as of 2026-06-30)","State Bank of India recorded a capital adequacy ratio (CRAR) of 15.67% at the end of Q1 FY27, as of June 30, 2026. The retrieved facts do not cover its CET1 ratio.",Somewhat relevant,"The assistant successfully provides the capital adequacy ratio (CRAR), but misses the CET1 ratio because it was not covered in the retrieved facts.",
What are State Bank of India's return on assets (ROA) and return on equity (ROE) for the latest quarter?,F_Simple,F_Simple,0.722638699193199,simple_triplet,True,"[""State Bank of India"", ""return on assets"", ""return on equity""]","[{""entity"": ""State Bank of India"", ""matched_node_name"": ""State Bank of India"", ""matched_id"": ""17ecf55c-5c04-4d54-87fc-1485b9a7b134"", ""matched_type"": ""COMPANY"", ""similarity"": 1.0, ""source"": ""gazetteer""}, {""entity"": ""return on assets"", ""matched_node_name"": ""return on assets"", ""matched_id"": ""dd83a8a6-2dd2-4407-9d71-917240c66c55"", ""matched_type"": ""METRIC"", ""similarity"": 1.0, ""source"": ""gazetteer""}, {""entity"": ""return on equity"", ""matched_node_name"": ""return on equity"", ""matched_id"": ""4c4c7086-00d6-4850-9bcd-ae7c8e8479a8"", ""matched_type"": ""METRIC"", ""similarity"": 1.0, ""source"": ""gazetteer""}]",What are <COMPANY>'s <METRIC> (ROA) and <METRIC> (ROE) for the latest quarter?,"{""prop1_list"": [], ""nnp1"": ""17ecf55c-5c04-4d54-87fc-1485b9a7b134"", ""target_ids"": [""dd83a8a6-2dd2-4407-9d71-917240c66c55"", ""4c4c7086-00d6-4850-9bcd-ae7c8e8479a8""], ""nn1"": ""COMPANY""}","{""nnp1"": ""17ecf55c-5c04-4d54-87fc-1485b9a7b134"", ""nnp2"": ""dd83a8a6-2dd2-4407-9d71-917240c66c55"", ""nnp3"": null, ""prop1"": null, ""nn1"": ""COMPANY"", ""nn2"": ""METRIC"", ""threshold"": null, ""target_ids"": [""dd83a8a6-2dd2-4407-9d71-917240c66c55"", ""4c4c7086-00d6-4850-9bcd-ae7c8e8479a8""], ""prop1_list"": []}",primary,2,"Template: simple_triplet (F_Simple)
Query intent: Simple question: subject linked to objects via a predicate.

Row 1: State Bank of India achieved a return on assets of 1.11% during the quarter ended June 2026. (as of 2026-06-30)
Row 2: State Bank of India reported a high return on equity of 17.87% for Q1 FY27. (as of 2026-06-30)","For the quarter ended June 2026, State Bank of India achieved a return on assets (ROA) of 1.11%. Additionally, the bank reported a return on equity (ROE) of 17.87% for Q1 FY27.",Relevant,The assistant output directly provides both the return on assets (ROA) and return on equity (ROE) for State Bank of India for the latest quarter as requested.,
What was State Bank of India's total advances (loan book) and deposit growth in the latest quarter?,F_Simple,F_Simple,0.6699160133060035,simple_triplet,True,"[""State Bank of India"", ""total advances"", ""deposit growth""]","[{""entity"": ""State Bank of India"", ""matched_node_name"": ""State Bank of India"", ""matched_id"": ""17ecf55c-5c04-4d54-87fc-1485b9a7b134"", ""matched_type"": ""COMPANY"", ""similarity"": 1.0, ""source"": ""gazetteer""}, {""entity"": ""total advances"", ""matched_node_name"": ""Total Advances"", ""matched_id"": ""96dbb53b-28f6-42c3-96e5-77dc48c86818"", ""matched_type"": ""METRIC"", ""similarity"": 1.0, ""source"": ""gazetteer""}, {""entity"": ""deposit growth"", ""matched_node_name"": ""deposit growth"", ""matched_id"": ""74d2ba68-dde6-485e-ad5d-c3483d1ec0d8"", ""matched_type"": ""METRIC"", ""similarity"": 1.0, ""source"": ""gazetteer""}]",What was <COMPANY>'s <METRIC> (loan book) and <METRIC> in the latest quarter?,"{""prop1_list"": [], ""nnp1"": ""17ecf55c-5c04-4d54-87fc-1485b9a7b134"", ""target_ids"": [""96dbb53b-28f6-42c3-96e5-77dc48c86818"", ""74d2ba68-dde6-485e-ad5d-c3483d1ec0d8""], ""nn1"": ""COMPANY""}","{""nnp1"": ""17ecf55c-5c04-4d54-87fc-1485b9a7b134"", ""nnp2"": ""96dbb53b-28f6-42c3-96e5-77dc48c86818"", ""nnp3"": null, ""prop1"": null, ""nn1"": ""COMPANY"", ""nn2"": ""METRIC"", ""threshold"": null, ""target_ids"": [""96dbb53b-28f6-42c3-96e5-77dc48c86818"", ""74d2ba68-dde6-485e-ad5d-c3483d1ec0d8""], ""prop1_list"": []}",relaxed_direction,82,"Template: simple_triplet (F_Simple)
Query intent: Simple question: subject linked to objects via a predicate.

Row 1: State Bank of India extends home loans as part of its retail lending portfolio.
Row 2: State Bank of India maintains exposure to retail lending by offering auto loans.
Row 3: State Bank of India provides personal loans to its customer base.
Row 4: State Bank of India offers education loans within its suite of retail banking services.
Row 5: State Bank of India underwrites agricultural loans as part of its widespread lending offerings.
Row 6: State Bank of India has lending exposure to small and medium enterprises by offering MSME loans.
Row 7: State Bank of India offers credit cards to its customers as part of its retail product lineup.
Row 8: State Bank of India provides debit cards within its full range of retail banking products.
Row 9: State Bank of India delivers wealth management services to its customer base.
Row 10: State Bank of India offers trade finance services tailored to its corporate clients.
Row 11: State Bank of India provides comprehensive treasury services in the market.
Row 12: State Bank of India caters to its clients' foreign exchange requirements through its forex services.
Row 13: State Bank of India offers cash management services among its broad institutional offerings.
Row 14: State Bank of India provides robust investment banking services to its clients.
Row 15: State Bank of India executes its investment banking services through its subsidiary, SBI Caps.
Row 16: State Bank of India operates dedicated NRI banking services for expatriates.
Row 17: State Bank of India caters to a massive segment of retail mass-market customers.
Row 18: State Bank of India provides specialized banking services tailored for HNIs.
Row 19: State Bank of India serves Micro, Small, and Medium Enterprises (MSMEs) with extensive banking products.
Row 20: State Bank of India maintains a strong presence serving large corporates across sectors.
Row 21: State Bank of India serves government clients by managing diverse public financial needs.
Row 22: State Bank of India provides specialized banking solutions to major institutional clients.
Row 23: State Bank of India serves the diverse banking needs of the extensive NRI community.
Row 24: State Bank of India leverages a vast distribution channel comprising roughly 22,500 branches, the largest in India.
Row 25: State Bank of India operates approximately 65,000 ATMs across the country.
Row 26: State Bank of India reported a strong CASA ratio of 39.24% in the June 2026 quarter, providing a stable low-cost base. (as of 2026-06-30)
Row 27: State Bank of India's total deposits reached ₹60.06 trillion, growing 9.73% year-on-year by Q1 FY27. (as of 2026-06-30)
Row 28: State Bank of India expanded its domestic loan book to ₹42.76 trillion, an 18.15% year-on-year increase in the June 2026 quarter. (as of 2026-06-30)
Row 29: State Bank of India's advances grew to ₹42.76 trillion by the end of Q1 FY27. (as of 2026-06-30)
Row 30: State Bank of India generated a net interest income of ₹46,992 crore, up 14.88% year-on-year in the June 2026 quarter. (as of 2026-06-30)
Row 31: State Bank of India utilizes Finacle technology to drive its core banking operations.
Row 32: State Bank of India depends on Finacle-based core banking technology for its backend financial operations.
Row 33: State Bank of India has invested strategically in AI-driven credit underwriting capabilities.
Row 34: State Bank of India's principal competitive advantage is defined by its unmatched branch, ATM and digital scale combined with sovereign backing.
Row 35: State Bank of India recorded a major financial strength by posting record profitability in the Q1 FY27 period. (as of 2026-06-30)
Row 36: State Bank of India achieved its lowest non-performing-asset levels in more than two decades by the end of June 2026. (as of 2026-06-30)
Row 37: State Bank of India reported a domestic net interest margin of 3.00% in Q1 FY27, trailing several private-bank peers. (as of 2026-06-30)
Row 38: State Bank of India possesses a significant opportunity to use the massive YONO platform's scale for further cross-selling.
Row 39: State Bank of India faces significant credit risk through its large corporate loan book.
Row 40: State Bank of India maintains heavy exposure in the form of a large corporate loan book.
Row 41: State Bank of India is exposed to interest-rate risk stemming from its massive deposit base.
Row 42: State Bank of India experiences cyber risk due to the sheer scale of its digital user base.
Row 43: State Bank of India remains consistently exposed to ordinary regulatory risk.
Row 44: State Bank of India relies heavily on the ongoing regulatory support and oversight of the Ministry of Finance.
Row 45: State Bank of India achieved a return on assets of 1.11% during the quarter ended June 2026. (as of 2026-06-30)
Row 46: State Bank of India reported a high return on equity of 17.87% for Q1 FY27. (as of 2026-06-30)
Row 47: State Bank of India maintained a cost-to-income ratio of 46.71% in the June 2026 quarter. (as of 2026-06-30)
Row 48: State Bank of India reported a gross NPA figure of 1.47% as of June 30, 2026. (as of 2026-06-30)
Row 49: State Bank of India logged a net NPA ratio of 0.38% in the Q1 FY27 period. (as of 2026-06-30)
Row 50: State Bank of India possessed a provision coverage ratio of 74.20% (91.82% when including technical write-offs) in the June 2026 quarter. (as of 2026-06-30)
Row 51: State Bank of India recorded a capital adequacy ratio of 15.67% at the end of Q1 FY27. (as of 2026-06-30)
Row 52: State Bank of India maintains a CET1 percentage that is stated to be comfortably above the regulatory minimum of 8.80%.
Row 53: State Bank of India's long-term issuer and deposit strength has historically been evaluated by Moody's.
Row 54: State Bank of India has historically sat in the Baa2/Baa3 long-term issuer and deposit rating range issued by Moody's.
Row 55: State Bank of India is a banking entity historically rated by the credit rating agency S&P.
Row 56: State Bank of India holds historical issuer and deposit ratings in the BBB- range from agencies such as S&P and Fitch.
Row 57: SBI's net interest margin is driven by its CASA mix.
Row 58: SBI's net interest margin is driven by the trajectory of the RBI repo rate.
Row 59: SBI's return on equity is driven by the operating leverage resulting from its massive scale.
Row 60: Asset quality is identified as the main risk driver for SBI.
Row 61: SBI has lending exposure to the unsecured retail loan segment.
Row 62: SBI holds and operates under a universal banking license.
Row 63: State Bank of India is categorized among the 12 listed Public Sector Banks in the Indian Banking Sector.
Row 64: State Bank of India is subject to the regulatory oversight of the Reserve Bank of India, which governs its licensing, Basel III capital norms, and priority-sector-lending mandates.
Row 65: State Bank of India is regulated by the Securities and Exchange Board of India concerning listed-company disclosures, minimum public shareholding, and takeover codes.
Row 66: State Bank of India has historically maintained credit ratings assigned directly by Fitch Ratings.
Row 67: State Bank of India, India's largest bank by assets, maintains its headquarters in Mumbai.
Row 68: State Bank of India's headquarters is geographically located within the state of Maharashtra.
Row 69: State Bank of India operates as a universal bank, delivering a complete range of retail and corporate banking products.
Row 70: State Bank of India leverages a hybrid model that combines its extensive branch network with a prominent digital-first approach.
Row 71: SBI expects future growth to be driven by digital customer acquisition through the YONO platform.
Row 72: State Bank of India executes its digital-first strategy through its proprietary YONO platform.
Row 73: State Bank of India is affiliated with YES BANK LIMITED as an anchor investor and held a roughly 10% residual stake as of September 2025. (as of 2025-09-01)
Row 74: HDFC Bank competes strongly against State Bank of India by continuously taking away retail and digital market share.
Row 75: ICICI Bank serves as a key competitor to State Bank of India, threatening its digital and retail market standing.
Row 76: The Government of India is the majority owner of State Bank of India, maintaining a 55.03% ownership stake. (as of 2026-03-31)
Row 77: LIC holds an 8.70% ownership stake in State Bank of India. (as of 2026-03-31)
Row 78: Mutual funds, alongside UTI, collectively hold a 13.57% stake in State Bank of India. (as of 2026-03-31)
Row 79: UTI holds a stake in State Bank of India as part of a 13.57% combined holding with mutual funds. (as of 2026-03-31)
Row 80: FIIs form part of an investor group, including NRIs and GDRs, holding a combined 12.49% stake in State Bank of India. (as of 2026-03-31)
Row 81: NRIs hold a stake in State Bank of India, contributing to a combined 12.49% ownership alongside FIIs and GDRs. (as of 2026-03-31)
Row 82: C S Setty holds the top executive role of Chairman at State Bank of India. (as of 2024-08-01)","State Bank of India's total advances (loan book) expanded to ₹42.76 trillion by the end of Q1 FY27, representing an 18.15% year-on-year increase in the June 2026 quarter. Additionally, total deposits reached ₹60.06 trillion, achieving a year-on-year growth rate of 9.73% by Q1 FY27.",Relevant,The assistant output directly provides both the total advances and deposit growth for State Bank of India in the latest quarter requested by the user.,
"Roughly how many branches and ATMs does State Bank of India operate, and as of what date?",F_QuantCount,F_Simple,0.3513365825325079,simple_triplet,False,"[""ATMs"", ""State Bank of India""]","[{""entity"": ""ATMs"", ""matched_node_name"": ""ATMs"", ""matched_id"": ""1d9af7d1-80d1-4631-9a7a-7765335565d0"", ""matched_type"": ""DISTRIBUTIONCHANNEL"", ""similarity"": 1.0, ""source"": ""gazetteer""}, {""entity"": ""State Bank of India"", ""matched_node_name"": ""State Bank of India"", ""matched_id"": ""17ecf55c-5c04-4d54-87fc-1485b9a7b134"", ""matched_type"": ""COMPANY"", ""similarity"": 1.0, ""source"": ""gazetteer""}]","Roughly how many branches and <DISTRIBUTIONCHANNEL> does <COMPANY> operate, and as of what date?","{""prop1_list"": [], ""nnp1"": ""17ecf55c-5c04-4d54-87fc-1485b9a7b134"", ""target_ids"": [""1d9af7d1-80d1-4631-9a7a-7765335565d0""], ""nn1"": ""COMPANY""}","{""nnp1"": ""17ecf55c-5c04-4d54-87fc-1485b9a7b134"", ""nnp2"": ""1d9af7d1-80d1-4631-9a7a-7765335565d0"", ""nnp3"": null, ""prop1"": null, ""nn1"": ""COMPANY"", ""nn2"": ""DISTRIBUTIONCHANNEL"", ""threshold"": null, ""target_ids"": [""1d9af7d1-80d1-4631-9a7a-7765335565d0""], ""prop1_list"": []}",primary,1,"Template: simple_triplet (F_Simple)
Query intent: Simple question: subject linked to objects via a predicate.

Row 1: State Bank of India operates approximately 65,000 ATMs across the country.","The retrieved facts do not cover the number of branches operated by the State Bank of India or the specific date for the ATM count. However, the bank operates approximately 65,000 ATMs across the country.",Somewhat relevant,The assistant output provides an approximate ATM count but fails to address the number of branches and the specific date requested.,
"What products and services does State Bank of India offer, and which customer segments does it serve?",F_Simple,F_Simple,0.6369738725660826,simple_triplet,True,"[""State Bank of India""]","[{""entity"": ""State Bank of India"", ""matched_node_name"": ""State Bank of India"", ""matched_id"": ""17ecf55c-5c04-4d54-87fc-1485b9a7b134"", ""matched_type"": ""COMPANY"", ""similarity"": 1.0, ""source"": ""gazetteer""}]","What products and services does <COMPANY> offer, and which customer segments does it serve?","{""prop1_list"": [""OFFERS_PRODUCT"", ""SERVES""], ""nnp1"": ""17ecf55c-5c04-4d54-87fc-1485b9a7b134"", ""target_ids"": [], ""nn1"": ""COMPANY""}","{""nnp1"": ""17ecf55c-5c04-4d54-87fc-1485b9a7b134"", ""nnp2"": null, ""nnp3"": null, ""prop1"": ""SERVES"", ""nn1"": ""COMPANY"", ""nn2"": null, ""threshold"": null, ""target_ids"": [], ""prop1_list"": [""OFFERS_PRODUCT"", ""SERVES""]}",primary,9,"Template: simple_triplet (F_Simple)
Query intent: Simple question: subject linked to objects via a predicate.

Row 1: State Bank of India provides specialized banking services tailored for HNIs.
Row 2: State Bank of India serves Micro, Small, and Medium Enterprises (MSMEs) with extensive banking products.
Row 3: State Bank of India serves the diverse banking needs of the extensive NRI community.
Row 4: State Bank of India offers credit cards to its customers as part of its retail product lineup.
Row 5: State Bank of India provides debit cards within its full range of retail banking products.
Row 6: State Bank of India serves government clients by managing diverse public financial needs.
Row 7: State Bank of India provides specialized banking solutions to major institutional clients.
Row 8: State Bank of India maintains a strong presence serving large corporates across sectors.
Row 9: State Bank of India caters to a massive segment of retail mass-market customers.","State Bank of India serves a broad customer base comprising retail mass-market customers, high-net-worth individuals, non-resident Indians, micro, small, and medium enterprises, large corporates, major institutional clients, and government clients. To support these segments, the institution offers an extensive range of banking products and services, including retail banking solutions such as credit and debit cards, specialized banking services tailored for high-net-worth individuals, institutional solutions, and public financial management.",Relevant,The assistant output directly addresses both parts of the user request by identifying the customer segments served and outlining the core products and services offered by the State Bank of India.,
What is Bank of Baroda's ticker symbol and on which exchange(s) does it trade?,F_Simple,F_Simple,0.5793572812935655,simple_triplet,True,"[""Bank of Baroda""]","[{""entity"": ""Bank of Baroda"", ""matched_node_name"": ""Bank of Baroda"", ""matched_id"": ""553acb53-61f9-4600-a111-d1da0f3139d4"", ""matched_type"": ""COMPANY"", ""similarity"": 1.0, ""source"": ""gazetteer""}]",What is <COMPANY>'s ticker symbol and on which exchange(s) does it trade?,"{""prop1_list"": [], ""nnp1"": ""553acb53-61f9-4600-a111-d1da0f3139d4"", ""target_ids"": [], ""nn1"": ""COMPANY""}","{""nnp1"": ""553acb53-61f9-4600-a111-d1da0f3139d4"", ""nnp2"": null, ""nnp3"": null, ""prop1"": null, ""nn1"": ""COMPANY"", ""nn2"": null, ""threshold"": null, ""target_ids"": [], ""prop1_list"": []}",primary,50,"Template: simple_triplet (F_Simple)
Query intent: Simple question: subject linked to objects via a predicate.

Row 1: Bank of Baroda's AT-1 bonds were reaffirmed with an AA+ Stable rating by ICRA. (as of 2026-02-01)
Row 2: Bank of Baroda's ₹10,000 crore green infrastructure bond programme received an AAA rating from ICRA. (as of 2026-02-01)
Row 3: Bank of Baroda utilizes AT-1 bonds as a funding source. (as of 2026-02-01)
Row 4: Bank of Baroda serves as the parent entity for its BOBCARD subsidiary.
Row 5: Bank of Baroda relies on bulk deposits, which grew by 37.0% alongside certificates of deposit in Q1 FY27. (as of 2026-06-30)
Row 6: Bank of Baroda's funding base includes low-cost CASA balances. (as of 2026-06-30)
Row 7: Bank of Baroda's CASA ratio stood at 37.72% in Q1 FY27, down from 38.88% a year earlier. (as of 2026-06-30)
Row 8: Bank of Baroda relies increasingly on CD funding as its CASA balances decline. (as of 2026-06-30)
Row 9: Bank of Baroda reported a standalone CET1 ratio of 13.90% in Q1 FY27. (as of 2026-06-30)
Row 10: Bank of Baroda funds itself using certificates of deposit, which grew by 37.0% alongside bulk deposits in Q1 FY27. (as of 2026-06-30)
Row 11: Bank of Baroda's cost of deposits fell 39 basis points year-on-year to 4.66% in Q1 FY27. (as of 2026-06-30)
Row 12: Debadatta Chand holds the role of MD & CEO at Bank of Baroda.
Row 13: Bank of Baroda's domestic deposits stood at ₹13,81,535 crore in Q1 FY27, up 14.7%. (as of 2026-06-30)
Row 14: Bank of Baroda is exposed to funding risk stemming from CASA erosion.
Row 15: Bank of Baroda's global advances grew 17.4% year-on-year in Q1 FY27. (as of 2026-06-30)
Row 16: Bank of Baroda's global deposits reached ₹16,33,559 crore in Q1 FY27, up 13.8%. (as of 2026-06-30)
Row 17: Bank of Baroda expects growth to be driven by its global loan book.
Row 18: The Government of India maintains an ownership stake in Bank of Baroda.
Row 19: Bank of Baroda is funded in part by a ₹10,000 crore green infrastructure bond programme. (as of 2026-02-01)
Row 20: Bank of Baroda is headquartered in the state of Gujarat.
Row 21: Bank of Baroda is rated by the credit rating agency ICRA. (as of 2026-02-01)
Row 22: Bank of Baroda provides services to MSME customers.
Row 23: Bank of Baroda provides NRI banking services.
Row 24: Bank of Baroda serves NRI customers globally.
Row 25: Geographically, Bank of Baroda depends on Gulf and African NRI remittance corridors.
Row 26: Bank of Baroda's net interest margin in Q1 FY27 was 2.77% globally and 2.93% domestically. (as of 2026-06-30)
Row 27: Bank of Baroda's reported net profit for Q1 FY27 fell 72% year-on-year to ₹1,278 crore due to a one-off legal settlement. (as of 2026-06-30)
Row 28: Bank of Baroda is classified as a public sector bank.
Row 29: Bank of Baroda is exposed to regulatory and litigation risk.
Row 30: Bank of Baroda depends on regulatory oversight from the RBI.
Row 31: Bank of Baroda is regulated by the Reserve Bank of India.
Row 32: Bank of Baroda serves retail customers.
Row 33: Bank of Baroda is regulated by the Securities and Exchange Board of India.
Row 34: Bank of Baroda is funded by term deposits, which grew 17.8% in Q1 FY27. (as of 2026-06-30)
Row 35: Bank of Baroda operates as a universal bank.
Row 36: Bank of Baroda is headquartered in Vadodara.
Row 37: Bank of Baroda showed a mild shift toward costlier wholesale funding in Q1 FY27. (as of 2026-06-30)
Row 38: Bank of Baroda operates a joint-venture bank with 16 branches in Zambia. (as of 2025-09-01)
Row 39: Bank of Baroda's standalone capital adequacy ratio was 16.30% in Q1 FY27. (as of 2026-06-30)
Row 40: Bank of Baroda offers cash management services.
Row 41: Bank of Baroda faces exposure to ordinary credit risk.
Row 42: Bank of Baroda provides forex services.
Row 43: Bank of Baroda provides banking services to government customers.
Row 44: Bank of Baroda's gross NPA ratio was 1.99% in Q1 FY27, down 29 basis points year-on-year. (as of 2026-06-30)
Row 45: Bank of Baroda caters to large-corporate customers.
Row 46: Bank of Baroda's net NPA stood at 0.50% in Q1 FY27. (as of 2026-06-30)
Row 47: Bank of Baroda's net interest income was ₹12,524 crore in Q1 FY27, a 9.5% increase. (as of 2026-06-30)
Row 48: Bank of Baroda reported a provision coverage ratio of 93.28% including technical write-offs in Q1 FY27. (as of 2026-06-30)
Row 49: Bank of Baroda reported a Q1 FY27 return on assets of 0.25%, or 1.10% excluding a one-off hit. (as of 2026-06-30)
Row 50: Bank of Baroda reported a Q1 FY27 return on equity of 3.89%, or 16.57% excluding a one-off item. (as of 2026-06-30)",The retrieved facts do not cover Bank of Baroda's ticker symbol or the exchange(s) on which it trades.,Not relevant,"The assistant output fails to provide the ticker symbol and exchanges for Bank of Baroda, stating instead that the facts do not cover it.",
"Who is the current MD & CEO (or Chairman, where that is the top executive title) of Bank of Baroda?",F_Simple,F_Simple,0.7193366375613698,simple_triplet,True,"[""uti"", ""Bank of Baroda"", ""MD""]","[{""entity"": ""uti"", ""matched_node_name"": ""UTI"", ""matched_id"": ""fd4feaba-a9ac-4e43-9418-e90485ccc0ee"", ""matched_type"": ""SHAREHOLDER"", ""similarity"": 1.0, ""source"": ""gazetteer""}, {""entity"": ""Bank of Baroda"", ""matched_node_name"": ""Bank of Baroda"", ""matched_id"": ""553acb53-61f9-4600-a111-d1da0f3139d4"", ""matched_type"": ""COMPANY"", ""similarity"": 1.0, ""source"": ""gazetteer""}, {""entity"": ""MD"", ""matched_node_name"": ""Sydney"", ""matched_id"": ""6ce73991-b958-4fd6-a892-0d2f5d32b61b"", ""matched_type"": ""GEOGRAPHY"", ""similarity"": 0.6347882270812988, ""source"": ""semantic""}]","Who is the current <GEOGRAPHY> & CEO (or Chairman, where that is the top exec<SHAREHOLDER>ve title) of <COMPANY>?","{""prop1_list"": [""GovernanceRole"", ""HOLDS_ROLE""], ""nnp1"": ""553acb53-61f9-4600-a111-d1da0f3139d4"", ""target_ids"": [""fd4feaba-a9ac-4e43-9418-e90485ccc0ee"", ""6ce73991-b958-4fd6-a892-0d2f5d32b61b""], ""nn1"": ""COMPANY""}","{""nnp1"": ""553acb53-61f9-4600-a111-d1da0f3139d4"", ""nnp2"": ""6ce73991-b958-4fd6-a892-0d2f5d32b61b"", ""nnp3"": null, ""prop1"": ""GovernanceRole"", ""nn1"": ""COMPANY"", ""nn2"": ""GEOGRAPHY"", ""threshold"": null, ""target_ids"": [""fd4feaba-a9ac-4e43-9418-e90485ccc0ee"", ""6ce73991-b958-4fd6-a892-0d2f5d32b61b""], ""prop1_list"": [""GovernanceRole"", ""HOLDS_ROLE""]}",relaxed_direction,1,"Template: simple_triplet (F_Simple)
Query intent: Simple question: subject linked to objects via a predicate.

Row 1: Debadatta Chand holds the role of MD & CEO at Bank of Baroda.",Debadatta Chand is the current MD & CEO of Bank of Baroda.,Relevant,The assistant output directly and accurately provides the name of the current MD & CEO of Bank of Baroda in response to the user query.,
"What percentage of Bank of Baroda is held by its government promoter or largest shareholder, and as of what date?",F_LogUnion,F_Simple,0.40233705467523107,simple_triplet,False,"[""Bank of Baroda""]","[{""entity"": ""Bank of Baroda"", ""matched_node_name"": ""Bank of Baroda"", ""matched_id"": ""553acb53-61f9-4600-a111-d1da0f3139d4"", ""matched_type"": ""COMPANY"", ""similarity"": 1.0, ""source"": ""gazetteer""}]","What percentage of <COMPANY> is held by its government promoter or largest shareholder, and as of what date?","{""prop1_list"": [""OWNS"", ""REGULATED_BY"", ""OwnershipStake"", ""HELD_BY"", ""OWNS_STAKE_IN""], ""nnp1"": ""553acb53-61f9-4600-a111-d1da0f3139d4"", ""target_ids"": [], ""nn1"": ""COMPANY""}","{""nnp1"": ""553acb53-61f9-4600-a111-d1da0f3139d4"", ""nnp2"": null, ""nnp3"": null, ""prop1"": ""REGULATED_BY"", ""nn1"": ""COMPANY"", ""nn2"": null, ""threshold"": null, ""target_ids"": [], ""prop1_list"": [""OWNS"", ""REGULATED_BY"", ""OwnershipStake"", ""HELD_BY"", ""OWNS_STAKE_IN""]}",primary,3,"Template: simple_triplet (F_Simple)
Query intent: Simple question: subject linked to objects via a predicate.

Row 1: The Government of India maintains an ownership stake in Bank of Baroda.
Row 2: Bank of Baroda is regulated by the Reserve Bank of India.
Row 3: Bank of Baroda is regulated by the Securities and Exchange Board of India.","The retrieved facts do not cover the specific percentage of Bank of Baroda held by its government promoter or largest shareholder, nor do they provide the date for such a holding.",Not relevant,The assistant output states that it does not have the information to answer the user's specific questions regarding Bank of Baroda's shareholding percentage and date.,
What was Bank of Baroda's CASA ratio in the most recently reported quarter?,F_Simple,F_Simple,0.538152170436721,simple_triplet,True,"[""Bank of Baroda"", ""CASA ratio""]","[{""entity"": ""Bank of Baroda"", ""matched_node_name"": ""Bank of Baroda"", ""matched_id"": ""553acb53-61f9-4600-a111-d1da0f3139d4"", ""matched_type"": ""COMPANY"", ""similarity"": 1.0, ""source"": ""gazetteer""}, {""entity"": ""CASA ratio"", ""matched_node_name"": ""CASA ratio"", ""matched_id"": ""f552ef12-cf71-4307-80e3-1eb10e256154"", ""matched_type"": ""METRIC"", ""similarity"": 1.0, ""source"": ""gazetteer""}]",What was <COMPANY>'s <METRIC> in the most recently reported quarter?,"{""prop1_list"": [], ""nnp1"": ""553acb53-61f9-4600-a111-d1da0f3139d4"", ""target_ids"": [""f552ef12-cf71-4307-80e3-1eb10e256154""], ""nn1"": ""COMPANY""}","{""nnp1"": ""553acb53-61f9-4600-a111-d1da0f3139d4"", ""nnp2"": ""f552ef12-cf71-4307-80e3-1eb10e256154"", ""nnp3"": null, ""prop1"": null, ""nn1"": ""COMPANY"", ""nn2"": ""METRIC"", ""threshold"": null, ""target_ids"": [""f552ef12-cf71-4307-80e3-1eb10e256154""], ""prop1_list"": []}",primary,1,"Template: simple_triplet (F_Simple)
Query intent: Simple question: subject linked to objects via a predicate.

Row 1: Bank of Baroda's CASA ratio stood at 37.72% in Q1 FY27, down from 38.88% a year earlier. (as of 2026-06-30)","Bank of Baroda's CASA ratio stood at 37.72% in Q1 FY27, which was down from 38.88% a year earlier. This financial position was reported as of June 30, 2026.",Relevant,The assistant output directly answers the user's request by providing Bank of Baroda's CASA ratio for the most recently reported quarter.,
What is Bank of Baroda's net interest margin (NIM) for the latest reported period?,F_Simple,F_Simple,0.704794952545776,simple_triplet,True,"[""Bank of Baroda"", ""net interest margin""]","[{""entity"": ""Bank of Baroda"", ""matched_node_name"": ""Bank of Baroda"", ""matched_id"": ""553acb53-61f9-4600-a111-d1da0f3139d4"", ""matched_type"": ""COMPANY"", ""similarity"": 1.0, ""source"": ""gazetteer""}, {""entity"": ""net interest margin"", ""matched_node_name"": ""Net interest margin"", ""matched_id"": ""ce0a12ce-b581-4229-a6b2-4d53c46e9d9d"", ""matched_type"": ""METRIC"", ""similarity"": 1.0, ""source"": ""gazetteer""}]",What is <COMPANY>'s <METRIC> (NIM) for the latest reported period?,"{""prop1_list"": [], ""nnp1"": ""553acb53-61f9-4600-a111-d1da0f3139d4"", ""target_ids"": [""ce0a12ce-b581-4229-a6b2-4d53c46e9d9d""], ""nn1"": ""COMPANY""}","{""nnp1"": ""553acb53-61f9-4600-a111-d1da0f3139d4"", ""nnp2"": ""ce0a12ce-b581-4229-a6b2-4d53c46e9d9d"", ""nnp3"": null, ""prop1"": null, ""nn1"": ""COMPANY"", ""nn2"": ""METRIC"", ""threshold"": null, ""target_ids"": [""ce0a12ce-b581-4229-a6b2-4d53c46e9d9d""], ""prop1_list"": []}",primary,1,"Template: simple_triplet (F_Simple)
Query intent: Simple question: subject linked to objects via a predicate.

Row 1: Bank of Baroda's net interest margin in Q1 FY27 was 2.77% globally and 2.93% domestically. (as of 2026-06-30)","Bank of Baroda's net interest margin for Q1 FY27, as of June 30, 2026, was 2.77% globally and 2.93% domestically.",Relevant,"The assistant output directly answers the user request by providing Bank of Baroda's net interest margin for the latest reported period, detailing both global and domestic figures.",
"What is Bank of Baroda's capital adequacy ratio (CRAR), and its CET1 ratio if disclosed?",F_Simple,F_Simple,0.6595344106316016,simple_triplet,True,"[""Bank of Baroda"", ""capital adequacy ratio"", ""CE""]","[{""entity"": ""Bank of Baroda"", ""matched_node_name"": ""Bank of Baroda"", ""matched_id"": ""553acb53-61f9-4600-a111-d1da0f3139d4"", ""matched_type"": ""COMPANY"", ""similarity"": 1.0, ""source"": ""gazetteer""}, {""entity"": ""capital adequacy ratio"", ""matched_node_name"": ""capital adequacy ratio"", ""matched_id"": ""a9e7103c-2a43-4d54-94d2-0f9178dbb42e"", ""matched_type"": ""METRIC"", ""similarity"": 1.0, ""source"": ""gazetteer""}, {""entity"": ""CE"", ""matched_node_name"": ""NSE"", ""matched_id"": ""f991983e-e758-47f5-acbf-1afe822e5f20"", ""matched_type"": ""COMPANY"", ""similarity"": 0.6484348893165588, ""source"": ""semantic""}]","What is <COMPANY>'s <METRIC> (CRAR), and its <COMPANY>T1 ratio if disclosed?","{""prop1_list"": [], ""nnp1"": ""553acb53-61f9-4600-a111-d1da0f3139d4"", ""target_ids"": [""a9e7103c-2a43-4d54-94d2-0f9178dbb42e"", ""f991983e-e758-47f5-acbf-1afe822e5f20""], ""nn1"": ""COMPANY""}","{""nnp1"": ""553acb53-61f9-4600-a111-d1da0f3139d4"", ""nnp2"": ""f991983e-e758-47f5-acbf-1afe822e5f20"", ""nnp3"": null, ""prop1"": null, ""nn1"": ""COMPANY"", ""nn2"": ""COMPANY"", ""threshold"": null, ""target_ids"": [""a9e7103c-2a43-4d54-94d2-0f9178dbb42e"", ""f991983e-e758-47f5-acbf-1afe822e5f20""], ""prop1_list"": []}",primary,1,"Template: simple_triplet (F_Simple)
Query intent: Simple question: subject linked to objects via a predicate.

Row 1: Bank of Baroda's standalone capital adequacy ratio was 16.30% in Q1 FY27. (as of 2026-06-30)","Bank of Baroda's standalone capital adequacy ratio was 16.30% in Q1 FY27 as of June 30, 2026. The retrieved facts do not disclose the CET1 ratio.",Relevant,The assistant output directly addresses both parts of the user request by providing the capital adequacy ratio and explicitly noting the lack of disclosure for the CET1 ratio based on available facts.,
What are Bank of Baroda's return on assets (ROA) and return on equity (ROE) for the latest quarter?,F_Simple,F_Simple,0.722638699193199,simple_triplet,True,"[""Bank of Baroda"", ""return on assets"", ""return on equity""]","[{""entity"": ""Bank of Baroda"", ""matched_node_name"": ""Bank of Baroda"", ""matched_id"": ""553acb53-61f9-4600-a111-d1da0f3139d4"", ""matched_type"": ""COMPANY"", ""similarity"": 1.0, ""source"": ""gazetteer""}, {""entity"": ""return on assets"", ""matched_node_name"": ""return on assets"", ""matched_id"": ""dd83a8a6-2dd2-4407-9d71-917240c66c55"", ""matched_type"": ""METRIC"", ""similarity"": 1.0, ""source"": ""gazetteer""}, {""entity"": ""return on equity"", ""matched_node_name"": ""return on equity"", ""matched_id"": ""4c4c7086-00d6-4850-9bcd-ae7c8e8479a8"", ""matched_type"": ""METRIC"", ""similarity"": 1.0, ""source"": ""gazetteer""}]",What are <COMPANY>'s <METRIC> (ROA) and <METRIC> (ROE) for the latest quarter?,"{""prop1_list"": [], ""nnp1"": ""553acb53-61f9-4600-a111-d1da0f3139d4"", ""target_ids"": [""dd83a8a6-2dd2-4407-9d71-917240c66c55"", ""4c4c7086-00d6-4850-9bcd-ae7c8e8479a8""], ""nn1"": ""COMPANY""}","{""nnp1"": ""553acb53-61f9-4600-a111-d1da0f3139d4"", ""nnp2"": ""dd83a8a6-2dd2-4407-9d71-917240c66c55"", ""nnp3"": null, ""prop1"": null, ""nn1"": ""COMPANY"", ""nn2"": ""METRIC"", ""threshold"": null, ""target_ids"": [""dd83a8a6-2dd2-4407-9d71-917240c66c55"", ""4c4c7086-00d6-4850-9bcd-ae7c8e8479a8""], ""prop1_list"": []}",primary,2,"Template: simple_triplet (F_Simple)
Query intent: Simple question: subject linked to objects via a predicate.

Row 1: Bank of Baroda reported a Q1 FY27 return on assets of 0.25%, or 1.10% excluding a one-off hit. (as of 2026-06-30)
Row 2: Bank of Baroda reported a Q1 FY27 return on equity of 3.89%, or 16.57% excluding a one-off item. (as of 2026-06-30)","For the latest quarter ended June 30, 2026 (Q1 FY27), Bank of Baroda reported a return on assets of 0.25% (or 1.10% excluding a one-off hit) and a return on equity of 3.89% (or 16.57% excluding a one-off item).",Relevant,"The assistant output directly provides the requested return on assets (ROA) and return on equity (ROE) for Bank of Baroda's latest quarter, addressing the user's query comprehensively.",
"What credit ratings has Bank of Baroda received, and from which rating agencies?",F_Simple,F_Simple,0.6530191275890218,simple_triplet,True,"[""Bank of Baroda""]","[{""entity"": ""Bank of Baroda"", ""matched_node_name"": ""Bank of Baroda"", ""matched_id"": ""553acb53-61f9-4600-a111-d1da0f3139d4"", ""matched_type"": ""COMPANY"", ""similarity"": 1.0, ""source"": ""gazetteer""}]","What credit ratings has <COMPANY> received, and from which rating agencies?","{""prop1_list"": [""HAS_RATING""], ""nnp1"": ""553acb53-61f9-4600-a111-d1da0f3139d4"", ""target_ids"": [], ""nn1"": ""COMPANY""}","{""nnp1"": ""553acb53-61f9-4600-a111-d1da0f3139d4"", ""nnp2"": null, ""nnp3"": null, ""prop1"": ""HAS_RATING"", ""nn1"": ""COMPANY"", ""nn2"": null, ""threshold"": null, ""target_ids"": [], ""prop1_list"": [""HAS_RATING""]}",primary,2,"Template: simple_triplet (F_Simple)
Query intent: Simple question: subject linked to objects via a predicate.

Row 1: Bank of Baroda's AT-1 bonds were reaffirmed with an AA+ Stable rating by ICRA. (as of 2026-02-01)
Row 2: Bank of Baroda's ₹10,000 crore green infrastructure bond programme received an AAA rating from ICRA. (as of 2026-02-01)","Bank of Baroda received an AA+ Stable rating from ICRA for its AT-1 bonds and an AAA rating from the same agency for its ₹10,000 crore green infrastructure bond programme, both as of February 1, 2026.",Somewhat relevant,"The assistant provides specific credit ratings and agencies for Bank of Baroda, but only covers specific bond issues rather than the bank's overall or comprehensive credit ratings.",
"Roughly how many branches and ATMs does Bank of Baroda operate, and as of what date?",F_QuantCount,F_Simple,0.3513365825325079,simple_triplet,False,"[""ATMs"", ""Bank of Baroda""]","[{""entity"": ""ATMs"", ""matched_node_name"": ""ATMs"", ""matched_id"": ""1d9af7d1-80d1-4631-9a7a-7765335565d0"", ""matched_type"": ""DISTRIBUTIONCHANNEL"", ""similarity"": 1.0, ""source"": ""gazetteer""}, {""entity"": ""Bank of Baroda"", ""matched_node_name"": ""Bank of Baroda"", ""matched_id"": ""553acb53-61f9-4600-a111-d1da0f3139d4"", ""matched_type"": ""COMPANY"", ""similarity"": 1.0, ""source"": ""gazetteer""}]","Roughly how many branches and <DISTRIBUTIONCHANNEL> does <COMPANY> operate, and as of what date?","{""prop1_list"": [], ""nnp1"": ""553acb53-61f9-4600-a111-d1da0f3139d4"", ""target_ids"": [""1d9af7d1-80d1-4631-9a7a-7765335565d0""], ""nn1"": ""COMPANY""}","{""nnp1"": ""553acb53-61f9-4600-a111-d1da0f3139d4"", ""nnp2"": ""1d9af7d1-80d1-4631-9a7a-7765335565d0"", ""nnp3"": null, ""prop1"": null, ""nn1"": ""COMPANY"", ""nn2"": ""DISTRIBUTIONCHANNEL"", ""threshold"": null, ""target_ids"": [""1d9af7d1-80d1-4631-9a7a-7765335565d0""], ""prop1_list"": []}",relaxed_direction,53,"Template: simple_triplet (F_Simple)
Query intent: Simple question: subject linked to objects via a predicate.

Row 1: Bank of Baroda provides wealth management services.
Row 2: Bank of Baroda provides trade finance services.
Row 3: Bank of Baroda offers treasury services.
Row 4: Bank of Baroda provides forex services.
Row 5: Bank of Baroda offers cash management services.
Row 6: Bank of Baroda provides NRI banking services.
Row 7: Bank of Baroda provides services to MSME customers.
Row 8: Bank of Baroda caters to large-corporate customers.
Row 9: Bank of Baroda provides banking services to government customers.
Row 10: Bank of Baroda serves NRI customers globally.
Row 11: Bank of Baroda's CASA ratio stood at 37.72% in Q1 FY27, down from 38.88% a year earlier. (as of 2026-06-30)
Row 12: Bank of Baroda's net interest income was ₹12,524 crore in Q1 FY27, a 9.5% increase. (as of 2026-06-30)
Row 13: Bank of Baroda faces exposure to ordinary credit risk.
Row 14: Bank of Baroda reported a Q1 FY27 return on assets of 0.25%, or 1.10% excluding a one-off hit. (as of 2026-06-30)
Row 15: Bank of Baroda reported a Q1 FY27 return on equity of 3.89%, or 16.57% excluding a one-off item. (as of 2026-06-30)
Row 16: Bank of Baroda's gross NPA ratio was 1.99% in Q1 FY27, down 29 basis points year-on-year. (as of 2026-06-30)
Row 17: Bank of Baroda's net NPA stood at 0.50% in Q1 FY27. (as of 2026-06-30)
Row 18: Bank of Baroda reported a provision coverage ratio of 93.28% including technical write-offs in Q1 FY27. (as of 2026-06-30)
Row 19: Bank of Baroda's standalone capital adequacy ratio was 16.30% in Q1 FY27. (as of 2026-06-30)
Row 20: Bank of Baroda reported a standalone CET1 ratio of 13.90% in Q1 FY27. (as of 2026-06-30)
Row 21: Bank of Baroda operates as a universal bank.
Row 22: Bank of Baroda's net interest margin in Q1 FY27 was 2.77% globally and 2.93% domestically. (as of 2026-06-30)
Row 23: Bank of Baroda is headquartered in Vadodara.
Row 24: Bank of Baroda is headquartered in the state of Gujarat.
Row 25: Bank of Baroda serves as the parent entity for its BOBCARD subsidiary.
Row 26: Bank of Baroda serves retail customers.
Row 27: Bank of Baroda operates a joint-venture bank with 16 branches in Zambia. (as of 2025-09-01)
Row 28: Bank of Baroda is funded by term deposits, which grew 17.8% in Q1 FY27. (as of 2026-06-30)
Row 29: Bank of Baroda relies on bulk deposits, which grew by 37.0% alongside certificates of deposit in Q1 FY27. (as of 2026-06-30)
Row 30: Bank of Baroda funds itself using certificates of deposit, which grew by 37.0% alongside bulk deposits in Q1 FY27. (as of 2026-06-30)
Row 31: Bank of Baroda's funding base includes low-cost CASA balances. (as of 2026-06-30)
Row 32: Bank of Baroda showed a mild shift toward costlier wholesale funding in Q1 FY27. (as of 2026-06-30)
Row 33: Bank of Baroda's cost of deposits fell 39 basis points year-on-year to 4.66% in Q1 FY27. (as of 2026-06-30)
Row 34: Bank of Baroda's global advances grew 17.4% year-on-year in Q1 FY27. (as of 2026-06-30)
Row 35: Bank of Baroda's global deposits reached ₹16,33,559 crore in Q1 FY27, up 13.8%. (as of 2026-06-30)
Row 36: Bank of Baroda's domestic deposits stood at ₹13,81,535 crore in Q1 FY27, up 14.7%. (as of 2026-06-30)
Row 37: Bank of Baroda's reported net profit for Q1 FY27 fell 72% year-on-year to ₹1,278 crore due to a one-off legal settlement. (as of 2026-06-30)
Row 38: Bank of Baroda's ₹10,000 crore green infrastructure bond programme received an AAA rating from ICRA. (as of 2026-02-01)
Row 39: Bank of Baroda is funded in part by a ₹10,000 crore green infrastructure bond programme. (as of 2026-02-01)
Row 40: Bank of Baroda relies increasingly on CD funding as its CASA balances decline. (as of 2026-06-30)
Row 41: Bank of Baroda is exposed to regulatory and litigation risk.
Row 42: Bank of Baroda is exposed to funding risk stemming from CASA erosion.
Row 43: Geographically, Bank of Baroda depends on Gulf and African NRI remittance corridors.
Row 44: Bank of Baroda utilizes AT-1 bonds as a funding source. (as of 2026-02-01)
Row 45: Bank of Baroda's AT-1 bonds were reaffirmed with an AA+ Stable rating by ICRA. (as of 2026-02-01)
Row 46: Bank of Baroda expects growth to be driven by its global loan book.
Row 47: Bank of Baroda is classified as a public sector bank.
Row 48: Bank of Baroda depends on regulatory oversight from the RBI.
Row 49: Bank of Baroda is regulated by the Reserve Bank of India.
Row 50: Bank of Baroda is regulated by the Securities and Exchange Board of India.
Row 51: Bank of Baroda is rated by the credit rating agency ICRA. (as of 2026-02-01)
Row 52: Debadatta Chand holds the role of MD & CEO at Bank of Baroda.
Row 53: The Government of India maintains an ownership stake in Bank of Baroda.",The retrieved facts do not provide information regarding the total number of branches and ATMs operated by Bank of Baroda.,Not relevant,"The assistant output states that the information is unavailable, thereby failing to answer the user request regarding Bank of Baroda's branches and ATMs.",
"What products and services does Bank of Baroda offer, and which customer segments does it serve?",F_Simple,F_Simple,0.6369738725660826,simple_triplet,True,"[""Bank of Baroda""]","[{""entity"": ""Bank of Baroda"", ""matched_node_name"": ""Bank of Baroda"", ""matched_id"": ""553acb53-61f9-4600-a111-d1da0f3139d4"", ""matched_type"": ""COMPANY"", ""similarity"": 1.0, ""source"": ""gazetteer""}]","What products and services does <COMPANY> offer, and which customer segments does it serve?","{""prop1_list"": [""OFFERS_PRODUCT"", ""SERVES""], ""nnp1"": ""553acb53-61f9-4600-a111-d1da0f3139d4"", ""target_ids"": [], ""nn1"": ""COMPANY""}","{""nnp1"": ""553acb53-61f9-4600-a111-d1da0f3139d4"", ""nnp2"": null, ""nnp3"": null, ""prop1"": ""SERVES"", ""nn1"": ""COMPANY"", ""nn2"": null, ""threshold"": null, ""target_ids"": [], ""prop1_list"": [""OFFERS_PRODUCT"", ""SERVES""]}",primary,5,"Template: simple_triplet (F_Simple)
Query intent: Simple question: subject linked to objects via a predicate.

Row 1: Bank of Baroda provides services to MSME customers.
Row 2: Bank of Baroda serves NRI customers globally.
Row 3: Bank of Baroda serves retail customers.
Row 4: Bank of Baroda provides banking services to government customers.
Row 5: Bank of Baroda caters to large-corporate customers.","Bank of Baroda serves retail, MSME, large-corporate, and government customers, and also provides global services to NRI customers. The retrieved facts do not cover the specific products offered by the bank.",Somewhat relevant,The assistant output identifies the customer segments served by Bank of Baroda but fails to provide information regarding the specific products and services offered.,
What is Punjab National Bank's ticker symbol and on which exchange(s) does it trade?,F_Simple,F_Simple,0.5793572812935655,simple_triplet,True,"[""Punjab National Bank""]","[{""entity"": ""Punjab National Bank"", ""matched_node_name"": ""Punjab National Bank"", ""matched_id"": ""121884d5-3ddd-4607-803a-870c4bf83a1b"", ""matched_type"": ""COMPANY"", ""similarity"": 1.0, ""source"": ""gazetteer""}]",What is <COMPANY>'s ticker symbol and on which exchange(s) does it trade?,"{""prop1_list"": [], ""nnp1"": ""121884d5-3ddd-4607-803a-870c4bf83a1b"", ""target_ids"": [], ""nn1"": ""COMPANY""}","{""nnp1"": ""121884d5-3ddd-4607-803a-870c4bf83a1b"", ""nnp2"": null, ""nnp3"": null, ""prop1"": null, ""nn1"": ""COMPANY"", ""nn2"": null, ""threshold"": null, ""target_ids"": [], ""prop1_list"": []}",primary,50,"Template: simple_triplet (F_Simple)
Query intent: Simple question: subject linked to objects via a predicate.

Row 1: PNB runs 11,065 ATMs as part of its network as of March 2026. (as of 2026-03-01)
Row 2: PNB operates a branch in Afghanistan.
Row 3: Ashok Chandra serves as the MD & CEO of Punjab National Bank.
Row 4: PNB operates a representative office in Australia.
Row 5: PNB holds a 51% equity stake in a bank in Bhutan.
Row 6: PNB reported a Q1 FY27 CASA ratio of 36.7% of its domestic deposits. (as of 2026-06-30)
Row 7: PNB has an opportunity because its CET1 capital improved to 14.52% from 10.95% a year earlier, giving the bank more room to fund growth. (as of 2026-06-30)
Row 8: PNB operates a representative office in China.
Row 9: PNB operates a branch in Dubai.
Row 10: Punjab National Bank is headquartered in Dwarka.
Row 11: FIIs hold a shared 6.59% ownership stake in Punjab National Bank alongside NRIs and OCBs. (as of 2026-03-31)
Row 12: PNB is rated by the credit rating agency Fitch.
Row 13: The Government of India owns a 70.08% stake in Punjab National Bank. (as of 2026-03-31)
Row 14: PNB operates a branch in Hong Kong.
Row 15: K G Ananthakrishnan leads Punjab National Bank as its non-executive chairman.
Row 16: PNB maintains a representative office and holds a 41.64% equity stake in a bank in Kazakhstan.
Row 17: LIC holds an unspecified ownership stake in Punjab National Bank. (as of 2026-03-31)
Row 18: PNB had its Long-Term Issuer Default Rating affirmed at BBB- with a Stable outlook by Fitch. (as of 2026-02-01)
Row 19: PNB's customer base skews toward the MSME segment.
Row 20: NRIs possess an ownership stake in Punjab National Bank as part of a combined 6.59% holding. (as of 2026-03-31)
Row 21: PNB holds a 20% equity stake in a bank in Nepal.
Row 22: PNB achieved a net interest margin of 2.50% globally and 2.64% domestically in Q1 FY27. (as of 2026-06-30)
Row 23: Punjab National Bank is headquartered in New Delhi.
Row 24: PNB has historically dominated the North Indian market.
Row 25: PNB operates a representative office in Norway.
Row 26: OCBs have an ownership stake in Punjab National Bank. (as of 2026-03-31)
Row 27: PNB depends on the technology integration that followed its 2020 amalgamation with Oriental Bank of Commerce.
Row 28: PNB's legacy of large corporate NPAs remains a structural weak point that threatens the bank.
Row 29: PNB is regulated by the RBI.
Row 30: PNB is regulated by SEBI.
Row 31: PNB operates a representative office in the UAE.
Row 32: PNB maintains an international presence through seven UK branches.
Row 33: PNB depends on the technology integration that followed its 2020 amalgamation with United Bank of India.
Row 34: Punjab National Bank is an operational universal bank.
Row 35: PNB had its Viability Rating upgraded from bb- to bb by Fitch. (as of 2026-02-01)
Row 36: PNB's customer base skews toward agriculture.
Row 37: PNB distributes asset-management products.
Row 38: PNB operates a distribution network of 10,324 branches as of March 2026. (as of 2026-03-01)
Row 39: PNB had a capital adequacy ratio of 18.13% in Q1 FY27. (as of 2026-06-30)
Row 40: PNB provides cash management services.
Row 41: PNB's return on equity is driven by the continued normalization of provisioning.
Row 42: PNB reported a cost-to-income ratio of 50.31% in Q1 FY27. (as of 2026-06-30)
Row 43: PNB is exposed to credit risk stemming from its legacy corporate exposures.
Row 44: PNB provides forex services.
Row 45: PNB is exposed to geographic concentration risk in North India.
Row 46: PNB's gross NPA more than halved to 2.78% in Q1 FY27. (as of 2026-06-30)
Row 47: PNB recorded an impaired-loan ratio of 3.2% over a nine-month period according to Fitch. (as of 2026-02-01)
Row 48: A key valuation-relevant fact for PNB is that its improved capital adequacy is supporting the funding of further growth.
Row 49: PNB's margin growth is driven by an improving CASA mix.
Row 50: PNB distributes life insurance products.",The retrieved facts do not cover Punjab National Bank's ticker symbol or the exchange(s) on which it trades.,Not relevant,The assistant output fails to provide the requested ticker symbol and exchange information for Punjab National Bank.,
"Who is the current MD & CEO (or Chairman, where that is the top executive title) of Punjab National Bank?",F_Simple,F_Simple,0.7193366375613698,simple_triplet,True,"[""uti"", ""Punjab National Bank""]","[{""entity"": ""uti"", ""matched_node_name"": ""UTI"", ""matched_id"": ""fd4feaba-a9ac-4e43-9418-e90485ccc0ee"", ""matched_type"": ""SHAREHOLDER"", ""similarity"": 1.0, ""source"": ""gazetteer""}, {""entity"": ""Punjab National Bank"", ""matched_node_name"": ""Punjab National Bank"", ""matched_id"": ""121884d5-3ddd-4607-803a-870c4bf83a1b"", ""matched_type"": ""COMPANY"", ""similarity"": 1.0, ""source"": ""gazetteer""}]","Who is the current MD & CEO (or Chairman, where that is the top exec<SHAREHOLDER>ve title) of <COMPANY>?","{""prop1_list"": [""GovernanceRole"", ""HOLDS_ROLE""], ""nnp1"": ""121884d5-3ddd-4607-803a-870c4bf83a1b"", ""target_ids"": [""fd4feaba-a9ac-4e43-9418-e90485ccc0ee""], ""nn1"": ""COMPANY""}","{""nnp1"": ""121884d5-3ddd-4607-803a-870c4bf83a1b"", ""nnp2"": ""fd4feaba-a9ac-4e43-9418-e90485ccc0ee"", ""nnp3"": null, ""prop1"": ""GovernanceRole"", ""nn1"": ""COMPANY"", ""nn2"": ""SHAREHOLDER"", ""threshold"": null, ""target_ids"": [""fd4feaba-a9ac-4e43-9418-e90485ccc0ee""], ""prop1_list"": [""GovernanceRole"", ""HOLDS_ROLE""]}",relaxed_direction,2,"Template: simple_triplet (F_Simple)
Query intent: Simple question: subject linked to objects via a predicate.

Row 1: K G Ananthakrishnan leads Punjab National Bank as its non-executive chairman.
Row 2: Ashok Chandra serves as the MD & CEO of Punjab National Bank.",Ashok Chandra serves as the MD & CEO of Punjab National Bank.,Relevant,The assistant directly and accurately identifies the current MD & CEO of Punjab National Bank as requested.,
"What percentage of Punjab National Bank is held by its government promoter or largest shareholder, and as of what date?",F_LogUnion,F_Simple,0.40233705467523107,simple_triplet,False,"[""Punjab National Bank""]","[{""entity"": ""Punjab National Bank"", ""matched_node_name"": ""Punjab National Bank"", ""matched_id"": ""121884d5-3ddd-4607-803a-870c4bf83a1b"", ""matched_type"": ""COMPANY"", ""similarity"": 1.0, ""source"": ""gazetteer""}]","What percentage of <COMPANY> is held by its government promoter or largest shareholder, and as of what date?","{""prop1_list"": [""OWNS"", ""REGULATED_BY"", ""OwnershipStake"", ""HELD_BY"", ""OWNS_STAKE_IN""], ""nnp1"": ""121884d5-3ddd-4607-803a-870c4bf83a1b"", ""target_ids"": [], ""nn1"": ""COMPANY""}","{""nnp1"": ""121884d5-3ddd-4607-803a-870c4bf83a1b"", ""nnp2"": null, ""nnp3"": null, ""prop1"": ""REGULATED_BY"", ""nn1"": ""COMPANY"", ""nn2"": null, ""threshold"": null, ""target_ids"": [], ""prop1_list"": [""OWNS"", ""REGULATED_BY"", ""OwnershipStake"", ""HELD_BY"", ""OWNS_STAKE_IN""]}",primary,8,"Template: simple_triplet (F_Simple)
Query intent: Simple question: subject linked to objects via a predicate.

Row 1: FIIs hold a shared 6.59% ownership stake in Punjab National Bank alongside NRIs and OCBs. (as of 2026-03-31)
Row 2: The Government of India owns a 70.08% stake in Punjab National Bank. (as of 2026-03-31)
Row 3: LIC holds an unspecified ownership stake in Punjab National Bank. (as of 2026-03-31)
Row 4: NRIs possess an ownership stake in Punjab National Bank as part of a combined 6.59% holding. (as of 2026-03-31)
Row 5: OCBs have an ownership stake in Punjab National Bank. (as of 2026-03-31)
Row 6: PNB is regulated by the RBI.
Row 7: PNB is regulated by SEBI.
Row 8: Mutual funds hold a 6.53% ownership stake in Punjab National Bank. (as of 2026-03-31)","The Government of India owns a 70.08% stake in Punjab National Bank as of March 31, 2026.",Relevant,The assistant output directly answers the user's question by stating the exact percentage of Punjab National Bank held by the government promoter and specifies the correct date.,
What was Punjab National Bank's CASA ratio in the most recently reported quarter?,F_Simple,F_Simple,0.538152170436721,simple_triplet,True,"[""Punjab National Bank"", ""CASA ratio""]","[{""entity"": ""Punjab National Bank"", ""matched_node_name"": ""Punjab National Bank"", ""matched_id"": ""121884d5-3ddd-4607-803a-870c4bf83a1b"", ""matched_type"": ""COMPANY"", ""similarity"": 1.0, ""source"": ""gazetteer""}, {""entity"": ""CASA ratio"", ""matched_node_name"": ""CASA ratio"", ""matched_id"": ""f552ef12-cf71-4307-80e3-1eb10e256154"", ""matched_type"": ""METRIC"", ""similarity"": 1.0, ""source"": ""gazetteer""}]",What was <COMPANY>'s <METRIC> in the most recently reported quarter?,"{""prop1_list"": [], ""nnp1"": ""121884d5-3ddd-4607-803a-870c4bf83a1b"", ""target_ids"": [""f552ef12-cf71-4307-80e3-1eb10e256154""], ""nn1"": ""COMPANY""}","{""nnp1"": ""121884d5-3ddd-4607-803a-870c4bf83a1b"", ""nnp2"": ""f552ef12-cf71-4307-80e3-1eb10e256154"", ""nnp3"": null, ""prop1"": null, ""nn1"": ""COMPANY"", ""nn2"": ""METRIC"", ""threshold"": null, ""target_ids"": [""f552ef12-cf71-4307-80e3-1eb10e256154""], ""prop1_list"": []}",primary,1,"Template: simple_triplet (F_Simple)
Query intent: Simple question: subject linked to objects via a predicate.

Row 1: PNB reported a Q1 FY27 CASA ratio of 36.7% of its domestic deposits. (as of 2026-06-30)","Punjab National Bank reported a CASA ratio of 36.7% of its domestic deposits for the first quarter of fiscal year 2027, as of June 30, 2026.",Relevant,The assistant output directly and accurately addresses the user request regarding Punjab National Bank's CASA ratio for the most recently reported quarter.,
What is Punjab National Bank's net interest margin (NIM) for the latest reported period?,F_Simple,F_Simple,0.704794952545776,simple_triplet,True,"[""Punjab National Bank"", ""net interest margin""]","[{""entity"": ""Punjab National Bank"", ""matched_node_name"": ""Punjab National Bank"", ""matched_id"": ""121884d5-3ddd-4607-803a-870c4bf83a1b"", ""matched_type"": ""COMPANY"", ""similarity"": 1.0, ""source"": ""gazetteer""}, {""entity"": ""net interest margin"", ""matched_node_name"": ""Net interest margin"", ""matched_id"": ""ce0a12ce-b581-4229-a6b2-4d53c46e9d9d"", ""matched_type"": ""METRIC"", ""similarity"": 1.0, ""source"": ""gazetteer""}]",What is <COMPANY>'s <METRIC> (NIM) for the latest reported period?,"{""prop1_list"": [], ""nnp1"": ""121884d5-3ddd-4607-803a-870c4bf83a1b"", ""target_ids"": [""ce0a12ce-b581-4229-a6b2-4d53c46e9d9d""], ""nn1"": ""COMPANY""}","{""nnp1"": ""121884d5-3ddd-4607-803a-870c4bf83a1b"", ""nnp2"": ""ce0a12ce-b581-4229-a6b2-4d53c46e9d9d"", ""nnp3"": null, ""prop1"": null, ""nn1"": ""COMPANY"", ""nn2"": ""METRIC"", ""threshold"": null, ""target_ids"": [""ce0a12ce-b581-4229-a6b2-4d53c46e9d9d""], ""prop1_list"": []}",primary,1,"Template: simple_triplet (F_Simple)
Query intent: Simple question: subject linked to objects via a predicate.

Row 1: PNB achieved a net interest margin of 2.50% globally and 2.64% domestically in Q1 FY27. (as of 2026-06-30)","For the latest reported period of Q1 FY27 (as of June 30, 2026), Punjab National Bank achieved a net interest margin of 2.50% globally and 2.64% domestically.",Relevant,The assistant output directly answers the user request by providing Punjab National Bank's net interest margin for the latest reported period.,
What are Punjab National Bank's gross NPA and net NPA ratios?,F_Simple,F_Simple,0.4614519440598716,simple_triplet,True,"[""Punjab National Bank"", ""gross NPA"", ""net NPA""]","[{""entity"": ""Punjab National Bank"", ""matched_node_name"": ""Punjab National Bank"", ""matched_id"": ""121884d5-3ddd-4607-803a-870c4bf83a1b"", ""matched_type"": ""COMPANY"", ""similarity"": 1.0, ""source"": ""gazetteer""}, {""entity"": ""gross NPA"", ""matched_node_name"": ""gross NPA"", ""matched_id"": ""00c1065d-13f6-42fc-be09-d1a8be6780cd"", ""matched_type"": ""METRIC"", ""similarity"": 1.0, ""source"": ""gazetteer""}, {""entity"": ""net NPA"", ""matched_node_name"": ""net NPA"", ""matched_id"": ""4539ed7c-a229-4073-a946-c4b6498648c7"", ""matched_type"": ""METRIC"", ""similarity"": 1.0, ""source"": ""gazetteer""}]",What are <COMPANY>'s <METRIC> and <METRIC> ratios?,"{""prop1_list"": [], ""nnp1"": ""121884d5-3ddd-4607-803a-870c4bf83a1b"", ""target_ids"": [""00c1065d-13f6-42fc-be09-d1a8be6780cd"", ""4539ed7c-a229-4073-a946-c4b6498648c7""], ""nn1"": ""COMPANY""}","{""nnp1"": ""121884d5-3ddd-4607-803a-870c4bf83a1b"", ""nnp2"": ""00c1065d-13f6-42fc-be09-d1a8be6780cd"", ""nnp3"": null, ""prop1"": null, ""nn1"": ""COMPANY"", ""nn2"": ""METRIC"", ""threshold"": null, ""target_ids"": [""00c1065d-13f6-42fc-be09-d1a8be6780cd"", ""4539ed7c-a229-4073-a946-c4b6498648c7""], ""prop1_list"": []}",primary,2,"Template: simple_triplet (F_Simple)
Query intent: Simple question: subject linked to objects via a predicate.

Row 1: PNB's gross NPA more than halved to 2.78% in Q1 FY27. (as of 2026-06-30)
Row 2: PNB reported a net NPA of 0.28% in Q1 FY27. (as of 2026-06-30)","Punjab National Bank's gross NPA more than halved to 2.78% in Q1 FY27 as of June 30, 2026. Additionally, the bank reported a net NPA of 0.28% for the same period.",Relevant,The assistant directly provides both the gross NPA and net NPA ratios for Punjab National Bank as requested.,
"What is Punjab National Bank's capital adequacy ratio (CRAR), and its CET1 ratio if disclosed?",F_Simple,F_Simple,0.6595344106316016,simple_triplet,True,"[""Punjab National Bank"", ""capital adequacy ratio"", ""CE""]","[{""entity"": ""Punjab National Bank"", ""matched_node_name"": ""Punjab National Bank"", ""matched_id"": ""121884d5-3ddd-4607-803a-870c4bf83a1b"", ""matched_type"": ""COMPANY"", ""similarity"": 1.0, ""source"": ""gazetteer""}, {""entity"": ""capital adequacy ratio"", ""matched_node_name"": ""capital adequacy ratio"", ""matched_id"": ""a9e7103c-2a43-4d54-94d2-0f9178dbb42e"", ""matched_type"": ""METRIC"", ""similarity"": 1.0, ""source"": ""gazetteer""}, {""entity"": ""CE"", ""matched_node_name"": ""NSE"", ""matched_id"": ""f991983e-e758-47f5-acbf-1afe822e5f20"", ""matched_type"": ""COMPANY"", ""similarity"": 0.6484348893165588, ""source"": ""semantic""}]","What is <COMPANY>'s <METRIC> (CRAR), and its <COMPANY>T1 ratio if disclosed?","{""prop1_list"": [], ""nnp1"": ""121884d5-3ddd-4607-803a-870c4bf83a1b"", ""target_ids"": [""a9e7103c-2a43-4d54-94d2-0f9178dbb42e"", ""f991983e-e758-47f5-acbf-1afe822e5f20""], ""nn1"": ""COMPANY""}","{""nnp1"": ""121884d5-3ddd-4607-803a-870c4bf83a1b"", ""nnp2"": ""f991983e-e758-47f5-acbf-1afe822e5f20"", ""nnp3"": null, ""prop1"": null, ""nn1"": ""COMPANY"", ""nn2"": ""COMPANY"", ""threshold"": null, ""target_ids"": [""a9e7103c-2a43-4d54-94d2-0f9178dbb42e"", ""f991983e-e758-47f5-acbf-1afe822e5f20""], ""prop1_list"": []}",primary,1,"Template: simple_triplet (F_Simple)
Query intent: Simple question: subject linked to objects via a predicate.

Row 1: PNB had a capital adequacy ratio of 18.13% in Q1 FY27. (as of 2026-06-30)","Punjab National Bank had a capital adequacy ratio of 18.13% in Q1 FY27 as of June 30, 2026. The retrieved facts do not cover the Common Equity Tier 1 (CET1) ratio.",Somewhat relevant,The output successfully provides the capital adequacy ratio but fails to provide the CET1 ratio because it was not covered in the retrieved facts.,
What are Punjab National Bank's return on assets (ROA) and return on equity (ROE) for the latest quarter?,F_Simple,F_Simple,0.722638699193199,simple_triplet,True,"[""Punjab National Bank"", ""return on assets"", ""return on equity""]","[{""entity"": ""Punjab National Bank"", ""matched_node_name"": ""Punjab National Bank"", ""matched_id"": ""121884d5-3ddd-4607-803a-870c4bf83a1b"", ""matched_type"": ""COMPANY"", ""similarity"": 1.0, ""source"": ""gazetteer""}, {""entity"": ""return on assets"", ""matched_node_name"": ""return on assets"", ""matched_id"": ""dd83a8a6-2dd2-4407-9d71-917240c66c55"", ""matched_type"": ""METRIC"", ""similarity"": 1.0, ""source"": ""gazetteer""}, {""entity"": ""return on equity"", ""matched_node_name"": ""return on equity"", ""matched_id"": ""4c4c7086-00d6-4850-9bcd-ae7c8e8479a8"", ""matched_type"": ""METRIC"", ""similarity"": 1.0, ""source"": ""gazetteer""}]",What are <COMPANY>'s <METRIC> (ROA) and <METRIC> (ROE) for the latest quarter?,"{""prop1_list"": [], ""nnp1"": ""121884d5-3ddd-4607-803a-870c4bf83a1b"", ""target_ids"": [""dd83a8a6-2dd2-4407-9d71-917240c66c55"", ""4c4c7086-00d6-4850-9bcd-ae7c8e8479a8""], ""nn1"": ""COMPANY""}","{""nnp1"": ""121884d5-3ddd-4607-803a-870c4bf83a1b"", ""nnp2"": ""dd83a8a6-2dd2-4407-9d71-917240c66c55"", ""nnp3"": null, ""prop1"": null, ""nn1"": ""COMPANY"", ""nn2"": ""METRIC"", ""threshold"": null, ""target_ids"": [""dd83a8a6-2dd2-4407-9d71-917240c66c55"", ""4c4c7086-00d6-4850-9bcd-ae7c8e8479a8""], ""prop1_list"": []}",primary,2,"Template: simple_triplet (F_Simple)
Query intent: Simple question: subject linked to objects via a predicate.

Row 1: PNB reported a return on assets of 1.04% in Q1 FY27. (as of 2026-06-30)
Row 2: PNB reported an annualized return on equity of 17.33% in Q1 FY27. (as of 2026-06-30)","For the latest quarter of Q1 FY27 (as of June 30, 2026), Punjab National Bank reported a return on assets of 1.04%. Additionally, the bank recorded an annualized return on equity of 17.33% for the same period.",Relevant,The assistant output directly provides both the return on assets (ROA) and return on equity (ROE) for Punjab National Bank for the latest quarter as requested.,
What was Punjab National Bank's total advances (loan book) and deposit growth in the latest quarter?,F_Simple,F_Simple,0.6699160133060035,simple_triplet,True,"[""Punjab National Bank"", ""total advances"", ""deposit growth""]","[{""entity"": ""Punjab National Bank"", ""matched_node_name"": ""Punjab National Bank"", ""matched_id"": ""121884d5-3ddd-4607-803a-870c4bf83a1b"", ""matched_type"": ""COMPANY"", ""similarity"": 1.0, ""source"": ""gazetteer""}, {""entity"": ""total advances"", ""matched_node_name"": ""Total Advances"", ""matched_id"": ""96dbb53b-28f6-42c3-96e5-77dc48c86818"", ""matched_type"": ""METRIC"", ""similarity"": 1.0, ""source"": ""gazetteer""}, {""entity"": ""deposit growth"", ""matched_node_name"": ""deposit growth"", ""matched_id"": ""74d2ba68-dde6-485e-ad5d-c3483d1ec0d8"", ""matched_type"": ""METRIC"", ""similarity"": 1.0, ""source"": ""gazetteer""}]",What was <COMPANY>'s <METRIC> (loan book) and <METRIC> in the latest quarter?,"{""prop1_list"": [], ""nnp1"": ""121884d5-3ddd-4607-803a-870c4bf83a1b"", ""target_ids"": [""96dbb53b-28f6-42c3-96e5-77dc48c86818"", ""74d2ba68-dde6-485e-ad5d-c3483d1ec0d8""], ""nn1"": ""COMPANY""}","{""nnp1"": ""121884d5-3ddd-4607-803a-870c4bf83a1b"", ""nnp2"": ""96dbb53b-28f6-42c3-96e5-77dc48c86818"", ""nnp3"": null, ""prop1"": null, ""nn1"": ""COMPANY"", ""nn2"": ""METRIC"", ""threshold"": null, ""target_ids"": [""96dbb53b-28f6-42c3-96e5-77dc48c86818"", ""74d2ba68-dde6-485e-ad5d-c3483d1ec0d8""], ""prop1_list"": []}",relaxed_direction,66,"Template: simple_triplet (F_Simple)
Query intent: Simple question: subject linked to objects via a predicate.

Row 1: PNB provides trade finance services alongside its core banking offerings.
Row 2: PNB provides treasury services to its clients.
Row 3: PNB provides forex services.
Row 4: PNB provides cash management services.
Row 5: PNB's customer base skews toward the MSME segment.
Row 6: PNB operates a distribution network of 10,324 branches as of March 2026. (as of 2026-03-01)
Row 7: PNB runs 11,065 ATMs as part of its network as of March 2026. (as of 2026-03-01)
Row 8: PNB reported a Q1 FY27 CASA ratio of 36.7% of its domestic deposits. (as of 2026-06-30)
Row 9: PNB is exposed to credit risk stemming from its legacy corporate exposures.
Row 10: PNB is exposed to ordinary regulatory risk.
Row 11: PNB reported a return on assets of 1.04% in Q1 FY27. (as of 2026-06-30)
Row 12: PNB reported an annualized return on equity of 17.33% in Q1 FY27. (as of 2026-06-30)
Row 13: PNB reported a cost-to-income ratio of 50.31% in Q1 FY27. (as of 2026-06-30)
Row 14: PNB's gross NPA more than halved to 2.78% in Q1 FY27. (as of 2026-06-30)
Row 15: PNB reported a net NPA of 0.28% in Q1 FY27. (as of 2026-06-30)
Row 16: PNB maintained a provision coverage of 97.23% in Q1 FY27. (as of 2026-06-30)
Row 17: PNB had a capital adequacy ratio of 18.13% in Q1 FY27. (as of 2026-06-30)
Row 18: Punjab National Bank is an operational universal bank.
Row 19: PNB achieved a net interest margin of 2.50% globally and 2.64% domestically in Q1 FY27. (as of 2026-06-30)
Row 20: Punjab National Bank is headquartered in Dwarka.
Row 21: Punjab National Bank is headquartered in New Delhi.
Row 22: PNB distributes life insurance products.
Row 23: PNB distributes non-life insurance products.
Row 24: PNB distributes asset-management products.
Row 25: PNB's customer base skews toward agriculture.
Row 26: PNB has historically dominated the North Indian market.
Row 27: PNB maintains an international presence through seven UK branches.
Row 28: PNB operates a branch in Hong Kong.
Row 29: PNB operates a branch in Dubai.
Row 30: PNB operates a branch in Afghanistan.
Row 31: PNB uses representative offices for its international operations in countries such as Kazakhstan, the UAE, China, Norway, and Australia.
Row 32: PNB maintains a representative office and holds a 41.64% equity stake in a bank in Kazakhstan.
Row 33: PNB operates a representative office in the UAE.
Row 34: PNB operates a representative office in China.
Row 35: PNB operates a representative office in Norway.
Row 36: PNB operates a representative office in Australia.
Row 37: PNB holds a 51% equity stake in a bank in Bhutan.
Row 38: PNB holds a 20% equity stake in a bank in Nepal.
Row 39: PNB experienced a sharp asset-quality turnaround, marking a clear strength in the Q1 FY27 quarter. (as of 2026-06-30)
Row 40: PNB demonstrated a weakness where its net interest income growth of only 2.1% is lagging the pace of balance-sheet growth. (as of 2026-06-30)
Row 41: PNB has an opportunity because its CET1 capital improved to 14.52% from 10.95% a year earlier, giving the bank more room to fund growth. (as of 2026-06-30)
Row 42: PNB is exposed to operational risk given its history of fraud incidents.
Row 43: PNB is exposed to geographic concentration risk in North India.
Row 44: PNB depends on the technology integration that followed its 2020 amalgamation with Oriental Bank of Commerce.
Row 45: PNB depends on the technology integration that followed its 2020 amalgamation with United Bank of India.
Row 46: PNB had its Viability Rating upgraded from bb- to bb by Fitch. (as of 2026-02-01)
Row 47: PNB had its Long-Term Issuer Default Rating affirmed at BBB- with a Stable outlook by Fitch. (as of 2026-02-01)
Row 48: PNB recorded an impaired-loan ratio of 3.2% over a nine-month period according to Fitch. (as of 2026-02-01)
Row 49: PNB's growth is expected to come from retail credit in northern markets.
Row 50: PNB's margin growth is driven by an improving CASA mix.
Row 51: PNB's return on equity is driven by the continued normalization of provisioning.
Row 52: The key risk driver for PNB is its residual legacy corporate exposure.
Row 53: A key valuation-relevant fact for PNB is that its improved capital adequacy is supporting the funding of further growth.
Row 54: PNB maintains persistent overseas banking joint ventures in Bhutan, Nepal and Kazakhstan.
Row 55: PNB is regulated by the RBI.
Row 56: PNB is regulated by SEBI.
Row 57: PNB is rated by the credit rating agency Fitch.
Row 58: K G Ananthakrishnan leads Punjab National Bank as its non-executive chairman.
Row 59: Ashok Chandra serves as the MD & CEO of Punjab National Bank.
Row 60: OCBs have an ownership stake in Punjab National Bank. (as of 2026-03-31)
Row 61: PNB's legacy of large corporate NPAs remains a structural weak point that threatens the bank.
Row 62: The Government of India owns a 70.08% stake in Punjab National Bank. (as of 2026-03-31)
Row 63: LIC holds an unspecified ownership stake in Punjab National Bank. (as of 2026-03-31)
Row 64: Mutual funds hold a 6.53% ownership stake in Punjab National Bank. (as of 2026-03-31)
Row 65: FIIs hold a shared 6.59% ownership stake in Punjab National Bank alongside NRIs and OCBs. (as of 2026-03-31)
Row 66: NRIs possess an ownership stake in Punjab National Bank as part of a combined 6.59% holding. (as of 2026-03-31)",The retrieved facts do not cover Punjab National Bank's total advances (loan book) and deposit growth in the latest quarter.,Not relevant,The assistant output states it cannot find the requested information and fails to answer the user's question about Punjab National Bank's advances and deposits.,
"What credit ratings has Punjab National Bank received, and from which rating agencies?",F_Simple,F_Simple,0.6530191275890218,simple_triplet,True,"[""Punjab National Bank""]","[{""entity"": ""Punjab National Bank"", ""matched_node_name"": ""Punjab National Bank"", ""matched_id"": ""121884d5-3ddd-4607-803a-870c4bf83a1b"", ""matched_type"": ""COMPANY"", ""similarity"": 1.0, ""source"": ""gazetteer""}]","What credit ratings has <COMPANY> received, and from which rating agencies?","{""prop1_list"": [""HAS_RATING""], ""nnp1"": ""121884d5-3ddd-4607-803a-870c4bf83a1b"", ""target_ids"": [], ""nn1"": ""COMPANY""}","{""nnp1"": ""121884d5-3ddd-4607-803a-870c4bf83a1b"", ""nnp2"": null, ""nnp3"": null, ""prop1"": ""HAS_RATING"", ""nn1"": ""COMPANY"", ""nn2"": null, ""threshold"": null, ""target_ids"": [], ""prop1_list"": [""HAS_RATING""]}",primary,2,"Template: simple_triplet (F_Simple)
Query intent: Simple question: subject linked to objects via a predicate.

Row 1: PNB had its Long-Term Issuer Default Rating affirmed at BBB- with a Stable outlook by Fitch. (as of 2026-02-01)
Row 2: PNB had its Viability Rating upgraded from bb- to bb by Fitch. (as of 2026-02-01)","Punjab National Bank received a Long-Term Issuer Default Rating of BBB- with a Stable outlook and had its Viability Rating upgraded from bb- to bb, both from Fitch as of February 1, 2026.",Relevant,"The output directly answers the user's request by specifying the exact credit ratings Punjab National Bank received and naming the rating agency, Fitch.",
"Roughly how many branches and ATMs does Punjab National Bank operate, and as of what date?",F_QuantCount,F_Simple,0.3513365825325079,simple_triplet,False,"[""ATMs"", ""Punjab National Bank""]","[{""entity"": ""ATMs"", ""matched_node_name"": ""ATMs"", ""matched_id"": ""1d9af7d1-80d1-4631-9a7a-7765335565d0"", ""matched_type"": ""DISTRIBUTIONCHANNEL"", ""similarity"": 1.0, ""source"": ""gazetteer""}, {""entity"": ""Punjab National Bank"", ""matched_node_name"": ""Punjab National Bank"", ""matched_id"": ""121884d5-3ddd-4607-803a-870c4bf83a1b"", ""matched_type"": ""COMPANY"", ""similarity"": 1.0, ""source"": ""gazetteer""}]","Roughly how many branches and <DISTRIBUTIONCHANNEL> does <COMPANY> operate, and as of what date?","{""prop1_list"": [], ""nnp1"": ""121884d5-3ddd-4607-803a-870c4bf83a1b"", ""target_ids"": [""1d9af7d1-80d1-4631-9a7a-7765335565d0""], ""nn1"": ""COMPANY""}","{""nnp1"": ""121884d5-3ddd-4607-803a-870c4bf83a1b"", ""nnp2"": ""1d9af7d1-80d1-4631-9a7a-7765335565d0"", ""nnp3"": null, ""prop1"": null, ""nn1"": ""COMPANY"", ""nn2"": ""DISTRIBUTIONCHANNEL"", ""threshold"": null, ""target_ids"": [""1d9af7d1-80d1-4631-9a7a-7765335565d0""], ""prop1_list"": []}",primary,1,"Template: simple_triplet (F_Simple)
Query intent: Simple question: subject linked to objects via a predicate.

Row 1: PNB runs 11,065 ATMs as part of its network as of March 2026. (as of 2026-03-01)","Punjab National Bank operates 11,065 ATMs as part of its network as of March 2026, while the retrieved facts do not cover the number of branches it operates.",Somewhat relevant,"The output provides the ATM count and date, but misses the material request regarding the number of bank branches.",
"What products and services does Punjab National Bank offer, and which customer segments does it serve?",F_Simple,F_Simple,0.6369738725660826,simple_triplet,True,"[""Punjab National Bank""]","[{""entity"": ""Punjab National Bank"", ""matched_node_name"": ""Punjab National Bank"", ""matched_id"": ""121884d5-3ddd-4607-803a-870c4bf83a1b"", ""matched_type"": ""COMPANY"", ""similarity"": 1.0, ""source"": ""gazetteer""}]","What products and services does <COMPANY> offer, and which customer segments does it serve?","{""prop1_list"": [""OFFERS_PRODUCT"", ""SERVES""], ""nnp1"": ""121884d5-3ddd-4607-803a-870c4bf83a1b"", ""target_ids"": [], ""nn1"": ""COMPANY""}","{""nnp1"": ""121884d5-3ddd-4607-803a-870c4bf83a1b"", ""nnp2"": null, ""nnp3"": null, ""prop1"": ""SERVES"", ""nn1"": ""COMPANY"", ""nn2"": null, ""threshold"": null, ""target_ids"": [], ""prop1_list"": [""OFFERS_PRODUCT"", ""SERVES""]}",primary,5,"Template: simple_triplet (F_Simple)
Query intent: Simple question: subject linked to objects via a predicate.

Row 1: PNB's customer base skews toward the MSME segment.
Row 2: PNB's customer base skews toward agriculture.
Row 3: PNB distributes asset-management products.
Row 4: PNB distributes life insurance products.
Row 5: PNB distributes non-life insurance products.","Punjab National Bank serves a customer base that skews toward the agriculture and MSME segments. To support its clientele, the bank distributes asset-management products, as well as life insurance and non-life insurance products.",Somewhat relevant,"The output mentions some customer segments and products, but it is incomplete as it misses many core banking services and products offered by the bank.",
What is Canara Bank's ticker symbol and on which exchange(s) does it trade?,F_Simple,F_Simple,0.5793572812935655,simple_triplet,True,"[""Canara Bank""]","[{""entity"": ""Canara Bank"", ""matched_node_name"": ""Canara Bank"", ""matched_id"": ""ccfc9e36-4d48-4822-a2f3-6d6711646230"", ""matched_type"": ""COMPANY"", ""similarity"": 1.0, ""source"": ""gazetteer""}]",What is <COMPANY>'s ticker symbol and on which exchange(s) does it trade?,"{""prop1_list"": [], ""nnp1"": ""ccfc9e36-4d48-4822-a2f3-6d6711646230"", ""target_ids"": [], ""nn1"": ""COMPANY""}","{""nnp1"": ""ccfc9e36-4d48-4822-a2f3-6d6711646230"", ""nnp2"": null, ""nnp3"": null, ""prop1"": null, ""nn1"": ""COMPANY"", ""nn2"": null, ""threshold"": null, ""target_ids"": [], ""prop1_list"": []}",primary,50,"Template: simple_triplet (F_Simple)
Query intent: Simple question: subject linked to objects via a predicate.

Row 1: Canara Bank has an opportunity because its 17.97% advances growth is outpacing several peers.
Row 2: Canara Bank operates 7,907 ATMs as part of its network as of June 2025. (as of 2025-06-01)
Row 3: Canara Bank maintains international operations in Bahrain.
Row 4: Canara Bank is headquartered in Bengaluru.
Row 5: Brajesh Kumar Singh serves as the MD & CEO of Canara Bank.
Row 6: Canara Bank reported a CASA ratio of 29.70% in Q1 FY27. (as of 2026-06-30)
Row 7: Canara Bank has a CET1 of 12.91% for Q1 FY27.
Row 8: Canara Bank distributes insurance products through its Canara HSBC Life Insurance joint venture.
Row 9: Canara Bank distributes asset-management products through its Canara Robeco Asset Management joint venture.
Row 10: Canara Bank maintains international operations in China.
Row 11: Canara Bank is exposed to funding risk given its lower CASA base.
Row 12: The Government of India holds a 62.93% ownership stake in Canara Bank as of March 2026. (as of 2026-03-01)
Row 13: Canara Bank maintains international operations in Hong Kong.
Row 14: Canara Bank depends on its branch density in Karnataka.
Row 15: Canara Bank is headquartered in Karnataka.
Row 16: Canara Bank's growth is expected to come from continued MSME credit expansion.
Row 17: Canara Bank serves the MSME market.
Row 18: Canara Bank is regulated by the RBI.
Row 19: Canara Bank serves the retail market.
Row 20: Canara Bank is regulated by the SEBI.
Row 21: Canara Bank has a strong retail, agricultural and MSME franchise in South India.
Row 22: Canara Bank maintains international operations in Tanzania.
Row 23: Canara Bank maintains international operations in the UAE.
Row 24: Canara Bank maintains international operations in the UK.
Row 25: Canara Bank maintains international operations in the US.
Row 26: Canara Bank holds a universal banking license.
Row 27: Vijay Srirangan is listed by some sources as the non-executive chairman of Canara Bank.
Row 28: Canara Bank's growth is expected to come from continued agricultural credit expansion.
Row 29: Canara Bank serves the agricultural market.
Row 30: Canara Bank has strong asset-quality relative to peers.
Row 31: Canara Bank runs 9,861 branches as of June 2025. (as of 2025-06-01)
Row 32: Canara Bank has a capital adequacy of 17.17% for Q1 FY27.
Row 33: Canara Bank provides cash management services.
Row 34: Canara Bank uses 2,940 cash-recycling machines within its network as of June 2025. (as of 2025-06-01)
Row 35: The threat that its comparatively low CASA ratio raises the bank's relative sensitivity to funding costs directly threatens Canara Bank.
Row 36: Canara Bank has a cost-to-income ratio of 49.03% for Q1 FY27.
Row 37: Canara Bank is exposed to credit risk tied to the seasonality of its agricultural book.
Row 38: Canara Bank provides forex services.
Row 39: Canara Bank demonstrated a strong asset quality profile with a gross NPA of 1.57%. (as of 2026-06-30)
Row 40: Canara Bank is exposed to interest-rate risk.
Row 41: Canara Bank has a lower CASA base, which creates a funding risk.
Row 42: Canara Bank's key risk driver is monsoon-linked agricultural seasonality.
Row 43: Canara Bank recorded a net NPA of 0.36%. (as of 2026-06-30)
Row 44: Canara Bank exhibited a weakness in that its net profit grew only about 2% year-on-year despite the strong net-interest-income and advances growth.
Row 45: Canara Bank had a provision coverage of 94.76%. (as of 2026-06-30)
Row 46: Canara Bank is exposed to ordinary regulatory risk.
Row 47: Canara Bank's growth is expected to come from continued retail credit expansion.
Row 48: Canara Bank posted a return on assets of 1.04%. (as of 2026-06-30)
Row 49: Canara Bank displayed strong profitability with a return on equity of 18.31%. (as of 2026-06-30)
Row 50: Canara Bank depends on the south Indian rural and monsoon-linked agricultural economy.",The retrieved facts do not cover Canara Bank's ticker symbol or the exchange(s) on which it trades.,Not relevant,The assistant output fails to answer the user request by stating that the retrieved facts do not cover the ticker symbol or exchange.,
"Who is the current MD & CEO (or Chairman, where that is the top executive title) of Canara Bank?",F_Simple,F_Simple,0.7193366375613698,simple_triplet,True,"[""uti"", ""Canara Bank"", ""MD""]","[{""entity"": ""uti"", ""matched_node_name"": ""UTI"", ""matched_id"": ""fd4feaba-a9ac-4e43-9418-e90485ccc0ee"", ""matched_type"": ""SHAREHOLDER"", ""similarity"": 1.0, ""source"": ""gazetteer""}, {""entity"": ""Canara Bank"", ""matched_node_name"": ""Canara Bank"", ""matched_id"": ""ccfc9e36-4d48-4822-a2f3-6d6711646230"", ""matched_type"": ""COMPANY"", ""similarity"": 1.0, ""source"": ""gazetteer""}, {""entity"": ""MD"", ""matched_node_name"": ""Sydney"", ""matched_id"": ""6ce73991-b958-4fd6-a892-0d2f5d32b61b"", ""matched_type"": ""GEOGRAPHY"", ""similarity"": 0.6347882270812988, ""source"": ""semantic""}]","Who is the current <GEOGRAPHY> & CEO (or Chairman, where that is the top exec<SHAREHOLDER>ve title) of <COMPANY>?","{""prop1_list"": [""GovernanceRole"", ""HOLDS_ROLE""], ""nnp1"": ""ccfc9e36-4d48-4822-a2f3-6d6711646230"", ""target_ids"": [""fd4feaba-a9ac-4e43-9418-e90485ccc0ee"", ""6ce73991-b958-4fd6-a892-0d2f5d32b61b""], ""nn1"": ""COMPANY""}","{""nnp1"": ""ccfc9e36-4d48-4822-a2f3-6d6711646230"", ""nnp2"": ""6ce73991-b958-4fd6-a892-0d2f5d32b61b"", ""nnp3"": null, ""prop1"": ""GovernanceRole"", ""nn1"": ""COMPANY"", ""nn2"": ""GEOGRAPHY"", ""threshold"": null, ""target_ids"": [""fd4feaba-a9ac-4e43-9418-e90485ccc0ee"", ""6ce73991-b958-4fd6-a892-0d2f5d32b61b""], ""prop1_list"": [""GovernanceRole"", ""HOLDS_ROLE""]}",relaxed_direction,2,"Template: simple_triplet (F_Simple)
Query intent: Simple question: subject linked to objects via a predicate.

Row 1: Brajesh Kumar Singh serves as the MD & CEO of Canara Bank.
Row 2: Vijay Srirangan is listed by some sources as the non-executive chairman of Canara Bank.",Brajesh Kumar Singh serves as the MD & CEO of Canara Bank.,Relevant,The assistant output directly identifies the current MD & CEO of Canara Bank as requested.,
What was Canara Bank's CASA ratio in the most recently reported quarter?,F_Simple,F_Simple,0.538152170436721,simple_triplet,True,"[""Canara Bank"", ""CASA ratio""]","[{""entity"": ""Canara Bank"", ""matched_node_name"": ""Canara Bank"", ""matched_id"": ""ccfc9e36-4d48-4822-a2f3-6d6711646230"", ""matched_type"": ""COMPANY"", ""similarity"": 1.0, ""source"": ""gazetteer""}, {""entity"": ""CASA ratio"", ""matched_node_name"": ""CASA ratio"", ""matched_id"": ""f552ef12-cf71-4307-80e3-1eb10e256154"", ""matched_type"": ""METRIC"", ""similarity"": 1.0, ""source"": ""gazetteer""}]",What was <COMPANY>'s <METRIC> in the most recently reported quarter?,"{""prop1_list"": [], ""nnp1"": ""ccfc9e36-4d48-4822-a2f3-6d6711646230"", ""target_ids"": [""f552ef12-cf71-4307-80e3-1eb10e256154""], ""nn1"": ""COMPANY""}","{""nnp1"": ""ccfc9e36-4d48-4822-a2f3-6d6711646230"", ""nnp2"": ""f552ef12-cf71-4307-80e3-1eb10e256154"", ""nnp3"": null, ""prop1"": null, ""nn1"": ""COMPANY"", ""nn2"": ""METRIC"", ""threshold"": null, ""target_ids"": [""f552ef12-cf71-4307-80e3-1eb10e256154""], ""prop1_list"": []}",primary,1,"Template: simple_triplet (F_Simple)
Query intent: Simple question: subject linked to objects via a predicate.

Row 1: Canara Bank reported a CASA ratio of 29.70% in Q1 FY27. (as of 2026-06-30)","Canara Bank's CASA ratio was 29.70% in Q1 FY27, as of June 30, 2026.",Relevant,The assistant output directly answers the user request by providing Canara Bank's CASA ratio for the most recently reported quarter.,
What is Canara Bank's net interest margin (NIM) for the latest reported period?,F_Simple,F_Simple,0.704794952545776,simple_triplet,True,"[""Canara Bank"", ""net interest margin""]","[{""entity"": ""Canara Bank"", ""matched_node_name"": ""Canara Bank"", ""matched_id"": ""ccfc9e36-4d48-4822-a2f3-6d6711646230"", ""matched_type"": ""COMPANY"", ""similarity"": 1.0, ""source"": ""gazetteer""}, {""entity"": ""net interest margin"", ""matched_node_name"": ""Net interest margin"", ""matched_id"": ""ce0a12ce-b581-4229-a6b2-4d53c46e9d9d"", ""matched_type"": ""METRIC"", ""similarity"": 1.0, ""source"": ""gazetteer""}]",What is <COMPANY>'s <METRIC> (NIM) for the latest reported period?,"{""prop1_list"": [], ""nnp1"": ""ccfc9e36-4d48-4822-a2f3-6d6711646230"", ""target_ids"": [""ce0a12ce-b581-4229-a6b2-4d53c46e9d9d""], ""nn1"": ""COMPANY""}","{""nnp1"": ""ccfc9e36-4d48-4822-a2f3-6d6711646230"", ""nnp2"": ""ce0a12ce-b581-4229-a6b2-4d53c46e9d9d"", ""nnp3"": null, ""prop1"": null, ""nn1"": ""COMPANY"", ""nn2"": ""METRIC"", ""threshold"": null, ""target_ids"": [""ce0a12ce-b581-4229-a6b2-4d53c46e9d9d""], ""prop1_list"": []}",relaxed_direction,52,"Template: simple_triplet (F_Simple)
Query intent: Simple question: subject linked to objects via a predicate.

Row 1: Canara Bank's growth is expected to come from continued agricultural credit expansion.
Row 2: Canara Bank's growth is expected to come from continued MSME credit expansion.
Row 3: Canara Bank provides trade finance services.
Row 4: Canara Bank provides treasury services.
Row 5: Canara Bank provides forex services.
Row 6: Canara Bank provides cash management services.
Row 7: Canara Bank serves the MSME market.
Row 8: Canara Bank runs 9,861 branches as of June 2025. (as of 2025-06-01)
Row 9: Canara Bank operates 7,907 ATMs as part of its network as of June 2025. (as of 2025-06-01)
Row 10: Canara Bank reported a CASA ratio of 29.70% in Q1 FY27. (as of 2026-06-30)
Row 11: Canara Bank is exposed to credit risk tied to the seasonality of its agricultural book.
Row 12: Canara Bank is exposed to interest-rate risk.
Row 13: Canara Bank is exposed to ordinary regulatory risk.
Row 14: Canara Bank posted a return on assets of 1.04%. (as of 2026-06-30)
Row 15: Canara Bank displayed strong profitability with a return on equity of 18.31%. (as of 2026-06-30)
Row 16: Canara Bank has a cost-to-income ratio of 49.03% for Q1 FY27.
Row 17: Canara Bank demonstrated a strong asset quality profile with a gross NPA of 1.57%. (as of 2026-06-30)
Row 18: Canara Bank recorded a net NPA of 0.36%. (as of 2026-06-30)
Row 19: Canara Bank had a provision coverage of 94.76%. (as of 2026-06-30)
Row 20: Canara Bank has a capital adequacy of 17.17% for Q1 FY27.
Row 21: Canara Bank has a CET1 of 12.91% for Q1 FY27.
Row 22: Canara Bank holds a universal banking license.
Row 23: Canara Bank serves the retail market.
Row 24: Canara Bank is exposed to funding risk given its lower CASA base.
Row 25: Canara Bank serves the agricultural market.
Row 26: Canara Bank maintains international operations in the UK.
Row 27: Canara Bank maintains international operations in Hong Kong.
Row 28: Canara Bank maintains international operations in the UAE.
Row 29: Canara Bank maintains international operations in China.
Row 30: Canara Bank's growth is expected to come from continued retail credit expansion.
Row 31: Canara Bank is headquartered in Bengaluru.
Row 32: Canara Bank depends on its branch density in Karnataka.
Row 33: Canara Bank is headquartered in Karnataka.
Row 34: Canara Bank has a strong retail, agricultural and MSME franchise in South India.
Row 35: Canara Bank distributes insurance products through its Canara HSBC Life Insurance joint venture.
Row 36: Canara Bank distributes asset-management products through its Canara Robeco Asset Management joint venture.
Row 37: Canara Bank uses 2,940 cash-recycling machines within its network as of June 2025. (as of 2025-06-01)
Row 38: Canara Bank maintains international operations in the US.
Row 39: Canara Bank maintains international operations in Bahrain.
Row 40: Canara Bank maintains international operations in Tanzania.
Row 41: Canara Bank exhibited a weakness in that its net profit grew only about 2% year-on-year despite the strong net-interest-income and advances growth.
Row 42: Canara Bank has an opportunity because its 17.97% advances growth is outpacing several peers.
Row 43: Canara Bank has a lower CASA base, which creates a funding risk.
Row 44: Canara Bank depends on the south Indian rural and monsoon-linked agricultural economy.
Row 45: Canara Bank's key risk driver is monsoon-linked agricultural seasonality.
Row 46: Canara Bank has strong asset-quality relative to peers.
Row 47: Canara Bank is regulated by the RBI.
Row 48: Canara Bank is regulated by the SEBI.
Row 49: Brajesh Kumar Singh serves as the MD & CEO of Canara Bank.
Row 50: Vijay Srirangan is listed by some sources as the non-executive chairman of Canara Bank.
Row 51: The threat that its comparatively low CASA ratio raises the bank's relative sensitivity to funding costs directly threatens Canara Bank.
Row 52: The Government of India holds a 62.93% ownership stake in Canara Bank as of March 2026. (as of 2026-03-01)",The retrieved facts do not cover Canara Bank's net interest margin (NIM) for the latest reported period.,Not relevant,The assistant output states that the information is missing rather than providing Canara Bank's net interest margin for the latest reported period.,
What was Canara Bank's total advances (loan book) and deposit growth in the latest quarter?,F_Simple,F_Simple,0.6699160133060035,simple_triplet,True,"[""Canara Bank"", ""total advances"", ""deposit growth""]","[{""entity"": ""Canara Bank"", ""matched_node_name"": ""Canara Bank"", ""matched_id"": ""ccfc9e36-4d48-4822-a2f3-6d6711646230"", ""matched_type"": ""COMPANY"", ""similarity"": 1.0, ""source"": ""gazetteer""}, {""entity"": ""total advances"", ""matched_node_name"": ""Total Advances"", ""matched_id"": ""96dbb53b-28f6-42c3-96e5-77dc48c86818"", ""matched_type"": ""METRIC"", ""similarity"": 1.0, ""source"": ""gazetteer""}, {""entity"": ""deposit growth"", ""matched_node_name"": ""deposit growth"", ""matched_id"": ""74d2ba68-dde6-485e-ad5d-c3483d1ec0d8"", ""matched_type"": ""METRIC"", ""similarity"": 1.0, ""source"": ""gazetteer""}]",What was <COMPANY>'s <METRIC> (loan book) and <METRIC> in the latest quarter?,"{""prop1_list"": [], ""nnp1"": ""ccfc9e36-4d48-4822-a2f3-6d6711646230"", ""target_ids"": [""96dbb53b-28f6-42c3-96e5-77dc48c86818"", ""74d2ba68-dde6-485e-ad5d-c3483d1ec0d8""], ""nn1"": ""COMPANY""}","{""nnp1"": ""ccfc9e36-4d48-4822-a2f3-6d6711646230"", ""nnp2"": ""96dbb53b-28f6-42c3-96e5-77dc48c86818"", ""nnp3"": null, ""prop1"": null, ""nn1"": ""COMPANY"", ""nn2"": ""METRIC"", ""threshold"": null, ""target_ids"": [""96dbb53b-28f6-42c3-96e5-77dc48c86818"", ""74d2ba68-dde6-485e-ad5d-c3483d1ec0d8""], ""prop1_list"": []}",relaxed_direction,52,"Template: simple_triplet (F_Simple)
Query intent: Simple question: subject linked to objects via a predicate.

Row 1: Canara Bank's growth is expected to come from continued agricultural credit expansion.
Row 2: Canara Bank's growth is expected to come from continued MSME credit expansion.
Row 3: Canara Bank provides trade finance services.
Row 4: Canara Bank provides treasury services.
Row 5: Canara Bank provides forex services.
Row 6: Canara Bank provides cash management services.
Row 7: Canara Bank serves the MSME market.
Row 8: Canara Bank runs 9,861 branches as of June 2025. (as of 2025-06-01)
Row 9: Canara Bank operates 7,907 ATMs as part of its network as of June 2025. (as of 2025-06-01)
Row 10: Canara Bank reported a CASA ratio of 29.70% in Q1 FY27. (as of 2026-06-30)
Row 11: Canara Bank is exposed to credit risk tied to the seasonality of its agricultural book.
Row 12: Canara Bank is exposed to interest-rate risk.
Row 13: Canara Bank is exposed to ordinary regulatory risk.
Row 14: Canara Bank posted a return on assets of 1.04%. (as of 2026-06-30)
Row 15: Canara Bank displayed strong profitability with a return on equity of 18.31%. (as of 2026-06-30)
Row 16: Canara Bank has a cost-to-income ratio of 49.03% for Q1 FY27.
Row 17: Canara Bank demonstrated a strong asset quality profile with a gross NPA of 1.57%. (as of 2026-06-30)
Row 18: Canara Bank recorded a net NPA of 0.36%. (as of 2026-06-30)
Row 19: Canara Bank had a provision coverage of 94.76%. (as of 2026-06-30)
Row 20: Canara Bank has a capital adequacy of 17.17% for Q1 FY27.
Row 21: Canara Bank has a CET1 of 12.91% for Q1 FY27.
Row 22: Canara Bank holds a universal banking license.
Row 23: Canara Bank serves the retail market.
Row 24: Canara Bank is exposed to funding risk given its lower CASA base.
Row 25: Canara Bank serves the agricultural market.
Row 26: Canara Bank maintains international operations in the UK.
Row 27: Canara Bank maintains international operations in Hong Kong.
Row 28: Canara Bank maintains international operations in the UAE.
Row 29: Canara Bank maintains international operations in China.
Row 30: Canara Bank's growth is expected to come from continued retail credit expansion.
Row 31: Canara Bank is headquartered in Bengaluru.
Row 32: Canara Bank depends on its branch density in Karnataka.
Row 33: Canara Bank is headquartered in Karnataka.
Row 34: Canara Bank has a strong retail, agricultural and MSME franchise in South India.
Row 35: Canara Bank distributes insurance products through its Canara HSBC Life Insurance joint venture.
Row 36: Canara Bank distributes asset-management products through its Canara Robeco Asset Management joint venture.
Row 37: Canara Bank uses 2,940 cash-recycling machines within its network as of June 2025. (as of 2025-06-01)
Row 38: Canara Bank maintains international operations in the US.
Row 39: Canara Bank maintains international operations in Bahrain.
Row 40: Canara Bank maintains international operations in Tanzania.
Row 41: Canara Bank exhibited a weakness in that its net profit grew only about 2% year-on-year despite the strong net-interest-income and advances growth.
Row 42: Canara Bank has an opportunity because its 17.97% advances growth is outpacing several peers.
Row 43: Canara Bank has a lower CASA base, which creates a funding risk.
Row 44: Canara Bank depends on the south Indian rural and monsoon-linked agricultural economy.
Row 45: Canara Bank's key risk driver is monsoon-linked agricultural seasonality.
Row 46: Canara Bank has strong asset-quality relative to peers.
Row 47: Canara Bank is regulated by the RBI.
Row 48: Canara Bank is regulated by the SEBI.
Row 49: Brajesh Kumar Singh serves as the MD & CEO of Canara Bank.
Row 50: Vijay Srirangan is listed by some sources as the non-executive chairman of Canara Bank.
Row 51: The threat that its comparatively low CASA ratio raises the bank's relative sensitivity to funding costs directly threatens Canara Bank.
Row 52: The Government of India holds a 62.93% ownership stake in Canara Bank as of March 2026. (as of 2026-03-01)","The retrieved facts do not cover Canara Bank's deposit growth in the latest quarter. However, they do note that the bank achieved an advances growth rate of 17.97%, which has been outpacing several peers.",Somewhat relevant,The assistant output addresses the advances (loan book) growth but misses the deposit growth request because the information was not available.,
"What credit ratings has Canara Bank received, and from which rating agencies?",F_Simple,F_Simple,0.6530191275890218,simple_triplet,True,"[""Canara Bank""]","[{""entity"": ""Canara Bank"", ""matched_node_name"": ""Canara Bank"", ""matched_id"": ""ccfc9e36-4d48-4822-a2f3-6d6711646230"", ""matched_type"": ""COMPANY"", ""similarity"": 1.0, ""source"": ""gazetteer""}]","What credit ratings has <COMPANY> received, and from which rating agencies?","{""prop1_list"": [""HAS_RATING""], ""nnp1"": ""ccfc9e36-4d48-4822-a2f3-6d6711646230"", ""target_ids"": [], ""nn1"": ""COMPANY""}","{""nnp1"": ""ccfc9e36-4d48-4822-a2f3-6d6711646230"", ""nnp2"": null, ""nnp3"": null, ""prop1"": ""HAS_RATING"", ""nn1"": ""COMPANY"", ""nn2"": null, ""threshold"": null, ""target_ids"": [], ""prop1_list"": [""HAS_RATING""]}",attribute_lookup,8,"Template: simple_triplet (F_Simple)
Query intent: Simple question: subject linked to objects via a predicate.

Row 1: Canara Bank's banking_segment is Public Sector Bank
Row 2: Canara Bank's country is India
Row 3: Canara Bank's description is Canara Bank, headquartered in Bengaluru, Karnataka, is a Government of India-owned universal bank with a strong South Indian retail, agricultural and MSME franchise.
Row 4: Canara Bank's exchange is NSE, BSE
Row 5: Canara Bank's legal_name is Canara Bank
Row 6: Canara Bank's listed is True
Row 7: Canara Bank's sector is Banking
Row 8: Canara Bank's ticker is CANBK",The retrieved facts do not cover the credit ratings or rating agencies associated with Canara Bank.,Not relevant,The assistant output fails to answer the user request because the retrieved facts do not contain the requested information about Canara Bank's credit ratings.,
"What products and services does Canara Bank offer, and which customer segments does it serve?",F_Simple,F_Simple,0.6369738725660826,simple_triplet,True,"[""Canara Bank""]","[{""entity"": ""Canara Bank"", ""matched_node_name"": ""Canara Bank"", ""matched_id"": ""ccfc9e36-4d48-4822-a2f3-6d6711646230"", ""matched_type"": ""COMPANY"", ""similarity"": 1.0, ""source"": ""gazetteer""}]","What products and services does <COMPANY> offer, and which customer segments does it serve?","{""prop1_list"": [""OFFERS_PRODUCT"", ""SERVES""], ""nnp1"": ""ccfc9e36-4d48-4822-a2f3-6d6711646230"", ""target_ids"": [], ""nn1"": ""COMPANY""}","{""nnp1"": ""ccfc9e36-4d48-4822-a2f3-6d6711646230"", ""nnp2"": null, ""nnp3"": null, ""prop1"": ""SERVES"", ""nn1"": ""COMPANY"", ""nn2"": null, ""threshold"": null, ""target_ids"": [], ""prop1_list"": [""OFFERS_PRODUCT"", ""SERVES""]}",primary,3,"Template: simple_triplet (F_Simple)
Query intent: Simple question: subject linked to objects via a predicate.

Row 1: Canara Bank serves the MSME market.
Row 2: Canara Bank serves the retail market.
Row 3: Canara Bank serves the agricultural market.","Canara Bank serves the retail, MSME, and agricultural customer segments. The retrieved facts do not cover the specific products and services the bank offers.",Somewhat relevant,"The assistant output addresses the customer segments served by Canara Bank, but fails to mention the products and services requested in the user query.",
What is Union Bank of India's ticker symbol and on which exchange(s) does it trade?,F_Simple,F_Simple,0.5793572812935655,simple_triplet,True,"[""Union Bank of India""]","[{""entity"": ""Union Bank of India"", ""matched_node_name"": ""Union Bank of India"", ""matched_id"": ""0775442e-71f2-4a4b-baad-9c4292bf268f"", ""matched_type"": ""COMPANY"", ""similarity"": 1.0, ""source"": ""gazetteer""}]",What is <COMPANY>'s ticker symbol and on which exchange(s) does it trade?,"{""prop1_list"": [], ""nnp1"": ""0775442e-71f2-4a4b-baad-9c4292bf268f"", ""target_ids"": [], ""nn1"": ""COMPANY""}","{""nnp1"": ""0775442e-71f2-4a4b-baad-9c4292bf268f"", ""nnp2"": null, ""nnp3"": null, ""prop1"": null, ""nn1"": ""COMPANY"", ""nn2"": null, ""threshold"": null, ""target_ids"": [], ""prop1_list"": []}",primary,50,"Template: simple_triplet (F_Simple)
Query intent: Simple question: subject linked to objects via a predicate.

Row 1: A. Manimekhalai's tenure as MD & CEO of Union Bank of India concluded in 2026.
Row 2: Union Bank of India operated 8,910 ATMs as of March 2025.
Row 3: Union Bank of India has an international presence in Abu Dhabi.
Row 4: Union Bank of India posted an advances growth of 12.50% year-on-year.
Row 5: Andhra Bank was amalgamated into Union Bank of India.
Row 6: Asheesh Pandey was appointed MD & CEO of Union Bank of India in 2026. (as of 2026-01-01)
Row 7: Union Bank of India has an international presence in Beijing.
Row 8: Union Bank of India's average CASA balances exceeded ₹24,000 crore.
Row 9: A precise current CASA ratio could not be found for Union Bank of India.
Row 10: Union Bank of India's CET1 was cited at 15.7%.
Row 11: Corporation Bank was amalgamated into Union Bank of India.
Row 12: Union Bank of India has an international presence in Dubai.
Row 13: FIIs hold an 8.63% institutional stake in Union Bank of India.
Row 14: Union Bank of India is rated by Fitch.
Row 15: Union Bank of India is exposed to funding and liquidity risk if its deposit-growth lag materializes.
Row 16: The Government of India owns roughly 74.76% of Union Bank of India.
Row 17: Union Bank of India has an international presence in Hong Kong.
Row 18: Fitch affirmed Union Bank of India's Long-Term Issuer Default Rating at BBB- Stable.
Row 19: Union Bank of India offers an MSME product suite.
Row 20: Union Bank of India is headquartered in Mumbai.
Row 21: Union Bank of India is headquartered at Union Bank Bhavan in Nariman Point.
Row 22: Union Bank of India posted a net interest margin of 2.80%.
Row 23: Union Bank of India's standalone net profit rose 29.5% year-on-year to ₹5,332 crore.
Row 24: Union Bank of India is regulated by the RBI.
Row 25: Retail investors hold a 4.63% stake in Union Bank of India.
Row 26: Union Bank of India offers a standard retail product suite.
Row 27: Union Bank of India is regulated by the SEBI.
Row 28: Union Bank of India has an international presence in Shanghai.
Row 29: Union Bank of India has an international presence in Sydney.
Row 30: Union Bank of India has an international presence in the UK.
Row 31: Union Bank of India holds a universal banking license.
Row 32: Fitch upgraded Union Bank of India's Viability Rating from bb- to bb.
Row 33: Union Bank of India is undergoing a digital-transformation push branded 'Vyom'.
Row 34: Union Bank of India's Q1 FY27 advances figures rest on a single social-media-sourced citation. (as of 2026-06-30)
Row 35: Union Bank of India offers an agricultural product suite.
Row 36: Union Bank of India ran 8,621 branches as of March 2025.
Row 37: Union Bank of India posted a capital adequacy of 18.46%.
Row 38: Union Bank of India has capital headroom to pursue its stated 18-20% credit-growth target.
Row 39: Union Bank of India provides cash-management services.
Row 40: Union Bank of India offers a corporate product suite.
Row 41: Union Bank of India is exposed to ordinary credit risk.
Row 42: Union Bank of India saw deposit growth of just 3.50%.
Row 43: Union Bank of India's Q1 FY27 deposit growth figures rest on a single social-media-sourced citation. (as of 2026-06-30)
Row 44: Union Bank of India's deposit-growth lag is flagged as a potential weakness.
Row 45: Union Bank of India provides forex services.
Row 46: Union Bank of India's gross NPA improved to 2.65%.
Row 47: Insurance entities hold a 6.70% institutional stake in Union Bank of India.
Row 48: Union Bank of India is exposed to interest-rate risk.
Row 49: Mutual funds hold a 4.73% institutional stake in Union Bank of India.
Row 50: Union Bank of India's net NPA stood at 0.47%.",The retrieved facts do not cover Union Bank of India's ticker symbol or the exchange(s) on which it trades.,Not relevant,"The assistant output fails to provide the requested ticker symbol and exchange information, instead stating that the facts do not cover it.",
"What percentage of Union Bank of India is held by its government promoter or largest shareholder, and as of what date?",F_LogUnion,F_Simple,0.40233705467523107,simple_triplet,False,"[""Union Bank of India""]","[{""entity"": ""Union Bank of India"", ""matched_node_name"": ""Union Bank of India"", ""matched_id"": ""0775442e-71f2-4a4b-baad-9c4292bf268f"", ""matched_type"": ""COMPANY"", ""similarity"": 1.0, ""source"": ""gazetteer""}]","What percentage of <COMPANY> is held by its government promoter or largest shareholder, and as of what date?","{""prop1_list"": [""OWNS"", ""REGULATED_BY"", ""OwnershipStake"", ""HELD_BY"", ""OWNS_STAKE_IN""], ""nnp1"": ""0775442e-71f2-4a4b-baad-9c4292bf268f"", ""target_ids"": [], ""nn1"": ""COMPANY""}","{""nnp1"": ""0775442e-71f2-4a4b-baad-9c4292bf268f"", ""nnp2"": null, ""nnp3"": null, ""prop1"": ""REGULATED_BY"", ""nn1"": ""COMPANY"", ""nn2"": null, ""threshold"": null, ""target_ids"": [], ""prop1_list"": [""OWNS"", ""REGULATED_BY"", ""OwnershipStake"", ""HELD_BY"", ""OWNS_STAKE_IN""]}",primary,5,"Template: simple_triplet (F_Simple)
Query intent: Simple question: subject linked to objects via a predicate.

Row 1: FIIs hold an 8.63% institutional stake in Union Bank of India.
Row 2: The Government of India owns roughly 74.76% of Union Bank of India.
Row 3: Retail investors hold a 4.63% stake in Union Bank of India.
Row 4: Insurance entities hold a 6.70% institutional stake in Union Bank of India.
Row 5: Mutual funds hold a 4.73% institutional stake in Union Bank of India.",The Government of India owns roughly 74.76% of Union Bank of India as its largest shareholder. The provided facts do not specify the exact date as of which this percentage is held.,Somewhat relevant,"The assistant provides the percentage held by the government promoter but fails to provide the date as of which this percentage is held, thus missing a material part of the request.",
What was Union Bank of India's CASA ratio in the most recently reported quarter?,F_Simple,F_Simple,0.538152170436721,simple_triplet,True,"[""Union Bank of India"", ""CASA ratio""]","[{""entity"": ""Union Bank of India"", ""matched_node_name"": ""Union Bank of India"", ""matched_id"": ""0775442e-71f2-4a4b-baad-9c4292bf268f"", ""matched_type"": ""COMPANY"", ""similarity"": 1.0, ""source"": ""gazetteer""}, {""entity"": ""CASA ratio"", ""matched_node_name"": ""CASA ratio"", ""matched_id"": ""f552ef12-cf71-4307-80e3-1eb10e256154"", ""matched_type"": ""METRIC"", ""similarity"": 1.0, ""source"": ""gazetteer""}]",What was <COMPANY>'s <METRIC> in the most recently reported quarter?,"{""prop1_list"": [], ""nnp1"": ""0775442e-71f2-4a4b-baad-9c4292bf268f"", ""target_ids"": [""f552ef12-cf71-4307-80e3-1eb10e256154""], ""nn1"": ""COMPANY""}","{""nnp1"": ""0775442e-71f2-4a4b-baad-9c4292bf268f"", ""nnp2"": ""f552ef12-cf71-4307-80e3-1eb10e256154"", ""nnp3"": null, ""prop1"": null, ""nn1"": ""COMPANY"", ""nn2"": ""METRIC"", ""threshold"": null, ""target_ids"": [""f552ef12-cf71-4307-80e3-1eb10e256154""], ""prop1_list"": []}",primary,1,"Template: simple_triplet (F_Simple)
Query intent: Simple question: subject linked to objects via a predicate.

Row 1: A precise current CASA ratio could not be found for Union Bank of India.",A precise current CASA ratio could not be found for Union Bank of India. The retrieved facts do not cover this specific figure.,Not relevant,The assistant output fails to provide the requested CASA ratio for Union Bank of India and only states that the information could not be found.,
What is Union Bank of India's net interest margin (NIM) for the latest reported period?,F_Simple,F_Simple,0.704794952545776,simple_triplet,True,"[""Union Bank of India"", ""net interest margin""]","[{""entity"": ""Union Bank of India"", ""matched_node_name"": ""Union Bank of India"", ""matched_id"": ""0775442e-71f2-4a4b-baad-9c4292bf268f"", ""matched_type"": ""COMPANY"", ""similarity"": 1.0, ""source"": ""gazetteer""}, {""entity"": ""net interest margin"", ""matched_node_name"": ""Net interest margin"", ""matched_id"": ""ce0a12ce-b581-4229-a6b2-4d53c46e9d9d"", ""matched_type"": ""METRIC"", ""similarity"": 1.0, ""source"": ""gazetteer""}]",What is <COMPANY>'s <METRIC> (NIM) for the latest reported period?,"{""prop1_list"": [], ""nnp1"": ""0775442e-71f2-4a4b-baad-9c4292bf268f"", ""target_ids"": [""ce0a12ce-b581-4229-a6b2-4d53c46e9d9d""], ""nn1"": ""COMPANY""}","{""nnp1"": ""0775442e-71f2-4a4b-baad-9c4292bf268f"", ""nnp2"": ""ce0a12ce-b581-4229-a6b2-4d53c46e9d9d"", ""nnp3"": null, ""prop1"": null, ""nn1"": ""COMPANY"", ""nn2"": ""METRIC"", ""threshold"": null, ""target_ids"": [""ce0a12ce-b581-4229-a6b2-4d53c46e9d9d""], ""prop1_list"": []}",primary,1,"Template: simple_triplet (F_Simple)
Query intent: Simple question: subject linked to objects via a predicate.

Row 1: Union Bank of India posted a net interest margin of 2.80%.",Union Bank of India posted a net interest margin of 2.80% for the latest reported period.,Relevant,The assistant output directly and accurately addresses the user's specific query regarding Union Bank of India's net interest margin for the latest reported period.,
What are Union Bank of India's gross NPA and net NPA ratios?,F_Simple,F_Simple,0.4614519440598716,simple_triplet,True,"[""Union Bank of India"", ""gross NPA"", ""net NPA""]","[{""entity"": ""Union Bank of India"", ""matched_node_name"": ""Union Bank of India"", ""matched_id"": ""0775442e-71f2-4a4b-baad-9c4292bf268f"", ""matched_type"": ""COMPANY"", ""similarity"": 1.0, ""source"": ""gazetteer""}, {""entity"": ""gross NPA"", ""matched_node_name"": ""gross NPA"", ""matched_id"": ""00c1065d-13f6-42fc-be09-d1a8be6780cd"", ""matched_type"": ""METRIC"", ""similarity"": 1.0, ""source"": ""gazetteer""}, {""entity"": ""net NPA"", ""matched_node_name"": ""net NPA"", ""matched_id"": ""4539ed7c-a229-4073-a946-c4b6498648c7"", ""matched_type"": ""METRIC"", ""similarity"": 1.0, ""source"": ""gazetteer""}]",What are <COMPANY>'s <METRIC> and <METRIC> ratios?,"{""prop1_list"": [], ""nnp1"": ""0775442e-71f2-4a4b-baad-9c4292bf268f"", ""target_ids"": [""00c1065d-13f6-42fc-be09-d1a8be6780cd"", ""4539ed7c-a229-4073-a946-c4b6498648c7""], ""nn1"": ""COMPANY""}","{""nnp1"": ""0775442e-71f2-4a4b-baad-9c4292bf268f"", ""nnp2"": ""00c1065d-13f6-42fc-be09-d1a8be6780cd"", ""nnp3"": null, ""prop1"": null, ""nn1"": ""COMPANY"", ""nn2"": ""METRIC"", ""threshold"": null, ""target_ids"": [""00c1065d-13f6-42fc-be09-d1a8be6780cd"", ""4539ed7c-a229-4073-a946-c4b6498648c7""], ""prop1_list"": []}",primary,2,"Template: simple_triplet (F_Simple)
Query intent: Simple question: subject linked to objects via a predicate.

Row 1: Union Bank of India's gross NPA improved to 2.65%.
Row 2: Union Bank of India's net NPA stood at 0.47%.","Union Bank of India's gross NPA improved to 2.65%, and its net NPA stood at 0.47%.",Relevant,The assistant output directly and accurately provides both the gross NPA and net NPA ratios requested by the user.,
"What is Union Bank of India's capital adequacy ratio (CRAR), and its CET1 ratio if disclosed?",F_Simple,F_Simple,0.6595344106316016,simple_triplet,True,"[""Union Bank of India"", ""capital adequacy ratio"", ""CE""]","[{""entity"": ""Union Bank of India"", ""matched_node_name"": ""Union Bank of India"", ""matched_id"": ""0775442e-71f2-4a4b-baad-9c4292bf268f"", ""matched_type"": ""COMPANY"", ""similarity"": 1.0, ""source"": ""gazetteer""}, {""entity"": ""capital adequacy ratio"", ""matched_node_name"": ""capital adequacy ratio"", ""matched_id"": ""a9e7103c-2a43-4d54-94d2-0f9178dbb42e"", ""matched_type"": ""METRIC"", ""similarity"": 1.0, ""source"": ""gazetteer""}, {""entity"": ""CE"", ""matched_node_name"": ""NSE"", ""matched_id"": ""f991983e-e758-47f5-acbf-1afe822e5f20"", ""matched_type"": ""COMPANY"", ""similarity"": 0.6484348893165588, ""source"": ""semantic""}]","What is <COMPANY>'s <METRIC> (CRAR), and its <COMPANY>T1 ratio if disclosed?","{""prop1_list"": [], ""nnp1"": ""0775442e-71f2-4a4b-baad-9c4292bf268f"", ""target_ids"": [""a9e7103c-2a43-4d54-94d2-0f9178dbb42e"", ""f991983e-e758-47f5-acbf-1afe822e5f20""], ""nn1"": ""COMPANY""}","{""nnp1"": ""0775442e-71f2-4a4b-baad-9c4292bf268f"", ""nnp2"": ""f991983e-e758-47f5-acbf-1afe822e5f20"", ""nnp3"": null, ""prop1"": null, ""nn1"": ""COMPANY"", ""nn2"": ""COMPANY"", ""threshold"": null, ""target_ids"": [""a9e7103c-2a43-4d54-94d2-0f9178dbb42e"", ""f991983e-e758-47f5-acbf-1afe822e5f20""], ""prop1_list"": []}",primary,1,"Template: simple_triplet (F_Simple)
Query intent: Simple question: subject linked to objects via a predicate.

Row 1: Union Bank of India posted a capital adequacy of 18.46%.",Union Bank of India posted a capital adequacy ratio (CRAR) of 18.46%. The retrieved facts do not disclose the CET1 ratio.,Relevant,The assistant output directly answers both parts of the user request by providing the CRAR and explicitly stating the unavailability of the CET1 ratio based on the available data.,
What are Union Bank of India's return on assets (ROA) and return on equity (ROE) for the latest quarter?,F_Simple,F_Simple,0.722638699193199,simple_triplet,True,"[""Union Bank of India"", ""return on assets"", ""return on equity""]","[{""entity"": ""Union Bank of India"", ""matched_node_name"": ""Union Bank of India"", ""matched_id"": ""0775442e-71f2-4a4b-baad-9c4292bf268f"", ""matched_type"": ""COMPANY"", ""similarity"": 1.0, ""source"": ""gazetteer""}, {""entity"": ""return on assets"", ""matched_node_name"": ""return on assets"", ""matched_id"": ""dd83a8a6-2dd2-4407-9d71-917240c66c55"", ""matched_type"": ""METRIC"", ""similarity"": 1.0, ""source"": ""gazetteer""}, {""entity"": ""return on equity"", ""matched_node_name"": ""return on equity"", ""matched_id"": ""4c4c7086-00d6-4850-9bcd-ae7c8e8479a8"", ""matched_type"": ""METRIC"", ""similarity"": 1.0, ""source"": ""gazetteer""}]",What are <COMPANY>'s <METRIC> (ROA) and <METRIC> (ROE) for the latest quarter?,"{""prop1_list"": [], ""nnp1"": ""0775442e-71f2-4a4b-baad-9c4292bf268f"", ""target_ids"": [""dd83a8a6-2dd2-4407-9d71-917240c66c55"", ""4c4c7086-00d6-4850-9bcd-ae7c8e8479a8""], ""nn1"": ""COMPANY""}","{""nnp1"": ""0775442e-71f2-4a4b-baad-9c4292bf268f"", ""nnp2"": ""dd83a8a6-2dd2-4407-9d71-917240c66c55"", ""nnp3"": null, ""prop1"": null, ""nn1"": ""COMPANY"", ""nn2"": ""METRIC"", ""threshold"": null, ""target_ids"": [""dd83a8a6-2dd2-4407-9d71-917240c66c55"", ""4c4c7086-00d6-4850-9bcd-ae7c8e8479a8""], ""prop1_list"": []}",primary,1,"Template: simple_triplet (F_Simple)
Query intent: Simple question: subject linked to objects via a predicate.

Row 1: Union Bank of India posted a return on assets of 1.36% for three consecutive quarters.","Union Bank of India posted a return on assets of 1.36% for three consecutive quarters. However, the retrieved facts do not cover the return on equity (ROE) for the latest quarter.",Somewhat relevant,The assistant output provides the return on assets (ROA) but fails to provide the return on equity (ROE) requested by the user.,
What was Union Bank of India's total advances (loan book) and deposit growth in the latest quarter?,F_Simple,F_Simple,0.6699160133060035,simple_triplet,True,"[""Union Bank of India"", ""total advances"", ""deposit growth""]","[{""entity"": ""Union Bank of India"", ""matched_node_name"": ""Union Bank of India"", ""matched_id"": ""0775442e-71f2-4a4b-baad-9c4292bf268f"", ""matched_type"": ""COMPANY"", ""similarity"": 1.0, ""source"": ""gazetteer""}, {""entity"": ""total advances"", ""matched_node_name"": ""Total Advances"", ""matched_id"": ""96dbb53b-28f6-42c3-96e5-77dc48c86818"", ""matched_type"": ""METRIC"", ""similarity"": 1.0, ""source"": ""gazetteer""}, {""entity"": ""deposit growth"", ""matched_node_name"": ""deposit growth"", ""matched_id"": ""74d2ba68-dde6-485e-ad5d-c3483d1ec0d8"", ""matched_type"": ""METRIC"", ""similarity"": 1.0, ""source"": ""gazetteer""}]",What was <COMPANY>'s <METRIC> (loan book) and <METRIC> in the latest quarter?,"{""prop1_list"": [], ""nnp1"": ""0775442e-71f2-4a4b-baad-9c4292bf268f"", ""target_ids"": [""96dbb53b-28f6-42c3-96e5-77dc48c86818"", ""74d2ba68-dde6-485e-ad5d-c3483d1ec0d8""], ""nn1"": ""COMPANY""}","{""nnp1"": ""0775442e-71f2-4a4b-baad-9c4292bf268f"", ""nnp2"": ""96dbb53b-28f6-42c3-96e5-77dc48c86818"", ""nnp3"": null, ""prop1"": null, ""nn1"": ""COMPANY"", ""nn2"": ""METRIC"", ""threshold"": null, ""target_ids"": [""96dbb53b-28f6-42c3-96e5-77dc48c86818"", ""74d2ba68-dde6-485e-ad5d-c3483d1ec0d8""], ""prop1_list"": []}",primary,2,"Template: simple_triplet (F_Simple)
Query intent: Simple question: subject linked to objects via a predicate.

Row 1: Union Bank of India's Q1 FY27 deposit growth figures rest on a single social-media-sourced citation. (as of 2026-06-30)
Row 2: Union Bank of India saw deposit growth of just 3.50%.","Union Bank of India saw a deposit growth of just 3.50% as of June 30, 2026, though these figures rest on a single social-media-sourced citation. The retrieved facts do not cover the total advances or loan book.",Somewhat relevant,"The output successfully provides the deposit growth rate but fails to provide the total advances or loan book, missing a material part of the request.",
"What products and services does Union Bank of India offer, and which customer segments does it serve?",F_Simple,F_Simple,0.6369738725660826,simple_triplet,True,"[""Union Bank of India""]","[{""entity"": ""Union Bank of India"", ""matched_node_name"": ""Union Bank of India"", ""matched_id"": ""0775442e-71f2-4a4b-baad-9c4292bf268f"", ""matched_type"": ""COMPANY"", ""similarity"": 1.0, ""source"": ""gazetteer""}]","What products and services does <COMPANY> offer, and which customer segments does it serve?","{""prop1_list"": [""OFFERS_PRODUCT"", ""SERVES""], ""nnp1"": ""0775442e-71f2-4a4b-baad-9c4292bf268f"", ""target_ids"": [], ""nn1"": ""COMPANY""}","{""nnp1"": ""0775442e-71f2-4a4b-baad-9c4292bf268f"", ""nnp2"": null, ""nnp3"": null, ""prop1"": ""SERVES"", ""nn1"": ""COMPANY"", ""nn2"": null, ""threshold"": null, ""target_ids"": [], ""prop1_list"": [""OFFERS_PRODUCT"", ""SERVES""]}",primary,4,"Template: simple_triplet (F_Simple)
Query intent: Simple question: subject linked to objects via a predicate.

Row 1: Union Bank of India offers an MSME product suite.
Row 2: Union Bank of India offers a standard retail product suite.
Row 3: Union Bank of India offers an agricultural product suite.
Row 4: Union Bank of India offers a corporate product suite.","Union Bank of India offers a comprehensive range of product suites tailored for the corporate, agricultural, MSME, and standard retail sectors. However, the retrieved facts do not cover the specific customer segments the bank serves.",Somewhat relevant,"The assistant output identifies the products and services offered by the bank across different sectors, but explicitly states that it lacks information on the specific customer segments served, thereby missing a material part of the request.",
What is Bank of India's ticker symbol and on which exchange(s) does it trade?,F_Simple,F_Simple,0.5793572812935655,simple_triplet,True,"[""Bank of India""]","[{""entity"": ""Bank of India"", ""matched_node_name"": ""Bank of India"", ""matched_id"": ""449a67f4-f12a-4e7e-8301-f545be3cbdb7"", ""matched_type"": ""COMPANY"", ""similarity"": 1.0, ""source"": ""gazetteer""}]",What is <COMPANY>'s ticker symbol and on which exchange(s) does it trade?,"{""prop1_list"": [], ""nnp1"": ""449a67f4-f12a-4e7e-8301-f545be3cbdb7"", ""target_ids"": [], ""nn1"": ""COMPANY""}","{""nnp1"": ""449a67f4-f12a-4e7e-8301-f545be3cbdb7"", ""nnp2"": null, ""nnp3"": null, ""prop1"": null, ""nn1"": ""COMPANY"", ""nn2"": null, ""threshold"": null, ""target_ids"": [], ""prop1_list"": []}",primary,39,"Template: simple_triplet (F_Simple)
Query intent: Simple question: subject linked to objects via a predicate.

Row 1: Bank of India operates 8,166 domestic ATMs as part of its network.
Row 2: Bank of India is headquartered at the Bandra Kurla Complex.
Row 3: Bank of India reported a reasonably stable CASA ratio of 36.68% in Q1 FY27. (as of 2026-04-01)
Row 4: Bank of India reported an 18.84% year-on-year growth in global advances, reaching ₹7.98 lakh crore.
Row 5: Bank of India's global deposits grew by 14.90% to reach ₹9.58 lakh crore.
Row 6: Bank of India is a Government of India-owned bank, with ownership cited at 73.38%.
Row 7: Bank of India offers standard products tailored to serve its MSME customers.
Row 8: Bank of India is headquartered in Maharashtra.
Row 9: Bank of India is headquartered in Mumbai.
Row 10: Bank of India reported a global net interest margin of 2.52% in Q1 FY27. (as of 2026-04-01)
Row 11: Rajneesh Karnatak is the MD & CEO of Bank of India.
Row 12: Bank of India is formally regulated by the Reserve Bank of India (RBI).
Row 13: Bank of India offers the standard range of products to serve its retail customers.
Row 14: Bank of India is regulated by the Securities and Exchange Board of India (SEBI).
Row 15: Bank of India holds a universal banking license.
Row 16: Bank of India offers standard products to serve its agricultural customers.
Row 17: Bank of India's strongest and most directly evidenced point this quarter was its significant asset-quality improvement.
Row 18: Bank of India utilizes a domestic distribution channel consisting of 5,202 branches.
Row 19: Bank of India improved its capital adequacy ratio to 18.69% in Q1 FY27. (as of 2026-04-01)
Row 20: Bank of India provides cash-management services.
Row 21: Bank of India reported a consolidated net profit of ₹1,747.39 crore, showing an unresolved inconsistency with its standalone figure.
Row 22: Bank of India offers standard products designed to serve its corporate customers.
Row 23: Bank of India reported a cost-to-income ratio of 46.3% in Q1 FY27. (as of 2026-04-01)
Row 24: Bank of India reported a very low credit cost of 0.15% this quarter.
Row 25: Bank of India is exposed to ordinary credit risk.
Row 26: Bank of India displays a potential weakness regarding disclosure consistency between standalone and consolidated reporting.
Row 27: Bank of India reported domestic gross advances increased by 19.20% to ₹6.74 lakh crore.
Row 28: Bank of India provides forex services.
Row 29: Bank of India reported that its gross NPA fell by 111 basis points year-on-year to 1.81%.
Row 30: Bank of India remains exposed to general interest-rate risk.
Row 31: Bank of India's net NPA decreased by 24 basis points to 0.51%.
Row 32: Bank of India's net interest income grew 12.61% to reach ₹6,833 crore.
Row 33: Bank of India maintains a strong provision coverage ratio of 93.63%.
Row 34: Bank of India is subject to ordinary regulatory risk.
Row 35: Bank of India reported a return on assets of 1.01% in Q1 FY27. (as of 2026-04-01)
Row 36: Bank of India reported a very low slippage ratio of 0.24% for the quarter.
Row 37: Bank of India reported a 36.23% year-on-year rise in standalone net profit, reaching ₹3,068 crore.
Row 38: Bank of India provides trade finance services to its customers.
Row 39: Bank of India provides treasury services.",The retrieved facts do not cover Bank of India's ticker symbol or the exchange(s) on which it trades.,Not relevant,The assistant output fails to address the user request because it states that the retrieved facts do not cover the ticker symbol or exchange.,
What was Bank of India's CASA ratio in the most recently reported quarter?,F_Simple,F_Simple,0.538152170436721,simple_triplet,True,"[""Bank of India"", ""CASA ratio""]","[{""entity"": ""Bank of India"", ""matched_node_name"": ""Bank of India"", ""matched_id"": ""449a67f4-f12a-4e7e-8301-f545be3cbdb7"", ""matched_type"": ""COMPANY"", ""similarity"": 1.0, ""source"": ""gazetteer""}, {""entity"": ""CASA ratio"", ""matched_node_name"": ""CASA ratio"", ""matched_id"": ""f552ef12-cf71-4307-80e3-1eb10e256154"", ""matched_type"": ""METRIC"", ""similarity"": 1.0, ""source"": ""gazetteer""}]",What was <COMPANY>'s <METRIC> in the most recently reported quarter?,"{""prop1_list"": [], ""nnp1"": ""449a67f4-f12a-4e7e-8301-f545be3cbdb7"", ""target_ids"": [""f552ef12-cf71-4307-80e3-1eb10e256154""], ""nn1"": ""COMPANY""}","{""nnp1"": ""449a67f4-f12a-4e7e-8301-f545be3cbdb7"", ""nnp2"": ""f552ef12-cf71-4307-80e3-1eb10e256154"", ""nnp3"": null, ""prop1"": null, ""nn1"": ""COMPANY"", ""nn2"": ""METRIC"", ""threshold"": null, ""target_ids"": [""f552ef12-cf71-4307-80e3-1eb10e256154""], ""prop1_list"": []}",primary,1,"Template: simple_triplet (F_Simple)
Query intent: Simple question: subject linked to objects via a predicate.

Row 1: Bank of India reported a reasonably stable CASA ratio of 36.68% in Q1 FY27. (as of 2026-04-01)",Bank of India reported a reasonably stable CASA ratio of 36.68% in Q1 FY27.,Relevant,The assistant directly answers the user query by providing Bank of India's CASA ratio for the most recently reported quarter.,
What is Bank of India's net interest margin (NIM) for the latest reported period?,F_Simple,F_Simple,0.704794952545776,simple_triplet,True,"[""Bank of India"", ""net interest margin""]","[{""entity"": ""Bank of India"", ""matched_node_name"": ""Bank of India"", ""matched_id"": ""449a67f4-f12a-4e7e-8301-f545be3cbdb7"", ""matched_type"": ""COMPANY"", ""similarity"": 1.0, ""source"": ""gazetteer""}, {""entity"": ""net interest margin"", ""matched_node_name"": ""Net interest margin"", ""matched_id"": ""ce0a12ce-b581-4229-a6b2-4d53c46e9d9d"", ""matched_type"": ""METRIC"", ""similarity"": 1.0, ""source"": ""gazetteer""}]",What is <COMPANY>'s <METRIC> (NIM) for the latest reported period?,"{""prop1_list"": [], ""nnp1"": ""449a67f4-f12a-4e7e-8301-f545be3cbdb7"", ""target_ids"": [""ce0a12ce-b581-4229-a6b2-4d53c46e9d9d""], ""nn1"": ""COMPANY""}","{""nnp1"": ""449a67f4-f12a-4e7e-8301-f545be3cbdb7"", ""nnp2"": ""ce0a12ce-b581-4229-a6b2-4d53c46e9d9d"", ""nnp3"": null, ""prop1"": null, ""nn1"": ""COMPANY"", ""nn2"": ""METRIC"", ""threshold"": null, ""target_ids"": [""ce0a12ce-b581-4229-a6b2-4d53c46e9d9d""], ""prop1_list"": []}",primary,1,"Template: simple_triplet (F_Simple)
Query intent: Simple question: subject linked to objects via a predicate.

Row 1: Bank of India reported a global net interest margin of 2.52% in Q1 FY27. (as of 2026-04-01)","Bank of India reported a global net interest margin of 2.52% for the Q1 FY27 period, as of April 1, 2026.",Relevant,The assistant output directly and accurately addresses the user request for Bank of India's net interest margin for the latest reported period.,
What are Bank of India's gross NPA and net NPA ratios?,F_Simple,F_Simple,0.4614519440598716,simple_triplet,True,"[""Bank of India"", ""gross NPA"", ""net NPA""]","[{""entity"": ""Bank of India"", ""matched_node_name"": ""Bank of India"", ""matched_id"": ""449a67f4-f12a-4e7e-8301-f545be3cbdb7"", ""matched_type"": ""COMPANY"", ""similarity"": 1.0, ""source"": ""gazetteer""}, {""entity"": ""gross NPA"", ""matched_node_name"": ""gross NPA"", ""matched_id"": ""00c1065d-13f6-42fc-be09-d1a8be6780cd"", ""matched_type"": ""METRIC"", ""similarity"": 1.0, ""source"": ""gazetteer""}, {""entity"": ""net NPA"", ""matched_node_name"": ""net NPA"", ""matched_id"": ""4539ed7c-a229-4073-a946-c4b6498648c7"", ""matched_type"": ""METRIC"", ""similarity"": 1.0, ""source"": ""gazetteer""}]",What are <COMPANY>'s <METRIC> and <METRIC> ratios?,"{""prop1_list"": [], ""nnp1"": ""449a67f4-f12a-4e7e-8301-f545be3cbdb7"", ""target_ids"": [""00c1065d-13f6-42fc-be09-d1a8be6780cd"", ""4539ed7c-a229-4073-a946-c4b6498648c7""], ""nn1"": ""COMPANY""}","{""nnp1"": ""449a67f4-f12a-4e7e-8301-f545be3cbdb7"", ""nnp2"": ""00c1065d-13f6-42fc-be09-d1a8be6780cd"", ""nnp3"": null, ""prop1"": null, ""nn1"": ""COMPANY"", ""nn2"": ""METRIC"", ""threshold"": null, ""target_ids"": [""00c1065d-13f6-42fc-be09-d1a8be6780cd"", ""4539ed7c-a229-4073-a946-c4b6498648c7""], ""prop1_list"": []}",primary,2,"Template: simple_triplet (F_Simple)
Query intent: Simple question: subject linked to objects via a predicate.

Row 1: Bank of India reported that its gross NPA fell by 111 basis points year-on-year to 1.81%.
Row 2: Bank of India's net NPA decreased by 24 basis points to 0.51%.","Bank of India reported a gross NPA ratio of 1.81%, following an 111 basis point decline year-on-year, and a net NPA ratio of 0.51%, which decreased by 24 basis points.",Relevant,"The assistant output directly provides both the gross NPA and net NPA ratios requested by the user, complete with year-on-year context.",
"What is Bank of India's capital adequacy ratio (CRAR), and its CET1 ratio if disclosed?",F_Simple,F_Simple,0.6595344106316016,simple_triplet,True,"[""Bank of India"", ""capital adequacy ratio"", ""CE""]","[{""entity"": ""Bank of India"", ""matched_node_name"": ""Bank of India"", ""matched_id"": ""449a67f4-f12a-4e7e-8301-f545be3cbdb7"", ""matched_type"": ""COMPANY"", ""similarity"": 1.0, ""source"": ""gazetteer""}, {""entity"": ""capital adequacy ratio"", ""matched_node_name"": ""capital adequacy ratio"", ""matched_id"": ""a9e7103c-2a43-4d54-94d2-0f9178dbb42e"", ""matched_type"": ""METRIC"", ""similarity"": 1.0, ""source"": ""gazetteer""}, {""entity"": ""CE"", ""matched_node_name"": ""NSE"", ""matched_id"": ""f991983e-e758-47f5-acbf-1afe822e5f20"", ""matched_type"": ""COMPANY"", ""similarity"": 0.6484348893165588, ""source"": ""semantic""}]","What is <COMPANY>'s <METRIC> (CRAR), and its <COMPANY>T1 ratio if disclosed?","{""prop1_list"": [], ""nnp1"": ""449a67f4-f12a-4e7e-8301-f545be3cbdb7"", ""target_ids"": [""a9e7103c-2a43-4d54-94d2-0f9178dbb42e"", ""f991983e-e758-47f5-acbf-1afe822e5f20""], ""nn1"": ""COMPANY""}","{""nnp1"": ""449a67f4-f12a-4e7e-8301-f545be3cbdb7"", ""nnp2"": ""f991983e-e758-47f5-acbf-1afe822e5f20"", ""nnp3"": null, ""prop1"": null, ""nn1"": ""COMPANY"", ""nn2"": ""COMPANY"", ""threshold"": null, ""target_ids"": [""a9e7103c-2a43-4d54-94d2-0f9178dbb42e"", ""f991983e-e758-47f5-acbf-1afe822e5f20""], ""prop1_list"": []}",primary,1,"Template: simple_triplet (F_Simple)
Query intent: Simple question: subject linked to objects via a predicate.

Row 1: Bank of India improved its capital adequacy ratio to 18.69% in Q1 FY27. (as of 2026-04-01)","Bank of India's capital adequacy ratio improved to 18.69% in Q1 FY27 as of April 1, 2026. The retrieved facts do not cover the CET1 ratio.",Somewhat relevant,"The assistant provides the capital adequacy ratio as requested, but fails to provide the CET1 ratio because it was not covered in the retrieved facts.",
What are Bank of India's return on assets (ROA) and return on equity (ROE) for the latest quarter?,F_Simple,F_Simple,0.722638699193199,simple_triplet,True,"[""Bank of India"", ""return on assets"", ""return on equity""]","[{""entity"": ""Bank of India"", ""matched_node_name"": ""Bank of India"", ""matched_id"": ""449a67f4-f12a-4e7e-8301-f545be3cbdb7"", ""matched_type"": ""COMPANY"", ""similarity"": 1.0, ""source"": ""gazetteer""}, {""entity"": ""return on assets"", ""matched_node_name"": ""return on assets"", ""matched_id"": ""dd83a8a6-2dd2-4407-9d71-917240c66c55"", ""matched_type"": ""METRIC"", ""similarity"": 1.0, ""source"": ""gazetteer""}, {""entity"": ""return on equity"", ""matched_node_name"": ""return on equity"", ""matched_id"": ""4c4c7086-00d6-4850-9bcd-ae7c8e8479a8"", ""matched_type"": ""METRIC"", ""similarity"": 1.0, ""source"": ""gazetteer""}]",What are <COMPANY>'s <METRIC> (ROA) and <METRIC> (ROE) for the latest quarter?,"{""prop1_list"": [], ""nnp1"": ""449a67f4-f12a-4e7e-8301-f545be3cbdb7"", ""target_ids"": [""dd83a8a6-2dd2-4407-9d71-917240c66c55"", ""4c4c7086-00d6-4850-9bcd-ae7c8e8479a8""], ""nn1"": ""COMPANY""}","{""nnp1"": ""449a67f4-f12a-4e7e-8301-f545be3cbdb7"", ""nnp2"": ""dd83a8a6-2dd2-4407-9d71-917240c66c55"", ""nnp3"": null, ""prop1"": null, ""nn1"": ""COMPANY"", ""nn2"": ""METRIC"", ""threshold"": null, ""target_ids"": [""dd83a8a6-2dd2-4407-9d71-917240c66c55"", ""4c4c7086-00d6-4850-9bcd-ae7c8e8479a8""], ""prop1_list"": []}",primary,1,"Template: simple_triplet (F_Simple)
Query intent: Simple question: subject linked to objects via a predicate.

Row 1: Bank of India reported a return on assets of 1.01% in Q1 FY27. (as of 2026-04-01)","Bank of India reported a return on assets of 1.01% in Q1 FY27 as of April 1, 2026. The retrieved facts do not cover the bank's return on equity (ROE) for the latest quarter.",Somewhat relevant,The assistant provides Bank of India's return on assets (ROA) for the latest quarter but fails to provide the return on equity (ROE).,
What was Bank of India's total advances (loan book) and deposit growth in the latest quarter?,F_Simple,F_Simple,0.6699160133060035,simple_triplet,True,"[""Bank of India"", ""total advances"", ""deposit growth""]","[{""entity"": ""Bank of India"", ""matched_node_name"": ""Bank of India"", ""matched_id"": ""449a67f4-f12a-4e7e-8301-f545be3cbdb7"", ""matched_type"": ""COMPANY"", ""similarity"": 1.0, ""source"": ""gazetteer""}, {""entity"": ""total advances"", ""matched_node_name"": ""Total Advances"", ""matched_id"": ""96dbb53b-28f6-42c3-96e5-77dc48c86818"", ""matched_type"": ""METRIC"", ""similarity"": 1.0, ""source"": ""gazetteer""}, {""entity"": ""deposit growth"", ""matched_node_name"": ""deposit growth"", ""matched_id"": ""74d2ba68-dde6-485e-ad5d-c3483d1ec0d8"", ""matched_type"": ""METRIC"", ""similarity"": 1.0, ""source"": ""gazetteer""}]",What was <COMPANY>'s <METRIC> (loan book) and <METRIC> in the latest quarter?,"{""prop1_list"": [], ""nnp1"": ""449a67f4-f12a-4e7e-8301-f545be3cbdb7"", ""target_ids"": [""96dbb53b-28f6-42c3-96e5-77dc48c86818"", ""74d2ba68-dde6-485e-ad5d-c3483d1ec0d8""], ""nn1"": ""COMPANY""}","{""nnp1"": ""449a67f4-f12a-4e7e-8301-f545be3cbdb7"", ""nnp2"": ""96dbb53b-28f6-42c3-96e5-77dc48c86818"", ""nnp3"": null, ""prop1"": null, ""nn1"": ""COMPANY"", ""nn2"": ""METRIC"", ""threshold"": null, ""target_ids"": [""96dbb53b-28f6-42c3-96e5-77dc48c86818"", ""74d2ba68-dde6-485e-ad5d-c3483d1ec0d8""], ""prop1_list"": []}",relaxed_direction,39,"Template: simple_triplet (F_Simple)
Query intent: Simple question: subject linked to objects via a predicate.

Row 1: Bank of India provides trade finance services to its customers.
Row 2: Bank of India provides treasury services.
Row 3: Bank of India provides forex services.
Row 4: Bank of India provides cash-management services.
Row 5: Bank of India offers standard products tailored to serve its MSME customers.
Row 6: Bank of India utilizes a domestic distribution channel consisting of 5,202 branches.
Row 7: Bank of India operates 8,166 domestic ATMs as part of its network.
Row 8: Bank of India reported a reasonably stable CASA ratio of 36.68% in Q1 FY27. (as of 2026-04-01)
Row 9: Bank of India's net interest income grew 12.61% to reach ₹6,833 crore.
Row 10: Bank of India is exposed to ordinary credit risk.
Row 11: Bank of India remains exposed to general interest-rate risk.
Row 12: Bank of India is subject to ordinary regulatory risk.
Row 13: Bank of India reported a return on assets of 1.01% in Q1 FY27. (as of 2026-04-01)
Row 14: Bank of India reported a cost-to-income ratio of 46.3% in Q1 FY27. (as of 2026-04-01)
Row 15: Bank of India reported that its gross NPA fell by 111 basis points year-on-year to 1.81%.
Row 16: Bank of India's net NPA decreased by 24 basis points to 0.51%.
Row 17: Bank of India maintains a strong provision coverage ratio of 93.63%.
Row 18: Bank of India improved its capital adequacy ratio to 18.69% in Q1 FY27. (as of 2026-04-01)
Row 19: Bank of India holds a universal banking license.
Row 20: Bank of India reported a global net interest margin of 2.52% in Q1 FY27. (as of 2026-04-01)
Row 21: Bank of India offers the standard range of products to serve its retail customers.
Row 22: Bank of India reported an 18.84% year-on-year growth in global advances, reaching ₹7.98 lakh crore.
Row 23: Bank of India's global deposits grew by 14.90% to reach ₹9.58 lakh crore.
Row 24: Bank of India offers standard products to serve its agricultural customers.
Row 25: Bank of India offers standard products designed to serve its corporate customers.
Row 26: Bank of India is headquartered at the Bandra Kurla Complex.
Row 27: Bank of India reported domestic gross advances increased by 19.20% to ₹6.74 lakh crore.
Row 28: Bank of India reported a consolidated net profit of ₹1,747.39 crore, showing an unresolved inconsistency with its standalone figure.
Row 29: Bank of India reported a 36.23% year-on-year rise in standalone net profit, reaching ₹3,068 crore.
Row 30: Bank of India's strongest and most directly evidenced point this quarter was its significant asset-quality improvement.
Row 31: Bank of India reported a very low credit cost of 0.15% this quarter.
Row 32: Bank of India reported a very low slippage ratio of 0.24% for the quarter.
Row 33: Bank of India displays a potential weakness regarding disclosure consistency between standalone and consolidated reporting.
Row 34: Bank of India is formally regulated by the Reserve Bank of India (RBI).
Row 35: Bank of India is regulated by the Securities and Exchange Board of India (SEBI).
Row 36: Bank of India is headquartered in Mumbai.
Row 37: Bank of India is headquartered in Maharashtra.
Row 38: Rajneesh Karnatak is the MD & CEO of Bank of India.
Row 39: Bank of India is a Government of India-owned bank, with ownership cited at 73.38%.",The retrieved facts do not cover Bank of India's total advances (loan book) and deposit growth figures for the latest quarter.,Not relevant,"The assistant output fails to provide the requested data on Bank of India's advances and deposit growth, stating that the information is not available.",
"What credit ratings has Bank of India received, and from which rating agencies?",F_Simple,F_Simple,0.6530191275890218,simple_triplet,True,"[""Bank of India""]","[{""entity"": ""Bank of India"", ""matched_node_name"": ""Bank of India"", ""matched_id"": ""449a67f4-f12a-4e7e-8301-f545be3cbdb7"", ""matched_type"": ""COMPANY"", ""similarity"": 1.0, ""source"": ""gazetteer""}]","What credit ratings has <COMPANY> received, and from which rating agencies?","{""prop1_list"": [""HAS_RATING""], ""nnp1"": ""449a67f4-f12a-4e7e-8301-f545be3cbdb7"", ""target_ids"": [], ""nn1"": ""COMPANY""}","{""nnp1"": ""449a67f4-f12a-4e7e-8301-f545be3cbdb7"", ""nnp2"": null, ""nnp3"": null, ""prop1"": ""HAS_RATING"", ""nn1"": ""COMPANY"", ""nn2"": null, ""threshold"": null, ""target_ids"": [], ""prop1_list"": [""HAS_RATING""]}",attribute_lookup,8,"Template: simple_triplet (F_Simple)
Query intent: Simple question: subject linked to objects via a predicate.

Row 1: Bank of India's banking_segment is Public Sector Bank
Row 2: Bank of India's country is India
Row 3: Bank of India's description is Bank of India, headquartered at the Bandra Kurla Complex in Mumbai, Maharashtra, is a Government of India-owned universal bank with a sizeable international operation relative to its balance sheet.
Row 4: Bank of India's exchange is NSE and BSE
Row 5: Bank of India's legal_name is Bank of India
Row 6: Bank of India's listed is True
Row 7: Bank of India's sector is Banking
Row 8: Bank of India's ticker is BANKINDIA",The provided facts do not contain information regarding the credit ratings Bank of India has received or the rating agencies that issued them.,Not relevant,The assistant output states that it lacks the information to answer the user's question about Bank of India's credit ratings and rating agencies.,
"Roughly how many branches and ATMs does Bank of India operate, and as of what date?",F_QuantCount,F_Simple,0.3513365825325079,simple_triplet,False,"[""ATMs"", ""Bank of India""]","[{""entity"": ""ATMs"", ""matched_node_name"": ""ATMs"", ""matched_id"": ""1d9af7d1-80d1-4631-9a7a-7765335565d0"", ""matched_type"": ""DISTRIBUTIONCHANNEL"", ""similarity"": 1.0, ""source"": ""gazetteer""}, {""entity"": ""Bank of India"", ""matched_node_name"": ""Bank of India"", ""matched_id"": ""449a67f4-f12a-4e7e-8301-f545be3cbdb7"", ""matched_type"": ""COMPANY"", ""similarity"": 1.0, ""source"": ""gazetteer""}]","Roughly how many branches and <DISTRIBUTIONCHANNEL> does <COMPANY> operate, and as of what date?","{""prop1_list"": [], ""nnp1"": ""449a67f4-f12a-4e7e-8301-f545be3cbdb7"", ""target_ids"": [""1d9af7d1-80d1-4631-9a7a-7765335565d0""], ""nn1"": ""COMPANY""}","{""nnp1"": ""449a67f4-f12a-4e7e-8301-f545be3cbdb7"", ""nnp2"": ""1d9af7d1-80d1-4631-9a7a-7765335565d0"", ""nnp3"": null, ""prop1"": null, ""nn1"": ""COMPANY"", ""nn2"": ""DISTRIBUTIONCHANNEL"", ""threshold"": null, ""target_ids"": [""1d9af7d1-80d1-4631-9a7a-7765335565d0""], ""prop1_list"": []}",primary,1,"Template: simple_triplet (F_Simple)
Query intent: Simple question: subject linked to objects via a predicate.

Row 1: Bank of India operates 8,166 domestic ATMs as part of its network.","The retrieved facts do not cover the total number of branches or the exact date of operation, though they do state that Bank of India operates 8,166 domestic ATMs as part of its network.",Somewhat relevant,"The output provides the number of domestic ATMs but fails to mention the total number of branches or the exact date, thereby missing a material part of the user request.",
"What products and services does Bank of India offer, and which customer segments does it serve?",F_Simple,F_Simple,0.6369738725660826,simple_triplet,True,"[""Bank of India""]","[{""entity"": ""Bank of India"", ""matched_node_name"": ""Bank of India"", ""matched_id"": ""449a67f4-f12a-4e7e-8301-f545be3cbdb7"", ""matched_type"": ""COMPANY"", ""similarity"": 1.0, ""source"": ""gazetteer""}]","What products and services does <COMPANY> offer, and which customer segments does it serve?","{""prop1_list"": [""OFFERS_PRODUCT"", ""SERVES""], ""nnp1"": ""449a67f4-f12a-4e7e-8301-f545be3cbdb7"", ""target_ids"": [], ""nn1"": ""COMPANY""}","{""nnp1"": ""449a67f4-f12a-4e7e-8301-f545be3cbdb7"", ""nnp2"": null, ""nnp3"": null, ""prop1"": ""SERVES"", ""nn1"": ""COMPANY"", ""nn2"": null, ""threshold"": null, ""target_ids"": [], ""prop1_list"": [""OFFERS_PRODUCT"", ""SERVES""]}",primary,4,"Template: simple_triplet (F_Simple)
Query intent: Simple question: subject linked to objects via a predicate.

Row 1: Bank of India offers standard products tailored to serve its MSME customers.
Row 2: Bank of India offers the standard range of products to serve its retail customers.
Row 3: Bank of India offers standard products to serve its agricultural customers.
Row 4: Bank of India offers standard products designed to serve its corporate customers.","Bank of India offers standard products tailored to serve its MSME, retail, agricultural, and corporate customer segments.",Relevant,The output directly answers both parts of the user request by identifying the products offered and the specific customer segments served.,
What is Indian Bank's ticker symbol and on which exchange(s) does it trade?,F_Simple,F_Simple,0.5793572812935655,simple_triplet,True,"[""Indian Bank""]","[{""entity"": ""Indian Bank"", ""matched_node_name"": ""Indian Bank"", ""matched_id"": ""bc5697b2-9b93-435d-8f41-2f024b80817a"", ""matched_type"": ""COMPANY"", ""similarity"": 1.0, ""source"": ""gazetteer""}]",What is <COMPANY>'s ticker symbol and on which exchange(s) does it trade?,"{""prop1_list"": [], ""nnp1"": ""bc5697b2-9b93-435d-8f41-2f024b80817a"", ""target_ids"": [], ""nn1"": ""COMPANY""}","{""nnp1"": ""bc5697b2-9b93-435d-8f41-2f024b80817a"", ""nnp2"": null, ""nnp3"": null, ""prop1"": null, ""nn1"": ""COMPANY"", ""nn2"": null, ""threshold"": null, ""target_ids"": [], ""prop1_list"": []}",primary,50,"Template: simple_triplet (F_Simple)
Query intent: Simple question: subject linked to objects via a predicate.

Row 1: Indian Bank holds an A1+ rating from CRISIL on its certificate-of-deposit programme. (as of 2026-02-06)
Row 2: Indian Bank holds an AA+ Stable credit rating from CRISIL on its Additional Tier I bonds. (as of 2026-02-06)
Row 3: Indian Bank maintains an AAA Stable credit rating from CRISIL on its Tier II Basel III bonds and infrastructure bonds. (as of 2026-02-06)
Row 4: Indian Bank uses Additional Tier I Bonds as a funding source.
Row 5: Indian Bank deploys 5,657 ATMs and cash-recycling machines for customer transactions.
Row 6: Indian Bank merged with Allahabad Bank to become the seventh-largest PSU bank. (as of 2020-04-01)
Row 7: Binod Kumar assumed the leadership role of MD & CEO at Indian Bank. (as of 2025-01-01)
Row 8: Indian Bank's margin is supported by strategic CASA Mobilization.
Row 9: Indian Bank recorded a strong CET1 metric of 16.51%.
Row 10: Indian Bank undergoes credit rating assessments by CRISIL.
Row 11: Indian Bank's return on equity is driven by its focus on Capital Efficiency.
Row 12: Indian Bank issues certificates of deposit as a funding source.
Row 13: Indian Bank is headquartered in the city of Chennai.
Row 14: Indian Bank operates an international branch physically located in Colombo.
Row 15: Indian Bank is fundamentally exposed to risk from its Corporate and Infrastructure Loan Concentration.
Row 16: Indian Bank's net interest margin is influenced by the trajectory of Deposit Repricing.
Row 17: Indian Bank expects to drive growth through a continued expansion of Digital Transactions.
Row 18: The Government of India holds a 73.84% ownership stake in Indian Bank.
Row 19: Indian Bank is funded through the issuance of Infrastructure Bonds.
Row 20: LIC retains major institutional holdings in Indian Bank.
Row 21: Indian Bank serves the MSME customer segment through its RAM lending focus.
Row 22: Indian Bank offers services tailored to NRI customers.
Row 23: Indian Bank maintains a strategic loan exposure focused heavily on RAM lending.
Row 24: Indian Bank expects its growth to be heavily dependent on RAM (Retail, Agriculture, and MSME) lending.
Row 25: Indian Bank is regulated by the Reserve Bank of India.
Row 26: Indian Bank depends heavily on its strong Retail Deposits franchise.
Row 27: Indian Bank serves retail customers as a core element of its strategy.
Row 28: Indian Bank is regulated by the Securities and Exchange Board of India (SEBI).
Row 29: Indian Bank operates an international branch physically located in Singapore.
Row 30: Indian Bank relies strategically on its presence and retail deposit franchise in South India.
Row 31: Indian Bank benefits from Sovereign Ownership, which significantly underpins the stability of its top-tier CRISIL ratings.
Row 32: Indian Bank's performance relies heavily on the regional economy of Tamil Nadu.
Row 33: Indian Bank has its corporate headquarters in the state of Tamil Nadu.
Row 34: Indian Bank raises capital funded by Tier II Basel III Bonds.
Row 35: Indian Bank generated a total income of ₹20,723.62 crore for the quarter.
Row 36: Indian Bank holds a Universal Banking License.
Row 37: Indian Bank actively serves agricultural customers as part of its strategic mandate.
Row 38: Indian Bank runs an extensive network of 6,001 branches.
Row 39: Indian Bank reported a capital adequacy ratio of 17.58%, remaining comfortably above the regulatory minimum.
Row 40: Indian Bank features its capital position as one of its clearest and most heavily evidenced structural strengths.
Row 41: Indian Bank provides cash-management services to corporate clients.
Row 42: Indian Bank utilizes cash-recycling machines within its combined network of 5,657 automated service points.
Row 43: Indian Bank serves corporate customers across India.
Row 44: Indian Bank has lending exposure to the Corporate segment.
Row 45: Indian Bank is exposed to Credit Risk stemming from its infrastructure and corporate concentration.
Row 46: Indian Bank utilizes digital channels for processing roughly 95% of its overall transactions.
Row 47: Indian Bank implies relatively modest fee income generated in comparison to its interest income.
Row 48: Indian Bank provides forex services to its client base.
Row 49: Indian Bank serves government and institutional customer segments.
Row 50: Indian Bank improved its gross NPA level significantly to 1.86%.",The retrieved facts do not cover Indian Bank's ticker symbol or the exchange(s) on which it trades.,Not relevant,The assistant output states that it does not have the information to answer the user's request about Indian Bank's ticker symbol and exchange.,
"What percentage of Indian Bank is held by its government promoter or largest shareholder, and as of what date?",F_LogUnion,F_Simple,0.40233705467523107,simple_triplet,False,"[""Indian Bank""]","[{""entity"": ""Indian Bank"", ""matched_node_name"": ""Indian Bank"", ""matched_id"": ""bc5697b2-9b93-435d-8f41-2f024b80817a"", ""matched_type"": ""COMPANY"", ""similarity"": 1.0, ""source"": ""gazetteer""}]","What percentage of <COMPANY> is held by its government promoter or largest shareholder, and as of what date?","{""prop1_list"": [""OWNS"", ""REGULATED_BY"", ""OwnershipStake"", ""HELD_BY"", ""OWNS_STAKE_IN""], ""nnp1"": ""bc5697b2-9b93-435d-8f41-2f024b80817a"", ""target_ids"": [], ""nn1"": ""COMPANY""}","{""nnp1"": ""bc5697b2-9b93-435d-8f41-2f024b80817a"", ""nnp2"": null, ""nnp3"": null, ""prop1"": ""REGULATED_BY"", ""nn1"": ""COMPANY"", ""nn2"": null, ""threshold"": null, ""target_ids"": [], ""prop1_list"": [""OWNS"", ""REGULATED_BY"", ""OwnershipStake"", ""HELD_BY"", ""OWNS_STAKE_IN""]}",primary,4,"Template: simple_triplet (F_Simple)
Query intent: Simple question: subject linked to objects via a predicate.

Row 1: The Government of India holds a 73.84% ownership stake in Indian Bank.
Row 2: LIC retains major institutional holdings in Indian Bank.
Row 3: Indian Bank is regulated by the Reserve Bank of India.
Row 4: Indian Bank is regulated by the Securities and Exchange Board of India (SEBI).","The Government of India holds a 73.84% ownership stake in Indian Bank. However, the provided facts do not specify the date as of which this percentage is held.",Somewhat relevant,The assistant successfully identifies the percentage held by the government promoter but misses the date as of which this ownership is held.,
What was Indian Bank's CASA ratio in the most recently reported quarter?,F_Simple,F_Simple,0.538152170436721,simple_triplet,True,"[""Indian Bank"", ""CASA ratio""]","[{""entity"": ""Indian Bank"", ""matched_node_name"": ""Indian Bank"", ""matched_id"": ""bc5697b2-9b93-435d-8f41-2f024b80817a"", ""matched_type"": ""COMPANY"", ""similarity"": 1.0, ""source"": ""gazetteer""}, {""entity"": ""CASA ratio"", ""matched_node_name"": ""CASA ratio"", ""matched_id"": ""f552ef12-cf71-4307-80e3-1eb10e256154"", ""matched_type"": ""METRIC"", ""similarity"": 1.0, ""source"": ""gazetteer""}]",What was <COMPANY>'s <METRIC> in the most recently reported quarter?,"{""prop1_list"": [], ""nnp1"": ""bc5697b2-9b93-435d-8f41-2f024b80817a"", ""target_ids"": [""f552ef12-cf71-4307-80e3-1eb10e256154""], ""nn1"": ""COMPANY""}","{""nnp1"": ""bc5697b2-9b93-435d-8f41-2f024b80817a"", ""nnp2"": ""f552ef12-cf71-4307-80e3-1eb10e256154"", ""nnp3"": null, ""prop1"": null, ""nn1"": ""COMPANY"", ""nn2"": ""METRIC"", ""threshold"": null, ""target_ids"": [""f552ef12-cf71-4307-80e3-1eb10e256154""], ""prop1_list"": []}",relaxed_direction,61,"Template: simple_triplet (F_Simple)
Query intent: Simple question: subject linked to objects via a predicate.

Row 1: Indian Bank provides targeted wealth-management services.
Row 2: Indian Bank provides specialized trade finance services.
Row 3: Indian Bank operates dedicated treasury services.
Row 4: Indian Bank provides forex services to its client base.
Row 5: Indian Bank provides cash-management services to corporate clients.
Row 6: Indian Bank serves the MSME customer segment through its RAM lending focus.
Row 7: Indian Bank offers services tailored to NRI customers.
Row 8: Indian Bank runs an extensive network of 6,001 branches.
Row 9: Indian Bank deploys 5,657 ATMs and cash-recycling machines for customer transactions.
Row 10: Indian Bank is exposed to Credit Risk stemming from its infrastructure and corporate concentration.
Row 11: Indian Bank is exposed to Interest-Rate Risk.
Row 12: Indian Bank is exposed to ordinary Regulatory Risk.
Row 13: Indian Bank improved its gross NPA level significantly to 1.86%.
Row 14: Indian Bank improved its net NPA metric to an exceptionally low 0.15%.
Row 15: Indian Bank maintains an extremely robust provision coverage ratio of 98.22%.
Row 16: Indian Bank reported a capital adequacy ratio of 17.58%, remaining comfortably above the regulatory minimum.
Row 17: Indian Bank recorded a strong CET1 metric of 16.51%.
Row 18: Indian Bank holds a Universal Banking License.
Row 19: Indian Bank serves retail customers as a core element of its strategy.
Row 20: Indian Bank uses Additional Tier I Bonds as a funding source.
Row 21: Indian Bank holds an AA+ Stable credit rating from CRISIL on its Additional Tier I bonds. (as of 2026-02-06)
Row 22: Indian Bank actively serves agricultural customers as part of its strategic mandate.
Row 23: Indian Bank relies strategically on its presence and retail deposit franchise in South India.
Row 24: Indian Bank utilizes cash-recycling machines within its combined network of 5,657 automated service points.
Row 25: Indian Bank has lending exposure to the Corporate segment.
Row 26: Indian Bank serves corporate customers across India.
Row 27: Indian Bank is exposed to Technology Risk due to the large scale of its ongoing digitization push.
Row 28: Indian Bank is headquartered in the city of Chennai.
Row 29: Indian Bank has its corporate headquarters in the state of Tamil Nadu.
Row 30: Indian Bank's performance relies heavily on the regional economy of Tamil Nadu.
Row 31: Indian Bank merged with Allahabad Bank to become the seventh-largest PSU bank. (as of 2020-04-01)
Row 32: Indian Bank expects its growth to be heavily dependent on RAM (Retail, Agriculture, and MSME) lending.
Row 33: Indian Bank maintains a strategic loan exposure focused heavily on RAM lending.
Row 34: Indian Bank has strategic loan exposure to infrastructure lending.
Row 35: Indian Bank utilizes digital channels for processing roughly 95% of its overall transactions.
Row 36: Indian Bank serves government and institutional customer segments.
Row 37: Indian Bank operates an international branch physically located in Colombo.
Row 38: Indian Bank operates an international branch physically located in Singapore.
Row 39: Indian Bank generated a total income of ₹20,723.62 crore for the quarter.
Row 40: Indian Bank recorded an interest income of ₹18,090.16 crore, comprising roughly 87% of its total income.
Row 41: Indian Bank implies relatively modest fee income generated in comparison to its interest income.
Row 42: Indian Bank features its capital position as one of its clearest and most heavily evidenced structural strengths.
Row 43: Indian Bank possesses a clear business opportunity in its strategic pivot toward RAM and infrastructure lending.
Row 44: Indian Bank depends heavily on its strong Retail Deposits franchise.
Row 45: Indian Bank maintains an AAA Stable credit rating from CRISIL on its Tier II Basel III bonds and infrastructure bonds. (as of 2026-02-06)
Row 46: Indian Bank raises capital funded by Tier II Basel III Bonds.
Row 47: Indian Bank is funded through the issuance of Infrastructure Bonds.
Row 48: Indian Bank holds an A1+ rating from CRISIL on its certificate-of-deposit programme. (as of 2026-02-06)
Row 49: Indian Bank issues certificates of deposit as a funding source.
Row 50: Indian Bank expects to drive growth through a continued expansion of Digital Transactions.
Row 51: Indian Bank's net interest margin is influenced by the trajectory of Deposit Repricing.
Row 52: Indian Bank's margin is supported by strategic CASA Mobilization.
Row 53: Indian Bank's return on equity is driven by its focus on Capital Efficiency.
Row 54: Indian Bank is fundamentally exposed to risk from its Corporate and Infrastructure Loan Concentration.
Row 55: Indian Bank benefits from Sovereign Ownership, which significantly underpins the stability of its top-tier CRISIL ratings.
Row 56: Indian Bank is regulated by the Reserve Bank of India.
Row 57: Indian Bank is regulated by the Securities and Exchange Board of India (SEBI).
Row 58: Indian Bank undergoes credit rating assessments by CRISIL.
Row 59: Binod Kumar assumed the leadership role of MD & CEO at Indian Bank. (as of 2025-01-01)
Row 60: The Government of India holds a 73.84% ownership stake in Indian Bank.
Row 61: LIC retains major institutional holdings in Indian Bank.",The retrieved facts do not cover Indian Bank's CASA ratio for the most recently reported quarter.,Not relevant,"The assistant output fails to answer the user's question about Indian Bank's CASA ratio, stating only that the information is missing.",
What is Indian Bank's net interest margin (NIM) for the latest reported period?,F_Simple,F_Simple,0.704794952545776,simple_triplet,True,"[""Indian Bank"", ""net interest margin""]","[{""entity"": ""Indian Bank"", ""matched_node_name"": ""Indian Bank"", ""matched_id"": ""bc5697b2-9b93-435d-8f41-2f024b80817a"", ""matched_type"": ""COMPANY"", ""similarity"": 1.0, ""source"": ""gazetteer""}, {""entity"": ""net interest margin"", ""matched_node_name"": ""Net interest margin"", ""matched_id"": ""ce0a12ce-b581-4229-a6b2-4d53c46e9d9d"", ""matched_type"": ""METRIC"", ""similarity"": 1.0, ""source"": ""gazetteer""}]",What is <COMPANY>'s <METRIC> (NIM) for the latest reported period?,"{""prop1_list"": [], ""nnp1"": ""bc5697b2-9b93-435d-8f41-2f024b80817a"", ""target_ids"": [""ce0a12ce-b581-4229-a6b2-4d53c46e9d9d""], ""nn1"": ""COMPANY""}","{""nnp1"": ""bc5697b2-9b93-435d-8f41-2f024b80817a"", ""nnp2"": ""ce0a12ce-b581-4229-a6b2-4d53c46e9d9d"", ""nnp3"": null, ""prop1"": null, ""nn1"": ""COMPANY"", ""nn2"": ""METRIC"", ""threshold"": null, ""target_ids"": [""ce0a12ce-b581-4229-a6b2-4d53c46e9d9d""], ""prop1_list"": []}",relaxed_direction,61,"Template: simple_triplet (F_Simple)
Query intent: Simple question: subject linked to objects via a predicate.

Row 1: Indian Bank provides targeted wealth-management services.
Row 2: Indian Bank provides specialized trade finance services.
Row 3: Indian Bank operates dedicated treasury services.
Row 4: Indian Bank provides forex services to its client base.
Row 5: Indian Bank provides cash-management services to corporate clients.
Row 6: Indian Bank serves the MSME customer segment through its RAM lending focus.
Row 7: Indian Bank offers services tailored to NRI customers.
Row 8: Indian Bank runs an extensive network of 6,001 branches.
Row 9: Indian Bank deploys 5,657 ATMs and cash-recycling machines for customer transactions.
Row 10: Indian Bank is exposed to Credit Risk stemming from its infrastructure and corporate concentration.
Row 11: Indian Bank is exposed to Interest-Rate Risk.
Row 12: Indian Bank is exposed to ordinary Regulatory Risk.
Row 13: Indian Bank improved its gross NPA level significantly to 1.86%.
Row 14: Indian Bank improved its net NPA metric to an exceptionally low 0.15%.
Row 15: Indian Bank maintains an extremely robust provision coverage ratio of 98.22%.
Row 16: Indian Bank reported a capital adequacy ratio of 17.58%, remaining comfortably above the regulatory minimum.
Row 17: Indian Bank recorded a strong CET1 metric of 16.51%.
Row 18: Indian Bank holds a Universal Banking License.
Row 19: Indian Bank serves retail customers as a core element of its strategy.
Row 20: Indian Bank uses Additional Tier I Bonds as a funding source.
Row 21: Indian Bank holds an AA+ Stable credit rating from CRISIL on its Additional Tier I bonds. (as of 2026-02-06)
Row 22: Indian Bank actively serves agricultural customers as part of its strategic mandate.
Row 23: Indian Bank relies strategically on its presence and retail deposit franchise in South India.
Row 24: Indian Bank utilizes cash-recycling machines within its combined network of 5,657 automated service points.
Row 25: Indian Bank has lending exposure to the Corporate segment.
Row 26: Indian Bank serves corporate customers across India.
Row 27: Indian Bank is exposed to Technology Risk due to the large scale of its ongoing digitization push.
Row 28: Indian Bank is headquartered in the city of Chennai.
Row 29: Indian Bank has its corporate headquarters in the state of Tamil Nadu.
Row 30: Indian Bank's performance relies heavily on the regional economy of Tamil Nadu.
Row 31: Indian Bank merged with Allahabad Bank to become the seventh-largest PSU bank. (as of 2020-04-01)
Row 32: Indian Bank expects its growth to be heavily dependent on RAM (Retail, Agriculture, and MSME) lending.
Row 33: Indian Bank maintains a strategic loan exposure focused heavily on RAM lending.
Row 34: Indian Bank has strategic loan exposure to infrastructure lending.
Row 35: Indian Bank utilizes digital channels for processing roughly 95% of its overall transactions.
Row 36: Indian Bank serves government and institutional customer segments.
Row 37: Indian Bank operates an international branch physically located in Colombo.
Row 38: Indian Bank operates an international branch physically located in Singapore.
Row 39: Indian Bank generated a total income of ₹20,723.62 crore for the quarter.
Row 40: Indian Bank recorded an interest income of ₹18,090.16 crore, comprising roughly 87% of its total income.
Row 41: Indian Bank implies relatively modest fee income generated in comparison to its interest income.
Row 42: Indian Bank features its capital position as one of its clearest and most heavily evidenced structural strengths.
Row 43: Indian Bank possesses a clear business opportunity in its strategic pivot toward RAM and infrastructure lending.
Row 44: Indian Bank depends heavily on its strong Retail Deposits franchise.
Row 45: Indian Bank maintains an AAA Stable credit rating from CRISIL on its Tier II Basel III bonds and infrastructure bonds. (as of 2026-02-06)
Row 46: Indian Bank raises capital funded by Tier II Basel III Bonds.
Row 47: Indian Bank is funded through the issuance of Infrastructure Bonds.
Row 48: Indian Bank holds an A1+ rating from CRISIL on its certificate-of-deposit programme. (as of 2026-02-06)
Row 49: Indian Bank issues certificates of deposit as a funding source.
Row 50: Indian Bank expects to drive growth through a continued expansion of Digital Transactions.
Row 51: Indian Bank's net interest margin is influenced by the trajectory of Deposit Repricing.
Row 52: Indian Bank's margin is supported by strategic CASA Mobilization.
Row 53: Indian Bank's return on equity is driven by its focus on Capital Efficiency.
Row 54: Indian Bank is fundamentally exposed to risk from its Corporate and Infrastructure Loan Concentration.
Row 55: Indian Bank benefits from Sovereign Ownership, which significantly underpins the stability of its top-tier CRISIL ratings.
Row 56: Indian Bank is regulated by the Reserve Bank of India.
Row 57: Indian Bank is regulated by the Securities and Exchange Board of India (SEBI).
Row 58: Indian Bank undergoes credit rating assessments by CRISIL.
Row 59: Binod Kumar assumed the leadership role of MD & CEO at Indian Bank. (as of 2025-01-01)
Row 60: The Government of India holds a 73.84% ownership stake in Indian Bank.
Row 61: LIC retains major institutional holdings in Indian Bank.",The retrieved facts do not cover Indian Bank's net interest margin (NIM) for the latest reported period.,Not relevant,The assistant output fails to address the user request because it states that the necessary information is not covered in the retrieved facts.,
What are Indian Bank's gross NPA and net NPA ratios?,F_Simple,F_Simple,0.4614519440598716,simple_triplet,True,"[""Indian Bank"", ""gross NPA"", ""net NPA""]","[{""entity"": ""Indian Bank"", ""matched_node_name"": ""Indian Bank"", ""matched_id"": ""bc5697b2-9b93-435d-8f41-2f024b80817a"", ""matched_type"": ""COMPANY"", ""similarity"": 1.0, ""source"": ""gazetteer""}, {""entity"": ""gross NPA"", ""matched_node_name"": ""gross NPA"", ""matched_id"": ""00c1065d-13f6-42fc-be09-d1a8be6780cd"", ""matched_type"": ""METRIC"", ""similarity"": 1.0, ""source"": ""gazetteer""}, {""entity"": ""net NPA"", ""matched_node_name"": ""net NPA"", ""matched_id"": ""4539ed7c-a229-4073-a946-c4b6498648c7"", ""matched_type"": ""METRIC"", ""similarity"": 1.0, ""source"": ""gazetteer""}]",What are <COMPANY>'s <METRIC> and <METRIC> ratios?,"{""prop1_list"": [], ""nnp1"": ""bc5697b2-9b93-435d-8f41-2f024b80817a"", ""target_ids"": [""00c1065d-13f6-42fc-be09-d1a8be6780cd"", ""4539ed7c-a229-4073-a946-c4b6498648c7""], ""nn1"": ""COMPANY""}","{""nnp1"": ""bc5697b2-9b93-435d-8f41-2f024b80817a"", ""nnp2"": ""00c1065d-13f6-42fc-be09-d1a8be6780cd"", ""nnp3"": null, ""prop1"": null, ""nn1"": ""COMPANY"", ""nn2"": ""METRIC"", ""threshold"": null, ""target_ids"": [""00c1065d-13f6-42fc-be09-d1a8be6780cd"", ""4539ed7c-a229-4073-a946-c4b6498648c7""], ""prop1_list"": []}",primary,2,"Template: simple_triplet (F_Simple)
Query intent: Simple question: subject linked to objects via a predicate.

Row 1: Indian Bank improved its gross NPA level significantly to 1.86%.
Row 2: Indian Bank improved its net NPA metric to an exceptionally low 0.15%.","Indian Bank's gross NPA ratio stands at 1.86%, while its net NPA ratio is an exceptionally low 0.15%.",Relevant,The assistant output directly and accurately provides both the gross NPA and net NPA ratios requested by the user.,
What are Indian Bank's return on assets (ROA) and return on equity (ROE) for the latest quarter?,F_Simple,F_Simple,0.722638699193199,simple_triplet,True,"[""Indian Bank"", ""return on assets"", ""return on equity""]","[{""entity"": ""Indian Bank"", ""matched_node_name"": ""Indian Bank"", ""matched_id"": ""bc5697b2-9b93-435d-8f41-2f024b80817a"", ""matched_type"": ""COMPANY"", ""similarity"": 1.0, ""source"": ""gazetteer""}, {""entity"": ""return on assets"", ""matched_node_name"": ""return on assets"", ""matched_id"": ""dd83a8a6-2dd2-4407-9d71-917240c66c55"", ""matched_type"": ""METRIC"", ""similarity"": 1.0, ""source"": ""gazetteer""}, {""entity"": ""return on equity"", ""matched_node_name"": ""return on equity"", ""matched_id"": ""4c4c7086-00d6-4850-9bcd-ae7c8e8479a8"", ""matched_type"": ""METRIC"", ""similarity"": 1.0, ""source"": ""gazetteer""}]",What are <COMPANY>'s <METRIC> (ROA) and <METRIC> (ROE) for the latest quarter?,"{""prop1_list"": [], ""nnp1"": ""bc5697b2-9b93-435d-8f41-2f024b80817a"", ""target_ids"": [""dd83a8a6-2dd2-4407-9d71-917240c66c55"", ""4c4c7086-00d6-4850-9bcd-ae7c8e8479a8""], ""nn1"": ""COMPANY""}","{""nnp1"": ""bc5697b2-9b93-435d-8f41-2f024b80817a"", ""nnp2"": ""dd83a8a6-2dd2-4407-9d71-917240c66c55"", ""nnp3"": null, ""prop1"": null, ""nn1"": ""COMPANY"", ""nn2"": ""METRIC"", ""threshold"": null, ""target_ids"": [""dd83a8a6-2dd2-4407-9d71-917240c66c55"", ""4c4c7086-00d6-4850-9bcd-ae7c8e8479a8""], ""prop1_list"": []}",relaxed_direction,61,"Template: simple_triplet (F_Simple)
Query intent: Simple question: subject linked to objects via a predicate.

Row 1: Indian Bank provides targeted wealth-management services.
Row 2: Indian Bank provides specialized trade finance services.
Row 3: Indian Bank operates dedicated treasury services.
Row 4: Indian Bank provides forex services to its client base.
Row 5: Indian Bank provides cash-management services to corporate clients.
Row 6: Indian Bank serves the MSME customer segment through its RAM lending focus.
Row 7: Indian Bank offers services tailored to NRI customers.
Row 8: Indian Bank runs an extensive network of 6,001 branches.
Row 9: Indian Bank deploys 5,657 ATMs and cash-recycling machines for customer transactions.
Row 10: Indian Bank is exposed to Credit Risk stemming from its infrastructure and corporate concentration.
Row 11: Indian Bank is exposed to Interest-Rate Risk.
Row 12: Indian Bank is exposed to ordinary Regulatory Risk.
Row 13: Indian Bank improved its gross NPA level significantly to 1.86%.
Row 14: Indian Bank improved its net NPA metric to an exceptionally low 0.15%.
Row 15: Indian Bank maintains an extremely robust provision coverage ratio of 98.22%.
Row 16: Indian Bank reported a capital adequacy ratio of 17.58%, remaining comfortably above the regulatory minimum.
Row 17: Indian Bank recorded a strong CET1 metric of 16.51%.
Row 18: Indian Bank holds a Universal Banking License.
Row 19: Indian Bank serves retail customers as a core element of its strategy.
Row 20: Indian Bank uses Additional Tier I Bonds as a funding source.
Row 21: Indian Bank holds an AA+ Stable credit rating from CRISIL on its Additional Tier I bonds. (as of 2026-02-06)
Row 22: Indian Bank actively serves agricultural customers as part of its strategic mandate.
Row 23: Indian Bank relies strategically on its presence and retail deposit franchise in South India.
Row 24: Indian Bank utilizes cash-recycling machines within its combined network of 5,657 automated service points.
Row 25: Indian Bank has lending exposure to the Corporate segment.
Row 26: Indian Bank serves corporate customers across India.
Row 27: Indian Bank is exposed to Technology Risk due to the large scale of its ongoing digitization push.
Row 28: Indian Bank is headquartered in the city of Chennai.
Row 29: Indian Bank has its corporate headquarters in the state of Tamil Nadu.
Row 30: Indian Bank's performance relies heavily on the regional economy of Tamil Nadu.
Row 31: Indian Bank merged with Allahabad Bank to become the seventh-largest PSU bank. (as of 2020-04-01)
Row 32: Indian Bank expects its growth to be heavily dependent on RAM (Retail, Agriculture, and MSME) lending.
Row 33: Indian Bank maintains a strategic loan exposure focused heavily on RAM lending.
Row 34: Indian Bank has strategic loan exposure to infrastructure lending.
Row 35: Indian Bank utilizes digital channels for processing roughly 95% of its overall transactions.
Row 36: Indian Bank serves government and institutional customer segments.
Row 37: Indian Bank operates an international branch physically located in Colombo.
Row 38: Indian Bank operates an international branch physically located in Singapore.
Row 39: Indian Bank generated a total income of ₹20,723.62 crore for the quarter.
Row 40: Indian Bank recorded an interest income of ₹18,090.16 crore, comprising roughly 87% of its total income.
Row 41: Indian Bank implies relatively modest fee income generated in comparison to its interest income.
Row 42: Indian Bank features its capital position as one of its clearest and most heavily evidenced structural strengths.
Row 43: Indian Bank possesses a clear business opportunity in its strategic pivot toward RAM and infrastructure lending.
Row 44: Indian Bank depends heavily on its strong Retail Deposits franchise.
Row 45: Indian Bank maintains an AAA Stable credit rating from CRISIL on its Tier II Basel III bonds and infrastructure bonds. (as of 2026-02-06)
Row 46: Indian Bank raises capital funded by Tier II Basel III Bonds.
Row 47: Indian Bank is funded through the issuance of Infrastructure Bonds.
Row 48: Indian Bank holds an A1+ rating from CRISIL on its certificate-of-deposit programme. (as of 2026-02-06)
Row 49: Indian Bank issues certificates of deposit as a funding source.
Row 50: Indian Bank expects to drive growth through a continued expansion of Digital Transactions.
Row 51: Indian Bank's net interest margin is influenced by the trajectory of Deposit Repricing.
Row 52: Indian Bank's margin is supported by strategic CASA Mobilization.
Row 53: Indian Bank's return on equity is driven by its focus on Capital Efficiency.
Row 54: Indian Bank is fundamentally exposed to risk from its Corporate and Infrastructure Loan Concentration.
Row 55: Indian Bank benefits from Sovereign Ownership, which significantly underpins the stability of its top-tier CRISIL ratings.
Row 56: Indian Bank is regulated by the Reserve Bank of India.
Row 57: Indian Bank is regulated by the Securities and Exchange Board of India (SEBI).
Row 58: Indian Bank undergoes credit rating assessments by CRISIL.
Row 59: Binod Kumar assumed the leadership role of MD & CEO at Indian Bank. (as of 2025-01-01)
Row 60: The Government of India holds a 73.84% ownership stake in Indian Bank.
Row 61: LIC retains major institutional holdings in Indian Bank.",The retrieved facts do not cover Indian Bank's return on assets (ROA) or return on equity (ROE) for the latest quarter.,Not relevant,"The assistant output states that the retrieved facts do not cover the requested financial metrics, thus failing to address the user query.",
What was Indian Bank's total advances (loan book) and deposit growth in the latest quarter?,F_Simple,F_Simple,0.6699160133060035,simple_triplet,True,"[""Indian Bank"", ""total advances"", ""deposit growth""]","[{""entity"": ""Indian Bank"", ""matched_node_name"": ""Indian Bank"", ""matched_id"": ""bc5697b2-9b93-435d-8f41-2f024b80817a"", ""matched_type"": ""COMPANY"", ""similarity"": 1.0, ""source"": ""gazetteer""}, {""entity"": ""total advances"", ""matched_node_name"": ""Total Advances"", ""matched_id"": ""96dbb53b-28f6-42c3-96e5-77dc48c86818"", ""matched_type"": ""METRIC"", ""similarity"": 1.0, ""source"": ""gazetteer""}, {""entity"": ""deposit growth"", ""matched_node_name"": ""deposit growth"", ""matched_id"": ""74d2ba68-dde6-485e-ad5d-c3483d1ec0d8"", ""matched_type"": ""METRIC"", ""similarity"": 1.0, ""source"": ""gazetteer""}]",What was <COMPANY>'s <METRIC> (loan book) and <METRIC> in the latest quarter?,"{""prop1_list"": [], ""nnp1"": ""bc5697b2-9b93-435d-8f41-2f024b80817a"", ""target_ids"": [""96dbb53b-28f6-42c3-96e5-77dc48c86818"", ""74d2ba68-dde6-485e-ad5d-c3483d1ec0d8""], ""nn1"": ""COMPANY""}","{""nnp1"": ""bc5697b2-9b93-435d-8f41-2f024b80817a"", ""nnp2"": ""96dbb53b-28f6-42c3-96e5-77dc48c86818"", ""nnp3"": null, ""prop1"": null, ""nn1"": ""COMPANY"", ""nn2"": ""METRIC"", ""threshold"": null, ""target_ids"": [""96dbb53b-28f6-42c3-96e5-77dc48c86818"", ""74d2ba68-dde6-485e-ad5d-c3483d1ec0d8""], ""prop1_list"": []}",relaxed_direction,61,"Template: simple_triplet (F_Simple)
Query intent: Simple question: subject linked to objects via a predicate.

Row 1: Indian Bank provides targeted wealth-management services.
Row 2: Indian Bank provides specialized trade finance services.
Row 3: Indian Bank operates dedicated treasury services.
Row 4: Indian Bank provides forex services to its client base.
Row 5: Indian Bank provides cash-management services to corporate clients.
Row 6: Indian Bank serves the MSME customer segment through its RAM lending focus.
Row 7: Indian Bank offers services tailored to NRI customers.
Row 8: Indian Bank runs an extensive network of 6,001 branches.
Row 9: Indian Bank deploys 5,657 ATMs and cash-recycling machines for customer transactions.
Row 10: Indian Bank is exposed to Credit Risk stemming from its infrastructure and corporate concentration.
Row 11: Indian Bank is exposed to Interest-Rate Risk.
Row 12: Indian Bank is exposed to ordinary Regulatory Risk.
Row 13: Indian Bank improved its gross NPA level significantly to 1.86%.
Row 14: Indian Bank improved its net NPA metric to an exceptionally low 0.15%.
Row 15: Indian Bank maintains an extremely robust provision coverage ratio of 98.22%.
Row 16: Indian Bank reported a capital adequacy ratio of 17.58%, remaining comfortably above the regulatory minimum.
Row 17: Indian Bank recorded a strong CET1 metric of 16.51%.
Row 18: Indian Bank holds a Universal Banking License.
Row 19: Indian Bank serves retail customers as a core element of its strategy.
Row 20: Indian Bank uses Additional Tier I Bonds as a funding source.
Row 21: Indian Bank holds an AA+ Stable credit rating from CRISIL on its Additional Tier I bonds. (as of 2026-02-06)
Row 22: Indian Bank actively serves agricultural customers as part of its strategic mandate.
Row 23: Indian Bank relies strategically on its presence and retail deposit franchise in South India.
Row 24: Indian Bank utilizes cash-recycling machines within its combined network of 5,657 automated service points.
Row 25: Indian Bank has lending exposure to the Corporate segment.
Row 26: Indian Bank serves corporate customers across India.
Row 27: Indian Bank is exposed to Technology Risk due to the large scale of its ongoing digitization push.
Row 28: Indian Bank is headquartered in the city of Chennai.
Row 29: Indian Bank has its corporate headquarters in the state of Tamil Nadu.
Row 30: Indian Bank's performance relies heavily on the regional economy of Tamil Nadu.
Row 31: Indian Bank merged with Allahabad Bank to become the seventh-largest PSU bank. (as of 2020-04-01)
Row 32: Indian Bank expects its growth to be heavily dependent on RAM (Retail, Agriculture, and MSME) lending.
Row 33: Indian Bank maintains a strategic loan exposure focused heavily on RAM lending.
Row 34: Indian Bank has strategic loan exposure to infrastructure lending.
Row 35: Indian Bank utilizes digital channels for processing roughly 95% of its overall transactions.
Row 36: Indian Bank serves government and institutional customer segments.
Row 37: Indian Bank operates an international branch physically located in Colombo.
Row 38: Indian Bank operates an international branch physically located in Singapore.
Row 39: Indian Bank generated a total income of ₹20,723.62 crore for the quarter.
Row 40: Indian Bank recorded an interest income of ₹18,090.16 crore, comprising roughly 87% of its total income.
Row 41: Indian Bank implies relatively modest fee income generated in comparison to its interest income.
Row 42: Indian Bank features its capital position as one of its clearest and most heavily evidenced structural strengths.
Row 43: Indian Bank possesses a clear business opportunity in its strategic pivot toward RAM and infrastructure lending.
Row 44: Indian Bank depends heavily on its strong Retail Deposits franchise.
Row 45: Indian Bank maintains an AAA Stable credit rating from CRISIL on its Tier II Basel III bonds and infrastructure bonds. (as of 2026-02-06)
Row 46: Indian Bank raises capital funded by Tier II Basel III Bonds.
Row 47: Indian Bank is funded through the issuance of Infrastructure Bonds.
Row 48: Indian Bank holds an A1+ rating from CRISIL on its certificate-of-deposit programme. (as of 2026-02-06)
Row 49: Indian Bank issues certificates of deposit as a funding source.
Row 50: Indian Bank expects to drive growth through a continued expansion of Digital Transactions.
Row 51: Indian Bank's net interest margin is influenced by the trajectory of Deposit Repricing.
Row 52: Indian Bank's margin is supported by strategic CASA Mobilization.
Row 53: Indian Bank's return on equity is driven by its focus on Capital Efficiency.
Row 54: Indian Bank is fundamentally exposed to risk from its Corporate and Infrastructure Loan Concentration.
Row 55: Indian Bank benefits from Sovereign Ownership, which significantly underpins the stability of its top-tier CRISIL ratings.
Row 56: Indian Bank is regulated by the Reserve Bank of India.
Row 57: Indian Bank is regulated by the Securities and Exchange Board of India (SEBI).
Row 58: Indian Bank undergoes credit rating assessments by CRISIL.
Row 59: Binod Kumar assumed the leadership role of MD & CEO at Indian Bank. (as of 2025-01-01)
Row 60: The Government of India holds a 73.84% ownership stake in Indian Bank.
Row 61: LIC retains major institutional holdings in Indian Bank.",The retrieved facts do not cover Indian Bank's total advances or deposit growth for the latest quarter.,Not relevant,The assistant output fails to address the user request because it states that the necessary information is not available in the retrieved facts.,
"What products and services does Indian Bank offer, and which customer segments does it serve?",F_Simple,F_Simple,0.6369738725660826,simple_triplet,True,"[""Indian Bank""]","[{""entity"": ""Indian Bank"", ""matched_node_name"": ""Indian Bank"", ""matched_id"": ""bc5697b2-9b93-435d-8f41-2f024b80817a"", ""matched_type"": ""COMPANY"", ""similarity"": 1.0, ""source"": ""gazetteer""}]","What products and services does <COMPANY> offer, and which customer segments does it serve?","{""prop1_list"": [""OFFERS_PRODUCT"", ""SERVES""], ""nnp1"": ""bc5697b2-9b93-435d-8f41-2f024b80817a"", ""target_ids"": [], ""nn1"": ""COMPANY""}","{""nnp1"": ""bc5697b2-9b93-435d-8f41-2f024b80817a"", ""nnp2"": null, ""nnp3"": null, ""prop1"": ""SERVES"", ""nn1"": ""COMPANY"", ""nn2"": null, ""threshold"": null, ""target_ids"": [], ""prop1_list"": [""OFFERS_PRODUCT"", ""SERVES""]}",primary,6,"Template: simple_triplet (F_Simple)
Query intent: Simple question: subject linked to objects via a predicate.

Row 1: Indian Bank serves the MSME customer segment through its RAM lending focus.
Row 2: Indian Bank offers services tailored to NRI customers.
Row 3: Indian Bank serves retail customers as a core element of its strategy.
Row 4: Indian Bank actively serves agricultural customers as part of its strategic mandate.
Row 5: Indian Bank serves corporate customers across India.
Row 6: Indian Bank serves government and institutional customer segments.","Indian Bank serves retail, MSME through its RAM lending focus, corporate, agricultural, NRI, and government and institutional customer segments. The retrieved facts do not cover the specific products offered by Indian Bank.",Somewhat relevant,"The assistant output successfully identifies the customer segments served by Indian Bank, but fails to address the products and services offered.",
What is Central Bank of India's ticker symbol and on which exchange(s) does it trade?,F_Simple,F_Simple,0.5793572812935655,simple_triplet,True,"[""Central Bank of India""]","[{""entity"": ""Central Bank of India"", ""matched_node_name"": ""Central Bank of India"", ""matched_id"": ""883ce2b3-cb54-40fc-a76d-8b28d82c8fec"", ""matched_type"": ""COMPANY"", ""similarity"": 1.0, ""source"": ""gazetteer""}]",What is <COMPANY>'s ticker symbol and on which exchange(s) does it trade?,"{""prop1_list"": [], ""nnp1"": ""883ce2b3-cb54-40fc-a76d-8b28d82c8fec"", ""target_ids"": [], ""nn1"": ""COMPANY""}","{""nnp1"": ""883ce2b3-cb54-40fc-a76d-8b28d82c8fec"", ""nnp2"": null, ""nnp3"": null, ""prop1"": null, ""nn1"": ""COMPANY"", ""nn2"": null, ""threshold"": null, ""target_ids"": [], ""prop1_list"": []}",primary,38,"Template: simple_triplet (F_Simple)
Query intent: Simple question: subject linked to objects via a predicate.

Row 1: Central Bank of India achieved a robust CASA Ratio of 46.61% in the Q1 FY27 quarter. (as of 2026-06-30)
Row 2: Central Bank of India depends on CASA-led Deposit Mobilization as a principal growth driver.
Row 3: Central Bank of India posted a CET1 of 16.54% for Q1 FY27. (as of 2026-06-30)
Row 4: Central Bank of India looks to rapid Credit Expansion to drive future growth.
Row 5: FIIs held roughly a 1.3% stake in Central Bank of India as of 31 March 2025. (as of 2025-03-31)
Row 6: Central Bank of India holds a significant Funding-Cost Advantage over several peers owing to its elevated CASA ratio.
Row 7: Central Bank of India is exposed to Funding-Gap Risk stemming from advances heavily outgrowing deposits.
Row 8: Central Bank of India relies upon capital support provided by the Government of India.
Row 9: Central Bank of India is majority-owned by the Government of India, which held an 89.27% stake as of 31 March 2025. (as of 2025-03-31)
Row 10: Central Bank of India holds an IND AA Stable rating from India Ratings on its Tier II bonds.
Row 11: Central Bank of India is rated by India Ratings.
Row 12: Kalyan Kumar became the MD & CEO of Central Bank of India on 1 October 2025. (as of 2025-10-01)
Row 13: LIC held a 3.16% ownership stake in Central Bank of India as of March 2025. (as of 2025-03-31)
Row 14: Central Bank of India heavily targets the MSME customer segment.
Row 15: Central Bank of India operates out of its headquarters in Maharashtra.
Row 16: Central Bank of India is headquartered in Mumbai.
Row 17: Central Bank of India reported a Net Interest Margin of 3.06% in Q1 FY27. (as of 2026-06-30)
Row 18: Central Bank of India actively competes within the PSU Peer Group.
Row 19: Central Bank of India falls under the regulatory oversight of the RBI.
Row 20: Central Bank of India's business operations maintain a focus on Retail customers.
Row 21: Central Bank of India is regulated by SEBI as a listed company.
Row 22: Tapan Ray holds the role of non-executive chairman at Central Bank of India.
Row 23: Central Bank of India is funded through the issuance of Tier II Bonds.
Row 24: Central Bank of India reached Total Advances of ₹354,348 crore, marking 28.58% year-on-year growth. (as of 2026-06-30)
Row 25: Central Bank of India possesses and operates under a Universal Banking License.
Row 26: Central Bank of India focuses on serving Agricultural customers.
Row 27: Central Bank of India reported a Capital Adequacy of 18.28% in Q1 FY27. (as of 2026-06-30)
Row 28: Central Bank of India's Q1 FY27 Cost-to-Income Ratio stood elevated at 55.40%. (as of 2026-06-30)
Row 29: Central Bank of India is exposed to ordinary Credit Risk across its lending operations.
Row 30: Central Bank of India reported Deposit Growth of 11.68% year-on-year for Q1 FY27. (as of 2026-06-30)
Row 31: Central Bank of India's Gross NPA improved but remained a legacy overhang at 2.60% in Q1 FY27. (as of 2026-06-30)
Row 32: Mutual Funds collectively held roughly 0.22% of Central Bank of India's equity as of March 2025. (as of 2025-03-31)
Row 33: Central Bank of India reported its Net NPA at 0.49% for Q1 FY27. (as of 2026-06-30)
Row 34: Central Bank of India generated a Net Interest Income of ₹3,914 crore in Q1 FY27, up 15.70% year-on-year. (as of 2026-06-30)
Row 35: Central Bank of India remains exposed to Operational Risk tied to managing its sprawling legacy, branch-heavy network.
Row 36: Central Bank of India reported a strong Provision Coverage of 95.86% for Q1 FY27. (as of 2026-06-30)
Row 37: Central Bank of India reported a Return on Assets of 1.00% for Q1 FY27. (as of 2026-06-30)
Row 38: Central Bank of India achieved a Return on Equity of 14.92% for the Q1 FY27 quarter. (as of 2026-06-30)",The retrieved facts do not cover Central Bank of India's ticker symbol or the exchange(s) on which it trades.,Not relevant,The assistant output fails to address the user request because it states that the information is missing rather than providing the ticker symbol and exchange.,
"Who is the current MD & CEO (or Chairman, where that is the top executive title) of Central Bank of India?",F_Simple,F_Simple,0.7193366375613698,simple_triplet,True,"[""uti"", ""Central Bank of India"", ""MD""]","[{""entity"": ""uti"", ""matched_node_name"": ""UTI"", ""matched_id"": ""fd4feaba-a9ac-4e43-9418-e90485ccc0ee"", ""matched_type"": ""SHAREHOLDER"", ""similarity"": 1.0, ""source"": ""gazetteer""}, {""entity"": ""Central Bank of India"", ""matched_node_name"": ""Central Bank of India"", ""matched_id"": ""883ce2b3-cb54-40fc-a76d-8b28d82c8fec"", ""matched_type"": ""COMPANY"", ""similarity"": 1.0, ""source"": ""gazetteer""}, {""entity"": ""MD"", ""matched_node_name"": ""Sydney"", ""matched_id"": ""6ce73991-b958-4fd6-a892-0d2f5d32b61b"", ""matched_type"": ""GEOGRAPHY"", ""similarity"": 0.6347882270812988, ""source"": ""semantic""}]","Who is the current <GEOGRAPHY> & CEO (or Chairman, where that is the top exec<SHAREHOLDER>ve title) of <COMPANY>?","{""prop1_list"": [""GovernanceRole"", ""HOLDS_ROLE""], ""nnp1"": ""883ce2b3-cb54-40fc-a76d-8b28d82c8fec"", ""target_ids"": [""fd4feaba-a9ac-4e43-9418-e90485ccc0ee"", ""6ce73991-b958-4fd6-a892-0d2f5d32b61b""], ""nn1"": ""COMPANY""}","{""nnp1"": ""883ce2b3-cb54-40fc-a76d-8b28d82c8fec"", ""nnp2"": ""6ce73991-b958-4fd6-a892-0d2f5d32b61b"", ""nnp3"": null, ""prop1"": ""GovernanceRole"", ""nn1"": ""COMPANY"", ""nn2"": ""GEOGRAPHY"", ""threshold"": null, ""target_ids"": [""fd4feaba-a9ac-4e43-9418-e90485ccc0ee"", ""6ce73991-b958-4fd6-a892-0d2f5d32b61b""], ""prop1_list"": [""GovernanceRole"", ""HOLDS_ROLE""]}",relaxed_direction,2,"Template: simple_triplet (F_Simple)
Query intent: Simple question: subject linked to objects via a predicate.

Row 1: Kalyan Kumar became the MD & CEO of Central Bank of India on 1 October 2025. (as of 2025-10-01)
Row 2: Tapan Ray holds the role of non-executive chairman at Central Bank of India.","Kalyan Kumar serves as the MD & CEO of Central Bank of India, having assumed the role on 1 October 2025. Additionally, Tapan Ray holds the position of non-executive chairman at the bank.",Relevant,The assistant output directly and accurately addresses the user's request by identifying the current MD & CEO and the Chairman of Central Bank of India.,
What was Central Bank of India's CASA ratio in the most recently reported quarter?,F_Simple,F_Simple,0.538152170436721,simple_triplet,True,"[""Central Bank of India"", ""CASA ratio""]","[{""entity"": ""Central Bank of India"", ""matched_node_name"": ""Central Bank of India"", ""matched_id"": ""883ce2b3-cb54-40fc-a76d-8b28d82c8fec"", ""matched_type"": ""COMPANY"", ""similarity"": 1.0, ""source"": ""gazetteer""}, {""entity"": ""CASA ratio"", ""matched_node_name"": ""CASA ratio"", ""matched_id"": ""f552ef12-cf71-4307-80e3-1eb10e256154"", ""matched_type"": ""METRIC"", ""similarity"": 1.0, ""source"": ""gazetteer""}]",What was <COMPANY>'s <METRIC> in the most recently reported quarter?,"{""prop1_list"": [], ""nnp1"": ""883ce2b3-cb54-40fc-a76d-8b28d82c8fec"", ""target_ids"": [""f552ef12-cf71-4307-80e3-1eb10e256154""], ""nn1"": ""COMPANY""}","{""nnp1"": ""883ce2b3-cb54-40fc-a76d-8b28d82c8fec"", ""nnp2"": ""f552ef12-cf71-4307-80e3-1eb10e256154"", ""nnp3"": null, ""prop1"": null, ""nn1"": ""COMPANY"", ""nn2"": ""METRIC"", ""threshold"": null, ""target_ids"": [""f552ef12-cf71-4307-80e3-1eb10e256154""], ""prop1_list"": []}",primary,1,"Template: simple_triplet (F_Simple)
Query intent: Simple question: subject linked to objects via a predicate.

Row 1: Central Bank of India achieved a robust CASA Ratio of 46.61% in the Q1 FY27 quarter. (as of 2026-06-30)","Central Bank of India achieved a robust CASA ratio of 46.61% in the Q1 FY27 quarter, as of June 30, 2026.",Relevant,The assistant output directly answers the user's request by providing the exact CASA ratio for the most recently reported quarter.,
What are Central Bank of India's gross NPA and net NPA ratios?,F_Simple,F_Simple,0.4614519440598716,simple_triplet,True,"[""Central Bank of India"", ""gross NPA"", ""net NPA""]","[{""entity"": ""Central Bank of India"", ""matched_node_name"": ""Central Bank of India"", ""matched_id"": ""883ce2b3-cb54-40fc-a76d-8b28d82c8fec"", ""matched_type"": ""COMPANY"", ""similarity"": 1.0, ""source"": ""gazetteer""}, {""entity"": ""gross NPA"", ""matched_node_name"": ""gross NPA"", ""matched_id"": ""00c1065d-13f6-42fc-be09-d1a8be6780cd"", ""matched_type"": ""METRIC"", ""similarity"": 1.0, ""source"": ""gazetteer""}, {""entity"": ""net NPA"", ""matched_node_name"": ""net NPA"", ""matched_id"": ""4539ed7c-a229-4073-a946-c4b6498648c7"", ""matched_type"": ""METRIC"", ""similarity"": 1.0, ""source"": ""gazetteer""}]",What are <COMPANY>'s <METRIC> and <METRIC> ratios?,"{""prop1_list"": [], ""nnp1"": ""883ce2b3-cb54-40fc-a76d-8b28d82c8fec"", ""target_ids"": [""00c1065d-13f6-42fc-be09-d1a8be6780cd"", ""4539ed7c-a229-4073-a946-c4b6498648c7""], ""nn1"": ""COMPANY""}","{""nnp1"": ""883ce2b3-cb54-40fc-a76d-8b28d82c8fec"", ""nnp2"": ""00c1065d-13f6-42fc-be09-d1a8be6780cd"", ""nnp3"": null, ""prop1"": null, ""nn1"": ""COMPANY"", ""nn2"": ""METRIC"", ""threshold"": null, ""target_ids"": [""00c1065d-13f6-42fc-be09-d1a8be6780cd"", ""4539ed7c-a229-4073-a946-c4b6498648c7""], ""prop1_list"": []}",primary,2,"Template: simple_triplet (F_Simple)
Query intent: Simple question: subject linked to objects via a predicate.

Row 1: Central Bank of India's Gross NPA improved but remained a legacy overhang at 2.60% in Q1 FY27. (as of 2026-06-30)
Row 2: Central Bank of India reported its Net NPA at 0.49% for Q1 FY27. (as of 2026-06-30)","Central Bank of India reported a gross NPA ratio of 2.60% and a net NPA ratio of 0.49% for the first quarter of fiscal year 2027, ending June 30, 2026.",Relevant,The assistant output directly answers the user request by providing both the gross NPA and net NPA ratios for the specified bank.,
What are Central Bank of India's return on assets (ROA) and return on equity (ROE) for the latest quarter?,F_Simple,F_Simple,0.722638699193199,simple_triplet,True,"[""Central Bank of India"", ""return on assets"", ""return on equity""]","[{""entity"": ""Central Bank of India"", ""matched_node_name"": ""Central Bank of India"", ""matched_id"": ""883ce2b3-cb54-40fc-a76d-8b28d82c8fec"", ""matched_type"": ""COMPANY"", ""similarity"": 1.0, ""source"": ""gazetteer""}, {""entity"": ""return on assets"", ""matched_node_name"": ""return on assets"", ""matched_id"": ""dd83a8a6-2dd2-4407-9d71-917240c66c55"", ""matched_type"": ""METRIC"", ""similarity"": 1.0, ""source"": ""gazetteer""}, {""entity"": ""return on equity"", ""matched_node_name"": ""return on equity"", ""matched_id"": ""4c4c7086-00d6-4850-9bcd-ae7c8e8479a8"", ""matched_type"": ""METRIC"", ""similarity"": 1.0, ""source"": ""gazetteer""}]",What are <COMPANY>'s <METRIC> (ROA) and <METRIC> (ROE) for the latest quarter?,"{""prop1_list"": [], ""nnp1"": ""883ce2b3-cb54-40fc-a76d-8b28d82c8fec"", ""target_ids"": [""dd83a8a6-2dd2-4407-9d71-917240c66c55"", ""4c4c7086-00d6-4850-9bcd-ae7c8e8479a8""], ""nn1"": ""COMPANY""}","{""nnp1"": ""883ce2b3-cb54-40fc-a76d-8b28d82c8fec"", ""nnp2"": ""dd83a8a6-2dd2-4407-9d71-917240c66c55"", ""nnp3"": null, ""prop1"": null, ""nn1"": ""COMPANY"", ""nn2"": ""METRIC"", ""threshold"": null, ""target_ids"": [""dd83a8a6-2dd2-4407-9d71-917240c66c55"", ""4c4c7086-00d6-4850-9bcd-ae7c8e8479a8""], ""prop1_list"": []}",primary,2,"Template: simple_triplet (F_Simple)
Query intent: Simple question: subject linked to objects via a predicate.

Row 1: Central Bank of India reported a Return on Assets of 1.00% for Q1 FY27. (as of 2026-06-30)
Row 2: Central Bank of India achieved a Return on Equity of 14.92% for the Q1 FY27 quarter. (as of 2026-06-30)","For Q1 FY27 (as of June 30, 2026), Central Bank of India reported a return on assets of 1.00% and a return on equity of 14.92%.",Relevant,The assistant output directly and completely provides the Central Bank of India's return on assets and return on equity for the latest quarter as requested.,
What was Central Bank of India's total advances (loan book) and deposit growth in the latest quarter?,F_Simple,F_Simple,0.6699160133060035,simple_triplet,True,"[""Central Bank of India"", ""total advances"", ""deposit growth""]","[{""entity"": ""Central Bank of India"", ""matched_node_name"": ""Central Bank of India"", ""matched_id"": ""883ce2b3-cb54-40fc-a76d-8b28d82c8fec"", ""matched_type"": ""COMPANY"", ""similarity"": 1.0, ""source"": ""gazetteer""}, {""entity"": ""total advances"", ""matched_node_name"": ""Total Advances"", ""matched_id"": ""96dbb53b-28f6-42c3-96e5-77dc48c86818"", ""matched_type"": ""METRIC"", ""similarity"": 1.0, ""source"": ""gazetteer""}, {""entity"": ""deposit growth"", ""matched_node_name"": ""deposit growth"", ""matched_id"": ""74d2ba68-dde6-485e-ad5d-c3483d1ec0d8"", ""matched_type"": ""METRIC"", ""similarity"": 1.0, ""source"": ""gazetteer""}]",What was <COMPANY>'s <METRIC> (loan book) and <METRIC> in the latest quarter?,"{""prop1_list"": [], ""nnp1"": ""883ce2b3-cb54-40fc-a76d-8b28d82c8fec"", ""target_ids"": [""96dbb53b-28f6-42c3-96e5-77dc48c86818"", ""74d2ba68-dde6-485e-ad5d-c3483d1ec0d8""], ""nn1"": ""COMPANY""}","{""nnp1"": ""883ce2b3-cb54-40fc-a76d-8b28d82c8fec"", ""nnp2"": ""96dbb53b-28f6-42c3-96e5-77dc48c86818"", ""nnp3"": null, ""prop1"": null, ""nn1"": ""COMPANY"", ""nn2"": ""METRIC"", ""threshold"": null, ""target_ids"": [""96dbb53b-28f6-42c3-96e5-77dc48c86818"", ""74d2ba68-dde6-485e-ad5d-c3483d1ec0d8""], ""prop1_list"": []}",primary,2,"Template: simple_triplet (F_Simple)
Query intent: Simple question: subject linked to objects via a predicate.

Row 1: Central Bank of India reached Total Advances of ₹354,348 crore, marking 28.58% year-on-year growth. (as of 2026-06-30)
Row 2: Central Bank of India reported Deposit Growth of 11.68% year-on-year for Q1 FY27. (as of 2026-06-30)","As of June 30, 2026, Central Bank of India reached total advances of ₹354,348 crore, representing a year-on-year growth of 28.58%. Additionally, the bank reported a year-on-year deposit growth of 11.68% for the same quarter, Q1 FY27.",Relevant,The assistant output directly and completely answers the user request by providing both the total advances and the deposit growth for Central Bank of India in the latest specified quarter.,
"What credit ratings has Central Bank of India received, and from which rating agencies?",F_Simple,F_Simple,0.6530191275890218,simple_triplet,True,"[""Central Bank of India""]","[{""entity"": ""Central Bank of India"", ""matched_node_name"": ""Central Bank of India"", ""matched_id"": ""883ce2b3-cb54-40fc-a76d-8b28d82c8fec"", ""matched_type"": ""COMPANY"", ""similarity"": 1.0, ""source"": ""gazetteer""}]","What credit ratings has <COMPANY> received, and from which rating agencies?","{""prop1_list"": [""HAS_RATING""], ""nnp1"": ""883ce2b3-cb54-40fc-a76d-8b28d82c8fec"", ""target_ids"": [], ""nn1"": ""COMPANY""}","{""nnp1"": ""883ce2b3-cb54-40fc-a76d-8b28d82c8fec"", ""nnp2"": null, ""nnp3"": null, ""prop1"": ""HAS_RATING"", ""nn1"": ""COMPANY"", ""nn2"": null, ""threshold"": null, ""target_ids"": [], ""prop1_list"": [""HAS_RATING""]}",primary,1,"Template: simple_triplet (F_Simple)
Query intent: Simple question: subject linked to objects via a predicate.

Row 1: Central Bank of India holds an IND AA Stable rating from India Ratings on its Tier II bonds.",Central Bank of India has received an IND AA Stable credit rating for its Tier II bonds from the rating agency India Ratings.,Somewhat relevant,"The output mentions one rating agency and a specific credit rating for Tier II bonds, but it fails to provide a comprehensive view of all credit ratings the Central Bank of India has received across its various debt instruments and agencies.",
"Roughly how many branches and ATMs does Central Bank of India operate, and as of what date?",F_QuantCount,F_Simple,0.3513365825325079,simple_triplet,False,"[""ATMs"", ""Central Bank of India""]","[{""entity"": ""ATMs"", ""matched_node_name"": ""ATMs"", ""matched_id"": ""1d9af7d1-80d1-4631-9a7a-7765335565d0"", ""matched_type"": ""DISTRIBUTIONCHANNEL"", ""similarity"": 1.0, ""source"": ""gazetteer""}, {""entity"": ""Central Bank of India"", ""matched_node_name"": ""Central Bank of India"", ""matched_id"": ""883ce2b3-cb54-40fc-a76d-8b28d82c8fec"", ""matched_type"": ""COMPANY"", ""similarity"": 1.0, ""source"": ""gazetteer""}]","Roughly how many branches and <DISTRIBUTIONCHANNEL> does <COMPANY> operate, and as of what date?","{""prop1_list"": [], ""nnp1"": ""883ce2b3-cb54-40fc-a76d-8b28d82c8fec"", ""target_ids"": [""1d9af7d1-80d1-4631-9a7a-7765335565d0""], ""nn1"": ""COMPANY""}","{""nnp1"": ""883ce2b3-cb54-40fc-a76d-8b28d82c8fec"", ""nnp2"": ""1d9af7d1-80d1-4631-9a7a-7765335565d0"", ""nnp3"": null, ""prop1"": null, ""nn1"": ""COMPANY"", ""nn2"": ""DISTRIBUTIONCHANNEL"", ""threshold"": null, ""target_ids"": [""1d9af7d1-80d1-4631-9a7a-7765335565d0""], ""prop1_list"": []}",relaxed_direction,38,"Template: simple_triplet (F_Simple)
Query intent: Simple question: subject linked to objects via a predicate.

Row 1: Central Bank of India heavily targets the MSME customer segment.
Row 2: Central Bank of India achieved a robust CASA Ratio of 46.61% in the Q1 FY27 quarter. (as of 2026-06-30)
Row 3: Central Bank of India generated a Net Interest Income of ₹3,914 crore in Q1 FY27, up 15.70% year-on-year. (as of 2026-06-30)
Row 4: Central Bank of India is exposed to ordinary Credit Risk across its lending operations.
Row 5: Central Bank of India reported a Return on Assets of 1.00% for Q1 FY27. (as of 2026-06-30)
Row 6: Central Bank of India achieved a Return on Equity of 14.92% for the Q1 FY27 quarter. (as of 2026-06-30)
Row 7: Central Bank of India's Q1 FY27 Cost-to-Income Ratio stood elevated at 55.40%. (as of 2026-06-30)
Row 8: Central Bank of India's Gross NPA improved but remained a legacy overhang at 2.60% in Q1 FY27. (as of 2026-06-30)
Row 9: Central Bank of India reported its Net NPA at 0.49% for Q1 FY27. (as of 2026-06-30)
Row 10: Central Bank of India reported a strong Provision Coverage of 95.86% for Q1 FY27. (as of 2026-06-30)
Row 11: Central Bank of India reported a Capital Adequacy of 18.28% in Q1 FY27. (as of 2026-06-30)
Row 12: Central Bank of India posted a CET1 of 16.54% for Q1 FY27. (as of 2026-06-30)
Row 13: Central Bank of India possesses and operates under a Universal Banking License.
Row 14: Central Bank of India reported a Net Interest Margin of 3.06% in Q1 FY27. (as of 2026-06-30)
Row 15: Central Bank of India's business operations maintain a focus on Retail customers.
Row 16: Central Bank of India focuses on serving Agricultural customers.
Row 17: Central Bank of India remains exposed to Operational Risk tied to managing its sprawling legacy, branch-heavy network.
Row 18: Central Bank of India reported Deposit Growth of 11.68% year-on-year for Q1 FY27. (as of 2026-06-30)
Row 19: Central Bank of India actively competes within the PSU Peer Group.
Row 20: Central Bank of India holds a significant Funding-Cost Advantage over several peers owing to its elevated CASA ratio.
Row 21: Central Bank of India reached Total Advances of ₹354,348 crore, marking 28.58% year-on-year growth. (as of 2026-06-30)
Row 22: Central Bank of India is exposed to Funding-Gap Risk stemming from advances heavily outgrowing deposits.
Row 23: Central Bank of India holds an IND AA Stable rating from India Ratings on its Tier II bonds.
Row 24: Central Bank of India is funded through the issuance of Tier II Bonds.
Row 25: Central Bank of India looks to rapid Credit Expansion to drive future growth.
Row 26: Central Bank of India depends on CASA-led Deposit Mobilization as a principal growth driver.
Row 27: Central Bank of India falls under the regulatory oversight of the RBI.
Row 28: Central Bank of India is regulated by SEBI as a listed company.
Row 29: Central Bank of India is rated by India Ratings.
Row 30: Central Bank of India is headquartered in Mumbai.
Row 31: Central Bank of India operates out of its headquarters in Maharashtra.
Row 32: Central Bank of India relies upon capital support provided by the Government of India.
Row 33: Kalyan Kumar became the MD & CEO of Central Bank of India on 1 October 2025. (as of 2025-10-01)
Row 34: Tapan Ray holds the role of non-executive chairman at Central Bank of India.
Row 35: Central Bank of India is majority-owned by the Government of India, which held an 89.27% stake as of 31 March 2025. (as of 2025-03-31)
Row 36: LIC held a 3.16% ownership stake in Central Bank of India as of March 2025. (as of 2025-03-31)
Row 37: Mutual Funds collectively held roughly 0.22% of Central Bank of India's equity as of March 2025. (as of 2025-03-31)
Row 38: FIIs held roughly a 1.3% stake in Central Bank of India as of 31 March 2025. (as of 2025-03-31)",The retrieved facts do not cover the number of branches and ATMs operated by Central Bank of India or the date associated with them.,Not relevant,"The assistant output fails to answer the user request regarding the number of branches and ATMs, stating instead that the information is missing.",
What is Indian Overseas Bank's ticker symbol and on which exchange(s) does it trade?,F_Simple,F_Simple,0.5793572812935655,simple_triplet,True,"[""Indian Overseas Bank""]","[{""entity"": ""Indian Overseas Bank"", ""matched_node_name"": ""Indian Overseas Bank"", ""matched_id"": ""4f48b350-fb00-420d-81f9-0f5c74f14c06"", ""matched_type"": ""COMPANY"", ""similarity"": 1.0, ""source"": ""gazetteer""}]",What is <COMPANY>'s ticker symbol and on which exchange(s) does it trade?,"{""prop1_list"": [], ""nnp1"": ""4f48b350-fb00-420d-81f9-0f5c74f14c06"", ""target_ids"": [], ""nn1"": ""COMPANY""}","{""nnp1"": ""4f48b350-fb00-420d-81f9-0f5c74f14c06"", ""nnp2"": null, ""nnp3"": null, ""prop1"": null, ""nn1"": ""COMPANY"", ""nn2"": null, ""threshold"": null, ""target_ids"": [], ""prop1_list"": []}",primary,50,"Template: simple_triplet (F_Simple)
Query intent: Simple question: subject linked to objects via a predicate.

Row 1: Indian Overseas Bank was assigned or had reaffirmed an AA Stable rating for its Basel III Tier II bonds by ICRA.
Row 2: Ajay Kumar Srivastava functions as MD & CEO for Indian Overseas Bank.
Row 3: Indian Overseas Bank distributes services using a massive network of Banking Correspondents.
Row 4: Indian Overseas Bank suffered a decline in its CASA base.
Row 5: Indian Overseas Bank is headquartered in Chennai.
Row 6: Indian Overseas Bank manages operations via a banking unit in Colombo.
Row 7: Indian Overseas Bank saw its Credit-Deposit Ratio climb significantly by 630 basis points to 85.63%. (as of 2026-06-30)
Row 8: Indian Overseas Bank faced liquidity and funding pressures due to an increasing credit-deposit ratio.
Row 9: Indian Overseas Bank operates internationally with a representative office in Dubai.
Row 10: Indian Overseas Bank faces funding risk due to the erosion of its CASA deposits.
Row 11: Indian Overseas Bank experienced a decline in its Global CASA Ratio to 41.05% in Q1 FY27. (as of 2026-06-30)
Row 12: Indian Overseas Bank achieved a Global Margin of 3.37% over Q1 FY27. (as of 2026-06-30)
Row 13: Indian Overseas Bank reported Global Advances of ₹3.22 trillion in Q1 FY27, surging 22.75% year-on-year. (as of 2026-06-30)
Row 14: The Government of India holds majority ownership of Indian Overseas Bank.
Row 15: Indian Overseas Bank maintains a representative office and thus operates in Guangzhou.
Row 16: Indian Overseas Bank is rated by ICRA for its Basel III Tier II bonds.
Row 17: Indian Overseas Bank operates through a 35% stake joint-venture partnership with India International Bank (Malaysia).
Row 18: Indian Overseas Bank retains operations through a representative office in Kuala Lumpur.
Row 19: Indian Overseas Bank carries significant legacy lending exposure to the Corporate and International Book.
Row 20: Indian Overseas Bank caters directly to the MSME segment.
Row 21: Indian Overseas Bank actively targets and serves NRI Customers.
Row 22: Indian Overseas Bank's margin growth is driven by domestic net-interest-margin improvement.
Row 23: Indian Overseas Bank saw a 49.32% rise in net profit to ₹1,659 crore.
Row 24: Indian Overseas Bank distributes services using its Offshore Banking Unit.
Row 25: Indian Overseas Bank is regulated by the RBI.
Row 26: Indian Overseas Bank serves the Retail customer segment.
Row 27: Indian Overseas Bank is regulated by SEBI.
Row 28: Srinivasan Sridhar was appointed part-time non-official director and non-executive chairman of Indian Overseas Bank.
Row 29: Indian Overseas Bank serves the specific Tamil Diaspora community via its overseas network.
Row 30: Indian Overseas Bank maintains operations from its Tamil Nadu base.
Row 31: Indian Overseas Bank utilizes Basel III Tier II bonds as a funding source.
Row 32: Indian Overseas Bank serves Agricultural customers.
Row 33: Indian Overseas Bank recorded a capital adequacy ratio of 19.36% for Q1 FY27.
Row 34: Indian Overseas Bank provides various Cash-Management Services.
Row 35: Indian Overseas Bank maintains banking operations for Corporate customers.
Row 36: Indian Overseas Bank is exposed to cost risk driven by its rising cost-to-income ratio.
Row 37: Indian Overseas Bank experienced a sharp rise in its cost-to-income ratio, jumping from 44.22% to 53.95% year-on-year.
Row 38: Indian Overseas Bank posted deposit growth of 13.72% year-on-year for Q1 FY27.
Row 39: Indian Overseas Bank recorded a Domestic Net Interest Margin of 3.48% for Q1 FY27. (as of 2026-06-30)
Row 40: Indian Overseas Bank offers Forex services to its customers.
Row 41: Indian Overseas Bank improved its gross NPA to 1.33% from 1.97% a year earlier.
Row 42: Indian Overseas Bank is exposed to liquidity risk resulting from its rising credit-deposit ratio.
Row 43: Indian Overseas Bank is subject to minimum-public-shareholding norms.
Row 44: Indian Overseas Bank reported a net NPA of 0.18%.
Row 45: Indian Overseas Bank generated ₹3,688 crore in Net Interest Income during Q1 FY27. (as of 2026-06-30)
Row 46: Indian Overseas Bank is exposed to operational risk linked to the jump in its cost-to-income ratio.
Row 47: Indian Overseas Bank achieved a provision coverage ratio of 97.67%.
Row 48: Indian Overseas Bank is exposed to regulatory risk tied to the ongoing government stake-sale process.
Row 49: Indian Overseas Bank's return on equity is supported by a profit turnaround following an asset-quality cleanup.
Row 50: Indian Overseas Bank actively provides Trade Finance services.",The retrieved facts do not cover Indian Overseas Bank's ticker symbol or the exchange(s) on which it trades.,Not relevant,"The assistant output fails to provide the requested ticker symbol and exchanges, stating that the information is missing.",
"Who is the current MD & CEO (or Chairman, where that is the top executive title) of Indian Overseas Bank?",F_Simple,F_Simple,0.7193366375613698,simple_triplet,True,"[""uti"", ""Indian Overseas Bank"", ""MD""]","[{""entity"": ""uti"", ""matched_node_name"": ""UTI"", ""matched_id"": ""fd4feaba-a9ac-4e43-9418-e90485ccc0ee"", ""matched_type"": ""SHAREHOLDER"", ""similarity"": 1.0, ""source"": ""gazetteer""}, {""entity"": ""Indian Overseas Bank"", ""matched_node_name"": ""Indian Overseas Bank"", ""matched_id"": ""4f48b350-fb00-420d-81f9-0f5c74f14c06"", ""matched_type"": ""COMPANY"", ""similarity"": 1.0, ""source"": ""gazetteer""}, {""entity"": ""MD"", ""matched_node_name"": ""Sydney"", ""matched_id"": ""6ce73991-b958-4fd6-a892-0d2f5d32b61b"", ""matched_type"": ""GEOGRAPHY"", ""similarity"": 0.6347882270812988, ""source"": ""semantic""}]","Who is the current <GEOGRAPHY> & CEO (or Chairman, where that is the top exec<SHAREHOLDER>ve title) of <COMPANY>?","{""prop1_list"": [""GovernanceRole"", ""HOLDS_ROLE""], ""nnp1"": ""4f48b350-fb00-420d-81f9-0f5c74f14c06"", ""target_ids"": [""fd4feaba-a9ac-4e43-9418-e90485ccc0ee"", ""6ce73991-b958-4fd6-a892-0d2f5d32b61b""], ""nn1"": ""COMPANY""}","{""nnp1"": ""4f48b350-fb00-420d-81f9-0f5c74f14c06"", ""nnp2"": ""6ce73991-b958-4fd6-a892-0d2f5d32b61b"", ""nnp3"": null, ""prop1"": ""GovernanceRole"", ""nn1"": ""COMPANY"", ""nn2"": ""GEOGRAPHY"", ""threshold"": null, ""target_ids"": [""fd4feaba-a9ac-4e43-9418-e90485ccc0ee"", ""6ce73991-b958-4fd6-a892-0d2f5d32b61b""], ""prop1_list"": [""GovernanceRole"", ""HOLDS_ROLE""]}",relaxed_direction,2,"Template: simple_triplet (F_Simple)
Query intent: Simple question: subject linked to objects via a predicate.

Row 1: Ajay Kumar Srivastava functions as MD & CEO for Indian Overseas Bank.
Row 2: Srinivasan Sridhar was appointed part-time non-official director and non-executive chairman of Indian Overseas Bank.",The current MD & CEO of Indian Overseas Bank is Ajay Kumar Srivastava.,Relevant,The assistant directly and accurately answers the user's request by providing the current MD & CEO of Indian Overseas Bank.,
"What percentage of Indian Overseas Bank is held by its government promoter or largest shareholder, and as of what date?",F_LogUnion,F_Simple,0.40233705467523107,simple_triplet,False,"[""Indian Overseas Bank""]","[{""entity"": ""Indian Overseas Bank"", ""matched_node_name"": ""Indian Overseas Bank"", ""matched_id"": ""4f48b350-fb00-420d-81f9-0f5c74f14c06"", ""matched_type"": ""COMPANY"", ""similarity"": 1.0, ""source"": ""gazetteer""}]","What percentage of <COMPANY> is held by its government promoter or largest shareholder, and as of what date?","{""prop1_list"": [""OWNS"", ""REGULATED_BY"", ""OwnershipStake"", ""HELD_BY"", ""OWNS_STAKE_IN""], ""nnp1"": ""4f48b350-fb00-420d-81f9-0f5c74f14c06"", ""target_ids"": [], ""nn1"": ""COMPANY""}","{""nnp1"": ""4f48b350-fb00-420d-81f9-0f5c74f14c06"", ""nnp2"": null, ""nnp3"": null, ""prop1"": ""REGULATED_BY"", ""nn1"": ""COMPANY"", ""nn2"": null, ""threshold"": null, ""target_ids"": [], ""prop1_list"": [""OWNS"", ""REGULATED_BY"", ""OwnershipStake"", ""HELD_BY"", ""OWNS_STAKE_IN""]}",primary,1,"Template: simple_triplet (F_Simple)
Query intent: Simple question: subject linked to objects via a predicate.

Row 1: The Government of India holds majority ownership of Indian Overseas Bank.","The Government of India holds majority ownership of Indian Overseas Bank. However, the retrieved facts do not specify the exact percentage or the date of this shareholding.",Somewhat relevant,The output identifies the government promoter but fails to provide the specific percentage and date requested by the user.,
What was Indian Overseas Bank's CASA ratio in the most recently reported quarter?,F_Simple,F_Simple,0.538152170436721,simple_triplet,True,"[""Indian Overseas Bank"", ""CASA ratio""]","[{""entity"": ""Indian Overseas Bank"", ""matched_node_name"": ""Indian Overseas Bank"", ""matched_id"": ""4f48b350-fb00-420d-81f9-0f5c74f14c06"", ""matched_type"": ""COMPANY"", ""similarity"": 1.0, ""source"": ""gazetteer""}, {""entity"": ""CASA ratio"", ""matched_node_name"": ""CASA ratio"", ""matched_id"": ""f552ef12-cf71-4307-80e3-1eb10e256154"", ""matched_type"": ""METRIC"", ""similarity"": 1.0, ""source"": ""gazetteer""}]",What was <COMPANY>'s <METRIC> in the most recently reported quarter?,"{""prop1_list"": [], ""nnp1"": ""4f48b350-fb00-420d-81f9-0f5c74f14c06"", ""target_ids"": [""f552ef12-cf71-4307-80e3-1eb10e256154""], ""nn1"": ""COMPANY""}","{""nnp1"": ""4f48b350-fb00-420d-81f9-0f5c74f14c06"", ""nnp2"": ""f552ef12-cf71-4307-80e3-1eb10e256154"", ""nnp3"": null, ""prop1"": null, ""nn1"": ""COMPANY"", ""nn2"": ""METRIC"", ""threshold"": null, ""target_ids"": [""f552ef12-cf71-4307-80e3-1eb10e256154""], ""prop1_list"": []}",primary,1,"Template: simple_triplet (F_Simple)
Query intent: Simple question: subject linked to objects via a predicate.

Row 1: Indian Overseas Bank suffered a decline in its CASA base.","The retrieved facts do not cover Indian Overseas Bank's CASA ratio for the most recently reported quarter, though they do note that the bank suffered a decline in its CASA base.",Not relevant,The assistant output states it does not have the information to answer the user's specific question about the CASA ratio for the most recently reported quarter.,
What is Indian Overseas Bank's net interest margin (NIM) for the latest reported period?,F_Simple,F_Simple,0.704794952545776,simple_triplet,True,"[""Indian Overseas Bank"", ""net interest margin""]","[{""entity"": ""Indian Overseas Bank"", ""matched_node_name"": ""Indian Overseas Bank"", ""matched_id"": ""4f48b350-fb00-420d-81f9-0f5c74f14c06"", ""matched_type"": ""COMPANY"", ""similarity"": 1.0, ""source"": ""gazetteer""}, {""entity"": ""net interest margin"", ""matched_node_name"": ""Net interest margin"", ""matched_id"": ""ce0a12ce-b581-4229-a6b2-4d53c46e9d9d"", ""matched_type"": ""METRIC"", ""similarity"": 1.0, ""source"": ""gazetteer""}]",What is <COMPANY>'s <METRIC> (NIM) for the latest reported period?,"{""prop1_list"": [], ""nnp1"": ""4f48b350-fb00-420d-81f9-0f5c74f14c06"", ""target_ids"": [""ce0a12ce-b581-4229-a6b2-4d53c46e9d9d""], ""nn1"": ""COMPANY""}","{""nnp1"": ""4f48b350-fb00-420d-81f9-0f5c74f14c06"", ""nnp2"": ""ce0a12ce-b581-4229-a6b2-4d53c46e9d9d"", ""nnp3"": null, ""prop1"": null, ""nn1"": ""COMPANY"", ""nn2"": ""METRIC"", ""threshold"": null, ""target_ids"": [""ce0a12ce-b581-4229-a6b2-4d53c46e9d9d""], ""prop1_list"": []}",primary,1,"Template: simple_triplet (F_Simple)
Query intent: Simple question: subject linked to objects via a predicate.

Row 1: Indian Overseas Bank's margin growth is driven by domestic net-interest-margin improvement.","The retrieved facts do not cover Indian Overseas Bank's specific net interest margin figure for the latest reported period. However, they indicate that the bank's margin growth is driven by domestic net-interest-margin improvement.",Somewhat relevant,The assistant output mentions the driver of the bank's margin growth but fails to provide the specific net interest margin figure requested for the latest reported period.,
What are Indian Overseas Bank's gross NPA and net NPA ratios?,F_Simple,F_Simple,0.4614519440598716,simple_triplet,True,"[""Indian Overseas Bank"", ""gross NPA"", ""net NPA""]","[{""entity"": ""Indian Overseas Bank"", ""matched_node_name"": ""Indian Overseas Bank"", ""matched_id"": ""4f48b350-fb00-420d-81f9-0f5c74f14c06"", ""matched_type"": ""COMPANY"", ""similarity"": 1.0, ""source"": ""gazetteer""}, {""entity"": ""gross NPA"", ""matched_node_name"": ""gross NPA"", ""matched_id"": ""00c1065d-13f6-42fc-be09-d1a8be6780cd"", ""matched_type"": ""METRIC"", ""similarity"": 1.0, ""source"": ""gazetteer""}, {""entity"": ""net NPA"", ""matched_node_name"": ""net NPA"", ""matched_id"": ""4539ed7c-a229-4073-a946-c4b6498648c7"", ""matched_type"": ""METRIC"", ""similarity"": 1.0, ""source"": ""gazetteer""}]",What are <COMPANY>'s <METRIC> and <METRIC> ratios?,"{""prop1_list"": [], ""nnp1"": ""4f48b350-fb00-420d-81f9-0f5c74f14c06"", ""target_ids"": [""00c1065d-13f6-42fc-be09-d1a8be6780cd"", ""4539ed7c-a229-4073-a946-c4b6498648c7""], ""nn1"": ""COMPANY""}","{""nnp1"": ""4f48b350-fb00-420d-81f9-0f5c74f14c06"", ""nnp2"": ""00c1065d-13f6-42fc-be09-d1a8be6780cd"", ""nnp3"": null, ""prop1"": null, ""nn1"": ""COMPANY"", ""nn2"": ""METRIC"", ""threshold"": null, ""target_ids"": [""00c1065d-13f6-42fc-be09-d1a8be6780cd"", ""4539ed7c-a229-4073-a946-c4b6498648c7""], ""prop1_list"": []}",primary,2,"Template: simple_triplet (F_Simple)
Query intent: Simple question: subject linked to objects via a predicate.

Row 1: Indian Overseas Bank improved its gross NPA to 1.33% from 1.97% a year earlier.
Row 2: Indian Overseas Bank reported a net NPA of 0.18%.",Indian Overseas Bank improved its gross non-performing asset (NPA) ratio to 1.33% from 1.97% a year earlier and reported a net NPA ratio of 0.18%.,Relevant,The assistant output directly provides both the gross NPA and net NPA ratios for Indian Overseas Bank as requested.,
"What is Indian Overseas Bank's capital adequacy ratio (CRAR), and its CET1 ratio if disclosed?",F_Simple,F_Simple,0.6595344106316016,simple_triplet,True,"[""Indian Overseas Bank"", ""capital adequacy ratio"", ""CE""]","[{""entity"": ""Indian Overseas Bank"", ""matched_node_name"": ""Indian Overseas Bank"", ""matched_id"": ""4f48b350-fb00-420d-81f9-0f5c74f14c06"", ""matched_type"": ""COMPANY"", ""similarity"": 1.0, ""source"": ""gazetteer""}, {""entity"": ""capital adequacy ratio"", ""matched_node_name"": ""capital adequacy ratio"", ""matched_id"": ""a9e7103c-2a43-4d54-94d2-0f9178dbb42e"", ""matched_type"": ""METRIC"", ""similarity"": 1.0, ""source"": ""gazetteer""}, {""entity"": ""CE"", ""matched_node_name"": ""NSE"", ""matched_id"": ""f991983e-e758-47f5-acbf-1afe822e5f20"", ""matched_type"": ""COMPANY"", ""similarity"": 0.6484348893165588, ""source"": ""semantic""}]","What is <COMPANY>'s <METRIC> (CRAR), and its <COMPANY>T1 ratio if disclosed?","{""prop1_list"": [], ""nnp1"": ""4f48b350-fb00-420d-81f9-0f5c74f14c06"", ""target_ids"": [""a9e7103c-2a43-4d54-94d2-0f9178dbb42e"", ""f991983e-e758-47f5-acbf-1afe822e5f20""], ""nn1"": ""COMPANY""}","{""nnp1"": ""4f48b350-fb00-420d-81f9-0f5c74f14c06"", ""nnp2"": ""f991983e-e758-47f5-acbf-1afe822e5f20"", ""nnp3"": null, ""prop1"": null, ""nn1"": ""COMPANY"", ""nn2"": ""COMPANY"", ""threshold"": null, ""target_ids"": [""a9e7103c-2a43-4d54-94d2-0f9178dbb42e"", ""f991983e-e758-47f5-acbf-1afe822e5f20""], ""prop1_list"": []}",primary,1,"Template: simple_triplet (F_Simple)
Query intent: Simple question: subject linked to objects via a predicate.

Row 1: Indian Overseas Bank recorded a capital adequacy ratio of 19.36% for Q1 FY27.",Indian Overseas Bank recorded a capital adequacy ratio of 19.36% for Q1 FY27. The retrieved facts do not disclose the CET1 ratio.,Relevant,The assistant directly addresses the user request by providing the capital adequacy ratio and correctly stating that the CET1 ratio was not disclosed in the retrieved facts.,
What are Indian Overseas Bank's return on assets (ROA) and return on equity (ROE) for the latest quarter?,F_Simple,F_Simple,0.722638699193199,simple_triplet,True,"[""Indian Overseas Bank"", ""return on assets"", ""return on equity""]","[{""entity"": ""Indian Overseas Bank"", ""matched_node_name"": ""Indian Overseas Bank"", ""matched_id"": ""4f48b350-fb00-420d-81f9-0f5c74f14c06"", ""matched_type"": ""COMPANY"", ""similarity"": 1.0, ""source"": ""gazetteer""}, {""entity"": ""return on assets"", ""matched_node_name"": ""return on assets"", ""matched_id"": ""dd83a8a6-2dd2-4407-9d71-917240c66c55"", ""matched_type"": ""METRIC"", ""similarity"": 1.0, ""source"": ""gazetteer""}, {""entity"": ""return on equity"", ""matched_node_name"": ""return on equity"", ""matched_id"": ""4c4c7086-00d6-4850-9bcd-ae7c8e8479a8"", ""matched_type"": ""METRIC"", ""similarity"": 1.0, ""source"": ""gazetteer""}]",What are <COMPANY>'s <METRIC> (ROA) and <METRIC> (ROE) for the latest quarter?,"{""prop1_list"": [], ""nnp1"": ""4f48b350-fb00-420d-81f9-0f5c74f14c06"", ""target_ids"": [""dd83a8a6-2dd2-4407-9d71-917240c66c55"", ""4c4c7086-00d6-4850-9bcd-ae7c8e8479a8""], ""nn1"": ""COMPANY""}","{""nnp1"": ""4f48b350-fb00-420d-81f9-0f5c74f14c06"", ""nnp2"": ""dd83a8a6-2dd2-4407-9d71-917240c66c55"", ""nnp3"": null, ""prop1"": null, ""nn1"": ""COMPANY"", ""nn2"": ""METRIC"", ""threshold"": null, ""target_ids"": [""dd83a8a6-2dd2-4407-9d71-917240c66c55"", ""4c4c7086-00d6-4850-9bcd-ae7c8e8479a8""], ""prop1_list"": []}",primary,1,"Template: simple_triplet (F_Simple)
Query intent: Simple question: subject linked to objects via a predicate.

Row 1: Indian Overseas Bank's return on equity is supported by a profit turnaround following an asset-quality cleanup.","The retrieved facts do not cover Indian Overseas Bank's specific return on assets (ROA) and return on equity (ROE) figures for the latest quarter. However, the data notes that the bank's return on equity is supported by a profit turnaround following an asset-quality cleanup.",Somewhat relevant,The assistant mentions the bank's return on equity in a general context but fails to provide the specific return on assets (ROA) and return on equity (ROE) figures requested for the latest quarter.,
What was Indian Overseas Bank's total advances (loan book) and deposit growth in the latest quarter?,F_Simple,F_Simple,0.6699160133060035,simple_triplet,True,"[""Indian Overseas Bank"", ""total advances"", ""deposit growth""]","[{""entity"": ""Indian Overseas Bank"", ""matched_node_name"": ""Indian Overseas Bank"", ""matched_id"": ""4f48b350-fb00-420d-81f9-0f5c74f14c06"", ""matched_type"": ""COMPANY"", ""similarity"": 1.0, ""source"": ""gazetteer""}, {""entity"": ""total advances"", ""matched_node_name"": ""Total Advances"", ""matched_id"": ""96dbb53b-28f6-42c3-96e5-77dc48c86818"", ""matched_type"": ""METRIC"", ""similarity"": 1.0, ""source"": ""gazetteer""}, {""entity"": ""deposit growth"", ""matched_node_name"": ""deposit growth"", ""matched_id"": ""74d2ba68-dde6-485e-ad5d-c3483d1ec0d8"", ""matched_type"": ""METRIC"", ""similarity"": 1.0, ""source"": ""gazetteer""}]",What was <COMPANY>'s <METRIC> (loan book) and <METRIC> in the latest quarter?,"{""prop1_list"": [], ""nnp1"": ""4f48b350-fb00-420d-81f9-0f5c74f14c06"", ""target_ids"": [""96dbb53b-28f6-42c3-96e5-77dc48c86818"", ""74d2ba68-dde6-485e-ad5d-c3483d1ec0d8""], ""nn1"": ""COMPANY""}","{""nnp1"": ""4f48b350-fb00-420d-81f9-0f5c74f14c06"", ""nnp2"": ""96dbb53b-28f6-42c3-96e5-77dc48c86818"", ""nnp3"": null, ""prop1"": null, ""nn1"": ""COMPANY"", ""nn2"": ""METRIC"", ""threshold"": null, ""target_ids"": [""96dbb53b-28f6-42c3-96e5-77dc48c86818"", ""74d2ba68-dde6-485e-ad5d-c3483d1ec0d8""], ""prop1_list"": []}",primary,1,"Template: simple_triplet (F_Simple)
Query intent: Simple question: subject linked to objects via a predicate.

Row 1: Indian Overseas Bank posted deposit growth of 13.72% year-on-year for Q1 FY27.","Indian Overseas Bank posted a deposit growth of 13.72% year-on-year for Q1 FY27. However, the retrieved facts do not cover the bank's total advances or loan book growth.",Somewhat relevant,The assistant output provides the deposit growth for the latest quarter but fails to provide the total advances or loan book growth requested by the user.,
"What credit ratings has Indian Overseas Bank received, and from which rating agencies?",F_Simple,F_Simple,0.6530191275890218,simple_triplet,True,"[""Indian Overseas Bank""]","[{""entity"": ""Indian Overseas Bank"", ""matched_node_name"": ""Indian Overseas Bank"", ""matched_id"": ""4f48b350-fb00-420d-81f9-0f5c74f14c06"", ""matched_type"": ""COMPANY"", ""similarity"": 1.0, ""source"": ""gazetteer""}]","What credit ratings has <COMPANY> received, and from which rating agencies?","{""prop1_list"": [""HAS_RATING""], ""nnp1"": ""4f48b350-fb00-420d-81f9-0f5c74f14c06"", ""target_ids"": [], ""nn1"": ""COMPANY""}","{""nnp1"": ""4f48b350-fb00-420d-81f9-0f5c74f14c06"", ""nnp2"": null, ""nnp3"": null, ""prop1"": ""HAS_RATING"", ""nn1"": ""COMPANY"", ""nn2"": null, ""threshold"": null, ""target_ids"": [], ""prop1_list"": [""HAS_RATING""]}",primary,1,"Template: simple_triplet (F_Simple)
Query intent: Simple question: subject linked to objects via a predicate.

Row 1: Indian Overseas Bank was assigned or had reaffirmed an AA Stable rating for its Basel III Tier II bonds by ICRA.",Indian Overseas Bank received an AA Stable rating for its Basel III Tier II bonds from the rating agency ICRA.,Somewhat relevant,"The assistant output provides a specific credit rating and agency for Indian Overseas Bank, but it only addresses Basel III Tier II bonds rather than providing a comprehensive overview of all credit ratings received by the bank.",
"Roughly how many branches and ATMs does Indian Overseas Bank operate, and as of what date?",F_QuantCount,F_Simple,0.3513365825325079,simple_triplet,False,"[""ATMs"", ""Indian Overseas Bank""]","[{""entity"": ""ATMs"", ""matched_node_name"": ""ATMs"", ""matched_id"": ""1d9af7d1-80d1-4631-9a7a-7765335565d0"", ""matched_type"": ""DISTRIBUTIONCHANNEL"", ""similarity"": 1.0, ""source"": ""gazetteer""}, {""entity"": ""Indian Overseas Bank"", ""matched_node_name"": ""Indian Overseas Bank"", ""matched_id"": ""4f48b350-fb00-420d-81f9-0f5c74f14c06"", ""matched_type"": ""COMPANY"", ""similarity"": 1.0, ""source"": ""gazetteer""}]","Roughly how many branches and <DISTRIBUTIONCHANNEL> does <COMPANY> operate, and as of what date?","{""prop1_list"": [], ""nnp1"": ""4f48b350-fb00-420d-81f9-0f5c74f14c06"", ""target_ids"": [""1d9af7d1-80d1-4631-9a7a-7765335565d0""], ""nn1"": ""COMPANY""}","{""nnp1"": ""4f48b350-fb00-420d-81f9-0f5c74f14c06"", ""nnp2"": ""1d9af7d1-80d1-4631-9a7a-7765335565d0"", ""nnp3"": null, ""prop1"": null, ""nn1"": ""COMPANY"", ""nn2"": ""DISTRIBUTIONCHANNEL"", ""threshold"": null, ""target_ids"": [""1d9af7d1-80d1-4631-9a7a-7765335565d0""], ""prop1_list"": []}",relaxed_direction,51,"Template: simple_triplet (F_Simple)
Query intent: Simple question: subject linked to objects via a predicate.

Row 1: Indian Overseas Bank actively provides Trade Finance services.
Row 2: Indian Overseas Bank runs active Treasury services.
Row 3: Indian Overseas Bank offers Forex services to its customers.
Row 4: Indian Overseas Bank provides various Cash-Management Services.
Row 5: Indian Overseas Bank caters directly to the MSME segment.
Row 6: Indian Overseas Bank actively targets and serves NRI Customers.
Row 7: Indian Overseas Bank suffered a decline in its CASA base.
Row 8: Indian Overseas Bank generated ₹3,688 crore in Net Interest Income during Q1 FY27. (as of 2026-06-30)
Row 9: Indian Overseas Bank recorded a Domestic Net Interest Margin of 3.48% for Q1 FY27. (as of 2026-06-30)
Row 10: Indian Overseas Bank is exposed to regulatory risk tied to the ongoing government stake-sale process.
Row 11: Indian Overseas Bank's return on equity is supported by a profit turnaround following an asset-quality cleanup.
Row 12: Indian Overseas Bank experienced a sharp rise in its cost-to-income ratio, jumping from 44.22% to 53.95% year-on-year.
Row 13: Indian Overseas Bank improved its gross NPA to 1.33% from 1.97% a year earlier.
Row 14: Indian Overseas Bank reported a net NPA of 0.18%.
Row 15: Indian Overseas Bank achieved a provision coverage ratio of 97.67%.
Row 16: Indian Overseas Bank recorded a capital adequacy ratio of 19.36% for Q1 FY27.
Row 17: Indian Overseas Bank's margin growth is driven by domestic net-interest-margin improvement.
Row 18: Indian Overseas Bank serves the Retail customer segment.
Row 19: Indian Overseas Bank reported Global Advances of ₹3.22 trillion in Q1 FY27, surging 22.75% year-on-year. (as of 2026-06-30)
Row 20: Indian Overseas Bank saw a 49.32% rise in net profit to ₹1,659 crore.
Row 21: Indian Overseas Bank faces funding risk due to the erosion of its CASA deposits.
Row 22: Indian Overseas Bank was assigned or had reaffirmed an AA Stable rating for its Basel III Tier II bonds by ICRA.
Row 23: Indian Overseas Bank serves Agricultural customers.
Row 24: Indian Overseas Bank operates internationally with a representative office in Dubai.
Row 25: Indian Overseas Bank is exposed to operational risk linked to the jump in its cost-to-income ratio.
Row 26: Indian Overseas Bank maintains banking operations for Corporate customers.
Row 27: Indian Overseas Bank posted deposit growth of 13.72% year-on-year for Q1 FY27.
Row 28: Indian Overseas Bank is headquartered in Chennai.
Row 29: Indian Overseas Bank maintains operations from its Tamil Nadu base.
Row 30: Indian Overseas Bank manages operations via a banking unit in Colombo.
Row 31: Indian Overseas Bank utilizes Basel III Tier II bonds as a funding source.
Row 32: Indian Overseas Bank carries significant legacy lending exposure to the Corporate and International Book.
Row 33: Indian Overseas Bank distributes services using its Offshore Banking Unit.
Row 34: Indian Overseas Bank serves the specific Tamil Diaspora community via its overseas network.
Row 35: Indian Overseas Bank distributes services using a massive network of Banking Correspondents.
Row 36: Indian Overseas Bank maintains a representative office and thus operates in Guangzhou.
Row 37: Indian Overseas Bank retains operations through a representative office in Kuala Lumpur.
Row 38: Indian Overseas Bank operates through a 35% stake joint-venture partnership with India International Bank (Malaysia).
Row 39: Indian Overseas Bank experienced a decline in its Global CASA Ratio to 41.05% in Q1 FY27. (as of 2026-06-30)
Row 40: Indian Overseas Bank faced liquidity and funding pressures due to an increasing credit-deposit ratio.
Row 41: Indian Overseas Bank saw its Credit-Deposit Ratio climb significantly by 630 basis points to 85.63%. (as of 2026-06-30)
Row 42: Indian Overseas Bank achieved a Global Margin of 3.37% over Q1 FY27. (as of 2026-06-30)
Row 43: Indian Overseas Bank is exposed to liquidity risk resulting from its rising credit-deposit ratio.
Row 44: Indian Overseas Bank is exposed to cost risk driven by its rising cost-to-income ratio.
Row 45: Indian Overseas Bank is subject to minimum-public-shareholding norms.
Row 46: Indian Overseas Bank is regulated by the RBI.
Row 47: Indian Overseas Bank is regulated by SEBI.
Row 48: Indian Overseas Bank is rated by ICRA for its Basel III Tier II bonds.
Row 49: Ajay Kumar Srivastava functions as MD & CEO for Indian Overseas Bank.
Row 50: Srinivasan Sridhar was appointed part-time non-official director and non-executive chairman of Indian Overseas Bank.
Row 51: The Government of India holds majority ownership of Indian Overseas Bank.",The retrieved facts do not cover the number of branches and ATMs operated by Indian Overseas Bank or the date associated with such figures.,Not relevant,The assistant output fails to provide the requested information regarding the number of branches and ATMs.,
"What products and services does Indian Overseas Bank offer, and which customer segments does it serve?",F_Simple,F_Simple,0.6369738725660826,simple_triplet,True,"[""Indian Overseas Bank""]","[{""entity"": ""Indian Overseas Bank"", ""matched_node_name"": ""Indian Overseas Bank"", ""matched_id"": ""4f48b350-fb00-420d-81f9-0f5c74f14c06"", ""matched_type"": ""COMPANY"", ""similarity"": 1.0, ""source"": ""gazetteer""}]","What products and services does <COMPANY> offer, and which customer segments does it serve?","{""prop1_list"": [""OFFERS_PRODUCT"", ""SERVES""], ""nnp1"": ""4f48b350-fb00-420d-81f9-0f5c74f14c06"", ""target_ids"": [], ""nn1"": ""COMPANY""}","{""nnp1"": ""4f48b350-fb00-420d-81f9-0f5c74f14c06"", ""nnp2"": null, ""nnp3"": null, ""prop1"": ""SERVES"", ""nn1"": ""COMPANY"", ""nn2"": null, ""threshold"": null, ""target_ids"": [], ""prop1_list"": [""OFFERS_PRODUCT"", ""SERVES""]}",primary,6,"Template: simple_triplet (F_Simple)
Query intent: Simple question: subject linked to objects via a predicate.

Row 1: Indian Overseas Bank caters directly to the MSME segment.
Row 2: Indian Overseas Bank actively targets and serves NRI Customers.
Row 3: Indian Overseas Bank serves the Retail customer segment.
Row 4: Indian Overseas Bank serves the specific Tamil Diaspora community via its overseas network.
Row 5: Indian Overseas Bank serves Agricultural customers.
Row 6: Indian Overseas Bank maintains banking operations for Corporate customers.","Indian Overseas Bank serves a diverse range of customer segments, including the MSME, retail, agricultural, and corporate sectors, alongside targeted groups such as NRI customers and the Tamil Diaspora community. The retrieved facts do not cover the specific products and services offered by the institution.",Somewhat relevant,The assistant output addresses the customer segments served by Indian Overseas Bank but fails to cover the products and services requested by the user.,
What is UCO Bank's ticker symbol and on which exchange(s) does it trade?,F_Simple,F_Simple,0.5793572812935655,simple_triplet,True,"[""UCO Bank""]","[{""entity"": ""UCO Bank"", ""matched_node_name"": ""UCO Bank"", ""matched_id"": ""6ad1d1bd-36b5-47a3-bca9-63c31f3a5070"", ""matched_type"": ""COMPANY"", ""similarity"": 1.0, ""source"": ""gazetteer""}]",What is <COMPANY>'s ticker symbol and on which exchange(s) does it trade?,"{""prop1_list"": [], ""nnp1"": ""6ad1d1bd-36b5-47a3-bca9-63c31f3a5070"", ""target_ids"": [], ""nn1"": ""COMPANY""}","{""nnp1"": ""6ad1d1bd-36b5-47a3-bca9-63c31f3a5070"", ""nnp2"": null, ""nnp3"": null, ""prop1"": null, ""nn1"": ""COMPANY"", ""nn2"": null, ""threshold"": null, ""target_ids"": [], ""prop1_list"": []}",primary,33,"Template: simple_triplet (F_Simple)
Query intent: Simple question: subject linked to objects via a predicate.

Row 1: CRISIL reaffirmed an A1+ short-term rating on UCO Bank's certificate-of-deposit programme.
Row 2: CARE Ratings upgraded UCO Bank's bond rating to AA Stable.
Row 3: UCO Bank operates 2,613 ATMs as of March 2025. (as of 2025-03-01)
Row 4: Aravamudan Krishna Kumar is reported to hold the role of non-executive chairman at UCO Bank according to Wikipedia.
Row 5: Ashwani Kumar is named as MD & CEO of UCO Bank according to Wikipedia.
Row 6: UCO Bank's bonds were rated by CARE Ratings.
Row 7: UCO Bank's short-term certificate-of-deposit programme was rated by CRISIL.
Row 8: UCO Bank funds itself using a certificate-of-deposit programme.
Row 9: UCO Bank has a historically strong presence in East India.
Row 10: UCO Bank is exposed to funding risk due to its dependency on external fundraising.
Row 11: The Government of India held a 90.95% ownership stake in UCO Bank as of the December 2025 quarter. (as of 2025-10-01)
Row 12: UCO Bank operates an overseas branch in Hong Kong.
Row 13: UCO Bank is headquartered in Kolkata.
Row 14: LIC held a 2.31% stake in UCO Bank as of the December 2025 quarter. (as of 2025-10-01)
Row 15: UCO Bank's net interest margin was around 3%.
Row 16: UCO Bank reported a net profit of ₹656 crore for the quarter, up 8% year-on-year.
Row 17: UCO Bank has a historically strong presence in Northeast India.
Row 18: UCO Bank is regulated by the RBI.
Row 19: UCO Bank is regulated by SEBI.
Row 20: UCO Bank operates an overseas branch in Singapore.
Row 21: UCO Bank operates a representative office in Tehran.
Row 22: UCO Bank's total advances grew 21.33% year-on-year as of June 30, 2026.
Row 23: UCO Bank is headquartered in West Bengal.
Row 24: UCO Bank operates 3,302 branches as of March 2025. (as of 2025-03-01)
Row 25: UCO Bank reported a capital ratio of 17.12% for FY26.
Row 26: UCO Bank is exposed to ordinary credit risk.
Row 27: UCO Bank received board approval to raise up to $1 billion in foreign-currency funds.
Row 28: UCO Bank is subject to minimum-public-shareholding compliance.
Row 29: UCO Bank achieved an 80% increase in operating profit.
Row 30: UCO Bank is exposed to operational risk resulting from ongoing network modernization.
Row 31: UCO Bank is exposed to regulatory risk tied to minimum-public-shareholding compliance.
Row 32: UCO Bank's total business crossed ₹6 lakh crore.
Row 33: UCO Bank operates as a universal bank.",The retrieved facts do not cover UCO Bank's ticker symbol or the exchange(s) on which it trades.,Not relevant,The assistant output fails to address the user request because it states that the retrieved facts do not cover the requested ticker symbol or exchange information.,
What was UCO Bank's CASA ratio in the most recently reported quarter?,F_Simple,F_Simple,0.538152170436721,simple_triplet,True,"[""UCO Bank"", ""CASA ratio""]","[{""entity"": ""UCO Bank"", ""matched_node_name"": ""UCO Bank"", ""matched_id"": ""6ad1d1bd-36b5-47a3-bca9-63c31f3a5070"", ""matched_type"": ""COMPANY"", ""similarity"": 1.0, ""source"": ""gazetteer""}, {""entity"": ""CASA ratio"", ""matched_node_name"": ""CASA ratio"", ""matched_id"": ""f552ef12-cf71-4307-80e3-1eb10e256154"", ""matched_type"": ""METRIC"", ""similarity"": 1.0, ""source"": ""gazetteer""}]",What was <COMPANY>'s <METRIC> in the most recently reported quarter?,"{""prop1_list"": [], ""nnp1"": ""6ad1d1bd-36b5-47a3-bca9-63c31f3a5070"", ""target_ids"": [""f552ef12-cf71-4307-80e3-1eb10e256154""], ""nn1"": ""COMPANY""}","{""nnp1"": ""6ad1d1bd-36b5-47a3-bca9-63c31f3a5070"", ""nnp2"": ""f552ef12-cf71-4307-80e3-1eb10e256154"", ""nnp3"": null, ""prop1"": null, ""nn1"": ""COMPANY"", ""nn2"": ""METRIC"", ""threshold"": null, ""target_ids"": [""f552ef12-cf71-4307-80e3-1eb10e256154""], ""prop1_list"": []}",relaxed_direction,33,"Template: simple_triplet (F_Simple)
Query intent: Simple question: subject linked to objects via a predicate.

Row 1: UCO Bank operates 3,302 branches as of March 2025. (as of 2025-03-01)
Row 2: UCO Bank operates 2,613 ATMs as of March 2025. (as of 2025-03-01)
Row 3: UCO Bank is exposed to ordinary credit risk.
Row 4: UCO Bank is exposed to regulatory risk tied to minimum-public-shareholding compliance.
Row 5: UCO Bank reported a capital ratio of 17.12% for FY26.
Row 6: UCO Bank's net interest margin was around 3%.
Row 7: UCO Bank reported a net profit of ₹656 crore for the quarter, up 8% year-on-year.
Row 8: UCO Bank is exposed to funding risk due to its dependency on external fundraising.
Row 9: CARE Ratings upgraded UCO Bank's bond rating to AA Stable.
Row 10: UCO Bank operates an overseas branch in Hong Kong.
Row 11: UCO Bank is exposed to operational risk resulting from ongoing network modernization.
Row 12: UCO Bank operates an overseas branch in Singapore.
Row 13: CRISIL reaffirmed an A1+ short-term rating on UCO Bank's certificate-of-deposit programme.
Row 14: UCO Bank funds itself using a certificate-of-deposit programme.
Row 15: UCO Bank's total advances grew 21.33% year-on-year as of June 30, 2026.
Row 16: UCO Bank is subject to minimum-public-shareholding compliance.
Row 17: UCO Bank is headquartered in Kolkata.
Row 18: UCO Bank is headquartered in West Bengal.
Row 19: UCO Bank has a historically strong presence in East India.
Row 20: UCO Bank has a historically strong presence in Northeast India.
Row 21: UCO Bank received board approval to raise up to $1 billion in foreign-currency funds.
Row 22: UCO Bank's total business crossed ₹6 lakh crore.
Row 23: UCO Bank achieved an 80% increase in operating profit.
Row 24: UCO Bank operates a representative office in Tehran.
Row 25: UCO Bank is regulated by the RBI.
Row 26: UCO Bank is regulated by SEBI.
Row 27: UCO Bank's short-term certificate-of-deposit programme was rated by CRISIL.
Row 28: UCO Bank's bonds were rated by CARE Ratings.
Row 29: UCO Bank operates as a universal bank.
Row 30: Ashwani Kumar is named as MD & CEO of UCO Bank according to Wikipedia.
Row 31: Aravamudan Krishna Kumar is reported to hold the role of non-executive chairman at UCO Bank according to Wikipedia.
Row 32: The Government of India held a 90.95% ownership stake in UCO Bank as of the December 2025 quarter. (as of 2025-10-01)
Row 33: LIC held a 2.31% stake in UCO Bank as of the December 2025 quarter. (as of 2025-10-01)",The retrieved facts do not provide information regarding UCO Bank's CASA ratio for the most recently reported quarter.,Not relevant,The assistant output states that it lacks the information to answer the user's specific question about UCO Bank's CASA ratio.,
What is UCO Bank's net interest margin (NIM) for the latest reported period?,F_Simple,F_Simple,0.704794952545776,simple_triplet,True,"[""UCO Bank"", ""net interest margin""]","[{""entity"": ""UCO Bank"", ""matched_node_name"": ""UCO Bank"", ""matched_id"": ""6ad1d1bd-36b5-47a3-bca9-63c31f3a5070"", ""matched_type"": ""COMPANY"", ""similarity"": 1.0, ""source"": ""gazetteer""}, {""entity"": ""net interest margin"", ""matched_node_name"": ""Net interest margin"", ""matched_id"": ""ce0a12ce-b581-4229-a6b2-4d53c46e9d9d"", ""matched_type"": ""METRIC"", ""similarity"": 1.0, ""source"": ""gazetteer""}]",What is <COMPANY>'s <METRIC> (NIM) for the latest reported period?,"{""prop1_list"": [], ""nnp1"": ""6ad1d1bd-36b5-47a3-bca9-63c31f3a5070"", ""target_ids"": [""ce0a12ce-b581-4229-a6b2-4d53c46e9d9d""], ""nn1"": ""COMPANY""}","{""nnp1"": ""6ad1d1bd-36b5-47a3-bca9-63c31f3a5070"", ""nnp2"": ""ce0a12ce-b581-4229-a6b2-4d53c46e9d9d"", ""nnp3"": null, ""prop1"": null, ""nn1"": ""COMPANY"", ""nn2"": ""METRIC"", ""threshold"": null, ""target_ids"": [""ce0a12ce-b581-4229-a6b2-4d53c46e9d9d""], ""prop1_list"": []}",primary,1,"Template: simple_triplet (F_Simple)
Query intent: Simple question: subject linked to objects via a predicate.

Row 1: UCO Bank's net interest margin was around 3%.",UCO Bank's net interest margin was around 3% for the reported period.,Relevant,The assistant output directly addresses the user request by providing UCO Bank's net interest margin for the latest reported period.,
What are UCO Bank's gross NPA and net NPA ratios?,F_Simple,F_Simple,0.4614519440598716,simple_triplet,True,"[""UCO Bank"", ""gross NPA"", ""net NPA""]","[{""entity"": ""UCO Bank"", ""matched_node_name"": ""UCO Bank"", ""matched_id"": ""6ad1d1bd-36b5-47a3-bca9-63c31f3a5070"", ""matched_type"": ""COMPANY"", ""similarity"": 1.0, ""source"": ""gazetteer""}, {""entity"": ""gross NPA"", ""matched_node_name"": ""gross NPA"", ""matched_id"": ""00c1065d-13f6-42fc-be09-d1a8be6780cd"", ""matched_type"": ""METRIC"", ""similarity"": 1.0, ""source"": ""gazetteer""}, {""entity"": ""net NPA"", ""matched_node_name"": ""net NPA"", ""matched_id"": ""4539ed7c-a229-4073-a946-c4b6498648c7"", ""matched_type"": ""METRIC"", ""similarity"": 1.0, ""source"": ""gazetteer""}]",What are <COMPANY>'s <METRIC> and <METRIC> ratios?,"{""prop1_list"": [], ""nnp1"": ""6ad1d1bd-36b5-47a3-bca9-63c31f3a5070"", ""target_ids"": [""00c1065d-13f6-42fc-be09-d1a8be6780cd"", ""4539ed7c-a229-4073-a946-c4b6498648c7""], ""nn1"": ""COMPANY""}","{""nnp1"": ""6ad1d1bd-36b5-47a3-bca9-63c31f3a5070"", ""nnp2"": ""00c1065d-13f6-42fc-be09-d1a8be6780cd"", ""nnp3"": null, ""prop1"": null, ""nn1"": ""COMPANY"", ""nn2"": ""METRIC"", ""threshold"": null, ""target_ids"": [""00c1065d-13f6-42fc-be09-d1a8be6780cd"", ""4539ed7c-a229-4073-a946-c4b6498648c7""], ""prop1_list"": []}",relaxed_direction,33,"Template: simple_triplet (F_Simple)
Query intent: Simple question: subject linked to objects via a predicate.

Row 1: UCO Bank operates 3,302 branches as of March 2025. (as of 2025-03-01)
Row 2: UCO Bank operates 2,613 ATMs as of March 2025. (as of 2025-03-01)
Row 3: UCO Bank is exposed to ordinary credit risk.
Row 4: UCO Bank is exposed to regulatory risk tied to minimum-public-shareholding compliance.
Row 5: UCO Bank reported a capital ratio of 17.12% for FY26.
Row 6: UCO Bank's net interest margin was around 3%.
Row 7: UCO Bank reported a net profit of ₹656 crore for the quarter, up 8% year-on-year.
Row 8: UCO Bank is exposed to funding risk due to its dependency on external fundraising.
Row 9: CARE Ratings upgraded UCO Bank's bond rating to AA Stable.
Row 10: UCO Bank operates an overseas branch in Hong Kong.
Row 11: UCO Bank is exposed to operational risk resulting from ongoing network modernization.
Row 12: UCO Bank operates an overseas branch in Singapore.
Row 13: CRISIL reaffirmed an A1+ short-term rating on UCO Bank's certificate-of-deposit programme.
Row 14: UCO Bank funds itself using a certificate-of-deposit programme.
Row 15: UCO Bank's total advances grew 21.33% year-on-year as of June 30, 2026.
Row 16: UCO Bank is subject to minimum-public-shareholding compliance.
Row 17: UCO Bank is headquartered in Kolkata.
Row 18: UCO Bank is headquartered in West Bengal.
Row 19: UCO Bank has a historically strong presence in East India.
Row 20: UCO Bank has a historically strong presence in Northeast India.
Row 21: UCO Bank received board approval to raise up to $1 billion in foreign-currency funds.
Row 22: UCO Bank's total business crossed ₹6 lakh crore.
Row 23: UCO Bank achieved an 80% increase in operating profit.
Row 24: UCO Bank operates a representative office in Tehran.
Row 25: UCO Bank is regulated by the RBI.
Row 26: UCO Bank is regulated by SEBI.
Row 27: UCO Bank's short-term certificate-of-deposit programme was rated by CRISIL.
Row 28: UCO Bank's bonds were rated by CARE Ratings.
Row 29: UCO Bank operates as a universal bank.
Row 30: Ashwani Kumar is named as MD & CEO of UCO Bank according to Wikipedia.
Row 31: Aravamudan Krishna Kumar is reported to hold the role of non-executive chairman at UCO Bank according to Wikipedia.
Row 32: The Government of India held a 90.95% ownership stake in UCO Bank as of the December 2025 quarter. (as of 2025-10-01)
Row 33: LIC held a 2.31% stake in UCO Bank as of the December 2025 quarter. (as of 2025-10-01)",The retrieved facts do not cover UCO Bank's gross NPA and net NPA ratios.,Not relevant,"The assistant output fails to provide the requested gross NPA and net NPA ratios for UCO Bank, stating instead that the information is missing.",
"What is UCO Bank's capital adequacy ratio (CRAR), and its CET1 ratio if disclosed?",F_Simple,F_Simple,0.6595344106316016,simple_triplet,True,"[""UCO Bank"", ""capital adequacy ratio"", ""CE""]","[{""entity"": ""UCO Bank"", ""matched_node_name"": ""UCO Bank"", ""matched_id"": ""6ad1d1bd-36b5-47a3-bca9-63c31f3a5070"", ""matched_type"": ""COMPANY"", ""similarity"": 1.0, ""source"": ""gazetteer""}, {""entity"": ""capital adequacy ratio"", ""matched_node_name"": ""capital adequacy ratio"", ""matched_id"": ""a9e7103c-2a43-4d54-94d2-0f9178dbb42e"", ""matched_type"": ""METRIC"", ""similarity"": 1.0, ""source"": ""gazetteer""}, {""entity"": ""CE"", ""matched_node_name"": ""NSE"", ""matched_id"": ""f991983e-e758-47f5-acbf-1afe822e5f20"", ""matched_type"": ""COMPANY"", ""similarity"": 0.6484348893165588, ""source"": ""semantic""}]","What is <COMPANY>'s <METRIC> (CRAR), and its <COMPANY>T1 ratio if disclosed?","{""prop1_list"": [], ""nnp1"": ""6ad1d1bd-36b5-47a3-bca9-63c31f3a5070"", ""target_ids"": [""a9e7103c-2a43-4d54-94d2-0f9178dbb42e"", ""f991983e-e758-47f5-acbf-1afe822e5f20""], ""nn1"": ""COMPANY""}","{""nnp1"": ""6ad1d1bd-36b5-47a3-bca9-63c31f3a5070"", ""nnp2"": ""f991983e-e758-47f5-acbf-1afe822e5f20"", ""nnp3"": null, ""prop1"": null, ""nn1"": ""COMPANY"", ""nn2"": ""COMPANY"", ""threshold"": null, ""target_ids"": [""a9e7103c-2a43-4d54-94d2-0f9178dbb42e"", ""f991983e-e758-47f5-acbf-1afe822e5f20""], ""prop1_list"": []}",primary,1,"Template: simple_triplet (F_Simple)
Query intent: Simple question: subject linked to objects via a predicate.

Row 1: UCO Bank reported a capital ratio of 17.12% for FY26.",UCO Bank reported a capital adequacy ratio (CRAR) of 17.12% for FY26. The retrieved facts do not disclose its CET1 ratio.,Relevant,The assistant output directly addresses both parts of the user request by providing the CRAR for FY26 and explicitly stating that the CET1 ratio is not disclosed in the retrieved facts.,
What are UCO Bank's return on assets (ROA) and return on equity (ROE) for the latest quarter?,F_Simple,F_Simple,0.722638699193199,simple_triplet,True,"[""UCO Bank"", ""return on assets"", ""return on equity""]","[{""entity"": ""UCO Bank"", ""matched_node_name"": ""UCO Bank"", ""matched_id"": ""6ad1d1bd-36b5-47a3-bca9-63c31f3a5070"", ""matched_type"": ""COMPANY"", ""similarity"": 1.0, ""source"": ""gazetteer""}, {""entity"": ""return on assets"", ""matched_node_name"": ""return on assets"", ""matched_id"": ""dd83a8a6-2dd2-4407-9d71-917240c66c55"", ""matched_type"": ""METRIC"", ""similarity"": 1.0, ""source"": ""gazetteer""}, {""entity"": ""return on equity"", ""matched_node_name"": ""return on equity"", ""matched_id"": ""4c4c7086-00d6-4850-9bcd-ae7c8e8479a8"", ""matched_type"": ""METRIC"", ""similarity"": 1.0, ""source"": ""gazetteer""}]",What are <COMPANY>'s <METRIC> (ROA) and <METRIC> (ROE) for the latest quarter?,"{""prop1_list"": [], ""nnp1"": ""6ad1d1bd-36b5-47a3-bca9-63c31f3a5070"", ""target_ids"": [""dd83a8a6-2dd2-4407-9d71-917240c66c55"", ""4c4c7086-00d6-4850-9bcd-ae7c8e8479a8""], ""nn1"": ""COMPANY""}","{""nnp1"": ""6ad1d1bd-36b5-47a3-bca9-63c31f3a5070"", ""nnp2"": ""dd83a8a6-2dd2-4407-9d71-917240c66c55"", ""nnp3"": null, ""prop1"": null, ""nn1"": ""COMPANY"", ""nn2"": ""METRIC"", ""threshold"": null, ""target_ids"": [""dd83a8a6-2dd2-4407-9d71-917240c66c55"", ""4c4c7086-00d6-4850-9bcd-ae7c8e8479a8""], ""prop1_list"": []}",relaxed_direction,33,"Template: simple_triplet (F_Simple)
Query intent: Simple question: subject linked to objects via a predicate.

Row 1: UCO Bank operates 3,302 branches as of March 2025. (as of 2025-03-01)
Row 2: UCO Bank operates 2,613 ATMs as of March 2025. (as of 2025-03-01)
Row 3: UCO Bank is exposed to ordinary credit risk.
Row 4: UCO Bank is exposed to regulatory risk tied to minimum-public-shareholding compliance.
Row 5: UCO Bank reported a capital ratio of 17.12% for FY26.
Row 6: UCO Bank's net interest margin was around 3%.
Row 7: UCO Bank reported a net profit of ₹656 crore for the quarter, up 8% year-on-year.
Row 8: UCO Bank is exposed to funding risk due to its dependency on external fundraising.
Row 9: CARE Ratings upgraded UCO Bank's bond rating to AA Stable.
Row 10: UCO Bank operates an overseas branch in Hong Kong.
Row 11: UCO Bank is exposed to operational risk resulting from ongoing network modernization.
Row 12: UCO Bank operates an overseas branch in Singapore.
Row 13: CRISIL reaffirmed an A1+ short-term rating on UCO Bank's certificate-of-deposit programme.
Row 14: UCO Bank funds itself using a certificate-of-deposit programme.
Row 15: UCO Bank's total advances grew 21.33% year-on-year as of June 30, 2026.
Row 16: UCO Bank is subject to minimum-public-shareholding compliance.
Row 17: UCO Bank is headquartered in Kolkata.
Row 18: UCO Bank is headquartered in West Bengal.
Row 19: UCO Bank has a historically strong presence in East India.
Row 20: UCO Bank has a historically strong presence in Northeast India.
Row 21: UCO Bank received board approval to raise up to $1 billion in foreign-currency funds.
Row 22: UCO Bank's total business crossed ₹6 lakh crore.
Row 23: UCO Bank achieved an 80% increase in operating profit.
Row 24: UCO Bank operates a representative office in Tehran.
Row 25: UCO Bank is regulated by the RBI.
Row 26: UCO Bank is regulated by SEBI.
Row 27: UCO Bank's short-term certificate-of-deposit programme was rated by CRISIL.
Row 28: UCO Bank's bonds were rated by CARE Ratings.
Row 29: UCO Bank operates as a universal bank.
Row 30: Ashwani Kumar is named as MD & CEO of UCO Bank according to Wikipedia.
Row 31: Aravamudan Krishna Kumar is reported to hold the role of non-executive chairman at UCO Bank according to Wikipedia.
Row 32: The Government of India held a 90.95% ownership stake in UCO Bank as of the December 2025 quarter. (as of 2025-10-01)
Row 33: LIC held a 2.31% stake in UCO Bank as of the December 2025 quarter. (as of 2025-10-01)",The retrieved facts do not cover UCO Bank's return on assets (ROA) or return on equity (ROE) for the latest quarter.,Not relevant,"The assistant fails to provide the requested return on assets and return on equity for UCO Bank, stating instead that the facts do not cover them.",
What was UCO Bank's total advances (loan book) and deposit growth in the latest quarter?,F_Simple,F_Simple,0.6699160133060035,simple_triplet,True,"[""UCO Bank"", ""total advances"", ""deposit growth""]","[{""entity"": ""UCO Bank"", ""matched_node_name"": ""UCO Bank"", ""matched_id"": ""6ad1d1bd-36b5-47a3-bca9-63c31f3a5070"", ""matched_type"": ""COMPANY"", ""similarity"": 1.0, ""source"": ""gazetteer""}, {""entity"": ""total advances"", ""matched_node_name"": ""Total Advances"", ""matched_id"": ""96dbb53b-28f6-42c3-96e5-77dc48c86818"", ""matched_type"": ""METRIC"", ""similarity"": 1.0, ""source"": ""gazetteer""}, {""entity"": ""deposit growth"", ""matched_node_name"": ""deposit growth"", ""matched_id"": ""74d2ba68-dde6-485e-ad5d-c3483d1ec0d8"", ""matched_type"": ""METRIC"", ""similarity"": 1.0, ""source"": ""gazetteer""}]",What was <COMPANY>'s <METRIC> (loan book) and <METRIC> in the latest quarter?,"{""prop1_list"": [], ""nnp1"": ""6ad1d1bd-36b5-47a3-bca9-63c31f3a5070"", ""target_ids"": [""96dbb53b-28f6-42c3-96e5-77dc48c86818"", ""74d2ba68-dde6-485e-ad5d-c3483d1ec0d8""], ""nn1"": ""COMPANY""}","{""nnp1"": ""6ad1d1bd-36b5-47a3-bca9-63c31f3a5070"", ""nnp2"": ""96dbb53b-28f6-42c3-96e5-77dc48c86818"", ""nnp3"": null, ""prop1"": null, ""nn1"": ""COMPANY"", ""nn2"": ""METRIC"", ""threshold"": null, ""target_ids"": [""96dbb53b-28f6-42c3-96e5-77dc48c86818"", ""74d2ba68-dde6-485e-ad5d-c3483d1ec0d8""], ""prop1_list"": []}",primary,1,"Template: simple_triplet (F_Simple)
Query intent: Simple question: subject linked to objects via a predicate.

Row 1: UCO Bank's total advances grew 21.33% year-on-year as of June 30, 2026.","As of June 30, 2026, UCO Bank's total advances grew by 21.33% year-on-year. The retrieved facts do not cover the bank's deposit growth for the latest quarter.",Somewhat relevant,"The assistant provides the total advances growth for the latest quarter but fails to provide the deposit growth, addressing only part of the user's request.",
"What products and services does UCO Bank offer, and which customer segments does it serve?",F_Simple,F_Simple,0.6369738725660826,simple_triplet,True,"[""UCO Bank""]","[{""entity"": ""UCO Bank"", ""matched_node_name"": ""UCO Bank"", ""matched_id"": ""6ad1d1bd-36b5-47a3-bca9-63c31f3a5070"", ""matched_type"": ""COMPANY"", ""similarity"": 1.0, ""source"": ""gazetteer""}]","What products and services does <COMPANY> offer, and which customer segments does it serve?","{""prop1_list"": [""OFFERS_PRODUCT"", ""SERVES""], ""nnp1"": ""6ad1d1bd-36b5-47a3-bca9-63c31f3a5070"", ""target_ids"": [], ""nn1"": ""COMPANY""}","{""nnp1"": ""6ad1d1bd-36b5-47a3-bca9-63c31f3a5070"", ""nnp2"": null, ""nnp3"": null, ""prop1"": ""SERVES"", ""nn1"": ""COMPANY"", ""nn2"": null, ""threshold"": null, ""target_ids"": [], ""prop1_list"": [""OFFERS_PRODUCT"", ""SERVES""]}",attribute_lookup,8,"Template: simple_triplet (F_Simple)
Query intent: Simple question: subject linked to objects via a predicate.

Row 1: UCO Bank's banking_segment is Public Sector Bank
Row 2: UCO Bank's country is India
Row 3: UCO Bank's description is UCO Bank, headquartered in Kolkata, West Bengal and founded on 6 January 1943, is a Government of India-owned universal bank with a historically strong presence in East and Northeast India.
Row 4: UCO Bank's exchange is NSE, BSE
Row 5: UCO Bank's legal_name is UCO Bank
Row 6: UCO Bank's listed is True
Row 7: UCO Bank's sector is Banking
Row 8: UCO Bank's ticker is UCOBANK","The retrieved facts do not cover the specific products, services, or customer segments offered by UCO Bank. However, the institution operates as a Government of India-owned universal bank within the banking sector.",Not relevant,"The assistant fails to answer the user request regarding UCO Bank's specific products, services, and customer segments, stating that the retrieved facts do not cover this information.",
What is Bank of Maharashtra's ticker symbol and on which exchange(s) does it trade?,F_Simple,F_Simple,0.5793572812935655,simple_triplet,True,"[""Bank of Maharashtra""]","[{""entity"": ""Bank of Maharashtra"", ""matched_node_name"": ""Bank of Maharashtra"", ""matched_id"": ""9ae9d43d-6f08-4dca-9df8-70e1b871e9f8"", ""matched_type"": ""COMPANY"", ""similarity"": 1.0, ""source"": ""gazetteer""}]",What is <COMPANY>'s ticker symbol and on which exchange(s) does it trade?,"{""prop1_list"": [], ""nnp1"": ""9ae9d43d-6f08-4dca-9df8-70e1b871e9f8"", ""target_ids"": [], ""nn1"": ""COMPANY""}","{""nnp1"": ""9ae9d43d-6f08-4dca-9df8-70e1b871e9f8"", ""nnp2"": null, ""nnp3"": null, ""prop1"": null, ""nn1"": ""COMPANY"", ""nn2"": null, ""threshold"": null, ""target_ids"": [], ""prop1_list"": []}",primary,27,"Template: simple_triplet (F_Simple)
Query intent: Simple question: subject linked to objects via a predicate.

Row 1: Bank of Maharashtra holds an A1+ rating on its certificate-of-deposit programme.
Row 2: Bank of Maharashtra repeatedly led its PSU peers in CASA growth.
Row 3: Bank of Maharashtra's financial instruments are rated by CRISIL.
Row 4: The Government of India owned 79.60% of Bank of Maharashtra as of March 2025. (as of 2025-03-01)
Row 5: Bank of Maharashtra relies on Government of India ownership.
Row 6: LIC's holding in Bank of Maharashtra rose to 7.10% by March 2025. (as of 2025-03-01)
Row 7: Bank of Maharashtra is headquartered in Maharashtra.
Row 8: Bank of Maharashtra reported a net profit of ₹2,020 crore for the quarter, up 27% year-on-year.
Row 9: Nidhu Saxena has served as MD & CEO of Bank of Maharashtra since March 2024. (as of 2024-03-01)
Row 10: Bank of Maharashtra operates as a PSU bank.
Row 11: Bank of Maharashtra is headquartered in Pune.
Row 12: Bank of Maharashtra is regulated by the RBI.
Row 13: Bank of Maharashtra is regulated by SEBI.
Row 14: Bank of Maharashtra exhibits a clear strength in its best-in-class asset quality.
Row 15: Bank of Maharashtra operates 2,641 branches as of June 2025. (as of 2025-06-01)
Row 16: Bank of Maharashtra possesses an opportunity in its continued above-peer credit growth.
Row 17: Bank of Maharashtra is exposed to credit risk from the pace of its loan-book expansion.
Row 18: Bank of Maharashtra depends on equity-market access for further capital raises.
Row 19: Bank of Maharashtra is exposed to funding risk tied to its repeated capital-raise dependency.
Row 20: Further government stake reduction toward the 75% public-float floor threatens Bank of Maharashtra by potentially diluting near-term earnings.
Row 21: Bank of Maharashtra is exposed to geographic concentration risk in Maharashtra and western India.
Row 22: Bank of Maharashtra reported a gross NPA of just 1.45%.
Row 23: Bank of Maharashtra is exposed to regulatory risk around public-shareholding compliance.
Row 24: Bank of Maharashtra has a genuine weakness driven by its repeated need to raise capital to sustain growth.
Row 25: Bank of Maharashtra has demonstrated a strength of sustained 27% profit growth in recent quarters.
Row 26: Bank of Maharashtra's Q1 FY27 total business reached ₹6.51 lakh crore, up 19% year-on-year.
Row 27: Bank of Maharashtra operates as a universal bank.",The retrieved facts do not cover Bank of Maharashtra's ticker symbol or the stock exchange(s) on which it trades.,Not relevant,"The assistant output fails to provide Bank of Maharashtra's ticker symbol and stock exchanges, stating instead that the information is missing.",
