text,formica_label
Which CET1 ratio figures are disclosed by Indian Bank or Dhanlaxmi Bank?,F_LogUnion
Central Bank of India or AU Small Finance Bank -- which one discloses its cost-to-income ratio?,F_LogUnion
What registered head office is recorded for Suryoday Small Finance Bank or Union Bank of India?,F_LogUnion
Does RBL Bank or Ujjivan Small Finance Bank report a higher-quality return on equity?,F_LogUnion
Which slippage ratio figures are disclosed by Kotak Mahindra Bank or Central Bank of India?,F_LogUnion
Which lenders disclose either CET1 ratio or return on assets?,F_LogUnion
Which book value per share figures are disclosed by ESAF Small Finance Bank or Karnataka Bank?,F_LogUnion
Does Utkarsh Small Finance Bank or Jammu & Kashmir Bank report a higher-quality return on equity?,F_LogUnion
Does Union Bank of India or Ujjivan Small Finance Bank report a higher-quality CASA ratio?,F_LogUnion
Which gross NPA ratio figures are disclosed by IDFC FIRST Bank or Utkarsh Small Finance Bank?,F_LogUnion
Is UCO Bank present in India or the United Kingdom?,F_LogUnion
Does Equitas Small Finance Bank or ICICI Bank report a higher-quality total deposits?,F_LogUnion
Which lenders disclose either operating profit or gross NPA ratio?,F_LogUnion
Is Karur Vysya Bank present in the UAE or India?,F_LogUnion
Which CASA ratio figures are disclosed by Karur Vysya Bank or Indian Bank?,F_LogUnion
Which credit-deposit ratio figures are disclosed by Central Bank of India or Bank of Baroda?,F_LogUnion
Which CET1 ratio figures are disclosed by Equitas Small Finance Bank or Bank of Baroda?,F_LogUnion
What ticker symbol is recorded for Ujjivan Small Finance Bank or Karnataka Bank?,F_LogUnion
What listing exchange is recorded for AU Small Finance Bank or CSB Bank?,F_LogUnion
Which slippage ratio figures are disclosed by Kotak Mahindra Bank or Karur Vysya Bank?,F_LogUnion
Which net profit figures are disclosed by Federal Bank or HDFC Bank?,F_LogUnion
State Bank of India or ESAF Small Finance Bank -- which one discloses its net interest margin?,F_LogUnion
Which lenders disclose either book value per share or CASA ratio?,F_LogUnion
What ticker symbol is recorded for Bank of Baroda or Tamilnad Mercantile Bank?,F_LogUnion
Jammu & Kashmir Bank or Federal Bank -- which one discloses its CASA ratio?,F_LogUnion
What ticker symbol is recorded for Jana Small Finance Bank or Federal Bank?,F_LogUnion
Does City Union Bank or Tamilnad Mercantile Bank report a higher-quality net interest margin?,F_LogUnion
Which net NPA ratio figures are disclosed by Jammu & Kashmir Bank or Karur Vysya Bank?,F_LogUnion
Punjab & Sind Bank or State Bank of India -- which one discloses its CASA ratio?,F_LogUnion
Is Indian Bank present in the UAE or India?,F_LogUnion
Which lenders disclose either CASA ratio or earnings per share?,F_LogUnion
What legal name is recorded for Canara Bank or Bank of Baroda?,F_LogUnion
Which total deposits figures are disclosed by Yes Bank or Union Bank of India?,F_LogUnion
Which provision coverage ratio figures are disclosed by City Union Bank or Federal Bank?,F_LogUnion
What auditor is recorded for State Bank of India or Jammu & Kashmir Bank?,F_LogUnion
Central Bank of India or AU Small Finance Bank -- which one discloses its book value per share?,F_LogUnion
Which return on assets figures are disclosed by ESAF Small Finance Bank or CSB Bank?,F_LogUnion
Is Equitas Small Finance Bank present in the United Kingdom or Singapore?,F_LogUnion
What ticker symbol is recorded for Kotak Mahindra Bank or DCB Bank?,F_LogUnion
Does ESAF Small Finance Bank or Axis Bank report a higher-quality CET1 ratio?,F_LogUnion
Is DCB Bank present in the United Kingdom or Bahrain?,F_LogUnion
Which lenders disclose either book value per share or total advances?,F_LogUnion
Does RBL Bank or Bank of Maharashtra report a higher-quality earnings per share?,F_LogUnion
Union Bank of India or Equitas Small Finance Bank -- which one discloses its operating profit?,F_LogUnion
Does Axis Bank or Dhanlaxmi Bank report a higher-quality gross NPA ratio?,F_LogUnion
Canara Bank or Bank of India -- which one discloses its gross NPA ratio?,F_LogUnion
Does Jammu & Kashmir Bank or City Union Bank report a higher-quality operating profit?,F_LogUnion
Is Punjab & Sind Bank present in India or Bahrain?,F_LogUnion
Which lenders disclose either earnings per share or cost-to-income ratio?,F_LogUnion
Does Kotak Mahindra Bank or IDFC FIRST Bank report a higher-quality net NPA ratio?,F_LogUnion
Is Dhanlaxmi Bank present in Hong Kong or India?,F_LogUnion
Bank of Maharashtra or Equitas Small Finance Bank -- which one discloses its credit-deposit ratio?,F_LogUnion
ESAF Small Finance Bank or Suryoday Small Finance Bank -- which one discloses its capital adequacy ratio?,F_LogUnion
Does Bank of Baroda or Punjab National Bank report a higher-quality book value per share?,F_LogUnion
Axis Bank or DCB Bank -- which one discloses its book value per share?,F_LogUnion
Which net profit figures are disclosed by City Union Bank or DCB Bank?,F_LogUnion
What ticker symbol is recorded for Bank of Baroda or HDFC Bank?,F_LogUnion
Which CET1 ratio figures are disclosed by Bank of India or Union Bank of India?,F_LogUnion
Which net NPA ratio figures are disclosed by Federal Bank or Punjab National Bank?,F_LogUnion
Which lenders disclose either CET1 ratio or capital adequacy ratio?,F_LogUnion
Which lenders disclose either total deposits or book value per share?,F_LogUnion
Does AU Small Finance Bank or Jammu & Kashmir Bank report a higher-quality net profit?,F_LogUnion
Is CSB Bank present in Bahrain or Hong Kong?,F_LogUnion
Does RBL Bank or AU Small Finance Bank report a higher-quality net profit?,F_LogUnion
Which lenders disclose either return on assets or CET1 ratio?,F_LogUnion
South Indian Bank or Punjab National Bank -- which one discloses its net profit?,F_LogUnion
HDFC Bank or Dhanlaxmi Bank -- which one discloses its capital adequacy ratio?,F_LogUnion
Is Kotak Mahindra Bank present in Hong Kong or Singapore?,F_LogUnion
Which lenders disclose either provision coverage ratio or operating profit?,F_LogUnion
Which credit-deposit ratio figures are disclosed by Karur Vysya Bank or City Union Bank?,F_LogUnion
What date of incorporation is recorded for Karur Vysya Bank or Utkarsh Small Finance Bank?,F_LogUnion
Is Punjab National Bank present in the UAE or Bahrain?,F_LogUnion
Equitas Small Finance Bank or AU Small Finance Bank -- which one discloses its net interest margin?,F_LogUnion
Which lenders disclose either CET1 ratio or CASA ratio?,F_LogUnion
Which lenders disclose either book value per share or net interest margin?,F_LogUnion
Which credit-deposit ratio figures are disclosed by Union Bank of India or Federal Bank?,F_LogUnion
Which CASA ratio figures are disclosed by Bandhan Bank or Bank of Maharashtra?,F_LogUnion
Which lenders disclose either credit-deposit ratio or book value per share?,F_LogUnion
DCB Bank or Equitas Small Finance Bank -- which one discloses its gross NPA ratio?,F_LogUnion
Does Jammu & Kashmir Bank or CSB Bank report a higher-quality earnings per share?,F_LogUnion
Is Punjab & Sind Bank present in Hong Kong or India?,F_LogUnion
Which lenders disclose either slippage ratio or return on equity?,F_LogUnion
Federal Bank or South Indian Bank -- which one discloses its CET1 ratio?,F_LogUnion
Does IDFC FIRST Bank or Tamilnad Mercantile Bank report a higher-quality net NPA ratio?,F_LogUnion
Does ICICI Bank or ESAF Small Finance Bank report a higher-quality credit-deposit ratio?,F_LogUnion
Does Kotak Mahindra Bank or Utkarsh Small Finance Bank report a higher-quality net NPA ratio?,F_LogUnion
Which lenders disclose either operating profit or total deposits?,F_LogUnion
Which cost-to-income ratio figures are disclosed by Jammu & Kashmir Bank or Canara Bank?,F_LogUnion
Does Dhanlaxmi Bank or ICICI Bank report a higher-quality book value per share?,F_LogUnion
Which lenders disclose either CET1 ratio or net interest margin?,F_LogUnion
What managing director is recorded for Dhanlaxmi Bank or Bandhan Bank?,F_LogUnion
What registered head office is recorded for Union Bank of India or Jammu & Kashmir Bank?,F_LogUnion
Which lenders disclose either cost-to-income ratio or capital adequacy ratio?,F_LogUnion
Does Jana Small Finance Bank or Ujjivan Small Finance Bank report a higher-quality net NPA ratio?,F_LogUnion
Does Utkarsh Small Finance Bank or Axis Bank report a higher-quality CET1 ratio?,F_LogUnion
Does Bandhan Bank or Indian Bank report a higher-quality operating profit?,F_LogUnion
Does Equitas Small Finance Bank or Tamilnad Mercantile Bank report a higher-quality net NPA ratio?,F_LogUnion
Which total advances figures are disclosed by City Union Bank or Punjab & Sind Bank?,F_LogUnion
Is State Bank of India present in the UAE or the United Kingdom?,F_LogUnion
AU Small Finance Bank or Karur Vysya Bank -- which one discloses its net profit?,F_LogUnion
What registered head office is recorded for City Union Bank or Karur Vysya Bank?,F_LogUnion
Which earnings per share figures are disclosed by Indian Bank or Utkarsh Small Finance Bank?,F_LogUnion
Which book value per share figures are disclosed by UCO Bank or State Bank of India?,F_LogUnion
What date of incorporation is recorded for Indian Bank or Yes Bank?,F_LogUnion
Does RBL Bank or Utkarsh Small Finance Bank report a higher-quality operating profit?,F_LogUnion
What chairperson is recorded for DCB Bank or Bank of Maharashtra?,F_LogUnion
What chairperson is recorded for Kotak Mahindra Bank or DCB Bank?,F_LogUnion
UCO Bank or Yes Bank -- which one discloses its return on assets?,F_LogUnion
Is Bandhan Bank present in the UAE or Hong Kong?,F_LogUnion
Which operating profit figures are disclosed by RBL Bank or Bandhan Bank?,F_LogUnion
Which net NPA ratio figures are disclosed by Kotak Mahindra Bank or Punjab National Bank?,F_LogUnion
What legal name is recorded for Yes Bank or IndusInd Bank?,F_LogUnion
Which operating profit figures are disclosed by State Bank of India or Axis Bank?,F_LogUnion
Does Yes Bank or RBL Bank report a higher-quality book value per share?,F_LogUnion
Which lenders disclose either gross NPA ratio or total advances?,F_LogUnion
What listing exchange is recorded for Utkarsh Small Finance Bank or CSB Bank?,F_LogUnion
Punjab National Bank or Kotak Mahindra Bank -- which one discloses its capital adequacy ratio?,F_LogUnion
Is Karnataka Bank present in the United Kingdom or Singapore?,F_LogUnion
Which net interest margin figures are disclosed by Kotak Mahindra Bank or Federal Bank?,F_LogUnion
Which return on assets figures are disclosed by Bank of Maharashtra or Yes Bank?,F_LogUnion
Which net interest margin figures are disclosed by HDFC Bank or Bank of Baroda?,F_LogUnion
Which lenders disclose either net interest margin or net NPA ratio?,F_LogUnion
Which lenders disclose either net profit or cost-to-income ratio?,F_LogUnion
Which total deposits figures are disclosed by Kotak Mahindra Bank or Central Bank of India?,F_LogUnion
Which total advances figures are disclosed by Indian Bank or IndusInd Bank?,F_LogUnion
Which lenders disclose either slippage ratio or operating profit?,F_LogUnion
What chairperson is recorded for Ujjivan Small Finance Bank or Jana Small Finance Bank?,F_LogUnion
Central Bank of India or Union Bank of India -- which one discloses its CASA ratio?,F_LogUnion
Which total advances figures are disclosed by Indian Overseas Bank or Canara Bank?,F_LogUnion
What legal name is recorded for Tamilnad Mercantile Bank or Karnataka Bank?,F_LogUnion
Does City Union Bank or CSB Bank report a higher-quality cost-to-income ratio?,F_LogUnion
Does Indian Overseas Bank or CSB Bank report a higher-quality cost-to-income ratio?,F_LogUnion
Which total advances figures are disclosed by RBL Bank or Bank of Baroda?,F_LogUnion
Does Punjab National Bank or Federal Bank report a higher-quality CASA ratio?,F_LogUnion
Union Bank of India or Jana Small Finance Bank -- which one discloses its earnings per share?,F_LogUnion
RBL Bank or ICICI Bank -- which one discloses its gross NPA ratio?,F_LogUnion
Which lenders disclose either net profit or net NPA ratio?,F_LogUnion
Which lenders disclose either net profit or net interest margin?,F_LogUnion
Which cost-to-income ratio figures are disclosed by ICICI Bank or IndusInd Bank?,F_LogUnion
What chairperson is recorded for South Indian Bank or Bank of Maharashtra?,F_LogUnion
Is Suryoday Small Finance Bank present in the United Kingdom or the UAE?,F_LogUnion
Does Utkarsh Small Finance Bank or Central Bank of India report a higher-quality credit-deposit ratio?,F_LogUnion
Which lenders disclose either return on equity or provision coverage ratio?,F_LogUnion
Utkarsh Small Finance Bank or Kotak Mahindra Bank -- which one discloses its gross NPA ratio?,F_LogUnion
Which credit-deposit ratio figures are disclosed by Bank of Maharashtra or Jammu & Kashmir Bank?,F_LogUnion
Which lenders disclose either credit-deposit ratio or cost-to-income ratio?,F_LogUnion
What ticker symbol is recorded for IDFC FIRST Bank or City Union Bank?,F_LogUnion
Which earnings per share figures are disclosed by Punjab National Bank or Kotak Mahindra Bank?,F_LogUnion
Utkarsh Small Finance Bank or Equitas Small Finance Bank -- which one discloses its operating profit?,F_LogUnion
Which lenders disclose either total deposits or total advances?,F_LogUnion
Is South Indian Bank present in the UAE or Bahrain?,F_LogUnion
Is Jana Small Finance Bank present in Bahrain or the United Kingdom?,F_LogUnion
What managing director is recorded for UCO Bank or Dhanlaxmi Bank?,F_LogUnion
Central Bank of India or Utkarsh Small Finance Bank -- which one discloses its provision coverage ratio?,F_LogUnion
What legal name is recorded for HDFC Bank or RBL Bank?,F_LogUnion
Is Karur Vysya Bank present in the UAE or Bahrain?,F_LogUnion
Is Kotak Mahindra Bank present in the UAE or India?,F_LogUnion
Does Indian Bank or Jammu & Kashmir Bank report a higher-quality cost-to-income ratio?,F_LogUnion
Does Equitas Small Finance Bank or CSB Bank report a higher-quality CASA ratio?,F_LogUnion
Punjab National Bank or HDFC Bank -- which one discloses its return on assets?,F_LogUnion
Which lenders disclose either cost-to-income ratio or credit-deposit ratio?,F_LogUnion
Which lenders disclose either CASA ratio or total advances?,F_LogUnion
Which operating profit figures are disclosed by Union Bank of India or Bank of India?,F_LogUnion
What ticker symbol is recorded for Indian Bank or HDFC Bank?,F_LogUnion
Which lenders disclose either total deposits or CASA ratio?,F_LogUnion
What managing director is recorded for Bandhan Bank or Tamilnad Mercantile Bank?,F_LogUnion
Does Punjab & Sind Bank or RBL Bank report a higher-quality return on equity?,F_LogUnion
Which lenders disclose either net profit or operating profit?,F_LogUnion
Does Ujjivan Small Finance Bank or Jammu & Kashmir Bank report a higher-quality earnings per share?,F_LogUnion
Which credit-deposit ratio figures are disclosed by UCO Bank or DCB Bank?,F_LogUnion
What ticker symbol is recorded for Indian Overseas Bank or South Indian Bank?,F_LogUnion
Does CSB Bank or Karur Vysya Bank report a higher-quality earnings per share?,F_LogUnion
Which operating profit figures are disclosed by Federal Bank or Canara Bank?,F_LogUnion
Does RBL Bank or Federal Bank report a higher-quality earnings per share?,F_LogUnion
Is Federal Bank present in the UAE or Hong Kong?,F_LogUnion
What date of incorporation is recorded for Federal Bank or DCB Bank?,F_LogUnion
What chairperson is recorded for IndusInd Bank or IDFC FIRST Bank?,F_LogUnion
Does Punjab & Sind Bank or Federal Bank report a higher-quality return on equity?,F_LogUnion
Is City Union Bank present in Singapore or the United Kingdom?,F_LogUnion
What auditor is recorded for Central Bank of India or ESAF Small Finance Bank?,F_LogUnion
Does IDFC FIRST Bank or Union Bank of India report a higher-quality net NPA ratio?,F_LogUnion
Which lenders disclose either earnings per share or return on equity?,F_LogUnion
What chairperson is recorded for Utkarsh Small Finance Bank or CSB Bank?,F_LogUnion
Which lenders disclose either total deposits or slippage ratio?,F_LogUnion
What ticker symbol is recorded for ICICI Bank or UCO Bank?,F_LogUnion
Suryoday Small Finance Bank or CSB Bank -- which one discloses its provision coverage ratio?,F_LogUnion
Which cost-to-income ratio figures are disclosed by Punjab & Sind Bank or Utkarsh Small Finance Bank?,F_LogUnion
What date of incorporation is recorded for ESAF Small Finance Bank or Union Bank of India?,F_LogUnion
Which credit-deposit ratio figures are disclosed by Axis Bank or Ujjivan Small Finance Bank?,F_LogUnion
Is Yes Bank present in Singapore or the UAE?,F_LogUnion
Does Bank of Maharashtra or IDFC FIRST Bank report a higher-quality return on assets?,F_LogUnion
What ticker symbol is recorded for Indian Overseas Bank or ICICI Bank?,F_LogUnion
Does Kotak Mahindra Bank or Federal Bank report a higher-quality credit-deposit ratio?,F_LogUnion
Which lenders disclose either earnings per share or operating profit?,F_LogUnion
What managing director is recorded for Jammu & Kashmir Bank or Canara Bank?,F_LogUnion
Is Bank of Maharashtra present in Hong Kong or the UAE?,F_LogUnion
Does Axis Bank or Punjab & Sind Bank report a higher-quality cost-to-income ratio?,F_LogUnion
Is Karnataka Bank present in India or the UAE?,F_LogUnion
Indian Bank or Axis Bank -- which one discloses its earnings per share?,F_LogUnion
City Union Bank or Bank of Maharashtra -- which one discloses its cost-to-income ratio?,F_LogUnion
Name the banks present in both Bahrain and India.,F_LogIntersection
Which credit-deposit ratio figures are reported by both Suryoday Small Finance Bank and Central Bank of India?,F_LogIntersection
Which earnings per share figures are reported by both Jammu & Kashmir Bank and South Indian Bank?,F_LogIntersection
What risks affect Suryoday Small Finance Bank as well as ICICI Bank?,F_LogIntersection
Name the banks present in both India and Singapore.,F_LogIntersection
What is common to Punjab National Bank and Tamilnad Mercantile Bank in terms of return on assets?,F_LogIntersection
What is common to Tamilnad Mercantile Bank and Karur Vysya Bank in terms of earnings per share?,F_LogIntersection
What risks affect Punjab & Sind Bank as well as Tamilnad Mercantile Bank?,F_LogIntersection
Which net interest margin figures are reported by both Karnataka Bank and Federal Bank?,F_LogIntersection
Which return on equity figures are reported by both Dhanlaxmi Bank and Kotak Mahindra Bank?,F_LogIntersection
Name the banks present in both Hong Kong and India.,F_LogIntersection
Which slippage ratio figures are reported by both Jammu & Kashmir Bank and Tamilnad Mercantile Bank?,F_LogIntersection
Name the banks present in both India and the United Kingdom.,F_LogIntersection
What is common to Jammu & Kashmir Bank and ICICI Bank in terms of gross NPA ratio?,F_LogIntersection
Which banks operate in the United Kingdom and also in Hong Kong?,F_LogIntersection
What risks affect Axis Bank as well as Karnataka Bank?,F_LogIntersection
Which cost-to-income ratio figures are reported by both ICICI Bank and Yes Bank?,F_LogIntersection
What risks affect Axis Bank as well as Suryoday Small Finance Bank?,F_LogIntersection
Which banks operate in the United Kingdom and also in Bahrain?,F_LogIntersection
Name the banks present in both Singapore and the UAE.,F_LogIntersection
Which total deposits figures are reported by both Tamilnad Mercantile Bank and Indian Overseas Bank?,F_LogIntersection
What is common to Tamilnad Mercantile Bank and Kotak Mahindra Bank in terms of book value per share?,F_LogIntersection
What is common to Central Bank of India and Jammu & Kashmir Bank in terms of operating profit?,F_LogIntersection
What is common to Indian Overseas Bank and Central Bank of India in terms of operating profit?,F_LogIntersection
Which banks operate in India and also in the United Kingdom?,F_LogIntersection
What is common to DCB Bank and Central Bank of India in terms of CET1 ratio?,F_LogIntersection
Which banks operate in Singapore and also in Hong Kong?,F_LogIntersection
Which banks operate in Bahrain and also in India?,F_LogIntersection
What risks affect Union Bank of India as well as Indian Overseas Bank?,F_LogIntersection
Name the banks present in both the UAE and Hong Kong.,F_LogIntersection
Name the banks present in both the United Kingdom and India.,F_LogIntersection
Name the banks present in both the UAE and Singapore.,F_LogIntersection
Which book value per share figures are reported by both Jana Small Finance Bank and Indian Bank?,F_LogIntersection
Name the banks present in both Bahrain and Hong Kong.,F_LogIntersection
Which banks operate in the UAE and also in Singapore?,F_LogIntersection
What is common to Jammu & Kashmir Bank and Canara Bank in terms of book value per share?,F_LogIntersection
What is common to RBL Bank and Central Bank of India in terms of book value per share?,F_LogIntersection
Which capital adequacy ratio figures are reported by both Indian Bank and Federal Bank?,F_LogIntersection
Which banks operate in Bahrain and also in the UAE?,F_LogIntersection
What risks affect Bank of Baroda as well as Kotak Mahindra Bank?,F_LogIntersection
Which banks operate in India and also in Singapore?,F_LogIntersection
Which net NPA ratio figures are reported by both ESAF Small Finance Bank and CSB Bank?,F_LogIntersection
Name the banks present in both Singapore and India.,F_LogIntersection
Which banks operate in India and also in the UAE?,F_LogIntersection
What risks affect Bandhan Bank as well as Jammu & Kashmir Bank?,F_LogIntersection
Which capital adequacy ratio figures are reported by both City Union Bank and Federal Bank?,F_LogIntersection
Which operating profit figures are reported by both South Indian Bank and City Union Bank?,F_LogIntersection
What is common to UCO Bank and Union Bank of India in terms of earnings per share?,F_LogIntersection
What risks affect Bank of Maharashtra as well as UCO Bank?,F_LogIntersection
Which banks operate in Hong Kong and also in Bahrain?,F_LogIntersection
Name the banks present in both India and Hong Kong.,F_LogIntersection
Name the banks present in both Bahrain and the United Kingdom.,F_LogIntersection
What is common to HDFC Bank and CSB Bank in terms of total advances?,F_LogIntersection
Which net NPA ratio figures are reported by both Punjab National Bank and Dhanlaxmi Bank?,F_LogIntersection
What risks affect Union Bank of India as well as Punjab National Bank?,F_LogIntersection
Which return on assets figures are reported by both Federal Bank and Indian Overseas Bank?,F_LogIntersection
Which return on assets figures are reported by both Axis Bank and Punjab & Sind Bank?,F_LogIntersection
Which capital adequacy ratio figures are reported by both CSB Bank and DCB Bank?,F_LogIntersection
Which provision coverage ratio figures are reported by both HDFC Bank and IDFC FIRST Bank?,F_LogIntersection
What risks affect HDFC Bank as well as Bank of Maharashtra?,F_LogIntersection
What risks affect Jammu & Kashmir Bank as well as Axis Bank?,F_LogIntersection
What risks affect Canara Bank as well as IDFC FIRST Bank?,F_LogIntersection
What risks affect Utkarsh Small Finance Bank as well as IDFC FIRST Bank?,F_LogIntersection
What is common to Karur Vysya Bank and Yes Bank in terms of net NPA ratio?,F_LogIntersection
What risks affect Tamilnad Mercantile Bank as well as Axis Bank?,F_LogIntersection
Which banks operate in the United Kingdom and also in India?,F_LogIntersection
Name the banks present in both Hong Kong and Bahrain.,F_LogIntersection
What risks affect AU Small Finance Bank as well as DCB Bank?,F_LogIntersection
Which CASA ratio figures are reported by both UCO Bank and IndusInd Bank?,F_LogIntersection
Name the banks present in both the UAE and Bahrain.,F_LogIntersection
What is common to Karur Vysya Bank and Bank of Baroda in terms of slippage ratio?,F_LogIntersection
What is common to AU Small Finance Bank and Federal Bank in terms of capital adequacy ratio?,F_LogIntersection
What is common to UCO Bank and ESAF Small Finance Bank in terms of slippage ratio?,F_LogIntersection
Name the banks present in both Bahrain and the UAE.,F_LogIntersection
What is common to DCB Bank and Indian Overseas Bank in terms of total deposits?,F_LogIntersection
Which capital adequacy ratio figures are reported by both Dhanlaxmi Bank and Bank of Maharashtra?,F_LogIntersection
Which cost-to-income ratio figures are reported by both South Indian Bank and Bank of Baroda?,F_LogIntersection
Name the banks present in both the United Kingdom and Singapore.,F_LogIntersection
What is common to Dhanlaxmi Bank and Bank of Maharashtra in terms of net interest margin?,F_LogIntersection
What is common to Indian Bank and Bandhan Bank in terms of slippage ratio?,F_LogIntersection
Which net NPA ratio figures are reported by both Jammu & Kashmir Bank and Federal Bank?,F_LogIntersection
What is common to UCO Bank and Indian Bank in terms of net interest margin?,F_LogIntersection
Which earnings per share figures are reported by both Bank of Maharashtra and Yes Bank?,F_LogIntersection
What risks affect Jana Small Finance Bank as well as IDFC FIRST Bank?,F_LogIntersection
What is common to Karnataka Bank and Kotak Mahindra Bank in terms of provision coverage ratio?,F_LogIntersection
Name the banks present in both the UAE and the United Kingdom.,F_LogIntersection
Which banks operate in the UAE and also in the United Kingdom?,F_LogIntersection
What risks affect South Indian Bank as well as ESAF Small Finance Bank?,F_LogIntersection
Which capital adequacy ratio figures are reported by both Tamilnad Mercantile Bank and Canara Bank?,F_LogIntersection
What risks affect Canara Bank as well as South Indian Bank?,F_LogIntersection
What is common to Federal Bank and Bank of Maharashtra in terms of earnings per share?,F_LogIntersection
What risks affect IDFC FIRST Bank as well as Kotak Mahindra Bank?,F_LogIntersection
What is common to Karur Vysya Bank and Indian Overseas Bank in terms of slippage ratio?,F_LogIntersection
What risks affect ICICI Bank as well as Bank of Baroda?,F_LogIntersection
What risks affect South Indian Bank as well as RBL Bank?,F_LogIntersection
Which banks operate in Singapore and also in Bahrain?,F_LogIntersection
What risks affect Bank of Maharashtra as well as Indian Overseas Bank?,F_LogIntersection
What risks affect Indian Bank as well as Punjab National Bank?,F_LogIntersection
Which total advances figures are reported by both Jana Small Finance Bank and Ujjivan Small Finance Bank?,F_LogIntersection
Which banks operate in Hong Kong and also in India?,F_LogIntersection
Name the banks present in both India and Bahrain.,F_LogIntersection
What risks affect ESAF Small Finance Bank as well as Dhanlaxmi Bank?,F_LogIntersection
What risks affect Bandhan Bank as well as Dhanlaxmi Bank?,F_LogIntersection
Which operating profit figures are reported by both Jana Small Finance Bank and Tamilnad Mercantile Bank?,F_LogIntersection
Name the banks present in both Bahrain and Singapore.,F_LogIntersection
What is common to City Union Bank and Union Bank of India in terms of CET1 ratio?,F_LogIntersection
Which cost-to-income ratio figures are reported by both IDFC FIRST Bank and Bank of Baroda?,F_LogIntersection
What is common to Dhanlaxmi Bank and Kotak Mahindra Bank in terms of cost-to-income ratio?,F_LogIntersection
Which cost-to-income ratio figures are reported by both Ujjivan Small Finance Bank and Punjab & Sind Bank?,F_LogIntersection
What risks affect City Union Bank as well as DCB Bank?,F_LogIntersection
Name the banks present in both Singapore and Hong Kong.,F_LogIntersection
What risks affect Bank of India as well as Karur Vysya Bank?,F_LogIntersection
Name the banks present in both Hong Kong and the UAE.,F_LogIntersection
Which net profit figures are reported by both City Union Bank and Jana Small Finance Bank?,F_LogIntersection
What risks affect Karnataka Bank as well as IndusInd Bank?,F_LogIntersection
What risks affect Central Bank of India as well as Bank of Baroda?,F_LogIntersection
What risks affect RBL Bank as well as City Union Bank?,F_LogIntersection
Which banks operate in the United Kingdom and also in the UAE?,F_LogIntersection
What is common to Federal Bank and ESAF Small Finance Bank in terms of slippage ratio?,F_LogIntersection
Which cost-to-income ratio figures are reported by both Bandhan Bank and RBL Bank?,F_LogIntersection
Which CASA ratio figures are reported by both Jammu & Kashmir Bank and ICICI Bank?,F_LogIntersection
Which gross NPA ratio figures are reported by both Tamilnad Mercantile Bank and Indian Bank?,F_LogIntersection
What risks affect Indian Overseas Bank as well as Yes Bank?,F_LogIntersection
What is common to Yes Bank and Axis Bank in terms of net interest margin?,F_LogIntersection
What risks affect UCO Bank as well as South Indian Bank?,F_LogIntersection
Which net NPA ratio figures are reported by both AU Small Finance Bank and Ujjivan Small Finance Bank?,F_LogIntersection
Which banks operate in Hong Kong and also in the UAE?,F_LogIntersection
Which total deposits figures are reported by both RBL Bank and Axis Bank?,F_LogIntersection
What risks affect Jana Small Finance Bank as well as Kotak Mahindra Bank?,F_LogIntersection
What is common to Union Bank of India and Axis Bank in terms of provision coverage ratio?,F_LogIntersection
What risks affect Jammu & Kashmir Bank as well as Indian Overseas Bank?,F_LogIntersection
Which banks operate in Singapore and also in India?,F_LogIntersection
Which banks operate in India and also in Hong Kong?,F_LogIntersection
What is common to Axis Bank and IDFC FIRST Bank in terms of total advances?,F_LogIntersection
What is common to Dhanlaxmi Bank and Axis Bank in terms of provision coverage ratio?,F_LogIntersection
Which total deposits figures are reported by both Punjab & Sind Bank and HDFC Bank?,F_LogIntersection
What is common to Utkarsh Small Finance Bank and Federal Bank in terms of provision coverage ratio?,F_LogIntersection
What risks affect Indian Overseas Bank as well as Bank of India?,F_LogIntersection
What risks affect AU Small Finance Bank as well as Yes Bank?,F_LogIntersection
Which banks operate in Hong Kong and also in Singapore?,F_LogIntersection
What is common to Kotak Mahindra Bank and Karnataka Bank in terms of return on assets?,F_LogIntersection
Which banks operate in Hong Kong and also in the United Kingdom?,F_LogIntersection
What is common to Jana Small Finance Bank and Bandhan Bank in terms of capital adequacy ratio?,F_LogIntersection
What is common to Yes Bank and Indian Overseas Bank in terms of gross NPA ratio?,F_LogIntersection
Which slippage ratio figures are reported by both IDFC FIRST Bank and IndusInd Bank?,F_LogIntersection
Which operating profit figures are reported by both Punjab & Sind Bank and Canara Bank?,F_LogIntersection
What risks affect Central Bank of India as well as Indian Overseas Bank?,F_LogIntersection
Which return on assets figures are reported by both HDFC Bank and South Indian Bank?,F_LogIntersection
What is common to South Indian Bank and Suryoday Small Finance Bank in terms of total advances?,F_LogIntersection
What is common to Indian Bank and RBL Bank in terms of gross NPA ratio?,F_LogIntersection
Which banks operate in Singapore and also in the United Kingdom?,F_LogIntersection
Which banks operate in Bahrain and also in the United Kingdom?,F_LogIntersection
Which operating profit figures are reported by both AU Small Finance Bank and State Bank of India?,F_LogIntersection
Which net profit figures are reported by both Bank of Baroda and Canara Bank?,F_LogIntersection
What is common to DCB Bank and State Bank of India in terms of total deposits?,F_LogIntersection
Which banks operate in the UAE and also in India?,F_LogIntersection
What is common to Kotak Mahindra Bank and IndusInd Bank in terms of credit-deposit ratio?,F_LogIntersection
What is common to ICICI Bank and Karur Vysya Bank in terms of operating profit?,F_LogIntersection
Name the banks present in both Singapore and the United Kingdom.,F_LogIntersection
What risks affect Union Bank of India as well as Equitas Small Finance Bank?,F_LogIntersection
What is common to Kotak Mahindra Bank and AU Small Finance Bank in terms of gross NPA ratio?,F_LogIntersection
Which total deposits figures are reported by both Indian Overseas Bank and Yes Bank?,F_LogIntersection
Which banks operate in the UAE and also in Bahrain?,F_LogIntersection
Which return on equity figures are reported by both IndusInd Bank and Bank of Maharashtra?,F_LogIntersection
What risks affect CSB Bank as well as Kotak Mahindra Bank?,F_LogIntersection
Name the banks present in both Hong Kong and Singapore.,F_LogIntersection
What risks affect Jammu & Kashmir Bank as well as DCB Bank?,F_LogIntersection
Name the banks present in both Singapore and Bahrain.,F_LogIntersection
What is common to Equitas Small Finance Bank and Bank of Baroda in terms of CASA ratio?,F_LogIntersection
What is common to CSB Bank and Canara Bank in terms of gross NPA ratio?,F_LogIntersection
What risks affect ESAF Small Finance Bank as well as South Indian Bank?,F_LogIntersection
What risks affect Kotak Mahindra Bank as well as Punjab National Bank?,F_LogIntersection
What is common to Union Bank of India and Utkarsh Small Finance Bank in terms of return on equity?,F_LogIntersection
What is common to Bank of India and IndusInd Bank in terms of slippage ratio?,F_LogIntersection
What risks affect AU Small Finance Bank as well as Equitas Small Finance Bank?,F_LogIntersection
What is common to Ujjivan Small Finance Bank and CSB Bank in terms of CASA ratio?,F_LogIntersection
What risks affect Jana Small Finance Bank as well as Punjab & Sind Bank?,F_LogIntersection
Which operating profit figures are reported by both City Union Bank and Punjab National Bank?,F_LogIntersection
What risks affect Indian Overseas Bank as well as Punjab & Sind Bank?,F_LogIntersection
What risks affect Punjab National Bank as well as Canara Bank?,F_LogIntersection
What risks affect Dhanlaxmi Bank as well as HDFC Bank?,F_LogIntersection
What is common to State Bank of India and AU Small Finance Bank in terms of credit-deposit ratio?,F_LogIntersection
What is common to Union Bank of India and RBL Bank in terms of total advances?,F_LogIntersection
What is common to IndusInd Bank and Axis Bank in terms of slippage ratio?,F_LogIntersection
Which net interest margin figures are reported by both Indian Bank and ICICI Bank?,F_LogIntersection
What risks affect UCO Bank as well as Punjab National Bank?,F_LogIntersection
Which operating profit figures are reported by both ICICI Bank and Bank of India?,F_LogIntersection
Which gross NPA ratio figures are reported by both Jana Small Finance Bank and UCO Bank?,F_LogIntersection
What risks affect Tamilnad Mercantile Bank as well as ESAF Small Finance Bank?,F_LogIntersection
What risks affect South Indian Bank as well as Dhanlaxmi Bank?,F_LogIntersection
What risks affect Kotak Mahindra Bank as well as Bank of India?,F_LogIntersection
Which provision coverage ratio figures are reported by both Bank of Maharashtra and Suryoday Small Finance Bank?,F_LogIntersection
Which slippage ratio figures are reported by both Bank of Maharashtra and UCO Bank?,F_LogIntersection
Which net interest margin figures are reported by both Karur Vysya Bank and Utkarsh Small Finance Bank?,F_LogIntersection
What risks affect Suryoday Small Finance Bank as well as Federal Bank?,F_LogIntersection
Which banks operate in Bahrain and also in Singapore?,F_LogIntersection
What risks affect ICICI Bank as well as Jammu & Kashmir Bank?,F_LogIntersection
What is common to Suryoday Small Finance Bank and ESAF Small Finance Bank in terms of capital adequacy ratio?,F_LogIntersection
Which earnings per share figures are reported by both Utkarsh Small Finance Bank and Jammu & Kashmir Bank?,F_LogIntersection
What is common to Bandhan Bank and Dhanlaxmi Bank in terms of capital adequacy ratio?,F_LogIntersection
Which banks operate in the United Kingdom but not in the UAE?,F_LogDifference
Which banks operate in the United Kingdom but not in India?,F_LogDifference
Which total deposits figures does Yes Bank report but not Bandhan Bank?,F_LogDifference
Which banks operate in Hong Kong but not in Bahrain?,F_LogDifference
List banks in Hong Kong other than Indian Overseas Bank.,F_LogDifference
List banks in the UAE other than Utkarsh Small Finance Bank.,F_LogDifference
Who operates in Bahrain while staying out of Singapore?,F_LogDifference
Which banks operate in India but not in the UAE?,F_LogDifference
Which banks operate in Bahrain but not in the United Kingdom?,F_LogDifference
Which gross NPA ratio figures does Bank of India report but not IDFC FIRST Bank?,F_LogDifference
Which provision coverage ratio figures does Bank of Maharashtra report but not Jana Small Finance Bank?,F_LogDifference
Name lenders exposed to treasury operations apart from Karur Vysya Bank.,F_LogDifference
Which book value per share figures does Suryoday Small Finance Bank report but not Axis Bank?,F_LogDifference
Which banks operate in Bahrain but not in India?,F_LogDifference
Which banks operate in the United Kingdom but not in Singapore?,F_LogDifference
Name lenders exposed to credit risk apart from Union Bank of India.,F_LogDifference
Who operates in the United Kingdom while staying out of Singapore?,F_LogDifference
Which banks disclose CET1 ratio yet omit operating profit?,F_LogDifference
Which banks operate in India but not in Singapore?,F_LogDifference
"Show banks in the United Kingdom, leaving out those in Singapore.",F_LogDifference
Which banks operate in Singapore but not in the United Kingdom?,F_LogDifference
Which banks disclose total advances yet omit operating profit?,F_LogDifference
Which banks disclose slippage ratio yet omit CET1 ratio?,F_LogDifference
Which banks operate in Bahrain but not in the UAE?,F_LogDifference
Which banks disclose cost-to-income ratio yet omit slippage ratio?,F_LogDifference
List banks in Singapore other than Bank of Maharashtra.,F_LogDifference
Which banks disclose capital adequacy ratio yet omit total advances?,F_LogDifference
"Show banks in the UAE, leaving out those in Singapore.",F_LogDifference
Who operates in India while staying out of Singapore?,F_LogDifference
Which banks disclose CASA ratio yet omit net profit?,F_LogDifference
Which slippage ratio figures does Dhanlaxmi Bank report but not Federal Bank?,F_LogDifference
Which earnings per share figures does Bank of Maharashtra report but not Indian Overseas Bank?,F_LogDifference
Name lenders exposed to corporate lending apart from South Indian Bank.,F_LogDifference
Which lenders face regulatory risk excluding those exposed to cyber security risk?,F_LogDifference
Which CASA ratio figures does Union Bank of India report but not Karnataka Bank?,F_LogDifference
Which total deposits figures does Indian Bank report but not Dhanlaxmi Bank?,F_LogDifference
Which banks operate in Hong Kong but not in India?,F_LogDifference
List banks in Hong Kong other than Bandhan Bank.,F_LogDifference
Which lenders face retail lending excluding those exposed to regulatory risk?,F_LogDifference
Which operating profit figures does Indian Bank report but not IndusInd Bank?,F_LogDifference
"Show banks in Singapore, leaving out those in India.",F_LogDifference
Which operating profit figures does City Union Bank report but not Indian Overseas Bank?,F_LogDifference
Name lenders exposed to corporate lending apart from Bandhan Bank.,F_LogDifference
Which lenders face credit risk excluding those exposed to corporate lending?,F_LogDifference
Which banks operate in the United Kingdom but not in Bahrain?,F_LogDifference
Name lenders exposed to corporate lending apart from Canara Bank.,F_LogDifference
Which gross NPA ratio figures does Bank of Maharashtra report but not ESAF Small Finance Bank?,F_LogDifference
Which lenders face corporate lending excluding those exposed to regulatory risk?,F_LogDifference
"Show banks in the UAE, leaving out those in the United Kingdom.",F_LogDifference
Which banks disclose cost-to-income ratio yet omit credit-deposit ratio?,F_LogDifference
"Show banks in Singapore, leaving out those in the United Kingdom.",F_LogDifference
Name lenders exposed to credit risk apart from CSB Bank.,F_LogDifference
"Show banks in the United Kingdom, leaving out those in Hong Kong.",F_LogDifference
Which lenders face corporate lending excluding those exposed to interest-rate risk?,F_LogDifference
Name lenders exposed to corporate lending apart from CSB Bank.,F_LogDifference
List banks in Hong Kong other than Yes Bank.,F_LogDifference
Which banks disclose cost-to-income ratio yet omit net interest margin?,F_LogDifference
Name lenders exposed to retail lending apart from Axis Bank.,F_LogDifference
Name lenders exposed to interest-rate risk apart from Bank of Baroda.,F_LogDifference
Which lenders face microfinance excluding those exposed to corporate lending?,F_LogDifference
Name lenders exposed to retail lending apart from Suryoday Small Finance Bank.,F_LogDifference
Which banks disclose earnings per share yet omit total advances?,F_LogDifference
Which lenders face credit risk excluding those exposed to regulatory risk?,F_LogDifference
Name lenders exposed to microfinance apart from Bandhan Bank.,F_LogDifference
Who operates in Hong Kong while staying out of Bahrain?,F_LogDifference
Which banks disclose net interest margin yet omit provision coverage ratio?,F_LogDifference
Which lenders face treasury operations excluding those exposed to regulatory risk?,F_LogDifference
"Show banks in the United Kingdom, leaving out those in the UAE.",F_LogDifference
Which net interest margin figures does RBL Bank report but not Bank of Baroda?,F_LogDifference
Name lenders exposed to treasury operations apart from Bank of Maharashtra.,F_LogDifference
Who operates in India while staying out of Hong Kong?,F_LogDifference
"Show banks in Bahrain, leaving out those in India.",F_LogDifference
Which lenders face interest-rate risk excluding those exposed to cyber security risk?,F_LogDifference
Name lenders exposed to treasury operations apart from City Union Bank.,F_LogDifference
Name lenders exposed to microfinance apart from Union Bank of India.,F_LogDifference
Which lenders face cyber security risk excluding those exposed to microfinance?,F_LogDifference
Which banks disclose return on equity yet omit operating profit?,F_LogDifference
Which banks disclose net NPA ratio yet omit total deposits?,F_LogDifference
Which earnings per share figures does Bank of Maharashtra report but not State Bank of India?,F_LogDifference
"Show banks in Hong Kong, leaving out those in India.",F_LogDifference
Name lenders exposed to treasury operations apart from Equitas Small Finance Bank.,F_LogDifference
Which capital adequacy ratio figures does City Union Bank report but not DCB Bank?,F_LogDifference
"Show banks in India, leaving out those in Bahrain.",F_LogDifference
"Show banks in Hong Kong, leaving out those in Bahrain.",F_LogDifference
Which banks disclose operating profit yet omit capital adequacy ratio?,F_LogDifference
Name lenders exposed to retail lending apart from South Indian Bank.,F_LogDifference
Which banks disclose return on assets yet omit total advances?,F_LogDifference
List banks in the United Kingdom other than Punjab & Sind Bank.,F_LogDifference
List banks in India other than Tamilnad Mercantile Bank.,F_LogDifference
"Show banks in Singapore, leaving out those in Hong Kong.",F_LogDifference
Which cost-to-income ratio figures does Federal Bank report but not Jammu & Kashmir Bank?,F_LogDifference
Name lenders exposed to retail lending apart from Karnataka Bank.,F_LogDifference
Which lenders face corporate lending excluding those exposed to treasury operations?,F_LogDifference
Which lenders face microfinance excluding those exposed to retail lending?,F_LogDifference
List banks in Hong Kong other than CSB Bank.,F_LogDifference
Name lenders exposed to retail lending apart from Yes Bank.,F_LogDifference
List banks in the United Kingdom other than Jana Small Finance Bank.,F_LogDifference
"Show banks in the UAE, leaving out those in India.",F_LogDifference
Name lenders exposed to interest-rate risk apart from AU Small Finance Bank.,F_LogDifference
Which lenders face credit risk excluding those exposed to cyber security risk?,F_LogDifference
Which banks operate in Bahrain but not in Singapore?,F_LogDifference
List banks in Singapore other than Kotak Mahindra Bank.,F_LogDifference
Which lenders face cyber security risk excluding those exposed to corporate lending?,F_LogDifference
Who operates in the UAE while staying out of the United Kingdom?,F_LogDifference
Name lenders exposed to cyber security risk apart from Punjab & Sind Bank.,F_LogDifference
Which lenders face corporate lending excluding those exposed to credit risk?,F_LogDifference
List banks in Bahrain other than Union Bank of India.,F_LogDifference
Who operates in Singapore while staying out of Hong Kong?,F_LogDifference
"Show banks in Bahrain, leaving out those in Singapore.",F_LogDifference
Which banks disclose book value per share yet omit gross NPA ratio?,F_LogDifference
List banks in India other than South Indian Bank.,F_LogDifference
Which banks disclose credit-deposit ratio yet omit net interest margin?,F_LogDifference
Which net NPA ratio figures does Indian Overseas Bank report but not Indian Bank?,F_LogDifference
Name lenders exposed to interest-rate risk apart from South Indian Bank.,F_LogDifference
Which credit-deposit ratio figures does IDFC FIRST Bank report but not DCB Bank?,F_LogDifference
Which banks operate in Hong Kong but not in Singapore?,F_LogDifference
List banks in the United Kingdom other than Bank of Baroda.,F_LogDifference
Which lenders face corporate lending excluding those exposed to retail lending?,F_LogDifference
Which book value per share figures does Punjab National Bank report but not Jana Small Finance Bank?,F_LogDifference
"Show banks in the UAE, leaving out those in Hong Kong.",F_LogDifference
List banks in India other than Ujjivan Small Finance Bank.,F_LogDifference
List banks in Singapore other than Indian Overseas Bank.,F_LogDifference
List banks in the United Kingdom other than IDFC FIRST Bank.,F_LogDifference
Name lenders exposed to corporate lending apart from Equitas Small Finance Bank.,F_LogDifference
Who operates in India while staying out of Bahrain?,F_LogDifference
Which CASA ratio figures does ESAF Small Finance Bank report but not Bandhan Bank?,F_LogDifference
Who operates in the United Kingdom while staying out of the UAE?,F_LogDifference
Which banks disclose cost-to-income ratio yet omit return on equity?,F_LogDifference
List banks in Singapore other than Equitas Small Finance Bank.,F_LogDifference
Which lenders face regulatory risk excluding those exposed to treasury operations?,F_LogDifference
Which lenders face microfinance excluding those exposed to regulatory risk?,F_LogDifference
Who operates in Singapore while staying out of the UAE?,F_LogDifference
Who operates in the United Kingdom while staying out of India?,F_LogDifference
Which banks disclose net interest margin yet omit CET1 ratio?,F_LogDifference
Which banks disclose credit-deposit ratio yet omit book value per share?,F_LogDifference
Which banks operate in the UAE but not in the United Kingdom?,F_LogDifference
Who operates in the UAE while staying out of Singapore?,F_LogDifference
List banks in the UAE other than UCO Bank.,F_LogDifference
List banks in the United Kingdom other than DCB Bank.,F_LogDifference
Which banks disclose net NPA ratio yet omit cost-to-income ratio?,F_LogDifference
List banks in India other than IndusInd Bank.,F_LogDifference
Which net profit figures does Bank of Baroda report but not Jammu & Kashmir Bank?,F_LogDifference
Which banks disclose return on assets yet omit net NPA ratio?,F_LogDifference
Name lenders exposed to retail lending apart from Bank of Baroda.,F_LogDifference
Which banks disclose total deposits yet omit return on assets?,F_LogDifference
Name lenders exposed to treasury operations apart from Punjab National Bank.,F_LogDifference
"Show banks in Bahrain, leaving out those in Hong Kong.",F_LogDifference
Which earnings per share figures does Canara Bank report but not Axis Bank?,F_LogDifference
Name lenders exposed to regulatory risk apart from Kotak Mahindra Bank.,F_LogDifference
Name lenders exposed to interest-rate risk apart from Punjab & Sind Bank.,F_LogDifference
Which CET1 ratio figures does South Indian Bank report but not Suryoday Small Finance Bank?,F_LogDifference
Name lenders exposed to microfinance apart from ICICI Bank.,F_LogDifference
Which banks disclose net interest margin yet omit return on equity?,F_LogDifference
Which banks operate in Hong Kong but not in the United Kingdom?,F_LogDifference
List banks in the UAE other than Karur Vysya Bank.,F_LogDifference
Which banks disclose CASA ratio yet omit provision coverage ratio?,F_LogDifference
Who operates in Hong Kong while staying out of India?,F_LogDifference
List banks in Bahrain other than Suryoday Small Finance Bank.,F_LogDifference
Which banks operate in the UAE but not in Hong Kong?,F_LogDifference
List banks in the United Kingdom other than Tamilnad Mercantile Bank.,F_LogDifference
Which banks disclose net interest margin yet omit operating profit?,F_LogDifference
Which banks disclose gross NPA ratio yet omit cost-to-income ratio?,F_LogDifference
Which banks operate in Bahrain but not in Hong Kong?,F_LogDifference
Name lenders exposed to corporate lending apart from IndusInd Bank.,F_LogDifference
"Show banks in India, leaving out those in the UAE.",F_LogDifference
List banks in Bahrain other than Federal Bank.,F_LogDifference
List banks in Singapore other than Canara Bank.,F_LogDifference
Which lenders face microfinance excluding those exposed to treasury operations?,F_LogDifference
Which lenders face credit risk excluding those exposed to treasury operations?,F_LogDifference
Who operates in India while staying out of the United Kingdom?,F_LogDifference
Which banks operate in Singapore but not in Bahrain?,F_LogDifference
List banks in Hong Kong other than City Union Bank.,F_LogDifference
Which banks disclose net interest margin yet omit credit-deposit ratio?,F_LogDifference
Which provision coverage ratio figures does UCO Bank report but not Yes Bank?,F_LogDifference
Which net interest margin figures does Jammu & Kashmir Bank report but not Equitas Small Finance Bank?,F_LogDifference
Which banks disclose capital adequacy ratio yet omit gross NPA ratio?,F_LogDifference
Who operates in Singapore while staying out of India?,F_LogDifference
Name lenders exposed to credit risk apart from IDFC FIRST Bank.,F_LogDifference
Which net NPA ratio figures does RBL Bank report but not Karnataka Bank?,F_LogDifference
Which banks disclose book value per share yet omit net profit?,F_LogDifference
Name lenders exposed to microfinance apart from Punjab & Sind Bank.,F_LogDifference
List banks in Bahrain other than Karur Vysya Bank.,F_LogDifference
Which banks disclose capital adequacy ratio yet omit earnings per share?,F_LogDifference
Which banks disclose CET1 ratio yet omit return on equity?,F_LogDifference
Which return on equity figures does DCB Bank report but not IDFC FIRST Bank?,F_LogDifference
Which banks disclose total deposits yet omit credit-deposit ratio?,F_LogDifference
List banks in Bahrain other than Bandhan Bank.,F_LogDifference
Which banks operate in Singapore but not in Hong Kong?,F_LogDifference
List banks in the UAE other than Federal Bank.,F_LogDifference
Who operates in the UAE while staying out of Hong Kong?,F_LogDifference
Which banks disclose total deposits yet omit provision coverage ratio?,F_LogDifference
Name lenders exposed to corporate lending apart from Bank of India.,F_LogDifference
Which CET1 ratio figures does RBL Bank report but not Equitas Small Finance Bank?,F_LogDifference
"Show banks in Singapore, leaving out those in Bahrain.",F_LogDifference
Which provision coverage ratio figures does UCO Bank report but not Bank of India?,F_LogDifference
Which banks disclose slippage ratio yet omit operating profit?,F_LogDifference
Name lenders exposed to interest-rate risk apart from DCB Bank.,F_LogDifference
Which lenders face interest-rate risk excluding those exposed to microfinance?,F_LogDifference
Name lenders exposed to interest-rate risk apart from Yes Bank.,F_LogDifference
Which banks operate in the UAE but not in India?,F_LogDifference
Name the banks whose total deposits beats that of Punjab & Sind Bank.,F_CompMore
Compare the CET1 ratio of Bandhan Bank and Equitas Small Finance Bank. Which is stronger?,F_CompMore
Does Central Bank of India outperform IndusInd Bank on operating profit?,F_CompMore
Which lenders exceed ESAF Small Finance Bank on book value per share?,F_CompMore
Which banks have a higher gross NPA ratio than Dhanlaxmi Bank?,F_CompMore
Which banks have a higher return on equity than Suryoday Small Finance Bank?,F_CompMore
Which banks have a higher earnings per share than Karur Vysya Bank?,F_CompMore
Which lenders exceed Union Bank of India on total deposits?,F_CompMore
Which banks have a higher capital adequacy ratio than Canara Bank?,F_CompMore
Which lenders exceed UCO Bank on total advances?,F_CompMore
Which lenders exceed Dhanlaxmi Bank on credit-deposit ratio?,F_CompMore
Which lenders exceed Bank of Maharashtra on return on equity?,F_CompMore
Name the banks whose cost-to-income ratio beats that of Bandhan Bank.,F_CompMore
Which banks have a higher book value per share than Utkarsh Small Finance Bank?,F_CompMore
Which lenders exceed Karnataka Bank on provision coverage ratio?,F_CompMore
Compare the CET1 ratio of RBL Bank and Dhanlaxmi Bank. Which is stronger?,F_CompMore
Name the banks whose net interest margin beats that of Central Bank of India.,F_CompMore
Which lenders exceed Jana Small Finance Bank on cost-to-income ratio?,F_CompMore
Which lenders exceed Bank of India on credit-deposit ratio?,F_CompMore
Which banks have a higher earnings per share than Tamilnad Mercantile Bank?,F_CompMore
Which banks have a higher credit-deposit ratio than Jana Small Finance Bank?,F_CompMore
Which banks have a higher slippage ratio than Karnataka Bank?,F_CompMore
Does Equitas Small Finance Bank outperform Bank of Maharashtra on net interest margin?,F_CompMore
Which banks have a higher operating profit than Dhanlaxmi Bank?,F_CompMore
Which lenders exceed Equitas Small Finance Bank on earnings per share?,F_CompMore
Which banks have a higher return on assets than Central Bank of India?,F_CompMore
Which lenders exceed CSB Bank on total advances?,F_CompMore
Which lenders exceed Utkarsh Small Finance Bank on total advances?,F_CompMore
Does Federal Bank outperform Equitas Small Finance Bank on net NPA ratio?,F_CompMore
Which banks have a higher provision coverage ratio than Union Bank of India?,F_CompMore
Does City Union Bank outperform Union Bank of India on operating profit?,F_CompMore
Compare the cost-to-income ratio of UCO Bank and Federal Bank. Which is stronger?,F_CompMore
Name the banks whose return on assets beats that of State Bank of India.,F_CompMore
Does Ujjivan Small Finance Bank outperform Punjab National Bank on total deposits?,F_CompMore
Which banks have a higher total deposits than Karnataka Bank?,F_CompMore
Compare the operating profit of AU Small Finance Bank and Yes Bank. Which is stronger?,F_CompMore
Does Dhanlaxmi Bank outperform State Bank of India on total deposits?,F_CompMore
Compare the cost-to-income ratio of UCO Bank and Bank of Baroda. Which is stronger?,F_CompMore
Which lenders exceed Indian Overseas Bank on credit-deposit ratio?,F_CompMore
Which banks have a higher CET1 ratio than CSB Bank?,F_CompMore
Which lenders exceed Bank of Maharashtra on return on assets?,F_CompMore
Compare the total advances of Karnataka Bank and Bank of Baroda. Which is stronger?,F_CompMore
Which lenders exceed South Indian Bank on CET1 ratio?,F_CompMore
Compare the CET1 ratio of Karnataka Bank and Central Bank of India. Which is stronger?,F_CompMore
Which lenders exceed Tamilnad Mercantile Bank on operating profit?,F_CompMore
Which banks have a higher return on equity than South Indian Bank?,F_CompMore
Compare the CASA ratio of Equitas Small Finance Bank and AU Small Finance Bank. Which is stronger?,F_CompMore
Compare the total advances of Axis Bank and UCO Bank. Which is stronger?,F_CompMore
Which banks have a higher provision coverage ratio than Dhanlaxmi Bank?,F_CompMore
Which lenders exceed Federal Bank on return on equity?,F_CompMore
Which banks have a higher gross NPA ratio than UCO Bank?,F_CompMore
Name the banks whose earnings per share beats that of Yes Bank.,F_CompMore
Name the banks whose book value per share beats that of Karnataka Bank.,F_CompMore
Which lenders exceed Central Bank of India on credit-deposit ratio?,F_CompMore
Compare the net NPA ratio of AU Small Finance Bank and UCO Bank. Which is stronger?,F_CompMore
Name the banks whose net NPA ratio beats that of Axis Bank.,F_CompMore
Does Indian Bank outperform Bank of Baroda on operating profit?,F_CompMore
Name the banks whose gross NPA ratio beats that of Federal Bank.,F_CompMore
Does Axis Bank outperform Karur Vysya Bank on operating profit?,F_CompMore
Which lenders exceed Union Bank of India on CET1 ratio?,F_CompMore
Which lenders exceed Ujjivan Small Finance Bank on operating profit?,F_CompMore
Which lenders exceed Dhanlaxmi Bank on capital adequacy ratio?,F_CompMore
Which banks have a higher net interest margin than Tamilnad Mercantile Bank?,F_CompMore
Does Karur Vysya Bank outperform DCB Bank on net interest margin?,F_CompMore
Which lenders exceed Bank of India on earnings per share?,F_CompMore
Which banks have a higher total advances than Equitas Small Finance Bank?,F_CompMore
Name the banks whose net NPA ratio beats that of Suryoday Small Finance Bank.,F_CompMore
Which lenders exceed Jana Small Finance Bank on capital adequacy ratio?,F_CompMore
Name the banks whose return on equity beats that of UCO Bank.,F_CompMore
Compare the net interest margin of Karnataka Bank and Bank of Maharashtra. Which is stronger?,F_CompMore
Which banks have a higher net profit than Indian Bank?,F_CompMore
Name the banks whose total advances beats that of Yes Bank.,F_CompMore
Does Utkarsh Small Finance Bank outperform AU Small Finance Bank on credit-deposit ratio?,F_CompMore
Does AU Small Finance Bank outperform Bank of Maharashtra on gross NPA ratio?,F_CompMore
Compare the operating profit of HDFC Bank and DCB Bank. Which is stronger?,F_CompMore
Which lenders exceed Equitas Small Finance Bank on gross NPA ratio?,F_CompMore
Which lenders exceed Jana Small Finance Bank on CASA ratio?,F_CompMore
Name the banks whose return on assets beats that of Suryoday Small Finance Bank.,F_CompMore
Does Equitas Small Finance Bank outperform Utkarsh Small Finance Bank on slippage ratio?,F_CompMore
Which lenders exceed Canara Bank on total deposits?,F_CompMore
Does Karur Vysya Bank outperform Indian Bank on return on equity?,F_CompMore
Name the banks whose gross NPA ratio beats that of UCO Bank.,F_CompMore
Which banks have a higher net interest margin than HDFC Bank?,F_CompMore
Name the banks whose CET1 ratio beats that of Jana Small Finance Bank.,F_CompMore
Name the banks whose net interest margin beats that of Tamilnad Mercantile Bank.,F_CompMore
Compare the net interest margin of Punjab National Bank and Bank of Baroda. Which is stronger?,F_CompMore
Name the banks whose CASA ratio beats that of South Indian Bank.,F_CompMore
Which banks have a higher capital adequacy ratio than Equitas Small Finance Bank?,F_CompMore
Compare the net NPA ratio of UCO Bank and State Bank of India. Which is stronger?,F_CompMore
Which lenders exceed Utkarsh Small Finance Bank on operating profit?,F_CompMore
Does Karnataka Bank outperform ICICI Bank on slippage ratio?,F_CompMore
Name the banks whose capital adequacy ratio beats that of State Bank of India.,F_CompMore
Compare the gross NPA ratio of Karur Vysya Bank and Karnataka Bank. Which is stronger?,F_CompMore
Which banks have a higher cost-to-income ratio than ICICI Bank?,F_CompMore
Which banks have a higher book value per share than Bank of India?,F_CompMore
Does Federal Bank outperform Yes Bank on gross NPA ratio?,F_CompMore
Which banks have a higher CET1 ratio than Yes Bank?,F_CompMore
Compare the net NPA ratio of UCO Bank and Bandhan Bank. Which is stronger?,F_CompMore
Which banks have a higher net interest margin than Indian Bank?,F_CompMore
Compare the credit-deposit ratio of Yes Bank and Jana Small Finance Bank. Which is stronger?,F_CompMore
Compare the cost-to-income ratio of CSB Bank and Bank of Maharashtra. Which is stronger?,F_CompMore
Which lenders exceed Bandhan Bank on capital adequacy ratio?,F_CompMore
Which banks have a higher total advances than Karnataka Bank?,F_CompMore
Which lenders exceed Equitas Small Finance Bank on capital adequacy ratio?,F_CompMore
Name the banks whose operating profit beats that of Equitas Small Finance Bank.,F_CompMore
Name the banks whose earnings per share beats that of Dhanlaxmi Bank.,F_CompMore
Name the banks whose return on assets beats that of Bandhan Bank.,F_CompMore
Which lenders exceed Axis Bank on slippage ratio?,F_CompMore
Compare the CET1 ratio of Jammu & Kashmir Bank and AU Small Finance Bank. Which is stronger?,F_CompMore
Which lenders exceed Federal Bank on provision coverage ratio?,F_CompMore
Which lenders exceed Punjab National Bank on CASA ratio?,F_CompMore
Does Bank of India outperform CSB Bank on book value per share?,F_CompMore
Compare the provision coverage ratio of Jammu & Kashmir Bank and Karur Vysya Bank. Which is stronger?,F_CompMore
Which lenders exceed Jana Small Finance Bank on provision coverage ratio?,F_CompMore
Which banks have a higher CET1 ratio than Bank of India?,F_CompMore
Does Bank of Baroda outperform Bandhan Bank on credit-deposit ratio?,F_CompMore
Compare the total deposits of Bank of Maharashtra and Federal Bank. Which is stronger?,F_CompMore
Which banks have a higher capital adequacy ratio than AU Small Finance Bank?,F_CompMore
Which lenders exceed Bank of India on net NPA ratio?,F_CompMore
Does Dhanlaxmi Bank outperform Karnataka Bank on return on assets?,F_CompMore
Compare the total advances of Federal Bank and IDFC FIRST Bank. Which is stronger?,F_CompMore
Which banks have a higher return on equity than Central Bank of India?,F_CompMore
Which lenders exceed Yes Bank on provision coverage ratio?,F_CompMore
Name the banks whose cost-to-income ratio beats that of Bank of Maharashtra.,F_CompMore
Which banks have a higher slippage ratio than Bank of Baroda?,F_CompMore
Does Dhanlaxmi Bank outperform Union Bank of India on gross NPA ratio?,F_CompMore
Name the banks whose credit-deposit ratio beats that of State Bank of India.,F_CompMore
Compare the gross NPA ratio of Bank of India and Jammu & Kashmir Bank. Which is stronger?,F_CompMore
Which banks have a higher operating profit than Axis Bank?,F_CompMore
Does Bank of Baroda outperform Suryoday Small Finance Bank on net NPA ratio?,F_CompMore
Which banks have a higher CET1 ratio than IDFC FIRST Bank?,F_CompMore
Which lenders exceed Yes Bank on net interest margin?,F_CompMore
Name the banks whose return on assets beats that of Canara Bank.,F_CompMore
Name the banks whose capital adequacy ratio beats that of AU Small Finance Bank.,F_CompMore
Which banks have a higher CASA ratio than State Bank of India?,F_CompMore
Which banks have a higher cost-to-income ratio than Union Bank of India?,F_CompMore
Which banks have a higher total deposits than Union Bank of India?,F_CompMore
Name the banks whose CASA ratio beats that of Indian Bank.,F_CompMore
Name the banks whose CASA ratio beats that of RBL Bank.,F_CompMore
Which banks have a higher book value per share than IndusInd Bank?,F_CompMore
Does Tamilnad Mercantile Bank outperform RBL Bank on cost-to-income ratio?,F_CompMore
Does City Union Bank outperform AU Small Finance Bank on return on assets?,F_CompMore
Which lenders exceed Jammu & Kashmir Bank on CET1 ratio?,F_CompMore
Does Central Bank of India outperform Bank of Maharashtra on capital adequacy ratio?,F_CompMore
Which banks have a higher net interest margin than ICICI Bank?,F_CompMore
Which lenders exceed Punjab & Sind Bank on return on equity?,F_CompMore
Which lenders exceed Tamilnad Mercantile Bank on provision coverage ratio?,F_CompMore
Which banks have a higher CET1 ratio than Kotak Mahindra Bank?,F_CompMore
Does Karur Vysya Bank outperform Utkarsh Small Finance Bank on gross NPA ratio?,F_CompMore
Does AU Small Finance Bank outperform Dhanlaxmi Bank on total advances?,F_CompMore
Name the banks whose credit-deposit ratio beats that of DCB Bank.,F_CompMore
Does RBL Bank outperform Jana Small Finance Bank on total deposits?,F_CompMore
Which lenders exceed Suryoday Small Finance Bank on net profit?,F_CompMore
Does Indian Overseas Bank outperform Punjab & Sind Bank on net interest margin?,F_CompMore
Does Indian Overseas Bank outperform Jammu & Kashmir Bank on total advances?,F_CompMore
Name the banks whose net interest margin beats that of Dhanlaxmi Bank.,F_CompMore
Which banks have a higher net interest margin than Bank of Maharashtra?,F_CompMore
Which lenders exceed Tamilnad Mercantile Bank on cost-to-income ratio?,F_CompMore
Does AU Small Finance Bank outperform Union Bank of India on cost-to-income ratio?,F_CompMore
Which lenders exceed Suryoday Small Finance Bank on CET1 ratio?,F_CompMore
Which banks have a higher cost-to-income ratio than IndusInd Bank?,F_CompMore
Which lenders exceed Suryoday Small Finance Bank on cost-to-income ratio?,F_CompMore
Which banks have a higher gross NPA ratio than South Indian Bank?,F_CompMore
Which lenders exceed City Union Bank on net interest margin?,F_CompMore
Name the banks whose net profit beats that of RBL Bank.,F_CompMore
Which banks have a higher slippage ratio than Canara Bank?,F_CompMore
Does Tamilnad Mercantile Bank outperform Utkarsh Small Finance Bank on book value per share?,F_CompMore
Name the banks whose CASA ratio beats that of City Union Bank.,F_CompMore
Which lenders exceed Central Bank of India on cost-to-income ratio?,F_CompMore
Compare the total advances of Karur Vysya Bank and ESAF Small Finance Bank. Which is stronger?,F_CompMore
Which lenders exceed ICICI Bank on return on assets?,F_CompMore
Compare the total advances of CSB Bank and Karur Vysya Bank. Which is stronger?,F_CompMore
Does Bandhan Bank outperform State Bank of India on cost-to-income ratio?,F_CompMore
Which banks have a higher book value per share than ESAF Small Finance Bank?,F_CompMore
Name the banks whose total deposits beats that of ICICI Bank.,F_CompMore
Compare the net interest margin of RBL Bank and Tamilnad Mercantile Bank. Which is stronger?,F_CompMore
Name the banks whose provision coverage ratio beats that of City Union Bank.,F_CompMore
Does Central Bank of India outperform Indian Overseas Bank on capital adequacy ratio?,F_CompMore
Does State Bank of India outperform Punjab & Sind Bank on CET1 ratio?,F_CompMore
Which banks have a higher total deposits than Punjab & Sind Bank?,F_CompMore
Compare the CASA ratio of Jammu & Kashmir Bank and ESAF Small Finance Bank. Which is stronger?,F_CompMore
Name the banks whose slippage ratio beats that of Punjab National Bank.,F_CompMore
Name the banks whose provision coverage ratio beats that of Indian Bank.,F_CompMore
Does Union Bank of India outperform Equitas Small Finance Bank on provision coverage ratio?,F_CompMore
Which banks have a higher gross NPA ratio than Bandhan Bank?,F_CompMore
Name the banks whose total advances beats that of Punjab & Sind Bank.,F_CompMore
Name the banks whose CET1 ratio beats that of Yes Bank.,F_CompMore
Name the banks whose CASA ratio beats that of Bank of Maharashtra.,F_CompMore
Name the banks whose book value per share beats that of AU Small Finance Bank.,F_CompMore
Compare the return on assets of Axis Bank and Canara Bank. Which is stronger?,F_CompMore
Does Yes Bank outperform Jana Small Finance Bank on total deposits?,F_CompMore
Compare the cost-to-income ratio of DCB Bank and Federal Bank. Which is stronger?,F_CompMore
Which lenders exceed Axis Bank on net profit?,F_CompMore
Does Indian Overseas Bank outperform Punjab National Bank on book value per share?,F_CompMore
Name the banks whose net interest margin beats that of Canara Bank.,F_CompMore
Name the banks whose earnings per share beats that of Ujjivan Small Finance Bank.,F_CompMore
Which banks have a higher CET1 ratio than City Union Bank?,F_CompMore
Compare the gross NPA ratio of City Union Bank and Canara Bank. Which is stronger?,F_CompMore
Compare the net NPA ratio of Indian Overseas Bank and Jammu & Kashmir Bank. Which is stronger?,F_CompMore
Which lenders exceed Indian Bank on total advances?,F_CompMore
Name the banks whose total deposits is weaker than Federal Bank's.,F_CompLess
Which banks have a lower CASA ratio than Yes Bank?,F_CompLess
Does HDFC Bank trail IDFC FIRST Bank on total deposits?,F_CompLess
Name the banks whose CET1 ratio is weaker than Bank of Baroda's.,F_CompLess
Does Suryoday Small Finance Bank trail Indian Overseas Bank on net interest margin?,F_CompLess
Which banks have a lower total advances than RBL Bank?,F_CompLess
Which lenders fall below Indian Bank on operating profit?,F_CompLess
Which lenders fall below ICICI Bank on capital adequacy ratio?,F_CompLess
Which lenders fall below Dhanlaxmi Bank on CASA ratio?,F_CompLess
Which lenders fall below Punjab & Sind Bank on slippage ratio?,F_CompLess
Which lenders fall below Yes Bank on book value per share?,F_CompLess
Which lenders fall below Punjab National Bank on total advances?,F_CompLess
Does Canara Bank trail Punjab & Sind Bank on return on equity?,F_CompLess
Name the banks whose CET1 ratio is weaker than Dhanlaxmi Bank's.,F_CompLess
Does Punjab National Bank trail RBL Bank on net profit?,F_CompLess
Name the banks whose net interest margin is weaker than HDFC Bank's.,F_CompLess
Which banks have a lower CASA ratio than Federal Bank?,F_CompLess
Which lenders fall below Indian Overseas Bank on CASA ratio?,F_CompLess
Which banks have a lower total advances than City Union Bank?,F_CompLess
Which banks have a lower return on assets than DCB Bank?,F_CompLess
Does City Union Bank trail UCO Bank on cost-to-income ratio?,F_CompLess
Name the banks whose return on assets is weaker than Bank of Baroda's.,F_CompLess
Which banks have a lower net NPA ratio than Dhanlaxmi Bank?,F_CompLess
Does Punjab & Sind Bank trail Utkarsh Small Finance Bank on net interest margin?,F_CompLess
Name the banks whose cost-to-income ratio is weaker than UCO Bank's.,F_CompLess
Does Ujjivan Small Finance Bank trail Equitas Small Finance Bank on return on equity?,F_CompLess
Does Punjab & Sind Bank trail Central Bank of India on net NPA ratio?,F_CompLess
Which lenders fall below Tamilnad Mercantile Bank on net interest margin?,F_CompLess
Which lenders fall below Union Bank of India on net interest margin?,F_CompLess
Name the banks whose net NPA ratio is weaker than Punjab & Sind Bank's.,F_CompLess
Name the banks whose capital adequacy ratio is weaker than Jammu & Kashmir Bank's.,F_CompLess
Which banks have a lower CASA ratio than DCB Bank?,F_CompLess
Does Kotak Mahindra Bank trail Indian Overseas Bank on return on assets?,F_CompLess
Which banks have a lower total advances than Equitas Small Finance Bank?,F_CompLess
Does Jana Small Finance Bank trail Bank of Maharashtra on net NPA ratio?,F_CompLess
Which lenders fall below Kotak Mahindra Bank on operating profit?,F_CompLess
Which banks have a lower slippage ratio than Bank of Maharashtra?,F_CompLess
Which banks have a lower gross NPA ratio than Dhanlaxmi Bank?,F_CompLess
Does Yes Bank trail IndusInd Bank on CET1 ratio?,F_CompLess
Which banks have a lower book value per share than Dhanlaxmi Bank?,F_CompLess
Name the banks whose total deposits is weaker than Ujjivan Small Finance Bank's.,F_CompLess
Which banks have a lower slippage ratio than Dhanlaxmi Bank?,F_CompLess
Which lenders fall below AU Small Finance Bank on slippage ratio?,F_CompLess
Does Bandhan Bank trail Federal Bank on CASA ratio?,F_CompLess
Does DCB Bank trail RBL Bank on earnings per share?,F_CompLess
Name the banks whose net interest margin is weaker than Punjab & Sind Bank's.,F_CompLess
Which lenders fall below ESAF Small Finance Bank on return on assets?,F_CompLess
Name the banks whose capital adequacy ratio is weaker than Tamilnad Mercantile Bank's.,F_CompLess
Which banks have a lower return on equity than RBL Bank?,F_CompLess
Name the banks whose provision coverage ratio is weaker than Jammu & Kashmir Bank's.,F_CompLess
Name the banks whose credit-deposit ratio is weaker than Utkarsh Small Finance Bank's.,F_CompLess
Name the banks whose total deposits is weaker than Equitas Small Finance Bank's.,F_CompLess
Which lenders fall below Ujjivan Small Finance Bank on gross NPA ratio?,F_CompLess
Name the banks whose net interest margin is weaker than Punjab National Bank's.,F_CompLess
Which banks have a lower cost-to-income ratio than DCB Bank?,F_CompLess
Does Bank of India trail Canara Bank on slippage ratio?,F_CompLess
Does Central Bank of India trail Karnataka Bank on total deposits?,F_CompLess
Does ESAF Small Finance Bank trail Central Bank of India on total deposits?,F_CompLess
Does Punjab National Bank trail Indian Overseas Bank on slippage ratio?,F_CompLess
Which banks have a lower return on assets than Jammu & Kashmir Bank?,F_CompLess
Does Central Bank of India trail Jammu & Kashmir Bank on provision coverage ratio?,F_CompLess
Which lenders fall below Bandhan Bank on operating profit?,F_CompLess
Which banks have a lower gross NPA ratio than HDFC Bank?,F_CompLess
Name the banks whose total advances is weaker than Bank of India's.,F_CompLess
Which banks have a lower return on equity than Karnataka Bank?,F_CompLess
Name the banks whose CASA ratio is weaker than Equitas Small Finance Bank's.,F_CompLess
Does RBL Bank trail IndusInd Bank on gross NPA ratio?,F_CompLess
Which banks have a lower total deposits than UCO Bank?,F_CompLess
Which banks have a lower net interest margin than IDFC FIRST Bank?,F_CompLess
Does Tamilnad Mercantile Bank trail Suryoday Small Finance Bank on earnings per share?,F_CompLess
Name the banks whose capital adequacy ratio is weaker than Kotak Mahindra Bank's.,F_CompLess
Does Central Bank of India trail Jammu & Kashmir Bank on CASA ratio?,F_CompLess
Which lenders fall below Federal Bank on credit-deposit ratio?,F_CompLess
Does Equitas Small Finance Bank trail ICICI Bank on gross NPA ratio?,F_CompLess
Name the banks whose credit-deposit ratio is weaker than CSB Bank's.,F_CompLess
Does South Indian Bank trail Indian Overseas Bank on slippage ratio?,F_CompLess
Which banks have a lower total advances than State Bank of India?,F_CompLess
Which banks have a lower net interest margin than DCB Bank?,F_CompLess
Does Punjab National Bank trail IndusInd Bank on net profit?,F_CompLess
Name the banks whose credit-deposit ratio is weaker than Equitas Small Finance Bank's.,F_CompLess
Which banks have a lower total advances than Central Bank of India?,F_CompLess
Which lenders fall below RBL Bank on net interest margin?,F_CompLess
Name the banks whose total deposits is weaker than Bank of Maharashtra's.,F_CompLess
Does Bandhan Bank trail ICICI Bank on book value per share?,F_CompLess
Which lenders fall below Canara Bank on slippage ratio?,F_CompLess
Which lenders fall below Jammu & Kashmir Bank on credit-deposit ratio?,F_CompLess
Which lenders fall below Federal Bank on earnings per share?,F_CompLess
Does Kotak Mahindra Bank trail Canara Bank on earnings per share?,F_CompLess
Which lenders fall below CSB Bank on CASA ratio?,F_CompLess
Does Karnataka Bank trail CSB Bank on net profit?,F_CompLess
Which banks have a lower total deposits than RBL Bank?,F_CompLess
Which lenders fall below Central Bank of India on cost-to-income ratio?,F_CompLess
Which lenders fall below IDFC FIRST Bank on total deposits?,F_CompLess
Name the banks whose book value per share is weaker than Bandhan Bank's.,F_CompLess
Name the banks whose total advances is weaker than Indian Bank's.,F_CompLess
Does HDFC Bank trail City Union Bank on return on assets?,F_CompLess
Which banks have a lower net profit than Bank of Baroda?,F_CompLess
Name the banks whose return on assets is weaker than CSB Bank's.,F_CompLess
Which lenders fall below State Bank of India on CET1 ratio?,F_CompLess
Name the banks whose gross NPA ratio is weaker than Bank of India's.,F_CompLess
Which lenders fall below South Indian Bank on cost-to-income ratio?,F_CompLess
Name the banks whose cost-to-income ratio is weaker than Equitas Small Finance Bank's.,F_CompLess
Name the banks whose return on equity is weaker than State Bank of India's.,F_CompLess
Which lenders fall below Union Bank of India on provision coverage ratio?,F_CompLess
Which banks have a lower credit-deposit ratio than Bank of India?,F_CompLess
Which lenders fall below UCO Bank on provision coverage ratio?,F_CompLess
Which lenders fall below Tamilnad Mercantile Bank on slippage ratio?,F_CompLess
Name the banks whose provision coverage ratio is weaker than Jana Small Finance Bank's.,F_CompLess
Does Union Bank of India trail AU Small Finance Bank on cost-to-income ratio?,F_CompLess
Does Union Bank of India trail Bandhan Bank on gross NPA ratio?,F_CompLess
Does Punjab National Bank trail Ujjivan Small Finance Bank on total advances?,F_CompLess
Which banks have a lower return on equity than Ujjivan Small Finance Bank?,F_CompLess
Does UCO Bank trail South Indian Bank on provision coverage ratio?,F_CompLess
Which banks have a lower CET1 ratio than Tamilnad Mercantile Bank?,F_CompLess
Which banks have a lower CASA ratio than ESAF Small Finance Bank?,F_CompLess
Which banks have a lower cost-to-income ratio than UCO Bank?,F_CompLess
Which banks have a lower gross NPA ratio than Kotak Mahindra Bank?,F_CompLess
Does Yes Bank trail HDFC Bank on total deposits?,F_CompLess
Name the banks whose CET1 ratio is weaker than Kotak Mahindra Bank's.,F_CompLess
Name the banks whose net profit is weaker than Union Bank of India's.,F_CompLess
Which lenders fall below Bank of Maharashtra on provision coverage ratio?,F_CompLess
Does Karur Vysya Bank trail State Bank of India on slippage ratio?,F_CompLess
Which banks have a lower total deposits than Federal Bank?,F_CompLess
Does Yes Bank trail ICICI Bank on provision coverage ratio?,F_CompLess
Name the banks whose net profit is weaker than Central Bank of India's.,F_CompLess
Which lenders fall below ICICI Bank on net interest margin?,F_CompLess
Name the banks whose net profit is weaker than Axis Bank's.,F_CompLess
Name the banks whose return on assets is weaker than Indian Overseas Bank's.,F_CompLess
Does DCB Bank trail Dhanlaxmi Bank on total deposits?,F_CompLess
Which banks have a lower return on equity than Kotak Mahindra Bank?,F_CompLess
Which lenders fall below ESAF Small Finance Bank on credit-deposit ratio?,F_CompLess
Which lenders fall below Punjab & Sind Bank on return on equity?,F_CompLess
Name the banks whose gross NPA ratio is weaker than Punjab & Sind Bank's.,F_CompLess
Does Bank of Baroda trail Dhanlaxmi Bank on net NPA ratio?,F_CompLess
Which lenders fall below City Union Bank on earnings per share?,F_CompLess
Which lenders fall below Utkarsh Small Finance Bank on net profit?,F_CompLess
Which lenders fall below Suryoday Small Finance Bank on credit-deposit ratio?,F_CompLess
Which lenders fall below Indian Bank on slippage ratio?,F_CompLess
Which banks have a lower book value per share than City Union Bank?,F_CompLess
Does ESAF Small Finance Bank trail South Indian Bank on slippage ratio?,F_CompLess
Does Bank of Baroda trail UCO Bank on cost-to-income ratio?,F_CompLess
Which banks have a lower net NPA ratio than Bank of India?,F_CompLess
Does Ujjivan Small Finance Bank trail Kotak Mahindra Bank on net profit?,F_CompLess
Which banks have a lower net NPA ratio than Indian Bank?,F_CompLess
Does Dhanlaxmi Bank trail Bank of Baroda on CASA ratio?,F_CompLess
Which lenders fall below ESAF Small Finance Bank on gross NPA ratio?,F_CompLess
Which banks have a lower net interest margin than UCO Bank?,F_CompLess
Which lenders fall below Axis Bank on provision coverage ratio?,F_CompLess
Name the banks whose return on assets is weaker than Federal Bank's.,F_CompLess
Which lenders fall below Ujjivan Small Finance Bank on total deposits?,F_CompLess
Which lenders fall below Punjab & Sind Bank on book value per share?,F_CompLess
Name the banks whose earnings per share is weaker than Punjab National Bank's.,F_CompLess
Does South Indian Bank trail AU Small Finance Bank on return on assets?,F_CompLess
Which banks have a lower total advances than Kotak Mahindra Bank?,F_CompLess
Does UCO Bank trail Bandhan Bank on total deposits?,F_CompLess
Does Kotak Mahindra Bank trail HDFC Bank on net NPA ratio?,F_CompLess
Which lenders fall below Jana Small Finance Bank on cost-to-income ratio?,F_CompLess
Does IDFC FIRST Bank trail Punjab & Sind Bank on provision coverage ratio?,F_CompLess
Which banks have a lower net NPA ratio than HDFC Bank?,F_CompLess
Which lenders fall below South Indian Bank on total advances?,F_CompLess
Does HDFC Bank trail Federal Bank on capital adequacy ratio?,F_CompLess
Which lenders fall below Punjab National Bank on net interest margin?,F_CompLess
Which banks have a lower slippage ratio than Kotak Mahindra Bank?,F_CompLess
Does City Union Bank trail Equitas Small Finance Bank on CET1 ratio?,F_CompLess
Which lenders fall below Punjab & Sind Bank on operating profit?,F_CompLess
Name the banks whose return on equity is weaker than South Indian Bank's.,F_CompLess
Does ICICI Bank trail State Bank of India on cost-to-income ratio?,F_CompLess
Which lenders fall below Federal Bank on provision coverage ratio?,F_CompLess
Which banks have a lower net profit than HDFC Bank?,F_CompLess
Which lenders fall below Equitas Small Finance Bank on net interest margin?,F_CompLess
Does Tamilnad Mercantile Bank trail State Bank of India on provision coverage ratio?,F_CompLess
Which banks have a lower CET1 ratio than HDFC Bank?,F_CompLess
Which banks have a lower net NPA ratio than Karnataka Bank?,F_CompLess
Does CSB Bank trail Union Bank of India on slippage ratio?,F_CompLess
Does DCB Bank trail Bank of Baroda on book value per share?,F_CompLess
Name the banks whose gross NPA ratio is weaker than ICICI Bank's.,F_CompLess
Does Yes Bank trail RBL Bank on return on assets?,F_CompLess
Does Karur Vysya Bank trail RBL Bank on total advances?,F_CompLess
Name the banks whose net interest margin is weaker than Utkarsh Small Finance Bank's.,F_CompLess
Does IndusInd Bank trail UCO Bank on net NPA ratio?,F_CompLess
Does Utkarsh Small Finance Bank trail ESAF Small Finance Bank on credit-deposit ratio?,F_CompLess
Does IndusInd Bank trail Yes Bank on operating profit?,F_CompLess
Which banks have a lower CET1 ratio than ESAF Small Finance Bank?,F_CompLess
Does Karur Vysya Bank trail Tamilnad Mercantile Bank on return on assets?,F_CompLess
Does UCO Bank trail Suryoday Small Finance Bank on return on equity?,F_CompLess
Which banks have a lower net interest margin than Bank of Maharashtra?,F_CompLess
Which lenders fall below Yes Bank on net interest margin?,F_CompLess
Does Union Bank of India trail Bank of Baroda on net interest margin?,F_CompLess
Which lenders fall below Bank of Baroda on operating profit?,F_CompLess
Which lenders fall below Ujjivan Small Finance Bank on credit-deposit ratio?,F_CompLess
Does Yes Bank trail Ujjivan Small Finance Bank on gross NPA ratio?,F_CompLess
Name the banks whose CET1 ratio is weaker than Jana Small Finance Bank's.,F_CompLess
Which banks have a lower earnings per share than Dhanlaxmi Bank?,F_CompLess
Which banks have a lower book value per share than Equitas Small Finance Bank?,F_CompLess
Does Federal Bank trail UCO Bank on return on assets?,F_CompLess
Name the banks whose return on equity is weaker than Bank of Maharashtra's.,F_CompLess
Which lenders fall below Kotak Mahindra Bank on net interest margin?,F_CompLess
Which banks have a lower net profit than Tamilnad Mercantile Bank?,F_CompLess
Name the banks whose return on assets is weaker than Suryoday Small Finance Bank's.,F_CompLess
Which lenders fall below Tamilnad Mercantile Bank on return on assets?,F_CompLess
Which banks have roughly the same gross NPA ratio as Utkarsh Small Finance Bank?,F_CompApprox
Does UCO Bank sit at about the same operating profit as Canara Bank?,F_CompApprox
Which banks have roughly the same CET1 ratio as Ujjivan Small Finance Bank?,F_CompApprox
Is IndusInd Bank's earnings per share approximately equal to Axis Bank's?,F_CompApprox
Is Suryoday Small Finance Bank's provision coverage ratio approximately equal to Union Bank of India's?,F_CompApprox
Does Kotak Mahindra Bank sit at about the same net profit as HDFC Bank?,F_CompApprox
Which banks have roughly the same operating profit as State Bank of India?,F_CompApprox
Is CSB Bank's credit-deposit ratio approximately equal to Federal Bank's?,F_CompApprox
Which banks have roughly the same CET1 ratio as State Bank of India?,F_CompApprox
Which banks have roughly the same earnings per share as Union Bank of India?,F_CompApprox
Is Canara Bank's return on equity approximately equal to Bandhan Bank's?,F_CompApprox
Does CSB Bank sit at about the same CASA ratio as Tamilnad Mercantile Bank?,F_CompApprox
Is Bank of Maharashtra's CASA ratio approximately equal to ICICI Bank's?,F_CompApprox
Which banks have roughly the same CASA ratio as Bank of India?,F_CompApprox
Does Union Bank of India sit at about the same book value per share as HDFC Bank?,F_CompApprox
Which banks have roughly the same operating profit as Bank of Maharashtra?,F_CompApprox
Does Suryoday Small Finance Bank sit at about the same total advances as Jammu & Kashmir Bank?,F_CompApprox
Is Dhanlaxmi Bank's total deposits approximately equal to AU Small Finance Bank's?,F_CompApprox
Which banks have roughly the same slippage ratio as IDFC FIRST Bank?,F_CompApprox
Is ICICI Bank's total advances approximately equal to Federal Bank's?,F_CompApprox
Which banks have roughly the same gross NPA ratio as Bank of Baroda?,F_CompApprox
Does Yes Bank sit at about the same earnings per share as Ujjivan Small Finance Bank?,F_CompApprox
Which banks have roughly the same net NPA ratio as ICICI Bank?,F_CompApprox
Which banks have roughly the same total deposits as Jammu & Kashmir Bank?,F_CompApprox
Which banks have roughly the same earnings per share as Suryoday Small Finance Bank?,F_CompApprox
Does Jammu & Kashmir Bank sit at about the same CASA ratio as Canara Bank?,F_CompApprox
Which banks have roughly the same net profit as ICICI Bank?,F_CompApprox
Is Dhanlaxmi Bank's credit-deposit ratio approximately equal to Bank of Baroda's?,F_CompApprox
Which banks have roughly the same net profit as South Indian Bank?,F_CompApprox
Is HDFC Bank's total deposits approximately equal to Bank of India's?,F_CompApprox
Which banks have roughly the same net interest margin as HDFC Bank?,F_CompApprox
Is Jana Small Finance Bank's slippage ratio approximately equal to DCB Bank's?,F_CompApprox
Does Union Bank of India sit at about the same slippage ratio as Utkarsh Small Finance Bank?,F_CompApprox
Does Equitas Small Finance Bank sit at about the same cost-to-income ratio as Bank of India?,F_CompApprox
Does Central Bank of India sit at about the same slippage ratio as Indian Bank?,F_CompApprox
Which banks have roughly the same gross NPA ratio as DCB Bank?,F_CompApprox
Which banks have roughly the same book value per share as City Union Bank?,F_CompApprox
Does DCB Bank sit at about the same return on assets as IDFC FIRST Bank?,F_CompApprox
Does IDFC FIRST Bank sit at about the same cost-to-income ratio as UCO Bank?,F_CompApprox
Which banks have roughly the same total deposits as CSB Bank?,F_CompApprox
Which banks have roughly the same slippage ratio as City Union Bank?,F_CompApprox
Is UCO Bank's slippage ratio approximately equal to Bank of India's?,F_CompApprox
Does Yes Bank sit at about the same return on equity as South Indian Bank?,F_CompApprox
Does IDFC FIRST Bank sit at about the same return on equity as Punjab National Bank?,F_CompApprox
Which banks have roughly the same CET1 ratio as HDFC Bank?,F_CompApprox
Is Bank of India's book value per share approximately equal to Yes Bank's?,F_CompApprox
Is Bank of Maharashtra's net interest margin approximately equal to South Indian Bank's?,F_CompApprox
Is HDFC Bank's CASA ratio approximately equal to Federal Bank's?,F_CompApprox
Does Tamilnad Mercantile Bank sit at about the same CET1 ratio as Utkarsh Small Finance Bank?,F_CompApprox
Does AU Small Finance Bank sit at about the same total deposits as Suryoday Small Finance Bank?,F_CompApprox
Which banks have roughly the same cost-to-income ratio as RBL Bank?,F_CompApprox
Does Kotak Mahindra Bank sit at about the same slippage ratio as DCB Bank?,F_CompApprox
Does Bank of India sit at about the same credit-deposit ratio as Dhanlaxmi Bank?,F_CompApprox
Which banks have roughly the same net profit as Bandhan Bank?,F_CompApprox
Is Bank of India's provision coverage ratio approximately equal to UCO Bank's?,F_CompApprox
Is Karur Vysya Bank's gross NPA ratio approximately equal to Utkarsh Small Finance Bank's?,F_CompApprox
Does Bank of Baroda sit at about the same operating profit as South Indian Bank?,F_CompApprox
Is Dhanlaxmi Bank's total advances approximately equal to UCO Bank's?,F_CompApprox
Which banks have roughly the same capital adequacy ratio as Karur Vysya Bank?,F_CompApprox
Which banks have roughly the same operating profit as South Indian Bank?,F_CompApprox
Is Central Bank of India's net interest margin approximately equal to Bandhan Bank's?,F_CompApprox
Is Karur Vysya Bank's net profit approximately equal to AU Small Finance Bank's?,F_CompApprox
Does Canara Bank sit at about the same CET1 ratio as Punjab National Bank?,F_CompApprox
Does DCB Bank sit at about the same total deposits as Bank of India?,F_CompApprox
Is Karur Vysya Bank's return on assets approximately equal to Equitas Small Finance Bank's?,F_CompApprox
Is CSB Bank's net interest margin approximately equal to Union Bank of India's?,F_CompApprox
Which banks have roughly the same earnings per share as Punjab National Bank?,F_CompApprox
Does Ujjivan Small Finance Bank sit at about the same cost-to-income ratio as South Indian Bank?,F_CompApprox
Does Karur Vysya Bank sit at about the same slippage ratio as Equitas Small Finance Bank?,F_CompApprox
Which banks have roughly the same net NPA ratio as ESAF Small Finance Bank?,F_CompApprox
Is RBL Bank's gross NPA ratio approximately equal to Tamilnad Mercantile Bank's?,F_CompApprox
Does ICICI Bank sit at about the same gross NPA ratio as Ujjivan Small Finance Bank?,F_CompApprox
Which banks have roughly the same total advances as Federal Bank?,F_CompApprox
Which banks have roughly the same gross NPA ratio as CSB Bank?,F_CompApprox
Which banks have roughly the same return on equity as AU Small Finance Bank?,F_CompApprox
Is Yes Bank's return on assets approximately equal to ICICI Bank's?,F_CompApprox
Is Utkarsh Small Finance Bank's cost-to-income ratio approximately equal to South Indian Bank's?,F_CompApprox
Is Union Bank of India's book value per share approximately equal to Equitas Small Finance Bank's?,F_CompApprox
Is Bandhan Bank's total advances approximately equal to Federal Bank's?,F_CompApprox
Which banks have roughly the same provision coverage ratio as Canara Bank?,F_CompApprox
Is AU Small Finance Bank's earnings per share approximately equal to Bank of Baroda's?,F_CompApprox
Does Karnataka Bank sit at about the same total advances as Kotak Mahindra Bank?,F_CompApprox
Is Indian Overseas Bank's provision coverage ratio approximately equal to Jana Small Finance Bank's?,F_CompApprox
Which banks have roughly the same capital adequacy ratio as Central Bank of India?,F_CompApprox
Is Yes Bank's net NPA ratio approximately equal to Bank of Maharashtra's?,F_CompApprox
Is Utkarsh Small Finance Bank's earnings per share approximately equal to UCO Bank's?,F_CompApprox
Does Canara Bank sit at about the same book value per share as Punjab & Sind Bank?,F_CompApprox
Does State Bank of India sit at about the same book value per share as City Union Bank?,F_CompApprox
Does IndusInd Bank sit at about the same net NPA ratio as UCO Bank?,F_CompApprox
Which banks have roughly the same CASA ratio as RBL Bank?,F_CompApprox
Is HDFC Bank's net profit approximately equal to Yes Bank's?,F_CompApprox
Does IndusInd Bank sit at about the same operating profit as DCB Bank?,F_CompApprox
Does Jammu & Kashmir Bank sit at about the same credit-deposit ratio as Canara Bank?,F_CompApprox
Which banks have roughly the same return on assets as AU Small Finance Bank?,F_CompApprox
Is State Bank of India's total advances approximately equal to Axis Bank's?,F_CompApprox
Does Central Bank of India sit at about the same capital adequacy ratio as IndusInd Bank?,F_CompApprox
Is Punjab National Bank's credit-deposit ratio approximately equal to Indian Overseas Bank's?,F_CompApprox
Is Tamilnad Mercantile Bank's net profit approximately equal to Jammu & Kashmir Bank's?,F_CompApprox
Does Equitas Small Finance Bank sit at about the same gross NPA ratio as South Indian Bank?,F_CompApprox
Which banks have roughly the same return on equity as HDFC Bank?,F_CompApprox
Is ESAF Small Finance Bank's gross NPA ratio approximately equal to Union Bank of India's?,F_CompApprox
Which banks have roughly the same credit-deposit ratio as CSB Bank?,F_CompApprox
Which banks have roughly the same CASA ratio as Canara Bank?,F_CompApprox
Which banks have roughly the same cost-to-income ratio as ESAF Small Finance Bank?,F_CompApprox
Is Karur Vysya Bank's net NPA ratio approximately equal to State Bank of India's?,F_CompApprox
Which banks have roughly the same total deposits as UCO Bank?,F_CompApprox
Is Bank of Baroda's credit-deposit ratio approximately equal to Punjab National Bank's?,F_CompApprox
Does Central Bank of India sit at about the same operating profit as ICICI Bank?,F_CompApprox
Which banks have roughly the same net NPA ratio as Karnataka Bank?,F_CompApprox
Is Dhanlaxmi Bank's slippage ratio approximately equal to Jana Small Finance Bank's?,F_CompApprox
Does Utkarsh Small Finance Bank sit at about the same return on equity as IDFC FIRST Bank?,F_CompApprox
Does Bank of Maharashtra sit at about the same capital adequacy ratio as Bank of Baroda?,F_CompApprox
Does Bank of Maharashtra sit at about the same cost-to-income ratio as Union Bank of India?,F_CompApprox
Does Utkarsh Small Finance Bank sit at about the same book value per share as Canara Bank?,F_CompApprox
Is State Bank of India's return on equity approximately equal to Karur Vysya Bank's?,F_CompApprox
Which banks have roughly the same credit-deposit ratio as Bank of India?,F_CompApprox
Is IDFC FIRST Bank's slippage ratio approximately equal to RBL Bank's?,F_CompApprox
Does ICICI Bank sit at about the same net profit as Utkarsh Small Finance Bank?,F_CompApprox
Which banks have roughly the same net NPA ratio as Jammu & Kashmir Bank?,F_CompApprox
Which banks have roughly the same net profit as Canara Bank?,F_CompApprox
Is Bank of Baroda's earnings per share approximately equal to Dhanlaxmi Bank's?,F_CompApprox
Is Kotak Mahindra Bank's return on equity approximately equal to Bandhan Bank's?,F_CompApprox
Which banks have roughly the same gross NPA ratio as IndusInd Bank?,F_CompApprox
Does City Union Bank sit at about the same slippage ratio as South Indian Bank?,F_CompApprox
Is AU Small Finance Bank's total deposits approximately equal to ICICI Bank's?,F_CompApprox
Does Bank of Maharashtra sit at about the same net profit as Bank of Baroda?,F_CompApprox
Is Axis Bank's total advances approximately equal to Federal Bank's?,F_CompApprox
Which banks have roughly the same capital adequacy ratio as Karnataka Bank?,F_CompApprox
Which banks have roughly the same provision coverage ratio as ICICI Bank?,F_CompApprox
Is Yes Bank's CET1 ratio approximately equal to Punjab & Sind Bank's?,F_CompApprox
Which banks have roughly the same CET1 ratio as Bandhan Bank?,F_CompApprox
Is Bank of Maharashtra's slippage ratio approximately equal to City Union Bank's?,F_CompApprox
Does Punjab National Bank sit at about the same cost-to-income ratio as Punjab & Sind Bank?,F_CompApprox
Does Federal Bank sit at about the same credit-deposit ratio as Canara Bank?,F_CompApprox
Is Canara Bank's return on equity approximately equal to Equitas Small Finance Bank's?,F_CompApprox
Is South Indian Bank's net NPA ratio approximately equal to IndusInd Bank's?,F_CompApprox
Which banks have roughly the same CASA ratio as CSB Bank?,F_CompApprox
Does Dhanlaxmi Bank sit at about the same credit-deposit ratio as Indian Overseas Bank?,F_CompApprox
Is Indian Bank's total deposits approximately equal to Bank of Maharashtra's?,F_CompApprox
Is Suryoday Small Finance Bank's capital adequacy ratio approximately equal to Karnataka Bank's?,F_CompApprox
Is Punjab & Sind Bank's cost-to-income ratio approximately equal to AU Small Finance Bank's?,F_CompApprox
Which banks have roughly the same gross NPA ratio as ICICI Bank?,F_CompApprox
Does State Bank of India sit at about the same slippage ratio as IDFC FIRST Bank?,F_CompApprox
Is Yes Bank's operating profit approximately equal to Canara Bank's?,F_CompApprox
Is Indian Overseas Bank's book value per share approximately equal to Ujjivan Small Finance Bank's?,F_CompApprox
Which banks have roughly the same return on assets as Karur Vysya Bank?,F_CompApprox
Does UCO Bank sit at about the same cost-to-income ratio as Jana Small Finance Bank?,F_CompApprox
Which banks have roughly the same earnings per share as City Union Bank?,F_CompApprox
Does Bank of Maharashtra sit at about the same slippage ratio as Equitas Small Finance Bank?,F_CompApprox
Does ESAF Small Finance Bank sit at about the same credit-deposit ratio as HDFC Bank?,F_CompApprox
Does DCB Bank sit at about the same slippage ratio as HDFC Bank?,F_CompApprox
Is IDFC FIRST Bank's credit-deposit ratio approximately equal to Indian Bank's?,F_CompApprox
Which banks have roughly the same gross NPA ratio as Kotak Mahindra Bank?,F_CompApprox
Which banks have roughly the same capital adequacy ratio as Axis Bank?,F_CompApprox
Does City Union Bank sit at about the same gross NPA ratio as Karur Vysya Bank?,F_CompApprox
Which banks have roughly the same earnings per share as CSB Bank?,F_CompApprox
Which banks have roughly the same cost-to-income ratio as Bank of Maharashtra?,F_CompApprox
Is City Union Bank's gross NPA ratio approximately equal to Canara Bank's?,F_CompApprox
Does DCB Bank sit at about the same net interest margin as Yes Bank?,F_CompApprox
Does Ujjivan Small Finance Bank sit at about the same total deposits as Punjab National Bank?,F_CompApprox
Does Kotak Mahindra Bank sit at about the same CET1 ratio as Karnataka Bank?,F_CompApprox
Which banks have roughly the same gross NPA ratio as RBL Bank?,F_CompApprox
Does ICICI Bank sit at about the same cost-to-income ratio as Canara Bank?,F_CompApprox
Does Bank of India sit at about the same book value per share as Dhanlaxmi Bank?,F_CompApprox
Which banks have roughly the same return on assets as Bank of Maharashtra?,F_CompApprox
Which banks have roughly the same CET1 ratio as Dhanlaxmi Bank?,F_CompApprox
Is City Union Bank's net NPA ratio approximately equal to Jana Small Finance Bank's?,F_CompApprox
Does Utkarsh Small Finance Bank sit at about the same total advances as Bank of Maharashtra?,F_CompApprox
Does ESAF Small Finance Bank sit at about the same earnings per share as Kotak Mahindra Bank?,F_CompApprox
Does Canara Bank sit at about the same net interest margin as Punjab & Sind Bank?,F_CompApprox
Which banks have roughly the same book value per share as Jana Small Finance Bank?,F_CompApprox
Which banks have roughly the same slippage ratio as Dhanlaxmi Bank?,F_CompApprox
Does South Indian Bank sit at about the same total deposits as Indian Overseas Bank?,F_CompApprox
Is Federal Bank's capital adequacy ratio approximately equal to Equitas Small Finance Bank's?,F_CompApprox
Is City Union Bank's cost-to-income ratio approximately equal to Jana Small Finance Bank's?,F_CompApprox
Is Central Bank of India's slippage ratio approximately equal to RBL Bank's?,F_CompApprox
Is RBL Bank's earnings per share approximately equal to ICICI Bank's?,F_CompApprox
Is Equitas Small Finance Bank's book value per share approximately equal to Federal Bank's?,F_CompApprox
Which banks have roughly the same CASA ratio as Bank of Baroda?,F_CompApprox
Which banks have roughly the same net profit as HDFC Bank?,F_CompApprox
Which banks have roughly the same net profit as Tamilnad Mercantile Bank?,F_CompApprox
Is City Union Bank's net profit approximately equal to Punjab National Bank's?,F_CompApprox
Does IDFC FIRST Bank sit at about the same cost-to-income ratio as Kotak Mahindra Bank?,F_CompApprox
Which banks have roughly the same gross NPA ratio as Indian Overseas Bank?,F_CompApprox
Which banks have roughly the same gross NPA ratio as Dhanlaxmi Bank?,F_CompApprox
Does Tamilnad Mercantile Bank sit at about the same capital adequacy ratio as Ujjivan Small Finance Bank?,F_CompApprox
Does Jammu & Kashmir Bank sit at about the same cost-to-income ratio as CSB Bank?,F_CompApprox
Is Federal Bank's return on equity approximately equal to State Bank of India's?,F_CompApprox
Is ESAF Small Finance Bank's total advances approximately equal to AU Small Finance Bank's?,F_CompApprox
Which banks have roughly the same operating profit as Union Bank of India?,F_CompApprox
Does Punjab National Bank sit at about the same credit-deposit ratio as Karur Vysya Bank?,F_CompApprox
Does IDFC FIRST Bank sit at about the same CET1 ratio as Karur Vysya Bank?,F_CompApprox
Which banks have roughly the same return on equity as DCB Bank?,F_CompApprox
Does Bank of India sit at about the same CASA ratio as Jana Small Finance Bank?,F_CompApprox
Which banks have roughly the same book value per share as IDFC FIRST Bank?,F_CompApprox
Is Jana Small Finance Bank's return on equity approximately equal to Union Bank of India's?,F_CompApprox
Does Jammu & Kashmir Bank sit at about the same operating profit as IndusInd Bank?,F_CompApprox
Is Bandhan Bank's slippage ratio approximately equal to Bank of Baroda's?,F_CompApprox
Does Axis Bank sit at about the same total deposits as CSB Bank?,F_CompApprox
Which banks have roughly the same CASA ratio as Indian Overseas Bank?,F_CompApprox
How many banks rank above Indian Bank by earnings per share?,F_CompCountMore
How many banks have a higher gross NPA ratio than Kotak Mahindra Bank?,F_CompCountMore
How many banks rank above Karur Vysya Bank by book value per share?,F_CompCountMore
Count the lenders that exceed Jammu & Kashmir Bank on return on equity.,F_CompCountMore
Count the lenders that exceed Ujjivan Small Finance Bank on capital adequacy ratio.,F_CompCountMore
Count the lenders that exceed Union Bank of India on provision coverage ratio.,F_CompCountMore
Total up the banks whose net interest margin exceeds CSB Bank's.,F_CompCountMore
Count the lenders that exceed Federal Bank on return on equity.,F_CompCountMore
Total up the banks whose net profit exceeds CSB Bank's.,F_CompCountMore
How many lenders post a bigger book value per share than IndusInd Bank?,F_CompCountMore
Count the lenders that exceed Indian Overseas Bank on capital adequacy ratio.,F_CompCountMore
Give me the number of banks ahead of Bank of Maharashtra on CASA ratio.,F_CompCountMore
Total up the banks whose return on equity exceeds AU Small Finance Bank's.,F_CompCountMore
Give me the number of banks ahead of Yes Bank on total deposits.,F_CompCountMore
What is the count of institutions above Karur Vysya Bank on return on assets?,F_CompCountMore
Count the lenders that exceed Tamilnad Mercantile Bank on operating profit.,F_CompCountMore
Total up the banks whose CET1 ratio exceeds RBL Bank's.,F_CompCountMore
Count the lenders that exceed Indian Bank on CET1 ratio.,F_CompCountMore
How many lenders post a bigger earnings per share than Indian Overseas Bank?,F_CompCountMore
What is the count of institutions above Central Bank of India on gross NPA ratio?,F_CompCountMore
Total up the banks whose CASA ratio exceeds AU Small Finance Bank's.,F_CompCountMore
Count the lenders that exceed IndusInd Bank on credit-deposit ratio.,F_CompCountMore
How many lenders post a bigger credit-deposit ratio than Ujjivan Small Finance Bank?,F_CompCountMore
Count the lenders that exceed South Indian Bank on provision coverage ratio.,F_CompCountMore
How many lenders post a bigger capital adequacy ratio than Indian Overseas Bank?,F_CompCountMore
How many banks have a higher total advances than IDFC FIRST Bank?,F_CompCountMore
Total up the banks whose provision coverage ratio exceeds Indian Bank's.,F_CompCountMore
Total up the banks whose total advances exceeds Karnataka Bank's.,F_CompCountMore
How many banks have a higher return on equity than Axis Bank?,F_CompCountMore
What is the count of institutions above Karur Vysya Bank on return on equity?,F_CompCountMore
Total up the banks whose CASA ratio exceeds Suryoday Small Finance Bank's.,F_CompCountMore
Give me the number of banks ahead of Canara Bank on net NPA ratio.,F_CompCountMore
Total up the banks whose capital adequacy ratio exceeds RBL Bank's.,F_CompCountMore
How many banks rank above Federal Bank by net NPA ratio?,F_CompCountMore
How many lenders post a bigger return on equity than Bank of Baroda?,F_CompCountMore
How many lenders post a bigger provision coverage ratio than Federal Bank?,F_CompCountMore
How many banks have a higher CET1 ratio than Utkarsh Small Finance Bank?,F_CompCountMore
What is the count of institutions above Jana Small Finance Bank on return on assets?,F_CompCountMore
Give me the number of banks ahead of Karnataka Bank on earnings per share.,F_CompCountMore
What is the count of institutions above DCB Bank on operating profit?,F_CompCountMore
How many lenders post a bigger return on assets than RBL Bank?,F_CompCountMore
How many banks have a higher return on assets than Ujjivan Small Finance Bank?,F_CompCountMore
Total up the banks whose net NPA ratio exceeds Bank of Baroda's.,F_CompCountMore
Give me the number of banks ahead of City Union Bank on gross NPA ratio.,F_CompCountMore
How many banks rank above Axis Bank by net interest margin?,F_CompCountMore
What is the count of institutions above ICICI Bank on operating profit?,F_CompCountMore
Total up the banks whose credit-deposit ratio exceeds Axis Bank's.,F_CompCountMore
How many banks rank above Utkarsh Small Finance Bank by return on equity?,F_CompCountMore
Give me the number of banks ahead of AU Small Finance Bank on earnings per share.,F_CompCountMore
Total up the banks whose CET1 ratio exceeds HDFC Bank's.,F_CompCountMore
Total up the banks whose operating profit exceeds Yes Bank's.,F_CompCountMore
How many banks rank above South Indian Bank by net profit?,F_CompCountMore
Count the lenders that exceed IDFC FIRST Bank on net NPA ratio.,F_CompCountMore
Count the lenders that exceed Ujjivan Small Finance Bank on provision coverage ratio.,F_CompCountMore
Total up the banks whose capital adequacy ratio exceeds Axis Bank's.,F_CompCountMore
Total up the banks whose cost-to-income ratio exceeds Indian Overseas Bank's.,F_CompCountMore
How many lenders post a bigger operating profit than UCO Bank?,F_CompCountMore
How many lenders post a bigger credit-deposit ratio than Bandhan Bank?,F_CompCountMore
What is the count of institutions above Punjab National Bank on total deposits?,F_CompCountMore
How many banks have a higher earnings per share than Union Bank of India?,F_CompCountMore
Count the lenders that exceed Dhanlaxmi Bank on CET1 ratio.,F_CompCountMore
What is the count of institutions above Utkarsh Small Finance Bank on book value per share?,F_CompCountMore
How many banks have a higher capital adequacy ratio than CSB Bank?,F_CompCountMore
What is the count of institutions above AU Small Finance Bank on total deposits?,F_CompCountMore
What is the count of institutions above Bank of India on earnings per share?,F_CompCountMore
Total up the banks whose net interest margin exceeds Tamilnad Mercantile Bank's.,F_CompCountMore
Count the lenders that exceed City Union Bank on net profit.,F_CompCountMore
How many banks rank above IDFC FIRST Bank by net interest margin?,F_CompCountMore
How many banks rank above Bank of Baroda by return on assets?,F_CompCountMore
What is the count of institutions above Union Bank of India on total deposits?,F_CompCountMore
Give me the number of banks ahead of Axis Bank on net profit.,F_CompCountMore
How many banks rank above Suryoday Small Finance Bank by net interest margin?,F_CompCountMore
Total up the banks whose return on assets exceeds Karur Vysya Bank's.,F_CompCountMore
Give me the number of banks ahead of Bank of Maharashtra on provision coverage ratio.,F_CompCountMore
How many banks rank above Indian Bank by credit-deposit ratio?,F_CompCountMore
Give me the number of banks ahead of State Bank of India on net interest margin.,F_CompCountMore
How many banks rank above Bank of India by return on equity?,F_CompCountMore
Total up the banks whose cost-to-income ratio exceeds Jana Small Finance Bank's.,F_CompCountMore
Give me the number of banks ahead of Suryoday Small Finance Bank on total deposits.,F_CompCountMore
How many banks have a higher net profit than AU Small Finance Bank?,F_CompCountMore
What is the count of institutions above IDFC FIRST Bank on total deposits?,F_CompCountMore
How many banks have a higher credit-deposit ratio than Karur Vysya Bank?,F_CompCountMore
How many lenders post a bigger net interest margin than Punjab & Sind Bank?,F_CompCountMore
Count the lenders that exceed Axis Bank on net profit.,F_CompCountMore
How many banks have a higher operating profit than City Union Bank?,F_CompCountMore
Total up the banks whose capital adequacy ratio exceeds Yes Bank's.,F_CompCountMore
Give me the number of banks ahead of RBL Bank on provision coverage ratio.,F_CompCountMore
How many banks rank above CSB Bank by slippage ratio?,F_CompCountMore
How many lenders post a bigger operating profit than Karnataka Bank?,F_CompCountMore
How many banks have a higher total deposits than Punjab & Sind Bank?,F_CompCountMore
How many lenders post a bigger CASA ratio than Equitas Small Finance Bank?,F_CompCountMore
How many banks rank above South Indian Bank by net NPA ratio?,F_CompCountMore
How many banks rank above Axis Bank by cost-to-income ratio?,F_CompCountMore
How many banks have a higher total advances than Canara Bank?,F_CompCountMore
What is the count of institutions above Yes Bank on net interest margin?,F_CompCountMore
How many lenders post a bigger CASA ratio than ESAF Small Finance Bank?,F_CompCountMore
How many lenders post a bigger book value per share than Jana Small Finance Bank?,F_CompCountMore
Give me the number of banks ahead of Utkarsh Small Finance Bank on slippage ratio.,F_CompCountMore
How many banks rank above ESAF Small Finance Bank by gross NPA ratio?,F_CompCountMore
How many banks have a higher net NPA ratio than Punjab & Sind Bank?,F_CompCountMore
How many lenders post a bigger earnings per share than Kotak Mahindra Bank?,F_CompCountMore
What is the count of institutions above UCO Bank on capital adequacy ratio?,F_CompCountMore
Count the lenders that exceed Bank of Maharashtra on CET1 ratio.,F_CompCountMore
Count the lenders that exceed Kotak Mahindra Bank on book value per share.,F_CompCountMore
How many lenders post a bigger gross NPA ratio than State Bank of India?,F_CompCountMore
How many banks have a higher net profit than Punjab & Sind Bank?,F_CompCountMore
How many banks rank above Punjab National Bank by book value per share?,F_CompCountMore
Total up the banks whose total deposits exceeds ICICI Bank's.,F_CompCountMore
Total up the banks whose total advances exceeds Yes Bank's.,F_CompCountMore
Total up the banks whose total deposits exceeds State Bank of India's.,F_CompCountMore
Give me the number of banks ahead of Yes Bank on operating profit.,F_CompCountMore
How many banks have a higher earnings per share than HDFC Bank?,F_CompCountMore
Count the lenders that exceed Canara Bank on net interest margin.,F_CompCountMore
What is the count of institutions above Indian Overseas Bank on earnings per share?,F_CompCountMore
How many banks have a higher net interest margin than Punjab & Sind Bank?,F_CompCountMore
How many banks have a higher slippage ratio than IndusInd Bank?,F_CompCountMore
Total up the banks whose operating profit exceeds CSB Bank's.,F_CompCountMore
Count the lenders that exceed Kotak Mahindra Bank on CET1 ratio.,F_CompCountMore
How many banks have a higher book value per share than City Union Bank?,F_CompCountMore
How many banks have a higher cost-to-income ratio than Axis Bank?,F_CompCountMore
How many banks have a higher total deposits than Indian Overseas Bank?,F_CompCountMore
Count the lenders that exceed Bank of India on capital adequacy ratio.,F_CompCountMore
How many banks have a higher provision coverage ratio than State Bank of India?,F_CompCountMore
How many lenders post a bigger slippage ratio than Indian Bank?,F_CompCountMore
Give me the number of banks ahead of ICICI Bank on book value per share.,F_CompCountMore
Total up the banks whose earnings per share exceeds Bank of Maharashtra's.,F_CompCountMore
How many lenders post a bigger book value per share than Suryoday Small Finance Bank?,F_CompCountMore
Total up the banks whose provision coverage ratio exceeds Federal Bank's.,F_CompCountMore
How many lenders post a bigger operating profit than State Bank of India?,F_CompCountMore
Count the lenders that exceed DCB Bank on CET1 ratio.,F_CompCountMore
How many banks rank above IDFC FIRST Bank by capital adequacy ratio?,F_CompCountMore
Total up the banks whose total advances exceeds Jana Small Finance Bank's.,F_CompCountMore
What is the count of institutions above Canara Bank on net profit?,F_CompCountMore
How many banks rank above Yes Bank by gross NPA ratio?,F_CompCountMore
Give me the number of banks ahead of AU Small Finance Bank on cost-to-income ratio.,F_CompCountMore
How many lenders post a bigger provision coverage ratio than Jammu & Kashmir Bank?,F_CompCountMore
Total up the banks whose total advances exceeds Punjab & Sind Bank's.,F_CompCountMore
How many banks have a higher gross NPA ratio than HDFC Bank?,F_CompCountMore
How many banks rank above Federal Bank by earnings per share?,F_CompCountMore
How many lenders post a bigger net interest margin than Indian Overseas Bank?,F_CompCountMore
Count the lenders that exceed Dhanlaxmi Bank on slippage ratio.,F_CompCountMore
Count the lenders that exceed Bank of Maharashtra on net interest margin.,F_CompCountMore
How many banks have a higher return on assets than DCB Bank?,F_CompCountMore
Count the lenders that exceed DCB Bank on book value per share.,F_CompCountMore
Count the lenders that exceed Union Bank of India on slippage ratio.,F_CompCountMore
Total up the banks whose CET1 ratio exceeds Jammu & Kashmir Bank's.,F_CompCountMore
How many lenders post a bigger net NPA ratio than HDFC Bank?,F_CompCountMore
How many banks rank above Equitas Small Finance Bank by gross NPA ratio?,F_CompCountMore
Give me the number of banks ahead of ICICI Bank on total deposits.,F_CompCountMore
Total up the banks whose total advances exceeds ESAF Small Finance Bank's.,F_CompCountMore
What is the count of institutions above Jammu & Kashmir Bank on net profit?,F_CompCountMore
How many banks have a higher total deposits than Tamilnad Mercantile Bank?,F_CompCountMore
What is the count of institutions above Yes Bank on net profit?,F_CompCountMore
What is the count of institutions above Indian Overseas Bank on cost-to-income ratio?,F_CompCountMore
Give me the number of banks ahead of UCO Bank on book value per share.,F_CompCountMore
Give me the number of banks ahead of Karur Vysya Bank on operating profit.,F_CompCountMore
What is the count of institutions above Canara Bank on total deposits?,F_CompCountMore
How many lenders post a bigger CASA ratio than Karur Vysya Bank?,F_CompCountMore
How many lenders post a bigger book value per share than Union Bank of India?,F_CompCountMore
How many banks rank above Central Bank of India by earnings per share?,F_CompCountMore
What is the count of institutions above Yes Bank on return on equity?,F_CompCountMore
How many banks rank above Karur Vysya Bank by provision coverage ratio?,F_CompCountMore
How many banks rank above Karnataka Bank by total advances?,F_CompCountMore
Count the lenders that exceed City Union Bank on net interest margin.,F_CompCountMore
Count the lenders that exceed State Bank of India on return on equity.,F_CompCountMore
How many banks have a higher credit-deposit ratio than ICICI Bank?,F_CompCountMore
How many lenders post a bigger net interest margin than Suryoday Small Finance Bank?,F_CompCountMore
Count the lenders that exceed Jana Small Finance Bank on gross NPA ratio.,F_CompCountMore
How many banks have a higher gross NPA ratio than RBL Bank?,F_CompCountMore
How many banks rank above AU Small Finance Bank by earnings per share?,F_CompCountMore
What is the count of institutions above Jammu & Kashmir Bank on capital adequacy ratio?,F_CompCountMore
What is the count of institutions above Bank of Baroda on total advances?,F_CompCountMore
How many banks have a higher capital adequacy ratio than Jana Small Finance Bank?,F_CompCountMore
How many banks rank above Bank of Baroda by provision coverage ratio?,F_CompCountMore
Total up the banks whose slippage ratio exceeds Central Bank of India's.,F_CompCountMore
Count the lenders that exceed Utkarsh Small Finance Bank on CASA ratio.,F_CompCountMore
Total up the banks whose gross NPA ratio exceeds DCB Bank's.,F_CompCountMore
How many banks have a higher operating profit than ICICI Bank?,F_CompCountMore
Total up the banks whose net profit exceeds Union Bank of India's.,F_CompCountMore
What is the count of institutions above Central Bank of India on credit-deposit ratio?,F_CompCountMore
What is the count of institutions above IDFC FIRST Bank on net profit?,F_CompCountMore
Count the lenders that exceed Kotak Mahindra Bank on total advances.,F_CompCountMore
Give me the number of banks ahead of IDFC FIRST Bank on gross NPA ratio.,F_CompCountMore
How many banks have a higher book value per share than DCB Bank?,F_CompCountMore
How many banks rank above HDFC Bank by gross NPA ratio?,F_CompCountMore
How many banks rank above Suryoday Small Finance Bank by total deposits?,F_CompCountMore
What is the count of institutions above Axis Bank on cost-to-income ratio?,F_CompCountMore
How many banks have a higher book value per share than Canara Bank?,F_CompCountMore
How many banks have a higher slippage ratio than Jana Small Finance Bank?,F_CompCountMore
Give me the number of banks ahead of Canara Bank on total advances.,F_CompCountMore
Total up the banks whose total advances exceeds Indian Overseas Bank's.,F_CompCountMore
Total up the banks whose cost-to-income ratio exceeds Tamilnad Mercantile Bank's.,F_CompCountMore
Count the lenders that exceed Karnataka Bank on slippage ratio.,F_CompCountMore
How many banks rank above Federal Bank by cost-to-income ratio?,F_CompCountMore
How many banks rank above UCO Bank by CET1 ratio?,F_CompCountMore
Give me the number of banks ahead of Indian Overseas Bank on earnings per share.,F_CompCountMore
How many lenders post a bigger operating profit than Suryoday Small Finance Bank?,F_CompCountMore
What is the count of institutions above Dhanlaxmi Bank on CET1 ratio?,F_CompCountMore
How many lenders post a bigger provision coverage ratio than DCB Bank?,F_CompCountMore
Give me the number of banks ahead of Bank of India on provision coverage ratio.,F_CompCountMore
What number of banks trail ESAF Small Finance Bank on return on assets?,F_CompCountLess
Total up the banks whose net NPA ratio falls short of Indian Overseas Bank's.,F_CompCountLess
What number of banks trail Canara Bank on book value per share?,F_CompCountLess
Give me the number of banks behind Bank of Maharashtra on provision coverage ratio.,F_CompCountLess
Give me the number of banks behind City Union Bank on capital adequacy ratio.,F_CompCountLess
How many lenders post a lesser net interest margin than CSB Bank?,F_CompCountLess
How many banks rank below IDFC FIRST Bank by credit-deposit ratio?,F_CompCountLess
How many lenders post a lesser total deposits than RBL Bank?,F_CompCountLess
Total up the banks whose CASA ratio falls short of Karnataka Bank's.,F_CompCountLess
What number of banks trail Federal Bank on cost-to-income ratio?,F_CompCountLess
Give me the number of banks behind Utkarsh Small Finance Bank on total deposits.,F_CompCountLess
What is the count of institutions under City Union Bank on operating profit?,F_CompCountLess
Give me the number of banks behind Dhanlaxmi Bank on net NPA ratio.,F_CompCountLess
Tally the lenders reporting a smaller return on assets than Punjab & Sind Bank.,F_CompCountLess
How many lenders post a lesser book value per share than ESAF Small Finance Bank?,F_CompCountLess
How many lenders post a lesser slippage ratio than State Bank of India?,F_CompCountLess
How many lenders post a lesser net NPA ratio than Bank of India?,F_CompCountLess
What is the count of institutions under City Union Bank on capital adequacy ratio?,F_CompCountLess
Give me the number of banks behind Jana Small Finance Bank on return on equity.,F_CompCountLess
How many lenders post a lesser total advances than Dhanlaxmi Bank?,F_CompCountLess
Give me the number of banks behind State Bank of India on book value per share.,F_CompCountLess
Tally the lenders reporting a smaller net interest margin than Indian Overseas Bank.,F_CompCountLess
How many lenders post a lesser return on assets than Karur Vysya Bank?,F_CompCountLess
Total up the banks whose net profit falls short of City Union Bank's.,F_CompCountLess
How many banks rank below Bank of Maharashtra by CET1 ratio?,F_CompCountLess
Give me the number of banks behind Punjab & Sind Bank on cost-to-income ratio.,F_CompCountLess
Tally the lenders reporting a smaller return on assets than South Indian Bank.,F_CompCountLess
How many lenders post a lesser return on equity than Karur Vysya Bank?,F_CompCountLess
How many lenders post a lesser gross NPA ratio than UCO Bank?,F_CompCountLess
Give me the number of banks behind IndusInd Bank on net interest margin.,F_CompCountLess
Tally the lenders reporting a smaller cost-to-income ratio than Bandhan Bank.,F_CompCountLess
How many banks rank below CSB Bank by net profit?,F_CompCountLess
How many banks rank below Ujjivan Small Finance Bank by total advances?,F_CompCountLess
How many banks rank below AU Small Finance Bank by cost-to-income ratio?,F_CompCountLess
Give me the number of banks behind City Union Bank on total advances.,F_CompCountLess
What number of banks trail Jammu & Kashmir Bank on CET1 ratio?,F_CompCountLess
How many lenders post a lesser return on assets than City Union Bank?,F_CompCountLess
Total up the banks whose gross NPA ratio falls short of HDFC Bank's.,F_CompCountLess
What number of banks trail UCO Bank on net NPA ratio?,F_CompCountLess
How many lenders post a lesser net profit than City Union Bank?,F_CompCountLess
How many lenders post a lesser net NPA ratio than Central Bank of India?,F_CompCountLess
Tally the lenders reporting a smaller CET1 ratio than Jana Small Finance Bank.,F_CompCountLess
Tally the lenders reporting a smaller CASA ratio than Dhanlaxmi Bank.,F_CompCountLess
What number of banks trail Union Bank of India on credit-deposit ratio?,F_CompCountLess
How many lenders post a lesser return on assets than Yes Bank?,F_CompCountLess
What number of banks trail ICICI Bank on total deposits?,F_CompCountLess
How many banks rank below Bandhan Bank by total deposits?,F_CompCountLess
What is the count of institutions under AU Small Finance Bank on net profit?,F_CompCountLess
How many banks rank below Indian Overseas Bank by CET1 ratio?,F_CompCountLess
How many lenders post a lesser earnings per share than Indian Bank?,F_CompCountLess
What is the count of institutions under Jana Small Finance Bank on net interest margin?,F_CompCountLess
What number of banks trail Bank of India on net profit?,F_CompCountLess
Give me the number of banks behind Karur Vysya Bank on net NPA ratio.,F_CompCountLess
How many lenders post a lesser slippage ratio than Bank of Maharashtra?,F_CompCountLess
Tally the lenders reporting a smaller return on equity than Tamilnad Mercantile Bank.,F_CompCountLess
Give me the number of banks behind DCB Bank on earnings per share.,F_CompCountLess
What number of banks trail Dhanlaxmi Bank on provision coverage ratio?,F_CompCountLess
Tally the lenders reporting a smaller return on assets than Federal Bank.,F_CompCountLess
How many lenders post a lesser return on equity than Bandhan Bank?,F_CompCountLess
Tally the lenders reporting a smaller gross NPA ratio than Jammu & Kashmir Bank.,F_CompCountLess
Give me the number of banks behind Canara Bank on net interest margin.,F_CompCountLess
Tally the lenders reporting a smaller cost-to-income ratio than Central Bank of India.,F_CompCountLess
Total up the banks whose book value per share falls short of Jammu & Kashmir Bank's.,F_CompCountLess
Give me the number of banks behind UCO Bank on cost-to-income ratio.,F_CompCountLess
How many banks rank below Jammu & Kashmir Bank by slippage ratio?,F_CompCountLess
Give me the number of banks behind Equitas Small Finance Bank on net NPA ratio.,F_CompCountLess
What number of banks trail Central Bank of India on CET1 ratio?,F_CompCountLess
How many lenders post a lesser credit-deposit ratio than AU Small Finance Bank?,F_CompCountLess
Give me the number of banks behind Jana Small Finance Bank on cost-to-income ratio.,F_CompCountLess
How many banks rank below HDFC Bank by total deposits?,F_CompCountLess
What number of banks trail Tamilnad Mercantile Bank on net interest margin?,F_CompCountLess
What is the count of institutions under AU Small Finance Bank on CET1 ratio?,F_CompCountLess
What is the count of institutions under Indian Overseas Bank on operating profit?,F_CompCountLess
How many banks rank below South Indian Bank by total deposits?,F_CompCountLess
How many banks rank below IndusInd Bank by net NPA ratio?,F_CompCountLess
How many banks rank below IndusInd Bank by credit-deposit ratio?,F_CompCountLess
Give me the number of banks behind City Union Bank on operating profit.,F_CompCountLess
What is the count of institutions under HDFC Bank on net profit?,F_CompCountLess
How many banks rank below Bank of India by earnings per share?,F_CompCountLess
What is the count of institutions under Suryoday Small Finance Bank on slippage ratio?,F_CompCountLess
Total up the banks whose CET1 ratio falls short of Tamilnad Mercantile Bank's.,F_CompCountLess
What number of banks trail AU Small Finance Bank on net interest margin?,F_CompCountLess
What number of banks trail Bandhan Bank on book value per share?,F_CompCountLess
Total up the banks whose operating profit falls short of State Bank of India's.,F_CompCountLess
Total up the banks whose net NPA ratio falls short of ICICI Bank's.,F_CompCountLess
What is the count of institutions under CSB Bank on net interest margin?,F_CompCountLess
Tally the lenders reporting a smaller net NPA ratio than AU Small Finance Bank.,F_CompCountLess
Give me the number of banks behind Federal Bank on cost-to-income ratio.,F_CompCountLess
What is the count of institutions under Indian Bank on net interest margin?,F_CompCountLess
How many banks rank below Jammu & Kashmir Bank by cost-to-income ratio?,F_CompCountLess
How many banks rank below Utkarsh Small Finance Bank by net NPA ratio?,F_CompCountLess
Total up the banks whose earnings per share falls short of Jana Small Finance Bank's.,F_CompCountLess
How many banks rank below Indian Overseas Bank by net NPA ratio?,F_CompCountLess
How many banks rank below RBL Bank by cost-to-income ratio?,F_CompCountLess
Total up the banks whose provision coverage ratio falls short of Central Bank of India's.,F_CompCountLess
Total up the banks whose slippage ratio falls short of Tamilnad Mercantile Bank's.,F_CompCountLess
How many lenders post a lesser provision coverage ratio than Karnataka Bank?,F_CompCountLess
Give me the number of banks behind Axis Bank on gross NPA ratio.,F_CompCountLess
What is the count of institutions under Central Bank of India on net profit?,F_CompCountLess
How many lenders post a lesser total deposits than CSB Bank?,F_CompCountLess
What number of banks trail Bank of Baroda on credit-deposit ratio?,F_CompCountLess
How many banks rank below Equitas Small Finance Bank by earnings per share?,F_CompCountLess
Tally the lenders reporting a smaller slippage ratio than Karur Vysya Bank.,F_CompCountLess
What is the count of institutions under Ujjivan Small Finance Bank on slippage ratio?,F_CompCountLess
Total up the banks whose CASA ratio falls short of Dhanlaxmi Bank's.,F_CompCountLess
Total up the banks whose return on equity falls short of Bank of Maharashtra's.,F_CompCountLess
How many lenders post a lesser return on equity than AU Small Finance Bank?,F_CompCountLess
What number of banks trail State Bank of India on earnings per share?,F_CompCountLess
Total up the banks whose capital adequacy ratio falls short of Ujjivan Small Finance Bank's.,F_CompCountLess
Give me the number of banks behind Yes Bank on CET1 ratio.,F_CompCountLess
What number of banks trail Bank of India on CET1 ratio?,F_CompCountLess
Tally the lenders reporting a smaller provision coverage ratio than HDFC Bank.,F_CompCountLess
How many lenders post a lesser net interest margin than Karur Vysya Bank?,F_CompCountLess
Tally the lenders reporting a smaller CASA ratio than Kotak Mahindra Bank.,F_CompCountLess
How many lenders post a lesser net profit than IDFC FIRST Bank?,F_CompCountLess
Give me the number of banks behind Kotak Mahindra Bank on total deposits.,F_CompCountLess
Give me the number of banks behind Bank of India on capital adequacy ratio.,F_CompCountLess
What is the count of institutions under Equitas Small Finance Bank on net profit?,F_CompCountLess
Give me the number of banks behind DCB Bank on return on assets.,F_CompCountLess
Tally the lenders reporting a smaller book value per share than AU Small Finance Bank.,F_CompCountLess
What number of banks trail Bank of Baroda on total deposits?,F_CompCountLess
Tally the lenders reporting a smaller net NPA ratio than Bank of Maharashtra.,F_CompCountLess
What number of banks trail Bandhan Bank on net NPA ratio?,F_CompCountLess
What number of banks trail IndusInd Bank on cost-to-income ratio?,F_CompCountLess
How many lenders post a lesser CET1 ratio than Kotak Mahindra Bank?,F_CompCountLess
What is the count of institutions under Central Bank of India on cost-to-income ratio?,F_CompCountLess
What number of banks trail DCB Bank on earnings per share?,F_CompCountLess
How many lenders post a lesser credit-deposit ratio than IndusInd Bank?,F_CompCountLess
How many lenders post a lesser net profit than State Bank of India?,F_CompCountLess
What number of banks trail Suryoday Small Finance Bank on slippage ratio?,F_CompCountLess
Total up the banks whose net profit falls short of Suryoday Small Finance Bank's.,F_CompCountLess
How many lenders post a lesser CET1 ratio than Bank of India?,F_CompCountLess
Tally the lenders reporting a smaller return on assets than Karnataka Bank.,F_CompCountLess
What number of banks trail Equitas Small Finance Bank on return on equity?,F_CompCountLess
How many lenders post a lesser operating profit than Canara Bank?,F_CompCountLess
What is the count of institutions under Ujjivan Small Finance Bank on total advances?,F_CompCountLess
Tally the lenders reporting a smaller net profit than Utkarsh Small Finance Bank.,F_CompCountLess
What is the count of institutions under HDFC Bank on net NPA ratio?,F_CompCountLess
What is the count of institutions under DCB Bank on total deposits?,F_CompCountLess
Total up the banks whose book value per share falls short of Tamilnad Mercantile Bank's.,F_CompCountLess
What number of banks trail State Bank of India on return on assets?,F_CompCountLess
Tally the lenders reporting a smaller earnings per share than Punjab & Sind Bank.,F_CompCountLess
How many banks rank below Union Bank of India by operating profit?,F_CompCountLess
What number of banks trail Kotak Mahindra Bank on slippage ratio?,F_CompCountLess
What is the count of institutions under HDFC Bank on cost-to-income ratio?,F_CompCountLess
How many banks rank below HDFC Bank by return on equity?,F_CompCountLess
Give me the number of banks behind Punjab & Sind Bank on provision coverage ratio.,F_CompCountLess
How many lenders post a lesser return on assets than IndusInd Bank?,F_CompCountLess
What number of banks trail UCO Bank on total deposits?,F_CompCountLess
What number of banks trail AU Small Finance Bank on provision coverage ratio?,F_CompCountLess
What number of banks trail DCB Bank on return on equity?,F_CompCountLess
How many banks rank below Utkarsh Small Finance Bank by total deposits?,F_CompCountLess
What is the count of institutions under City Union Bank on total deposits?,F_CompCountLess
What number of banks trail Bank of India on total deposits?,F_CompCountLess
How many lenders post a lesser credit-deposit ratio than Punjab & Sind Bank?,F_CompCountLess
What is the count of institutions under South Indian Bank on provision coverage ratio?,F_CompCountLess
How many lenders post a lesser net profit than ICICI Bank?,F_CompCountLess
Give me the number of banks behind Yes Bank on CASA ratio.,F_CompCountLess
How many banks rank below CSB Bank by total deposits?,F_CompCountLess
Total up the banks whose total deposits falls short of Dhanlaxmi Bank's.,F_CompCountLess
Tally the lenders reporting a smaller net interest margin than Ujjivan Small Finance Bank.,F_CompCountLess
Tally the lenders reporting a smaller credit-deposit ratio than Karur Vysya Bank.,F_CompCountLess
What is the count of institutions under Karur Vysya Bank on gross NPA ratio?,F_CompCountLess
Tally the lenders reporting a smaller book value per share than Indian Bank.,F_CompCountLess
Tally the lenders reporting a smaller net profit than IDFC FIRST Bank.,F_CompCountLess
Give me the number of banks behind UCO Bank on earnings per share.,F_CompCountLess
How many lenders post a lesser cost-to-income ratio than Indian Bank?,F_CompCountLess
What is the count of institutions under Canara Bank on CASA ratio?,F_CompCountLess
Tally the lenders reporting a smaller operating profit than Union Bank of India.,F_CompCountLess
How many banks rank below Yes Bank by gross NPA ratio?,F_CompCountLess
Total up the banks whose return on assets falls short of Jana Small Finance Bank's.,F_CompCountLess
What number of banks trail Bank of Maharashtra on total deposits?,F_CompCountLess
Total up the banks whose cost-to-income ratio falls short of Ujjivan Small Finance Bank's.,F_CompCountLess
What number of banks trail Federal Bank on return on assets?,F_CompCountLess
What is the count of institutions under IDFC FIRST Bank on return on assets?,F_CompCountLess
How many banks rank below Indian Bank by CET1 ratio?,F_CompCountLess
Tally the lenders reporting a smaller gross NPA ratio than Central Bank of India.,F_CompCountLess
What is the count of institutions under Equitas Small Finance Bank on earnings per share?,F_CompCountLess
What is the count of institutions under IndusInd Bank on return on equity?,F_CompCountLess
How many banks rank below Jammu & Kashmir Bank by credit-deposit ratio?,F_CompCountLess
Total up the banks whose credit-deposit ratio falls short of IndusInd Bank's.,F_CompCountLess
Total up the banks whose gross NPA ratio falls short of Axis Bank's.,F_CompCountLess
Give me the number of banks behind Karnataka Bank on total deposits.,F_CompCountLess
What number of banks trail Punjab & Sind Bank on provision coverage ratio?,F_CompCountLess
How many lenders post a lesser return on equity than CSB Bank?,F_CompCountLess
Total up the banks whose cost-to-income ratio falls short of South Indian Bank's.,F_CompCountLess
Tally the lenders reporting a smaller return on equity than Yes Bank.,F_CompCountLess
How many lenders post a lesser net NPA ratio than AU Small Finance Bank?,F_CompCountLess
How many banks rank below Punjab & Sind Bank by net NPA ratio?,F_CompCountLess
What number of banks trail AU Small Finance Bank on CET1 ratio?,F_CompCountLess
How many banks rank below RBL Bank by return on assets?,F_CompCountLess
How many banks rank below Jammu & Kashmir Bank by net profit?,F_CompCountLess
Total up the banks whose cost-to-income ratio falls short of Federal Bank's.,F_CompCountLess
What number of banks trail Dhanlaxmi Bank on net NPA ratio?,F_CompCountLess
Total up the banks whose operating profit falls short of Punjab & Sind Bank's.,F_CompCountLess
How many banks rank below Punjab National Bank by slippage ratio?,F_CompCountLess
Tally the lenders reporting a smaller CET1 ratio than Tamilnad Mercantile Bank.,F_CompCountLess
Give me the number of banks behind Kotak Mahindra Bank on book value per share.,F_CompCountLess
How many banks rank below Bank of Baroda by total deposits?,F_CompCountLess
Tally the lenders reporting a smaller provision coverage ratio than IDFC FIRST Bank.,F_CompCountLess
Count the lenders reporting a total advances close to South Indian Bank's.,F_CompCountApprox
Tally the lenders whose return on assets is about equal to Indian Overseas Bank's.,F_CompCountApprox
How many institutions match Suryoday Small Finance Bank approximately on credit-deposit ratio?,F_CompCountApprox
What is the count of banks around Utkarsh Small Finance Bank's operating profit level?,F_CompCountApprox
Total up the lenders comparable to Indian Overseas Bank on provision coverage ratio.,F_CompCountApprox
Tally the lenders whose gross NPA ratio is about equal to Tamilnad Mercantile Bank's.,F_CompCountApprox
Count the lenders reporting a total deposits close to IDFC FIRST Bank's.,F_CompCountApprox
How many institutions match Bank of Maharashtra approximately on provision coverage ratio?,F_CompCountApprox
Give me the number of banks near IDFC FIRST Bank on operating profit.,F_CompCountApprox
Count the lenders reporting a net interest margin close to Bank of Maharashtra's.,F_CompCountApprox
What is the count of banks around Federal Bank's net NPA ratio level?,F_CompCountApprox
Count the lenders reporting a CET1 ratio close to UCO Bank's.,F_CompCountApprox
Count the lenders reporting a book value per share close to Dhanlaxmi Bank's.,F_CompCountApprox
What is the count of banks around ESAF Small Finance Bank's net profit level?,F_CompCountApprox
Give me the number of banks near Indian Overseas Bank on net NPA ratio.,F_CompCountApprox
What is the count of banks around Dhanlaxmi Bank's CASA ratio level?,F_CompCountApprox
How many institutions match Federal Bank approximately on net NPA ratio?,F_CompCountApprox
What is the count of banks around Central Bank of India's CASA ratio level?,F_CompCountApprox
Give me the number of banks near Karnataka Bank on return on equity.,F_CompCountApprox
How many institutions match HDFC Bank approximately on net profit?,F_CompCountApprox
How many institutions match DCB Bank approximately on operating profit?,F_CompCountApprox
What is the count of banks around Central Bank of India's net interest margin level?,F_CompCountApprox
Tally the lenders whose CET1 ratio is about equal to CSB Bank's.,F_CompCountApprox
How many institutions match Punjab National Bank approximately on net profit?,F_CompCountApprox
Total up the lenders comparable to Kotak Mahindra Bank on total deposits.,F_CompCountApprox
What is the count of banks around Karur Vysya Bank's slippage ratio level?,F_CompCountApprox
How many institutions match Utkarsh Small Finance Bank approximately on net NPA ratio?,F_CompCountApprox
What is the count of banks around Karnataka Bank's return on assets level?,F_CompCountApprox
Give me the number of banks near Bank of Baroda on total deposits.,F_CompCountApprox
Give me the number of banks near Karnataka Bank on cost-to-income ratio.,F_CompCountApprox
What is the count of banks around DCB Bank's net interest margin level?,F_CompCountApprox
Total up the lenders comparable to Dhanlaxmi Bank on capital adequacy ratio.,F_CompCountApprox
Tally the lenders whose total deposits is about equal to Utkarsh Small Finance Bank's.,F_CompCountApprox
Tally the lenders whose capital adequacy ratio is about equal to Kotak Mahindra Bank's.,F_CompCountApprox
Give me the number of banks near Bandhan Bank on return on equity.,F_CompCountApprox
How many institutions match Bank of Baroda approximately on CASA ratio?,F_CompCountApprox
Total up the lenders comparable to State Bank of India on cost-to-income ratio.,F_CompCountApprox
How many institutions match ICICI Bank approximately on CASA ratio?,F_CompCountApprox
How many institutions match Indian Overseas Bank approximately on net profit?,F_CompCountApprox
Total up the lenders comparable to HDFC Bank on total deposits.,F_CompCountApprox
How many institutions match Axis Bank approximately on net NPA ratio?,F_CompCountApprox
Count the lenders reporting a net profit close to Utkarsh Small Finance Bank's.,F_CompCountApprox
Tally the lenders whose CET1 ratio is about equal to City Union Bank's.,F_CompCountApprox
What is the count of banks around Union Bank of India's total advances level?,F_CompCountApprox
How many institutions match UCO Bank approximately on CET1 ratio?,F_CompCountApprox
What is the count of banks around Union Bank of India's total deposits level?,F_CompCountApprox
Give me the number of banks near Suryoday Small Finance Bank on earnings per share.,F_CompCountApprox
Total up the lenders comparable to Central Bank of India on CASA ratio.,F_CompCountApprox
Total up the lenders comparable to Utkarsh Small Finance Bank on net profit.,F_CompCountApprox
Tally the lenders whose book value per share is about equal to Bank of India's.,F_CompCountApprox
Give me the number of banks near IndusInd Bank on return on assets.,F_CompCountApprox
How many institutions match Bank of Baroda approximately on net NPA ratio?,F_CompCountApprox
How many institutions match Karnataka Bank approximately on total advances?,F_CompCountApprox
Tally the lenders whose operating profit is about equal to Axis Bank's.,F_CompCountApprox
Tally the lenders whose capital adequacy ratio is about equal to Jana Small Finance Bank's.,F_CompCountApprox
How many institutions match RBL Bank approximately on cost-to-income ratio?,F_CompCountApprox
How many institutions match Jana Small Finance Bank approximately on total deposits?,F_CompCountApprox
Total up the lenders comparable to Indian Bank on gross NPA ratio.,F_CompCountApprox
Count the lenders reporting a operating profit close to City Union Bank's.,F_CompCountApprox
Tally the lenders whose net profit is about equal to Bank of Baroda's.,F_CompCountApprox
Give me the number of banks near Jammu & Kashmir Bank on book value per share.,F_CompCountApprox
Give me the number of banks near Jana Small Finance Bank on capital adequacy ratio.,F_CompCountApprox
How many institutions match RBL Bank approximately on total deposits?,F_CompCountApprox
What is the count of banks around South Indian Bank's return on assets level?,F_CompCountApprox
What is the count of banks around Equitas Small Finance Bank's CET1 ratio level?,F_CompCountApprox
Total up the lenders comparable to ESAF Small Finance Bank on slippage ratio.,F_CompCountApprox
Total up the lenders comparable to Dhanlaxmi Bank on net interest margin.,F_CompCountApprox
What is the count of banks around Indian Bank's operating profit level?,F_CompCountApprox
How many institutions match UCO Bank approximately on return on equity?,F_CompCountApprox
Tally the lenders whose return on equity is about equal to Ujjivan Small Finance Bank's.,F_CompCountApprox
Tally the lenders whose earnings per share is about equal to Suryoday Small Finance Bank's.,F_CompCountApprox
Total up the lenders comparable to Tamilnad Mercantile Bank on slippage ratio.,F_CompCountApprox
Tally the lenders whose net profit is about equal to ICICI Bank's.,F_CompCountApprox
What is the count of banks around Indian Bank's total deposits level?,F_CompCountApprox
What is the count of banks around South Indian Bank's operating profit level?,F_CompCountApprox
Give me the number of banks near City Union Bank on gross NPA ratio.,F_CompCountApprox
Total up the lenders comparable to Union Bank of India on CASA ratio.,F_CompCountApprox
How many institutions match Union Bank of India approximately on total deposits?,F_CompCountApprox
Tally the lenders whose net NPA ratio is about equal to ICICI Bank's.,F_CompCountApprox
Tally the lenders whose CET1 ratio is about equal to Ujjivan Small Finance Bank's.,F_CompCountApprox
What is the count of banks around AU Small Finance Bank's slippage ratio level?,F_CompCountApprox
Tally the lenders whose book value per share is about equal to Yes Bank's.,F_CompCountApprox
Give me the number of banks near Canara Bank on total deposits.,F_CompCountApprox
Give me the number of banks near Bank of Maharashtra on slippage ratio.,F_CompCountApprox
Tally the lenders whose return on assets is about equal to Karur Vysya Bank's.,F_CompCountApprox
Give me the number of banks near IDFC FIRST Bank on slippage ratio.,F_CompCountApprox
What is the count of banks around Union Bank of India's book value per share level?,F_CompCountApprox
How many institutions match Bandhan Bank approximately on CASA ratio?,F_CompCountApprox
Count the lenders reporting a slippage ratio close to Indian Bank's.,F_CompCountApprox
What is the count of banks around CSB Bank's earnings per share level?,F_CompCountApprox
Tally the lenders whose capital adequacy ratio is about equal to Punjab & Sind Bank's.,F_CompCountApprox
Total up the lenders comparable to Federal Bank on return on assets.,F_CompCountApprox
What is the count of banks around Bandhan Bank's earnings per share level?,F_CompCountApprox
Tally the lenders whose operating profit is about equal to Equitas Small Finance Bank's.,F_CompCountApprox
How many institutions match Indian Bank approximately on gross NPA ratio?,F_CompCountApprox
What is the count of banks around Indian Overseas Bank's total advances level?,F_CompCountApprox
Give me the number of banks near City Union Bank on return on equity.,F_CompCountApprox
Tally the lenders whose CASA ratio is about equal to Bandhan Bank's.,F_CompCountApprox
How many institutions match Bank of India approximately on CET1 ratio?,F_CompCountApprox
Count the lenders reporting a net profit close to Indian Bank's.,F_CompCountApprox
Give me the number of banks near Yes Bank on credit-deposit ratio.,F_CompCountApprox
Count the lenders reporting a cost-to-income ratio close to Jana Small Finance Bank's.,F_CompCountApprox
What is the count of banks around Bank of Baroda's total deposits level?,F_CompCountApprox
Tally the lenders whose CASA ratio is about equal to Bank of Maharashtra's.,F_CompCountApprox
Tally the lenders whose book value per share is about equal to DCB Bank's.,F_CompCountApprox
Total up the lenders comparable to DCB Bank on operating profit.,F_CompCountApprox
Total up the lenders comparable to Tamilnad Mercantile Bank on net profit.,F_CompCountApprox
Give me the number of banks near ESAF Small Finance Bank on capital adequacy ratio.,F_CompCountApprox
Tally the lenders whose net NPA ratio is about equal to Union Bank of India's.,F_CompCountApprox
Total up the lenders comparable to Jana Small Finance Bank on book value per share.,F_CompCountApprox
Give me the number of banks near Karnataka Bank on credit-deposit ratio.,F_CompCountApprox
Give me the number of banks near UCO Bank on total deposits.,F_CompCountApprox
Tally the lenders whose net NPA ratio is about equal to CSB Bank's.,F_CompCountApprox
What is the count of banks around City Union Bank's net NPA ratio level?,F_CompCountApprox
What is the count of banks around Jana Small Finance Bank's cost-to-income ratio level?,F_CompCountApprox
Tally the lenders whose provision coverage ratio is about equal to Kotak Mahindra Bank's.,F_CompCountApprox
Total up the lenders comparable to Karur Vysya Bank on return on equity.,F_CompCountApprox
Give me the number of banks near Axis Bank on return on equity.,F_CompCountApprox
Total up the lenders comparable to Punjab & Sind Bank on cost-to-income ratio.,F_CompCountApprox
Total up the lenders comparable to Bandhan Bank on operating profit.,F_CompCountApprox
Total up the lenders comparable to Karur Vysya Bank on net NPA ratio.,F_CompCountApprox
Total up the lenders comparable to RBL Bank on book value per share.,F_CompCountApprox
Tally the lenders whose book value per share is about equal to Bandhan Bank's.,F_CompCountApprox
How many institutions match UCO Bank approximately on credit-deposit ratio?,F_CompCountApprox
Tally the lenders whose return on equity is about equal to Suryoday Small Finance Bank's.,F_CompCountApprox
Tally the lenders whose cost-to-income ratio is about equal to Punjab National Bank's.,F_CompCountApprox
Total up the lenders comparable to Federal Bank on book value per share.,F_CompCountApprox
Total up the lenders comparable to Axis Bank on cost-to-income ratio.,F_CompCountApprox
Tally the lenders whose net interest margin is about equal to Punjab National Bank's.,F_CompCountApprox
How many institutions match Tamilnad Mercantile Bank approximately on net profit?,F_CompCountApprox
What is the count of banks around City Union Bank's total deposits level?,F_CompCountApprox
Count the lenders reporting a CET1 ratio close to Jammu & Kashmir Bank's.,F_CompCountApprox
Total up the lenders comparable to Bank of Maharashtra on return on equity.,F_CompCountApprox
Tally the lenders whose provision coverage ratio is about equal to AU Small Finance Bank's.,F_CompCountApprox
How many institutions match State Bank of India approximately on net interest margin?,F_CompCountApprox
Tally the lenders whose gross NPA ratio is about equal to RBL Bank's.,F_CompCountApprox
Count the lenders reporting a slippage ratio close to Ujjivan Small Finance Bank's.,F_CompCountApprox
How many institutions match Punjab National Bank approximately on capital adequacy ratio?,F_CompCountApprox
Count the lenders reporting a total deposits close to Tamilnad Mercantile Bank's.,F_CompCountApprox
How many institutions match Jammu & Kashmir Bank approximately on total deposits?,F_CompCountApprox
Give me the number of banks near Punjab National Bank on net interest margin.,F_CompCountApprox
What is the count of banks around Jana Small Finance Bank's capital adequacy ratio level?,F_CompCountApprox
Tally the lenders whose cost-to-income ratio is about equal to Equitas Small Finance Bank's.,F_CompCountApprox
Total up the lenders comparable to Suryoday Small Finance Bank on net profit.,F_CompCountApprox
Tally the lenders whose provision coverage ratio is about equal to DCB Bank's.,F_CompCountApprox
How many institutions match Karnataka Bank approximately on return on assets?,F_CompCountApprox
How many institutions match UCO Bank approximately on provision coverage ratio?,F_CompCountApprox
How many institutions match IndusInd Bank approximately on earnings per share?,F_CompCountApprox
Total up the lenders comparable to Jana Small Finance Bank on gross NPA ratio.,F_CompCountApprox
What is the count of banks around Bandhan Bank's net profit level?,F_CompCountApprox
What is the count of banks around Punjab & Sind Bank's book value per share level?,F_CompCountApprox
What is the count of banks around Indian Bank's provision coverage ratio level?,F_CompCountApprox
How many institutions match AU Small Finance Bank approximately on total advances?,F_CompCountApprox
Total up the lenders comparable to CSB Bank on CASA ratio.,F_CompCountApprox
How many institutions match HDFC Bank approximately on CET1 ratio?,F_CompCountApprox
Give me the number of banks near Karur Vysya Bank on net profit.,F_CompCountApprox
How many institutions match Canara Bank approximately on return on equity?,F_CompCountApprox
Give me the number of banks near City Union Bank on cost-to-income ratio.,F_CompCountApprox
Give me the number of banks near Central Bank of India on CASA ratio.,F_CompCountApprox
How many institutions match Union Bank of India approximately on cost-to-income ratio?,F_CompCountApprox
Count the lenders reporting a return on assets close to Bank of Baroda's.,F_CompCountApprox
Give me the number of banks near Bank of Maharashtra on gross NPA ratio.,F_CompCountApprox
What is the count of banks around Bandhan Bank's operating profit level?,F_CompCountApprox
Tally the lenders whose return on assets is about equal to IDFC FIRST Bank's.,F_CompCountApprox
What is the count of banks around Utkarsh Small Finance Bank's capital adequacy ratio level?,F_CompCountApprox
What is the count of banks around Indian Overseas Bank's cost-to-income ratio level?,F_CompCountApprox
Tally the lenders whose operating profit is about equal to South Indian Bank's.,F_CompCountApprox
Give me the number of banks near Jammu & Kashmir Bank on operating profit.,F_CompCountApprox
Give me the number of banks near Indian Overseas Bank on provision coverage ratio.,F_CompCountApprox
Tally the lenders whose gross NPA ratio is about equal to IDFC FIRST Bank's.,F_CompCountApprox
Total up the lenders comparable to IndusInd Bank on return on assets.,F_CompCountApprox
Total up the lenders comparable to Utkarsh Small Finance Bank on return on assets.,F_CompCountApprox
Give me the number of banks near CSB Bank on return on equity.,F_CompCountApprox
Tally the lenders whose slippage ratio is about equal to IDFC FIRST Bank's.,F_CompCountApprox
Tally the lenders whose return on assets is about equal to Dhanlaxmi Bank's.,F_CompCountApprox
Give me the number of banks near Yes Bank on gross NPA ratio.,F_CompCountApprox
Total up the lenders comparable to DCB Bank on CASA ratio.,F_CompCountApprox
Tally the lenders whose net profit is about equal to Punjab National Bank's.,F_CompCountApprox
Count the lenders reporting a cost-to-income ratio close to South Indian Bank's.,F_CompCountApprox
How many institutions match Kotak Mahindra Bank approximately on net NPA ratio?,F_CompCountApprox
Tally the lenders whose total deposits is about equal to Yes Bank's.,F_CompCountApprox
Count the lenders reporting a CASA ratio close to HDFC Bank's.,F_CompCountApprox
Total up the lenders comparable to Indian Overseas Bank on total advances.,F_CompCountApprox
How many institutions match Kotak Mahindra Bank approximately on earnings per share?,F_CompCountApprox
Count the lenders reporting a earnings per share close to IDFC FIRST Bank's.,F_CompCountApprox
What is the count of banks around Ujjivan Small Finance Bank's net profit level?,F_CompCountApprox
Total up the lenders comparable to Central Bank of India on total deposits.,F_CompCountApprox
Tally the lenders whose return on equity is about equal to State Bank of India's.,F_CompCountApprox
Give me the number of banks near Indian Overseas Bank on net interest margin.,F_CompCountApprox
What is the count of banks around CSB Bank's CASA ratio level?,F_CompCountApprox
Tally the lenders whose net interest margin is about equal to ICICI Bank's.,F_CompCountApprox
How many institutions match Dhanlaxmi Bank approximately on CASA ratio?,F_CompCountApprox
What is the count of banks around Karur Vysya Bank's net NPA ratio level?,F_CompCountApprox
Tally the lenders whose total advances is about equal to AU Small Finance Bank's.,F_CompCountApprox
How many institutions match ESAF Small Finance Bank approximately on book value per share?,F_CompCountApprox
Give me the number of banks near City Union Bank on return on assets.,F_CompCountApprox
Total up the lenders comparable to HDFC Bank on CET1 ratio.,F_CompCountApprox
Tally the lenders whose return on equity is about equal to Central Bank of India's.,F_CompCountApprox
How many institutions match Karnataka Bank approximately on capital adequacy ratio?,F_CompCountApprox
Give me the number of banks near Canara Bank on operating profit.,F_CompCountApprox
How many branches did Utkarsh Small Finance Bank disclose?,F_QuantCount
What is the total number of branches at Canara Bank?,F_QuantCount
How many credit rating agencies covering it does Bank of Maharashtra operate?,F_QuantCount
How many branches did South Indian Bank disclose?,F_QuantCount
How many subsidiaries does Bank of Baroda operate?,F_QuantCount
What is the total number of overseas offices at Union Bank of India?,F_QuantCount
What is the total number of overseas offices at CSB Bank?,F_QuantCount
How many digital products did Tamilnad Mercantile Bank disclose?,F_QuantCount
How many board members did Dhanlaxmi Bank disclose?,F_QuantCount
How many ATMs does Ujjivan Small Finance Bank operate?,F_QuantCount
How many employees did Suryoday Small Finance Bank disclose?,F_QuantCount
How many board members does Bank of India operate?,F_QuantCount
What is the total number of employees at Kotak Mahindra Bank?,F_QuantCount
How many overseas offices did City Union Bank disclose?,F_QuantCount
What is the total number of branches at Kotak Mahindra Bank?,F_QuantCount
How many overseas offices did Central Bank of India disclose?,F_QuantCount
How many overseas offices did UCO Bank disclose?,F_QuantCount
How many digital products did Bank of India disclose?,F_QuantCount
How many ATMs did Ujjivan Small Finance Bank disclose?,F_QuantCount
What is the total number of subsidiaries at Karnataka Bank?,F_QuantCount
What is the total number of digital products at Jammu & Kashmir Bank?,F_QuantCount
How many employees did DCB Bank disclose?,F_QuantCount
How many subsidiaries does Indian Overseas Bank operate?,F_QuantCount
How many employees did ICICI Bank disclose?,F_QuantCount
How many overseas offices did Bank of Baroda disclose?,F_QuantCount
How many credit rating agencies covering it does ESAF Small Finance Bank operate?,F_QuantCount
How many employees does Jana Small Finance Bank operate?,F_QuantCount
How many board members does Yes Bank operate?,F_QuantCount
How many ATMs does Yes Bank operate?,F_QuantCount
What is the total number of board members at Central Bank of India?,F_QuantCount
What is the total number of credit rating agencies covering it at Bank of Baroda?,F_QuantCount
What is the total number of credit rating agencies covering it at Yes Bank?,F_QuantCount
How many ATMs does ICICI Bank operate?,F_QuantCount
How many subsidiaries did Indian Overseas Bank disclose?,F_QuantCount
How many board members did RBL Bank disclose?,F_QuantCount
How many overseas offices does RBL Bank operate?,F_QuantCount
How many ATMs does Jana Small Finance Bank operate?,F_QuantCount
What is the total number of subsidiaries at Bank of India?,F_QuantCount
How many overseas offices does Jammu & Kashmir Bank operate?,F_QuantCount
How many employees did Jana Small Finance Bank disclose?,F_QuantCount
What is the total number of subsidiaries at Indian Overseas Bank?,F_QuantCount
What is the total number of credit rating agencies covering it at AU Small Finance Bank?,F_QuantCount
How many subsidiaries does Karnataka Bank operate?,F_QuantCount
How many digital products did Karnataka Bank disclose?,F_QuantCount
What is the total number of subsidiaries at Dhanlaxmi Bank?,F_QuantCount
How many board members does South Indian Bank operate?,F_QuantCount
What is the total number of board members at Karur Vysya Bank?,F_QuantCount
How many subsidiaries did Yes Bank disclose?,F_QuantCount
How many subsidiaries did Union Bank of India disclose?,F_QuantCount
How many subsidiaries does Jammu & Kashmir Bank operate?,F_QuantCount
How many branches did Bank of India disclose?,F_QuantCount
How many subsidiaries does Yes Bank operate?,F_QuantCount
What is the total number of subsidiaries at Jana Small Finance Bank?,F_QuantCount
How many subsidiaries does Punjab & Sind Bank operate?,F_QuantCount
What is the total number of digital products at ICICI Bank?,F_QuantCount
How many board members does UCO Bank operate?,F_QuantCount
How many employees does City Union Bank operate?,F_QuantCount
What is the total number of ATMs at Bank of India?,F_QuantCount
How many subsidiaries does Bank of Maharashtra operate?,F_QuantCount
What is the total number of credit rating agencies covering it at ESAF Small Finance Bank?,F_QuantCount
How many employees did Equitas Small Finance Bank disclose?,F_QuantCount
How many digital products did HDFC Bank disclose?,F_QuantCount
How many board members does Indian Bank operate?,F_QuantCount
How many digital products does AU Small Finance Bank operate?,F_QuantCount
How many digital products does IDFC FIRST Bank operate?,F_QuantCount
How many overseas offices does Union Bank of India operate?,F_QuantCount
What is the total number of employees at Bank of Baroda?,F_QuantCount
How many branches does ICICI Bank operate?,F_QuantCount
How many credit rating agencies covering it does Punjab National Bank operate?,F_QuantCount
How many board members does State Bank of India operate?,F_QuantCount
How many digital products did Bank of Maharashtra disclose?,F_QuantCount
How many subsidiaries did Central Bank of India disclose?,F_QuantCount
What is the total number of credit rating agencies covering it at Punjab & Sind Bank?,F_QuantCount
What is the total number of employees at Federal Bank?,F_QuantCount
What is the total number of employees at ICICI Bank?,F_QuantCount
What is the total number of credit rating agencies covering it at Indian Bank?,F_QuantCount
How many branches did Tamilnad Mercantile Bank disclose?,F_QuantCount
How many digital products does Indian Bank operate?,F_QuantCount
What is the total number of branches at HDFC Bank?,F_QuantCount
What is the total number of subsidiaries at UCO Bank?,F_QuantCount
How many employees does ESAF Small Finance Bank operate?,F_QuantCount
What is the total number of ATMs at Jana Small Finance Bank?,F_QuantCount
How many employees does Kotak Mahindra Bank operate?,F_QuantCount
How many overseas offices does Karnataka Bank operate?,F_QuantCount
How many digital products did Ujjivan Small Finance Bank disclose?,F_QuantCount
How many credit rating agencies covering it does IDFC FIRST Bank operate?,F_QuantCount
What is the total number of employees at Ujjivan Small Finance Bank?,F_QuantCount
How many ATMs does Dhanlaxmi Bank operate?,F_QuantCount
How many ATMs did Karur Vysya Bank disclose?,F_QuantCount
How many digital products does Federal Bank operate?,F_QuantCount
How many employees does Indian Overseas Bank operate?,F_QuantCount
What is the total number of overseas offices at South Indian Bank?,F_QuantCount
How many credit rating agencies covering it did Axis Bank disclose?,F_QuantCount
How many subsidiaries did CSB Bank disclose?,F_QuantCount
How many branches does CSB Bank operate?,F_QuantCount
How many credit rating agencies covering it does RBL Bank operate?,F_QuantCount
What is the total number of branches at Punjab & Sind Bank?,F_QuantCount
What is the total number of subsidiaries at AU Small Finance Bank?,F_QuantCount
What is the total number of digital products at Jana Small Finance Bank?,F_QuantCount
What is the total number of credit rating agencies covering it at Dhanlaxmi Bank?,F_QuantCount
How many employees did IndusInd Bank disclose?,F_QuantCount
How many ATMs does Central Bank of India operate?,F_QuantCount
What is the total number of board members at Jana Small Finance Bank?,F_QuantCount
What is the total number of ATMs at AU Small Finance Bank?,F_QuantCount
What is the total number of employees at HDFC Bank?,F_QuantCount
How many credit rating agencies covering it did DCB Bank disclose?,F_QuantCount
How many branches did Bank of Baroda disclose?,F_QuantCount
What is the total number of employees at Karur Vysya Bank?,F_QuantCount
How many board members does Jana Small Finance Bank operate?,F_QuantCount
How many ATMs did IDFC FIRST Bank disclose?,F_QuantCount
What is the total number of branches at Equitas Small Finance Bank?,F_QuantCount
What is the total number of overseas offices at DCB Bank?,F_QuantCount
What is the total number of subsidiaries at Yes Bank?,F_QuantCount
How many branches did Kotak Mahindra Bank disclose?,F_QuantCount
How many digital products did Union Bank of India disclose?,F_QuantCount
What is the total number of branches at RBL Bank?,F_QuantCount
How many digital products does Karnataka Bank operate?,F_QuantCount
How many board members did UCO Bank disclose?,F_QuantCount
How many credit rating agencies covering it did ICICI Bank disclose?,F_QuantCount
What is the total number of branches at Ujjivan Small Finance Bank?,F_QuantCount
How many overseas offices does Central Bank of India operate?,F_QuantCount
What is the total number of employees at South Indian Bank?,F_QuantCount
How many subsidiaries does City Union Bank operate?,F_QuantCount
How many subsidiaries did Canara Bank disclose?,F_QuantCount
What is the total number of digital products at Tamilnad Mercantile Bank?,F_QuantCount
What is the total number of digital products at Equitas Small Finance Bank?,F_QuantCount
What is the total number of ATMs at South Indian Bank?,F_QuantCount
How many digital products did ESAF Small Finance Bank disclose?,F_QuantCount
How many subsidiaries does Federal Bank operate?,F_QuantCount
How many board members did Bank of Maharashtra disclose?,F_QuantCount
What is the total number of branches at ESAF Small Finance Bank?,F_QuantCount
How many ATMs did Punjab National Bank disclose?,F_QuantCount
How many employees did South Indian Bank disclose?,F_QuantCount
What is the total number of credit rating agencies covering it at Union Bank of India?,F_QuantCount
What is the total number of branches at UCO Bank?,F_QuantCount
What is the total number of branches at Karnataka Bank?,F_QuantCount
What is the total number of digital products at Axis Bank?,F_QuantCount
How many overseas offices did ICICI Bank disclose?,F_QuantCount
What is the total number of digital products at Yes Bank?,F_QuantCount
How many branches does RBL Bank operate?,F_QuantCount
How many board members does Federal Bank operate?,F_QuantCount
How many ATMs does Axis Bank operate?,F_QuantCount
How many branches did Bandhan Bank disclose?,F_QuantCount
How many subsidiaries did Punjab National Bank disclose?,F_QuantCount
How many board members does Canara Bank operate?,F_QuantCount
What is the total number of ATMs at CSB Bank?,F_QuantCount
How many subsidiaries did Karur Vysya Bank disclose?,F_QuantCount
How many employees did City Union Bank disclose?,F_QuantCount
How many ATMs does Bank of Baroda operate?,F_QuantCount
How many subsidiaries does Tamilnad Mercantile Bank operate?,F_QuantCount
How many branches did RBL Bank disclose?,F_QuantCount
How many digital products did ICICI Bank disclose?,F_QuantCount
What is the total number of ATMs at Federal Bank?,F_QuantCount
What is the total number of overseas offices at IDFC FIRST Bank?,F_QuantCount
What is the total number of branches at Jana Small Finance Bank?,F_QuantCount
How many subsidiaries does Punjab National Bank operate?,F_QuantCount
How many credit rating agencies covering it does UCO Bank operate?,F_QuantCount
How many ATMs does DCB Bank operate?,F_QuantCount
What is the total number of employees at Dhanlaxmi Bank?,F_QuantCount
How many board members did Bandhan Bank disclose?,F_QuantCount
How many digital products did Kotak Mahindra Bank disclose?,F_QuantCount
How many overseas offices did IDFC FIRST Bank disclose?,F_QuantCount
What is the total number of branches at State Bank of India?,F_QuantCount
What is the total number of ATMs at Utkarsh Small Finance Bank?,F_QuantCount
How many credit rating agencies covering it does Federal Bank operate?,F_QuantCount
How many board members did Jammu & Kashmir Bank disclose?,F_QuantCount
How many board members did Karur Vysya Bank disclose?,F_QuantCount
How many ATMs did CSB Bank disclose?,F_QuantCount
How many credit rating agencies covering it did Yes Bank disclose?,F_QuantCount
How many digital products does South Indian Bank operate?,F_QuantCount
How many ATMs does Federal Bank operate?,F_QuantCount
How many digital products does Union Bank of India operate?,F_QuantCount
How many overseas offices did State Bank of India disclose?,F_QuantCount
What is the total number of digital products at Canara Bank?,F_QuantCount
How many employees does State Bank of India operate?,F_QuantCount
What is the total number of branches at Central Bank of India?,F_QuantCount
What is the total number of ATMs at Kotak Mahindra Bank?,F_QuantCount
How many subsidiaries does State Bank of India operate?,F_QuantCount
How many employees did Bank of India disclose?,F_QuantCount
How many subsidiaries did Axis Bank disclose?,F_QuantCount
How many board members does Axis Bank operate?,F_QuantCount
What is the total number of overseas offices at Bank of Baroda?,F_QuantCount
How many credit rating agencies covering it did Kotak Mahindra Bank disclose?,F_QuantCount
How many branches did Karur Vysya Bank disclose?,F_QuantCount
What is the total number of branches at Punjab National Bank?,F_QuantCount
What is the total number of digital products at Bank of Baroda?,F_QuantCount
How many branches does Union Bank of India operate?,F_QuantCount
How many ATMs does Utkarsh Small Finance Bank operate?,F_QuantCount
How many board members did HDFC Bank disclose?,F_QuantCount
What is the total number of board members at Indian Overseas Bank?,F_QuantCount
What is the total number of credit rating agencies covering it at Bank of Maharashtra?,F_QuantCount
What is the total number of credit rating agencies covering it at Ujjivan Small Finance Bank?,F_QuantCount
What is the total number of board members at Bank of Baroda?,F_QuantCount
How many branches does ESAF Small Finance Bank operate?,F_QuantCount
What is the total number of ATMs at Punjab & Sind Bank?,F_QuantCount
How many ATMs did Jammu & Kashmir Bank disclose?,F_QuantCount
How many overseas offices did Union Bank of India disclose?,F_QuantCount
How many overseas offices did Utkarsh Small Finance Bank disclose?,F_QuantCount
How many subsidiaries does HDFC Bank operate?,F_QuantCount
How many credit rating agencies covering it did AU Small Finance Bank disclose?,F_QuantCount
Give me the number of banks with no fewer than 2 digital products.,F_QuantCountAtleast
What number of banks run 5 or more overseas offices?,F_QuantCountAtleast
Tally the institutions holding 500 board members or above.,F_QuantCountAtleast
Tally the institutions holding 5 ATMs or above.,F_QuantCountAtleast
How many banks operate at least 3000 board members?,F_QuantCountAtleast
How many banks operate at least 3000 subsidiaries?,F_QuantCountAtleast
How many banks operate at least 500 board members?,F_QuantCountAtleast
Tally the institutions holding 5 subsidiaries or above.,F_QuantCountAtleast
Tally the institutions holding 100 board members or above.,F_QuantCountAtleast
Give me the number of banks with no fewer than 3000 ATMs.,F_QuantCountAtleast
How many banks operate at least 10 ATMs?,F_QuantCountAtleast
Tally the institutions holding 5 digital products or above.,F_QuantCountAtleast
Give me the number of banks with no fewer than 10 employees.,F_QuantCountAtleast
Give me the number of banks with no fewer than 2 subsidiaries.,F_QuantCountAtleast
Give me the number of banks with no fewer than 1000 digital products.,F_QuantCountAtleast
What number of banks run 100 or more overseas offices?,F_QuantCountAtleast
Tally the institutions holding 1000 board members or above.,F_QuantCountAtleast
Give me the number of banks with no fewer than 3000 board members.,F_QuantCountAtleast
How many banks operate at least 3 ATMs?,F_QuantCountAtleast
What number of banks run 10 or more ATMs?,F_QuantCountAtleast
Tally the institutions holding 5000 ATMs or above.,F_QuantCountAtleast
How many banks operate at least 1000 credit rating agencies covering it?,F_QuantCountAtleast
Tally the institutions holding 3 board members or above.,F_QuantCountAtleast
Tally the institutions holding 3 employees or above.,F_QuantCountAtleast
What number of banks run 50 or more subsidiaries?,F_QuantCountAtleast
How many banks operate at least 5 ATMs?,F_QuantCountAtleast
Give me the number of banks with no fewer than 5000 branches.,F_QuantCountAtleast
Give me the number of banks with no fewer than 1000 subsidiaries.,F_QuantCountAtleast
Tally the institutions holding 100 subsidiaries or above.,F_QuantCountAtleast
Tally the institutions holding 25 branches or above.,F_QuantCountAtleast
What number of banks run 1000 or more credit rating agencies covering it?,F_QuantCountAtleast
Give me the number of banks with no fewer than 5 employees.,F_QuantCountAtleast
Tally the institutions holding 5000 digital products or above.,F_QuantCountAtleast
Tally the institutions holding 5 employees or above.,F_QuantCountAtleast
Tally the institutions holding 100 digital products or above.,F_QuantCountAtleast
Give me the number of banks with no fewer than 1000 credit rating agencies covering it.,F_QuantCountAtleast
Give me the number of banks with no fewer than 3 overseas offices.,F_QuantCountAtleast
What number of banks run 25 or more board members?,F_QuantCountAtleast
How many banks operate at least 10 digital products?,F_QuantCountAtleast
Give me the number of banks with no fewer than 10 digital products.,F_QuantCountAtleast
Tally the institutions holding 3000 subsidiaries or above.,F_QuantCountAtleast
What number of banks run 1000 or more overseas offices?,F_QuantCountAtleast
How many banks operate at least 50 overseas offices?,F_QuantCountAtleast
What number of banks run 5000 or more board members?,F_QuantCountAtleast
What number of banks run 3 or more board members?,F_QuantCountAtleast
Tally the institutions holding 3 credit rating agencies covering it or above.,F_QuantCountAtleast
Give me the number of banks with no fewer than 3000 overseas offices.,F_QuantCountAtleast
Give me the number of banks with no fewer than 25 overseas offices.,F_QuantCountAtleast
How many banks operate at least 100 board members?,F_QuantCountAtleast
Give me the number of banks with no fewer than 100 employees.,F_QuantCountAtleast
How many banks operate at least 3000 branches?,F_QuantCountAtleast
Give me the number of banks with no fewer than 5000 credit rating agencies covering it.,F_QuantCountAtleast
Tally the institutions holding 3 ATMs or above.,F_QuantCountAtleast
What number of banks run 3 or more branches?,F_QuantCountAtleast
How many banks operate at least 5000 subsidiaries?,F_QuantCountAtleast
What number of banks run 100 or more credit rating agencies covering it?,F_QuantCountAtleast
How many banks operate at least 50 subsidiaries?,F_QuantCountAtleast
Tally the institutions holding 25 ATMs or above.,F_QuantCountAtleast
Give me the number of banks with no fewer than 50 ATMs.,F_QuantCountAtleast
Give me the number of banks with no fewer than 3 ATMs.,F_QuantCountAtleast
How many banks operate at least 3000 ATMs?,F_QuantCountAtleast
What number of banks run 5 or more ATMs?,F_QuantCountAtleast
Tally the institutions holding 5000 overseas offices or above.,F_QuantCountAtleast
Give me the number of banks with no fewer than 5000 employees.,F_QuantCountAtleast
Give me the number of banks with no fewer than 5000 subsidiaries.,F_QuantCountAtleast
How many banks operate at least 100 credit rating agencies covering it?,F_QuantCountAtleast
Tally the institutions holding 25 employees or above.,F_QuantCountAtleast
Give me the number of banks with no fewer than 100 ATMs.,F_QuantCountAtleast
What number of banks run 3000 or more branches?,F_QuantCountAtleast
What number of banks run 5 or more subsidiaries?,F_QuantCountAtleast
Tally the institutions holding 2 credit rating agencies covering it or above.,F_QuantCountAtleast
What number of banks run 3000 or more digital products?,F_QuantCountAtleast
Give me the number of banks with no fewer than 50 digital products.,F_QuantCountAtleast
How many banks operate at least 25 ATMs?,F_QuantCountAtleast
What number of banks run 1000 or more subsidiaries?,F_QuantCountAtleast
Give me the number of banks with no fewer than 1000 ATMs.,F_QuantCountAtleast
Give me the number of banks with no fewer than 500 branches.,F_QuantCountAtleast
Give me the number of banks with no fewer than 100 board members.,F_QuantCountAtleast
Give me the number of banks with no fewer than 25 employees.,F_QuantCountAtleast
Give me the number of banks with no fewer than 5000 overseas offices.,F_QuantCountAtleast
Give me the number of banks with no fewer than 100 overseas offices.,F_QuantCountAtleast
Give me the number of banks with no fewer than 5 digital products.,F_QuantCountAtleast
How many banks operate at least 3 credit rating agencies covering it?,F_QuantCountAtleast
Tally the institutions holding 1000 credit rating agencies covering it or above.,F_QuantCountAtleast
Give me the number of banks with no fewer than 500 ATMs.,F_QuantCountAtleast
How many banks operate at least 500 digital products?,F_QuantCountAtleast
What number of banks run 50 or more branches?,F_QuantCountAtleast
How many banks operate at least 3000 employees?,F_QuantCountAtleast
Tally the institutions holding 500 subsidiaries or above.,F_QuantCountAtleast
Give me the number of banks with no fewer than 3000 credit rating agencies covering it.,F_QuantCountAtleast
Tally the institutions holding 1000 branches or above.,F_QuantCountAtleast
Give me the number of banks with no fewer than 100 subsidiaries.,F_QuantCountAtleast
Tally the institutions holding 1000 employees or above.,F_QuantCountAtleast
How many banks operate at least 100 branches?,F_QuantCountAtleast
Tally the institutions holding 5000 branches or above.,F_QuantCountAtleast
Give me the number of banks with no fewer than 100 branches.,F_QuantCountAtleast
How many banks operate at least 1000 overseas offices?,F_QuantCountAtleast
Tally the institutions holding 10 credit rating agencies covering it or above.,F_QuantCountAtleast
Tally the institutions holding 5000 credit rating agencies covering it or above.,F_QuantCountAtleast
How many banks operate at least 5 credit rating agencies covering it?,F_QuantCountAtleast
Tally the institutions holding 2 branches or above.,F_QuantCountAtleast
Tally the institutions holding 1000 subsidiaries or above.,F_QuantCountAtleast
How many banks operate at least 5 board members?,F_QuantCountAtleast
Give me the number of banks with no fewer than 1000 overseas offices.,F_QuantCountAtleast
Give me the number of banks with no fewer than 3 credit rating agencies covering it.,F_QuantCountAtleast
Give me the number of banks with no fewer than 3 board members.,F_QuantCountAtleast
What number of banks run 3000 or more overseas offices?,F_QuantCountAtleast
Tally the institutions holding 500 overseas offices or above.,F_QuantCountAtleast
How many banks operate at least 5 overseas offices?,F_QuantCountAtleast
Give me the number of banks with no fewer than 3000 employees.,F_QuantCountAtleast
Give me the number of banks with no fewer than 500 employees.,F_QuantCountAtleast
How many banks operate at least 2 branches?,F_QuantCountAtleast
Tally the institutions holding 10 board members or above.,F_QuantCountAtleast
Give me the number of banks with no fewer than 5 branches.,F_QuantCountAtleast
What number of banks run 2 or more credit rating agencies covering it?,F_QuantCountAtleast
What number of banks run 5 or more employees?,F_QuantCountAtleast
What number of banks run 10 or more branches?,F_QuantCountAtleast
How many banks operate at least 3000 overseas offices?,F_QuantCountAtleast
Tally the institutions holding 2 subsidiaries or above.,F_QuantCountAtleast
What number of banks run 25 or more digital products?,F_QuantCountAtleast
Tally the institutions holding 10 digital products or above.,F_QuantCountAtleast
What number of banks run 5000 or more employees?,F_QuantCountAtleast
What number of banks run 3 or more employees?,F_QuantCountAtleast
Tally the institutions holding 2 digital products or above.,F_QuantCountAtleast
How many banks operate at least 3 digital products?,F_QuantCountAtleast
Give me the number of banks with no fewer than 5000 digital products.,F_QuantCountAtleast
How many banks operate at least 2 board members?,F_QuantCountAtleast
What number of banks run 50 or more digital products?,F_QuantCountAtleast
Give me the number of banks with no fewer than 2 board members.,F_QuantCountAtleast
Give me the number of banks with no fewer than 50 board members.,F_QuantCountAtleast
What number of banks run 2 or more overseas offices?,F_QuantCountAtleast
How many banks operate at least 10 branches?,F_QuantCountAtleast
Give me the number of banks with no fewer than 100 credit rating agencies covering it.,F_QuantCountAtleast
Give me the number of banks with no fewer than 10 board members.,F_QuantCountAtleast
What number of banks run 1000 or more employees?,F_QuantCountAtleast
What number of banks run 100 or more branches?,F_QuantCountAtleast
What number of banks run 500 or more subsidiaries?,F_QuantCountAtleast
Give me the number of banks with no fewer than 500 board members.,F_QuantCountAtleast
How many banks operate at least 1000 subsidiaries?,F_QuantCountAtleast
What number of banks run 3 or more subsidiaries?,F_QuantCountAtleast
Give me the number of banks with no fewer than 10 credit rating agencies covering it.,F_QuantCountAtleast
What number of banks run 2 or more branches?,F_QuantCountAtleast
What number of banks run 5000 or more digital products?,F_QuantCountAtleast
How many banks operate at least 50 employees?,F_QuantCountAtleast
What number of banks run 5000 or more subsidiaries?,F_QuantCountAtleast
How many banks operate at least 2 employees?,F_QuantCountAtleast
How many banks operate at least 500 ATMs?,F_QuantCountAtleast
What number of banks run 50 or more credit rating agencies covering it?,F_QuantCountAtleast
Tally the institutions holding 2 board members or above.,F_QuantCountAtleast
How many banks operate at least 5000 branches?,F_QuantCountAtleast
How many banks operate at least 1000 employees?,F_QuantCountAtleast
How many banks operate at least 500 overseas offices?,F_QuantCountAtleast
How many banks operate at least 3000 credit rating agencies covering it?,F_QuantCountAtleast
Tally the institutions holding 5000 board members or above.,F_QuantCountAtleast
Tally the institutions holding 3000 digital products or above.,F_QuantCountAtleast
How many banks operate at least 2 credit rating agencies covering it?,F_QuantCountAtleast
What number of banks run 100 or more employees?,F_QuantCountAtleast
Tally the institutions holding 1000 digital products or above.,F_QuantCountAtleast
How many banks operate at least 10 employees?,F_QuantCountAtleast
Tally the institutions holding 500 credit rating agencies covering it or above.,F_QuantCountAtleast
Tally the institutions holding 25 subsidiaries or above.,F_QuantCountAtleast
How many banks operate at least 500 credit rating agencies covering it?,F_QuantCountAtleast
What number of banks run 25 or more overseas offices?,F_QuantCountAtleast
How many banks operate at least 500 branches?,F_QuantCountAtleast
Give me the number of banks with no fewer than 10 subsidiaries.,F_QuantCountAtleast
How many banks operate at least 3 overseas offices?,F_QuantCountAtleast
Tally the institutions holding 3 overseas offices or above.,F_QuantCountAtleast
Give me the number of banks with no fewer than 10 ATMs.,F_QuantCountAtleast
What number of banks run 2 or more ATMs?,F_QuantCountAtleast
How many banks operate at least 25 employees?,F_QuantCountAtleast
Tally the institutions holding 50 employees or above.,F_QuantCountAtleast
Tally the institutions holding 2 overseas offices or above.,F_QuantCountAtleast
Give me the number of banks with no fewer than 500 digital products.,F_QuantCountAtleast
How many banks operate at least 100 digital products?,F_QuantCountAtleast
How many banks operate at least 50 ATMs?,F_QuantCountAtleast
What number of banks run 1000 or more branches?,F_QuantCountAtleast
What number of banks run 1000 or more board members?,F_QuantCountAtleast
What number of banks run 25 or more subsidiaries?,F_QuantCountAtleast
How many banks operate at least 5000 employees?,F_QuantCountAtleast
What number of banks run 10 or more board members?,F_QuantCountAtleast
What number of banks run 100 or more board members?,F_QuantCountAtleast
What number of banks run 50 or more overseas offices?,F_QuantCountAtleast
How many banks operate at least 25 digital products?,F_QuantCountAtleast
Tally the institutions holding 3 digital products or above.,F_QuantCountAtleast
Give me the number of banks with no fewer than 50 subsidiaries.,F_QuantCountAtleast
Tally the institutions holding 100 ATMs or above.,F_QuantCountAtleast
How many banks operate at least 2 digital products?,F_QuantCountAtleast
How many banks operate at least 1000 ATMs?,F_QuantCountAtleast
What number of banks run 5000 or more credit rating agencies covering it?,F_QuantCountAtleast
Give me the number of banks with no fewer than 1000 employees.,F_QuantCountAtleast
How many banks operate at least 50 digital products?,F_QuantCountAtleast
How many banks operate at least 1000 board members?,F_QuantCountAtleast
Give me the number of banks with no fewer than 3 digital products.,F_QuantCountAtleast
Tally the institutions holding 5 overseas offices or above.,F_QuantCountAtleast
Tally the institutions holding 100 employees or above.,F_QuantCountAtleast
How many banks operate at least 10 overseas offices?,F_QuantCountAtleast
Give me the number of banks with no fewer than 3000 digital products.,F_QuantCountAtleast
What number of banks run 3000 or more board members?,F_QuantCountAtleast
Tally the institutions holding 50 ATMs or above.,F_QuantCountAtleast
Give me the number of banks with no fewer than 10 overseas offices.,F_QuantCountAtleast
Give me the number of banks capped at 10 employees.,F_QuantCountAtmost
How many banks operate at most 3000 overseas offices?,F_QuantCountAtmost
Give me the number of banks capped at 25 credit rating agencies covering it.,F_QuantCountAtmost
Give me the number of banks capped at 10 board members.,F_QuantCountAtmost
Count the lenders with no more than 10 branches.,F_QuantCountAtmost
Count the lenders with no more than 5000 employees.,F_QuantCountAtmost
Count the lenders with no more than 100 branches.,F_QuantCountAtmost
How many banks operate at most 3 employees?,F_QuantCountAtmost
Give me the number of banks capped at 5 employees.,F_QuantCountAtmost
How many banks operate at most 5 credit rating agencies covering it?,F_QuantCountAtmost
Count the lenders with no more than 5 overseas offices.,F_QuantCountAtmost
What number of banks run 3 or fewer branches?,F_QuantCountAtmost
How many banks operate at most 5000 branches?,F_QuantCountAtmost
How many banks operate at most 1000 ATMs?,F_QuantCountAtmost
Give me the number of banks capped at 3000 branches.,F_QuantCountAtmost
What number of banks run 500 or fewer overseas offices?,F_QuantCountAtmost
What number of banks run 5000 or fewer subsidiaries?,F_QuantCountAtmost
Count the lenders with no more than 5 branches.,F_QuantCountAtmost
Count the lenders with no more than 100 digital products.,F_QuantCountAtmost
What number of banks run 10 or fewer board members?,F_QuantCountAtmost
Count the lenders with no more than 3000 employees.,F_QuantCountAtmost
Give me the number of banks capped at 500 employees.,F_QuantCountAtmost
What number of banks run 3 or fewer overseas offices?,F_QuantCountAtmost
Give me the number of banks capped at 5 subsidiaries.,F_QuantCountAtmost
How many banks operate at most 3000 employees?,F_QuantCountAtmost
What number of banks run 50 or fewer branches?,F_QuantCountAtmost
How many banks operate at most 500 credit rating agencies covering it?,F_QuantCountAtmost
What number of banks run 3 or fewer credit rating agencies covering it?,F_QuantCountAtmost
Count the lenders with no more than 500 overseas offices.,F_QuantCountAtmost
Count the lenders with no more than 100 ATMs.,F_QuantCountAtmost
What number of banks run 1000 or fewer digital products?,F_QuantCountAtmost
What number of banks run 50 or fewer credit rating agencies covering it?,F_QuantCountAtmost
What number of banks run 1000 or fewer credit rating agencies covering it?,F_QuantCountAtmost
Count the lenders with no more than 3000 branches.,F_QuantCountAtmost
Count the lenders with no more than 5 employees.,F_QuantCountAtmost
Give me the number of banks capped at 3 employees.,F_QuantCountAtmost
Give me the number of banks capped at 5000 ATMs.,F_QuantCountAtmost
What number of banks run 100 or fewer employees?,F_QuantCountAtmost
How many banks operate at most 5000 digital products?,F_QuantCountAtmost
Count the lenders with no more than 100 employees.,F_QuantCountAtmost
How many banks operate at most 100 board members?,F_QuantCountAtmost
What number of banks run 500 or fewer branches?,F_QuantCountAtmost
How many banks operate at most 5000 subsidiaries?,F_QuantCountAtmost
How many banks operate at most 3 overseas offices?,F_QuantCountAtmost
What number of banks run 100 or fewer digital products?,F_QuantCountAtmost
How many banks operate at most 3 branches?,F_QuantCountAtmost
Count the lenders with no more than 3 ATMs.,F_QuantCountAtmost
Give me the number of banks capped at 25 board members.,F_QuantCountAtmost
Give me the number of banks capped at 50 digital products.,F_QuantCountAtmost
Count the lenders with no more than 3 branches.,F_QuantCountAtmost
How many banks operate at most 100 employees?,F_QuantCountAtmost
What number of banks run 1000 or fewer subsidiaries?,F_QuantCountAtmost
How many banks operate at most 500 ATMs?,F_QuantCountAtmost
Give me the number of banks capped at 5 ATMs.,F_QuantCountAtmost
What number of banks run 25 or fewer subsidiaries?,F_QuantCountAtmost
Count the lenders with no more than 500 ATMs.,F_QuantCountAtmost
How many banks operate at most 1000 overseas offices?,F_QuantCountAtmost
How many banks operate at most 100 credit rating agencies covering it?,F_QuantCountAtmost
How many banks operate at most 3 digital products?,F_QuantCountAtmost
Count the lenders with no more than 5 subsidiaries.,F_QuantCountAtmost
Give me the number of banks capped at 2 board members.,F_QuantCountAtmost
Give me the number of banks capped at 500 branches.,F_QuantCountAtmost
Count the lenders with no more than 50 ATMs.,F_QuantCountAtmost
What number of banks run 5000 or fewer overseas offices?,F_QuantCountAtmost
How many banks operate at most 5 board members?,F_QuantCountAtmost
What number of banks run 3 or fewer subsidiaries?,F_QuantCountAtmost
Give me the number of banks capped at 2 employees.,F_QuantCountAtmost
Give me the number of banks capped at 25 employees.,F_QuantCountAtmost
Count the lenders with no more than 100 credit rating agencies covering it.,F_QuantCountAtmost
What number of banks run 10 or fewer digital products?,F_QuantCountAtmost
How many banks operate at most 25 ATMs?,F_QuantCountAtmost
What number of banks run 5 or fewer board members?,F_QuantCountAtmost
How many banks operate at most 50 credit rating agencies covering it?,F_QuantCountAtmost
What number of banks run 50 or fewer board members?,F_QuantCountAtmost
What number of banks run 10 or fewer credit rating agencies covering it?,F_QuantCountAtmost
Give me the number of banks capped at 3000 employees.,F_QuantCountAtmost
What number of banks run 3000 or fewer subsidiaries?,F_QuantCountAtmost
Give me the number of banks capped at 3000 digital products.,F_QuantCountAtmost
How many banks operate at most 10 board members?,F_QuantCountAtmost
Count the lenders with no more than 1000 branches.,F_QuantCountAtmost
Give me the number of banks capped at 5 branches.,F_QuantCountAtmost
What number of banks run 5000 or fewer credit rating agencies covering it?,F_QuantCountAtmost
What number of banks run 10 or fewer branches?,F_QuantCountAtmost
How many banks operate at most 5000 ATMs?,F_QuantCountAtmost
Give me the number of banks capped at 5 board members.,F_QuantCountAtmost
Give me the number of banks capped at 5000 board members.,F_QuantCountAtmost
Give me the number of banks capped at 100 ATMs.,F_QuantCountAtmost
What number of banks run 5 or fewer digital products?,F_QuantCountAtmost
Count the lenders with no more than 25 credit rating agencies covering it.,F_QuantCountAtmost
What number of banks run 10 or fewer ATMs?,F_QuantCountAtmost
Give me the number of banks capped at 2 digital products.,F_QuantCountAtmost
Count the lenders with no more than 2 subsidiaries.,F_QuantCountAtmost
How many banks operate at most 2 overseas offices?,F_QuantCountAtmost
Give me the number of banks capped at 25 overseas offices.,F_QuantCountAtmost
How many banks operate at most 25 branches?,F_QuantCountAtmost
Give me the number of banks capped at 1000 branches.,F_QuantCountAtmost
Give me the number of banks capped at 5000 employees.,F_QuantCountAtmost
Count the lenders with no more than 10 digital products.,F_QuantCountAtmost
Give me the number of banks capped at 10 branches.,F_QuantCountAtmost
Give me the number of banks capped at 100 overseas offices.,F_QuantCountAtmost
Count the lenders with no more than 25 subsidiaries.,F_QuantCountAtmost
Count the lenders with no more than 25 ATMs.,F_QuantCountAtmost
Count the lenders with no more than 500 subsidiaries.,F_QuantCountAtmost
What number of banks run 10 or fewer overseas offices?,F_QuantCountAtmost
Give me the number of banks capped at 5000 digital products.,F_QuantCountAtmost
What number of banks run 1000 or fewer branches?,F_QuantCountAtmost
What number of banks run 100 or fewer credit rating agencies covering it?,F_QuantCountAtmost
Give me the number of banks capped at 1000 subsidiaries.,F_QuantCountAtmost
Count the lenders with no more than 10 board members.,F_QuantCountAtmost
Count the lenders with no more than 10 subsidiaries.,F_QuantCountAtmost
Count the lenders with no more than 1000 employees.,F_QuantCountAtmost
What number of banks run 500 or fewer ATMs?,F_QuantCountAtmost
Count the lenders with no more than 50 board members.,F_QuantCountAtmost
What number of banks run 500 or fewer subsidiaries?,F_QuantCountAtmost
Give me the number of banks capped at 500 digital products.,F_QuantCountAtmost
Count the lenders with no more than 5 credit rating agencies covering it.,F_QuantCountAtmost
How many banks operate at most 2 employees?,F_QuantCountAtmost
Give me the number of banks capped at 2 branches.,F_QuantCountAtmost
How many banks operate at most 100 subsidiaries?,F_QuantCountAtmost
How many banks operate at most 3000 digital products?,F_QuantCountAtmost
What number of banks run 500 or fewer credit rating agencies covering it?,F_QuantCountAtmost
How many banks operate at most 50 overseas offices?,F_QuantCountAtmost
What number of banks run 3000 or fewer ATMs?,F_QuantCountAtmost
Give me the number of banks capped at 1000 overseas offices.,F_QuantCountAtmost
How many banks operate at most 5 ATMs?,F_QuantCountAtmost
Count the lenders with no more than 2 branches.,F_QuantCountAtmost
What number of banks run 3 or fewer employees?,F_QuantCountAtmost
Count the lenders with no more than 5 board members.,F_QuantCountAtmost
What number of banks run 500 or fewer employees?,F_QuantCountAtmost
Count the lenders with no more than 100 overseas offices.,F_QuantCountAtmost
How many banks operate at most 3 credit rating agencies covering it?,F_QuantCountAtmost
What number of banks run 2 or fewer branches?,F_QuantCountAtmost
What number of banks run 5 or fewer ATMs?,F_QuantCountAtmost
Count the lenders with no more than 3000 credit rating agencies covering it.,F_QuantCountAtmost
How many banks operate at most 3000 subsidiaries?,F_QuantCountAtmost
How many banks operate at most 2 subsidiaries?,F_QuantCountAtmost
Count the lenders with no more than 50 overseas offices.,F_QuantCountAtmost
What number of banks run 100 or fewer ATMs?,F_QuantCountAtmost
What number of banks run 50 or fewer subsidiaries?,F_QuantCountAtmost
How many banks operate at most 5000 employees?,F_QuantCountAtmost
Count the lenders with no more than 25 branches.,F_QuantCountAtmost
What number of banks run 5 or fewer employees?,F_QuantCountAtmost
How many banks operate at most 3000 ATMs?,F_QuantCountAtmost
How many banks operate at most 100 ATMs?,F_QuantCountAtmost
What number of banks run 25 or fewer ATMs?,F_QuantCountAtmost
What number of banks run 2 or fewer overseas offices?,F_QuantCountAtmost
What number of banks run 50 or fewer employees?,F_QuantCountAtmost
How many banks operate at most 10 ATMs?,F_QuantCountAtmost
Count the lenders with no more than 1000 credit rating agencies covering it.,F_QuantCountAtmost
How many banks operate at most 25 subsidiaries?,F_QuantCountAtmost
How many banks operate at most 100 digital products?,F_QuantCountAtmost
Give me the number of banks capped at 10 overseas offices.,F_QuantCountAtmost
What number of banks run 3000 or fewer overseas offices?,F_QuantCountAtmost
Count the lenders with no more than 10 overseas offices.,F_QuantCountAtmost
Give me the number of banks capped at 2 overseas offices.,F_QuantCountAtmost
What number of banks run 25 or fewer digital products?,F_QuantCountAtmost
What number of banks run 5000 or fewer ATMs?,F_QuantCountAtmost
Count the lenders with no more than 5000 subsidiaries.,F_QuantCountAtmost
What number of banks run 1000 or fewer employees?,F_QuantCountAtmost
How many banks operate at most 500 employees?,F_QuantCountAtmost
Count the lenders with no more than 2 overseas offices.,F_QuantCountAtmost
Give me the number of banks capped at 100 branches.,F_QuantCountAtmost
Give me the number of banks capped at 3000 ATMs.,F_QuantCountAtmost
Give me the number of banks capped at 2 credit rating agencies covering it.,F_QuantCountAtmost
How many banks operate at most 3 subsidiaries?,F_QuantCountAtmost
Give me the number of banks capped at 10 subsidiaries.,F_QuantCountAtmost
What number of banks run 1000 or fewer overseas offices?,F_QuantCountAtmost
What number of banks run 2 or fewer ATMs?,F_QuantCountAtmost
How many banks operate at most 50 branches?,F_QuantCountAtmost
How many banks operate at most 10 credit rating agencies covering it?,F_QuantCountAtmost
What number of banks run 25 or fewer branches?,F_QuantCountAtmost
What number of banks run 2 or fewer subsidiaries?,F_QuantCountAtmost
What number of banks run 100 or fewer board members?,F_QuantCountAtmost
Count the lenders with no more than 5000 credit rating agencies covering it.,F_QuantCountAtmost
How many banks operate at most 5 overseas offices?,F_QuantCountAtmost
How many banks operate at most 10 employees?,F_QuantCountAtmost
Give me the number of banks capped at 3000 credit rating agencies covering it.,F_QuantCountAtmost
How many banks operate at most 10 branches?,F_QuantCountAtmost
Count the lenders with no more than 2 credit rating agencies covering it.,F_QuantCountAtmost
Give me the number of banks capped at 50 branches.,F_QuantCountAtmost
How many banks operate at most 1000 branches?,F_QuantCountAtmost
Count the lenders with no more than 10 employees.,F_QuantCountAtmost
Give me the number of banks capped at 5000 overseas offices.,F_QuantCountAtmost
Give me the number of banks capped at 500 credit rating agencies covering it.,F_QuantCountAtmost
How many banks operate at most 3 board members?,F_QuantCountAtmost
How many banks operate at most 50 board members?,F_QuantCountAtmost
How many banks operate at most 100 branches?,F_QuantCountAtmost
Count the lenders with no more than 1000 board members.,F_QuantCountAtmost
What number of banks run 5000 or fewer branches?,F_QuantCountAtmost
What number of banks run 25 or fewer credit rating agencies covering it?,F_QuantCountAtmost
What number of banks run 25 or fewer employees?,F_QuantCountAtmost
What number of banks run 5000 or fewer board members?,F_QuantCountAtmost
Give me the number of banks capped at 500 overseas offices.,F_QuantCountAtmost
Count the lenders with no more than 50 branches.,F_QuantCountAtmost
How many banks operate at most 5000 overseas offices?,F_QuantCountAtmost
Count the lenders with no more than 500 digital products.,F_QuantCountAtmost
How many banks operate at most 3000 branches?,F_QuantCountAtmost
Give me the number of banks capped at 3 digital products.,F_QuantCountAtmost
Count the lenders with no more than 5000 overseas offices.,F_QuantCountAtmost
Count the lenders with no more than 2 employees.,F_QuantCountAtmost
What number of banks run roughly 1000 employees?,F_QuantCountApprox
What number of banks run roughly 50 overseas offices?,F_QuantCountApprox
How many lenders sit near 500 credit rating agencies covering it?,F_QuantCountApprox
How many lenders sit near 5000 overseas offices?,F_QuantCountApprox
What number of banks run roughly 5 overseas offices?,F_QuantCountApprox
How many lenders sit near 3000 digital products?,F_QuantCountApprox
What number of banks run roughly 5 subsidiaries?,F_QuantCountApprox
Count the lenders with around 10 subsidiaries.,F_QuantCountApprox
How many lenders sit near 3 digital products?,F_QuantCountApprox
What number of banks run roughly 5 employees?,F_QuantCountApprox
Count the lenders with around 5 digital products.,F_QuantCountApprox
What number of banks run roughly 2 overseas offices?,F_QuantCountApprox
How many lenders sit near 3 ATMs?,F_QuantCountApprox
Count the lenders with around 100 credit rating agencies covering it.,F_QuantCountApprox
Tally the institutions holding about 3000 credit rating agencies covering it.,F_QuantCountApprox
Count the lenders with around 1000 overseas offices.,F_QuantCountApprox
What number of banks run roughly 2 digital products?,F_QuantCountApprox
Count the lenders with around 3000 credit rating agencies covering it.,F_QuantCountApprox
How many lenders sit near 500 ATMs?,F_QuantCountApprox
What number of banks run roughly 5000 branches?,F_QuantCountApprox
What number of banks run roughly 50 digital products?,F_QuantCountApprox
Count the lenders with around 50 digital products.,F_QuantCountApprox
What number of banks run roughly 5 branches?,F_QuantCountApprox
Tally the institutions holding about 1000 board members.,F_QuantCountApprox
Count the lenders with around 5000 subsidiaries.,F_QuantCountApprox
Tally the institutions holding about 500 board members.,F_QuantCountApprox
How many lenders sit near 100 credit rating agencies covering it?,F_QuantCountApprox
Tally the institutions holding about 100 subsidiaries.,F_QuantCountApprox
Count the lenders with around 2 ATMs.,F_QuantCountApprox
Tally the institutions holding about 500 credit rating agencies covering it.,F_QuantCountApprox
Count the lenders with around 5 employees.,F_QuantCountApprox
Count the lenders with around 5 overseas offices.,F_QuantCountApprox
What number of banks run roughly 25 overseas offices?,F_QuantCountApprox
What number of banks run roughly 50 credit rating agencies covering it?,F_QuantCountApprox
Count the lenders with around 2 board members.,F_QuantCountApprox
Count the lenders with around 5 credit rating agencies covering it.,F_QuantCountApprox
How many lenders sit near 1000 branches?,F_QuantCountApprox
Tally the institutions holding about 10 branches.,F_QuantCountApprox
How many lenders sit near 3000 ATMs?,F_QuantCountApprox
Count the lenders with around 500 overseas offices.,F_QuantCountApprox
Tally the institutions holding about 50 employees.,F_QuantCountApprox
How many lenders sit near 3000 employees?,F_QuantCountApprox
Count the lenders with around 25 digital products.,F_QuantCountApprox
What number of banks run roughly 100 overseas offices?,F_QuantCountApprox
How many lenders sit near 100 branches?,F_QuantCountApprox
How many lenders sit near 25 branches?,F_QuantCountApprox
Tally the institutions holding about 2 subsidiaries.,F_QuantCountApprox
Tally the institutions holding about 100 ATMs.,F_QuantCountApprox
Tally the institutions holding about 2 employees.,F_QuantCountApprox
How many lenders sit near 3 subsidiaries?,F_QuantCountApprox
Count the lenders with around 5 branches.,F_QuantCountApprox
What number of banks run roughly 10 credit rating agencies covering it?,F_QuantCountApprox
Count the lenders with around 2 subsidiaries.,F_QuantCountApprox
What number of banks run roughly 5000 ATMs?,F_QuantCountApprox
Tally the institutions holding about 3 board members.,F_QuantCountApprox
How many lenders sit near 50 credit rating agencies covering it?,F_QuantCountApprox
Count the lenders with around 50 branches.,F_QuantCountApprox
How many lenders sit near 500 digital products?,F_QuantCountApprox
Tally the institutions holding about 3 subsidiaries.,F_QuantCountApprox
Count the lenders with around 3 overseas offices.,F_QuantCountApprox
What number of banks run roughly 3000 credit rating agencies covering it?,F_QuantCountApprox
Count the lenders with around 25 credit rating agencies covering it.,F_QuantCountApprox
Tally the institutions holding about 5000 board members.,F_QuantCountApprox
Count the lenders with around 25 ATMs.,F_QuantCountApprox
Count the lenders with around 100 overseas offices.,F_QuantCountApprox
What number of banks run roughly 100 branches?,F_QuantCountApprox
How many lenders sit near 2 employees?,F_QuantCountApprox
What number of banks run roughly 1000 subsidiaries?,F_QuantCountApprox
How many lenders sit near 5 subsidiaries?,F_QuantCountApprox
What number of banks run roughly 500 branches?,F_QuantCountApprox
Count the lenders with around 10 employees.,F_QuantCountApprox
Count the lenders with around 3 subsidiaries.,F_QuantCountApprox
How many lenders sit near 1000 digital products?,F_QuantCountApprox
Tally the institutions holding about 25 subsidiaries.,F_QuantCountApprox
What number of banks run roughly 100 employees?,F_QuantCountApprox
What number of banks run roughly 25 digital products?,F_QuantCountApprox
What number of banks run roughly 1000 board members?,F_QuantCountApprox
What number of banks run roughly 500 employees?,F_QuantCountApprox
What number of banks run roughly 1000 digital products?,F_QuantCountApprox
Tally the institutions holding about 500 employees.,F_QuantCountApprox
What number of banks run roughly 5 credit rating agencies covering it?,F_QuantCountApprox
How many lenders sit near 1000 ATMs?,F_QuantCountApprox
How many lenders sit near 50 subsidiaries?,F_QuantCountApprox
Tally the institutions holding about 3 branches.,F_QuantCountApprox
How many lenders sit near 500 overseas offices?,F_QuantCountApprox
What number of banks run roughly 5000 subsidiaries?,F_QuantCountApprox
What number of banks run roughly 500 ATMs?,F_QuantCountApprox
How many lenders sit near 1000 board members?,F_QuantCountApprox
What number of banks run roughly 100 board members?,F_QuantCountApprox
Count the lenders with around 1000 employees.,F_QuantCountApprox
Count the lenders with around 100 digital products.,F_QuantCountApprox
Tally the institutions holding about 2 board members.,F_QuantCountApprox
What number of banks run roughly 2 branches?,F_QuantCountApprox
Tally the institutions holding about 50 overseas offices.,F_QuantCountApprox
How many lenders sit near 10 overseas offices?,F_QuantCountApprox
Tally the institutions holding about 5 ATMs.,F_QuantCountApprox
What number of banks run roughly 3 board members?,F_QuantCountApprox
What number of banks run roughly 100 ATMs?,F_QuantCountApprox
How many lenders sit near 1000 subsidiaries?,F_QuantCountApprox
What number of banks run roughly 10 overseas offices?,F_QuantCountApprox
How many lenders sit near 5000 subsidiaries?,F_QuantCountApprox
How many lenders sit near 5000 branches?,F_QuantCountApprox
Count the lenders with around 2 employees.,F_QuantCountApprox
How many lenders sit near 3000 overseas offices?,F_QuantCountApprox
What number of banks run roughly 50 branches?,F_QuantCountApprox
How many lenders sit near 5000 ATMs?,F_QuantCountApprox
How many lenders sit near 25 ATMs?,F_QuantCountApprox
Tally the institutions holding about 50 subsidiaries.,F_QuantCountApprox
What number of banks run roughly 10 employees?,F_QuantCountApprox
Count the lenders with around 3000 subsidiaries.,F_QuantCountApprox
Tally the institutions holding about 5000 overseas offices.,F_QuantCountApprox
What number of banks run roughly 50 ATMs?,F_QuantCountApprox
Tally the institutions holding about 3000 subsidiaries.,F_QuantCountApprox
Count the lenders with around 5 board members.,F_QuantCountApprox
Count the lenders with around 25 overseas offices.,F_QuantCountApprox
How many lenders sit near 3 employees?,F_QuantCountApprox
Count the lenders with around 10 credit rating agencies covering it.,F_QuantCountApprox
What number of banks run roughly 5000 overseas offices?,F_QuantCountApprox
Count the lenders with around 50 employees.,F_QuantCountApprox
What number of banks run roughly 2 ATMs?,F_QuantCountApprox
Count the lenders with around 5000 digital products.,F_QuantCountApprox
Tally the institutions holding about 5000 ATMs.,F_QuantCountApprox
What number of banks run roughly 10 digital products?,F_QuantCountApprox
What number of banks run roughly 100 credit rating agencies covering it?,F_QuantCountApprox
Tally the institutions holding about 3000 employees.,F_QuantCountApprox
How many lenders sit near 100 overseas offices?,F_QuantCountApprox
How many lenders sit near 2 overseas offices?,F_QuantCountApprox
What number of banks run roughly 3 overseas offices?,F_QuantCountApprox
What number of banks run roughly 3000 digital products?,F_QuantCountApprox
What number of banks run roughly 1000 credit rating agencies covering it?,F_QuantCountApprox
What number of banks run roughly 3000 board members?,F_QuantCountApprox
What number of banks run roughly 5000 credit rating agencies covering it?,F_QuantCountApprox
Tally the institutions holding about 1000 employees.,F_QuantCountApprox
Count the lenders with around 500 board members.,F_QuantCountApprox
What number of banks run roughly 50 board members?,F_QuantCountApprox
How many lenders sit near 5000 board members?,F_QuantCountApprox
Tally the institutions holding about 25 branches.,F_QuantCountApprox
Tally the institutions holding about 5 overseas offices.,F_QuantCountApprox
Count the lenders with around 10 digital products.,F_QuantCountApprox
Count the lenders with around 1000 branches.,F_QuantCountApprox
What number of banks run roughly 10 subsidiaries?,F_QuantCountApprox
Count the lenders with around 1000 digital products.,F_QuantCountApprox
How many lenders sit near 3000 subsidiaries?,F_QuantCountApprox
Tally the institutions holding about 3 credit rating agencies covering it.,F_QuantCountApprox
Tally the institutions holding about 5000 branches.,F_QuantCountApprox
What number of banks run roughly 5000 digital products?,F_QuantCountApprox
How many lenders sit near 50 branches?,F_QuantCountApprox
Tally the institutions holding about 1000 overseas offices.,F_QuantCountApprox
Tally the institutions holding about 25 employees.,F_QuantCountApprox
How many lenders sit near 50 employees?,F_QuantCountApprox
Tally the institutions holding about 1000 credit rating agencies covering it.,F_QuantCountApprox
How many lenders sit near 1000 employees?,F_QuantCountApprox
What number of banks run roughly 2 employees?,F_QuantCountApprox
What number of banks run roughly 3 subsidiaries?,F_QuantCountApprox
Count the lenders with around 3 digital products.,F_QuantCountApprox
How many lenders sit near 2 credit rating agencies covering it?,F_QuantCountApprox
Count the lenders with around 2 overseas offices.,F_QuantCountApprox
Tally the institutions holding about 5000 employees.,F_QuantCountApprox
Count the lenders with around 3 branches.,F_QuantCountApprox
Count the lenders with around 10 overseas offices.,F_QuantCountApprox
What number of banks run roughly 500 subsidiaries?,F_QuantCountApprox
How many lenders sit near 10 credit rating agencies covering it?,F_QuantCountApprox
What number of banks run roughly 3 branches?,F_QuantCountApprox
What number of banks run roughly 10 ATMs?,F_QuantCountApprox
Count the lenders with around 25 employees.,F_QuantCountApprox
What number of banks run roughly 100 digital products?,F_QuantCountApprox
How many lenders sit near 100 board members?,F_QuantCountApprox
Count the lenders with around 500 ATMs.,F_QuantCountApprox
Tally the institutions holding about 50 ATMs.,F_QuantCountApprox
Tally the institutions holding about 3000 branches.,F_QuantCountApprox
How many lenders sit near 10 employees?,F_QuantCountApprox
How many lenders sit near 50 ATMs?,F_QuantCountApprox
Tally the institutions holding about 3 digital products.,F_QuantCountApprox
Count the lenders with around 5000 credit rating agencies covering it.,F_QuantCountApprox
Tally the institutions holding about 50 credit rating agencies covering it.,F_QuantCountApprox
What number of banks run roughly 5000 board members?,F_QuantCountApprox
Count the lenders with around 10 ATMs.,F_QuantCountApprox
Count the lenders with around 50 board members.,F_QuantCountApprox
Tally the institutions holding about 100 board members.,F_QuantCountApprox
How many lenders sit near 1000 overseas offices?,F_QuantCountApprox
Tally the institutions holding about 50 digital products.,F_QuantCountApprox
What number of banks run roughly 3000 branches?,F_QuantCountApprox
Tally the institutions holding about 5 subsidiaries.,F_QuantCountApprox
What number of banks run roughly 25 employees?,F_QuantCountApprox
Tally the institutions holding about 2 digital products.,F_QuantCountApprox
How many lenders sit near 2 branches?,F_QuantCountApprox
Count the lenders with around 5 ATMs.,F_QuantCountApprox
How many lenders sit near 1000 credit rating agencies covering it?,F_QuantCountApprox
Tally the institutions holding about 10 digital products.,F_QuantCountApprox
Count the lenders with around 1000 subsidiaries.,F_QuantCountApprox
Tally the institutions holding about 2 credit rating agencies covering it.,F_QuantCountApprox
What number of banks run roughly 50 employees?,F_QuantCountApprox
How many lenders sit near 3 board members?,F_QuantCountApprox
How many lenders sit near 5 employees?,F_QuantCountApprox
What number of banks run roughly 5 digital products?,F_QuantCountApprox
Count the lenders with around 500 credit rating agencies covering it.,F_QuantCountApprox
What number of banks run roughly 25 credit rating agencies covering it?,F_QuantCountApprox
How many lenders sit near 500 board members?,F_QuantCountApprox
Tally the institutions holding about 500 digital products.,F_QuantCountApprox
Tally the institutions holding about 3 overseas offices.,F_QuantCountApprox
What number of banks report exactly 500 digital products?,F_QuantCountEqual
Tally the institutions holding 3 digital products exactly.,F_QuantCountEqual
Tally the institutions holding 100 board members exactly.,F_QuantCountEqual
How many lenders report 5000 branches on the dot?,F_QuantCountEqual
How many lenders report 2 ATMs on the dot?,F_QuantCountEqual
Count the lenders with precisely 3 digital products.,F_QuantCountEqual
Count the lenders with precisely 1000 overseas offices.,F_QuantCountEqual
What number of banks report exactly 100 board members?,F_QuantCountEqual
Tally the institutions holding 5 overseas offices exactly.,F_QuantCountEqual
Tally the institutions holding 500 board members exactly.,F_QuantCountEqual
Tally the institutions holding 10 overseas offices exactly.,F_QuantCountEqual
Tally the institutions holding 10 credit rating agencies covering it exactly.,F_QuantCountEqual
What number of banks report exactly 5000 employees?,F_QuantCountEqual
Count the lenders with precisely 5 branches.,F_QuantCountEqual
What number of banks report exactly 10 board members?,F_QuantCountEqual
Count the lenders with precisely 2 credit rating agencies covering it.,F_QuantCountEqual
What number of banks report exactly 3 branches?,F_QuantCountEqual
Tally the institutions holding 3000 credit rating agencies covering it exactly.,F_QuantCountEqual
How many lenders report 3000 credit rating agencies covering it on the dot?,F_QuantCountEqual
Count the lenders with precisely 100 employees.,F_QuantCountEqual
What number of banks report exactly 100 subsidiaries?,F_QuantCountEqual
Tally the institutions holding 3 employees exactly.,F_QuantCountEqual
What number of banks report exactly 3 ATMs?,F_QuantCountEqual
Count the lenders with precisely 25 ATMs.,F_QuantCountEqual
What number of banks report exactly 2 overseas offices?,F_QuantCountEqual
What number of banks report exactly 5 employees?,F_QuantCountEqual
What number of banks report exactly 1000 board members?,F_QuantCountEqual
Count the lenders with precisely 2 overseas offices.,F_QuantCountEqual
Count the lenders with precisely 50 overseas offices.,F_QuantCountEqual
Count the lenders with precisely 5 digital products.,F_QuantCountEqual
How many lenders report 5000 ATMs on the dot?,F_QuantCountEqual
Count the lenders with precisely 25 subsidiaries.,F_QuantCountEqual
What number of banks report exactly 3 credit rating agencies covering it?,F_QuantCountEqual
What number of banks report exactly 3000 ATMs?,F_QuantCountEqual
How many lenders report 25 ATMs on the dot?,F_QuantCountEqual
How many lenders report 5000 employees on the dot?,F_QuantCountEqual
What number of banks report exactly 3 board members?,F_QuantCountEqual
How many lenders report 25 overseas offices on the dot?,F_QuantCountEqual
Count the lenders with precisely 25 credit rating agencies covering it.,F_QuantCountEqual
What number of banks report exactly 10 branches?,F_QuantCountEqual
Tally the institutions holding 5 employees exactly.,F_QuantCountEqual
What number of banks report exactly 5 branches?,F_QuantCountEqual
Tally the institutions holding 100 subsidiaries exactly.,F_QuantCountEqual
How many lenders report 25 branches on the dot?,F_QuantCountEqual
What number of banks report exactly 500 board members?,F_QuantCountEqual
Count the lenders with precisely 10 board members.,F_QuantCountEqual
Count the lenders with precisely 5 employees.,F_QuantCountEqual
How many lenders report 10 credit rating agencies covering it on the dot?,F_QuantCountEqual
Tally the institutions holding 1000 subsidiaries exactly.,F_QuantCountEqual
Count the lenders with precisely 5000 subsidiaries.,F_QuantCountEqual
Tally the institutions holding 3000 ATMs exactly.,F_QuantCountEqual
What number of banks report exactly 50 board members?,F_QuantCountEqual
Tally the institutions holding 5000 overseas offices exactly.,F_QuantCountEqual
Count the lenders with precisely 100 overseas offices.,F_QuantCountEqual
What number of banks report exactly 25 digital products?,F_QuantCountEqual
How many lenders report 5 digital products on the dot?,F_QuantCountEqual
What number of banks report exactly 25 board members?,F_QuantCountEqual
How many lenders report 5 branches on the dot?,F_QuantCountEqual
What number of banks report exactly 50 employees?,F_QuantCountEqual
Count the lenders with precisely 2 subsidiaries.,F_QuantCountEqual
Count the lenders with precisely 500 overseas offices.,F_QuantCountEqual
How many lenders report 5 board members on the dot?,F_QuantCountEqual
What number of banks report exactly 5000 branches?,F_QuantCountEqual
How many lenders report 3 branches on the dot?,F_QuantCountEqual
Count the lenders with precisely 2 branches.,F_QuantCountEqual
What number of banks report exactly 5 credit rating agencies covering it?,F_QuantCountEqual
Count the lenders with precisely 25 board members.,F_QuantCountEqual
Tally the institutions holding 50 overseas offices exactly.,F_QuantCountEqual
Tally the institutions holding 2 credit rating agencies covering it exactly.,F_QuantCountEqual
Tally the institutions holding 100 employees exactly.,F_QuantCountEqual
What number of banks report exactly 50 branches?,F_QuantCountEqual
Tally the institutions holding 1000 ATMs exactly.,F_QuantCountEqual
Count the lenders with precisely 3000 credit rating agencies covering it.,F_QuantCountEqual
How many lenders report 100 credit rating agencies covering it on the dot?,F_QuantCountEqual
How many lenders report 1000 ATMs on the dot?,F_QuantCountEqual
What number of banks report exactly 3000 employees?,F_QuantCountEqual
What number of banks report exactly 10 employees?,F_QuantCountEqual
Count the lenders with precisely 10 branches.,F_QuantCountEqual
Count the lenders with precisely 100 branches.,F_QuantCountEqual
Count the lenders with precisely 3 board members.,F_QuantCountEqual
Count the lenders with precisely 50 branches.,F_QuantCountEqual
How many lenders report 1000 employees on the dot?,F_QuantCountEqual
What number of banks report exactly 25 subsidiaries?,F_QuantCountEqual
Count the lenders with precisely 1000 digital products.,F_QuantCountEqual
How many lenders report 3000 board members on the dot?,F_QuantCountEqual
What number of banks report exactly 1000 branches?,F_QuantCountEqual
Count the lenders with precisely 50 employees.,F_QuantCountEqual
How many lenders report 25 subsidiaries on the dot?,F_QuantCountEqual
How many lenders report 50 employees on the dot?,F_QuantCountEqual
Tally the institutions holding 100 overseas offices exactly.,F_QuantCountEqual
What number of banks report exactly 100 overseas offices?,F_QuantCountEqual
How many lenders report 2 employees on the dot?,F_QuantCountEqual
How many lenders report 100 ATMs on the dot?,F_QuantCountEqual
Count the lenders with precisely 1000 ATMs.,F_QuantCountEqual
Tally the institutions holding 25 overseas offices exactly.,F_QuantCountEqual
Tally the institutions holding 500 subsidiaries exactly.,F_QuantCountEqual
Tally the institutions holding 50 employees exactly.,F_QuantCountEqual
Count the lenders with precisely 10 digital products.,F_QuantCountEqual
How many lenders report 25 board members on the dot?,F_QuantCountEqual
How many lenders report 5000 credit rating agencies covering it on the dot?,F_QuantCountEqual
Count the lenders with precisely 100 digital products.,F_QuantCountEqual
Tally the institutions holding 2 digital products exactly.,F_QuantCountEqual
How many lenders report 5 ATMs on the dot?,F_QuantCountEqual
Tally the institutions holding 5000 ATMs exactly.,F_QuantCountEqual
How many lenders report 5 credit rating agencies covering it on the dot?,F_QuantCountEqual
Tally the institutions holding 500 digital products exactly.,F_QuantCountEqual
Tally the institutions holding 2 overseas offices exactly.,F_QuantCountEqual
How many lenders report 3 ATMs on the dot?,F_QuantCountEqual
Count the lenders with precisely 3000 branches.,F_QuantCountEqual
What number of banks report exactly 25 credit rating agencies covering it?,F_QuantCountEqual
How many lenders report 2 overseas offices on the dot?,F_QuantCountEqual
Tally the institutions holding 5 digital products exactly.,F_QuantCountEqual
Tally the institutions holding 100 credit rating agencies covering it exactly.,F_QuantCountEqual
What number of banks report exactly 100 ATMs?,F_QuantCountEqual
Tally the institutions holding 50 branches exactly.,F_QuantCountEqual
Tally the institutions holding 2 board members exactly.,F_QuantCountEqual
How many lenders report 500 board members on the dot?,F_QuantCountEqual
How many lenders report 5000 overseas offices on the dot?,F_QuantCountEqual
What number of banks report exactly 3000 overseas offices?,F_QuantCountEqual
How many lenders report 3 subsidiaries on the dot?,F_QuantCountEqual
How many lenders report 3000 overseas offices on the dot?,F_QuantCountEqual
Tally the institutions holding 3000 employees exactly.,F_QuantCountEqual
Tally the institutions holding 3 credit rating agencies covering it exactly.,F_QuantCountEqual
Count the lenders with precisely 5000 branches.,F_QuantCountEqual
Count the lenders with precisely 10 ATMs.,F_QuantCountEqual
What number of banks report exactly 10 ATMs?,F_QuantCountEqual
What number of banks report exactly 1000 credit rating agencies covering it?,F_QuantCountEqual
Count the lenders with precisely 5 credit rating agencies covering it.,F_QuantCountEqual
What number of banks report exactly 3000 digital products?,F_QuantCountEqual
What number of banks report exactly 5000 subsidiaries?,F_QuantCountEqual
Count the lenders with precisely 3 ATMs.,F_QuantCountEqual
Tally the institutions holding 10 subsidiaries exactly.,F_QuantCountEqual
How many lenders report 100 subsidiaries on the dot?,F_QuantCountEqual
How many lenders report 3000 ATMs on the dot?,F_QuantCountEqual
Tally the institutions holding 100 digital products exactly.,F_QuantCountEqual
Count the lenders with precisely 2 employees.,F_QuantCountEqual
Tally the institutions holding 5 subsidiaries exactly.,F_QuantCountEqual
Count the lenders with precisely 3000 ATMs.,F_QuantCountEqual
What number of banks report exactly 3 subsidiaries?,F_QuantCountEqual
What number of banks report exactly 3000 subsidiaries?,F_QuantCountEqual
Tally the institutions holding 500 credit rating agencies covering it exactly.,F_QuantCountEqual
How many lenders report 3000 subsidiaries on the dot?,F_QuantCountEqual
Count the lenders with precisely 5 overseas offices.,F_QuantCountEqual
How many lenders report 25 employees on the dot?,F_QuantCountEqual
What number of banks report exactly 50 ATMs?,F_QuantCountEqual
What number of banks report exactly 10 overseas offices?,F_QuantCountEqual
How many lenders report 10 branches on the dot?,F_QuantCountEqual
What number of banks report exactly 100 digital products?,F_QuantCountEqual
How many lenders report 100 digital products on the dot?,F_QuantCountEqual
How many lenders report 500 overseas offices on the dot?,F_QuantCountEqual
How many lenders report 5 subsidiaries on the dot?,F_QuantCountEqual
Count the lenders with precisely 5000 credit rating agencies covering it.,F_QuantCountEqual
Count the lenders with precisely 500 board members.,F_QuantCountEqual
What number of banks report exactly 1000 digital products?,F_QuantCountEqual
What number of banks report exactly 3000 credit rating agencies covering it?,F_QuantCountEqual
How many lenders report 5000 subsidiaries on the dot?,F_QuantCountEqual
Tally the institutions holding 2 ATMs exactly.,F_QuantCountEqual
How many lenders report 5000 board members on the dot?,F_QuantCountEqual
Tally the institutions holding 1000 credit rating agencies covering it exactly.,F_QuantCountEqual
How many lenders report 5 employees on the dot?,F_QuantCountEqual
Tally the institutions holding 1000 branches exactly.,F_QuantCountEqual
Count the lenders with precisely 3 overseas offices.,F_QuantCountEqual
Tally the institutions holding 3000 board members exactly.,F_QuantCountEqual
How many lenders report 3 credit rating agencies covering it on the dot?,F_QuantCountEqual
What number of banks report exactly 500 ATMs?,F_QuantCountEqual
Count the lenders with precisely 5000 board members.,F_QuantCountEqual
Count the lenders with precisely 5 ATMs.,F_QuantCountEqual
Count the lenders with precisely 3000 subsidiaries.,F_QuantCountEqual
Count the lenders with precisely 2 digital products.,F_QuantCountEqual
Tally the institutions holding 25 employees exactly.,F_QuantCountEqual
Tally the institutions holding 500 overseas offices exactly.,F_QuantCountEqual
Tally the institutions holding 3000 overseas offices exactly.,F_QuantCountEqual
How many lenders report 50 subsidiaries on the dot?,F_QuantCountEqual
What number of banks report exactly 500 subsidiaries?,F_QuantCountEqual
Count the lenders with precisely 5 board members.,F_QuantCountEqual
Count the lenders with precisely 10 overseas offices.,F_QuantCountEqual
Count the lenders with precisely 50 subsidiaries.,F_QuantCountEqual
What number of banks report exactly 3 overseas offices?,F_QuantCountEqual
How many lenders report 10 employees on the dot?,F_QuantCountEqual
What number of banks report exactly 100 credit rating agencies covering it?,F_QuantCountEqual
Count the lenders with precisely 10 subsidiaries.,F_QuantCountEqual
What number of banks report exactly 2 ATMs?,F_QuantCountEqual
Tally the institutions holding 10 employees exactly.,F_QuantCountEqual
What number of banks report exactly 1000 subsidiaries?,F_QuantCountEqual
Count the lenders with precisely 3000 digital products.,F_QuantCountEqual
Tally the institutions holding 25 board members exactly.,F_QuantCountEqual
What number of banks report exactly 50 credit rating agencies covering it?,F_QuantCountEqual
Tally the institutions holding 50 digital products exactly.,F_QuantCountEqual
How many lenders report 500 ATMs on the dot?,F_QuantCountEqual
Tally the institutions holding 2 employees exactly.,F_QuantCountEqual
Count the lenders with precisely 3000 overseas offices.,F_QuantCountEqual
How many lenders report 1000 branches on the dot?,F_QuantCountEqual
Count the lenders with precisely 25 digital products.,F_QuantCountEqual
What number of banks report exactly 5 digital products?,F_QuantCountEqual
How many lenders report 1000 subsidiaries on the dot?,F_QuantCountEqual
Count the lenders with precisely 500 ATMs.,F_QuantCountEqual
Tally the institutions holding 25 digital products exactly.,F_QuantCountEqual
What number of banks report exactly 5 board members?,F_QuantCountEqual
How many lenders report 3 digital products on the dot?,F_QuantCountEqual
What number of banks report exactly 3000 branches?,F_QuantCountEqual
List banks running 25 or more digital products.,F_QuantAtleast
Which banks operate at least 500 ATMs?,F_QuantAtleast
Which banks operate at least 25 employees?,F_QuantAtleast
Name the lenders with a minimum of 50 board members.,F_QuantAtleast
Which banks operate at least 5 ATMs?,F_QuantAtleast
Name the lenders with a minimum of 100 digital products.,F_QuantAtleast
List banks running 1000 or more digital products.,F_QuantAtleast
Which banks operate at least 5000 digital products?,F_QuantAtleast
Name the lenders with a minimum of 1000 ATMs.,F_QuantAtleast
List banks running 1000 or more credit rating agencies covering it.,F_QuantAtleast
List banks running 1000 or more branches.,F_QuantAtleast
Name the lenders with a minimum of 5000 credit rating agencies covering it.,F_QuantAtleast
Name the lenders with a minimum of 10 ATMs.,F_QuantAtleast
Name the lenders with a minimum of 5 ATMs.,F_QuantAtleast
Name the lenders with a minimum of 100 credit rating agencies covering it.,F_QuantAtleast
Name the lenders with a minimum of 3 branches.,F_QuantAtleast
Name the lenders with a minimum of 3 ATMs.,F_QuantAtleast
List banks running 2 or more digital products.,F_QuantAtleast
Which banks operate at least 2 branches?,F_QuantAtleast
Which banks operate at least 500 employees?,F_QuantAtleast
Which banks operate at least 3 branches?,F_QuantAtleast
List banks running 3 or more board members.,F_QuantAtleast
Name the lenders with a minimum of 25 overseas offices.,F_QuantAtleast
Which banks operate at least 100 board members?,F_QuantAtleast
Name the lenders with a minimum of 3000 board members.,F_QuantAtleast
List banks running 3000 or more board members.,F_QuantAtleast
Name the lenders with a minimum of 3 digital products.,F_QuantAtleast
Name the lenders with a minimum of 25 employees.,F_QuantAtleast
List banks running 3000 or more subsidiaries.,F_QuantAtleast
List banks running 5 or more credit rating agencies covering it.,F_QuantAtleast
List banks running 2 or more overseas offices.,F_QuantAtleast
List banks running 3000 or more digital products.,F_QuantAtleast
Which banks operate at least 5 subsidiaries?,F_QuantAtleast
Which banks operate at least 10 ATMs?,F_QuantAtleast
Which banks operate at least 10 subsidiaries?,F_QuantAtleast
List banks running 25 or more branches.,F_QuantAtleast
Which banks operate at least 2 employees?,F_QuantAtleast
Which banks operate at least 50 board members?,F_QuantAtleast
Name the lenders with a minimum of 25 ATMs.,F_QuantAtleast
List banks running 500 or more board members.,F_QuantAtleast
Which banks operate at least 3 subsidiaries?,F_QuantAtleast
List banks running 3000 or more branches.,F_QuantAtleast
List banks running 1000 or more ATMs.,F_QuantAtleast
Which banks operate at least 3000 digital products?,F_QuantAtleast
List banks running 3000 or more credit rating agencies covering it.,F_QuantAtleast
List banks running 10 or more digital products.,F_QuantAtleast
Which banks operate at least 1000 ATMs?,F_QuantAtleast
List banks running 2 or more employees.,F_QuantAtleast
List banks running 1000 or more board members.,F_QuantAtleast
List banks running 50 or more credit rating agencies covering it.,F_QuantAtleast
Name the lenders with a minimum of 500 overseas offices.,F_QuantAtleast
Name the lenders with a minimum of 3 employees.,F_QuantAtleast
List banks running 100 or more employees.,F_QuantAtleast
Which banks operate at least 1000 digital products?,F_QuantAtleast
List banks running 100 or more subsidiaries.,F_QuantAtleast
Which banks operate at least 100 branches?,F_QuantAtleast
Name the lenders with a minimum of 5 branches.,F_QuantAtleast
Name the lenders with a minimum of 2 employees.,F_QuantAtleast
Name the lenders with a minimum of 10 credit rating agencies covering it.,F_QuantAtleast
Which banks operate at least 100 credit rating agencies covering it?,F_QuantAtleast
List banks running 3000 or more overseas offices.,F_QuantAtleast
List banks running 2 or more credit rating agencies covering it.,F_QuantAtleast
List banks running 5000 or more ATMs.,F_QuantAtleast
Name the lenders with a minimum of 2 subsidiaries.,F_QuantAtleast
Name the lenders with a minimum of 25 digital products.,F_QuantAtleast
List banks running 100 or more ATMs.,F_QuantAtleast
Which banks operate at least 1000 employees?,F_QuantAtleast
Which banks operate at least 100 overseas offices?,F_QuantAtleast
List banks running 5 or more digital products.,F_QuantAtleast
List banks running 5 or more employees.,F_QuantAtleast
Which banks operate at least 25 ATMs?,F_QuantAtleast
Name the lenders with a minimum of 5000 board members.,F_QuantAtleast
Which banks operate at least 100 employees?,F_QuantAtleast
List banks running 50 or more branches.,F_QuantAtleast
Which banks operate at least 10 credit rating agencies covering it?,F_QuantAtleast
Name the lenders with a minimum of 100 branches.,F_QuantAtleast
Which banks operate at least 3000 branches?,F_QuantAtleast
Which banks operate at least 25 credit rating agencies covering it?,F_QuantAtleast
Name the lenders with a minimum of 50 digital products.,F_QuantAtleast
Which banks operate at least 10 overseas offices?,F_QuantAtleast
List banks running 100 or more branches.,F_QuantAtleast
Which banks operate at least 10 branches?,F_QuantAtleast
List banks running 5 or more branches.,F_QuantAtleast
List banks running 25 or more board members.,F_QuantAtleast
Which banks operate at least 500 board members?,F_QuantAtleast
Name the lenders with a minimum of 2 overseas offices.,F_QuantAtleast
List banks running 50 or more ATMs.,F_QuantAtleast
Which banks operate at least 5000 overseas offices?,F_QuantAtleast
Name the lenders with a minimum of 5 credit rating agencies covering it.,F_QuantAtleast
Name the lenders with a minimum of 10 digital products.,F_QuantAtleast
Which banks operate at least 3 credit rating agencies covering it?,F_QuantAtleast
Which banks operate at least 500 subsidiaries?,F_QuantAtleast
List banks running 50 or more overseas offices.,F_QuantAtleast
Name the lenders with a minimum of 25 board members.,F_QuantAtleast
List banks running 3 or more subsidiaries.,F_QuantAtleast
Which banks operate at least 3000 credit rating agencies covering it?,F_QuantAtleast
Which banks operate at least 500 credit rating agencies covering it?,F_QuantAtleast
List banks running 5000 or more credit rating agencies covering it.,F_QuantAtleast
Name the lenders with a minimum of 25 subsidiaries.,F_QuantAtleast
Name the lenders with a minimum of 50 ATMs.,F_QuantAtleast
Name the lenders with a minimum of 1000 overseas offices.,F_QuantAtleast
List banks running 2 or more board members.,F_QuantAtleast
List banks running 500 or more branches.,F_QuantAtleast
List banks running 5000 or more board members.,F_QuantAtleast
Name the lenders with a minimum of 25 branches.,F_QuantAtleast
List banks running 500 or more digital products.,F_QuantAtleast
Name the lenders with a minimum of 2 board members.,F_QuantAtleast
List banks running 50 or more digital products.,F_QuantAtleast
Name the lenders with a minimum of 50 employees.,F_QuantAtleast
List banks running 3 or more credit rating agencies covering it.,F_QuantAtleast
Which banks operate at least 3000 subsidiaries?,F_QuantAtleast
List banks running 100 or more overseas offices.,F_QuantAtleast
Name the lenders with a minimum of 10 employees.,F_QuantAtleast
Which banks operate at least 50 digital products?,F_QuantAtleast
Which banks operate at least 50 employees?,F_QuantAtleast
Which banks operate at least 100 digital products?,F_QuantAtleast
Which banks operate at least 3000 board members?,F_QuantAtleast
Name the lenders with a minimum of 50 branches.,F_QuantAtleast
Which banks operate at least 1000 board members?,F_QuantAtleast
List banks running 3 or more employees.,F_QuantAtleast
Which banks operate at least 5 board members?,F_QuantAtleast
Name the lenders with a minimum of 5000 subsidiaries.,F_QuantAtleast
Which banks operate at least 5 branches?,F_QuantAtleast
Which banks operate at least 25 overseas offices?,F_QuantAtleast
Which banks operate at least 5000 credit rating agencies covering it?,F_QuantAtleast
Which banks operate at least 3000 employees?,F_QuantAtleast
Name the lenders with a minimum of 5 overseas offices.,F_QuantAtleast
List banks running 500 or more credit rating agencies covering it.,F_QuantAtleast
Which banks operate at least 5 credit rating agencies covering it?,F_QuantAtleast
Which banks operate at least 1000 overseas offices?,F_QuantAtleast
List banks running 2 or more subsidiaries.,F_QuantAtleast
Which banks operate at least 5000 subsidiaries?,F_QuantAtleast
Name the lenders with a minimum of 2 ATMs.,F_QuantAtleast
List banks running 5 or more board members.,F_QuantAtleast
Name the lenders with a minimum of 5 digital products.,F_QuantAtleast
List banks running 500 or more ATMs.,F_QuantAtleast
List banks running 500 or more employees.,F_QuantAtleast
Name the lenders with a minimum of 5000 branches.,F_QuantAtleast
Name the lenders with a minimum of 2 branches.,F_QuantAtleast
List banks running 10 or more subsidiaries.,F_QuantAtleast
Which banks operate at least 50 subsidiaries?,F_QuantAtleast
Name the lenders with a minimum of 3000 employees.,F_QuantAtleast
Name the lenders with a minimum of 500 employees.,F_QuantAtleast
Name the lenders with a minimum of 1000 digital products.,F_QuantAtleast
Name the lenders with a minimum of 1000 employees.,F_QuantAtleast
List banks running 2 or more ATMs.,F_QuantAtleast
List banks running 25 or more employees.,F_QuantAtleast
List banks running 2 or more branches.,F_QuantAtleast
Name the lenders with a minimum of 10 board members.,F_QuantAtleast
List banks running 5 or more overseas offices.,F_QuantAtleast
Which banks operate at least 3 overseas offices?,F_QuantAtleast
List banks running 50 or more board members.,F_QuantAtleast
List banks running 1000 or more subsidiaries.,F_QuantAtleast
Name the lenders with a minimum of 5 board members.,F_QuantAtleast
Which banks operate at least 2 ATMs?,F_QuantAtleast
Which banks operate at least 2 credit rating agencies covering it?,F_QuantAtleast
List banks running 500 or more subsidiaries.,F_QuantAtleast
Which banks operate at least 50 branches?,F_QuantAtleast
Name the lenders with a minimum of 50 subsidiaries.,F_QuantAtleast
List banks running 10 or more overseas offices.,F_QuantAtleast
Which banks operate at least 500 overseas offices?,F_QuantAtleast
Name the lenders with a minimum of 5000 overseas offices.,F_QuantAtleast
Which banks operate at least 25 branches?,F_QuantAtleast
List banks running 100 or more board members.,F_QuantAtleast
List banks running 3000 or more ATMs.,F_QuantAtleast
List banks running 5000 or more branches.,F_QuantAtleast
Name the lenders with a minimum of 500 board members.,F_QuantAtleast
Name the lenders with a minimum of 5000 employees.,F_QuantAtleast
List banks running 100 or more credit rating agencies covering it.,F_QuantAtleast
Name the lenders with a minimum of 100 ATMs.,F_QuantAtleast
Which banks operate at least 10 employees?,F_QuantAtleast
List banks running 5000 or more digital products.,F_QuantAtleast
Name the lenders with a minimum of 5000 ATMs.,F_QuantAtleast
Which banks operate at least 2 board members?,F_QuantAtleast
Which banks operate at least 10 board members?,F_QuantAtleast
Name the lenders with a minimum of 100 board members.,F_QuantAtleast
Which banks operate at least 3 ATMs?,F_QuantAtleast
List banks running 50 or more subsidiaries.,F_QuantAtleast
List banks running 5000 or more overseas offices.,F_QuantAtleast
Which banks operate at least 50 ATMs?,F_QuantAtleast
List banks running 3 or more ATMs.,F_QuantAtleast
Which banks operate at least 500 digital products?,F_QuantAtleast
Which banks operate at least 2 overseas offices?,F_QuantAtleast
Name the lenders with a minimum of 50 overseas offices.,F_QuantAtleast
Name the lenders with a minimum of 3 board members.,F_QuantAtleast
Name the lenders with a minimum of 500 subsidiaries.,F_QuantAtleast
Name the lenders with a minimum of 5000 digital products.,F_QuantAtleast
Name the lenders with a minimum of 100 employees.,F_QuantAtleast
Which banks operate at least 5 digital products?,F_QuantAtleast
List banks running 10 or more board members.,F_QuantAtleast
Name the lenders with a minimum of 1000 board members.,F_QuantAtleast
Which banks operate at least 1000 branches?,F_QuantAtleast
Name the lenders with a minimum of 500 branches.,F_QuantAtleast
Which banks operate at least 1000 credit rating agencies covering it?,F_QuantAtleast
Name the lenders with a minimum of 2 digital products.,F_QuantAtleast
List banks running 3000 or more employees.,F_QuantAtleast
Name the lenders with a minimum of 100 overseas offices.,F_QuantAtleast
Name the lenders with a minimum of 50 credit rating agencies covering it.,F_QuantAtleast
Which banks operate at least 5000 employees?,F_QuantAtleast
Name the lenders with a minimum of 1000 credit rating agencies covering it.,F_QuantAtleast
Which banks operate at most 25 ATMs?,F_QuantAtmost
Which institutions hold at most 500 subsidiaries?,F_QuantAtmost
Which institutions hold at most 1000 subsidiaries?,F_QuantAtmost
Which institutions hold at most 50 overseas offices?,F_QuantAtmost
Which institutions hold at most 2 employees?,F_QuantAtmost
Which institutions hold at most 100 ATMs?,F_QuantAtmost
List banks running 1000 or fewer branches.,F_QuantAtmost
Which banks operate at most 1000 branches?,F_QuantAtmost
Which banks operate at most 5 branches?,F_QuantAtmost
Which banks operate at most 50 subsidiaries?,F_QuantAtmost
Which banks operate at most 2 employees?,F_QuantAtmost
Which banks operate at most 2 digital products?,F_QuantAtmost
Which institutions hold at most 1000 ATMs?,F_QuantAtmost
Which institutions hold at most 5000 credit rating agencies covering it?,F_QuantAtmost
List banks running 5 or fewer overseas offices.,F_QuantAtmost
Which institutions hold at most 3000 ATMs?,F_QuantAtmost
List banks running 50 or fewer subsidiaries.,F_QuantAtmost
List banks running 5000 or fewer board members.,F_QuantAtmost
Which banks operate at most 500 branches?,F_QuantAtmost
Which institutions hold at most 25 board members?,F_QuantAtmost
List banks running 100 or fewer digital products.,F_QuantAtmost
Which banks operate at most 100 overseas offices?,F_QuantAtmost
Which institutions hold at most 1000 overseas offices?,F_QuantAtmost
Which banks operate at most 3 overseas offices?,F_QuantAtmost
List banks running 5 or fewer digital products.,F_QuantAtmost
List banks running 3 or fewer digital products.,F_QuantAtmost
Which banks operate at most 25 subsidiaries?,F_QuantAtmost
List banks running 500 or fewer branches.,F_QuantAtmost
List banks running 5000 or fewer subsidiaries.,F_QuantAtmost
Which institutions hold at most 3 credit rating agencies covering it?,F_QuantAtmost
Which institutions hold at most 5000 branches?,F_QuantAtmost
Which banks operate at most 50 digital products?,F_QuantAtmost
Which banks operate at most 5 overseas offices?,F_QuantAtmost
Which banks operate at most 5 ATMs?,F_QuantAtmost
Which institutions hold at most 5000 subsidiaries?,F_QuantAtmost
List banks running 1000 or fewer ATMs.,F_QuantAtmost
List banks running 5000 or fewer digital products.,F_QuantAtmost
List banks running 3000 or fewer board members.,F_QuantAtmost
Which banks operate at most 1000 overseas offices?,F_QuantAtmost
Which institutions hold at most 500 credit rating agencies covering it?,F_QuantAtmost
Which banks operate at most 5000 ATMs?,F_QuantAtmost
List banks running 25 or fewer ATMs.,F_QuantAtmost
List banks running 3000 or fewer employees.,F_QuantAtmost
List banks running 10 or fewer overseas offices.,F_QuantAtmost
Which institutions hold at most 5 digital products?,F_QuantAtmost
Which banks operate at most 3000 branches?,F_QuantAtmost
Which banks operate at most 5000 overseas offices?,F_QuantAtmost
Which institutions hold at most 3 digital products?,F_QuantAtmost
Which banks operate at most 3 digital products?,F_QuantAtmost
Which institutions hold at most 500 employees?,F_QuantAtmost
Which banks operate at most 5 subsidiaries?,F_QuantAtmost
Which banks operate at most 25 employees?,F_QuantAtmost
Which banks operate at most 5000 credit rating agencies covering it?,F_QuantAtmost
List banks running 3 or fewer subsidiaries.,F_QuantAtmost
Which institutions hold at most 2 credit rating agencies covering it?,F_QuantAtmost
Which institutions hold at most 10 board members?,F_QuantAtmost
Which banks operate at most 500 employees?,F_QuantAtmost
Which institutions hold at most 2 ATMs?,F_QuantAtmost
Which institutions hold at most 10 ATMs?,F_QuantAtmost
Which institutions hold at most 5 overseas offices?,F_QuantAtmost
Which banks operate at most 2 branches?,F_QuantAtmost
Which banks operate at most 5000 board members?,F_QuantAtmost
Which institutions hold at most 25 subsidiaries?,F_QuantAtmost
Which banks operate at most 10 branches?,F_QuantAtmost
List banks running 5 or fewer employees.,F_QuantAtmost
Which institutions hold at most 25 branches?,F_QuantAtmost
Which banks operate at most 50 branches?,F_QuantAtmost
Which institutions hold at most 10 credit rating agencies covering it?,F_QuantAtmost
Which institutions hold at most 25 overseas offices?,F_QuantAtmost
List banks running 500 or fewer digital products.,F_QuantAtmost
Which banks operate at most 25 overseas offices?,F_QuantAtmost
Which banks operate at most 5 employees?,F_QuantAtmost
List banks running 3000 or fewer ATMs.,F_QuantAtmost
List banks running 500 or fewer board members.,F_QuantAtmost
Which banks operate at most 5000 digital products?,F_QuantAtmost
Which banks operate at most 3000 overseas offices?,F_QuantAtmost
Which institutions hold at most 10 subsidiaries?,F_QuantAtmost
Which institutions hold at most 500 digital products?,F_QuantAtmost
Which institutions hold at most 1000 board members?,F_QuantAtmost
List banks running 50 or fewer employees.,F_QuantAtmost
List banks running 3000 or fewer overseas offices.,F_QuantAtmost
Which institutions hold at most 3 employees?,F_QuantAtmost
Which banks operate at most 50 ATMs?,F_QuantAtmost
List banks running 5 or fewer board members.,F_QuantAtmost
Which institutions hold at most 100 subsidiaries?,F_QuantAtmost
Which banks operate at most 100 credit rating agencies covering it?,F_QuantAtmost
Which institutions hold at most 100 overseas offices?,F_QuantAtmost
List banks running 2 or fewer employees.,F_QuantAtmost
List banks running 50 or fewer credit rating agencies covering it.,F_QuantAtmost
Which banks operate at most 3 subsidiaries?,F_QuantAtmost
Which banks operate at most 100 ATMs?,F_QuantAtmost
List banks running 1000 or fewer overseas offices.,F_QuantAtmost
List banks running 50 or fewer digital products.,F_QuantAtmost
List banks running 50 or fewer ATMs.,F_QuantAtmost
Which institutions hold at most 500 overseas offices?,F_QuantAtmost
Which institutions hold at most 1000 digital products?,F_QuantAtmost
List banks running 500 or fewer overseas offices.,F_QuantAtmost
List banks running 500 or fewer credit rating agencies covering it.,F_QuantAtmost
List banks running 1000 or fewer subsidiaries.,F_QuantAtmost
Which banks operate at most 25 branches?,F_QuantAtmost
Which institutions hold at most 5 employees?,F_QuantAtmost
Which institutions hold at most 2 subsidiaries?,F_QuantAtmost
Which institutions hold at most 5000 ATMs?,F_QuantAtmost
Which institutions hold at most 1000 branches?,F_QuantAtmost
Which banks operate at most 1000 employees?,F_QuantAtmost
Which institutions hold at most 10 branches?,F_QuantAtmost
List banks running 5 or fewer subsidiaries.,F_QuantAtmost
Which institutions hold at most 5000 overseas offices?,F_QuantAtmost
Which institutions hold at most 5 branches?,F_QuantAtmost
Which banks operate at most 2 subsidiaries?,F_QuantAtmost
List banks running 2 or fewer board members.,F_QuantAtmost
Which institutions hold at most 10 digital products?,F_QuantAtmost
Which institutions hold at most 25 credit rating agencies covering it?,F_QuantAtmost
Which institutions hold at most 500 branches?,F_QuantAtmost
Which banks operate at most 2 overseas offices?,F_QuantAtmost
List banks running 5 or fewer credit rating agencies covering it.,F_QuantAtmost
List banks running 5000 or fewer overseas offices.,F_QuantAtmost
List banks running 2 or fewer credit rating agencies covering it.,F_QuantAtmost
Which institutions hold at most 50 subsidiaries?,F_QuantAtmost
List banks running 10 or fewer credit rating agencies covering it.,F_QuantAtmost
List banks running 50 or fewer branches.,F_QuantAtmost
List banks running 1000 or fewer digital products.,F_QuantAtmost
Which banks operate at most 5000 employees?,F_QuantAtmost
List banks running 25 or fewer board members.,F_QuantAtmost
List banks running 25 or fewer employees.,F_QuantAtmost
List banks running 25 or fewer overseas offices.,F_QuantAtmost
Which banks operate at most 3 credit rating agencies covering it?,F_QuantAtmost
Which institutions hold at most 3 subsidiaries?,F_QuantAtmost
List banks running 3000 or fewer credit rating agencies covering it.,F_QuantAtmost
Which banks operate at most 3000 board members?,F_QuantAtmost
List banks running 5000 or fewer branches.,F_QuantAtmost
List banks running 25 or fewer subsidiaries.,F_QuantAtmost
Which banks operate at most 3 branches?,F_QuantAtmost
List banks running 50 or fewer board members.,F_QuantAtmost
Which banks operate at most 3000 subsidiaries?,F_QuantAtmost
List banks running 500 or fewer subsidiaries.,F_QuantAtmost
List banks running 100 or fewer credit rating agencies covering it.,F_QuantAtmost
Which banks operate at most 500 overseas offices?,F_QuantAtmost
Which institutions hold at most 3000 digital products?,F_QuantAtmost
Which banks operate at most 50 employees?,F_QuantAtmost
List banks running 2 or fewer ATMs.,F_QuantAtmost
List banks running 10 or fewer digital products.,F_QuantAtmost
List banks running 3 or fewer credit rating agencies covering it.,F_QuantAtmost
Which institutions hold at most 25 employees?,F_QuantAtmost
List banks running 3 or fewer employees.,F_QuantAtmost
Which institutions hold at most 2 overseas offices?,F_QuantAtmost
Which banks operate at most 3000 ATMs?,F_QuantAtmost
Which banks operate at most 50 overseas offices?,F_QuantAtmost
List banks running 3000 or fewer branches.,F_QuantAtmost
Which banks operate at most 2 credit rating agencies covering it?,F_QuantAtmost
Which banks operate at most 25 digital products?,F_QuantAtmost
Which institutions hold at most 100 board members?,F_QuantAtmost
Which institutions hold at most 50 ATMs?,F_QuantAtmost
Which banks operate at most 3000 digital products?,F_QuantAtmost
List banks running 3 or fewer ATMs.,F_QuantAtmost
List banks running 10 or fewer branches.,F_QuantAtmost
Which banks operate at most 10 credit rating agencies covering it?,F_QuantAtmost
Which institutions hold at most 5 ATMs?,F_QuantAtmost
Which institutions hold at most 3 branches?,F_QuantAtmost
List banks running 100 or fewer ATMs.,F_QuantAtmost
Which banks operate at most 100 branches?,F_QuantAtmost
Which banks operate at most 3000 credit rating agencies covering it?,F_QuantAtmost
Which institutions hold at most 2 digital products?,F_QuantAtmost
Which banks operate at most 3 employees?,F_QuantAtmost
Which institutions hold at most 50 credit rating agencies covering it?,F_QuantAtmost
Which institutions hold at most 50 employees?,F_QuantAtmost
Which banks operate at most 50 credit rating agencies covering it?,F_QuantAtmost
Which banks operate at most 2 board members?,F_QuantAtmost
Which institutions hold at most 5 credit rating agencies covering it?,F_QuantAtmost
List banks running 1000 or fewer credit rating agencies covering it.,F_QuantAtmost
List banks running 5000 or fewer credit rating agencies covering it.,F_QuantAtmost
Which banks operate at most 5000 subsidiaries?,F_QuantAtmost
List banks running 1000 or fewer employees.,F_QuantAtmost
Which institutions hold at most 25 digital products?,F_QuantAtmost
List banks running 100 or fewer subsidiaries.,F_QuantAtmost
Which banks operate at most 5 digital products?,F_QuantAtmost
Which institutions hold at most 3000 subsidiaries?,F_QuantAtmost
Which institutions hold at most 3 overseas offices?,F_QuantAtmost
Which banks operate at most 1000 digital products?,F_QuantAtmost
Which banks operate at most 500 subsidiaries?,F_QuantAtmost
List banks running 2 or fewer overseas offices.,F_QuantAtmost
Which institutions hold at most 3000 employees?,F_QuantAtmost
Which banks operate at most 500 credit rating agencies covering it?,F_QuantAtmost
Which banks operate at most 10 board members?,F_QuantAtmost
List banks running 3 or fewer overseas offices.,F_QuantAtmost
Which banks operate at most 5 board members?,F_QuantAtmost
List banks running 25 or fewer branches.,F_QuantAtmost
Which institutions hold at most 3000 board members?,F_QuantAtmost
List banks running 25 or fewer digital products.,F_QuantAtmost
Which banks operate at most 10 ATMs?,F_QuantAtmost
List banks running 3 or fewer board members.,F_QuantAtmost
List banks running 3000 or fewer digital products.,F_QuantAtmost
Which banks operate at most 25 credit rating agencies covering it?,F_QuantAtmost
Which institutions hold at most 100 digital products?,F_QuantAtmost
List banks running 5 or fewer ATMs.,F_QuantAtmost
List banks running 10 or fewer employees.,F_QuantAtmost
List banks running 100 or fewer overseas offices.,F_QuantAtmost
Which institutions hold at most 3 ATMs?,F_QuantAtmost
Which institutions hold at most 25 ATMs?,F_QuantAtmost
Which banks operate at most 500 board members?,F_QuantAtmost
List banks running roughly 50 digital products.,F_QuantApprox
Which banks operate approximately 5 board members?,F_QuantApprox
List banks running roughly 5000 subsidiaries.,F_QuantApprox
Which banks operate approximately 10 digital products?,F_QuantApprox
Find banks with close to 5 employees.,F_QuantApprox
Find banks with close to 25 subsidiaries.,F_QuantApprox
Which banks operate approximately 25 subsidiaries?,F_QuantApprox
Which banks operate approximately 1000 board members?,F_QuantApprox
Find banks with close to 2 overseas offices.,F_QuantApprox
Which banks operate approximately 5000 board members?,F_QuantApprox
Which banks operate approximately 100 digital products?,F_QuantApprox
List banks running roughly 2 subsidiaries.,F_QuantApprox
List banks running roughly 25 board members.,F_QuantApprox
Find banks with close to 25 branches.,F_QuantApprox
Find banks with close to 2 credit rating agencies covering it.,F_QuantApprox
Which banks operate approximately 500 digital products?,F_QuantApprox
List banks running roughly 5 overseas offices.,F_QuantApprox
List banks running roughly 25 ATMs.,F_QuantApprox
Which banks operate approximately 3000 digital products?,F_QuantApprox
Which banks operate approximately 5000 subsidiaries?,F_QuantApprox
Which banks operate approximately 100 credit rating agencies covering it?,F_QuantApprox
Which banks operate approximately 2 subsidiaries?,F_QuantApprox
List banks running roughly 3000 board members.,F_QuantApprox
Name the lenders with around 5 employees.,F_QuantApprox
Which banks operate approximately 10 branches?,F_QuantApprox
List banks running roughly 3 ATMs.,F_QuantApprox
Name the lenders with around 10 ATMs.,F_QuantApprox
Find banks with close to 100 credit rating agencies covering it.,F_QuantApprox
Which banks operate approximately 500 employees?,F_QuantApprox
Which banks operate approximately 2 board members?,F_QuantApprox
Name the lenders with around 500 digital products.,F_QuantApprox
Name the lenders with around 5000 board members.,F_QuantApprox
Name the lenders with around 100 subsidiaries.,F_QuantApprox
List banks running roughly 50 credit rating agencies covering it.,F_QuantApprox
List banks running roughly 100 credit rating agencies covering it.,F_QuantApprox
Find banks with close to 500 subsidiaries.,F_QuantApprox
List banks running roughly 25 employees.,F_QuantApprox
Find banks with close to 500 branches.,F_QuantApprox
List banks running roughly 5000 digital products.,F_QuantApprox
Which banks operate approximately 5000 digital products?,F_QuantApprox
Name the lenders with around 10 employees.,F_QuantApprox
Name the lenders with around 3000 overseas offices.,F_QuantApprox
Name the lenders with around 1000 employees.,F_QuantApprox
Which banks operate approximately 3 credit rating agencies covering it?,F_QuantApprox
Which banks operate approximately 3 subsidiaries?,F_QuantApprox
Name the lenders with around 5 branches.,F_QuantApprox
Find banks with close to 10 overseas offices.,F_QuantApprox
List banks running roughly 5000 branches.,F_QuantApprox
Find banks with close to 50 board members.,F_QuantApprox
Name the lenders with around 500 ATMs.,F_QuantApprox
Find banks with close to 1000 board members.,F_QuantApprox
List banks running roughly 3 digital products.,F_QuantApprox
Which banks operate approximately 3000 branches?,F_QuantApprox
List banks running roughly 3 branches.,F_QuantApprox
Name the lenders with around 50 digital products.,F_QuantApprox
Which banks operate approximately 25 ATMs?,F_QuantApprox
Find banks with close to 100 overseas offices.,F_QuantApprox
Find banks with close to 3000 credit rating agencies covering it.,F_QuantApprox
List banks running roughly 1000 employees.,F_QuantApprox
Name the lenders with around 25 board members.,F_QuantApprox
Find banks with close to 2 subsidiaries.,F_QuantApprox
Name the lenders with around 100 overseas offices.,F_QuantApprox
List banks running roughly 10 credit rating agencies covering it.,F_QuantApprox
Name the lenders with around 5 digital products.,F_QuantApprox
Find banks with close to 5000 employees.,F_QuantApprox
List banks running roughly 10 subsidiaries.,F_QuantApprox
Find banks with close to 5000 credit rating agencies covering it.,F_QuantApprox
Which banks operate approximately 1000 overseas offices?,F_QuantApprox
Name the lenders with around 100 employees.,F_QuantApprox
Find banks with close to 2 branches.,F_QuantApprox
List banks running roughly 10 branches.,F_QuantApprox
Which banks operate approximately 500 branches?,F_QuantApprox
Name the lenders with around 10 branches.,F_QuantApprox
Which banks operate approximately 3 board members?,F_QuantApprox
List banks running roughly 50 branches.,F_QuantApprox
Name the lenders with around 10 subsidiaries.,F_QuantApprox
Name the lenders with around 1000 digital products.,F_QuantApprox
Which banks operate approximately 5000 branches?,F_QuantApprox
Which banks operate approximately 2 branches?,F_QuantApprox
Find banks with close to 25 credit rating agencies covering it.,F_QuantApprox
Name the lenders with around 3 branches.,F_QuantApprox
List banks running roughly 25 credit rating agencies covering it.,F_QuantApprox
List banks running roughly 3000 overseas offices.,F_QuantApprox
Name the lenders with around 50 credit rating agencies covering it.,F_QuantApprox
Which banks operate approximately 50 subsidiaries?,F_QuantApprox
Find banks with close to 50 subsidiaries.,F_QuantApprox
Find banks with close to 100 board members.,F_QuantApprox
Find banks with close to 25 overseas offices.,F_QuantApprox
List banks running roughly 25 branches.,F_QuantApprox
List banks running roughly 25 digital products.,F_QuantApprox
Find banks with close to 500 employees.,F_QuantApprox
List banks running roughly 5000 credit rating agencies covering it.,F_QuantApprox
Name the lenders with around 2 board members.,F_QuantApprox
Find banks with close to 3 board members.,F_QuantApprox
List banks running roughly 1000 subsidiaries.,F_QuantApprox
List banks running roughly 3 employees.,F_QuantApprox
Which banks operate approximately 100 subsidiaries?,F_QuantApprox
Which banks operate approximately 3000 subsidiaries?,F_QuantApprox
List banks running roughly 500 overseas offices.,F_QuantApprox
Which banks operate approximately 3 employees?,F_QuantApprox
List banks running roughly 1000 ATMs.,F_QuantApprox
List banks running roughly 100 digital products.,F_QuantApprox
Find banks with close to 500 credit rating agencies covering it.,F_QuantApprox
Which banks operate approximately 25 board members?,F_QuantApprox
List banks running roughly 1000 overseas offices.,F_QuantApprox
Name the lenders with around 3 credit rating agencies covering it.,F_QuantApprox
Which banks operate approximately 5000 overseas offices?,F_QuantApprox
Find banks with close to 3 digital products.,F_QuantApprox
Which banks operate approximately 1000 digital products?,F_QuantApprox
Name the lenders with around 50 overseas offices.,F_QuantApprox
Which banks operate approximately 100 branches?,F_QuantApprox
Which banks operate approximately 50 branches?,F_QuantApprox
List banks running roughly 5000 overseas offices.,F_QuantApprox
List banks running roughly 100 employees.,F_QuantApprox
List banks running roughly 3000 subsidiaries.,F_QuantApprox
List banks running roughly 5 ATMs.,F_QuantApprox
Find banks with close to 50 branches.,F_QuantApprox
Find banks with close to 3 subsidiaries.,F_QuantApprox
Name the lenders with around 50 ATMs.,F_QuantApprox
Find banks with close to 100 digital products.,F_QuantApprox
Name the lenders with around 500 branches.,F_QuantApprox
List banks running roughly 3000 ATMs.,F_QuantApprox
List banks running roughly 10 employees.,F_QuantApprox
Find banks with close to 1000 ATMs.,F_QuantApprox
List banks running roughly 25 overseas offices.,F_QuantApprox
List banks running roughly 3000 digital products.,F_QuantApprox
List banks running roughly 5 credit rating agencies covering it.,F_QuantApprox
List banks running roughly 1000 board members.,F_QuantApprox
Which banks operate approximately 10 ATMs?,F_QuantApprox
Find banks with close to 5000 branches.,F_QuantApprox
List banks running roughly 50 ATMs.,F_QuantApprox
Find banks with close to 5000 ATMs.,F_QuantApprox
Name the lenders with around 5 ATMs.,F_QuantApprox
Name the lenders with around 5000 employees.,F_QuantApprox
List banks running roughly 10 digital products.,F_QuantApprox
Name the lenders with around 500 overseas offices.,F_QuantApprox
List banks running roughly 3 overseas offices.,F_QuantApprox
Name the lenders with around 5 credit rating agencies covering it.,F_QuantApprox
Find banks with close to 10 employees.,F_QuantApprox
Find banks with close to 3000 ATMs.,F_QuantApprox
Name the lenders with around 500 employees.,F_QuantApprox
Find banks with close to 500 digital products.,F_QuantApprox
List banks running roughly 500 ATMs.,F_QuantApprox
List banks running roughly 2 digital products.,F_QuantApprox
List banks running roughly 1000 credit rating agencies covering it.,F_QuantApprox
List banks running roughly 3000 branches.,F_QuantApprox
Which banks operate approximately 5 digital products?,F_QuantApprox
Which banks operate approximately 3 digital products?,F_QuantApprox
Find banks with close to 25 digital products.,F_QuantApprox
Which banks operate approximately 10 board members?,F_QuantApprox
Find banks with close to 50 ATMs.,F_QuantApprox
Which banks operate approximately 50 ATMs?,F_QuantApprox
Which banks operate approximately 5 branches?,F_QuantApprox
Which banks operate approximately 3000 credit rating agencies covering it?,F_QuantApprox
Find banks with close to 100 employees.,F_QuantApprox
List banks running roughly 2 employees.,F_QuantApprox
Find banks with close to 50 credit rating agencies covering it.,F_QuantApprox
Find banks with close to 25 board members.,F_QuantApprox
Find banks with close to 100 branches.,F_QuantApprox
Find banks with close to 50 employees.,F_QuantApprox
List banks running roughly 2 overseas offices.,F_QuantApprox
List banks running roughly 5 branches.,F_QuantApprox
Find banks with close to 5 subsidiaries.,F_QuantApprox
Which banks operate approximately 5 credit rating agencies covering it?,F_QuantApprox
Name the lenders with around 5000 ATMs.,F_QuantApprox
Name the lenders with around 1000 subsidiaries.,F_QuantApprox
List banks running roughly 50 employees.,F_QuantApprox
Name the lenders with around 2 ATMs.,F_QuantApprox
List banks running roughly 10 board members.,F_QuantApprox
Name the lenders with around 1000 board members.,F_QuantApprox
Name the lenders with around 100 board members.,F_QuantApprox
Which banks operate approximately 10 employees?,F_QuantApprox
Find banks with close to 500 overseas offices.,F_QuantApprox
Name the lenders with around 5000 branches.,F_QuantApprox
List banks running roughly 10 overseas offices.,F_QuantApprox
List banks running roughly 500 employees.,F_QuantApprox
Name the lenders with around 100 branches.,F_QuantApprox
Which banks operate approximately 1000 branches?,F_QuantApprox
Which banks operate approximately 3000 board members?,F_QuantApprox
Find banks with close to 500 board members.,F_QuantApprox
List banks running roughly 3 board members.,F_QuantApprox
Which banks operate approximately 25 employees?,F_QuantApprox
Find banks with close to 50 overseas offices.,F_QuantApprox
Which banks operate approximately 100 employees?,F_QuantApprox
List banks running roughly 50 subsidiaries.,F_QuantApprox
Name the lenders with around 5000 overseas offices.,F_QuantApprox
Find banks with close to 5000 overseas offices.,F_QuantApprox
Which banks operate approximately 2 overseas offices?,F_QuantApprox
Name the lenders with around 2 digital products.,F_QuantApprox
Find banks with close to 3000 digital products.,F_QuantApprox
Which banks operate approximately 25 branches?,F_QuantApprox
Find banks with close to 3 ATMs.,F_QuantApprox
Find banks with close to 3 branches.,F_QuantApprox
Name the lenders with around 25 branches.,F_QuantApprox
Which banks operate approximately 5000 credit rating agencies covering it?,F_QuantApprox
List banks running roughly 10 ATMs.,F_QuantApprox
Name the lenders with around 2 credit rating agencies covering it.,F_QuantApprox
Find banks with close to 10 credit rating agencies covering it.,F_QuantApprox
List banks running roughly 500 digital products.,F_QuantApprox
Find banks with close to 5 board members.,F_QuantApprox
"Which institutions hold 100 ATMs, no more and no fewer?",F_QuantEqual
List banks running exactly 10 credit rating agencies covering it.,F_QuantEqual
List banks running exactly 100 subsidiaries.,F_QuantEqual
"Which institutions hold 500 overseas offices, no more and no fewer?",F_QuantEqual
Find banks with a count of 3000 branches exactly.,F_QuantEqual
"Which institutions hold 50 board members, no more and no fewer?",F_QuantEqual
"Which institutions hold 500 digital products, no more and no fewer?",F_QuantEqual
Which banks operate exactly 100 digital products?,F_QuantEqual
Find banks with a count of 25 credit rating agencies covering it exactly.,F_QuantEqual
"Which institutions hold 50 digital products, no more and no fewer?",F_QuantEqual
"Which institutions hold 5000 credit rating agencies covering it, no more and no fewer?",F_QuantEqual
"Which institutions hold 2 ATMs, no more and no fewer?",F_QuantEqual
Which banks operate exactly 100 subsidiaries?,F_QuantEqual
Find banks with a count of 5000 subsidiaries exactly.,F_QuantEqual
"Which institutions hold 5000 employees, no more and no fewer?",F_QuantEqual
Find banks with a count of 100 digital products exactly.,F_QuantEqual
Which banks operate exactly 3000 subsidiaries?,F_QuantEqual
Which banks operate exactly 1000 digital products?,F_QuantEqual
Which banks operate exactly 1000 ATMs?,F_QuantEqual
"Which institutions hold 1000 digital products, no more and no fewer?",F_QuantEqual
"Which institutions hold 5 board members, no more and no fewer?",F_QuantEqual
Which banks operate exactly 500 subsidiaries?,F_QuantEqual
Find banks with a count of 2 overseas offices exactly.,F_QuantEqual
"Which institutions hold 100 branches, no more and no fewer?",F_QuantEqual
List banks running exactly 100 digital products.,F_QuantEqual
Find banks with a count of 25 board members exactly.,F_QuantEqual
List banks running exactly 1000 overseas offices.,F_QuantEqual
Which banks operate exactly 3000 credit rating agencies covering it?,F_QuantEqual
List banks running exactly 5000 overseas offices.,F_QuantEqual
"Which institutions hold 3000 credit rating agencies covering it, no more and no fewer?",F_QuantEqual
List banks running exactly 5 subsidiaries.,F_QuantEqual
Which banks operate exactly 50 branches?,F_QuantEqual
Find banks with a count of 500 subsidiaries exactly.,F_QuantEqual
"Which institutions hold 100 employees, no more and no fewer?",F_QuantEqual
Which banks operate exactly 100 credit rating agencies covering it?,F_QuantEqual
"Which institutions hold 2 overseas offices, no more and no fewer?",F_QuantEqual
"Which institutions hold 50 subsidiaries, no more and no fewer?",F_QuantEqual
"Which institutions hold 2 subsidiaries, no more and no fewer?",F_QuantEqual
Find banks with a count of 3000 board members exactly.,F_QuantEqual
Which banks operate exactly 3 ATMs?,F_QuantEqual
Find banks with a count of 2 ATMs exactly.,F_QuantEqual
"Which institutions hold 1000 ATMs, no more and no fewer?",F_QuantEqual
Which banks operate exactly 500 digital products?,F_QuantEqual
Which banks operate exactly 25 subsidiaries?,F_QuantEqual
Which banks operate exactly 10 board members?,F_QuantEqual
"Which institutions hold 3000 ATMs, no more and no fewer?",F_QuantEqual
Which banks operate exactly 5000 overseas offices?,F_QuantEqual
Find banks with a count of 500 board members exactly.,F_QuantEqual
Find banks with a count of 25 employees exactly.,F_QuantEqual
"Which institutions hold 10 employees, no more and no fewer?",F_QuantEqual
Find banks with a count of 2 subsidiaries exactly.,F_QuantEqual
Find banks with a count of 5000 credit rating agencies covering it exactly.,F_QuantEqual
Which banks operate exactly 50 digital products?,F_QuantEqual
"Which institutions hold 10 branches, no more and no fewer?",F_QuantEqual
List banks running exactly 5 overseas offices.,F_QuantEqual
Find banks with a count of 2 employees exactly.,F_QuantEqual
List banks running exactly 3 board members.,F_QuantEqual
"Which institutions hold 2 digital products, no more and no fewer?",F_QuantEqual
Which banks operate exactly 500 credit rating agencies covering it?,F_QuantEqual
List banks running exactly 500 subsidiaries.,F_QuantEqual
"Which institutions hold 3 employees, no more and no fewer?",F_QuantEqual
List banks running exactly 25 credit rating agencies covering it.,F_QuantEqual
Find banks with a count of 1000 board members exactly.,F_QuantEqual
"Which institutions hold 2 credit rating agencies covering it, no more and no fewer?",F_QuantEqual
Which banks operate exactly 2 overseas offices?,F_QuantEqual
Which banks operate exactly 1000 subsidiaries?,F_QuantEqual
Find banks with a count of 25 subsidiaries exactly.,F_QuantEqual
Find banks with a count of 3000 overseas offices exactly.,F_QuantEqual
List banks running exactly 100 credit rating agencies covering it.,F_QuantEqual
"Which institutions hold 3000 employees, no more and no fewer?",F_QuantEqual
Which banks operate exactly 10 ATMs?,F_QuantEqual
Find banks with a count of 3000 ATMs exactly.,F_QuantEqual
"Which institutions hold 50 branches, no more and no fewer?",F_QuantEqual
Which banks operate exactly 3 digital products?,F_QuantEqual
Find banks with a count of 5 digital products exactly.,F_QuantEqual
List banks running exactly 3 subsidiaries.,F_QuantEqual
Find banks with a count of 3000 employees exactly.,F_QuantEqual
Find banks with a count of 100 employees exactly.,F_QuantEqual
List banks running exactly 500 ATMs.,F_QuantEqual
Find banks with a count of 50 branches exactly.,F_QuantEqual
Which banks operate exactly 25 branches?,F_QuantEqual
Find banks with a count of 50 credit rating agencies covering it exactly.,F_QuantEqual
List banks running exactly 50 digital products.,F_QuantEqual
"Which institutions hold 5 branches, no more and no fewer?",F_QuantEqual
Find banks with a count of 2 credit rating agencies covering it exactly.,F_QuantEqual
List banks running exactly 3 digital products.,F_QuantEqual
Find banks with a count of 3 ATMs exactly.,F_QuantEqual
"Which institutions hold 3 branches, no more and no fewer?",F_QuantEqual
Find banks with a count of 3000 digital products exactly.,F_QuantEqual
"Which institutions hold 1000 overseas offices, no more and no fewer?",F_QuantEqual
List banks running exactly 10 board members.,F_QuantEqual
"Which institutions hold 10 subsidiaries, no more and no fewer?",F_QuantEqual
Find banks with a count of 10 subsidiaries exactly.,F_QuantEqual
List banks running exactly 500 employees.,F_QuantEqual
Find banks with a count of 50 ATMs exactly.,F_QuantEqual
"Which institutions hold 25 branches, no more and no fewer?",F_QuantEqual
Find banks with a count of 100 subsidiaries exactly.,F_QuantEqual
"Which institutions hold 5 employees, no more and no fewer?",F_QuantEqual
"Which institutions hold 3 subsidiaries, no more and no fewer?",F_QuantEqual
Which banks operate exactly 10 employees?,F_QuantEqual
Which banks operate exactly 5 credit rating agencies covering it?,F_QuantEqual
Find banks with a count of 50 subsidiaries exactly.,F_QuantEqual
"Which institutions hold 2 branches, no more and no fewer?",F_QuantEqual
Which banks operate exactly 2 employees?,F_QuantEqual
List banks running exactly 25 overseas offices.,F_QuantEqual
Find banks with a count of 10 digital products exactly.,F_QuantEqual
Find banks with a count of 3 credit rating agencies covering it exactly.,F_QuantEqual
Find banks with a count of 2 board members exactly.,F_QuantEqual
List banks running exactly 10 subsidiaries.,F_QuantEqual
List banks running exactly 10 digital products.,F_QuantEqual
"Which institutions hold 3 digital products, no more and no fewer?",F_QuantEqual
Which banks operate exactly 5 employees?,F_QuantEqual
Find banks with a count of 500 digital products exactly.,F_QuantEqual
Find banks with a count of 5000 board members exactly.,F_QuantEqual
List banks running exactly 500 branches.,F_QuantEqual
List banks running exactly 10 employees.,F_QuantEqual
Find banks with a count of 1000 ATMs exactly.,F_QuantEqual
List banks running exactly 100 overseas offices.,F_QuantEqual
List banks running exactly 100 employees.,F_QuantEqual
"Which institutions hold 25 overseas offices, no more and no fewer?",F_QuantEqual
Find banks with a count of 1000 credit rating agencies covering it exactly.,F_QuantEqual
"Which institutions hold 50 employees, no more and no fewer?",F_QuantEqual
List banks running exactly 50 subsidiaries.,F_QuantEqual
"Which institutions hold 3 ATMs, no more and no fewer?",F_QuantEqual
"Which institutions hold 5 ATMs, no more and no fewer?",F_QuantEqual
Which banks operate exactly 25 digital products?,F_QuantEqual
Find banks with a count of 10 overseas offices exactly.,F_QuantEqual
"Which institutions hold 10 digital products, no more and no fewer?",F_QuantEqual
Find banks with a count of 3 board members exactly.,F_QuantEqual
"Which institutions hold 3 board members, no more and no fewer?",F_QuantEqual
List banks running exactly 2 credit rating agencies covering it.,F_QuantEqual
"Which institutions hold 25 ATMs, no more and no fewer?",F_QuantEqual
List banks running exactly 3 overseas offices.,F_QuantEqual
"Which institutions hold 5 subsidiaries, no more and no fewer?",F_QuantEqual
List banks running exactly 1000 branches.,F_QuantEqual
Which banks operate exactly 1000 credit rating agencies covering it?,F_QuantEqual
List banks running exactly 1000 subsidiaries.,F_QuantEqual
Find banks with a count of 5 ATMs exactly.,F_QuantEqual
Find banks with a count of 3 overseas offices exactly.,F_QuantEqual
"Which institutions hold 500 subsidiaries, no more and no fewer?",F_QuantEqual
List banks running exactly 100 branches.,F_QuantEqual
"Which institutions hold 3000 subsidiaries, no more and no fewer?",F_QuantEqual
List banks running exactly 2 ATMs.,F_QuantEqual
List banks running exactly 25 employees.,F_QuantEqual
List banks running exactly 5000 board members.,F_QuantEqual
Which banks operate exactly 5 board members?,F_QuantEqual
"Which institutions hold 5000 overseas offices, no more and no fewer?",F_QuantEqual
"Which institutions hold 3000 overseas offices, no more and no fewer?",F_QuantEqual
Find banks with a count of 1000 branches exactly.,F_QuantEqual
Which banks operate exactly 25 ATMs?,F_QuantEqual
Find banks with a count of 500 overseas offices exactly.,F_QuantEqual
List banks running exactly 50 credit rating agencies covering it.,F_QuantEqual
List banks running exactly 25 digital products.,F_QuantEqual
"Which institutions hold 1000 employees, no more and no fewer?",F_QuantEqual
List banks running exactly 100 board members.,F_QuantEqual
Find banks with a count of 5 credit rating agencies covering it exactly.,F_QuantEqual
Which banks operate exactly 100 overseas offices?,F_QuantEqual
List banks running exactly 50 employees.,F_QuantEqual
Which banks operate exactly 3 board members?,F_QuantEqual
"Which institutions hold 500 ATMs, no more and no fewer?",F_QuantEqual
"Which institutions hold 50 ATMs, no more and no fewer?",F_QuantEqual
Which banks operate exactly 3 credit rating agencies covering it?,F_QuantEqual
Which banks operate exactly 50 ATMs?,F_QuantEqual
Find banks with a count of 100 branches exactly.,F_QuantEqual
List banks running exactly 25 board members.,F_QuantEqual
Which banks operate exactly 10 digital products?,F_QuantEqual
Which banks operate exactly 500 branches?,F_QuantEqual
"Which institutions hold 25 board members, no more and no fewer?",F_QuantEqual
"Which institutions hold 25 subsidiaries, no more and no fewer?",F_QuantEqual
Find banks with a count of 10 branches exactly.,F_QuantEqual
List banks running exactly 25 subsidiaries.,F_QuantEqual
Find banks with a count of 10 employees exactly.,F_QuantEqual
Which banks operate exactly 500 overseas offices?,F_QuantEqual
Find banks with a count of 3 branches exactly.,F_QuantEqual
Find banks with a count of 5000 employees exactly.,F_QuantEqual
List banks running exactly 5 ATMs.,F_QuantEqual
List banks running exactly 5 credit rating agencies covering it.,F_QuantEqual
Find banks with a count of 5 board members exactly.,F_QuantEqual
"Which institutions hold 2 board members, no more and no fewer?",F_QuantEqual
List banks running exactly 5 employees.,F_QuantEqual
Which banks operate exactly 3000 overseas offices?,F_QuantEqual
List banks running exactly 5 digital products.,F_QuantEqual
Which banks operate exactly 3000 board members?,F_QuantEqual
Which banks operate exactly 5 subsidiaries?,F_QuantEqual
List banks running exactly 3000 ATMs.,F_QuantEqual
"Which institutions hold 5000 subsidiaries, no more and no fewer?",F_QuantEqual
Which banks operate exactly 5000 branches?,F_QuantEqual
"Which institutions hold 25 credit rating agencies covering it, no more and no fewer?",F_QuantEqual
Find banks with a count of 50 overseas offices exactly.,F_QuantEqual
"Which institutions hold 500 board members, no more and no fewer?",F_QuantEqual
List banks running exactly 1000 credit rating agencies covering it.,F_QuantEqual
Find banks with a count of 5000 overseas offices exactly.,F_QuantEqual
List banks running exactly 100 ATMs.,F_QuantEqual
"Which institutions hold 50 credit rating agencies covering it, no more and no fewer?",F_QuantEqual
Which banks operate exactly 100 board members?,F_QuantEqual
Find banks with a count of 50 employees exactly.,F_QuantEqual
List banks running exactly 3 credit rating agencies covering it.,F_QuantEqual
Which banks operate exactly 1000 branches?,F_QuantEqual
List banks running exactly 1000 digital products.,F_QuantEqual
List banks running exactly 500 overseas offices.,F_QuantEqual
Which bank maximises credit-deposit ratio?,F_QuantMax
Name the lender with the largest total deposits.,F_QuantMax
Which bank maximises net interest margin?,F_QuantMax
Name the lender with the largest earnings per share.,F_QuantMax
Which bank operates the maximum number of credit rating agencies covering it?,F_QuantMax
Identify the bank with the highest net NPA ratio.,F_QuantMax
Point me to the institution leading on gross NPA ratio.,F_QuantMax
Which institution tops the table on net NPA ratio?,F_QuantMax
Name the lender with the largest operating profit.,F_QuantMax
Which institution tops the table on gross NPA ratio?,F_QuantMax
Identify the bank with the highest earnings per share.,F_QuantMax
Which bank maximises net profit?,F_QuantMax
What bank holds the most subsidiaries?,F_QuantMax
Which institution tops the table on CET1 ratio?,F_QuantMax
Point me to the institution leading on net NPA ratio.,F_QuantMax
Point me to the institution leading on slippage ratio.,F_QuantMax
What bank holds the most employees?,F_QuantMax
Which institution tops the table on earnings per share?,F_QuantMax
Name the lender with the largest CASA ratio.,F_QuantMax
Which bank maximises return on equity?,F_QuantMax
Which bank operates the maximum number of ATMs?,F_QuantMax
Which bank operates the maximum number of overseas offices?,F_QuantMax
Point me to the institution leading on net interest margin.,F_QuantMax
Which bank maximises cost-to-income ratio?,F_QuantMax
Point me to the institution leading on earnings per share.,F_QuantMax
Identify the bank with the highest gross NPA ratio.,F_QuantMax
What bank holds the most credit rating agencies covering it?,F_QuantMax
Name the lender with the largest capital adequacy ratio.,F_QuantMax
Which institution tops the table on return on equity?,F_QuantMax
Identify the bank with the highest slippage ratio.,F_QuantMax
Name the lender with the largest CET1 ratio.,F_QuantMax
What bank holds the most overseas offices?,F_QuantMax
Identify the bank with the highest cost-to-income ratio.,F_QuantMax
Which bank maximises CASA ratio?,F_QuantMax
Name the lender with the largest net profit.,F_QuantMax
Name the lender with the largest provision coverage ratio.,F_QuantMax
Which bank operates the maximum number of digital products?,F_QuantMax
Which bank maximises net NPA ratio?,F_QuantMax
Identify the bank with the highest net interest margin.,F_QuantMax
Which bank operates the maximum number of subsidiaries?,F_QuantMax
Which institution tops the table on return on assets?,F_QuantMax
Point me to the institution leading on book value per share.,F_QuantMax
Point me to the institution leading on total deposits.,F_QuantMax
Which bank operates the maximum number of employees?,F_QuantMax
Which bank maximises CET1 ratio?,F_QuantMax
Which bank maximises operating profit?,F_QuantMax
What bank holds the most digital products?,F_QuantMax
Which bank operates the maximum number of branches?,F_QuantMax
Name the lender with the largest return on assets.,F_QuantMax
Name the lender with the largest net interest margin.,F_QuantMax
Name the lender with the largest slippage ratio.,F_QuantMax
Identify the bank with the highest provision coverage ratio.,F_QuantMax
What bank holds the most branches?,F_QuantMax
Which institution tops the table on slippage ratio?,F_QuantMax
Which institution tops the table on net profit?,F_QuantMax
Which bank maximises total deposits?,F_QuantMax
Which bank operates the maximum number of board members?,F_QuantMax
Which institution tops the table on total advances?,F_QuantMax
Name the lender with the largest total advances.,F_QuantMax
Point me to the institution leading on capital adequacy ratio.,F_QuantMax
Identify the bank with the highest CASA ratio.,F_QuantMax
Identify the bank with the highest return on assets.,F_QuantMax
Which bank maximises capital adequacy ratio?,F_QuantMax
Which bank maximises book value per share?,F_QuantMax
Which bank maximises total advances?,F_QuantMax
Identify the bank with the highest credit-deposit ratio.,F_QuantMax
Point me to the institution leading on return on equity.,F_QuantMax
Name the lender with the largest book value per share.,F_QuantMax
Which institution tops the table on capital adequacy ratio?,F_QuantMax
Point me to the institution leading on cost-to-income ratio.,F_QuantMax
What bank holds the most board members?,F_QuantMax
What bank holds the most ATMs?,F_QuantMax
Name the lender with the largest gross NPA ratio.,F_QuantMax
Identify the bank with the highest return on equity.,F_QuantMax
Which bank maximises return on assets?,F_QuantMax
Name the lender with the largest credit-deposit ratio.,F_QuantMax
Which institution tops the table on provision coverage ratio?,F_QuantMax
Point me to the institution leading on net profit.,F_QuantMax
Which bank maximises provision coverage ratio?,F_QuantMax
Point me to the institution leading on CASA ratio.,F_QuantMax
Which institution tops the table on credit-deposit ratio?,F_QuantMax
Point me to the institution leading on credit-deposit ratio.,F_QuantMax
Point me to the institution leading on provision coverage ratio.,F_QuantMax
Which bank maximises earnings per share?,F_QuantMax
Point me to the institution leading on CET1 ratio.,F_QuantMax
Identify the bank with the highest total deposits.,F_QuantMax
Identify the bank with the highest total advances.,F_QuantMax
Identify the bank with the highest book value per share.,F_QuantMax
Name the lender with the largest net NPA ratio.,F_QuantMax
Which bank maximises slippage ratio?,F_QuantMax
Name the lender with the largest return on equity.,F_QuantMax
Which institution tops the table on book value per share?,F_QuantMax
Which bank maximises gross NPA ratio?,F_QuantMax
Point me to the institution leading on operating profit.,F_QuantMax
Identify the bank with the highest CET1 ratio.,F_QuantMax
Which institution tops the table on operating profit?,F_QuantMax
Which institution tops the table on cost-to-income ratio?,F_QuantMax
Which institution tops the table on CASA ratio?,F_QuantMax
Name the lender with the largest cost-to-income ratio.,F_QuantMax
Identify the bank with the highest capital adequacy ratio.,F_QuantMax
Identify the bank with the highest net profit.,F_QuantMax
Which institution tops the table on total deposits?,F_QuantMax
Which institution tops the table on net interest margin?,F_QuantMax
Point me to the institution leading on return on assets.,F_QuantMax
Point me to the institution leading on total advances.,F_QuantMax
Identify the bank with the highest operating profit.,F_QuantMax
Which bank operates the minimum number of overseas offices?,F_QuantMin
Who runs the fewest digital products?,F_QuantMin
Identify the bank with the lowest cost-to-income ratio.,F_QuantMin
Identify the bank with the lowest return on equity.,F_QuantMin
Who runs the fewest board members?,F_QuantMin
Point me to the institution lagging on cost-to-income ratio.,F_QuantMin
Identify the bank with the lowest credit-deposit ratio.,F_QuantMin
Which bank minimises return on equity?,F_QuantMin
Who runs the fewest branches?,F_QuantMin
Which bank operates the minimum number of employees?,F_QuantMin
Who runs the fewest employees?,F_QuantMin
Which bank operates the minimum number of branches?,F_QuantMin
Which bank minimises net interest margin?,F_QuantMin
Point me to the institution lagging on operating profit.,F_QuantMin
Name the lender with the smallest CET1 ratio.,F_QuantMin
Point me to the institution lagging on earnings per share.,F_QuantMin
Which bank operates the minimum number of ATMs?,F_QuantMin
Name the lender with the smallest net profit.,F_QuantMin
Name the lender with the smallest CASA ratio.,F_QuantMin
Name the lender with the smallest capital adequacy ratio.,F_QuantMin
Identify the bank with the lowest CET1 ratio.,F_QuantMin
Name the lender with the smallest operating profit.,F_QuantMin
Which bank minimises cost-to-income ratio?,F_QuantMin
Which bank minimises operating profit?,F_QuantMin
Which lender reports the floor CET1 ratio?,F_QuantMin
Name the lender with the smallest gross NPA ratio.,F_QuantMin
Name the lender with the smallest slippage ratio.,F_QuantMin
Which lender reports the floor cost-to-income ratio?,F_QuantMin
Name the lender with the smallest net interest margin.,F_QuantMin
Point me to the institution lagging on return on assets.,F_QuantMin
Point me to the institution lagging on provision coverage ratio.,F_QuantMin
Which bank minimises gross NPA ratio?,F_QuantMin
Identify the bank with the lowest book value per share.,F_QuantMin
Who runs the fewest subsidiaries?,F_QuantMin
Identify the bank with the lowest total advances.,F_QuantMin
Which bank operates the minimum number of board members?,F_QuantMin
Which lender reports the floor return on assets?,F_QuantMin
Identify the bank with the lowest provision coverage ratio.,F_QuantMin
Which lender reports the floor provision coverage ratio?,F_QuantMin
Which bank operates the minimum number of subsidiaries?,F_QuantMin
Identify the bank with the lowest gross NPA ratio.,F_QuantMin
Identify the bank with the lowest return on assets.,F_QuantMin
Which lender reports the floor net profit?,F_QuantMin
Point me to the institution lagging on net NPA ratio.,F_QuantMin
Which lender reports the floor net interest margin?,F_QuantMin
Point me to the institution lagging on return on equity.,F_QuantMin
Identify the bank with the lowest net interest margin.,F_QuantMin
Name the lender with the smallest credit-deposit ratio.,F_QuantMin
Point me to the institution lagging on credit-deposit ratio.,F_QuantMin
Point me to the institution lagging on gross NPA ratio.,F_QuantMin
Which lender reports the floor capital adequacy ratio?,F_QuantMin
Point me to the institution lagging on capital adequacy ratio.,F_QuantMin
Which bank minimises slippage ratio?,F_QuantMin
Name the lender with the smallest total advances.,F_QuantMin
Point me to the institution lagging on book value per share.,F_QuantMin
Who runs the fewest credit rating agencies covering it?,F_QuantMin
Who runs the fewest ATMs?,F_QuantMin
Which lender reports the floor return on equity?,F_QuantMin
Name the lender with the smallest total deposits.,F_QuantMin
Which bank minimises CASA ratio?,F_QuantMin
Which lender reports the floor CASA ratio?,F_QuantMin
Point me to the institution lagging on CASA ratio.,F_QuantMin
Which bank minimises capital adequacy ratio?,F_QuantMin
Which bank minimises net NPA ratio?,F_QuantMin
Identify the bank with the lowest slippage ratio.,F_QuantMin
Point me to the institution lagging on CET1 ratio.,F_QuantMin
Identify the bank with the lowest net profit.,F_QuantMin
Identify the bank with the lowest CASA ratio.,F_QuantMin
Identify the bank with the lowest operating profit.,F_QuantMin
Point me to the institution lagging on slippage ratio.,F_QuantMin
Identify the bank with the lowest net NPA ratio.,F_QuantMin
Name the lender with the smallest return on assets.,F_QuantMin
Which lender reports the floor book value per share?,F_QuantMin
Which lender reports the floor total advances?,F_QuantMin
Point me to the institution lagging on net profit.,F_QuantMin
Which lender reports the floor credit-deposit ratio?,F_QuantMin
Point me to the institution lagging on total deposits.,F_QuantMin
Which lender reports the floor gross NPA ratio?,F_QuantMin
Name the lender with the smallest provision coverage ratio.,F_QuantMin
Which bank minimises total deposits?,F_QuantMin
Which lender reports the floor total deposits?,F_QuantMin
Name the lender with the smallest earnings per share.,F_QuantMin
Identify the bank with the lowest earnings per share.,F_QuantMin
Which bank operates the minimum number of digital products?,F_QuantMin
Identify the bank with the lowest total deposits.,F_QuantMin
Which bank minimises net profit?,F_QuantMin
Which bank minimises earnings per share?,F_QuantMin
Which bank minimises CET1 ratio?,F_QuantMin
Name the lender with the smallest return on equity.,F_QuantMin
Identify the bank with the lowest capital adequacy ratio.,F_QuantMin
Which bank minimises return on assets?,F_QuantMin
Point me to the institution lagging on net interest margin.,F_QuantMin
Which bank minimises provision coverage ratio?,F_QuantMin
Who runs the fewest overseas offices?,F_QuantMin
Which bank operates the minimum number of credit rating agencies covering it?,F_QuantMin
Which lender reports the floor slippage ratio?,F_QuantMin
Which bank minimises total advances?,F_QuantMin
Name the lender with the smallest net NPA ratio.,F_QuantMin
Name the lender with the smallest book value per share.,F_QuantMin
Which bank minimises credit-deposit ratio?,F_QuantMin
Which lender reports the floor earnings per share?,F_QuantMin
Point me to the institution lagging on total advances.,F_QuantMin
Which lender reports the floor operating profit?,F_QuantMin
Which lender reports the floor net NPA ratio?,F_QuantMin
Which bank minimises book value per share?,F_QuantMin
Name the lender with the smallest cost-to-income ratio.,F_QuantMin
What is CSB Bank's earnings per share?,F_Simple
Who is the registered head office of UCO Bank?,F_Simple
Describe Bandhan Bank's exposure to treasury operations.,F_Simple
What return on equity did City Union Bank report?,F_Simple
Who is the ticker symbol of Indian Bank?,F_Simple
What is the auditor of Punjab & Sind Bank?,F_Simple
When was Jana Small Finance Bank incorporated?,F_Simple
What is the auditor of Utkarsh Small Finance Bank?,F_Simple
Who is the ticker symbol of Union Bank of India?,F_Simple
What is the ticker symbol of RBL Bank?,F_Simple
What is the registered head office of Indian Bank?,F_Simple
When was Tamilnad Mercantile Bank incorporated?,F_Simple
What is the chairperson of AU Small Finance Bank?,F_Simple
Tell me about Bank of India's treasury operations position.,F_Simple
Describe Central Bank of India's exposure to interest-rate risk.,F_Simple
What return on equity did Punjab National Bank report?,F_Simple
What is the registered head office of Punjab National Bank?,F_Simple
What is Indian Bank's net NPA ratio?,F_Simple
When was DCB Bank incorporated?,F_Simple
Tell me about Equitas Small Finance Bank's corporate lending position.,F_Simple
When was Karnataka Bank incorporated?,F_Simple
Tell me about Karnataka Bank's microfinance position.,F_Simple
When was Punjab National Bank incorporated?,F_Simple
What is the ticker symbol of CSB Bank?,F_Simple
Describe Axis Bank's exposure to regulatory risk.,F_Simple
What net profit did Tamilnad Mercantile Bank report?,F_Simple
Who is the legal name of State Bank of India?,F_Simple
What return on assets did IDFC FIRST Bank report?,F_Simple
What is RBL Bank's slippage ratio?,F_Simple
What is IndusInd Bank's total advances?,F_Simple
What is the managing director of IDFC FIRST Bank?,F_Simple
When was Union Bank of India incorporated?,F_Simple
What is the auditor of UCO Bank?,F_Simple
What net NPA ratio did Dhanlaxmi Bank report?,F_Simple
When was ICICI Bank incorporated?,F_Simple
What book value per share did Bank of India report?,F_Simple
Who is the ticker symbol of IndusInd Bank?,F_Simple
Tell me about ICICI Bank's microfinance position.,F_Simple
What CASA ratio did ICICI Bank report?,F_Simple
What earnings per share did Bandhan Bank report?,F_Simple
Who is the managing director of Karnataka Bank?,F_Simple
What book value per share did Canara Bank report?,F_Simple
Who is the listing exchange of Suryoday Small Finance Bank?,F_Simple
Describe Yes Bank's exposure to cyber security risk.,F_Simple
When was Bank of Baroda incorporated?,F_Simple
Who is the managing director of Utkarsh Small Finance Bank?,F_Simple
What return on equity did Karur Vysya Bank report?,F_Simple
When was Equitas Small Finance Bank incorporated?,F_Simple
Who is the legal name of DCB Bank?,F_Simple
What provision coverage ratio did City Union Bank report?,F_Simple
What operating profit did Bandhan Bank report?,F_Simple
Who is the legal name of Indian Overseas Bank?,F_Simple
What is the managing director of DCB Bank?,F_Simple
When was ESAF Small Finance Bank incorporated?,F_Simple
What is RBL Bank's net profit?,F_Simple
What is Central Bank of India's CASA ratio?,F_Simple
What is Dhanlaxmi Bank's net NPA ratio?,F_Simple
When was Jammu & Kashmir Bank incorporated?,F_Simple
What is AU Small Finance Bank's total advances?,F_Simple
Who is the date of incorporation of Bandhan Bank?,F_Simple
What is IndusInd Bank's net NPA ratio?,F_Simple
What total deposits did AU Small Finance Bank report?,F_Simple
What is Bank of India's CASA ratio?,F_Simple
What is the listing exchange of Canara Bank?,F_Simple
Describe Indian Bank's exposure to regulatory risk.,F_Simple
Who is the listing exchange of HDFC Bank?,F_Simple
What is the managing director of Bank of Maharashtra?,F_Simple
When was IndusInd Bank incorporated?,F_Simple
What is the date of incorporation of RBL Bank?,F_Simple
What provision coverage ratio did Suryoday Small Finance Bank report?,F_Simple
Describe Dhanlaxmi Bank's exposure to cyber security risk.,F_Simple
What total deposits did Kotak Mahindra Bank report?,F_Simple
Who is the auditor of ICICI Bank?,F_Simple
Tell me about Federal Bank's corporate lending position.,F_Simple
When was State Bank of India incorporated?,F_Simple
What is the chairperson of Axis Bank?,F_Simple
What is Jammu & Kashmir Bank's capital adequacy ratio?,F_Simple
What is the legal name of Kotak Mahindra Bank?,F_Simple
What is the legal name of Yes Bank?,F_Simple
Tell me about Union Bank of India's treasury operations position.,F_Simple
What return on equity did Bank of India report?,F_Simple
What total advances did Dhanlaxmi Bank report?,F_Simple
Who is the listing exchange of Punjab National Bank?,F_Simple
What is the ticker symbol of Karur Vysya Bank?,F_Simple
Describe DCB Bank's exposure to interest-rate risk.,F_Simple
What is the legal name of Axis Bank?,F_Simple
When was Bank of India incorporated?,F_Simple
Tell me about IDFC FIRST Bank's corporate lending position.,F_Simple
What is Utkarsh Small Finance Bank's net NPA ratio?,F_Simple
What gross NPA ratio did Equitas Small Finance Bank report?,F_Simple
Who is the managing director of Tamilnad Mercantile Bank?,F_Simple
What is the date of incorporation of Utkarsh Small Finance Bank?,F_Simple
Describe RBL Bank's exposure to regulatory risk.,F_Simple
Tell me about Ujjivan Small Finance Bank's regulatory risk position.,F_Simple
What is the date of incorporation of CSB Bank?,F_Simple
Tell me about Karnataka Bank's treasury operations position.,F_Simple
What is ICICI Bank's credit-deposit ratio?,F_Simple
Tell me about Karur Vysya Bank's microfinance position.,F_Simple
What is Suryoday Small Finance Bank's cost-to-income ratio?,F_Simple
What is the chairperson of IDFC FIRST Bank?,F_Simple
Describe Tamilnad Mercantile Bank's exposure to microfinance.,F_Simple
Tell me about Punjab & Sind Bank's credit risk position.,F_Simple
Describe Union Bank of India's exposure to corporate lending.,F_Simple
What is Canara Bank's total advances?,F_Simple
When was Suryoday Small Finance Bank incorporated?,F_Simple
What is AU Small Finance Bank's CASA ratio?,F_Simple
When was Bandhan Bank incorporated?,F_Simple
What is Jammu & Kashmir Bank's gross NPA ratio?,F_Simple
Tell me about Jammu & Kashmir Bank's treasury operations position.,F_Simple
When was AU Small Finance Bank incorporated?,F_Simple
Who is the listing exchange of Yes Bank?,F_Simple
What capital adequacy ratio did Kotak Mahindra Bank report?,F_Simple
What is the listing exchange of RBL Bank?,F_Simple
What is Bandhan Bank's total deposits?,F_Simple
Who is the listing exchange of Jammu & Kashmir Bank?,F_Simple
Describe HDFC Bank's exposure to treasury operations.,F_Simple
What is the listing exchange of Bank of Baroda?,F_Simple
When was Indian Overseas Bank incorporated?,F_Simple
What is the legal name of AU Small Finance Bank?,F_Simple
What earnings per share did Karur Vysya Bank report?,F_Simple
Tell me about IndusInd Bank's credit risk position.,F_Simple
Describe Dhanlaxmi Bank's exposure to credit risk.,F_Simple
Who is the auditor of South Indian Bank?,F_Simple
Describe Yes Bank's exposure to interest-rate risk.,F_Simple
Tell me about Canara Bank's regulatory risk position.,F_Simple
What net profit did Equitas Small Finance Bank report?,F_Simple
What is UCO Bank's return on equity?,F_Simple
What credit-deposit ratio did Jana Small Finance Bank report?,F_Simple
Describe Suryoday Small Finance Bank's exposure to retail lending.,F_Simple
What provision coverage ratio did AU Small Finance Bank report?,F_Simple
Who is the registered head office of RBL Bank?,F_Simple
When was South Indian Bank incorporated?,F_Simple
What is AU Small Finance Bank's return on assets?,F_Simple
What total deposits did Union Bank of India report?,F_Simple
Describe Suryoday Small Finance Bank's exposure to corporate lending.,F_Simple
Who is the ticker symbol of Bank of India?,F_Simple
Tell me about AU Small Finance Bank's regulatory risk position.,F_Simple
What is the listing exchange of Bank of India?,F_Simple
Who is the listing exchange of City Union Bank?,F_Simple
What is the managing director of HDFC Bank?,F_Simple
Who is the date of incorporation of Central Bank of India?,F_Simple
What CASA ratio did Suryoday Small Finance Bank report?,F_Simple
Who is the registered head office of Punjab National Bank?,F_Simple
What is Jammu & Kashmir Bank's net profit?,F_Simple
What CET1 ratio did AU Small Finance Bank report?,F_Simple
Tell me about IDFC FIRST Bank's retail lending position.,F_Simple
Who is the registered head office of South Indian Bank?,F_Simple
What is the legal name of Jana Small Finance Bank?,F_Simple
Describe Union Bank of India's exposure to retail lending.,F_Simple
What is Axis Bank's provision coverage ratio?,F_Simple
Tell me about Bank of Maharashtra's retail lending position.,F_Simple
What operating profit did RBL Bank report?,F_Simple
What is RBL Bank's book value per share?,F_Simple
What provision coverage ratio did Equitas Small Finance Bank report?,F_Simple
What return on equity did Ujjivan Small Finance Bank report?,F_Simple
What is Bandhan Bank's provision coverage ratio?,F_Simple
Who is the managing director of Equitas Small Finance Bank?,F_Simple
Who is the listing exchange of Federal Bank?,F_Simple
What CASA ratio did Equitas Small Finance Bank report?,F_Simple
When was HDFC Bank incorporated?,F_Simple
What is the registered head office of Canara Bank?,F_Simple
What is Axis Bank's return on assets?,F_Simple
What is the chairperson of Jana Small Finance Bank?,F_Simple
What is the listing exchange of Indian Overseas Bank?,F_Simple
What is the listing exchange of ICICI Bank?,F_Simple
When was Ujjivan Small Finance Bank incorporated?,F_Simple
Who is the legal name of Kotak Mahindra Bank?,F_Simple
Describe Karur Vysya Bank's exposure to regulatory risk.,F_Simple
What is the registered head office of Karnataka Bank?,F_Simple
What is the date of incorporation of ESAF Small Finance Bank?,F_Simple
Who is the auditor of Axis Bank?,F_Simple
Describe Jana Small Finance Bank's exposure to cyber security risk.,F_Simple
Tell me about Jana Small Finance Bank's credit risk position.,F_Simple
Describe Suryoday Small Finance Bank's exposure to microfinance.,F_Simple
What is the legal name of Utkarsh Small Finance Bank?,F_Simple
When was Punjab & Sind Bank incorporated?,F_Simple
Who is the legal name of IndusInd Bank?,F_Simple
Who is the listing exchange of IDFC FIRST Bank?,F_Simple
When was City Union Bank incorporated?,F_Simple
What is South Indian Bank's earnings per share?,F_Simple
Tell me about Central Bank of India's microfinance position.,F_Simple
Describe HDFC Bank's exposure to retail lending.,F_Simple
What is the legal name of Karnataka Bank?,F_Simple
What total deposits did Punjab & Sind Bank report?,F_Simple
Tell me about Karur Vysya Bank's corporate lending position.,F_Simple
Tell me about Tamilnad Mercantile Bank's treasury operations position.,F_Simple
When was Karur Vysya Bank incorporated?,F_Simple
Who is the auditor of RBL Bank?,F_Simple
Describe City Union Bank's exposure to treasury operations.,F_Simple
What is the listing exchange of Tamilnad Mercantile Bank?,F_Simple
What is the managing director of Axis Bank?,F_Simple
Tell me about Kotak Mahindra Bank's corporate lending position.,F_Simple
Who is the auditor of Suryoday Small Finance Bank?,F_Simple
Who is the chairperson of Kotak Mahindra Bank?,F_Simple
Describe Canara Bank's exposure to regulatory risk.,F_Simple
Tell me about IndusInd Bank's corporate lending position.,F_Simple
What is the listing exchange of CSB Bank?,F_Simple
What is the listing exchange of Bank of Maharashtra?,F_Simple
Tell me about Dhanlaxmi Bank's cyber security risk position.,F_Simple
Who is the legal name of Union Bank of India?,F_Simple
"Considering every Small Finance Banks institution, which ranks first on provision coverage ratio?",F_GlobalRank
Which Private Sector Banks bank leads on total advances?,F_GlobalRank
Which Small Finance Banks entity reports the weakest operating profit?,F_GlobalRank
"Considering every Private Sector Banks institution, which ranks first on net interest margin?",F_GlobalRank
"Considering every Public Sector Banks institution, which ranks first on net profit?",F_GlobalRank
"Among every bank in the dataset, who has the lowest capital adequacy ratio?",F_GlobalRank
"Economy-wide, which bank reports the strongest net NPA ratio?",F_GlobalRank
Which Public Sector Banks entity reports the weakest earnings per share?,F_GlobalRank
"Among every bank in the dataset, who has the lowest slippage ratio?",F_GlobalRank
"Out of all 39 listed banks, which has the best provision coverage ratio?",F_GlobalRank
"Out of all 39 listed banks, which has the best return on equity?",F_GlobalRank
"Of all the lenders covered, which posts the strongest net profit?",F_GlobalRank
"Of all the lenders covered, which posts the strongest total advances?",F_GlobalRank
Which Small Finance Banks entity reports the weakest total advances?,F_GlobalRank
Which Small Finance Banks entity reports the weakest earnings per share?,F_GlobalRank
"Considering every Private Sector Banks institution, which ranks first on provision coverage ratio?",F_GlobalRank
"Of all the lenders covered, which posts the strongest total deposits?",F_GlobalRank
"Considering every Private Sector Banks institution, which ranks first on return on assets?",F_GlobalRank
"Out of all 39 listed banks, which has the best slippage ratio?",F_GlobalRank
Which Private Sector Banks entity reports the weakest CET1 ratio?,F_GlobalRank
"Economy-wide, which bank reports the strongest total deposits?",F_GlobalRank
Which Public Sector Banks entity reports the weakest net NPA ratio?,F_GlobalRank
"Of all the lenders covered, which posts the strongest CET1 ratio?",F_GlobalRank
Which Small Finance Banks bank leads on slippage ratio?,F_GlobalRank
"Out of all 39 listed banks, which has the best credit-deposit ratio?",F_GlobalRank
"Across all listed Indian banks, which reports the highest credit-deposit ratio?",F_GlobalRank
"Of all the lenders covered, which posts the strongest operating profit?",F_GlobalRank
Which Public Sector Banks entity reports the weakest cost-to-income ratio?,F_GlobalRank
Which Public Sector Banks entity reports the weakest net profit?,F_GlobalRank
Which Public Sector Banks entity reports the weakest net interest margin?,F_GlobalRank
"Among every bank in the dataset, who has the lowest credit-deposit ratio?",F_GlobalRank
"Out of all 39 listed banks, which has the best net interest margin?",F_GlobalRank
"Considering every Public Sector Banks institution, which ranks first on gross NPA ratio?",F_GlobalRank
"Economy-wide, which bank reports the strongest net profit?",F_GlobalRank
Which Public Sector Banks bank leads on return on assets?,F_GlobalRank
"Among every bank in the dataset, who has the lowest operating profit?",F_GlobalRank
Which Small Finance Banks entity reports the weakest book value per share?,F_GlobalRank
"Among every bank in the dataset, who has the lowest cost-to-income ratio?",F_GlobalRank
Which Private Sector Banks bank leads on net profit?,F_GlobalRank
Which Private Sector Banks entity reports the weakest credit-deposit ratio?,F_GlobalRank
Which Private Sector Banks bank leads on CASA ratio?,F_GlobalRank
"Considering every Public Sector Banks institution, which ranks first on return on equity?",F_GlobalRank
"Across all listed Indian banks, which reports the highest slippage ratio?",F_GlobalRank
"Among every bank in the dataset, who has the lowest net NPA ratio?",F_GlobalRank
"Out of all 39 listed banks, which has the best capital adequacy ratio?",F_GlobalRank
"Across all listed Indian banks, which reports the highest return on assets?",F_GlobalRank
"Among every bank in the dataset, who has the lowest return on assets?",F_GlobalRank
"Of all the lenders covered, which posts the strongest return on assets?",F_GlobalRank
"Economy-wide, which bank reports the strongest capital adequacy ratio?",F_GlobalRank
"Of all the lenders covered, which posts the strongest return on equity?",F_GlobalRank
Which Public Sector Banks bank leads on credit-deposit ratio?,F_GlobalRank
"Among every bank in the dataset, who has the lowest CET1 ratio?",F_GlobalRank
Which Private Sector Banks bank leads on total deposits?,F_GlobalRank
Which Public Sector Banks entity reports the weakest capital adequacy ratio?,F_GlobalRank
Which Private Sector Banks bank leads on gross NPA ratio?,F_GlobalRank
"Across all listed Indian banks, which reports the highest CET1 ratio?",F_GlobalRank
Which Public Sector Banks bank leads on slippage ratio?,F_GlobalRank
"Economy-wide, which bank reports the strongest CET1 ratio?",F_GlobalRank
"Of all the lenders covered, which posts the strongest provision coverage ratio?",F_GlobalRank
"Considering every Public Sector Banks institution, which ranks first on earnings per share?",F_GlobalRank
"Across all listed Indian banks, which reports the highest book value per share?",F_GlobalRank
"Economy-wide, which bank reports the strongest cost-to-income ratio?",F_GlobalRank
"Economy-wide, which bank reports the strongest operating profit?",F_GlobalRank
"Economy-wide, which bank reports the strongest credit-deposit ratio?",F_GlobalRank
"Considering every Private Sector Banks institution, which ranks first on slippage ratio?",F_GlobalRank
Which Small Finance Banks entity reports the weakest return on equity?,F_GlobalRank
Which Private Sector Banks entity reports the weakest net profit?,F_GlobalRank
Which Small Finance Banks entity reports the weakest return on assets?,F_GlobalRank
Which Small Finance Banks entity reports the weakest provision coverage ratio?,F_GlobalRank
Which Private Sector Banks entity reports the weakest total deposits?,F_GlobalRank
"Of all the lenders covered, which posts the strongest slippage ratio?",F_GlobalRank
Which Small Finance Banks bank leads on CASA ratio?,F_GlobalRank
Which Small Finance Banks entity reports the weakest CASA ratio?,F_GlobalRank
"Considering every Public Sector Banks institution, which ranks first on CET1 ratio?",F_GlobalRank
"Considering every Private Sector Banks institution, which ranks first on return on equity?",F_GlobalRank
"Of all the lenders covered, which posts the strongest net NPA ratio?",F_GlobalRank
"Among every bank in the dataset, who has the lowest return on equity?",F_GlobalRank
"Out of all 39 listed banks, which has the best CET1 ratio?",F_GlobalRank
"Out of all 39 listed banks, which has the best net profit?",F_GlobalRank
"Out of all 39 listed banks, which has the best cost-to-income ratio?",F_GlobalRank
"Economy-wide, which bank reports the strongest slippage ratio?",F_GlobalRank
"Out of all 39 listed banks, which has the best total advances?",F_GlobalRank
"Of all the lenders covered, which posts the strongest net interest margin?",F_GlobalRank
Which Public Sector Banks entity reports the weakest total deposits?,F_GlobalRank
Which Public Sector Banks bank leads on return on equity?,F_GlobalRank
Which Small Finance Banks bank leads on operating profit?,F_GlobalRank
Which Private Sector Banks bank leads on net interest margin?,F_GlobalRank
"Economy-wide, which bank reports the strongest CASA ratio?",F_GlobalRank
"Across all listed Indian banks, which reports the highest net NPA ratio?",F_GlobalRank
"Economy-wide, which bank reports the strongest net interest margin?",F_GlobalRank
"Out of all 39 listed banks, which has the best total deposits?",F_GlobalRank
"Considering every Private Sector Banks institution, which ranks first on earnings per share?",F_GlobalRank
"Considering every Small Finance Banks institution, which ranks first on total advances?",F_GlobalRank
"Among every bank in the dataset, who has the lowest total advances?",F_GlobalRank
Which Private Sector Banks bank leads on return on equity?,F_GlobalRank
"Considering every Small Finance Banks institution, which ranks first on total deposits?",F_GlobalRank
"Of all the lenders covered, which posts the strongest gross NPA ratio?",F_GlobalRank
"Considering every Private Sector Banks institution, which ranks first on book value per share?",F_GlobalRank
"Among every bank in the dataset, who has the lowest gross NPA ratio?",F_GlobalRank
"Among every bank in the dataset, who has the lowest book value per share?",F_GlobalRank
"Out of all 39 listed banks, which has the best book value per share?",F_GlobalRank
Which Private Sector Banks entity reports the weakest provision coverage ratio?,F_GlobalRank
Which Private Sector Banks entity reports the weakest slippage ratio?,F_GlobalRank
"Among every bank in the dataset, who has the lowest total deposits?",F_GlobalRank
"Considering every Private Sector Banks institution, which ranks first on total deposits?",F_GlobalRank
Which Small Finance Banks bank leads on credit-deposit ratio?,F_GlobalRank
"Economy-wide, which bank reports the strongest return on assets?",F_GlobalRank
"Across all listed Indian banks, which reports the highest return on equity?",F_GlobalRank
Which Small Finance Banks entity reports the weakest net interest margin?,F_GlobalRank
"Considering every Private Sector Banks institution, which ranks first on cost-to-income ratio?",F_GlobalRank
"Across all listed Indian banks, which reports the highest CASA ratio?",F_GlobalRank
Which Public Sector Banks entity reports the weakest CASA ratio?,F_GlobalRank
"Across all listed Indian banks, which reports the highest net profit?",F_GlobalRank
Which Small Finance Banks bank leads on capital adequacy ratio?,F_GlobalRank
"Economy-wide, which bank reports the strongest return on equity?",F_GlobalRank
"Out of all 39 listed banks, which has the best operating profit?",F_GlobalRank
Which Public Sector Banks bank leads on earnings per share?,F_GlobalRank
"Considering every Public Sector Banks institution, which ranks first on total advances?",F_GlobalRank
"Out of all 39 listed banks, which has the best gross NPA ratio?",F_GlobalRank
"Out of all 39 listed banks, which has the best earnings per share?",F_GlobalRank
"Across all listed Indian banks, which reports the highest net interest margin?",F_GlobalRank
Which Public Sector Banks bank leads on capital adequacy ratio?,F_GlobalRank
Which Private Sector Banks entity reports the weakest operating profit?,F_GlobalRank
"Economy-wide, which bank reports the strongest earnings per share?",F_GlobalRank
"Of all the lenders covered, which posts the strongest CASA ratio?",F_GlobalRank
"Among every bank in the dataset, who has the lowest CASA ratio?",F_GlobalRank
Which Small Finance Banks bank leads on book value per share?,F_GlobalRank
Which Private Sector Banks bank leads on capital adequacy ratio?,F_GlobalRank
"Economy-wide, which bank reports the strongest book value per share?",F_GlobalRank
Which Small Finance Banks bank leads on return on equity?,F_GlobalRank
"Considering every Small Finance Banks institution, which ranks first on slippage ratio?",F_GlobalRank
"Among every bank in the dataset, who has the lowest net profit?",F_GlobalRank
Which Public Sector Banks entity reports the weakest slippage ratio?,F_GlobalRank
Which Private Sector Banks entity reports the weakest total advances?,F_GlobalRank
Which Private Sector Banks bank leads on CET1 ratio?,F_GlobalRank
"Across all listed Indian banks, which reports the highest earnings per share?",F_GlobalRank
"Across all listed Indian banks, which reports the highest cost-to-income ratio?",F_GlobalRank
Which Public Sector Banks bank leads on operating profit?,F_GlobalRank
"Considering every Public Sector Banks institution, which ranks first on net interest margin?",F_GlobalRank
Which Private Sector Banks entity reports the weakest capital adequacy ratio?,F_GlobalRank
Which Public Sector Banks entity reports the weakest return on equity?,F_GlobalRank
"Of all the lenders covered, which posts the strongest book value per share?",F_GlobalRank
Which Small Finance Banks entity reports the weakest capital adequacy ratio?,F_GlobalRank
"Considering every Small Finance Banks institution, which ranks first on CASA ratio?",F_GlobalRank
"Considering every Small Finance Banks institution, which ranks first on credit-deposit ratio?",F_GlobalRank
Which Public Sector Banks bank leads on cost-to-income ratio?,F_GlobalRank
Which Small Finance Banks entity reports the weakest net NPA ratio?,F_GlobalRank
Which Private Sector Banks entity reports the weakest book value per share?,F_GlobalRank
"Considering every Public Sector Banks institution, which ranks first on return on assets?",F_GlobalRank
Which Private Sector Banks entity reports the weakest net interest margin?,F_GlobalRank
"Out of all 39 listed banks, which has the best net NPA ratio?",F_GlobalRank
"Of all the lenders covered, which posts the strongest cost-to-income ratio?",F_GlobalRank
Which Small Finance Banks bank leads on gross NPA ratio?,F_GlobalRank
Which Public Sector Banks entity reports the weakest return on assets?,F_GlobalRank
"Across all listed Indian banks, which reports the highest total advances?",F_GlobalRank
Which Private Sector Banks bank leads on operating profit?,F_GlobalRank
Which Private Sector Banks entity reports the weakest cost-to-income ratio?,F_GlobalRank
"Economy-wide, which bank reports the strongest gross NPA ratio?",F_GlobalRank
"Among every bank in the dataset, who has the lowest net interest margin?",F_GlobalRank
Which Small Finance Banks entity reports the weakest gross NPA ratio?,F_GlobalRank
Which Small Finance Banks entity reports the weakest cost-to-income ratio?,F_GlobalRank
Which Public Sector Banks entity reports the weakest book value per share?,F_GlobalRank
Which Public Sector Banks bank leads on provision coverage ratio?,F_GlobalRank
"Of all the lenders covered, which posts the strongest earnings per share?",F_GlobalRank
"Across all listed Indian banks, which reports the highest total deposits?",F_GlobalRank
Which Small Finance Banks bank leads on net interest margin?,F_GlobalRank
"Considering every Small Finance Banks institution, which ranks first on capital adequacy ratio?",F_GlobalRank
Which Small Finance Banks bank leads on return on assets?,F_GlobalRank
"Out of all 39 listed banks, which has the best CASA ratio?",F_GlobalRank
"Considering every Private Sector Banks institution, which ranks first on CASA ratio?",F_GlobalRank
Which Public Sector Banks bank leads on CASA ratio?,F_GlobalRank
Which Private Sector Banks bank leads on cost-to-income ratio?,F_GlobalRank
Which Private Sector Banks entity reports the weakest CASA ratio?,F_GlobalRank
Which Small Finance Banks entity reports the weakest net profit?,F_GlobalRank
"Among every bank in the dataset, who has the lowest earnings per share?",F_GlobalRank
Which Private Sector Banks entity reports the weakest return on equity?,F_GlobalRank
Which Small Finance Banks entity reports the weakest slippage ratio?,F_GlobalRank
"Considering every Public Sector Banks institution, which ranks first on capital adequacy ratio?",F_GlobalRank
"Considering every Private Sector Banks institution, which ranks first on total advances?",F_GlobalRank
"Across all listed Indian banks, which reports the highest gross NPA ratio?",F_GlobalRank
"Among every bank in the dataset, who has the lowest provision coverage ratio?",F_GlobalRank
Which Public Sector Banks entity reports the weakest credit-deposit ratio?,F_GlobalRank
Which Small Finance Banks bank leads on total deposits?,F_GlobalRank
"Considering every Private Sector Banks institution, which ranks first on operating profit?",F_GlobalRank
Which Small Finance Banks bank leads on provision coverage ratio?,F_GlobalRank
Which Private Sector Banks entity reports the weakest gross NPA ratio?,F_GlobalRank
Which Public Sector Banks bank leads on total advances?,F_GlobalRank
"Considering every Private Sector Banks institution, which ranks first on net NPA ratio?",F_GlobalRank
Which Public Sector Banks bank leads on total deposits?,F_GlobalRank
Which Small Finance Banks bank leads on net NPA ratio?,F_GlobalRank
"Economy-wide, which bank reports the strongest total advances?",F_GlobalRank
"Considering every Public Sector Banks institution, which ranks first on net NPA ratio?",F_GlobalRank
"Across all listed Indian banks, which reports the highest capital adequacy ratio?",F_GlobalRank
"Considering every Small Finance Banks institution, which ranks first on return on equity?",F_GlobalRank
"Considering every Small Finance Banks institution, which ranks first on return on assets?",F_GlobalRank
"Of all the lenders covered, which posts the strongest credit-deposit ratio?",F_GlobalRank
"Considering every Small Finance Banks institution, which ranks first on earnings per share?",F_GlobalRank
Which Small Finance Banks entity reports the weakest credit-deposit ratio?,F_GlobalRank
"Across all listed Indian banks, which reports the highest operating profit?",F_GlobalRank
"Of all the lenders covered, which posts the strongest capital adequacy ratio?",F_GlobalRank
Compare Public Sector Banks and Private Sector Banks on average net interest margin.,F_GroupAggregate
Which segment has the highest average operating profit?,F_GroupAggregate
"Collectively, do Private Sector Banks beat Small Finance Banks on net interest margin?",F_GroupAggregate
Which segment has the highest average capital adequacy ratio?,F_GroupAggregate
Which ownership group reports the better mean credit-deposit ratio?,F_GroupAggregate
Is the mean total advances higher for Small Finance Banks or for Private Sector Banks?,F_GroupAggregate
"Collectively, do Small Finance Banks beat Private Sector Banks on gross NPA ratio?",F_GroupAggregate
"Collectively, do Private Sector Banks beat Public Sector Banks on capital adequacy ratio?",F_GroupAggregate
"Taken together, how does Public Sector Banks fare against Small Finance Banks on cost-to-income ratio?",F_GroupAggregate
Which category of banks averages the lowest CASA ratio?,F_GroupAggregate
Compare Small Finance Banks and Private Sector Banks on average book value per share.,F_GroupAggregate
"Collectively, do Small Finance Banks beat Public Sector Banks on earnings per share?",F_GroupAggregate
Which category of banks averages the lowest credit-deposit ratio?,F_GroupAggregate
"Taken together, how does Public Sector Banks fare against Small Finance Banks on CET1 ratio?",F_GroupAggregate
Which ownership group reports the better mean provision coverage ratio?,F_GroupAggregate
Which segment has the highest average earnings per share?,F_GroupAggregate
"Collectively, do Public Sector Banks beat Private Sector Banks on gross NPA ratio?",F_GroupAggregate
Aggregate operating profit by segment -- which leads?,F_GroupAggregate
Is the mean book value per share higher for Public Sector Banks or for Small Finance Banks?,F_GroupAggregate
Compare Small Finance Banks and Public Sector Banks on average return on equity.,F_GroupAggregate
"Taken together, how does Public Sector Banks fare against Private Sector Banks on slippage ratio?",F_GroupAggregate
Aggregate net interest margin by segment -- which leads?,F_GroupAggregate
Which category of banks averages the lowest net interest margin?,F_GroupAggregate
Compare Public Sector Banks and Private Sector Banks on average cost-to-income ratio.,F_GroupAggregate
"Collectively, do Public Sector Banks beat Private Sector Banks on credit-deposit ratio?",F_GroupAggregate
Compare Small Finance Banks and Public Sector Banks on average provision coverage ratio.,F_GroupAggregate
"Collectively, do Private Sector Banks beat Small Finance Banks on book value per share?",F_GroupAggregate
Which category of banks averages the lowest total deposits?,F_GroupAggregate
Compare Small Finance Banks and Public Sector Banks on average cost-to-income ratio.,F_GroupAggregate
"Taken together, how does Private Sector Banks fare against Small Finance Banks on return on assets?",F_GroupAggregate
Which segment has the highest average CASA ratio?,F_GroupAggregate
"Collectively, do Public Sector Banks beat Small Finance Banks on net interest margin?",F_GroupAggregate
"Taken together, how does Private Sector Banks fare against Small Finance Banks on provision coverage ratio?",F_GroupAggregate
Which segment has the highest average cost-to-income ratio?,F_GroupAggregate
Which segment has the highest average credit-deposit ratio?,F_GroupAggregate
"Collectively, do Public Sector Banks beat Small Finance Banks on cost-to-income ratio?",F_GroupAggregate
Compare Private Sector Banks and Public Sector Banks on average net interest margin.,F_GroupAggregate
Which category of banks averages the lowest slippage ratio?,F_GroupAggregate
Which ownership group reports the better mean return on assets?,F_GroupAggregate
"Taken together, how does Private Sector Banks fare against Small Finance Banks on return on equity?",F_GroupAggregate
"Taken together, how does Public Sector Banks fare against Small Finance Banks on net interest margin?",F_GroupAggregate
Aggregate slippage ratio by segment -- which leads?,F_GroupAggregate
Which ownership group reports the better mean CET1 ratio?,F_GroupAggregate
Aggregate return on equity by segment -- which leads?,F_GroupAggregate
"Collectively, do Private Sector Banks beat Public Sector Banks on cost-to-income ratio?",F_GroupAggregate
Which segment has the highest average net interest margin?,F_GroupAggregate
Aggregate net profit by segment -- which leads?,F_GroupAggregate
Compare Public Sector Banks and Small Finance Banks on average earnings per share.,F_GroupAggregate
Which category of banks averages the lowest CET1 ratio?,F_GroupAggregate
"Taken together, how does Small Finance Banks fare against Private Sector Banks on net NPA ratio?",F_GroupAggregate
Compare Private Sector Banks and Public Sector Banks on average total deposits.,F_GroupAggregate
"Collectively, do Public Sector Banks beat Small Finance Banks on total deposits?",F_GroupAggregate
Which segment has the highest average net NPA ratio?,F_GroupAggregate
Which segment has the highest average provision coverage ratio?,F_GroupAggregate
Which ownership group reports the better mean net interest margin?,F_GroupAggregate
Which segment has the highest average gross NPA ratio?,F_GroupAggregate
Is the mean provision coverage ratio higher for Public Sector Banks or for Small Finance Banks?,F_GroupAggregate
Compare Small Finance Banks and Private Sector Banks on average slippage ratio.,F_GroupAggregate
"Collectively, do Public Sector Banks beat Small Finance Banks on CET1 ratio?",F_GroupAggregate
Compare Small Finance Banks and Public Sector Banks on average credit-deposit ratio.,F_GroupAggregate
Which segment has the highest average total deposits?,F_GroupAggregate
"Taken together, how does Public Sector Banks fare against Private Sector Banks on net NPA ratio?",F_GroupAggregate
"Collectively, do Public Sector Banks beat Private Sector Banks on return on equity?",F_GroupAggregate
"Collectively, do Small Finance Banks beat Public Sector Banks on CASA ratio?",F_GroupAggregate
Is the mean net NPA ratio higher for Private Sector Banks or for Public Sector Banks?,F_GroupAggregate
Which category of banks averages the lowest capital adequacy ratio?,F_GroupAggregate
Aggregate total advances by segment -- which leads?,F_GroupAggregate
Compare Small Finance Banks and Private Sector Banks on average gross NPA ratio.,F_GroupAggregate
Aggregate total deposits by segment -- which leads?,F_GroupAggregate
"Collectively, do Public Sector Banks beat Private Sector Banks on slippage ratio?",F_GroupAggregate
Is the mean total deposits higher for Public Sector Banks or for Private Sector Banks?,F_GroupAggregate
"Taken together, how does Public Sector Banks fare against Private Sector Banks on book value per share?",F_GroupAggregate
"Collectively, do Public Sector Banks beat Private Sector Banks on book value per share?",F_GroupAggregate
"Taken together, how does Public Sector Banks fare against Private Sector Banks on total advances?",F_GroupAggregate
Aggregate earnings per share by segment -- which leads?,F_GroupAggregate
Is the mean net interest margin higher for Public Sector Banks or for Small Finance Banks?,F_GroupAggregate
Which ownership group reports the better mean return on equity?,F_GroupAggregate
Which category of banks averages the lowest total advances?,F_GroupAggregate
"Taken together, how does Private Sector Banks fare against Public Sector Banks on gross NPA ratio?",F_GroupAggregate
Compare Public Sector Banks and Small Finance Banks on average CASA ratio.,F_GroupAggregate
Compare Public Sector Banks and Private Sector Banks on average slippage ratio.,F_GroupAggregate
"Taken together, how does Private Sector Banks fare against Public Sector Banks on operating profit?",F_GroupAggregate
"Taken together, how does Private Sector Banks fare against Small Finance Banks on capital adequacy ratio?",F_GroupAggregate
Compare Small Finance Banks and Public Sector Banks on average CASA ratio.,F_GroupAggregate
Compare Small Finance Banks and Private Sector Banks on average return on assets.,F_GroupAggregate
Compare Small Finance Banks and Private Sector Banks on average net interest margin.,F_GroupAggregate
"Taken together, how does Public Sector Banks fare against Small Finance Banks on earnings per share?",F_GroupAggregate
Is the mean CASA ratio higher for Small Finance Banks or for Private Sector Banks?,F_GroupAggregate
"Collectively, do Private Sector Banks beat Public Sector Banks on net NPA ratio?",F_GroupAggregate
"Taken together, how does Private Sector Banks fare against Small Finance Banks on CET1 ratio?",F_GroupAggregate
"Taken together, how does Small Finance Banks fare against Private Sector Banks on total advances?",F_GroupAggregate
Aggregate CASA ratio by segment -- which leads?,F_GroupAggregate
Is the mean return on assets higher for Private Sector Banks or for Public Sector Banks?,F_GroupAggregate
"Collectively, do Small Finance Banks beat Public Sector Banks on net interest margin?",F_GroupAggregate
Which category of banks averages the lowest cost-to-income ratio?,F_GroupAggregate
"Collectively, do Public Sector Banks beat Private Sector Banks on operating profit?",F_GroupAggregate
"Taken together, how does Private Sector Banks fare against Public Sector Banks on return on assets?",F_GroupAggregate
Is the mean net profit higher for Small Finance Banks or for Private Sector Banks?,F_GroupAggregate
Is the mean return on assets higher for Small Finance Banks or for Private Sector Banks?,F_GroupAggregate
Is the mean capital adequacy ratio higher for Private Sector Banks or for Public Sector Banks?,F_GroupAggregate
Which category of banks averages the lowest net profit?,F_GroupAggregate
"Collectively, do Public Sector Banks beat Small Finance Banks on capital adequacy ratio?",F_GroupAggregate
Is the mean slippage ratio higher for Small Finance Banks or for Public Sector Banks?,F_GroupAggregate
Which segment has the highest average net profit?,F_GroupAggregate
Compare Public Sector Banks and Private Sector Banks on average CASA ratio.,F_GroupAggregate
"Collectively, do Private Sector Banks beat Public Sector Banks on CASA ratio?",F_GroupAggregate
Which ownership group reports the better mean total deposits?,F_GroupAggregate
Compare Public Sector Banks and Small Finance Banks on average total deposits.,F_GroupAggregate
"Taken together, how does Private Sector Banks fare against Public Sector Banks on CET1 ratio?",F_GroupAggregate
Is the mean earnings per share higher for Private Sector Banks or for Public Sector Banks?,F_GroupAggregate
Is the mean cost-to-income ratio higher for Public Sector Banks or for Private Sector Banks?,F_GroupAggregate
Is the mean credit-deposit ratio higher for Small Finance Banks or for Private Sector Banks?,F_GroupAggregate
"Collectively, do Private Sector Banks beat Small Finance Banks on provision coverage ratio?",F_GroupAggregate
Which segment has the highest average book value per share?,F_GroupAggregate
Which ownership group reports the better mean net profit?,F_GroupAggregate
"Taken together, how does Private Sector Banks fare against Small Finance Banks on net profit?",F_GroupAggregate
"Taken together, how does Small Finance Banks fare against Public Sector Banks on gross NPA ratio?",F_GroupAggregate
Compare Private Sector Banks and Public Sector Banks on average operating profit.,F_GroupAggregate
"Collectively, do Private Sector Banks beat Small Finance Banks on return on assets?",F_GroupAggregate
Compare Small Finance Banks and Public Sector Banks on average earnings per share.,F_GroupAggregate
"Collectively, do Public Sector Banks beat Private Sector Banks on capital adequacy ratio?",F_GroupAggregate
Which ownership group reports the better mean gross NPA ratio?,F_GroupAggregate
"Collectively, do Private Sector Banks beat Small Finance Banks on credit-deposit ratio?",F_GroupAggregate
"Taken together, how does Private Sector Banks fare against Small Finance Banks on cost-to-income ratio?",F_GroupAggregate
"Taken together, how does Public Sector Banks fare against Small Finance Banks on credit-deposit ratio?",F_GroupAggregate
"Taken together, how does Private Sector Banks fare against Public Sector Banks on credit-deposit ratio?",F_GroupAggregate
Is the mean operating profit higher for Private Sector Banks or for Public Sector Banks?,F_GroupAggregate
Which ownership group reports the better mean total advances?,F_GroupAggregate
"Collectively, do Small Finance Banks beat Public Sector Banks on operating profit?",F_GroupAggregate
"Collectively, do Private Sector Banks beat Small Finance Banks on cost-to-income ratio?",F_GroupAggregate
Which category of banks averages the lowest gross NPA ratio?,F_GroupAggregate
Is the mean earnings per share higher for Small Finance Banks or for Public Sector Banks?,F_GroupAggregate
Aggregate return on assets by segment -- which leads?,F_GroupAggregate
"Taken together, how does Small Finance Banks fare against Private Sector Banks on credit-deposit ratio?",F_GroupAggregate
Is the mean provision coverage ratio higher for Small Finance Banks or for Private Sector Banks?,F_GroupAggregate
Aggregate CET1 ratio by segment -- which leads?,F_GroupAggregate
"Taken together, how does Small Finance Banks fare against Public Sector Banks on cost-to-income ratio?",F_GroupAggregate
"Taken together, how does Private Sector Banks fare against Public Sector Banks on net interest margin?",F_GroupAggregate
Compare Private Sector Banks and Small Finance Banks on average net profit.,F_GroupAggregate
"Collectively, do Private Sector Banks beat Small Finance Banks on CASA ratio?",F_GroupAggregate
"Collectively, do Private Sector Banks beat Public Sector Banks on total deposits?",F_GroupAggregate
Compare Private Sector Banks and Small Finance Banks on average gross NPA ratio.,F_GroupAggregate
Is the mean capital adequacy ratio higher for Public Sector Banks or for Private Sector Banks?,F_GroupAggregate
Is the mean net NPA ratio higher for Public Sector Banks or for Private Sector Banks?,F_GroupAggregate
Compare Small Finance Banks and Private Sector Banks on average provision coverage ratio.,F_GroupAggregate
"Collectively, do Private Sector Banks beat Small Finance Banks on CET1 ratio?",F_GroupAggregate
"Collectively, do Small Finance Banks beat Private Sector Banks on return on equity?",F_GroupAggregate
Is the mean net interest margin higher for Public Sector Banks or for Private Sector Banks?,F_GroupAggregate
Which segment has the highest average total advances?,F_GroupAggregate
Compare Small Finance Banks and Private Sector Banks on average net NPA ratio.,F_GroupAggregate
Compare Small Finance Banks and Private Sector Banks on average credit-deposit ratio.,F_GroupAggregate
"Collectively, do Small Finance Banks beat Public Sector Banks on CET1 ratio?",F_GroupAggregate
Is the mean net interest margin higher for Private Sector Banks or for Small Finance Banks?,F_GroupAggregate
"Taken together, how does Small Finance Banks fare against Private Sector Banks on book value per share?",F_GroupAggregate
Aggregate capital adequacy ratio by segment -- which leads?,F_GroupAggregate
Compare Private Sector Banks and Small Finance Banks on average return on assets.,F_GroupAggregate
"Taken together, how does Small Finance Banks fare against Private Sector Banks on operating profit?",F_GroupAggregate
Is the mean return on assets higher for Private Sector Banks or for Small Finance Banks?,F_GroupAggregate
"Collectively, do Small Finance Banks beat Private Sector Banks on provision coverage ratio?",F_GroupAggregate
Which ownership group reports the better mean earnings per share?,F_GroupAggregate
Aggregate book value per share by segment -- which leads?,F_GroupAggregate
"Taken together, how does Public Sector Banks fare against Small Finance Banks on total advances?",F_GroupAggregate
Compare Public Sector Banks and Small Finance Banks on average slippage ratio.,F_GroupAggregate
Which category of banks averages the lowest net NPA ratio?,F_GroupAggregate
"Collectively, do Small Finance Banks beat Private Sector Banks on total advances?",F_GroupAggregate
"Collectively, do Private Sector Banks beat Public Sector Banks on operating profit?",F_GroupAggregate
"Taken together, how does Private Sector Banks fare against Public Sector Banks on return on equity?",F_GroupAggregate
Which ownership group reports the better mean slippage ratio?,F_GroupAggregate
Aggregate provision coverage ratio by segment -- which leads?,F_GroupAggregate
Aggregate gross NPA ratio by segment -- which leads?,F_GroupAggregate
Which segment has the highest average return on equity?,F_GroupAggregate
Compare Private Sector Banks and Small Finance Banks on average capital adequacy ratio.,F_GroupAggregate
Compare Public Sector Banks and Small Finance Banks on average provision coverage ratio.,F_GroupAggregate
Compare Public Sector Banks and Private Sector Banks on average provision coverage ratio.,F_GroupAggregate
Compare Public Sector Banks and Private Sector Banks on average CET1 ratio.,F_GroupAggregate
Compare Public Sector Banks and Private Sector Banks on average operating profit.,F_GroupAggregate
Is the mean CASA ratio higher for Public Sector Banks or for Private Sector Banks?,F_GroupAggregate
Which ownership group reports the better mean net NPA ratio?,F_GroupAggregate
Compare Small Finance Banks and Public Sector Banks on average book value per share.,F_GroupAggregate
Aggregate credit-deposit ratio by segment -- which leads?,F_GroupAggregate
Is the mean capital adequacy ratio higher for Small Finance Banks or for Private Sector Banks?,F_GroupAggregate
Which ownership group reports the better mean cost-to-income ratio?,F_GroupAggregate
"Collectively, do Small Finance Banks beat Private Sector Banks on slippage ratio?",F_GroupAggregate
Is the mean net NPA ratio higher for Public Sector Banks or for Small Finance Banks?,F_GroupAggregate
Is the mean return on equity higher for Small Finance Banks or for Public Sector Banks?,F_GroupAggregate
"Collectively, do Public Sector Banks beat Small Finance Banks on CASA ratio?",F_GroupAggregate
Compare Public Sector Banks and Private Sector Banks on average total advances.,F_GroupAggregate
Which category of banks averages the lowest operating profit?,F_GroupAggregate
"Taken together, how does Public Sector Banks fare against Small Finance Banks on gross NPA ratio?",F_GroupAggregate
"Taken together, how does Public Sector Banks fare against Small Finance Banks on capital adequacy ratio?",F_GroupAggregate
"Collectively, do Small Finance Banks beat Private Sector Banks on capital adequacy ratio?",F_GroupAggregate
Which category of banks averages the lowest book value per share?,F_GroupAggregate
Which ownership group reports the better mean capital adequacy ratio?,F_GroupAggregate
Compare Private Sector Banks and Public Sector Banks on average gross NPA ratio.,F_GroupAggregate
Is the mean cost-to-income ratio higher for Small Finance Banks or for Private Sector Banks?,F_GroupAggregate
Is the mean total advances higher for Private Sector Banks or for Public Sector Banks?,F_GroupAggregate
"Taken together, how does Small Finance Banks fare against Private Sector Banks on return on equity?",F_GroupAggregate
"Taken together, how does Small Finance Banks fare against Public Sector Banks on provision coverage ratio?",F_GroupAggregate
Is the mean return on assets higher for Small Finance Banks or for Public Sector Banks?,F_GroupAggregate
"Collectively, do Small Finance Banks beat Private Sector Banks on book value per share?",F_GroupAggregate
Is Yes Bank ahead of or behind the average bank in its group on return on assets?,F_CompToGroupAverage
Is Bandhan Bank's net interest margin above or below its peer-group average?,F_CompToGroupAverage
Does Karnataka Bank beat the typical operating profit for banks like it?,F_CompToGroupAverage
Does Indian Overseas Bank beat the typical total deposits for banks like it?,F_CompToGroupAverage
Is IndusInd Bank's gross NPA ratio above or below its peer-group average?,F_CompToGroupAverage
Is ICICI Bank's total advances above or below its peer-group average?,F_CompToGroupAverage
Does DCB Bank beat the typical total deposits for banks like it?,F_CompToGroupAverage
Is City Union Bank ahead of or behind the average bank in its group on net profit?,F_CompToGroupAverage
Is Punjab National Bank ahead of or behind the average bank in its group on provision coverage ratio?,F_CompToGroupAverage
Is ICICI Bank ahead of or behind the average bank in its group on gross NPA ratio?,F_CompToGroupAverage
How does ESAF Small Finance Bank's earnings per share stand against the segment average?,F_CompToGroupAverage
Benchmark Karur Vysya Bank's cost-to-income ratio against its own segment.,F_CompToGroupAverage
Does Central Bank of India beat the typical earnings per share for banks like it?,F_CompToGroupAverage
How far is Jammu & Kashmir Bank's CASA ratio from its peer average?,F_CompToGroupAverage
How far is CSB Bank's net profit from its peer average?,F_CompToGroupAverage
Does Equitas Small Finance Bank beat the typical book value per share for banks like it?,F_CompToGroupAverage
Is DCB Bank ahead of or behind the average bank in its group on return on assets?,F_CompToGroupAverage
How does Federal Bank's CASA ratio stand against the segment average?,F_CompToGroupAverage
Does Indian Overseas Bank beat the typical return on assets for banks like it?,F_CompToGroupAverage
Is Axis Bank ahead of or behind the average bank in its group on book value per share?,F_CompToGroupAverage
Is HDFC Bank ahead of or behind the average bank in its group on total deposits?,F_CompToGroupAverage
How does City Union Bank's total deposits stand against the segment average?,F_CompToGroupAverage
Is Equitas Small Finance Bank ahead of or behind the average bank in its group on total advances?,F_CompToGroupAverage
Is ESAF Small Finance Bank ahead of or behind the average bank in its group on provision coverage ratio?,F_CompToGroupAverage
Is City Union Bank's credit-deposit ratio above or below its peer-group average?,F_CompToGroupAverage
Benchmark DCB Bank's provision coverage ratio against its own segment.,F_CompToGroupAverage
How does Punjab National Bank's total deposits stand against the segment average?,F_CompToGroupAverage
Is UCO Bank's earnings per share above or below its peer-group average?,F_CompToGroupAverage
Is Canara Bank's cost-to-income ratio above or below its peer-group average?,F_CompToGroupAverage
Does Jammu & Kashmir Bank beat the typical provision coverage ratio for banks like it?,F_CompToGroupAverage
Benchmark Utkarsh Small Finance Bank's operating profit against its own segment.,F_CompToGroupAverage
Benchmark AU Small Finance Bank's net profit against its own segment.,F_CompToGroupAverage
Is HDFC Bank's CET1 ratio above or below its peer-group average?,F_CompToGroupAverage
Benchmark AU Small Finance Bank's operating profit against its own segment.,F_CompToGroupAverage
Is Central Bank of India's book value per share above or below its peer-group average?,F_CompToGroupAverage
Is CSB Bank's operating profit above or below its peer-group average?,F_CompToGroupAverage
Is City Union Bank ahead of or behind the average bank in its group on net interest margin?,F_CompToGroupAverage
How far is State Bank of India's cost-to-income ratio from its peer average?,F_CompToGroupAverage
How does Indian Overseas Bank's total deposits stand against the segment average?,F_CompToGroupAverage
How does Suryoday Small Finance Bank's cost-to-income ratio stand against the segment average?,F_CompToGroupAverage
Benchmark IndusInd Bank's CASA ratio against its own segment.,F_CompToGroupAverage
How far is AU Small Finance Bank's provision coverage ratio from its peer average?,F_CompToGroupAverage
Is Bank of Maharashtra's CET1 ratio above or below its peer-group average?,F_CompToGroupAverage
Benchmark Karnataka Bank's earnings per share against its own segment.,F_CompToGroupAverage
Benchmark State Bank of India's net NPA ratio against its own segment.,F_CompToGroupAverage
Benchmark Central Bank of India's CASA ratio against its own segment.,F_CompToGroupAverage
Benchmark Jammu & Kashmir Bank's net NPA ratio against its own segment.,F_CompToGroupAverage
How far is IndusInd Bank's net interest margin from its peer average?,F_CompToGroupAverage
How does DCB Bank's total deposits stand against the segment average?,F_CompToGroupAverage
Is South Indian Bank ahead of or behind the average bank in its group on total advances?,F_CompToGroupAverage
How far is Canara Bank's total deposits from its peer average?,F_CompToGroupAverage
How far is Federal Bank's gross NPA ratio from its peer average?,F_CompToGroupAverage
How far is Canara Bank's return on equity from its peer average?,F_CompToGroupAverage
Is Axis Bank's gross NPA ratio above or below its peer-group average?,F_CompToGroupAverage
How does Ujjivan Small Finance Bank's gross NPA ratio stand against the segment average?,F_CompToGroupAverage
Is Kotak Mahindra Bank ahead of or behind the average bank in its group on credit-deposit ratio?,F_CompToGroupAverage
Does Suryoday Small Finance Bank beat the typical CET1 ratio for banks like it?,F_CompToGroupAverage
Does ICICI Bank beat the typical provision coverage ratio for banks like it?,F_CompToGroupAverage
How far is Indian Bank's credit-deposit ratio from its peer average?,F_CompToGroupAverage
Is ICICI Bank's return on equity above or below its peer-group average?,F_CompToGroupAverage
Is Union Bank of India's net interest margin above or below its peer-group average?,F_CompToGroupAverage
How far is ICICI Bank's total advances from its peer average?,F_CompToGroupAverage
Is AU Small Finance Bank ahead of or behind the average bank in its group on CET1 ratio?,F_CompToGroupAverage
Benchmark State Bank of India's gross NPA ratio against its own segment.,F_CompToGroupAverage
Does Utkarsh Small Finance Bank beat the typical capital adequacy ratio for banks like it?,F_CompToGroupAverage
Is ESAF Small Finance Bank ahead of or behind the average bank in its group on operating profit?,F_CompToGroupAverage
Does Tamilnad Mercantile Bank beat the typical total advances for banks like it?,F_CompToGroupAverage
Is Bank of Maharashtra's total deposits above or below its peer-group average?,F_CompToGroupAverage
How does Yes Bank's return on assets stand against the segment average?,F_CompToGroupAverage
Is Karnataka Bank's return on equity above or below its peer-group average?,F_CompToGroupAverage
Benchmark Utkarsh Small Finance Bank's return on equity against its own segment.,F_CompToGroupAverage
How far is Jana Small Finance Bank's net NPA ratio from its peer average?,F_CompToGroupAverage
Does HDFC Bank beat the typical net profit for banks like it?,F_CompToGroupAverage
How does State Bank of India's provision coverage ratio stand against the segment average?,F_CompToGroupAverage
Benchmark South Indian Bank's earnings per share against its own segment.,F_CompToGroupAverage
Is Dhanlaxmi Bank ahead of or behind the average bank in its group on CET1 ratio?,F_CompToGroupAverage
Does ICICI Bank beat the typical gross NPA ratio for banks like it?,F_CompToGroupAverage
Is Federal Bank's total deposits above or below its peer-group average?,F_CompToGroupAverage
How far is Union Bank of India's capital adequacy ratio from its peer average?,F_CompToGroupAverage
How does RBL Bank's credit-deposit ratio stand against the segment average?,F_CompToGroupAverage
Benchmark IDFC FIRST Bank's total advances against its own segment.,F_CompToGroupAverage
How far is UCO Bank's book value per share from its peer average?,F_CompToGroupAverage
How does Karnataka Bank's CASA ratio stand against the segment average?,F_CompToGroupAverage
How far is ICICI Bank's capital adequacy ratio from its peer average?,F_CompToGroupAverage
Does State Bank of India beat the typical credit-deposit ratio for banks like it?,F_CompToGroupAverage
How far is Federal Bank's capital adequacy ratio from its peer average?,F_CompToGroupAverage
Is Ujjivan Small Finance Bank's CET1 ratio above or below its peer-group average?,F_CompToGroupAverage
How does RBL Bank's capital adequacy ratio stand against the segment average?,F_CompToGroupAverage
Benchmark IDFC FIRST Bank's book value per share against its own segment.,F_CompToGroupAverage
Is Bank of Maharashtra's credit-deposit ratio above or below its peer-group average?,F_CompToGroupAverage
Does City Union Bank beat the typical earnings per share for banks like it?,F_CompToGroupAverage
Does Punjab & Sind Bank beat the typical total deposits for banks like it?,F_CompToGroupAverage
Is Central Bank of India ahead of or behind the average bank in its group on total deposits?,F_CompToGroupAverage
Is Equitas Small Finance Bank ahead of or behind the average bank in its group on net interest margin?,F_CompToGroupAverage
How far is Equitas Small Finance Bank's CASA ratio from its peer average?,F_CompToGroupAverage
Does Federal Bank beat the typical net interest margin for banks like it?,F_CompToGroupAverage
Benchmark CSB Bank's net NPA ratio against its own segment.,F_CompToGroupAverage
Is Bank of India's CASA ratio above or below its peer-group average?,F_CompToGroupAverage
Does Indian Bank beat the typical gross NPA ratio for banks like it?,F_CompToGroupAverage
How far is Utkarsh Small Finance Bank's total advances from its peer average?,F_CompToGroupAverage
Is Suryoday Small Finance Bank ahead of or behind the average bank in its group on slippage ratio?,F_CompToGroupAverage
Is Bank of India ahead of or behind the average bank in its group on credit-deposit ratio?,F_CompToGroupAverage
How does CSB Bank's total deposits stand against the segment average?,F_CompToGroupAverage
Does DCB Bank beat the typical net interest margin for banks like it?,F_CompToGroupAverage
Does Union Bank of India beat the typical return on equity for banks like it?,F_CompToGroupAverage
How far is UCO Bank's cost-to-income ratio from its peer average?,F_CompToGroupAverage
How far is Yes Bank's net interest margin from its peer average?,F_CompToGroupAverage
How far is Indian Bank's total advances from its peer average?,F_CompToGroupAverage
How does Yes Bank's capital adequacy ratio stand against the segment average?,F_CompToGroupAverage
How far is Central Bank of India's return on equity from its peer average?,F_CompToGroupAverage
Is CSB Bank ahead of or behind the average bank in its group on credit-deposit ratio?,F_CompToGroupAverage
How far is Karnataka Bank's capital adequacy ratio from its peer average?,F_CompToGroupAverage
Is ICICI Bank ahead of or behind the average bank in its group on capital adequacy ratio?,F_CompToGroupAverage
Is City Union Bank's capital adequacy ratio above or below its peer-group average?,F_CompToGroupAverage
Does Indian Overseas Bank beat the typical CET1 ratio for banks like it?,F_CompToGroupAverage
Is Karur Vysya Bank ahead of or behind the average bank in its group on return on assets?,F_CompToGroupAverage
Is IDFC FIRST Bank ahead of or behind the average bank in its group on total deposits?,F_CompToGroupAverage
How far is Utkarsh Small Finance Bank's CASA ratio from its peer average?,F_CompToGroupAverage
How does Jammu & Kashmir Bank's operating profit stand against the segment average?,F_CompToGroupAverage
Is Karur Vysya Bank ahead of or behind the average bank in its group on return on equity?,F_CompToGroupAverage
Is Utkarsh Small Finance Bank's cost-to-income ratio above or below its peer-group average?,F_CompToGroupAverage
Benchmark Bank of India's provision coverage ratio against its own segment.,F_CompToGroupAverage
How far is Yes Bank's total advances from its peer average?,F_CompToGroupAverage
How does Karnataka Bank's operating profit stand against the segment average?,F_CompToGroupAverage
Benchmark Canara Bank's operating profit against its own segment.,F_CompToGroupAverage
Does Bank of Maharashtra beat the typical book value per share for banks like it?,F_CompToGroupAverage
Does CSB Bank beat the typical capital adequacy ratio for banks like it?,F_CompToGroupAverage
Is Indian Overseas Bank ahead of or behind the average bank in its group on provision coverage ratio?,F_CompToGroupAverage
Is Indian Bank ahead of or behind the average bank in its group on credit-deposit ratio?,F_CompToGroupAverage
Is Central Bank of India ahead of or behind the average bank in its group on total advances?,F_CompToGroupAverage
Does UCO Bank beat the typical net interest margin for banks like it?,F_CompToGroupAverage
Is Bandhan Bank ahead of or behind the average bank in its group on provision coverage ratio?,F_CompToGroupAverage
How far is Union Bank of India's net interest margin from its peer average?,F_CompToGroupAverage
How does Axis Bank's CET1 ratio stand against the segment average?,F_CompToGroupAverage
Is CSB Bank's credit-deposit ratio above or below its peer-group average?,F_CompToGroupAverage
Is IDFC FIRST Bank's net NPA ratio above or below its peer-group average?,F_CompToGroupAverage
Is Canara Bank's credit-deposit ratio above or below its peer-group average?,F_CompToGroupAverage
Is Jammu & Kashmir Bank's net profit above or below its peer-group average?,F_CompToGroupAverage
How does ICICI Bank's earnings per share stand against the segment average?,F_CompToGroupAverage
Is Punjab National Bank's credit-deposit ratio above or below its peer-group average?,F_CompToGroupAverage
Is DCB Bank ahead of or behind the average bank in its group on cost-to-income ratio?,F_CompToGroupAverage
Is RBL Bank's gross NPA ratio above or below its peer-group average?,F_CompToGroupAverage
How does Bank of Maharashtra's slippage ratio stand against the segment average?,F_CompToGroupAverage
How far is Equitas Small Finance Bank's return on assets from its peer average?,F_CompToGroupAverage
How does Axis Bank's total deposits stand against the segment average?,F_CompToGroupAverage
Benchmark Ujjivan Small Finance Bank's earnings per share against its own segment.,F_CompToGroupAverage
Benchmark Yes Bank's cost-to-income ratio against its own segment.,F_CompToGroupAverage
Does Union Bank of India beat the typical slippage ratio for banks like it?,F_CompToGroupAverage
Does Jana Small Finance Bank beat the typical provision coverage ratio for banks like it?,F_CompToGroupAverage
Is Equitas Small Finance Bank ahead of or behind the average bank in its group on book value per share?,F_CompToGroupAverage
How far is Axis Bank's provision coverage ratio from its peer average?,F_CompToGroupAverage
Is South Indian Bank's operating profit above or below its peer-group average?,F_CompToGroupAverage
Is Bandhan Bank ahead of or behind the average bank in its group on earnings per share?,F_CompToGroupAverage
Is Ujjivan Small Finance Bank's CASA ratio above or below its peer-group average?,F_CompToGroupAverage
Benchmark Bank of Maharashtra's return on equity against its own segment.,F_CompToGroupAverage
Is UCO Bank ahead of or behind the average bank in its group on return on equity?,F_CompToGroupAverage
Is Canara Bank's return on assets above or below its peer-group average?,F_CompToGroupAverage
How far is AU Small Finance Bank's net profit from its peer average?,F_CompToGroupAverage
Does RBL Bank beat the typical capital adequacy ratio for banks like it?,F_CompToGroupAverage
Is Punjab National Bank's gross NPA ratio above or below its peer-group average?,F_CompToGroupAverage
How does Yes Bank's net interest margin stand against the segment average?,F_CompToGroupAverage
Benchmark Bank of India's credit-deposit ratio against its own segment.,F_CompToGroupAverage
How does Suryoday Small Finance Bank's net NPA ratio stand against the segment average?,F_CompToGroupAverage
Is Ujjivan Small Finance Bank's cost-to-income ratio above or below its peer-group average?,F_CompToGroupAverage
Is City Union Bank's total advances above or below its peer-group average?,F_CompToGroupAverage
Benchmark Canara Bank's provision coverage ratio against its own segment.,F_CompToGroupAverage
How far is Indian Bank's CET1 ratio from its peer average?,F_CompToGroupAverage
Is State Bank of India ahead of or behind the average bank in its group on operating profit?,F_CompToGroupAverage
Does Dhanlaxmi Bank beat the typical provision coverage ratio for banks like it?,F_CompToGroupAverage
Is Yes Bank ahead of or behind the average bank in its group on net NPA ratio?,F_CompToGroupAverage
Benchmark DCB Bank's slippage ratio against its own segment.,F_CompToGroupAverage
Benchmark Central Bank of India's credit-deposit ratio against its own segment.,F_CompToGroupAverage
Does UCO Bank beat the typical provision coverage ratio for banks like it?,F_CompToGroupAverage
Does Karnataka Bank beat the typical return on equity for banks like it?,F_CompToGroupAverage
Is Tamilnad Mercantile Bank ahead of or behind the average bank in its group on CET1 ratio?,F_CompToGroupAverage
How does Union Bank of India's CET1 ratio stand against the segment average?,F_CompToGroupAverage
Is State Bank of India's CASA ratio above or below its peer-group average?,F_CompToGroupAverage
Is Central Bank of India ahead of or behind the average bank in its group on return on equity?,F_CompToGroupAverage
Does Yes Bank beat the typical gross NPA ratio for banks like it?,F_CompToGroupAverage
Does Central Bank of India beat the typical cost-to-income ratio for banks like it?,F_CompToGroupAverage
How far is CSB Bank's net interest margin from its peer average?,F_CompToGroupAverage
Does UCO Bank beat the typical return on assets for banks like it?,F_CompToGroupAverage
How far is Jana Small Finance Bank's cost-to-income ratio from its peer average?,F_CompToGroupAverage
How does Canara Bank's gross NPA ratio stand against the segment average?,F_CompToGroupAverage
Benchmark HDFC Bank's return on equity against its own segment.,F_CompToGroupAverage
Does ESAF Small Finance Bank beat the typical total deposits for banks like it?,F_CompToGroupAverage
Is Equitas Small Finance Bank ahead of or behind the average bank in its group on total deposits?,F_CompToGroupAverage
Is Yes Bank's operating profit above or below its peer-group average?,F_CompToGroupAverage
Does Punjab & Sind Bank beat the typical cost-to-income ratio for banks like it?,F_CompToGroupAverage
Is ICICI Bank ahead of or behind the average bank in its group on earnings per share?,F_CompToGroupAverage
How does Punjab & Sind Bank's net profit stand against the segment average?,F_CompToGroupAverage
Is Federal Bank's total advances above or below its peer-group average?,F_CompToGroupAverage
How does UCO Bank's provision coverage ratio stand against the segment average?,F_CompToGroupAverage
How far is Jammu & Kashmir Bank's cost-to-income ratio from its peer average?,F_CompToGroupAverage
Is AU Small Finance Bank's CASA ratio above or below its peer-group average?,F_CompToGroupAverage
How does Kotak Mahindra Bank's book value per share stand against the segment average?,F_CompToGroupAverage
How far is DCB Bank's CET1 ratio from its peer average?,F_CompToGroupAverage
Is Suryoday Small Finance Bank's credit-deposit ratio above or below its peer-group average?,F_CompToGroupAverage
Is Bandhan Bank ahead of or behind the average bank in its group on credit-deposit ratio?,F_CompToGroupAverage
Does Punjab & Sind Bank beat the typical net NPA ratio for banks like it?,F_CompToGroupAverage
